solid OpenSCAD_Model
  facet normal 0 0 -1
    outer loop
      vertex -35.12209951132536 -0.2753232270479202 -22.5
      vertex -35.753738552331924 1.2495883032679558 -22.5
      vertex -35 -0.4745715202988192 -22.5
    endloop
  endfacet
  facet normal 0 0 -1
    outer loop
      vertex -35 -0.4745715202988192 -22.5
      vertex -35.753738552331924 1.2495883032679558 -22.5
      vertex -35 0 -22.5
    endloop
  endfacet
  facet normal 0 0 -1
    outer loop
      vertex -35 0 -22.5
      vertex -27.140576474368572 0.22024567425251007 -22.5
      vertex -26.453955091536045 0.05540246516466141 -22.5
    endloop
  endfacet
  facet normal 0 0 -1
    outer loop
      vertex -35 0 -22.5
      vertex -28.93198051303625 1.318019486963749 -22.5
      vertex -28.39503363519907 0.8594235256314278 -22.5
    endloop
  endfacet
  facet normal 0 0 -1
    outer loop
      vertex -35 0 -22.5
      vertex -28.39503363519907 0.8594235256314278 -22.5
      vertex -27.79295724630356 0.49047064036130905 -22.5
    endloop
  endfacet
  facet normal 0 0 -1
    outer loop
      vertex -35 0 -22.5
      vertex -27.79295724630356 0.49047064036130905 -22.5
      vertex -27.140576474368572 0.22024567425251007 -22.5
    endloop
  endfacet
  facet normal 0 0 -1
    outer loop
      vertex -35 0 -22.5
      vertex -26.453955091536045 0.05540246516466141 -22.5
      vertex -25.75 0 -22.5
    endloop
  endfacet
  facet normal -0.8526401640001203 -0.5224985652935785 -3.3652399227225275e-20
    outer loop
      vertex -35.12209951132536 -0.2753232270479202 -22.5
      vertex -35 -0.4745715202988192 -22.5
      vertex -35 -0.4745715202988192 22.5
    endloop
  endfacet
  facet normal -0.9238795317121768 -0.3826834342943117 -7.473747439661458e-19
    outer loop
      vertex -35.12209951132536 -0.2753232270479202 -22.5
      vertex -35.753738552331924 1.2495883032679558 22.5
      vertex -35.753738552331924 1.2495883032679558 -22.5
    endloop
  endfacet
  facet normal 0.38268343543766925 0.9238795312385826 0
    outer loop
      vertex -27.79295724630356 0.49047064036130905 -22.5
      vertex -27.140576474368572 0.22024567425251007 22.5
      vertex -27.140576474368572 0.22024567425251007 -22.5
    endloop
  endfacet
  facet normal 0.5224985643396549 0.8526401645846854 0
    outer loop
      vertex -28.39503363519907 0.8594235256314278 -22.5
      vertex -27.79295724630356 0.49047064036130905 22.5
      vertex -27.79295724630356 0.49047064036130905 -22.5
    endloop
  endfacet
  facet normal 0.23344536323935725 0.9723699205456967 0
    outer loop
      vertex -26.453955091536045 0.05540246516466141 -22.5
      vertex -27.140576474368572 0.22024567425251007 -22.5
      vertex -26.453955091536045 0.05540246516466141 22.5
    endloop
  endfacet
  facet normal 0.07845909281850008 0.9969173339620984 0
    outer loop
      vertex -26.453955091536045 0.05540246516466141 -22.5
      vertex -25.75 0 22.5
      vertex -25.75 0 -22.5
    endloop
  endfacet
  facet normal 0 0 -1
    outer loop
      vertex -35.753738552331924 1.2495883032679558 -22.5
      vertex -36.13905235379934 2.854535773396492 -22.5
      vertex -30.19459753483534 3.796044908463955 -22.5
    endloop
  endfacet
  facet normal 0 0 -1
    outer loop
      vertex -35 0 -22.5
      vertex -35.753738552331924 1.2495883032679558 -22.5
      vertex -30.02975432574749 3.1094235256314278 -22.5
    endloop
  endfacet
  facet normal 0 0 -1
    outer loop
      vertex -35.753738552331924 1.2495883032679558 -22.5
      vertex -30.19459753483534 3.796044908463955 -22.5
      vertex -30.02975432574749 3.1094235256314278 -22.5
    endloop
  endfacet
  facet normal 0 0 -1
    outer loop
      vertex -36.13905235379934 2.854535773396492 -22.5
      vertex -36.25 4.264259368181229 -22.5
      vertex -30.25 4.5 -22.5
    endloop
  endfacet
  facet normal 0 0 -1
    outer loop
      vertex -36.13905235379934 2.854535773396492 -22.5
      vertex -30.25 4.5 -22.5
      vertex -30.19459753483534 3.796044908463955 -22.5
    endloop
  endfacet
  facet normal 0 0 -1
    outer loop
      vertex -35 0 -22.5
      vertex -29.75952935963869 2.4570427536964417 -22.5
      vertex -29.390576474368572 1.85496636480093 -22.5
    endloop
  endfacet
  facet normal 0 0 -1
    outer loop
      vertex -35 0 -22.5
      vertex -29.390576474368572 1.85496636480093 -22.5
      vertex -28.93198051303625 1.318019486963749 -22.5
    endloop
  endfacet
  facet normal 0 0 -1
    outer loop
      vertex -35 0 -22.5
      vertex -30.02975432574749 3.1094235256314278 -22.5
      vertex -29.75952935963869 2.4570427536964417 -22.5
    endloop
  endfacet
  facet normal -0.9723699197856563 -0.23344536640515343 -7.473747365509961e-19
    outer loop
      vertex -35.753738552331924 1.2495883032679558 -22.5
      vertex -36.13905235379934 2.854535773396492 22.5
      vertex -36.13905235379934 2.854535773396492 -22.5
    endloop
  endfacet
  facet normal -0.9969173341125666 -0.07845909090662022 0
    outer loop
      vertex -36.13905235379934 2.854535773396492 -22.5
      vertex -36.25 4.264259368181229 22.5
      vertex -36.25 4.264259368181229 -22.5
    endloop
  endfacet
  facet normal 0.8526401645846854 0.5224985643396549 0
    outer loop
      vertex -29.75952935963869 2.4570427536964417 -22.5
      vertex -29.390576474368572 1.85496636480093 22.5
      vertex -29.390576474368572 1.85496636480093 -22.5
    endloop
  endfacet
  facet normal 0.9238795312385826 0.38268343543766925 0
    outer loop
      vertex -29.75952935963869 2.4570427536964417 -22.5
      vertex -30.02975432574749 3.1094235256314278 -22.5
      vertex -29.75952935963869 2.4570427536964417 22.5
    endloop
  endfacet
  facet normal 0.6494480514841326 0.760405962906304 0
    outer loop
      vertex -28.39503363519907 0.8594235256314278 -22.5
      vertex -28.93198051303625 1.318019486963749 -22.5
      vertex -28.39503363519907 0.8594235256314278 22.5
    endloop
  endfacet
  facet normal 0.760405962906304 0.6494480514841326 0
    outer loop
      vertex -28.93198051303625 1.318019486963749 -22.5
      vertex -29.390576474368572 1.85496636480093 -22.5
      vertex -28.93198051303625 1.318019486963749 22.5
    endloop
  endfacet
  facet normal 0.9723699205456967 0.23344536323935725 0
    outer loop
      vertex -30.02975432574749 3.1094235256314278 -22.5
      vertex -30.19459753483534 3.796044908463955 -22.5
      vertex -30.02975432574749 3.1094235256314278 22.5
    endloop
  endfacet
  facet normal 0.9969173339620984 0.07845909281850008 0
    outer loop
      vertex -30.19459753483534 3.796044908463955 -22.5
      vertex -30.25 4.5 -22.5
      vertex -30.19459753483534 3.796044908463955 22.5
    endloop
  endfacet
  facet normal -1 0 0
    outer loop
      vertex -36.25 4.264259368181229 -22.5
      vertex -36.25 9.288098270668723 -0.5562305898749054
      vertex -36.25 9.396188256460938 -0.8171828995311843
    endloop
  endfacet
  facet normal -1 0 0
    outer loop
      vertex -36.25 4.264259368181229 -22.5
      vertex -36.25 9.396188256460938 -0.8171828995311843
      vertex -36.25 9.543769410125094 -1.0580134541264516
    endloop
  endfacet
  facet normal -1 0 0
    outer loop
      vertex -36.25 4.264259368181229 -22.5
      vertex -36.25 9.543769410125094 -1.0580134541264516
      vertex -36.25 9.727207793864213 -1.2727922061357857
    endloop
  endfacet
  facet normal -1 0 0
    outer loop
      vertex -36.25 4.264259368181229 -22.5
      vertex -36.25 9.727207793864213 -1.2727922061357857
      vertex -36.25 9.941986545873549 -1.4562305898749055
    endloop
  endfacet
  facet normal -1 0 0
    outer loop
      vertex -36.25 4.264259368181229 -22.5
      vertex -36.25 9.2 0
      vertex -36.25 9.222160986928753 -0.2815820370724156
    endloop
  endfacet
  facet normal -1 0 0
    outer loop
      vertex -36.25 4.264259368181229 -22.5
      vertex -36.25 9.222160986928753 -0.2815820370724156
      vertex -36.25 9.288098270668723 -0.5562305898749054
    endloop
  endfacet
  facet normal 1 0 0
    outer loop
      vertex -30.25 4.5 -22.5
      vertex -30.25 9.396188256460938 -0.8171828995311843
      vertex -30.25 9.288098270668723 -0.5562305898749054
    endloop
  endfacet
  facet normal 1 0 0
    outer loop
      vertex -30.25 4.5 -22.5
      vertex -30.25 9.727207793864213 -1.2727922061357857
      vertex -30.25 9.543769410125094 -1.0580134541264516
    endloop
  endfacet
  facet normal 1 0 0
    outer loop
      vertex -30.25 4.5 -22.5
      vertex -30.25 9.543769410125094 -1.0580134541264516
      vertex -30.25 9.396188256460938 -0.8171828995311843
    endloop
  endfacet
  facet normal 1 0 0
    outer loop
      vertex -30.25 4.5 -22.5
      vertex -30.25 9.288098270668723 -0.5562305898749054
      vertex -30.25 9.222160986928753 -0.2815820370724156
    endloop
  endfacet
  facet normal 1 0 0
    outer loop
      vertex -30.25 4.5 -22.5
      vertex -30.25 9.222160986928753 -0.2815820370724156
      vertex -30.25 4.5 22.5
    endloop
  endfacet
  facet normal -0.8526401640001203 -0.5224985652935785 0
    outer loop
      vertex -35.12209951132536 -0.2753232270479202 -22.5
      vertex -35 -0.4745715202988192 22.5
      vertex -35.12209951132536 -0.2753232270479202 22.5
    endloop
  endfacet
  facet normal -0.9238795317121768 -0.3826834342943117 0
    outer loop
      vertex -35.12209951132536 -0.2753232270479202 -22.5
      vertex -35.12209951132536 -0.2753232270479202 22.5
      vertex -35.753738552331924 1.2495883032679558 22.5
    endloop
  endfacet
  facet normal 0.38268343543766925 0.9238795312385826 0
    outer loop
      vertex -27.79295724630356 0.49047064036130905 -22.5
      vertex -27.79295724630356 0.49047064036130905 22.5
      vertex -27.140576474368572 0.22024567425251007 22.5
    endloop
  endfacet
  facet normal 0.5224985643396549 0.8526401645846854 0
    outer loop
      vertex -28.39503363519907 0.8594235256314278 -22.5
      vertex -28.39503363519907 0.8594235256314278 22.5
      vertex -27.79295724630356 0.49047064036130905 22.5
    endloop
  endfacet
  facet normal 0.07845909281850008 0.9969173339620984 0
    outer loop
      vertex -26.453955091536045 0.05540246516466141 -22.5
      vertex -26.453955091536045 0.05540246516466141 22.5
      vertex -25.75 0 22.5
    endloop
  endfacet
  facet normal 0.23344536323935725 0.9723699205456967 0
    outer loop
      vertex -27.140576474368572 0.22024567425251007 -22.5
      vertex -27.140576474368572 0.22024567425251007 22.5
      vertex -26.453955091536045 0.05540246516466141 22.5
    endloop
  endfacet
  facet normal 0 0 1
    outer loop
      vertex -35.12209951132536 -0.2753232270479202 22.5
      vertex -35 -0.4745715202988192 22.5
      vertex -35 0 22.5
    endloop
  endfacet
  facet normal 0 0 1
    outer loop
      vertex -35.12209951132536 -0.2753232270479202 22.5
      vertex -35 0 22.5
      vertex -35.753738552331924 1.2495883032679558 22.5
    endloop
  endfacet
  facet normal 0 0 1
    outer loop
      vertex -35 0 22.5
      vertex -26.453955091536045 0.05540246516466141 22.5
      vertex -27.140576474368572 0.22024567425251007 22.5
    endloop
  endfacet
  facet normal 0 0 1
    outer loop
      vertex -35 0 22.5
      vertex -28.39503363519907 0.8594235256314278 22.5
      vertex -28.93198051303625 1.318019486963749 22.5
    endloop
  endfacet
  facet normal 0 0 1
    outer loop
      vertex -35 0 22.5
      vertex -27.79295724630356 0.49047064036130905 22.5
      vertex -28.39503363519907 0.8594235256314278 22.5
    endloop
  endfacet
  facet normal 0 0 1
    outer loop
      vertex -35 0 22.5
      vertex -27.140576474368572 0.22024567425251007 22.5
      vertex -27.79295724630356 0.49047064036130905 22.5
    endloop
  endfacet
  facet normal 0 0 1
    outer loop
      vertex -35 0 22.5
      vertex -25.75 0 22.5
      vertex -26.453955091536045 0.05540246516466141 22.5
    endloop
  endfacet
  facet normal -0.9723699197856563 -0.23344536640515343 0
    outer loop
      vertex -35.753738552331924 1.2495883032679558 -22.5
      vertex -35.753738552331924 1.2495883032679558 22.5
      vertex -36.13905235379934 2.854535773396492 22.5
    endloop
  endfacet
  facet normal -0.9969173341125666 -0.07845909090662022 0
    outer loop
      vertex -36.13905235379934 2.854535773396492 -22.5
      vertex -36.13905235379934 2.854535773396492 22.5
      vertex -36.25 4.264259368181229 22.5
    endloop
  endfacet
  facet normal 0.8526401645846854 0.5224985643396549 0
    outer loop
      vertex -29.75952935963869 2.4570427536964417 -22.5
      vertex -29.75952935963869 2.4570427536964417 22.5
      vertex -29.390576474368572 1.85496636480093 22.5
    endloop
  endfacet
  facet normal 0.6494480514841326 0.760405962906304 0
    outer loop
      vertex -28.93198051303625 1.318019486963749 -22.5
      vertex -28.93198051303625 1.318019486963749 22.5
      vertex -28.39503363519907 0.8594235256314278 22.5
    endloop
  endfacet
  facet normal 0.760405962906304 0.6494480514841326 0
    outer loop
      vertex -29.390576474368572 1.85496636480093 -22.5
      vertex -29.390576474368572 1.85496636480093 22.5
      vertex -28.93198051303625 1.318019486963749 22.5
    endloop
  endfacet
  facet normal 0.9238795312385826 0.38268343543766925 0
    outer loop
      vertex -30.02975432574749 3.1094235256314278 -22.5
      vertex -30.02975432574749 3.1094235256314278 22.5
      vertex -29.75952935963869 2.4570427536964417 22.5
    endloop
  endfacet
  facet normal 0.9723699205456967 0.23344536323935725 0
    outer loop
      vertex -30.19459753483534 3.796044908463955 -22.5
      vertex -30.19459753483534 3.796044908463955 22.5
      vertex -30.02975432574749 3.1094235256314278 22.5
    endloop
  endfacet
  facet normal 0.9969173339620984 0.07845909281850008 0
    outer loop
      vertex -30.25 4.5 -22.5
      vertex -30.25 4.5 22.5
      vertex -30.19459753483534 3.796044908463955 22.5
    endloop
  endfacet
  facet normal -1 0 0
    outer loop
      vertex -36.25 4.264259368181229 -22.5
      vertex -36.25 4.264259368181229 22.5
      vertex -36.25 9.2 0
    endloop
  endfacet
  facet normal -1 0 0
    outer loop
      vertex -36.25 4.264259368181229 22.5
      vertex -36.25 9.222160986928753 0.2815820370724156
      vertex -36.25 9.2 0
    endloop
  endfacet
  facet normal -1 0 0
    outer loop
      vertex -36.25 4.264259368181229 22.5
      vertex -36.25 9.288098270668723 0.5562305898749054
      vertex -36.25 9.222160986928753 0.2815820370724156
    endloop
  endfacet
  facet normal -1 0 0
    outer loop
      vertex -36.25 4.264259368181229 22.5
      vertex -36.25 9.396188256460938 0.8171828995311843
      vertex -36.25 9.288098270668723 0.5562305898749054
    endloop
  endfacet
  facet normal -1 0 0
    outer loop
      vertex -36.25 4.264259368181229 22.5
      vertex -36.25 9.543769410125094 1.0580134541264516
      vertex -36.25 9.396188256460938 0.8171828995311843
    endloop
  endfacet
  facet normal -1 0 0
    outer loop
      vertex -36.25 4.264259368181229 22.5
      vertex -36.25 9.727207793864213 1.2727922061357857
      vertex -36.25 9.543769410125094 1.0580134541264516
    endloop
  endfacet
  facet normal -1 0 0
    outer loop
      vertex -36.25 4.264259368181229 22.5
      vertex -36.25 9.941986545873549 1.4562305898749055
      vertex -36.25 9.727207793864213 1.2727922061357857
    endloop
  endfacet
  facet normal 1 0 0
    outer loop
      vertex -30.25 4.5 22.5
      vertex -30.25 9.222160986928753 -0.2815820370724156
      vertex -30.25 9.2 0
    endloop
  endfacet
  facet normal 1 0 0
    outer loop
      vertex -30.25 4.5 22.5
      vertex -30.25 9.2 0
      vertex -30.25 9.222160986928753 0.2815820370724156
    endloop
  endfacet
  facet normal 1 0 0
    outer loop
      vertex -30.25 4.5 22.5
      vertex -30.25 9.222160986928753 0.2815820370724156
      vertex -30.25 9.288098270668723 0.5562305898749054
    endloop
  endfacet
  facet normal 1 0 0
    outer loop
      vertex -30.25 4.5 22.5
      vertex -30.25 9.288098270668723 0.5562305898749054
      vertex -30.25 9.396188256460938 0.8171828995311843
    endloop
  endfacet
  facet normal 1 0 0
    outer loop
      vertex -30.25 4.5 22.5
      vertex -30.25 9.396188256460938 0.8171828995311843
      vertex -30.25 9.543769410125094 1.0580134541264516
    endloop
  endfacet
  facet normal 1 0 0
    outer loop
      vertex -30.25 4.5 22.5
      vertex -30.25 9.543769410125094 1.0580134541264516
      vertex -30.25 9.727207793864213 1.2727922061357857
    endloop
  endfacet
  facet normal 0 0 1
    outer loop
      vertex -35.753738552331924 1.2495883032679558 22.5
      vertex -30.19459753483534 3.796044908463955 22.5
      vertex -36.13905235379934 2.854535773396492 22.5
    endloop
  endfacet
  facet normal 0 0 1
    outer loop
      vertex -35 0 22.5
      vertex -30.02975432574749 3.1094235256314278 22.5
      vertex -35.753738552331924 1.2495883032679558 22.5
    endloop
  endfacet
  facet normal 0 0 1
    outer loop
      vertex -35.753738552331924 1.2495883032679558 22.5
      vertex -30.02975432574749 3.1094235256314278 22.5
      vertex -30.19459753483534 3.796044908463955 22.5
    endloop
  endfacet
  facet normal 0 0 1
    outer loop
      vertex -36.13905235379934 2.854535773396492 22.5
      vertex -30.25 4.5 22.5
      vertex -36.25 4.264259368181229 22.5
    endloop
  endfacet
  facet normal 0 0 1
    outer loop
      vertex -36.13905235379934 2.854535773396492 22.5
      vertex -30.19459753483534 3.796044908463955 22.5
      vertex -30.25 4.5 22.5
    endloop
  endfacet
  facet normal 0 0 1
    outer loop
      vertex -35 0 22.5
      vertex -29.390576474368572 1.85496636480093 22.5
      vertex -29.75952935963869 2.4570427536964417 22.5
    endloop
  endfacet
  facet normal 0 0 1
    outer loop
      vertex -35 0 22.5
      vertex -28.93198051303625 1.318019486963749 22.5
      vertex -29.390576474368572 1.85496636480093 22.5
    endloop
  endfacet
  facet normal 0 0 1
    outer loop
      vertex -35 0 22.5
      vertex -29.75952935963869 2.4570427536964417 22.5
      vertex -30.02975432574749 3.1094235256314278 22.5
    endloop
  endfacet
  facet normal 0 0 -1
    outer loop
      vertex -36.25 4.264259368181229 -22.5
      vertex -36.25 22 -22.5
      vertex -30.25 4.5 -22.5
    endloop
  endfacet
  facet normal 1 0 0
    outer loop
      vertex -30.25 4.5 -22.5
      vertex -30.25 22 -22.5
      vertex -30.25 11.556230589874906 -1.7119017293312764
    endloop
  endfacet
  facet normal -1 0 0
    outer loop
      vertex -36.25 4.264259368181229 -22.5
      vertex -36.25 10.182817100468815 -1.6038117435390622
      vertex -36.25 10.443769410125094 -1.7119017293312764
    endloop
  endfacet
  facet normal -1 0 0
    outer loop
      vertex -36.25 4.264259368181229 -22.5
      vertex -36.25 9.941986545873549 -1.4562305898749055
      vertex -36.25 10.182817100468815 -1.6038117435390622
    endloop
  endfacet
  facet normal -1 0 0
    outer loop
      vertex -36.25 4.264259368181229 -22.5
      vertex -36.25 10.443769410125094 -1.7119017293312764
      vertex -36.25 10.718417962927585 -1.777839013071248
    endloop
  endfacet
  facet normal -1 0 0
    outer loop
      vertex -36.25 4.264259368181229 -22.5
      vertex -36.25 10.718417962927585 -1.777839013071248
      vertex -36.25 11 -1.8
    endloop
  endfacet
  facet normal -1 0 0
    outer loop
      vertex -36.25 4.264259368181229 -22.5
      vertex -36.25 11 -1.8
      vertex -36.25 11.281582037072415 -1.777839013071248
    endloop
  endfacet
  facet normal -1 0 0
    outer loop
      vertex -36.25 4.264259368181229 -22.5
      vertex -36.25 11.281582037072415 -1.777839013071248
      vertex -36.25 11.556230589874906 -1.7119017293312764
    endloop
  endfacet
  facet normal -1 0 0
    outer loop
      vertex -36.25 4.264259368181229 -22.5
      vertex -36.25 11.556230589874906 -1.7119017293312764
      vertex -36.25 11.817182899531185 -1.6038117435390622
    endloop
  endfacet
  facet normal -1 0 0
    outer loop
      vertex -36.25 4.264259368181229 -22.5
      vertex -36.25 11.817182899531185 -1.6038117435390622
      vertex -36.25 12.058013454126451 -1.4562305898749055
    endloop
  endfacet
  facet normal -1 0 0
    outer loop
      vertex -36.25 4.264259368181229 -22.5
      vertex -36.25 12.058013454126451 -1.4562305898749055
      vertex -36.25 12.272792206135787 -1.2727922061357857
    endloop
  endfacet
  facet normal -1 0 0
    outer loop
      vertex -36.25 4.264259368181229 -22.5
      vertex -36.25 12.272792206135787 -1.2727922061357857
      vertex -36.25 12.456230589874906 -1.0580134541264516
    endloop
  endfacet
  facet normal -1 0 0
    outer loop
      vertex -36.25 4.264259368181229 -22.5
      vertex -36.25 12.456230589874906 -1.0580134541264516
      vertex -36.25 12.603811743539062 -0.8171828995311843
    endloop
  endfacet
  facet normal -1 0 0
    outer loop
      vertex -36.25 4.264259368181229 -22.5
      vertex -36.25 12.603811743539062 -0.8171828995311843
      vertex -36.25 12.711901729331277 -0.5562305898749054
    endloop
  endfacet
  facet normal 1 0 0
    outer loop
      vertex -30.25 4.5 -22.5
      vertex -30.25 10.443769410125094 -1.7119017293312764
      vertex -30.25 10.182817100468815 -1.6038117435390622
    endloop
  endfacet
  facet normal 1 0 0
    outer loop
      vertex -30.25 4.5 -22.5
      vertex -30.25 9.941986545873549 -1.4562305898749055
      vertex -30.25 9.727207793864213 -1.2727922061357857
    endloop
  endfacet
  facet normal 1 0 0
    outer loop
      vertex -30.25 4.5 -22.5
      vertex -30.25 10.182817100468815 -1.6038117435390622
      vertex -30.25 9.941986545873549 -1.4562305898749055
    endloop
  endfacet
  facet normal 1 0 0
    outer loop
      vertex -30.25 4.5 -22.5
      vertex -30.25 10.718417962927585 -1.777839013071248
      vertex -30.25 10.443769410125094 -1.7119017293312764
    endloop
  endfacet
  facet normal 1 0 0
    outer loop
      vertex -30.25 4.5 -22.5
      vertex -30.25 11 -1.8
      vertex -30.25 10.718417962927585 -1.777839013071248
    endloop
  endfacet
  facet normal 1 0 0
    outer loop
      vertex -30.25 4.5 -22.5
      vertex -30.25 11.281582037072415 -1.777839013071248
      vertex -30.25 11 -1.8
    endloop
  endfacet
  facet normal 1 0 0
    outer loop
      vertex -30.25 4.5 -22.5
      vertex -30.25 11.556230589874906 -1.7119017293312764
      vertex -30.25 11.281582037072415 -1.777839013071248
    endloop
  endfacet
  facet normal -1 0 0
    outer loop
      vertex -36.25 4.264259368181229 -22.5
      vertex -36.25 12.711901729331277 -0.5562305898749054
      vertex -36.25 22 22.5
    endloop
  endfacet
  facet normal 0 0 -1
    outer loop
      vertex -30.25 4.5 -22.5
      vertex -36.25 22 -22.5
      vertex -30.25 22 -22.5
    endloop
  endfacet
  facet normal -1 0 0
    outer loop
      vertex -36.25 4.264259368181229 -22.5
      vertex -36.25 22 22.5
      vertex -36.25 22 -22.5
    endloop
  endfacet
  facet normal 1 0 0
    outer loop
      vertex -30.25 22 -22.5
      vertex -30.25 11.817182899531185 -1.6038117435390622
      vertex -30.25 11.556230589874906 -1.7119017293312764
    endloop
  endfacet
  facet normal 1 0 0
    outer loop
      vertex -30.25 22 -22.5
      vertex -30.25 12.058013454126451 -1.4562305898749055
      vertex -30.25 11.817182899531185 -1.6038117435390622
    endloop
  endfacet
  facet normal 1 0 0
    outer loop
      vertex -30.25 22 -22.5
      vertex -30.25 12.272792206135787 -1.2727922061357857
      vertex -30.25 12.058013454126451 -1.4562305898749055
    endloop
  endfacet
  facet normal 1 0 0
    outer loop
      vertex -30.25 22 -22.5
      vertex -30.25 12.456230589874906 -1.0580134541264516
      vertex -30.25 12.272792206135787 -1.2727922061357857
    endloop
  endfacet
  facet normal 1 0 0
    outer loop
      vertex -30.25 22 -22.5
      vertex -30.25 12.603811743539062 -0.8171828995311843
      vertex -30.25 12.456230589874906 -1.0580134541264516
    endloop
  endfacet
  facet normal 1 0 0
    outer loop
      vertex -30.25 22 -22.5
      vertex -30.25 12.711901729331277 -0.5562305898749054
      vertex -30.25 12.603811743539062 -0.8171828995311843
    endloop
  endfacet
  facet normal 1 0 0
    outer loop
      vertex -30.25 22 -22.5
      vertex -30.25 12.777839013071247 -0.2815820370724156
      vertex -30.25 12.711901729331277 -0.5562305898749054
    endloop
  endfacet
  facet normal 1 0 0
    outer loop
      vertex -30.25 22 -22.5
      vertex -30.25 12.8 0
      vertex -30.25 12.777839013071247 -0.2815820370724156
    endloop
  endfacet
  facet normal 1 0 0
    outer loop
      vertex -30.25 22 -22.5
      vertex -30.25 12.777839013071247 0.2815820370724156
      vertex -30.25 12.8 0
    endloop
  endfacet
  facet normal 1 0 0
    outer loop
      vertex -30.25 22 -22.5
      vertex -30.25 12.711901729331277 0.5562305898749054
      vertex -30.25 12.777839013071247 0.2815820370724156
    endloop
  endfacet
  facet normal 0 1 0
    outer loop
      vertex -36.25 22 -22.5
      vertex -30.25 22 22.5
      vertex -30.25 22 -22.5
    endloop
  endfacet
  facet normal -1 0 0
    outer loop
      vertex -36.25 4.264259368181229 22.5
      vertex -36.25 10.182817100468815 1.6038117435390622
      vertex -36.25 9.941986545873549 1.4562305898749055
    endloop
  endfacet
  facet normal -1 0 0
    outer loop
      vertex -36.25 4.264259368181229 22.5
      vertex -36.25 10.443769410125094 1.7119017293312764
      vertex -36.25 10.182817100468815 1.6038117435390622
    endloop
  endfacet
  facet normal 1 0 0
    outer loop
      vertex -30.25 4.5 22.5
      vertex -30.25 9.727207793864213 1.2727922061357857
      vertex -30.25 9.941986545873549 1.4562305898749055
    endloop
  endfacet
  facet normal 1 0 0
    outer loop
      vertex -30.25 4.5 22.5
      vertex -30.25 9.941986545873549 1.4562305898749055
      vertex -30.25 10.182817100468815 1.6038117435390622
    endloop
  endfacet
  facet normal 1 0 0
    outer loop
      vertex -30.25 4.5 22.5
      vertex -30.25 10.182817100468815 1.6038117435390622
      vertex -30.25 10.443769410125094 1.7119017293312764
    endloop
  endfacet
  facet normal 1 0 0
    outer loop
      vertex -30.25 4.5 22.5
      vertex -30.25 10.443769410125094 1.7119017293312764
      vertex -30.25 10.718417962927585 1.777839013071248
    endloop
  endfacet
  facet normal 1 0 0
    outer loop
      vertex -30.25 4.5 22.5
      vertex -30.25 10.718417962927585 1.777839013071248
      vertex -30.25 11 1.8
    endloop
  endfacet
  facet normal 1 0 0
    outer loop
      vertex -30.25 4.5 22.5
      vertex -30.25 11 1.8
      vertex -30.25 11.281582037072415 1.777839013071248
    endloop
  endfacet
  facet normal 1 0 0
    outer loop
      vertex -30.25 4.5 22.5
      vertex -30.25 11.281582037072415 1.777839013071248
      vertex -30.25 11.556230589874906 1.7119017293312764
    endloop
  endfacet
  facet normal 1 0 0
    outer loop
      vertex -30.25 4.5 22.5
      vertex -30.25 11.556230589874906 1.7119017293312764
      vertex -30.25 11.817182899531185 1.6038117435390622
    endloop
  endfacet
  facet normal 1 0 0
    outer loop
      vertex -30.25 4.5 22.5
      vertex -30.25 11.817182899531185 1.6038117435390622
      vertex -30.25 12.058013454126451 1.4562305898749055
    endloop
  endfacet
  facet normal 1 0 0
    outer loop
      vertex -30.25 4.5 22.5
      vertex -30.25 12.058013454126451 1.4562305898749055
      vertex -30.25 12.272792206135787 1.2727922061357857
    endloop
  endfacet
  facet normal 1 0 0
    outer loop
      vertex -30.25 4.5 22.5
      vertex -30.25 12.272792206135787 1.2727922061357857
      vertex -30.25 12.456230589874906 1.0580134541264516
    endloop
  endfacet
  facet normal 1 0 0
    outer loop
      vertex -30.25 4.5 22.5
      vertex -30.25 12.456230589874906 1.0580134541264516
      vertex -30.25 12.603811743539062 0.8171828995311843
    endloop
  endfacet
  facet normal 1 0 0
    outer loop
      vertex -30.25 4.5 22.5
      vertex -30.25 12.603811743539062 0.8171828995311843
      vertex -30.25 12.711901729331277 0.5562305898749054
    endloop
  endfacet
  facet normal 1 0 0
    outer loop
      vertex -30.25 4.5 22.5
      vertex -30.25 12.711901729331277 0.5562305898749054
      vertex -30.25 22 -22.5
    endloop
  endfacet
  facet normal -1 0 0
    outer loop
      vertex -36.25 22 22.5
      vertex -36.25 10.718417962927585 1.777839013071248
      vertex -36.25 10.443769410125094 1.7119017293312764
    endloop
  endfacet
  facet normal -1 0 0
    outer loop
      vertex -36.25 22 22.5
      vertex -36.25 11 1.8
      vertex -36.25 10.718417962927585 1.777839013071248
    endloop
  endfacet
  facet normal -1 0 0
    outer loop
      vertex -36.25 22 22.5
      vertex -36.25 11.281582037072415 1.777839013071248
      vertex -36.25 11 1.8
    endloop
  endfacet
  facet normal -1 0 0
    outer loop
      vertex -36.25 22 22.5
      vertex -36.25 11.556230589874906 1.7119017293312764
      vertex -36.25 11.281582037072415 1.777839013071248
    endloop
  endfacet
  facet normal 0 0 1
    outer loop
      vertex -36.25 4.264259368181229 22.5
      vertex -30.25 4.5 22.5
      vertex -36.25 22 22.5
    endloop
  endfacet
  facet normal -1 0 0
    outer loop
      vertex -36.25 4.264259368181229 22.5
      vertex -36.25 22 22.5
      vertex -36.25 10.443769410125094 1.7119017293312764
    endloop
  endfacet
  facet normal -1 0 0
    outer loop
      vertex -36.25 22 22.5
      vertex -36.25 12.711901729331277 -0.5562305898749054
      vertex -36.25 12.777839013071247 -0.2815820370724156
    endloop
  endfacet
  facet normal -1 0 0
    outer loop
      vertex -36.25 22 22.5
      vertex -36.25 12.777839013071247 -0.2815820370724156
      vertex -36.25 12.8 0
    endloop
  endfacet
  facet normal -1 0 0
    outer loop
      vertex -36.25 22 22.5
      vertex -36.25 12.8 0
      vertex -36.25 12.777839013071247 0.2815820370724156
    endloop
  endfacet
  facet normal -1 0 0
    outer loop
      vertex -36.25 22 22.5
      vertex -36.25 12.777839013071247 0.2815820370724156
      vertex -36.25 12.711901729331277 0.5562305898749054
    endloop
  endfacet
  facet normal -1 0 0
    outer loop
      vertex -36.25 22 22.5
      vertex -36.25 12.058013454126451 1.4562305898749055
      vertex -36.25 11.817182899531185 1.6038117435390622
    endloop
  endfacet
  facet normal -1 0 0
    outer loop
      vertex -36.25 22 22.5
      vertex -36.25 11.817182899531185 1.6038117435390622
      vertex -36.25 11.556230589874906 1.7119017293312764
    endloop
  endfacet
  facet normal -1 0 0
    outer loop
      vertex -36.25 22 22.5
      vertex -36.25 12.272792206135787 1.2727922061357857
      vertex -36.25 12.058013454126451 1.4562305898749055
    endloop
  endfacet
  facet normal -1 0 0
    outer loop
      vertex -36.25 22 22.5
      vertex -36.25 12.456230589874906 1.0580134541264516
      vertex -36.25 12.272792206135787 1.2727922061357857
    endloop
  endfacet
  facet normal -1 0 0
    outer loop
      vertex -36.25 22 22.5
      vertex -36.25 12.603811743539062 0.8171828995311843
      vertex -36.25 12.456230589874906 1.0580134541264516
    endloop
  endfacet
  facet normal -1 0 0
    outer loop
      vertex -36.25 22 22.5
      vertex -36.25 12.711901729331277 0.5562305898749054
      vertex -36.25 12.603811743539062 0.8171828995311843
    endloop
  endfacet
  facet normal 1 0 0
    outer loop
      vertex -30.25 4.5 22.5
      vertex -30.25 22 -22.5
      vertex -30.25 22 22.5
    endloop
  endfacet
  facet normal 0 1 0
    outer loop
      vertex -36.25 22 -22.5
      vertex -36.25 22 22.5
      vertex -30.25 22 22.5
    endloop
  endfacet
  facet normal 0 0 1
    outer loop
      vertex -30.25 4.5 22.5
      vertex -30.25 22 22.5
      vertex -36.25 22 22.5
    endloop
  endfacet
  facet normal 0 0 -1
    outer loop
      vertex 25.75 0 -22.5
      vertex 26.453955091536045 0.05540246516466141 -22.5
      vertex 35 0 -22.5
    endloop
  endfacet
  facet normal 0 0 -1
    outer loop
      vertex 26.453955091536045 0.05540246516466141 -22.5
      vertex 27.140576474368572 0.22024567425251007 -22.5
      vertex 35 0 -22.5
    endloop
  endfacet
  facet normal 0 0 -1
    outer loop
      vertex 27.140576474368572 0.22024567425251007 -22.5
      vertex 27.79295724630356 0.49047064036130905 -22.5
      vertex 35 0 -22.5
    endloop
  endfacet
  facet normal 0 0 -1
    outer loop
      vertex 27.79295724630356 0.49047064036130905 -22.5
      vertex 28.39503363519907 0.8594235256314278 -22.5
      vertex 35 0 -22.5
    endloop
  endfacet
  facet normal 0 0 -1
    outer loop
      vertex 28.39503363519907 0.8594235256314278 -22.5
      vertex 28.93198051303625 1.318019486963749 -22.5
      vertex 35 0 -22.5
    endloop
  endfacet
  facet normal 0 0 -1
    outer loop
      vertex 35 -0.4745715202988192 -22.5
      vertex 35 0 -22.5
      vertex 35.12209951132536 -0.2753232270479202 -22.5
    endloop
  endfacet
  facet normal 0 0 -1
    outer loop
      vertex 35 0 -22.5
      vertex 35.753738552331924 1.2495883032679558 -22.5
      vertex 35.12209951132536 -0.2753232270479202 -22.5
    endloop
  endfacet
  facet normal -0.07845909281850008 0.9969173339620984 0
    outer loop
      vertex 25.75 0 -22.5
      vertex 26.453955091536045 0.05540246516466141 22.5
      vertex 26.453955091536045 0.05540246516466141 -22.5
    endloop
  endfacet
  facet normal -0.23344536323935725 0.9723699205456967 0
    outer loop
      vertex 26.453955091536045 0.05540246516466141 -22.5
      vertex 27.140576474368572 0.22024567425251007 22.5
      vertex 27.140576474368572 0.22024567425251007 -22.5
    endloop
  endfacet
  facet normal -0.38268343543766925 0.9238795312385826 0
    outer loop
      vertex 27.140576474368572 0.22024567425251007 -22.5
      vertex 27.79295724630356 0.49047064036130905 22.5
      vertex 27.79295724630356 0.49047064036130905 -22.5
    endloop
  endfacet
  facet normal -0.5224985643396549 0.8526401645846854 0
    outer loop
      vertex 27.79295724630356 0.49047064036130905 -22.5
      vertex 28.39503363519907 0.8594235256314278 22.5
      vertex 28.39503363519907 0.8594235256314278 -22.5
    endloop
  endfacet
  facet normal 0.8526401640001203 -0.5224985652935785 3.3652399227225275e-20
    outer loop
      vertex 35 -0.4745715202988192 -22.5
      vertex 35.12209951132536 -0.2753232270479202 -22.5
      vertex 35.12209951132536 -0.2753232270479202 22.5
    endloop
  endfacet
  facet normal 0.9238795317121768 -0.3826834342943117 0
    outer loop
      vertex 35.12209951132536 -0.2753232270479202 -22.5
      vertex 35.753738552331924 1.2495883032679558 -22.5
      vertex 35.12209951132536 -0.2753232270479202 22.5
    endloop
  endfacet
  facet normal 0 0 -1
    outer loop
      vertex 35 0 -22.5
      vertex 28.93198051303625 1.318019486963749 -22.5
      vertex 29.390576474368572 1.85496636480093 -22.5
    endloop
  endfacet
  facet normal 0 0 -1
    outer loop
      vertex 35 0 -22.5
      vertex 29.390576474368572 1.85496636480093 -22.5
      vertex 29.75952935963869 2.4570427536964417 -22.5
    endloop
  endfacet
  facet normal 0 0 -1
    outer loop
      vertex 35 0 -22.5
      vertex 29.75952935963869 2.4570427536964417 -22.5
      vertex 30.02975432574749 3.1094235256314278 -22.5
    endloop
  endfacet
  facet normal 0 0 -1
    outer loop
      vertex 35 0 -22.5
      vertex 30.02975432574749 3.1094235256314278 -22.5
      vertex 35.753738552331924 1.2495883032679558 -22.5
    endloop
  endfacet
  facet normal 0 0 -1
    outer loop
      vertex 30.02975432574749 3.1094235256314278 -22.5
      vertex 30.19459753483534 3.796044908463955 -22.5
      vertex 35.753738552331924 1.2495883032679558 -22.5
    endloop
  endfacet
  facet normal 0 0 -1
    outer loop
      vertex 30.19459753483534 3.796044908463955 -22.5
      vertex 36.13905235379934 2.854535773396492 -22.5
      vertex 35.753738552331924 1.2495883032679558 -22.5
    endloop
  endfacet
  facet normal 0 0 -1
    outer loop
      vertex 30.19459753483534 3.796044908463955 -22.5
      vertex 30.25 4.5 -22.5
      vertex 36.13905235379934 2.854535773396492 -22.5
    endloop
  endfacet
  facet normal 0 0 -1
    outer loop
      vertex 36.13905235379934 2.854535773396492 -22.5
      vertex 30.25 4.5 -22.5
      vertex 36.25 4.264259368181229 -22.5
    endloop
  endfacet
  facet normal -0.6494480514841326 0.760405962906304 0
    outer loop
      vertex 28.39503363519907 0.8594235256314278 -22.5
      vertex 28.93198051303625 1.318019486963749 22.5
      vertex 28.93198051303625 1.318019486963749 -22.5
    endloop
  endfacet
  facet normal -0.760405962906304 0.6494480514841326 0
    outer loop
      vertex 28.93198051303625 1.318019486963749 -22.5
      vertex 29.390576474368572 1.85496636480093 22.5
      vertex 29.390576474368572 1.85496636480093 -22.5
    endloop
  endfacet
  facet normal -0.8526401645846854 0.5224985643396549 0
    outer loop
      vertex 29.390576474368572 1.85496636480093 -22.5
      vertex 29.75952935963869 2.4570427536964417 22.5
      vertex 29.75952935963869 2.4570427536964417 -22.5
    endloop
  endfacet
  facet normal -0.9238795312385826 0.38268343543766925 0
    outer loop
      vertex 29.75952935963869 2.4570427536964417 -22.5
      vertex 30.02975432574749 3.1094235256314278 22.5
      vertex 30.02975432574749 3.1094235256314278 -22.5
    endloop
  endfacet
  facet normal -0.9723699205456967 0.23344536323935725 0
    outer loop
      vertex 30.02975432574749 3.1094235256314278 -22.5
      vertex 30.19459753483534 3.796044908463955 22.5
      vertex 30.19459753483534 3.796044908463955 -22.5
    endloop
  endfacet
  facet normal -0.9969173339620984 0.07845909281850008 0
    outer loop
      vertex 30.19459753483534 3.796044908463955 -22.5
      vertex 30.25 4.5 22.5
      vertex 30.25 4.5 -22.5
    endloop
  endfacet
  facet normal 0.9723699197856563 -0.23344536640515343 0
    outer loop
      vertex 35.753738552331924 1.2495883032679558 -22.5
      vertex 36.13905235379934 2.854535773396492 -22.5
      vertex 35.753738552331924 1.2495883032679558 22.5
    endloop
  endfacet
  facet normal 0.9969173341125666 -0.07845909090662022 0
    outer loop
      vertex 36.13905235379934 2.854535773396492 -22.5
      vertex 36.25 4.264259368181229 -22.5
      vertex 36.13905235379934 2.854535773396492 22.5
    endloop
  endfacet
  facet normal -1 0 0
    outer loop
      vertex 30.25 4.5 -22.5
      vertex 30.25 9.288098270668723 -0.5562305898749054
      vertex 30.25 9.396188256460938 -0.8171828995311843
    endloop
  endfacet
  facet normal -1 0 0
    outer loop
      vertex 30.25 4.5 -22.5
      vertex 30.25 9.543769410125094 -1.0580134541264516
      vertex 30.25 9.727207793864213 -1.2727922061357857
    endloop
  endfacet
  facet normal -1 0 0
    outer loop
      vertex 30.25 4.5 -22.5
      vertex 30.25 9.396188256460938 -0.8171828995311843
      vertex 30.25 9.543769410125094 -1.0580134541264516
    endloop
  endfacet
  facet normal -1 0 0
    outer loop
      vertex 30.25 4.5 -22.5
      vertex 30.25 9.222160986928753 -0.2815820370724156
      vertex 30.25 9.288098270668723 -0.5562305898749054
    endloop
  endfacet
  facet normal -1 0 0
    outer loop
      vertex 30.25 4.5 -22.5
      vertex 30.25 9.2 0
      vertex 30.25 9.222160986928753 -0.2815820370724156
    endloop
  endfacet
  facet normal 1 0 0
    outer loop
      vertex 36.25 4.264259368181229 -22.5
      vertex 36.25 9.396188256460938 -0.8171828995311843
      vertex 36.25 9.288098270668723 -0.5562305898749054
    endloop
  endfacet
  facet normal 1 0 0
    outer loop
      vertex 36.25 4.264259368181229 -22.5
      vertex 36.25 9.543769410125094 -1.0580134541264516
      vertex 36.25 9.396188256460938 -0.8171828995311843
    endloop
  endfacet
  facet normal 1 0 0
    outer loop
      vertex 36.25 4.264259368181229 -22.5
      vertex 36.25 9.727207793864213 -1.2727922061357857
      vertex 36.25 9.543769410125094 -1.0580134541264516
    endloop
  endfacet
  facet normal 1 0 0
    outer loop
      vertex 36.25 4.264259368181229 -22.5
      vertex 36.25 9.941986545873549 -1.4562305898749055
      vertex 36.25 9.727207793864213 -1.2727922061357857
    endloop
  endfacet
  facet normal 1 0 0
    outer loop
      vertex 36.25 4.264259368181229 -22.5
      vertex 36.25 9.288098270668723 -0.5562305898749054
      vertex 36.25 9.222160986928753 -0.2815820370724156
    endloop
  endfacet
  facet normal 1 0 0
    outer loop
      vertex 36.25 4.264259368181229 -22.5
      vertex 36.25 9.222160986928753 -0.2815820370724156
      vertex 36.25 4.264259368181229 22.5
    endloop
  endfacet
  facet normal -0.07845909281850008 0.9969173339620984 0
    outer loop
      vertex 25.75 0 -22.5
      vertex 25.75 0 22.5
      vertex 26.453955091536045 0.05540246516466141 22.5
    endloop
  endfacet
  facet normal -0.23344536323935725 0.9723699205456967 0
    outer loop
      vertex 26.453955091536045 0.05540246516466141 -22.5
      vertex 26.453955091536045 0.05540246516466141 22.5
      vertex 27.140576474368572 0.22024567425251007 22.5
    endloop
  endfacet
  facet normal -0.38268343543766925 0.9238795312385826 0
    outer loop
      vertex 27.140576474368572 0.22024567425251007 -22.5
      vertex 27.140576474368572 0.22024567425251007 22.5
      vertex 27.79295724630356 0.49047064036130905 22.5
    endloop
  endfacet
  facet normal -0.5224985643396549 0.8526401645846854 0
    outer loop
      vertex 27.79295724630356 0.49047064036130905 -22.5
      vertex 27.79295724630356 0.49047064036130905 22.5
      vertex 28.39503363519907 0.8594235256314278 22.5
    endloop
  endfacet
  facet normal 0.8526401640001203 -0.5224985652935785 0
    outer loop
      vertex 35 -0.4745715202988192 -22.5
      vertex 35.12209951132536 -0.2753232270479202 22.5
      vertex 35 -0.4745715202988192 22.5
    endloop
  endfacet
  facet normal 0.9238795317121768 -0.3826834342943117 0
    outer loop
      vertex 35.753738552331924 1.2495883032679558 -22.5
      vertex 35.753738552331924 1.2495883032679558 22.5
      vertex 35.12209951132536 -0.2753232270479202 22.5
    endloop
  endfacet
  facet normal 0 0 1
    outer loop
      vertex 25.75 0 22.5
      vertex 35 0 22.5
      vertex 26.453955091536045 0.05540246516466141 22.5
    endloop
  endfacet
  facet normal 0 0 1
    outer loop
      vertex 26.453955091536045 0.05540246516466141 22.5
      vertex 35 0 22.5
      vertex 27.140576474368572 0.22024567425251007 22.5
    endloop
  endfacet
  facet normal 0 0 1
    outer loop
      vertex 27.140576474368572 0.22024567425251007 22.5
      vertex 35 0 22.5
      vertex 27.79295724630356 0.49047064036130905 22.5
    endloop
  endfacet
  facet normal 0 0 1
    outer loop
      vertex 27.79295724630356 0.49047064036130905 22.5
      vertex 35 0 22.5
      vertex 28.39503363519907 0.8594235256314278 22.5
    endloop
  endfacet
  facet normal 0 0 1
    outer loop
      vertex 28.39503363519907 0.8594235256314278 22.5
      vertex 35 0 22.5
      vertex 28.93198051303625 1.318019486963749 22.5
    endloop
  endfacet
  facet normal 0 0 1
    outer loop
      vertex 35 -0.4745715202988192 22.5
      vertex 35.12209951132536 -0.2753232270479202 22.5
      vertex 35.753738552331924 1.2495883032679558 22.5
    endloop
  endfacet
  facet normal 0 0 1
    outer loop
      vertex 35 -0.4745715202988192 22.5
      vertex 35.753738552331924 1.2495883032679558 22.5
      vertex 35 0 22.5
    endloop
  endfacet
  facet normal -0.6494480514841326 0.760405962906304 0
    outer loop
      vertex 28.39503363519907 0.8594235256314278 -22.5
      vertex 28.39503363519907 0.8594235256314278 22.5
      vertex 28.93198051303625 1.318019486963749 22.5
    endloop
  endfacet
  facet normal -0.760405962906304 0.6494480514841326 0
    outer loop
      vertex 28.93198051303625 1.318019486963749 -22.5
      vertex 28.93198051303625 1.318019486963749 22.5
      vertex 29.390576474368572 1.85496636480093 22.5
    endloop
  endfacet
  facet normal -0.8526401645846854 0.5224985643396549 0
    outer loop
      vertex 29.390576474368572 1.85496636480093 -22.5
      vertex 29.390576474368572 1.85496636480093 22.5
      vertex 29.75952935963869 2.4570427536964417 22.5
    endloop
  endfacet
  facet normal -0.9238795312385826 0.38268343543766925 0
    outer loop
      vertex 29.75952935963869 2.4570427536964417 -22.5
      vertex 29.75952935963869 2.4570427536964417 22.5
      vertex 30.02975432574749 3.1094235256314278 22.5
    endloop
  endfacet
  facet normal -0.9723699205456967 0.23344536323935725 0
    outer loop
      vertex 30.02975432574749 3.1094235256314278 -22.5
      vertex 30.02975432574749 3.1094235256314278 22.5
      vertex 30.19459753483534 3.796044908463955 22.5
    endloop
  endfacet
  facet normal -0.9969173339620984 0.07845909281850008 0
    outer loop
      vertex 30.19459753483534 3.796044908463955 -22.5
      vertex 30.19459753483534 3.796044908463955 22.5
      vertex 30.25 4.5 22.5
    endloop
  endfacet
  facet normal 0.9723699197856563 -0.23344536640515343 0
    outer loop
      vertex 36.13905235379934 2.854535773396492 -22.5
      vertex 36.13905235379934 2.854535773396492 22.5
      vertex 35.753738552331924 1.2495883032679558 22.5
    endloop
  endfacet
  facet normal 0.9969173341125666 -0.07845909090662022 0
    outer loop
      vertex 36.25 4.264259368181229 -22.5
      vertex 36.25 4.264259368181229 22.5
      vertex 36.13905235379934 2.854535773396492 22.5
    endloop
  endfacet
  facet normal -1 0 0
    outer loop
      vertex 30.25 4.5 -22.5
      vertex 30.25 4.5 22.5
      vertex 30.25 9.2 0
    endloop
  endfacet
  facet normal -1 0 0
    outer loop
      vertex 30.25 4.5 22.5
      vertex 30.25 9.222160986928753 0.2815820370724156
      vertex 30.25 9.2 0
    endloop
  endfacet
  facet normal -1 0 0
    outer loop
      vertex 30.25 4.5 22.5
      vertex 30.25 9.288098270668723 0.5562305898749054
      vertex 30.25 9.222160986928753 0.2815820370724156
    endloop
  endfacet
  facet normal -1 0 0
    outer loop
      vertex 30.25 4.5 22.5
      vertex 30.25 9.396188256460938 0.8171828995311843
      vertex 30.25 9.288098270668723 0.5562305898749054
    endloop
  endfacet
  facet normal -1 0 0
    outer loop
      vertex 30.25 4.5 22.5
      vertex 30.25 9.543769410125094 1.0580134541264516
      vertex 30.25 9.396188256460938 0.8171828995311843
    endloop
  endfacet
  facet normal -1 0 0
    outer loop
      vertex 30.25 4.5 22.5
      vertex 30.25 9.727207793864213 1.2727922061357857
      vertex 30.25 9.543769410125094 1.0580134541264516
    endloop
  endfacet
  facet normal 1 0 0
    outer loop
      vertex 36.25 4.264259368181229 22.5
      vertex 36.25 9.222160986928753 -0.2815820370724156
      vertex 36.25 9.2 0
    endloop
  endfacet
  facet normal 1 0 0
    outer loop
      vertex 36.25 4.264259368181229 22.5
      vertex 36.25 9.2 0
      vertex 36.25 9.222160986928753 0.2815820370724156
    endloop
  endfacet
  facet normal 1 0 0
    outer loop
      vertex 36.25 4.264259368181229 22.5
      vertex 36.25 9.222160986928753 0.2815820370724156
      vertex 36.25 9.288098270668723 0.5562305898749054
    endloop
  endfacet
  facet normal 1 0 0
    outer loop
      vertex 36.25 4.264259368181229 22.5
      vertex 36.25 9.288098270668723 0.5562305898749054
      vertex 36.25 9.396188256460938 0.8171828995311843
    endloop
  endfacet
  facet normal 1 0 0
    outer loop
      vertex 36.25 4.264259368181229 22.5
      vertex 36.25 9.396188256460938 0.8171828995311843
      vertex 36.25 9.543769410125094 1.0580134541264516
    endloop
  endfacet
  facet normal 1 0 0
    outer loop
      vertex 36.25 4.264259368181229 22.5
      vertex 36.25 9.543769410125094 1.0580134541264516
      vertex 36.25 9.727207793864213 1.2727922061357857
    endloop
  endfacet
  facet normal 1 0 0
    outer loop
      vertex 36.25 4.264259368181229 22.5
      vertex 36.25 9.727207793864213 1.2727922061357857
      vertex 36.25 9.941986545873549 1.4562305898749055
    endloop
  endfacet
  facet normal 0 0 1
    outer loop
      vertex 35 0 22.5
      vertex 29.390576474368572 1.85496636480093 22.5
      vertex 28.93198051303625 1.318019486963749 22.5
    endloop
  endfacet
  facet normal 0 0 1
    outer loop
      vertex 35 0 22.5
      vertex 29.75952935963869 2.4570427536964417 22.5
      vertex 29.390576474368572 1.85496636480093 22.5
    endloop
  endfacet
  facet normal 0 0 1
    outer loop
      vertex 35 0 22.5
      vertex 30.02975432574749 3.1094235256314278 22.5
      vertex 29.75952935963869 2.4570427536964417 22.5
    endloop
  endfacet
  facet normal 0 0 1
    outer loop
      vertex 35 0 22.5
      vertex 35.753738552331924 1.2495883032679558 22.5
      vertex 30.02975432574749 3.1094235256314278 22.5
    endloop
  endfacet
  facet normal 0 0 1
    outer loop
      vertex 30.02975432574749 3.1094235256314278 22.5
      vertex 35.753738552331924 1.2495883032679558 22.5
      vertex 30.19459753483534 3.796044908463955 22.5
    endloop
  endfacet
  facet normal 0 0 1
    outer loop
      vertex 30.19459753483534 3.796044908463955 22.5
      vertex 35.753738552331924 1.2495883032679558 22.5
      vertex 36.13905235379934 2.854535773396492 22.5
    endloop
  endfacet
  facet normal 0 0 1
    outer loop
      vertex 30.19459753483534 3.796044908463955 22.5
      vertex 36.13905235379934 2.854535773396492 22.5
      vertex 30.25 4.5 22.5
    endloop
  endfacet
  facet normal 0 0 1
    outer loop
      vertex 36.13905235379934 2.854535773396492 22.5
      vertex 36.25 4.264259368181229 22.5
      vertex 30.25 4.5 22.5
    endloop
  endfacet
  facet normal 0 0 -1
    outer loop
      vertex 36.25 4.264259368181229 -22.5
      vertex 30.25 4.5 -22.5
      vertex 36.25 22 -22.5
    endloop
  endfacet
  facet normal 1 0 0
    outer loop
      vertex 36.25 4.264259368181229 -22.5
      vertex 36.25 22 -22.5
      vertex 36.25 11.556230589874906 -1.7119017293312764
    endloop
  endfacet
  facet normal -1 0 0
    outer loop
      vertex 30.25 4.5 -22.5
      vertex 30.25 10.182817100468815 -1.6038117435390622
      vertex 30.25 10.443769410125094 -1.7119017293312764
    endloop
  endfacet
  facet normal -1 0 0
    outer loop
      vertex 30.25 4.5 -22.5
      vertex 30.25 9.727207793864213 -1.2727922061357857
      vertex 30.25 9.941986545873549 -1.4562305898749055
    endloop
  endfacet
  facet normal -1 0 0
    outer loop
      vertex 30.25 4.5 -22.5
      vertex 30.25 9.941986545873549 -1.4562305898749055
      vertex 30.25 10.182817100468815 -1.6038117435390622
    endloop
  endfacet
  facet normal -1 0 0
    outer loop
      vertex 30.25 4.5 -22.5
      vertex 30.25 10.443769410125094 -1.7119017293312764
      vertex 30.25 10.718417962927585 -1.777839013071248
    endloop
  endfacet
  facet normal -1 0 0
    outer loop
      vertex 30.25 4.5 -22.5
      vertex 30.25 10.718417962927585 -1.777839013071248
      vertex 30.25 11 -1.8
    endloop
  endfacet
  facet normal -1 0 0
    outer loop
      vertex 30.25 4.5 -22.5
      vertex 30.25 11 -1.8
      vertex 30.25 11.281582037072415 -1.777839013071248
    endloop
  endfacet
  facet normal -1 0 0
    outer loop
      vertex 30.25 4.5 -22.5
      vertex 30.25 11.281582037072415 -1.777839013071248
      vertex 30.25 11.556230589874906 -1.7119017293312764
    endloop
  endfacet
  facet normal -1 0 0
    outer loop
      vertex 30.25 4.5 -22.5
      vertex 30.25 11.556230589874906 -1.7119017293312764
      vertex 30.25 11.817182899531185 -1.6038117435390622
    endloop
  endfacet
  facet normal -1 0 0
    outer loop
      vertex 30.25 4.5 -22.5
      vertex 30.25 11.817182899531185 -1.6038117435390622
      vertex 30.25 12.058013454126451 -1.4562305898749055
    endloop
  endfacet
  facet normal -1 0 0
    outer loop
      vertex 30.25 4.5 -22.5
      vertex 30.25 12.058013454126451 -1.4562305898749055
      vertex 30.25 12.272792206135787 -1.2727922061357857
    endloop
  endfacet
  facet normal -1 0 0
    outer loop
      vertex 30.25 4.5 -22.5
      vertex 30.25 12.272792206135787 -1.2727922061357857
      vertex 30.25 12.456230589874906 -1.0580134541264516
    endloop
  endfacet
  facet normal -1 0 0
    outer loop
      vertex 30.25 4.5 -22.5
      vertex 30.25 12.456230589874906 -1.0580134541264516
      vertex 30.25 12.603811743539062 -0.8171828995311843
    endloop
  endfacet
  facet normal -1 0 0
    outer loop
      vertex 30.25 4.5 -22.5
      vertex 30.25 12.603811743539062 -0.8171828995311843
      vertex 30.25 12.711901729331277 -0.5562305898749054
    endloop
  endfacet
  facet normal 1 0 0
    outer loop
      vertex 36.25 4.264259368181229 -22.5
      vertex 36.25 10.443769410125094 -1.7119017293312764
      vertex 36.25 10.182817100468815 -1.6038117435390622
    endloop
  endfacet
  facet normal 1 0 0
    outer loop
      vertex 36.25 4.264259368181229 -22.5
      vertex 36.25 10.182817100468815 -1.6038117435390622
      vertex 36.25 9.941986545873549 -1.4562305898749055
    endloop
  endfacet
  facet normal 1 0 0
    outer loop
      vertex 36.25 4.264259368181229 -22.5
      vertex 36.25 10.718417962927585 -1.777839013071248
      vertex 36.25 10.443769410125094 -1.7119017293312764
    endloop
  endfacet
  facet normal 1 0 0
    outer loop
      vertex 36.25 4.264259368181229 -22.5
      vertex 36.25 11 -1.8
      vertex 36.25 10.718417962927585 -1.777839013071248
    endloop
  endfacet
  facet normal 1 0 0
    outer loop
      vertex 36.25 4.264259368181229 -22.5
      vertex 36.25 11.281582037072415 -1.777839013071248
      vertex 36.25 11 -1.8
    endloop
  endfacet
  facet normal 1 0 0
    outer loop
      vertex 36.25 4.264259368181229 -22.5
      vertex 36.25 11.556230589874906 -1.7119017293312764
      vertex 36.25 11.281582037072415 -1.777839013071248
    endloop
  endfacet
  facet normal -1 0 0
    outer loop
      vertex 30.25 4.5 -22.5
      vertex 30.25 12.711901729331277 -0.5562305898749054
      vertex 30.25 22 22.5
    endloop
  endfacet
  facet normal 0 0 -1
    outer loop
      vertex 30.25 4.5 -22.5
      vertex 30.25 22 -22.5
      vertex 36.25 22 -22.5
    endloop
  endfacet
  facet normal -1 0 0
    outer loop
      vertex 30.25 4.5 -22.5
      vertex 30.25 22 22.5
      vertex 30.25 22 -22.5
    endloop
  endfacet
  facet normal 1 0 0
    outer loop
      vertex 36.25 22 -22.5
      vertex 36.25 11.817182899531185 -1.6038117435390622
      vertex 36.25 11.556230589874906 -1.7119017293312764
    endloop
  endfacet
  facet normal 1 0 0
    outer loop
      vertex 36.25 22 -22.5
      vertex 36.25 12.058013454126451 -1.4562305898749055
      vertex 36.25 11.817182899531185 -1.6038117435390622
    endloop
  endfacet
  facet normal 1 0 0
    outer loop
      vertex 36.25 22 -22.5
      vertex 36.25 12.272792206135787 -1.2727922061357857
      vertex 36.25 12.058013454126451 -1.4562305898749055
    endloop
  endfacet
  facet normal 1 0 0
    outer loop
      vertex 36.25 22 -22.5
      vertex 36.25 12.456230589874906 -1.0580134541264516
      vertex 36.25 12.272792206135787 -1.2727922061357857
    endloop
  endfacet
  facet normal 1 0 0
    outer loop
      vertex 36.25 22 -22.5
      vertex 36.25 12.603811743539062 -0.8171828995311843
      vertex 36.25 12.456230589874906 -1.0580134541264516
    endloop
  endfacet
  facet normal 1 0 0
    outer loop
      vertex 36.25 22 -22.5
      vertex 36.25 12.711901729331277 -0.5562305898749054
      vertex 36.25 12.603811743539062 -0.8171828995311843
    endloop
  endfacet
  facet normal 1 0 0
    outer loop
      vertex 36.25 22 -22.5
      vertex 36.25 12.777839013071247 -0.2815820370724156
      vertex 36.25 12.711901729331277 -0.5562305898749054
    endloop
  endfacet
  facet normal 1 0 0
    outer loop
      vertex 36.25 22 -22.5
      vertex 36.25 12.8 0
      vertex 36.25 12.777839013071247 -0.2815820370724156
    endloop
  endfacet
  facet normal 1 0 0
    outer loop
      vertex 36.25 22 -22.5
      vertex 36.25 12.777839013071247 0.2815820370724156
      vertex 36.25 12.8 0
    endloop
  endfacet
  facet normal 1 0 0
    outer loop
      vertex 36.25 22 -22.5
      vertex 36.25 12.711901729331277 0.5562305898749054
      vertex 36.25 12.777839013071247 0.2815820370724156
    endloop
  endfacet
  facet normal 0 1 0
    outer loop
      vertex 30.25 22 -22.5
      vertex 36.25 22 22.5
      vertex 36.25 22 -22.5
    endloop
  endfacet
  facet normal -1 0 0
    outer loop
      vertex 30.25 4.5 22.5
      vertex 30.25 9.941986545873549 1.4562305898749055
      vertex 30.25 9.727207793864213 1.2727922061357857
    endloop
  endfacet
  facet normal -1 0 0
    outer loop
      vertex 30.25 4.5 22.5
      vertex 30.25 10.182817100468815 1.6038117435390622
      vertex 30.25 9.941986545873549 1.4562305898749055
    endloop
  endfacet
  facet normal -1 0 0
    outer loop
      vertex 30.25 4.5 22.5
      vertex 30.25 10.443769410125094 1.7119017293312764
      vertex 30.25 10.182817100468815 1.6038117435390622
    endloop
  endfacet
  facet normal -1 0 0
    outer loop
      vertex 30.25 4.5 22.5
      vertex 30.25 10.718417962927585 1.777839013071248
      vertex 30.25 10.443769410125094 1.7119017293312764
    endloop
  endfacet
  facet normal 1 0 0
    outer loop
      vertex 36.25 4.264259368181229 22.5
      vertex 36.25 9.941986545873549 1.4562305898749055
      vertex 36.25 10.182817100468815 1.6038117435390622
    endloop
  endfacet
  facet normal 1 0 0
    outer loop
      vertex 36.25 4.264259368181229 22.5
      vertex 36.25 10.182817100468815 1.6038117435390622
      vertex 36.25 10.443769410125094 1.7119017293312764
    endloop
  endfacet
  facet normal 1 0 0
    outer loop
      vertex 36.25 4.264259368181229 22.5
      vertex 36.25 10.443769410125094 1.7119017293312764
      vertex 36.25 10.718417962927585 1.777839013071248
    endloop
  endfacet
  facet normal 1 0 0
    outer loop
      vertex 36.25 4.264259368181229 22.5
      vertex 36.25 10.718417962927585 1.777839013071248
      vertex 36.25 11 1.8
    endloop
  endfacet
  facet normal 1 0 0
    outer loop
      vertex 36.25 4.264259368181229 22.5
      vertex 36.25 11 1.8
      vertex 36.25 11.281582037072415 1.777839013071248
    endloop
  endfacet
  facet normal 1 0 0
    outer loop
      vertex 36.25 4.264259368181229 22.5
      vertex 36.25 11.281582037072415 1.777839013071248
      vertex 36.25 11.556230589874906 1.7119017293312764
    endloop
  endfacet
  facet normal 1 0 0
    outer loop
      vertex 36.25 4.264259368181229 22.5
      vertex 36.25 11.556230589874906 1.7119017293312764
      vertex 36.25 11.817182899531185 1.6038117435390622
    endloop
  endfacet
  facet normal 1 0 0
    outer loop
      vertex 36.25 4.264259368181229 22.5
      vertex 36.25 11.817182899531185 1.6038117435390622
      vertex 36.25 12.058013454126451 1.4562305898749055
    endloop
  endfacet
  facet normal 1 0 0
    outer loop
      vertex 36.25 4.264259368181229 22.5
      vertex 36.25 12.058013454126451 1.4562305898749055
      vertex 36.25 12.272792206135787 1.2727922061357857
    endloop
  endfacet
  facet normal 1 0 0
    outer loop
      vertex 36.25 4.264259368181229 22.5
      vertex 36.25 12.272792206135787 1.2727922061357857
      vertex 36.25 12.456230589874906 1.0580134541264516
    endloop
  endfacet
  facet normal 1 0 0
    outer loop
      vertex 36.25 4.264259368181229 22.5
      vertex 36.25 12.456230589874906 1.0580134541264516
      vertex 36.25 12.603811743539062 0.8171828995311843
    endloop
  endfacet
  facet normal 1 0 0
    outer loop
      vertex 36.25 4.264259368181229 22.5
      vertex 36.25 12.603811743539062 0.8171828995311843
      vertex 36.25 12.711901729331277 0.5562305898749054
    endloop
  endfacet
  facet normal 1 0 0
    outer loop
      vertex 36.25 4.264259368181229 22.5
      vertex 36.25 12.711901729331277 0.5562305898749054
      vertex 36.25 22 -22.5
    endloop
  endfacet
  facet normal -1 0 0
    outer loop
      vertex 30.25 22 22.5
      vertex 30.25 11 1.8
      vertex 30.25 10.718417962927585 1.777839013071248
    endloop
  endfacet
  facet normal -1 0 0
    outer loop
      vertex 30.25 22 22.5
      vertex 30.25 11.281582037072415 1.777839013071248
      vertex 30.25 11 1.8
    endloop
  endfacet
  facet normal -1 0 0
    outer loop
      vertex 30.25 22 22.5
      vertex 30.25 11.556230589874906 1.7119017293312764
      vertex 30.25 11.281582037072415 1.777839013071248
    endloop
  endfacet
  facet normal 0 0 1
    outer loop
      vertex 36.25 4.264259368181229 22.5
      vertex 36.25 22 22.5
      vertex 30.25 4.5 22.5
    endloop
  endfacet
  facet normal -1 0 0
    outer loop
      vertex 30.25 4.5 22.5
      vertex 30.25 22 22.5
      vertex 30.25 10.718417962927585 1.777839013071248
    endloop
  endfacet
  facet normal -1 0 0
    outer loop
      vertex 30.25 22 22.5
      vertex 30.25 12.711901729331277 -0.5562305898749054
      vertex 30.25 12.777839013071247 -0.2815820370724156
    endloop
  endfacet
  facet normal -1 0 0
    outer loop
      vertex 30.25 22 22.5
      vertex 30.25 12.777839013071247 -0.2815820370724156
      vertex 30.25 12.8 0
    endloop
  endfacet
  facet normal -1 0 0
    outer loop
      vertex 30.25 22 22.5
      vertex 30.25 12.8 0
      vertex 30.25 12.777839013071247 0.2815820370724156
    endloop
  endfacet
  facet normal -1 0 0
    outer loop
      vertex 30.25 22 22.5
      vertex 30.25 12.777839013071247 0.2815820370724156
      vertex 30.25 12.711901729331277 0.5562305898749054
    endloop
  endfacet
  facet normal -1 0 0
    outer loop
      vertex 30.25 22 22.5
      vertex 30.25 12.058013454126451 1.4562305898749055
      vertex 30.25 11.817182899531185 1.6038117435390622
    endloop
  endfacet
  facet normal -1 0 0
    outer loop
      vertex 30.25 22 22.5
      vertex 30.25 11.817182899531185 1.6038117435390622
      vertex 30.25 11.556230589874906 1.7119017293312764
    endloop
  endfacet
  facet normal -1 0 0
    outer loop
      vertex 30.25 22 22.5
      vertex 30.25 12.272792206135787 1.2727922061357857
      vertex 30.25 12.058013454126451 1.4562305898749055
    endloop
  endfacet
  facet normal -1 0 0
    outer loop
      vertex 30.25 22 22.5
      vertex 30.25 12.456230589874906 1.0580134541264516
      vertex 30.25 12.272792206135787 1.2727922061357857
    endloop
  endfacet
  facet normal -1 0 0
    outer loop
      vertex 30.25 22 22.5
      vertex 30.25 12.603811743539062 0.8171828995311843
      vertex 30.25 12.456230589874906 1.0580134541264516
    endloop
  endfacet
  facet normal -1 0 0
    outer loop
      vertex 30.25 22 22.5
      vertex 30.25 12.711901729331277 0.5562305898749054
      vertex 30.25 12.603811743539062 0.8171828995311843
    endloop
  endfacet
  facet normal 1 0 0
    outer loop
      vertex 36.25 4.264259368181229 22.5
      vertex 36.25 22 -22.5
      vertex 36.25 22 22.5
    endloop
  endfacet
  facet normal 0 1 0
    outer loop
      vertex 30.25 22 -22.5
      vertex 30.25 22 22.5
      vertex 36.25 22 22.5
    endloop
  endfacet
  facet normal 0 0 1
    outer loop
      vertex 30.25 4.5 22.5
      vertex 36.25 22 22.5
      vertex 30.25 22 22.5
    endloop
  endfacet
  facet normal -1 0 0
    outer loop
      vertex -35 -6 -25
      vertex -35 -0.4745715202988192 -22.5
      vertex -35 0 -25
    endloop
  endfacet
  facet normal -1 0 0
    outer loop
      vertex -35 0 -25
      vertex -35 -0.4745715202988192 -22.5
      vertex -35 0 -22.5
    endloop
  endfacet
  facet normal 0 -1 0
    outer loop
      vertex -35 -6 -25
      vertex -20.705342302750967 -6 -20.970820393249937
      vertex -20.848528137423855 -6 -20.848528137423855
    endloop
  endfacet
  facet normal 0 -1 0
    outer loop
      vertex -35 -6 -25
      vertex -20.970820393249937 -6 -20.705342302750967
      vertex -21.06920782902604 -6 -20.544788599687458
    endloop
  endfacet
  facet normal 0 -1 0
    outer loop
      vertex -35 -6 -25
      vertex -20.848528137423855 -6 -20.848528137423855
      vertex -20.970820393249937 -6 -20.705342302750967
    endloop
  endfacet
  facet normal 0 -1 0
    outer loop
      vertex -35 -6 -25
      vertex -21.06920782902604 -6 -20.544788599687458
      vertex -21.141267819554184 -6 -20.370820393249936
    endloop
  endfacet
  facet normal 0 -1 0
    outer loop
      vertex -35 -6 -25
      vertex -20.544788599687458 -6 -21.06920782902604
      vertex -20.705342302750967 -6 -20.970820393249937
    endloop
  endfacet
  facet normal 0 -1 0
    outer loop
      vertex -35 -6 -25
      vertex -20.370820393249936 -6 -21.141267819554184
      vertex -20.544788599687458 -6 -21.06920782902604
    endloop
  endfacet
  facet normal 0 -1 0
    outer loop
      vertex -35 -6 -25
      vertex -20 -6 -21.2
      vertex -20.187721358048275 -6 -21.185226008714164
    endloop
  endfacet
  facet normal 0 -1 0
    outer loop
      vertex -35 -6 -25
      vertex -20.187721358048275 -6 -21.185226008714164
      vertex -20.370820393249936 -6 -21.141267819554184
    endloop
  endfacet
  facet normal 0 -1 0
    outer loop
      vertex -35 -6 -25
      vertex -21.141267819554184 -6 -20.370820393249936
      vertex -21.185226008714164 -6 -20.187721358048275
    endloop
  endfacet
  facet normal 0 -1 0
    outer loop
      vertex -35 -6 -25
      vertex -21.185226008714164 -6 -20.187721358048275
      vertex -21.2 -6 -20
    endloop
  endfacet
  facet normal 0 -1 0
    outer loop
      vertex -35 -6 -25
      vertex -21.2 -6 -20
      vertex -21.185226008714164 -6 -19.812278641951725
    endloop
  endfacet
  facet normal 0 -1 0
    outer loop
      vertex -35 -6 -25
      vertex -21.185226008714164 -6 -19.812278641951725
      vertex -21.141267819554184 -6 -19.629179606750064
    endloop
  endfacet
  facet normal 0 -1 0
    outer loop
      vertex -35 -6 -25
      vertex -21.141267819554184 -6 -19.629179606750064
      vertex -21.06920782902604 -6 -19.455211400312542
    endloop
  endfacet
  facet normal 0 -1 0
    outer loop
      vertex -35 -6 -25
      vertex -21.06920782902604 -6 -19.455211400312542
      vertex -20.970820393249937 -6 -19.294657697249033
    endloop
  endfacet
  facet normal 0 -1 0
    outer loop
      vertex -35 -6 -25
      vertex -20.970820393249937 -6 -19.294657697249033
      vertex -20.848528137423855 -6 -19.151471862576145
    endloop
  endfacet
  facet normal 0 -1 0
    outer loop
      vertex -35 -6 -25
      vertex -20.848528137423855 -6 -19.151471862576145
      vertex -20.705342302750967 -6 -19.029179606750063
    endloop
  endfacet
  facet normal 0 1 0
    outer loop
      vertex -25.75 0 -22.5
      vertex -21.185226008714164 0 -20.187721358048275
      vertex -21.141267819554184 0 -20.370820393249936
    endloop
  endfacet
  facet normal 0 1 0
    outer loop
      vertex -25.75 0 -22.5
      vertex -21.2 0 -20
      vertex -21.185226008714164 0 -20.187721358048275
    endloop
  endfacet
  facet normal 0 1 0
    outer loop
      vertex -25.75 0 -22.5
      vertex -21.185226008714164 0 -19.812278641951725
      vertex -21.2 0 -20
    endloop
  endfacet
  facet normal 0 1 0
    outer loop
      vertex -25.75 0 -22.5
      vertex -21.141267819554184 0 -19.629179606750064
      vertex -21.185226008714164 0 -19.812278641951725
    endloop
  endfacet
  facet normal 0 1 0
    outer loop
      vertex -25.75 0 -22.5
      vertex -20.705342302750967 0 -20.970820393249937
      vertex -20.544788599687458 0 -21.06920782902604
    endloop
  endfacet
  facet normal 0 1 0
    outer loop
      vertex -25.75 0 -22.5
      vertex -20.370820393249936 0 -21.141267819554184
      vertex -20.187721358048275 0 -21.185226008714164
    endloop
  endfacet
  facet normal 0 1 0
    outer loop
      vertex -25.75 0 -22.5
      vertex -20.544788599687458 0 -21.06920782902604
      vertex -20.370820393249936 0 -21.141267819554184
    endloop
  endfacet
  facet normal 0 1 0
    outer loop
      vertex -25.75 0 -22.5
      vertex -20.970820393249937 0 -20.705342302750967
      vertex -20.848528137423855 0 -20.848528137423855
    endloop
  endfacet
  facet normal 0 1 0
    outer loop
      vertex -25.75 0 -22.5
      vertex -20.848528137423855 0 -20.848528137423855
      vertex -20.705342302750967 0 -20.970820393249937
    endloop
  endfacet
  facet normal 0 1 0
    outer loop
      vertex -25.75 0 -22.5
      vertex -21.06920782902604 0 -20.544788599687458
      vertex -20.970820393249937 0 -20.705342302750967
    endloop
  endfacet
  facet normal 0 1 0
    outer loop
      vertex -25.75 0 -22.5
      vertex -21.141267819554184 0 -20.370820393249936
      vertex -21.06920782902604 0 -20.544788599687458
    endloop
  endfacet
  facet normal 0 1 0
    outer loop
      vertex -25.75 0 -22.5
      vertex -20.187721358048275 0 -21.185226008714164
      vertex -20 0 -21.2
    endloop
  endfacet
  facet normal 0 1 0
    outer loop
      vertex -25.75 0 -22.5
      vertex -20 0 -21.2
      vertex -19.812278641951725 0 -21.185226008714164
    endloop
  endfacet
  facet normal 0 1 0
    outer loop
      vertex -25.75 0 -22.5
      vertex -21.06920782902604 0 -19.455211400312542
      vertex -21.141267819554184 0 -19.629179606750064
    endloop
  endfacet
  facet normal 0 1 0
    outer loop
      vertex -25.75 0 -22.5
      vertex -20.970820393249937 0 -19.294657697249033
      vertex -21.06920782902604 0 -19.455211400312542
    endloop
  endfacet
  facet normal 0 1 0
    outer loop
      vertex -25.75 0 -22.5
      vertex -20.848528137423855 0 -19.151471862576145
      vertex -20.970820393249937 0 -19.294657697249033
    endloop
  endfacet
  facet normal -1 0 0
    outer loop
      vertex -35 -6 -25
      vertex -35 -0.4745715202988192 22.5
      vertex -35 -0.4745715202988192 -22.5
    endloop
  endfacet
  facet normal 0 0 -1
    outer loop
      vertex -35 -6 -25
      vertex -35 0 -25
      vertex 35 0 -25
    endloop
  endfacet
  facet normal 0 1 0
    outer loop
      vertex -35 0 -25
      vertex -35 0 -22.5
      vertex 35 0 -25
    endloop
  endfacet
  facet normal 0 -1 0
    outer loop
      vertex -35 -6 -25
      vertex 35 -6 -25
      vertex -20 -6 -21.2
    endloop
  endfacet
  facet normal 0 -1 0
    outer loop
      vertex -20 -6 -21.2
      vertex 19.812278641951725 -6 -21.185226008714164
      vertex -19.812278641951725 -6 -21.185226008714164
    endloop
  endfacet
  facet normal 0 -1 0
    outer loop
      vertex -19.812278641951725 -6 -21.185226008714164
      vertex 19.629179606750064 -6 -21.141267819554184
      vertex -19.629179606750064 -6 -21.141267819554184
    endloop
  endfacet
  facet normal 0 -1 0
    outer loop
      vertex -19.629179606750064 -6 -21.141267819554184
      vertex 19.455211400312542 -6 -21.06920782902604
      vertex -19.455211400312542 -6 -21.06920782902604
    endloop
  endfacet
  facet normal 0 -1 0
    outer loop
      vertex -19.455211400312542 -6 -21.06920782902604
      vertex 19.294657697249033 -6 -20.970820393249937
      vertex -19.294657697249033 -6 -20.970820393249937
    endloop
  endfacet
  facet normal 0 -1 0
    outer loop
      vertex -19.294657697249033 -6 -20.970820393249937
      vertex 19.151471862576145 -6 -20.848528137423855
      vertex -19.151471862576145 -6 -20.848528137423855
    endloop
  endfacet
  facet normal 0 -1 0
    outer loop
      vertex -19.151471862576145 -6 -20.848528137423855
      vertex 19.029179606750063 -6 -20.705342302750967
      vertex -19.029179606750063 -6 -20.705342302750967
    endloop
  endfacet
  facet normal 0 -1 0
    outer loop
      vertex -18.93079217097396 -6 -20.544788599687458
      vertex -19.029179606750063 -6 -20.705342302750967
      vertex 18.93079217097396 -6 -20.544788599687458
    endloop
  endfacet
  facet normal 0 -1 0
    outer loop
      vertex -18.858732180445816 -6 -20.370820393249936
      vertex -18.93079217097396 -6 -20.544788599687458
      vertex 18.858732180445816 -6 -20.370820393249936
    endloop
  endfacet
  facet normal 0 -1 0
    outer loop
      vertex -18.814773991285836 -6 -20.187721358048275
      vertex -18.858732180445816 -6 -20.370820393249936
      vertex 18.814773991285836 -6 -20.187721358048275
    endloop
  endfacet
  facet normal 0 -1 0
    outer loop
      vertex -18.8 -6 -20
      vertex -18.814773991285836 -6 -20.187721358048275
      vertex 18.8 -6 -20
    endloop
  endfacet
  facet normal 0 -1 0
    outer loop
      vertex -18.814773991285836 -6 -19.812278641951725
      vertex -18.8 -6 -20
      vertex 18.814773991285836 -6 -19.812278641951725
    endloop
  endfacet
  facet normal 0 -1 0
    outer loop
      vertex -18.858732180445816 -6 -19.629179606750064
      vertex -18.814773991285836 -6 -19.812278641951725
      vertex 18.858732180445816 -6 -19.629179606750064
    endloop
  endfacet
  facet normal 0 -1 0
    outer loop
      vertex -18.93079217097396 -6 -19.455211400312542
      vertex -18.858732180445816 -6 -19.629179606750064
      vertex 18.93079217097396 -6 -19.455211400312542
    endloop
  endfacet
  facet normal 0 -1 0
    outer loop
      vertex -19.029179606750063 -6 -19.294657697249033
      vertex -18.93079217097396 -6 -19.455211400312542
      vertex 19.029179606750063 -6 -19.294657697249033
    endloop
  endfacet
  facet normal 0 -1 0
    outer loop
      vertex -19.151471862576145 -6 -19.151471862576145
      vertex -19.029179606750063 -6 -19.294657697249033
      vertex 19.151471862576145 -6 -19.151471862576145
    endloop
  endfacet
  facet normal 0 -1 0
    outer loop
      vertex -19.151471862576145 -6 -19.151471862576145
      vertex 19.294657697249033 -6 -19.029179606750063
      vertex -19.294657697249033 -6 -19.029179606750063
    endloop
  endfacet
  facet normal 0 1 0
    outer loop
      vertex -35 0 -22.5
      vertex -25.75 0 -22.5
      vertex 35 0 -25
    endloop
  endfacet
  facet normal 0 1 0
    outer loop
      vertex -25.75 0 -22.5
      vertex -19.812278641951725 0 -21.185226008714164
      vertex 19.629179606750064 0 -21.141267819554184
    endloop
  endfacet
  facet normal 0 1 0
    outer loop
      vertex -19.629179606750064 0 -21.141267819554184
      vertex 19.629179606750064 0 -21.141267819554184
      vertex -19.812278641951725 0 -21.185226008714164
    endloop
  endfacet
  facet normal 0 1 0
    outer loop
      vertex -19.455211400312542 0 -21.06920782902604
      vertex 19.629179606750064 0 -21.141267819554184
      vertex -19.629179606750064 0 -21.141267819554184
    endloop
  endfacet
  facet normal 0 1 0
    outer loop
      vertex -19.294657697249033 0 -20.970820393249937
      vertex 19.455211400312542 0 -21.06920782902604
      vertex -19.455211400312542 0 -21.06920782902604
    endloop
  endfacet
  facet normal 0 1 0
    outer loop
      vertex -19.151471862576145 0 -20.848528137423855
      vertex 19.294657697249033 0 -20.970820393249937
      vertex -19.294657697249033 0 -20.970820393249937
    endloop
  endfacet
  facet normal 0 1 0
    outer loop
      vertex -19.029179606750063 0 -20.705342302750967
      vertex 19.151471862576145 0 -20.848528137423855
      vertex -19.151471862576145 0 -20.848528137423855
    endloop
  endfacet
  facet normal 0 1 0
    outer loop
      vertex -19.029179606750063 0 -20.705342302750967
      vertex -18.93079217097396 0 -20.544788599687458
      vertex 19.029179606750063 0 -20.705342302750967
    endloop
  endfacet
  facet normal 0 1 0
    outer loop
      vertex -18.93079217097396 0 -20.544788599687458
      vertex -18.858732180445816 0 -20.370820393249936
      vertex 18.93079217097396 0 -20.544788599687458
    endloop
  endfacet
  facet normal 0 1 0
    outer loop
      vertex -18.858732180445816 0 -20.370820393249936
      vertex -18.814773991285836 0 -20.187721358048275
      vertex 18.858732180445816 0 -20.370820393249936
    endloop
  endfacet
  facet normal 0 1 0
    outer loop
      vertex -18.814773991285836 0 -20.187721358048275
      vertex -18.8 0 -20
      vertex 18.814773991285836 0 -20.187721358048275
    endloop
  endfacet
  facet normal 0 1 0
    outer loop
      vertex -18.8 0 -20
      vertex -18.814773991285836 0 -19.812278641951725
      vertex 18.8 0 -20
    endloop
  endfacet
  facet normal 0 1 0
    outer loop
      vertex -18.814773991285836 0 -19.812278641951725
      vertex -18.858732180445816 0 -19.629179606750064
      vertex 18.814773991285836 0 -19.812278641951725
    endloop
  endfacet
  facet normal 0 1 0
    outer loop
      vertex -18.858732180445816 0 -19.629179606750064
      vertex -18.93079217097396 0 -19.455211400312542
      vertex 18.858732180445816 0 -19.629179606750064
    endloop
  endfacet
  facet normal 0 1 0
    outer loop
      vertex -18.93079217097396 0 -19.455211400312542
      vertex -19.029179606750063 0 -19.294657697249033
      vertex 18.93079217097396 0 -19.455211400312542
    endloop
  endfacet
  facet normal 0 1 0
    outer loop
      vertex -19.029179606750063 0 -19.294657697249033
      vertex -19.151471862576145 0 -19.151471862576145
      vertex 19.029179606750063 0 -19.294657697249033
    endloop
  endfacet
  facet normal 0 1 0
    outer loop
      vertex -20 0 -18.8
      vertex 19.812278641951725 0 -18.814773991285836
      vertex -19.812278641951725 0 -18.814773991285836
    endloop
  endfacet
  facet normal 0 1 0
    outer loop
      vertex -19.629179606750064 0 -18.858732180445816
      vertex 19.455211400312542 0 -18.93079217097396
      vertex -19.455211400312542 0 -18.93079217097396
    endloop
  endfacet
  facet normal 0 1 0
    outer loop
      vertex -19.812278641951725 0 -18.814773991285836
      vertex 19.629179606750064 0 -18.858732180445816
      vertex -19.629179606750064 0 -18.858732180445816
    endloop
  endfacet
  facet normal 0 1 0
    outer loop
      vertex -19.294657697249033 0 -19.029179606750063
      vertex 19.151471862576145 0 -19.151471862576145
      vertex -19.151471862576145 0 -19.151471862576145
    endloop
  endfacet
  facet normal 0 1 0
    outer loop
      vertex -19.455211400312542 0 -18.93079217097396
      vertex 19.294657697249033 0 -19.029179606750063
      vertex -19.294657697249033 0 -19.029179606750063
    endloop
  endfacet
  facet normal 0 -1 0
    outer loop
      vertex -35 -6 -25
      vertex -20.705342302750967 -6 -19.029179606750063
      vertex 35 -6 25
    endloop
  endfacet
  facet normal 0 -1 0
    outer loop
      vertex 35 -6 25
      vertex -20.705342302750967 -6 -19.029179606750063
      vertex -20.544788599687458 -6 -18.93079217097396
    endloop
  endfacet
  facet normal 0 -1 0
    outer loop
      vertex 35 -6 25
      vertex -20.544788599687458 -6 -18.93079217097396
      vertex -20.370820393249936 -6 -18.858732180445816
    endloop
  endfacet
  facet normal 0 -1 0
    outer loop
      vertex 35 -6 25
      vertex -20.370820393249936 -6 -18.858732180445816
      vertex -20.187721358048275 -6 -18.814773991285836
    endloop
  endfacet
  facet normal 0 -1 0
    outer loop
      vertex 35 -6 25
      vertex -20.187721358048275 -6 -18.814773991285836
      vertex -20 -6 -18.8
    endloop
  endfacet
  facet normal 0 -1 0
    outer loop
      vertex 35 -6 25
      vertex -19.455211400312542 -6 -18.93079217097396
      vertex -19.294657697249033 -6 -19.029179606750063
    endloop
  endfacet
  facet normal 0 -1 0
    outer loop
      vertex 35 -6 25
      vertex -20 -6 -18.8
      vertex -19.812278641951725 -6 -18.814773991285836
    endloop
  endfacet
  facet normal 0 -1 0
    outer loop
      vertex 35 -6 25
      vertex -19.812278641951725 -6 -18.814773991285836
      vertex -19.629179606750064 -6 -18.858732180445816
    endloop
  endfacet
  facet normal 0 -1 0
    outer loop
      vertex 35 -6 25
      vertex -19.629179606750064 -6 -18.858732180445816
      vertex -19.455211400312542 -6 -18.93079217097396
    endloop
  endfacet
  facet normal 0 1 0
    outer loop
      vertex -25.75 0 -22.5
      vertex 25.75 0 22.5
      vertex -20.848528137423855 0 -19.151471862576145
    endloop
  endfacet
  facet normal 0 1 0
    outer loop
      vertex 25.75 0 22.5
      vertex -20.705342302750967 0 -19.029179606750063
      vertex -20.848528137423855 0 -19.151471862576145
    endloop
  endfacet
  facet normal 0 1 0
    outer loop
      vertex 25.75 0 22.5
      vertex -20.544788599687458 0 -18.93079217097396
      vertex -20.705342302750967 0 -19.029179606750063
    endloop
  endfacet
  facet normal 0 1 0
    outer loop
      vertex 25.75 0 22.5
      vertex -20.370820393249936 0 -18.858732180445816
      vertex -20.544788599687458 0 -18.93079217097396
    endloop
  endfacet
  facet normal 0 1 0
    outer loop
      vertex 25.75 0 22.5
      vertex -20.187721358048275 0 -18.814773991285836
      vertex -20.370820393249936 0 -18.858732180445816
    endloop
  endfacet
  facet normal 0 1 0
    outer loop
      vertex 25.75 0 22.5
      vertex -20 0 -18.8
      vertex -20.187721358048275 0 -18.814773991285836
    endloop
  endfacet
  facet normal -1 0 0
    outer loop
      vertex -35 -6 -25
      vertex -35 -6 25
      vertex -35 -0.4745715202988192 22.5
    endloop
  endfacet
  facet normal 0 -1 0
    outer loop
      vertex -35 -6 -25
      vertex -20.705342302750967 -6 19.029179606750063
      vertex -35 -6 25
    endloop
  endfacet
  facet normal 0 -1 0
    outer loop
      vertex -35 -6 -25
      vertex -20.370820393249936 -6 18.858732180445816
      vertex -20.544788599687458 -6 18.93079217097396
    endloop
  endfacet
  facet normal 0 -1 0
    outer loop
      vertex -35 -6 -25
      vertex -20.187721358048275 -6 18.814773991285836
      vertex -20.370820393249936 -6 18.858732180445816
    endloop
  endfacet
  facet normal 0 -1 0
    outer loop
      vertex -35 -6 -25
      vertex -20 -6 18.8
      vertex -20.187721358048275 -6 18.814773991285836
    endloop
  endfacet
  facet normal 0 -1 0
    outer loop
      vertex -35 -6 -25
      vertex -20.544788599687458 -6 18.93079217097396
      vertex -20.705342302750967 -6 19.029179606750063
    endloop
  endfacet
  facet normal 0 1 0
    outer loop
      vertex -25.75 0 -22.5
      vertex -21.185226008714164 0 19.812278641951725
      vertex -21.141267819554184 0 19.629179606750064
    endloop
  endfacet
  facet normal 0 1 0
    outer loop
      vertex -25.75 0 -22.5
      vertex -21.2 0 20
      vertex -21.185226008714164 0 19.812278641951725
    endloop
  endfacet
  facet normal 0 1 0
    outer loop
      vertex -25.75 0 -22.5
      vertex -21.185226008714164 0 20.187721358048275
      vertex -21.2 0 20
    endloop
  endfacet
  facet normal 0 1 0
    outer loop
      vertex -25.75 0 -22.5
      vertex -20.370820393249936 0 18.858732180445816
      vertex -20.187721358048275 0 18.814773991285836
    endloop
  endfacet
  facet normal 0 1 0
    outer loop
      vertex -25.75 0 -22.5
      vertex -20.848528137423855 0 19.151471862576145
      vertex -20.705342302750967 0 19.029179606750063
    endloop
  endfacet
  facet normal 0 1 0
    outer loop
      vertex -25.75 0 -22.5
      vertex -20.970820393249937 0 19.294657697249033
      vertex -20.848528137423855 0 19.151471862576145
    endloop
  endfacet
  facet normal 0 1 0
    outer loop
      vertex -25.75 0 -22.5
      vertex -21.06920782902604 0 19.455211400312542
      vertex -20.970820393249937 0 19.294657697249033
    endloop
  endfacet
  facet normal 0 1 0
    outer loop
      vertex -25.75 0 -22.5
      vertex -20.705342302750967 0 19.029179606750063
      vertex -20.544788599687458 0 18.93079217097396
    endloop
  endfacet
  facet normal 0 1 0
    outer loop
      vertex -25.75 0 -22.5
      vertex -20.544788599687458 0 18.93079217097396
      vertex -20.370820393249936 0 18.858732180445816
    endloop
  endfacet
  facet normal 0 1 0
    outer loop
      vertex -25.75 0 -22.5
      vertex -20.187721358048275 0 18.814773991285836
      vertex -20 0 18.8
    endloop
  endfacet
  facet normal 0 1 0
    outer loop
      vertex -25.75 0 -22.5
      vertex -20 0 18.8
      vertex -19.812278641951725 0 18.814773991285836
    endloop
  endfacet
  facet normal 0 1 0
    outer loop
      vertex -25.75 0 -22.5
      vertex -19.812278641951725 0 18.814773991285836
      vertex -19.629179606750064 0 18.858732180445816
    endloop
  endfacet
  facet normal 0 1 0
    outer loop
      vertex -25.75 0 -22.5
      vertex -19.629179606750064 0 18.858732180445816
      vertex -19.455211400312542 0 18.93079217097396
    endloop
  endfacet
  facet normal 0 1 0
    outer loop
      vertex -25.75 0 -22.5
      vertex -21.141267819554184 0 19.629179606750064
      vertex -21.06920782902604 0 19.455211400312542
    endloop
  endfacet
  facet normal 0 1 0
    outer loop
      vertex -25.75 0 -22.5
      vertex -19.455211400312542 0 18.93079217097396
      vertex -19.294657697249033 0 19.029179606750063
    endloop
  endfacet
  facet normal 0 1 0
    outer loop
      vertex -25.75 0 -22.5
      vertex -19.294657697249033 0 19.029179606750063
      vertex -19.151471862576145 0 19.151471862576145
    endloop
  endfacet
  facet normal 0 1 0
    outer loop
      vertex -25.75 0 -22.5
      vertex -25.75 0 22.5
      vertex -21.185226008714164 0 20.187721358048275
    endloop
  endfacet
  facet normal -1 0 0
    outer loop
      vertex -35 -6 25
      vertex -35 0 22.5
      vertex -35 -0.4745715202988192 22.5
    endloop
  endfacet
  facet normal -1 0 0
    outer loop
      vertex -35 -6 25
      vertex -35 0 25
      vertex -35 0 22.5
    endloop
  endfacet
  facet normal 0 1 0
    outer loop
      vertex -35 0 22.5
      vertex -35 0 25
      vertex -25.75 0 22.5
    endloop
  endfacet
  facet normal 0 -1 0
    outer loop
      vertex -35 -6 25
      vertex -20.705342302750967 -6 19.029179606750063
      vertex -20.848528137423855 -6 19.151471862576145
    endloop
  endfacet
  facet normal 0 -1 0
    outer loop
      vertex -35 -6 25
      vertex -21.141267819554184 -6 19.629179606750064
      vertex -21.185226008714164 -6 19.812278641951725
    endloop
  endfacet
  facet normal 0 -1 0
    outer loop
      vertex -35 -6 25
      vertex -20.970820393249937 -6 19.294657697249033
      vertex -21.06920782902604 -6 19.455211400312542
    endloop
  endfacet
  facet normal 0 -1 0
    outer loop
      vertex -35 -6 25
      vertex -20.848528137423855 -6 19.151471862576145
      vertex -20.970820393249937 -6 19.294657697249033
    endloop
  endfacet
  facet normal 0 -1 0
    outer loop
      vertex -35 -6 25
      vertex -21.06920782902604 -6 19.455211400312542
      vertex -21.141267819554184 -6 19.629179606750064
    endloop
  endfacet
  facet normal 0 -1 0
    outer loop
      vertex -35 -6 25
      vertex -21.185226008714164 -6 19.812278641951725
      vertex -21.2 -6 20
    endloop
  endfacet
  facet normal 0 -1 0
    outer loop
      vertex -35 -6 25
      vertex -21.2 -6 20
      vertex -21.185226008714164 -6 20.187721358048275
    endloop
  endfacet
  facet normal 0 -1 0
    outer loop
      vertex -35 -6 25
      vertex -21.185226008714164 -6 20.187721358048275
      vertex -21.141267819554184 -6 20.370820393249936
    endloop
  endfacet
  facet normal 0 -1 0
    outer loop
      vertex -35 -6 25
      vertex -21.141267819554184 -6 20.370820393249936
      vertex -21.06920782902604 -6 20.544788599687458
    endloop
  endfacet
  facet normal 0 -1 0
    outer loop
      vertex -35 -6 25
      vertex -21.06920782902604 -6 20.544788599687458
      vertex -20.970820393249937 -6 20.705342302750967
    endloop
  endfacet
  facet normal 0 -1 0
    outer loop
      vertex -35 -6 25
      vertex -20.970820393249937 -6 20.705342302750967
      vertex -20.848528137423855 -6 20.848528137423855
    endloop
  endfacet
  facet normal 0 -1 0
    outer loop
      vertex -35 -6 25
      vertex -20.848528137423855 -6 20.848528137423855
      vertex -20.705342302750967 -6 20.970820393249937
    endloop
  endfacet
  facet normal 0 -1 0
    outer loop
      vertex -35 -6 25
      vertex -20.705342302750967 -6 20.970820393249937
      vertex -20.544788599687458 -6 21.06920782902604
    endloop
  endfacet
  facet normal 0 -1 0
    outer loop
      vertex -35 -6 25
      vertex -20.544788599687458 -6 21.06920782902604
      vertex -20.370820393249936 -6 21.141267819554184
    endloop
  endfacet
  facet normal 0 -1 0
    outer loop
      vertex -35 -6 25
      vertex -20.370820393249936 -6 21.141267819554184
      vertex -20.187721358048275 -6 21.185226008714164
    endloop
  endfacet
  facet normal 0 -1 0
    outer loop
      vertex -35 -6 25
      vertex -20.187721358048275 -6 21.185226008714164
      vertex -20 -6 21.2
    endloop
  endfacet
  facet normal 0 1 0
    outer loop
      vertex -25.75 0 22.5
      vertex -21.141267819554184 0 20.370820393249936
      vertex -21.185226008714164 0 20.187721358048275
    endloop
  endfacet
  facet normal 0 1 0
    outer loop
      vertex -25.75 0 22.5
      vertex -21.06920782902604 0 20.544788599687458
      vertex -21.141267819554184 0 20.370820393249936
    endloop
  endfacet
  facet normal 0 1 0
    outer loop
      vertex -25.75 0 22.5
      vertex -20.970820393249937 0 20.705342302750967
      vertex -21.06920782902604 0 20.544788599687458
    endloop
  endfacet
  facet normal 0 1 0
    outer loop
      vertex -25.75 0 22.5
      vertex -20.848528137423855 0 20.848528137423855
      vertex -20.970820393249937 0 20.705342302750967
    endloop
  endfacet
  facet normal 0 1 0
    outer loop
      vertex -25.75 0 22.5
      vertex -20.705342302750967 0 20.970820393249937
      vertex -20.848528137423855 0 20.848528137423855
    endloop
  endfacet
  facet normal 0 1 0
    outer loop
      vertex -25.75 0 22.5
      vertex -20.544788599687458 0 21.06920782902604
      vertex -20.705342302750967 0 20.970820393249937
    endloop
  endfacet
  facet normal 0 1 0
    outer loop
      vertex -25.75 0 22.5
      vertex -20.370820393249936 0 21.141267819554184
      vertex -20.544788599687458 0 21.06920782902604
    endloop
  endfacet
  facet normal 0 1 0
    outer loop
      vertex -25.75 0 22.5
      vertex -20.187721358048275 0 21.185226008714164
      vertex -20.370820393249936 0 21.141267819554184
    endloop
  endfacet
  facet normal 0 1 0
    outer loop
      vertex -25.75 0 22.5
      vertex -20 0 21.2
      vertex -20.187721358048275 0 21.185226008714164
    endloop
  endfacet
  facet normal 0 -1 0
    outer loop
      vertex -35 -6 -25
      vertex 20 -6 18.8
      vertex -20 -6 18.8
    endloop
  endfacet
  facet normal 0 1 0
    outer loop
      vertex -25.75 0 -22.5
      vertex -19.151471862576145 0 19.151471862576145
      vertex 19.151471862576145 0 19.151471862576145
    endloop
  endfacet
  facet normal 0 0 1
    outer loop
      vertex -35 -6 25
      vertex 35 -6 25
      vertex -35 0 25
    endloop
  endfacet
  facet normal 0 1 0
    outer loop
      vertex -35 0 25
      vertex 25.75 0 22.5
      vertex -25.75 0 22.5
    endloop
  endfacet
  facet normal 0 -1 0
    outer loop
      vertex -20 -6 18.8
      vertex 19.812278641951725 -6 18.814773991285836
      vertex -19.812278641951725 -6 18.814773991285836
    endloop
  endfacet
  facet normal 0 -1 0
    outer loop
      vertex -19.812278641951725 -6 18.814773991285836
      vertex 19.629179606750064 -6 18.858732180445816
      vertex -19.629179606750064 -6 18.858732180445816
    endloop
  endfacet
  facet normal 0 -1 0
    outer loop
      vertex -19.629179606750064 -6 18.858732180445816
      vertex 19.455211400312542 -6 18.93079217097396
      vertex -19.455211400312542 -6 18.93079217097396
    endloop
  endfacet
  facet normal 0 -1 0
    outer loop
      vertex -19.455211400312542 -6 18.93079217097396
      vertex 19.294657697249033 -6 19.029179606750063
      vertex -19.294657697249033 -6 19.029179606750063
    endloop
  endfacet
  facet normal 0 -1 0
    outer loop
      vertex -19.294657697249033 -6 19.029179606750063
      vertex 19.151471862576145 -6 19.151471862576145
      vertex -19.151471862576145 -6 19.151471862576145
    endloop
  endfacet
  facet normal 0 -1 0
    outer loop
      vertex -19.151471862576145 -6 19.151471862576145
      vertex 19.029179606750063 -6 19.294657697249033
      vertex -19.029179606750063 -6 19.294657697249033
    endloop
  endfacet
  facet normal 0 -1 0
    outer loop
      vertex -18.93079217097396 -6 19.455211400312542
      vertex -19.029179606750063 -6 19.294657697249033
      vertex 18.93079217097396 -6 19.455211400312542
    endloop
  endfacet
  facet normal 0 -1 0
    outer loop
      vertex -18.858732180445816 -6 19.629179606750064
      vertex -18.93079217097396 -6 19.455211400312542
      vertex 18.858732180445816 -6 19.629179606750064
    endloop
  endfacet
  facet normal 0 -1 0
    outer loop
      vertex -18.814773991285836 -6 19.812278641951725
      vertex -18.858732180445816 -6 19.629179606750064
      vertex 18.814773991285836 -6 19.812278641951725
    endloop
  endfacet
  facet normal 0 -1 0
    outer loop
      vertex -18.8 -6 20
      vertex -18.814773991285836 -6 19.812278641951725
      vertex 18.8 -6 20
    endloop
  endfacet
  facet normal 0 -1 0
    outer loop
      vertex -18.814773991285836 -6 20.187721358048275
      vertex -18.8 -6 20
      vertex 18.814773991285836 -6 20.187721358048275
    endloop
  endfacet
  facet normal 0 -1 0
    outer loop
      vertex -18.858732180445816 -6 20.370820393249936
      vertex -18.814773991285836 -6 20.187721358048275
      vertex 18.858732180445816 -6 20.370820393249936
    endloop
  endfacet
  facet normal 0 -1 0
    outer loop
      vertex -18.93079217097396 -6 20.544788599687458
      vertex -18.858732180445816 -6 20.370820393249936
      vertex 18.93079217097396 -6 20.544788599687458
    endloop
  endfacet
  facet normal 0 -1 0
    outer loop
      vertex -19.029179606750063 -6 20.705342302750967
      vertex -18.93079217097396 -6 20.544788599687458
      vertex 19.029179606750063 -6 20.705342302750967
    endloop
  endfacet
  facet normal 0 -1 0
    outer loop
      vertex -19.151471862576145 -6 20.848528137423855
      vertex -19.029179606750063 -6 20.705342302750967
      vertex 19.151471862576145 -6 20.848528137423855
    endloop
  endfacet
  facet normal 0 -1 0
    outer loop
      vertex -19.151471862576145 -6 20.848528137423855
      vertex 19.294657697249033 -6 20.970820393249937
      vertex -19.294657697249033 -6 20.970820393249937
    endloop
  endfacet
  facet normal 0 -1 0
    outer loop
      vertex -19.294657697249033 -6 20.970820393249937
      vertex 19.455211400312542 -6 21.06920782902604
      vertex -19.455211400312542 -6 21.06920782902604
    endloop
  endfacet
  facet normal 0 -1 0
    outer loop
      vertex -19.455211400312542 -6 21.06920782902604
      vertex 19.629179606750064 -6 21.141267819554184
      vertex -19.629179606750064 -6 21.141267819554184
    endloop
  endfacet
  facet normal 0 -1 0
    outer loop
      vertex -35 -6 25
      vertex -20 -6 21.2
      vertex 35 -6 25
    endloop
  endfacet
  facet normal 0 -1 0
    outer loop
      vertex 35 -6 25
      vertex -19.812278641951725 -6 21.185226008714164
      vertex -19.629179606750064 -6 21.141267819554184
    endloop
  endfacet
  facet normal 0 -1 0
    outer loop
      vertex 35 -6 25
      vertex -20 -6 21.2
      vertex -19.812278641951725 -6 21.185226008714164
    endloop
  endfacet
  facet normal 0 1 0
    outer loop
      vertex -19.029179606750063 0 19.294657697249033
      vertex 19.151471862576145 0 19.151471862576145
      vertex -19.151471862576145 0 19.151471862576145
    endloop
  endfacet
  facet normal 0 1 0
    outer loop
      vertex -19.029179606750063 0 19.294657697249033
      vertex -18.93079217097396 0 19.455211400312542
      vertex 19.029179606750063 0 19.294657697249033
    endloop
  endfacet
  facet normal 0 1 0
    outer loop
      vertex -18.93079217097396 0 19.455211400312542
      vertex -18.858732180445816 0 19.629179606750064
      vertex 18.93079217097396 0 19.455211400312542
    endloop
  endfacet
  facet normal 0 1 0
    outer loop
      vertex -18.858732180445816 0 19.629179606750064
      vertex -18.814773991285836 0 19.812278641951725
      vertex 18.858732180445816 0 19.629179606750064
    endloop
  endfacet
  facet normal 0 1 0
    outer loop
      vertex -18.814773991285836 0 19.812278641951725
      vertex -18.8 0 20
      vertex 18.814773991285836 0 19.812278641951725
    endloop
  endfacet
  facet normal 0 1 0
    outer loop
      vertex -18.8 0 20
      vertex -18.814773991285836 0 20.187721358048275
      vertex 18.8 0 20
    endloop
  endfacet
  facet normal 0 1 0
    outer loop
      vertex -18.814773991285836 0 20.187721358048275
      vertex -18.858732180445816 0 20.370820393249936
      vertex 18.814773991285836 0 20.187721358048275
    endloop
  endfacet
  facet normal 0 1 0
    outer loop
      vertex -18.858732180445816 0 20.370820393249936
      vertex -18.93079217097396 0 20.544788599687458
      vertex 18.858732180445816 0 20.370820393249936
    endloop
  endfacet
  facet normal 0 1 0
    outer loop
      vertex -18.93079217097396 0 20.544788599687458
      vertex -19.029179606750063 0 20.705342302750967
      vertex 18.93079217097396 0 20.544788599687458
    endloop
  endfacet
  facet normal 0 1 0
    outer loop
      vertex -19.629179606750064 0 21.141267819554184
      vertex 19.455211400312542 0 21.06920782902604
      vertex -19.455211400312542 0 21.06920782902604
    endloop
  endfacet
  facet normal 0 1 0
    outer loop
      vertex -19.029179606750063 0 20.705342302750967
      vertex -19.151471862576145 0 20.848528137423855
      vertex 19.029179606750063 0 20.705342302750967
    endloop
  endfacet
  facet normal 0 1 0
    outer loop
      vertex -19.294657697249033 0 20.970820393249937
      vertex 19.151471862576145 0 20.848528137423855
      vertex -19.151471862576145 0 20.848528137423855
    endloop
  endfacet
  facet normal 0 1 0
    outer loop
      vertex -19.455211400312542 0 21.06920782902604
      vertex 19.294657697249033 0 20.970820393249937
      vertex -19.294657697249033 0 20.970820393249937
    endloop
  endfacet
  facet normal 0 1 0
    outer loop
      vertex -20 0 21.2
      vertex 19.812278641951725 0 21.185226008714164
      vertex -19.812278641951725 0 21.185226008714164
    endloop
  endfacet
  facet normal 0 1 0
    outer loop
      vertex -19.812278641951725 0 21.185226008714164
      vertex 19.629179606750064 0 21.141267819554184
      vertex -19.629179606750064 0 21.141267819554184
    endloop
  endfacet
  facet normal 0 1 0
    outer loop
      vertex -25.75 0 22.5
      vertex 25.75 0 22.5
      vertex -20 0 21.2
    endloop
  endfacet
  facet normal 0 -1 0
    outer loop
      vertex -19.629179606750064 -6 -21.141267819554184
      vertex 19.629179606750064 -6 -21.141267819554184
      vertex 19.455211400312542 -6 -21.06920782902604
    endloop
  endfacet
  facet normal 0 -1 0
    outer loop
      vertex -20 -6 -21.2
      vertex 20 -6 -21.2
      vertex 19.812278641951725 -6 -21.185226008714164
    endloop
  endfacet
  facet normal 0 -1 0
    outer loop
      vertex -19.812278641951725 -6 -21.185226008714164
      vertex 19.812278641951725 -6 -21.185226008714164
      vertex 19.629179606750064 -6 -21.141267819554184
    endloop
  endfacet
  facet normal 0 -1 0
    outer loop
      vertex -19.455211400312542 -6 -21.06920782902604
      vertex 19.455211400312542 -6 -21.06920782902604
      vertex 19.294657697249033 -6 -20.970820393249937
    endloop
  endfacet
  facet normal 0 -1 0
    outer loop
      vertex -19.294657697249033 -6 -20.970820393249937
      vertex 19.294657697249033 -6 -20.970820393249937
      vertex 19.151471862576145 -6 -20.848528137423855
    endloop
  endfacet
  facet normal 0 -1 0
    outer loop
      vertex -19.151471862576145 -6 -20.848528137423855
      vertex 19.151471862576145 -6 -20.848528137423855
      vertex 19.029179606750063 -6 -20.705342302750967
    endloop
  endfacet
  facet normal 0 -1 0
    outer loop
      vertex -19.029179606750063 -6 -20.705342302750967
      vertex 19.029179606750063 -6 -20.705342302750967
      vertex 18.93079217097396 -6 -20.544788599687458
    endloop
  endfacet
  facet normal 0 -1 0
    outer loop
      vertex -18.93079217097396 -6 -20.544788599687458
      vertex 18.93079217097396 -6 -20.544788599687458
      vertex 18.858732180445816 -6 -20.370820393249936
    endloop
  endfacet
  facet normal 0 -1 0
    outer loop
      vertex -18.858732180445816 -6 -20.370820393249936
      vertex 18.858732180445816 -6 -20.370820393249936
      vertex 18.814773991285836 -6 -20.187721358048275
    endloop
  endfacet
  facet normal 0 -1 0
    outer loop
      vertex -18.814773991285836 -6 -20.187721358048275
      vertex 18.814773991285836 -6 -20.187721358048275
      vertex 18.8 -6 -20
    endloop
  endfacet
  facet normal 0 -1 0
    outer loop
      vertex -18.8 -6 -20
      vertex 18.8 -6 -20
      vertex 18.814773991285836 -6 -19.812278641951725
    endloop
  endfacet
  facet normal 0 -1 0
    outer loop
      vertex -18.814773991285836 -6 -19.812278641951725
      vertex 18.814773991285836 -6 -19.812278641951725
      vertex 18.858732180445816 -6 -19.629179606750064
    endloop
  endfacet
  facet normal 0 -1 0
    outer loop
      vertex -18.858732180445816 -6 -19.629179606750064
      vertex 18.858732180445816 -6 -19.629179606750064
      vertex 18.93079217097396 -6 -19.455211400312542
    endloop
  endfacet
  facet normal 0 -1 0
    outer loop
      vertex -18.93079217097396 -6 -19.455211400312542
      vertex 18.93079217097396 -6 -19.455211400312542
      vertex 19.029179606750063 -6 -19.294657697249033
    endloop
  endfacet
  facet normal 0 -1 0
    outer loop
      vertex -19.029179606750063 -6 -19.294657697249033
      vertex 19.029179606750063 -6 -19.294657697249033
      vertex 19.151471862576145 -6 -19.151471862576145
    endloop
  endfacet
  facet normal 0 -1 0
    outer loop
      vertex -19.151471862576145 -6 -19.151471862576145
      vertex 19.151471862576145 -6 -19.151471862576145
      vertex 19.294657697249033 -6 -19.029179606750063
    endloop
  endfacet
  facet normal 0 1 0
    outer loop
      vertex -25.75 0 -22.5
      vertex 20 0 -21.2
      vertex 25.75 0 -22.5
    endloop
  endfacet
  facet normal 0 1 0
    outer loop
      vertex -25.75 0 -22.5
      vertex 19.629179606750064 0 -21.141267819554184
      vertex 19.812278641951725 0 -21.185226008714164
    endloop
  endfacet
  facet normal 0 1 0
    outer loop
      vertex -25.75 0 -22.5
      vertex 19.812278641951725 0 -21.185226008714164
      vertex 20 0 -21.2
    endloop
  endfacet
  facet normal 0 1 0
    outer loop
      vertex -19.294657697249033 0 -20.970820393249937
      vertex 19.294657697249033 0 -20.970820393249937
      vertex 19.455211400312542 0 -21.06920782902604
    endloop
  endfacet
  facet normal 0 1 0
    outer loop
      vertex -19.151471862576145 0 -20.848528137423855
      vertex 19.151471862576145 0 -20.848528137423855
      vertex 19.294657697249033 0 -20.970820393249937
    endloop
  endfacet
  facet normal 0 1 0
    outer loop
      vertex -19.029179606750063 0 -20.705342302750967
      vertex 19.029179606750063 0 -20.705342302750967
      vertex 19.151471862576145 0 -20.848528137423855
    endloop
  endfacet
  facet normal 0 1 0
    outer loop
      vertex -19.455211400312542 0 -21.06920782902604
      vertex 19.455211400312542 0 -21.06920782902604
      vertex 19.629179606750064 0 -21.141267819554184
    endloop
  endfacet
  facet normal 0 1 0
    outer loop
      vertex -18.93079217097396 0 -20.544788599687458
      vertex 18.93079217097396 0 -20.544788599687458
      vertex 19.029179606750063 0 -20.705342302750967
    endloop
  endfacet
  facet normal 0 1 0
    outer loop
      vertex -18.858732180445816 0 -20.370820393249936
      vertex 18.858732180445816 0 -20.370820393249936
      vertex 18.93079217097396 0 -20.544788599687458
    endloop
  endfacet
  facet normal 0 1 0
    outer loop
      vertex -18.814773991285836 0 -20.187721358048275
      vertex 18.814773991285836 0 -20.187721358048275
      vertex 18.858732180445816 0 -20.370820393249936
    endloop
  endfacet
  facet normal 0 1 0
    outer loop
      vertex -18.8 0 -20
      vertex 18.8 0 -20
      vertex 18.814773991285836 0 -20.187721358048275
    endloop
  endfacet
  facet normal 0 1 0
    outer loop
      vertex -18.814773991285836 0 -19.812278641951725
      vertex 18.814773991285836 0 -19.812278641951725
      vertex 18.8 0 -20
    endloop
  endfacet
  facet normal 0 1 0
    outer loop
      vertex -18.858732180445816 0 -19.629179606750064
      vertex 18.858732180445816 0 -19.629179606750064
      vertex 18.814773991285836 0 -19.812278641951725
    endloop
  endfacet
  facet normal 0 1 0
    outer loop
      vertex -18.93079217097396 0 -19.455211400312542
      vertex 18.93079217097396 0 -19.455211400312542
      vertex 18.858732180445816 0 -19.629179606750064
    endloop
  endfacet
  facet normal 0 1 0
    outer loop
      vertex -19.029179606750063 0 -19.294657697249033
      vertex 19.029179606750063 0 -19.294657697249033
      vertex 18.93079217097396 0 -19.455211400312542
    endloop
  endfacet
  facet normal 0 1 0
    outer loop
      vertex -19.151471862576145 0 -19.151471862576145
      vertex 19.151471862576145 0 -19.151471862576145
      vertex 19.029179606750063 0 -19.294657697249033
    endloop
  endfacet
  facet normal 0 1 0
    outer loop
      vertex -19.294657697249033 0 -19.029179606750063
      vertex 19.294657697249033 0 -19.029179606750063
      vertex 19.151471862576145 0 -19.151471862576145
    endloop
  endfacet
  facet normal 0 1 0
    outer loop
      vertex -19.455211400312542 0 -18.93079217097396
      vertex 19.455211400312542 0 -18.93079217097396
      vertex 19.294657697249033 0 -19.029179606750063
    endloop
  endfacet
  facet normal 0 1 0
    outer loop
      vertex -19.629179606750064 0 -18.858732180445816
      vertex 19.629179606750064 0 -18.858732180445816
      vertex 19.455211400312542 0 -18.93079217097396
    endloop
  endfacet
  facet normal 0 1 0
    outer loop
      vertex -19.812278641951725 0 -18.814773991285836
      vertex 19.812278641951725 0 -18.814773991285836
      vertex 19.629179606750064 0 -18.858732180445816
    endloop
  endfacet
  facet normal 0 1 0
    outer loop
      vertex -20 0 -18.8
      vertex 20 0 -18.8
      vertex 19.812278641951725 0 -18.814773991285836
    endloop
  endfacet
  facet normal 0 -1 0
    outer loop
      vertex 35 -6 -25
      vertex 20 -6 -21.2
      vertex -20 -6 -21.2
    endloop
  endfacet
  facet normal 0 0 -1
    outer loop
      vertex -35 -6 -25
      vertex 35 0 -25
      vertex 35 -6 -25
    endloop
  endfacet
  facet normal 0 1 0
    outer loop
      vertex -25.75 0 -22.5
      vertex 25.75 0 -22.5
      vertex 35 0 -25
    endloop
  endfacet
  facet normal 0 1 0
    outer loop
      vertex 25.75 0 22.5
      vertex 20 0 -18.8
      vertex -20 0 -18.8
    endloop
  endfacet
  facet normal 0 -1 0
    outer loop
      vertex 35 -6 25
      vertex -19.294657697249033 -6 -19.029179606750063
      vertex 19.294657697249033 -6 -19.029179606750063
    endloop
  endfacet
  facet normal 0 -1 0
    outer loop
      vertex 35 -6 -25
      vertex 20.187721358048275 -6 -21.185226008714164
      vertex 20 -6 -21.2
    endloop
  endfacet
  facet normal 0 -1 0
    outer loop
      vertex 35 -6 -25
      vertex 20.370820393249936 -6 -21.141267819554184
      vertex 20.187721358048275 -6 -21.185226008714164
    endloop
  endfacet
  facet normal 0 -1 0
    outer loop
      vertex 35 -6 -25
      vertex 20.544788599687458 -6 -21.06920782902604
      vertex 20.370820393249936 -6 -21.141267819554184
    endloop
  endfacet
  facet normal 0 -1 0
    outer loop
      vertex 35 -6 -25
      vertex 20.705342302750967 -6 -20.970820393249937
      vertex 20.544788599687458 -6 -21.06920782902604
    endloop
  endfacet
  facet normal 0 -1 0
    outer loop
      vertex 35 -6 -25
      vertex 20.848528137423855 -6 -20.848528137423855
      vertex 20.705342302750967 -6 -20.970820393249937
    endloop
  endfacet
  facet normal 0 -1 0
    outer loop
      vertex 35 -6 -25
      vertex 20.970820393249937 -6 -20.705342302750967
      vertex 20.848528137423855 -6 -20.848528137423855
    endloop
  endfacet
  facet normal 0 -1 0
    outer loop
      vertex 35 -6 -25
      vertex 21.06920782902604 -6 -20.544788599687458
      vertex 20.970820393249937 -6 -20.705342302750967
    endloop
  endfacet
  facet normal 0 -1 0
    outer loop
      vertex 35 -6 -25
      vertex 21.141267819554184 -6 -20.370820393249936
      vertex 21.06920782902604 -6 -20.544788599687458
    endloop
  endfacet
  facet normal 0 1 0
    outer loop
      vertex 25.75 0 -22.5
      vertex 20 0 -21.2
      vertex 20.187721358048275 0 -21.185226008714164
    endloop
  endfacet
  facet normal 0 1 0
    outer loop
      vertex 25.75 0 -22.5
      vertex 20.187721358048275 0 -21.185226008714164
      vertex 20.370820393249936 0 -21.141267819554184
    endloop
  endfacet
  facet normal 0 1 0
    outer loop
      vertex 25.75 0 -22.5
      vertex 20.370820393249936 0 -21.141267819554184
      vertex 20.544788599687458 0 -21.06920782902604
    endloop
  endfacet
  facet normal 0 1 0
    outer loop
      vertex 25.75 0 -22.5
      vertex 20.544788599687458 0 -21.06920782902604
      vertex 20.705342302750967 0 -20.970820393249937
    endloop
  endfacet
  facet normal 0 1 0
    outer loop
      vertex 25.75 0 -22.5
      vertex 20.705342302750967 0 -20.970820393249937
      vertex 20.848528137423855 0 -20.848528137423855
    endloop
  endfacet
  facet normal 0 1 0
    outer loop
      vertex 25.75 0 -22.5
      vertex 20.848528137423855 0 -20.848528137423855
      vertex 20.970820393249937 0 -20.705342302750967
    endloop
  endfacet
  facet normal 0 1 0
    outer loop
      vertex 25.75 0 -22.5
      vertex 20.970820393249937 0 -20.705342302750967
      vertex 21.06920782902604 0 -20.544788599687458
    endloop
  endfacet
  facet normal 0 1 0
    outer loop
      vertex 25.75 0 -22.5
      vertex 21.06920782902604 0 -20.544788599687458
      vertex 21.141267819554184 0 -20.370820393249936
    endloop
  endfacet
  facet normal 0 1 0
    outer loop
      vertex 25.75 0 -22.5
      vertex 21.141267819554184 0 -19.629179606750064
      vertex 21.06920782902604 0 -19.455211400312542
    endloop
  endfacet
  facet normal 0 1 0
    outer loop
      vertex 25.75 0 -22.5
      vertex 21.06920782902604 0 -19.455211400312542
      vertex 20.970820393249937 0 -19.294657697249033
    endloop
  endfacet
  facet normal 0 1 0
    outer loop
      vertex 25.75 0 -22.5
      vertex 20.970820393249937 0 -19.294657697249033
      vertex 20.848528137423855 0 -19.151471862576145
    endloop
  endfacet
  facet normal 0 1 0
    outer loop
      vertex 25.75 0 -22.5
      vertex 20.848528137423855 0 -19.151471862576145
      vertex 20.705342302750967 0 -19.029179606750063
    endloop
  endfacet
  facet normal 0 1 0
    outer loop
      vertex 25.75 0 -22.5
      vertex 21.141267819554184 0 -20.370820393249936
      vertex 21.185226008714164 0 -20.187721358048275
    endloop
  endfacet
  facet normal 0 1 0
    outer loop
      vertex 25.75 0 -22.5
      vertex 21.185226008714164 0 -20.187721358048275
      vertex 21.2 0 -20
    endloop
  endfacet
  facet normal 0 1 0
    outer loop
      vertex 25.75 0 -22.5
      vertex 21.2 0 -20
      vertex 21.185226008714164 0 -19.812278641951725
    endloop
  endfacet
  facet normal 0 1 0
    outer loop
      vertex 25.75 0 -22.5
      vertex 21.185226008714164 0 -19.812278641951725
      vertex 21.141267819554184 0 -19.629179606750064
    endloop
  endfacet
  facet normal 1 0 0
    outer loop
      vertex 35 -6 -25
      vertex 35 0 -25
      vertex 35 0 -22.5
    endloop
  endfacet
  facet normal 1 0 0
    outer loop
      vertex 35 -6 -25
      vertex 35 0 -22.5
      vertex 35 -0.4745715202988192 -22.5
    endloop
  endfacet
  facet normal 0 1 0
    outer loop
      vertex 25.75 0 -22.5
      vertex 35 0 -22.5
      vertex 35 0 -25
    endloop
  endfacet
  facet normal 0 -1 0
    outer loop
      vertex 35 -6 25
      vertex 19.294657697249033 -6 -19.029179606750063
      vertex 19.455211400312542 -6 -18.93079217097396
    endloop
  endfacet
  facet normal 0 -1 0
    outer loop
      vertex 35 -6 25
      vertex 19.455211400312542 -6 -18.93079217097396
      vertex 19.629179606750064 -6 -18.858732180445816
    endloop
  endfacet
  facet normal 0 -1 0
    outer loop
      vertex 35 -6 25
      vertex 19.629179606750064 -6 -18.858732180445816
      vertex 19.812278641951725 -6 -18.814773991285836
    endloop
  endfacet
  facet normal 0 -1 0
    outer loop
      vertex 35 -6 25
      vertex 21.185226008714164 -6 -20.187721358048275
      vertex 21.141267819554184 -6 -20.370820393249936
    endloop
  endfacet
  facet normal 0 -1 0
    outer loop
      vertex 35 -6 25
      vertex 21.06920782902604 -6 -19.455211400312542
      vertex 21.141267819554184 -6 -19.629179606750064
    endloop
  endfacet
  facet normal 0 -1 0
    outer loop
      vertex 35 -6 25
      vertex 21.2 -6 -20
      vertex 21.185226008714164 -6 -20.187721358048275
    endloop
  endfacet
  facet normal 0 -1 0
    outer loop
      vertex 35 -6 25
      vertex 21.185226008714164 -6 -19.812278641951725
      vertex 21.2 -6 -20
    endloop
  endfacet
  facet normal 0 -1 0
    outer loop
      vertex 35 -6 25
      vertex 21.141267819554184 -6 -19.629179606750064
      vertex 21.185226008714164 -6 -19.812278641951725
    endloop
  endfacet
  facet normal 0 -1 0
    outer loop
      vertex 35 -6 25
      vertex 20.544788599687458 -6 -18.93079217097396
      vertex 20.705342302750967 -6 -19.029179606750063
    endloop
  endfacet
  facet normal 0 -1 0
    outer loop
      vertex 35 -6 25
      vertex 19.812278641951725 -6 -18.814773991285836
      vertex 20 -6 -18.8
    endloop
  endfacet
  facet normal 0 -1 0
    outer loop
      vertex 35 -6 25
      vertex 20 -6 -18.8
      vertex 20.187721358048275 -6 -18.814773991285836
    endloop
  endfacet
  facet normal 0 -1 0
    outer loop
      vertex 35 -6 25
      vertex 20.187721358048275 -6 -18.814773991285836
      vertex 20.370820393249936 -6 -18.858732180445816
    endloop
  endfacet
  facet normal 0 -1 0
    outer loop
      vertex 35 -6 25
      vertex 20.370820393249936 -6 -18.858732180445816
      vertex 20.544788599687458 -6 -18.93079217097396
    endloop
  endfacet
  facet normal 0 -1 0
    outer loop
      vertex 35 -6 25
      vertex 20.970820393249937 -6 -19.294657697249033
      vertex 21.06920782902604 -6 -19.455211400312542
    endloop
  endfacet
  facet normal 0 -1 0
    outer loop
      vertex 35 -6 25
      vertex 20.848528137423855 -6 -19.151471862576145
      vertex 20.970820393249937 -6 -19.294657697249033
    endloop
  endfacet
  facet normal 0 -1 0
    outer loop
      vertex 35 -6 25
      vertex 20.705342302750967 -6 -19.029179606750063
      vertex 20.848528137423855 -6 -19.151471862576145
    endloop
  endfacet
  facet normal 0 1 0
    outer loop
      vertex 25.75 0 -22.5
      vertex 20.705342302750967 0 -19.029179606750063
      vertex 25.75 0 22.5
    endloop
  endfacet
  facet normal 0 1 0
    outer loop
      vertex 25.75 0 22.5
      vertex 20.187721358048275 0 -18.814773991285836
      vertex 20 0 -18.8
    endloop
  endfacet
  facet normal 0 1 0
    outer loop
      vertex 25.75 0 22.5
      vertex 20.544788599687458 0 -18.93079217097396
      vertex 20.370820393249936 0 -18.858732180445816
    endloop
  endfacet
  facet normal 0 1 0
    outer loop
      vertex 25.75 0 22.5
      vertex 20.705342302750967 0 -19.029179606750063
      vertex 20.544788599687458 0 -18.93079217097396
    endloop
  endfacet
  facet normal 0 1 0
    outer loop
      vertex 25.75 0 22.5
      vertex 20.370820393249936 0 -18.858732180445816
      vertex 20.187721358048275 0 -18.814773991285836
    endloop
  endfacet
  facet normal 0 -1 0
    outer loop
      vertex 35 -6 -25
      vertex 35 -6 25
      vertex 21.141267819554184 -6 -20.370820393249936
    endloop
  endfacet
  facet normal 1 0 0
    outer loop
      vertex 35 -6 -25
      vertex 35 -0.4745715202988192 -22.5
      vertex 35 -6 25
    endloop
  endfacet
  facet normal 0 -1 0
    outer loop
      vertex -35 -6 -25
      vertex 20.187721358048275 -6 18.814773991285836
      vertex 20 -6 18.8
    endloop
  endfacet
  facet normal 0 -1 0
    outer loop
      vertex -35 -6 -25
      vertex 20.370820393249936 -6 18.858732180445816
      vertex 20.187721358048275 -6 18.814773991285836
    endloop
  endfacet
  facet normal 0 -1 0
    outer loop
      vertex -35 -6 -25
      vertex 20.544788599687458 -6 18.93079217097396
      vertex 20.370820393249936 -6 18.858732180445816
    endloop
  endfacet
  facet normal 0 -1 0
    outer loop
      vertex -35 -6 -25
      vertex 20.705342302750967 -6 19.029179606750063
      vertex 20.544788599687458 -6 18.93079217097396
    endloop
  endfacet
  facet normal 0 -1 0
    outer loop
      vertex -35 -6 -25
      vertex 35 -6 25
      vertex 20.705342302750967 -6 19.029179606750063
    endloop
  endfacet
  facet normal 0 1 0
    outer loop
      vertex -25.75 0 -22.5
      vertex 19.151471862576145 0 19.151471862576145
      vertex 19.294657697249033 0 19.029179606750063
    endloop
  endfacet
  facet normal 0 1 0
    outer loop
      vertex -25.75 0 -22.5
      vertex 19.294657697249033 0 19.029179606750063
      vertex 19.455211400312542 0 18.93079217097396
    endloop
  endfacet
  facet normal 0 1 0
    outer loop
      vertex -25.75 0 -22.5
      vertex 19.455211400312542 0 18.93079217097396
      vertex 19.629179606750064 0 18.858732180445816
    endloop
  endfacet
  facet normal 0 1 0
    outer loop
      vertex -25.75 0 -22.5
      vertex 19.629179606750064 0 18.858732180445816
      vertex 19.812278641951725 0 18.814773991285836
    endloop
  endfacet
  facet normal 0 1 0
    outer loop
      vertex -25.75 0 -22.5
      vertex 19.812278641951725 0 18.814773991285836
      vertex 20 0 18.8
    endloop
  endfacet
  facet normal 0 1 0
    outer loop
      vertex -25.75 0 -22.5
      vertex 20 0 18.8
      vertex 20.187721358048275 0 18.814773991285836
    endloop
  endfacet
  facet normal 0 1 0
    outer loop
      vertex -25.75 0 -22.5
      vertex 20.187721358048275 0 18.814773991285836
      vertex 20.370820393249936 0 18.858732180445816
    endloop
  endfacet
  facet normal 0 1 0
    outer loop
      vertex -25.75 0 -22.5
      vertex 20.370820393249936 0 18.858732180445816
      vertex 20.544788599687458 0 18.93079217097396
    endloop
  endfacet
  facet normal 0 1 0
    outer loop
      vertex -25.75 0 -22.5
      vertex 20.544788599687458 0 18.93079217097396
      vertex 20.705342302750967 0 19.029179606750063
    endloop
  endfacet
  facet normal 0 1 0
    outer loop
      vertex -25.75 0 -22.5
      vertex 20.705342302750967 0 19.029179606750063
      vertex 20.848528137423855 0 19.151471862576145
    endloop
  endfacet
  facet normal 0 1 0
    outer loop
      vertex -25.75 0 -22.5
      vertex 20.848528137423855 0 19.151471862576145
      vertex 25.75 0 22.5
    endloop
  endfacet
  facet normal 0 -1 0
    outer loop
      vertex -19.629179606750064 -6 18.858732180445816
      vertex 19.629179606750064 -6 18.858732180445816
      vertex 19.455211400312542 -6 18.93079217097396
    endloop
  endfacet
  facet normal 0 -1 0
    outer loop
      vertex -19.455211400312542 -6 18.93079217097396
      vertex 19.455211400312542 -6 18.93079217097396
      vertex 19.294657697249033 -6 19.029179606750063
    endloop
  endfacet
  facet normal 0 -1 0
    outer loop
      vertex -19.294657697249033 -6 19.029179606750063
      vertex 19.294657697249033 -6 19.029179606750063
      vertex 19.151471862576145 -6 19.151471862576145
    endloop
  endfacet
  facet normal 0 -1 0
    outer loop
      vertex -19.812278641951725 -6 18.814773991285836
      vertex 19.812278641951725 -6 18.814773991285836
      vertex 19.629179606750064 -6 18.858732180445816
    endloop
  endfacet
  facet normal 0 -1 0
    outer loop
      vertex -20 -6 18.8
      vertex 20 -6 18.8
      vertex 19.812278641951725 -6 18.814773991285836
    endloop
  endfacet
  facet normal 0 -1 0
    outer loop
      vertex -19.151471862576145 -6 19.151471862576145
      vertex 19.151471862576145 -6 19.151471862576145
      vertex 19.029179606750063 -6 19.294657697249033
    endloop
  endfacet
  facet normal 0 -1 0
    outer loop
      vertex -19.029179606750063 -6 19.294657697249033
      vertex 19.029179606750063 -6 19.294657697249033
      vertex 18.93079217097396 -6 19.455211400312542
    endloop
  endfacet
  facet normal 0 -1 0
    outer loop
      vertex -18.93079217097396 -6 19.455211400312542
      vertex 18.93079217097396 -6 19.455211400312542
      vertex 18.858732180445816 -6 19.629179606750064
    endloop
  endfacet
  facet normal 0 -1 0
    outer loop
      vertex -18.858732180445816 -6 19.629179606750064
      vertex 18.858732180445816 -6 19.629179606750064
      vertex 18.814773991285836 -6 19.812278641951725
    endloop
  endfacet
  facet normal 0 -1 0
    outer loop
      vertex -18.814773991285836 -6 19.812278641951725
      vertex 18.814773991285836 -6 19.812278641951725
      vertex 18.8 -6 20
    endloop
  endfacet
  facet normal 0 -1 0
    outer loop
      vertex -18.8 -6 20
      vertex 18.8 -6 20
      vertex 18.814773991285836 -6 20.187721358048275
    endloop
  endfacet
  facet normal 0 -1 0
    outer loop
      vertex -18.814773991285836 -6 20.187721358048275
      vertex 18.814773991285836 -6 20.187721358048275
      vertex 18.858732180445816 -6 20.370820393249936
    endloop
  endfacet
  facet normal 0 -1 0
    outer loop
      vertex -18.858732180445816 -6 20.370820393249936
      vertex 18.858732180445816 -6 20.370820393249936
      vertex 18.93079217097396 -6 20.544788599687458
    endloop
  endfacet
  facet normal 0 -1 0
    outer loop
      vertex -18.93079217097396 -6 20.544788599687458
      vertex 18.93079217097396 -6 20.544788599687458
      vertex 19.029179606750063 -6 20.705342302750967
    endloop
  endfacet
  facet normal 0 -1 0
    outer loop
      vertex -19.029179606750063 -6 20.705342302750967
      vertex 19.029179606750063 -6 20.705342302750967
      vertex 19.151471862576145 -6 20.848528137423855
    endloop
  endfacet
  facet normal 0 -1 0
    outer loop
      vertex -19.151471862576145 -6 20.848528137423855
      vertex 19.151471862576145 -6 20.848528137423855
      vertex 19.294657697249033 -6 20.970820393249937
    endloop
  endfacet
  facet normal 0 -1 0
    outer loop
      vertex -19.294657697249033 -6 20.970820393249937
      vertex 19.294657697249033 -6 20.970820393249937
      vertex 19.455211400312542 -6 21.06920782902604
    endloop
  endfacet
  facet normal 0 -1 0
    outer loop
      vertex -19.455211400312542 -6 21.06920782902604
      vertex 19.455211400312542 -6 21.06920782902604
      vertex 19.629179606750064 -6 21.141267819554184
    endloop
  endfacet
  facet normal 0 1 0
    outer loop
      vertex -19.029179606750063 0 19.294657697249033
      vertex 19.029179606750063 0 19.294657697249033
      vertex 19.151471862576145 0 19.151471862576145
    endloop
  endfacet
  facet normal 0 1 0
    outer loop
      vertex -18.93079217097396 0 19.455211400312542
      vertex 18.93079217097396 0 19.455211400312542
      vertex 19.029179606750063 0 19.294657697249033
    endloop
  endfacet
  facet normal 0 1 0
    outer loop
      vertex -18.858732180445816 0 19.629179606750064
      vertex 18.858732180445816 0 19.629179606750064
      vertex 18.93079217097396 0 19.455211400312542
    endloop
  endfacet
  facet normal 0 1 0
    outer loop
      vertex -18.814773991285836 0 19.812278641951725
      vertex 18.814773991285836 0 19.812278641951725
      vertex 18.858732180445816 0 19.629179606750064
    endloop
  endfacet
  facet normal 0 1 0
    outer loop
      vertex -18.8 0 20
      vertex 18.8 0 20
      vertex 18.814773991285836 0 19.812278641951725
    endloop
  endfacet
  facet normal 0 1 0
    outer loop
      vertex -18.814773991285836 0 20.187721358048275
      vertex 18.814773991285836 0 20.187721358048275
      vertex 18.8 0 20
    endloop
  endfacet
  facet normal 0 1 0
    outer loop
      vertex -18.858732180445816 0 20.370820393249936
      vertex 18.858732180445816 0 20.370820393249936
      vertex 18.814773991285836 0 20.187721358048275
    endloop
  endfacet
  facet normal 0 1 0
    outer loop
      vertex -18.93079217097396 0 20.544788599687458
      vertex 18.93079217097396 0 20.544788599687458
      vertex 18.858732180445816 0 20.370820393249936
    endloop
  endfacet
  facet normal 0 1 0
    outer loop
      vertex -19.029179606750063 0 20.705342302750967
      vertex 19.029179606750063 0 20.705342302750967
      vertex 18.93079217097396 0 20.544788599687458
    endloop
  endfacet
  facet normal 0 1 0
    outer loop
      vertex -19.151471862576145 0 20.848528137423855
      vertex 19.151471862576145 0 20.848528137423855
      vertex 19.029179606750063 0 20.705342302750967
    endloop
  endfacet
  facet normal 0 1 0
    outer loop
      vertex -19.294657697249033 0 20.970820393249937
      vertex 19.294657697249033 0 20.970820393249937
      vertex 19.151471862576145 0 20.848528137423855
    endloop
  endfacet
  facet normal 0 1 0
    outer loop
      vertex -19.455211400312542 0 21.06920782902604
      vertex 19.455211400312542 0 21.06920782902604
      vertex 19.294657697249033 0 20.970820393249937
    endloop
  endfacet
  facet normal 0 1 0
    outer loop
      vertex -19.629179606750064 0 21.141267819554184
      vertex 19.629179606750064 0 21.141267819554184
      vertex 19.455211400312542 0 21.06920782902604
    endloop
  endfacet
  facet normal 0 1 0
    outer loop
      vertex -19.812278641951725 0 21.185226008714164
      vertex 19.812278641951725 0 21.185226008714164
      vertex 19.629179606750064 0 21.141267819554184
    endloop
  endfacet
  facet normal 0 1 0
    outer loop
      vertex -20 0 21.2
      vertex 20 0 21.2
      vertex 19.812278641951725 0 21.185226008714164
    endloop
  endfacet
  facet normal 0 1 0
    outer loop
      vertex 25.75 0 22.5
      vertex 20 0 21.2
      vertex -20 0 21.2
    endloop
  endfacet
  facet normal 0 1 0
    outer loop
      vertex -35 0 25
      vertex 35 0 22.5
      vertex 25.75 0 22.5
    endloop
  endfacet
  facet normal 0 -1 0
    outer loop
      vertex 35 -6 25
      vertex -19.629179606750064 -6 21.141267819554184
      vertex 19.629179606750064 -6 21.141267819554184
    endloop
  endfacet
  facet normal 0 0 1
    outer loop
      vertex -35 0 25
      vertex 35 -6 25
      vertex 35 0 25
    endloop
  endfacet
  facet normal 0 1 0
    outer loop
      vertex -35 0 25
      vertex 35 0 25
      vertex 35 0 22.5
    endloop
  endfacet
  facet normal 1 0 0
    outer loop
      vertex 35 -0.4745715202988192 -22.5
      vertex 35 -0.4745715202988192 22.5
      vertex 35 -6 25
    endloop
  endfacet
  facet normal 0 -1 0
    outer loop
      vertex 35 -6 25
      vertex 20.848528137423855 -6 19.151471862576145
      vertex 20.705342302750967 -6 19.029179606750063
    endloop
  endfacet
  facet normal 0 -1 0
    outer loop
      vertex 35 -6 25
      vertex 20.970820393249937 -6 19.294657697249033
      vertex 20.848528137423855 -6 19.151471862576145
    endloop
  endfacet
  facet normal 0 -1 0
    outer loop
      vertex 35 -6 25
      vertex 21.06920782902604 -6 19.455211400312542
      vertex 20.970820393249937 -6 19.294657697249033
    endloop
  endfacet
  facet normal 0 -1 0
    outer loop
      vertex 35 -6 25
      vertex 21.141267819554184 -6 19.629179606750064
      vertex 21.06920782902604 -6 19.455211400312542
    endloop
  endfacet
  facet normal 0 -1 0
    outer loop
      vertex 35 -6 25
      vertex 21.185226008714164 -6 19.812278641951725
      vertex 21.141267819554184 -6 19.629179606750064
    endloop
  endfacet
  facet normal 0 -1 0
    outer loop
      vertex 35 -6 25
      vertex 21.2 -6 20
      vertex 21.185226008714164 -6 19.812278641951725
    endloop
  endfacet
  facet normal 0 -1 0
    outer loop
      vertex 35 -6 25
      vertex 21.185226008714164 -6 20.187721358048275
      vertex 21.2 -6 20
    endloop
  endfacet
  facet normal 0 -1 0
    outer loop
      vertex 35 -6 25
      vertex 21.141267819554184 -6 20.370820393249936
      vertex 21.185226008714164 -6 20.187721358048275
    endloop
  endfacet
  facet normal 0 -1 0
    outer loop
      vertex 35 -6 25
      vertex 19.629179606750064 -6 21.141267819554184
      vertex 19.812278641951725 -6 21.185226008714164
    endloop
  endfacet
  facet normal 0 -1 0
    outer loop
      vertex 35 -6 25
      vertex 20.187721358048275 -6 21.185226008714164
      vertex 20.370820393249936 -6 21.141267819554184
    endloop
  endfacet
  facet normal 0 -1 0
    outer loop
      vertex 35 -6 25
      vertex 19.812278641951725 -6 21.185226008714164
      vertex 20 -6 21.2
    endloop
  endfacet
  facet normal 0 -1 0
    outer loop
      vertex 35 -6 25
      vertex 20 -6 21.2
      vertex 20.187721358048275 -6 21.185226008714164
    endloop
  endfacet
  facet normal 0 -1 0
    outer loop
      vertex 35 -6 25
      vertex 20.370820393249936 -6 21.141267819554184
      vertex 20.544788599687458 -6 21.06920782902604
    endloop
  endfacet
  facet normal 0 -1 0
    outer loop
      vertex 35 -6 25
      vertex 20.544788599687458 -6 21.06920782902604
      vertex 20.705342302750967 -6 20.970820393249937
    endloop
  endfacet
  facet normal 0 -1 0
    outer loop
      vertex 35 -6 25
      vertex 21.06920782902604 -6 20.544788599687458
      vertex 21.141267819554184 -6 20.370820393249936
    endloop
  endfacet
  facet normal 0 -1 0
    outer loop
      vertex 35 -6 25
      vertex 20.848528137423855 -6 20.848528137423855
      vertex 20.970820393249937 -6 20.705342302750967
    endloop
  endfacet
  facet normal 0 -1 0
    outer loop
      vertex 35 -6 25
      vertex 20.970820393249937 -6 20.705342302750967
      vertex 21.06920782902604 -6 20.544788599687458
    endloop
  endfacet
  facet normal 0 -1 0
    outer loop
      vertex 35 -6 25
      vertex 20.705342302750967 -6 20.970820393249937
      vertex 20.848528137423855 -6 20.848528137423855
    endloop
  endfacet
  facet normal 0 1 0
    outer loop
      vertex 25.75 0 22.5
      vertex 20.848528137423855 0 19.151471862576145
      vertex 20.970820393249937 0 19.294657697249033
    endloop
  endfacet
  facet normal 0 1 0
    outer loop
      vertex 25.75 0 22.5
      vertex 20.970820393249937 0 19.294657697249033
      vertex 21.06920782902604 0 19.455211400312542
    endloop
  endfacet
  facet normal 0 1 0
    outer loop
      vertex 25.75 0 22.5
      vertex 21.06920782902604 0 19.455211400312542
      vertex 21.141267819554184 0 19.629179606750064
    endloop
  endfacet
  facet normal 0 1 0
    outer loop
      vertex 25.75 0 22.5
      vertex 20.187721358048275 0 21.185226008714164
      vertex 20 0 21.2
    endloop
  endfacet
  facet normal 0 1 0
    outer loop
      vertex 25.75 0 22.5
      vertex 21.141267819554184 0 20.370820393249936
      vertex 21.06920782902604 0 20.544788599687458
    endloop
  endfacet
  facet normal 0 1 0
    outer loop
      vertex 25.75 0 22.5
      vertex 21.06920782902604 0 20.544788599687458
      vertex 20.970820393249937 0 20.705342302750967
    endloop
  endfacet
  facet normal 0 1 0
    outer loop
      vertex 25.75 0 22.5
      vertex 20.848528137423855 0 20.848528137423855
      vertex 20.705342302750967 0 20.970820393249937
    endloop
  endfacet
  facet normal 0 1 0
    outer loop
      vertex 25.75 0 22.5
      vertex 20.970820393249937 0 20.705342302750967
      vertex 20.848528137423855 0 20.848528137423855
    endloop
  endfacet
  facet normal 0 1 0
    outer loop
      vertex 25.75 0 22.5
      vertex 20.544788599687458 0 21.06920782902604
      vertex 20.370820393249936 0 21.141267819554184
    endloop
  endfacet
  facet normal 0 1 0
    outer loop
      vertex 25.75 0 22.5
      vertex 20.370820393249936 0 21.141267819554184
      vertex 20.187721358048275 0 21.185226008714164
    endloop
  endfacet
  facet normal 0 1 0
    outer loop
      vertex 25.75 0 22.5
      vertex 20.705342302750967 0 20.970820393249937
      vertex 20.544788599687458 0 21.06920782902604
    endloop
  endfacet
  facet normal 0 1 0
    outer loop
      vertex 25.75 0 22.5
      vertex 21.141267819554184 0 19.629179606750064
      vertex 21.185226008714164 0 19.812278641951725
    endloop
  endfacet
  facet normal 0 1 0
    outer loop
      vertex 25.75 0 22.5
      vertex 21.185226008714164 0 19.812278641951725
      vertex 21.2 0 20
    endloop
  endfacet
  facet normal 0 1 0
    outer loop
      vertex 25.75 0 22.5
      vertex 21.2 0 20
      vertex 21.185226008714164 0 20.187721358048275
    endloop
  endfacet
  facet normal 0 1 0
    outer loop
      vertex 25.75 0 22.5
      vertex 21.185226008714164 0 20.187721358048275
      vertex 21.141267819554184 0 20.370820393249936
    endloop
  endfacet
  facet normal 1 0 0
    outer loop
      vertex 35 -6 25
      vertex 35 -0.4745715202988192 22.5
      vertex 35 0 25
    endloop
  endfacet
  facet normal 1 0 0
    outer loop
      vertex 35 -0.4745715202988192 22.5
      vertex 35 0 22.5
      vertex 35 0 25
    endloop
  endfacet
  facet normal 0.3826834323650836 0 0.9238795325112893
    outer loop
      vertex -20.370820393249936 0 -21.141267819554184
      vertex -20.544788599687458 -6 -21.06920782902604
      vertex -20.370820393249936 -6 -21.141267819554184
    endloop
  endfacet
  facet normal 0.8526401643540911 0 0.5224985647159506
    outer loop
      vertex -20.970820393249937 0 -20.705342302750967
      vertex -21.06920782902604 -6 -20.544788599687458
      vertex -20.970820393249937 -6 -20.705342302750967
    endloop
  endfacet
  facet normal 0.9238795325112893 0 0.3826834323650836
    outer loop
      vertex -21.06920782902604 0 -20.544788599687458
      vertex -21.141267819554184 -6 -20.370820393249936
      vertex -21.06920782902604 -6 -20.544788599687458
    endloop
  endfacet
  facet normal 0.6494480483301932 0 0.7604059656000228
    outer loop
      vertex -20.705342302750967 0 -20.970820393249937
      vertex -20.848528137423855 -6 -20.848528137423855
      vertex -20.705342302750967 -6 -20.970820393249937
    endloop
  endfacet
  facet normal 0.7604059656000228 0 0.6494480483301932
    outer loop
      vertex -20.848528137423855 0 -20.848528137423855
      vertex -20.970820393249937 -6 -20.705342302750967
      vertex -20.848528137423855 -6 -20.848528137423855
    endloop
  endfacet
  facet normal 0.5224985647159506 0 0.8526401643540911
    outer loop
      vertex -20.544788599687458 0 -21.06920782902604
      vertex -20.705342302750967 -6 -20.970820393249937
      vertex -20.544788599687458 -6 -21.06920782902604
    endloop
  endfacet
  facet normal 0.9723699203976779 0 0.2334453638558999
    outer loop
      vertex -21.141267819554184 0 -20.370820393249936
      vertex -21.185226008714164 -6 -20.187721358048275
      vertex -21.141267819554184 -6 -20.370820393249936
    endloop
  endfacet
  facet normal 0.9969173337331275 0 0.07845909572785008
    outer loop
      vertex -21.185226008714164 0 -20.187721358048275
      vertex -21.2 -6 -20
      vertex -21.185226008714164 -6 -20.187721358048275
    endloop
  endfacet
  facet normal 0.9969173337331275 0 -0.07845909572785008
    outer loop
      vertex -21.2 0 -20
      vertex -21.185226008714164 -6 -19.812278641951725
      vertex -21.2 -6 -20
    endloop
  endfacet
  facet normal 0.9723699203976779 0 -0.2334453638558999
    outer loop
      vertex -21.185226008714164 0 -19.812278641951725
      vertex -21.141267819554184 -6 -19.629179606750064
      vertex -21.185226008714164 -6 -19.812278641951725
    endloop
  endfacet
  facet normal 0.9238795325112893 0 -0.3826834323650836
    outer loop
      vertex -21.141267819554184 0 -19.629179606750064
      vertex -21.06920782902604 -6 -19.455211400312542
      vertex -21.141267819554184 -6 -19.629179606750064
    endloop
  endfacet
  facet normal 0.8526401643540911 0 -0.5224985647159506
    outer loop
      vertex -21.06920782902604 0 -19.455211400312542
      vertex -20.970820393249937 -6 -19.294657697249033
      vertex -21.06920782902604 -6 -19.455211400312542
    endloop
  endfacet
  facet normal 0.7604059656000228 0 -0.6494480483301932
    outer loop
      vertex -20.970820393249937 0 -19.294657697249033
      vertex -20.848528137423855 -6 -19.151471862576145
      vertex -20.970820393249937 -6 -19.294657697249033
    endloop
  endfacet
  facet normal 0.6494480483301932 0 -0.7604059656000228
    outer loop
      vertex -20.848528137423855 -6 -19.151471862576145
      vertex -20.848528137423855 0 -19.151471862576145
      vertex -20.705342302750967 -6 -19.029179606750063
    endloop
  endfacet
  facet normal 0.5224985647159506 0 -0.8526401643540911
    outer loop
      vertex -20.705342302750967 0 -19.029179606750063
      vertex -20.544788599687458 -6 -18.93079217097396
      vertex -20.705342302750967 -6 -19.029179606750063
    endloop
  endfacet
  facet normal 0.3826834323650836 0 -0.9238795325112893
    outer loop
      vertex -20.544788599687458 0 -18.93079217097396
      vertex -20.370820393249936 -6 -18.858732180445816
      vertex -20.544788599687458 -6 -18.93079217097396
    endloop
  endfacet
  facet normal 0.2334453638558999 0 0.9723699203976779
    outer loop
      vertex -20.187721358048275 0 -21.185226008714164
      vertex -20.370820393249936 -6 -21.141267819554184
      vertex -20.187721358048275 -6 -21.185226008714164
    endloop
  endfacet
  facet normal 0.07845909572785008 0 0.9969173337331275
    outer loop
      vertex -20 0 -21.2
      vertex -20.187721358048275 -6 -21.185226008714164
      vertex -20 -6 -21.2
    endloop
  endfacet
  facet normal -0.07845909572785008 0 0.9969173337331275
    outer loop
      vertex -19.812278641951725 0 -21.185226008714164
      vertex -20 -6 -21.2
      vertex -19.812278641951725 -6 -21.185226008714164
    endloop
  endfacet
  facet normal -0.2334453638558999 0 0.9723699203976779
    outer loop
      vertex -19.629179606750064 0 -21.141267819554184
      vertex -19.812278641951725 -6 -21.185226008714164
      vertex -19.629179606750064 -6 -21.141267819554184
    endloop
  endfacet
  facet normal -0.3826834323650836 0 0.9238795325112893
    outer loop
      vertex -19.455211400312542 0 -21.06920782902604
      vertex -19.629179606750064 -6 -21.141267819554184
      vertex -19.455211400312542 -6 -21.06920782902604
    endloop
  endfacet
  facet normal -0.5224985647159506 0 0.8526401643540911
    outer loop
      vertex -19.294657697249033 0 -20.970820393249937
      vertex -19.455211400312542 -6 -21.06920782902604
      vertex -19.294657697249033 -6 -20.970820393249937
    endloop
  endfacet
  facet normal -0.6494480483301932 0 0.7604059656000228
    outer loop
      vertex -19.151471862576145 0 -20.848528137423855
      vertex -19.294657697249033 -6 -20.970820393249937
      vertex -19.151471862576145 -6 -20.848528137423855
    endloop
  endfacet
  facet normal -0.7604059656000228 1.2964075609547428e-18 0.6494480483301932
    outer loop
      vertex -19.151471862576145 -6 -20.848528137423855
      vertex -19.029179606750063 -6 -20.705342302750967
      vertex -19.029179606750063 0 -20.705342302750967
    endloop
  endfacet
  facet normal -0.8526401643540911 0 0.5224985647159506
    outer loop
      vertex -18.93079217097396 0 -20.544788599687458
      vertex -19.029179606750063 -6 -20.705342302750967
      vertex -18.93079217097396 -6 -20.544788599687458
    endloop
  endfacet
  facet normal -0.9238795325112893 0 0.3826834323650836
    outer loop
      vertex -18.858732180445816 0 -20.370820393249936
      vertex -18.93079217097396 -6 -20.544788599687458
      vertex -18.858732180445816 -6 -20.370820393249936
    endloop
  endfacet
  facet normal 0.2334453638558999 0 -0.9723699203976779
    outer loop
      vertex -20.370820393249936 0 -18.858732180445816
      vertex -20.187721358048275 -6 -18.814773991285836
      vertex -20.370820393249936 -6 -18.858732180445816
    endloop
  endfacet
  facet normal 0.07845909572785008 0 -0.9969173337331275
    outer loop
      vertex -20.187721358048275 0 -18.814773991285836
      vertex -20 -6 -18.8
      vertex -20.187721358048275 -6 -18.814773991285836
    endloop
  endfacet
  facet normal -0.07845909572785008 0 -0.9969173337331275
    outer loop
      vertex -20 0 -18.8
      vertex -19.812278641951725 -6 -18.814773991285836
      vertex -20 -6 -18.8
    endloop
  endfacet
  facet normal -0.2334453638558999 0 -0.9723699203976779
    outer loop
      vertex -19.812278641951725 0 -18.814773991285836
      vertex -19.629179606750064 -6 -18.858732180445816
      vertex -19.812278641951725 -6 -18.814773991285836
    endloop
  endfacet
  facet normal -0.3826834323650836 0 -0.9238795325112893
    outer loop
      vertex -19.629179606750064 0 -18.858732180445816
      vertex -19.455211400312542 -6 -18.93079217097396
      vertex -19.629179606750064 -6 -18.858732180445816
    endloop
  endfacet
  facet normal -0.5224985647159506 0 -0.8526401643540911
    outer loop
      vertex -19.455211400312542 0 -18.93079217097396
      vertex -19.294657697249033 -6 -19.029179606750063
      vertex -19.455211400312542 -6 -18.93079217097396
    endloop
  endfacet
  facet normal -0.9723699203976779 0 0.2334453638558999
    outer loop
      vertex -18.814773991285836 0 -20.187721358048275
      vertex -18.858732180445816 -6 -20.370820393249936
      vertex -18.814773991285836 -6 -20.187721358048275
    endloop
  endfacet
  facet normal -0.9969173337331275 0 0.07845909572785008
    outer loop
      vertex -18.8 0 -20
      vertex -18.814773991285836 -6 -20.187721358048275
      vertex -18.8 -6 -20
    endloop
  endfacet
  facet normal -0.9969173337331275 0 -0.07845909572785008
    outer loop
      vertex -18.814773991285836 0 -19.812278641951725
      vertex -18.8 -6 -20
      vertex -18.814773991285836 -6 -19.812278641951725
    endloop
  endfacet
  facet normal -0.9723699203976779 0 -0.2334453638558999
    outer loop
      vertex -18.858732180445816 0 -19.629179606750064
      vertex -18.814773991285836 -6 -19.812278641951725
      vertex -18.858732180445816 -6 -19.629179606750064
    endloop
  endfacet
  facet normal -0.8526401643540911 0 -0.5224985647159506
    outer loop
      vertex -19.029179606750063 0 -19.294657697249033
      vertex -18.93079217097396 -6 -19.455211400312542
      vertex -19.029179606750063 -6 -19.294657697249033
    endloop
  endfacet
  facet normal -0.7604059656000228 0 -0.6494480483301932
    outer loop
      vertex -19.151471862576145 0 -19.151471862576145
      vertex -19.029179606750063 -6 -19.294657697249033
      vertex -19.151471862576145 -6 -19.151471862576145
    endloop
  endfacet
  facet normal -0.9238795325112893 0 -0.3826834323650836
    outer loop
      vertex -18.93079217097396 0 -19.455211400312542
      vertex -18.858732180445816 -6 -19.629179606750064
      vertex -18.93079217097396 -6 -19.455211400312542
    endloop
  endfacet
  facet normal -0.6494480483301932 0 -0.7604059656000228
    outer loop
      vertex -19.294657697249033 0 -19.029179606750063
      vertex -19.151471862576145 -6 -19.151471862576145
      vertex -19.294657697249033 -6 -19.029179606750063
    endloop
  endfacet
  facet normal 0.8526401643540911 0 0.5224985647159506
    outer loop
      vertex -21.06920782902604 0 -20.544788599687458
      vertex -21.06920782902604 -6 -20.544788599687458
      vertex -20.970820393249937 0 -20.705342302750967
    endloop
  endfacet
  facet normal 0.9238795325112893 0 0.3826834323650836
    outer loop
      vertex -21.141267819554184 0 -20.370820393249936
      vertex -21.141267819554184 -6 -20.370820393249936
      vertex -21.06920782902604 0 -20.544788599687458
    endloop
  endfacet
  facet normal 0.7604059656000228 0 0.6494480483301932
    outer loop
      vertex -20.970820393249937 0 -20.705342302750967
      vertex -20.970820393249937 -6 -20.705342302750967
      vertex -20.848528137423855 0 -20.848528137423855
    endloop
  endfacet
  facet normal 0.6494480483301932 -1.2964075609547428e-18 0.7604059656000228
    outer loop
      vertex -20.705342302750967 0 -20.970820393249937
      vertex -20.848528137423855 0 -20.848528137423855
      vertex -20.848528137423855 -6 -20.848528137423855
    endloop
  endfacet
  facet normal 0.5224985647159506 -1.5068239991765088e-19 0.8526401643540911
    outer loop
      vertex -20.544788599687458 0 -21.06920782902604
      vertex -20.705342302750967 0 -20.970820393249937
      vertex -20.705342302750967 -6 -20.970820393249937
    endloop
  endfacet
  facet normal 0.3826834323650836 -3.0134822161176385e-19 0.9238795325112893
    outer loop
      vertex -20.370820393249936 0 -21.141267819554184
      vertex -20.544788599687458 0 -21.06920782902604
      vertex -20.544788599687458 -6 -21.06920782902604
    endloop
  endfacet
  facet normal 0.9723699203976779 0 0.2334453638558999
    outer loop
      vertex -21.185226008714164 0 -20.187721358048275
      vertex -21.185226008714164 -6 -20.187721358048275
      vertex -21.141267819554184 0 -20.370820393249936
    endloop
  endfacet
  facet normal 0.9969173337331275 0 0.07845909572785008
    outer loop
      vertex -21.2 0 -20
      vertex -21.2 -6 -20
      vertex -21.185226008714164 0 -20.187721358048275
    endloop
  endfacet
  facet normal 0.9969173337331275 0 -0.07845909572785008
    outer loop
      vertex -21.185226008714164 0 -19.812278641951725
      vertex -21.185226008714164 -6 -19.812278641951725
      vertex -21.2 0 -20
    endloop
  endfacet
  facet normal 0.9723699203976779 0 -0.2334453638558999
    outer loop
      vertex -21.141267819554184 0 -19.629179606750064
      vertex -21.141267819554184 -6 -19.629179606750064
      vertex -21.185226008714164 0 -19.812278641951725
    endloop
  endfacet
  facet normal 0.9238795325112893 0 -0.3826834323650836
    outer loop
      vertex -21.06920782902604 0 -19.455211400312542
      vertex -21.06920782902604 -6 -19.455211400312542
      vertex -21.141267819554184 0 -19.629179606750064
    endloop
  endfacet
  facet normal 0.8526401643540911 0 -0.5224985647159506
    outer loop
      vertex -20.970820393249937 0 -19.294657697249033
      vertex -20.970820393249937 -6 -19.294657697249033
      vertex -21.06920782902604 0 -19.455211400312542
    endloop
  endfacet
  facet normal 0.7604059656000228 0 -0.6494480483301932
    outer loop
      vertex -20.848528137423855 0 -19.151471862576145
      vertex -20.848528137423855 -6 -19.151471862576145
      vertex -20.970820393249937 0 -19.294657697249033
    endloop
  endfacet
  facet normal 0.6494480483301932 1.2964075609547428e-18 -0.7604059656000228
    outer loop
      vertex -20.848528137423855 0 -19.151471862576145
      vertex -20.705342302750967 0 -19.029179606750063
      vertex -20.705342302750967 -6 -19.029179606750063
    endloop
  endfacet
  facet normal 0.5224985647159506 1.5068239991765088e-19 -0.8526401643540911
    outer loop
      vertex -20.705342302750967 0 -19.029179606750063
      vertex -20.544788599687458 0 -18.93079217097396
      vertex -20.544788599687458 -6 -18.93079217097396
    endloop
  endfacet
  facet normal 0.3826834323650836 3.0134822161176385e-19 -0.9238795325112893
    outer loop
      vertex -20.544788599687458 0 -18.93079217097396
      vertex -20.370820393249936 0 -18.858732180445816
      vertex -20.370820393249936 -6 -18.858732180445816
    endloop
  endfacet
  facet normal 0.2334453638558999 -2.4853135056493236e-19 0.9723699203976779
    outer loop
      vertex -20.187721358048275 0 -21.185226008714164
      vertex -20.370820393249936 0 -21.141267819554184
      vertex -20.370820393249936 -6 -21.141267819554184
    endloop
  endfacet
  facet normal 0.07845909572785008 1.7003987789232514e-19 0.9969173337331275
    outer loop
      vertex -20 0 -21.2
      vertex -20.187721358048275 0 -21.185226008714164
      vertex -20.187721358048275 -6 -21.185226008714164
    endloop
  endfacet
  facet normal -0.07845909572785008 -1.7003987789232514e-19 0.9969173337331275
    outer loop
      vertex -19.812278641951725 0 -21.185226008714164
      vertex -20 0 -21.2
      vertex -20 -6 -21.2
    endloop
  endfacet
  facet normal -0.2334453638558999 2.4853135056493236e-19 0.9723699203976779
    outer loop
      vertex -19.629179606750064 0 -21.141267819554184
      vertex -19.812278641951725 0 -21.185226008714164
      vertex -19.812278641951725 -6 -21.185226008714164
    endloop
  endfacet
  facet normal -0.3826834323650836 3.0134822161176385e-19 0.9238795325112893
    outer loop
      vertex -19.455211400312542 0 -21.06920782902604
      vertex -19.629179606750064 0 -21.141267819554184
      vertex -19.629179606750064 -6 -21.141267819554184
    endloop
  endfacet
  facet normal -0.5224985647159506 1.5068239991765088e-19 0.8526401643540911
    outer loop
      vertex -19.294657697249033 0 -20.970820393249937
      vertex -19.455211400312542 0 -21.06920782902604
      vertex -19.455211400312542 -6 -21.06920782902604
    endloop
  endfacet
  facet normal -0.6494480483301932 1.2964075609547428e-18 0.7604059656000228
    outer loop
      vertex -19.151471862576145 0 -20.848528137423855
      vertex -19.294657697249033 0 -20.970820393249937
      vertex -19.294657697249033 -6 -20.970820393249937
    endloop
  endfacet
  facet normal -0.7604059656000228 1.2964075609547428e-18 0.6494480483301932
    outer loop
      vertex -19.029179606750063 0 -20.705342302750967
      vertex -19.151471862576145 0 -20.848528137423855
      vertex -19.151471862576145 -6 -20.848528137423855
    endloop
  endfacet
  facet normal -0.8526401643540911 0 0.5224985647159506
    outer loop
      vertex -19.029179606750063 0 -20.705342302750967
      vertex -19.029179606750063 -6 -20.705342302750967
      vertex -18.93079217097396 0 -20.544788599687458
    endloop
  endfacet
  facet normal -0.9238795325112893 0 0.3826834323650836
    outer loop
      vertex -18.93079217097396 0 -20.544788599687458
      vertex -18.93079217097396 -6 -20.544788599687458
      vertex -18.858732180445816 0 -20.370820393249936
    endloop
  endfacet
  facet normal 0.2334453638558999 2.4853135056493236e-19 -0.9723699203976779
    outer loop
      vertex -20.370820393249936 0 -18.858732180445816
      vertex -20.187721358048275 0 -18.814773991285836
      vertex -20.187721358048275 -6 -18.814773991285836
    endloop
  endfacet
  facet normal 0.07845909572785008 -1.7003987789232514e-19 -0.9969173337331275
    outer loop
      vertex -20.187721358048275 0 -18.814773991285836
      vertex -20 0 -18.8
      vertex -20 -6 -18.8
    endloop
  endfacet
  facet normal -0.07845909572785008 1.7003987789232514e-19 -0.9969173337331275
    outer loop
      vertex -20 0 -18.8
      vertex -19.812278641951725 0 -18.814773991285836
      vertex -19.812278641951725 -6 -18.814773991285836
    endloop
  endfacet
  facet normal -0.2334453638558999 -2.4853135056493236e-19 -0.9723699203976779
    outer loop
      vertex -19.812278641951725 0 -18.814773991285836
      vertex -19.629179606750064 0 -18.858732180445816
      vertex -19.629179606750064 -6 -18.858732180445816
    endloop
  endfacet
  facet normal -0.5224985647159506 -1.5068239991765088e-19 -0.8526401643540911
    outer loop
      vertex -19.455211400312542 0 -18.93079217097396
      vertex -19.294657697249033 0 -19.029179606750063
      vertex -19.294657697249033 -6 -19.029179606750063
    endloop
  endfacet
  facet normal -0.3826834323650836 -3.0134822161176385e-19 -0.9238795325112893
    outer loop
      vertex -19.629179606750064 0 -18.858732180445816
      vertex -19.455211400312542 0 -18.93079217097396
      vertex -19.455211400312542 -6 -18.93079217097396
    endloop
  endfacet
  facet normal -0.9723699203976779 0 0.2334453638558999
    outer loop
      vertex -18.858732180445816 0 -20.370820393249936
      vertex -18.858732180445816 -6 -20.370820393249936
      vertex -18.814773991285836 0 -20.187721358048275
    endloop
  endfacet
  facet normal -0.9969173337331275 0 0.07845909572785008
    outer loop
      vertex -18.814773991285836 0 -20.187721358048275
      vertex -18.814773991285836 -6 -20.187721358048275
      vertex -18.8 0 -20
    endloop
  endfacet
  facet normal -0.9969173337331275 0 -0.07845909572785008
    outer loop
      vertex -18.8 0 -20
      vertex -18.8 -6 -20
      vertex -18.814773991285836 0 -19.812278641951725
    endloop
  endfacet
  facet normal -0.9723699203976779 0 -0.2334453638558999
    outer loop
      vertex -18.814773991285836 0 -19.812278641951725
      vertex -18.814773991285836 -6 -19.812278641951725
      vertex -18.858732180445816 0 -19.629179606750064
    endloop
  endfacet
  facet normal -0.9238795325112893 0 -0.3826834323650836
    outer loop
      vertex -18.858732180445816 0 -19.629179606750064
      vertex -18.858732180445816 -6 -19.629179606750064
      vertex -18.93079217097396 0 -19.455211400312542
    endloop
  endfacet
  facet normal -0.7604059656000228 0 -0.6494480483301932
    outer loop
      vertex -19.029179606750063 0 -19.294657697249033
      vertex -19.029179606750063 -6 -19.294657697249033
      vertex -19.151471862576145 0 -19.151471862576145
    endloop
  endfacet
  facet normal -0.8526401643540911 0 -0.5224985647159506
    outer loop
      vertex -18.93079217097396 0 -19.455211400312542
      vertex -18.93079217097396 -6 -19.455211400312542
      vertex -19.029179606750063 0 -19.294657697249033
    endloop
  endfacet
  facet normal -0.6494480483301932 -1.2964075609547428e-18 -0.7604059656000228
    outer loop
      vertex -19.294657697249033 0 -19.029179606750063
      vertex -19.151471862576145 0 -19.151471862576145
      vertex -19.151471862576145 -6 -19.151471862576145
    endloop
  endfacet
  facet normal 0.8526401643540911 0 0.5224985647159506
    outer loop
      vertex -20.970820393249937 -6 19.294657697249033
      vertex -20.970820393249937 0 19.294657697249033
      vertex -21.06920782902604 -6 19.455211400312542
    endloop
  endfacet
  facet normal 0.9238795325112893 0 0.3826834323650836
    outer loop
      vertex -21.06920782902604 -6 19.455211400312542
      vertex -21.06920782902604 0 19.455211400312542
      vertex -21.141267819554184 -6 19.629179606750064
    endloop
  endfacet
  facet normal 0.6494480483301932 -1.2964075609547428e-18 0.7604059656000228
    outer loop
      vertex -20.848528137423855 -6 19.151471862576145
      vertex -20.705342302750967 -6 19.029179606750063
      vertex -20.705342302750967 0 19.029179606750063
    endloop
  endfacet
  facet normal 0.3826834323650836 -3.0134822161176385e-19 0.9238795325112893
    outer loop
      vertex -20.544788599687458 -6 18.93079217097396
      vertex -20.370820393249936 -6 18.858732180445816
      vertex -20.370820393249936 0 18.858732180445816
    endloop
  endfacet
  facet normal 0.5224985647159506 -1.5068239991765088e-19 0.8526401643540911
    outer loop
      vertex -20.705342302750967 -6 19.029179606750063
      vertex -20.544788599687458 -6 18.93079217097396
      vertex -20.544788599687458 0 18.93079217097396
    endloop
  endfacet
  facet normal 0.7604059656000228 0 0.6494480483301932
    outer loop
      vertex -20.848528137423855 -6 19.151471862576145
      vertex -20.848528137423855 0 19.151471862576145
      vertex -20.970820393249937 -6 19.294657697249033
    endloop
  endfacet
  facet normal 0.9723699203976779 0 0.2334453638558999
    outer loop
      vertex -21.141267819554184 -6 19.629179606750064
      vertex -21.141267819554184 0 19.629179606750064
      vertex -21.185226008714164 -6 19.812278641951725
    endloop
  endfacet
  facet normal 0.9969173337331275 0 0.07845909572785008
    outer loop
      vertex -21.185226008714164 -6 19.812278641951725
      vertex -21.185226008714164 0 19.812278641951725
      vertex -21.2 -6 20
    endloop
  endfacet
  facet normal 0.9969173337331275 0 -0.07845909572785008
    outer loop
      vertex -21.2 -6 20
      vertex -21.2 0 20
      vertex -21.185226008714164 -6 20.187721358048275
    endloop
  endfacet
  facet normal 0.9723699203976779 0 -0.2334453638558999
    outer loop
      vertex -21.185226008714164 -6 20.187721358048275
      vertex -21.185226008714164 0 20.187721358048275
      vertex -21.141267819554184 -6 20.370820393249936
    endloop
  endfacet
  facet normal 0.9238795325112893 0 -0.3826834323650836
    outer loop
      vertex -21.141267819554184 -6 20.370820393249936
      vertex -21.141267819554184 0 20.370820393249936
      vertex -21.06920782902604 -6 20.544788599687458
    endloop
  endfacet
  facet normal 0.8526401643540911 0 -0.5224985647159506
    outer loop
      vertex -21.06920782902604 -6 20.544788599687458
      vertex -21.06920782902604 0 20.544788599687458
      vertex -20.970820393249937 -6 20.705342302750967
    endloop
  endfacet
  facet normal 0.7604059656000228 0 -0.6494480483301932
    outer loop
      vertex -20.970820393249937 -6 20.705342302750967
      vertex -20.970820393249937 0 20.705342302750967
      vertex -20.848528137423855 -6 20.848528137423855
    endloop
  endfacet
  facet normal 0.6494480483301932 0 -0.7604059656000228
    outer loop
      vertex -20.848528137423855 -6 20.848528137423855
      vertex -20.848528137423855 0 20.848528137423855
      vertex -20.705342302750967 -6 20.970820393249937
    endloop
  endfacet
  facet normal 0.5224985647159506 1.5068239991765088e-19 -0.8526401643540911
    outer loop
      vertex -20.544788599687458 -6 21.06920782902604
      vertex -20.705342302750967 -6 20.970820393249937
      vertex -20.705342302750967 0 20.970820393249937
    endloop
  endfacet
  facet normal 0.3826834323650836 3.0134822161176385e-19 -0.9238795325112893
    outer loop
      vertex -20.370820393249936 -6 21.141267819554184
      vertex -20.544788599687458 -6 21.06920782902604
      vertex -20.544788599687458 0 21.06920782902604
    endloop
  endfacet
  facet normal 0.2334453638558999 -2.4853135056493236e-19 0.9723699203976779
    outer loop
      vertex -20.370820393249936 -6 18.858732180445816
      vertex -20.187721358048275 -6 18.814773991285836
      vertex -20.187721358048275 0 18.814773991285836
    endloop
  endfacet
  facet normal 0.07845909572785008 1.7003987789232514e-19 0.9969173337331275
    outer loop
      vertex -20.187721358048275 -6 18.814773991285836
      vertex -20 -6 18.8
      vertex -20 0 18.8
    endloop
  endfacet
  facet normal -0.07845909572785008 -1.7003987789232514e-19 0.9969173337331275
    outer loop
      vertex -20 -6 18.8
      vertex -19.812278641951725 -6 18.814773991285836
      vertex -19.812278641951725 0 18.814773991285836
    endloop
  endfacet
  facet normal -0.2334453638558999 2.4853135056493236e-19 0.9723699203976779
    outer loop
      vertex -19.812278641951725 -6 18.814773991285836
      vertex -19.629179606750064 -6 18.858732180445816
      vertex -19.629179606750064 0 18.858732180445816
    endloop
  endfacet
  facet normal -0.3826834323650836 3.0134822161176385e-19 0.9238795325112893
    outer loop
      vertex -19.629179606750064 -6 18.858732180445816
      vertex -19.455211400312542 -6 18.93079217097396
      vertex -19.455211400312542 0 18.93079217097396
    endloop
  endfacet
  facet normal -0.5224985647159506 1.5068239991765088e-19 0.8526401643540911
    outer loop
      vertex -19.455211400312542 -6 18.93079217097396
      vertex -19.294657697249033 -6 19.029179606750063
      vertex -19.294657697249033 0 19.029179606750063
    endloop
  endfacet
  facet normal -0.6494480483301932 1.2964075609547428e-18 0.7604059656000228
    outer loop
      vertex -19.294657697249033 -6 19.029179606750063
      vertex -19.151471862576145 -6 19.151471862576145
      vertex -19.151471862576145 0 19.151471862576145
    endloop
  endfacet
  facet normal -0.7604059656000228 1.2964075609547428e-18 0.6494480483301932
    outer loop
      vertex -19.151471862576145 -6 19.151471862576145
      vertex -19.029179606750063 -6 19.294657697249033
      vertex -19.029179606750063 0 19.294657697249033
    endloop
  endfacet
  facet normal -0.8526401643540911 0 0.5224985647159506
    outer loop
      vertex -18.93079217097396 -6 19.455211400312542
      vertex -18.93079217097396 0 19.455211400312542
      vertex -19.029179606750063 -6 19.294657697249033
    endloop
  endfacet
  facet normal -0.9238795325112893 0 0.3826834323650836
    outer loop
      vertex -18.858732180445816 -6 19.629179606750064
      vertex -18.858732180445816 0 19.629179606750064
      vertex -18.93079217097396 -6 19.455211400312542
    endloop
  endfacet
  facet normal -0.9723699203976779 0 0.2334453638558999
    outer loop
      vertex -18.814773991285836 -6 19.812278641951725
      vertex -18.814773991285836 0 19.812278641951725
      vertex -18.858732180445816 -6 19.629179606750064
    endloop
  endfacet
  facet normal -0.9969173337331275 0 0.07845909572785008
    outer loop
      vertex -18.8 -6 20
      vertex -18.8 0 20
      vertex -18.814773991285836 -6 19.812278641951725
    endloop
  endfacet
  facet normal -0.9723699203976779 0 -0.2334453638558999
    outer loop
      vertex -18.858732180445816 -6 20.370820393249936
      vertex -18.858732180445816 0 20.370820393249936
      vertex -18.814773991285836 -6 20.187721358048275
    endloop
  endfacet
  facet normal -0.9969173337331275 0 -0.07845909572785008
    outer loop
      vertex -18.814773991285836 -6 20.187721358048275
      vertex -18.814773991285836 0 20.187721358048275
      vertex -18.8 -6 20
    endloop
  endfacet
  facet normal -0.5224985647159506 -1.5068239991765088e-19 -0.8526401643540911
    outer loop
      vertex -19.294657697249033 -6 20.970820393249937
      vertex -19.455211400312542 -6 21.06920782902604
      vertex -19.455211400312542 0 21.06920782902604
    endloop
  endfacet
  facet normal 0.2334453638558999 2.4853135056493236e-19 -0.9723699203976779
    outer loop
      vertex -20.187721358048275 -6 21.185226008714164
      vertex -20.370820393249936 -6 21.141267819554184
      vertex -20.370820393249936 0 21.141267819554184
    endloop
  endfacet
  facet normal 0.07845909572785008 -1.7003987789232514e-19 -0.9969173337331275
    outer loop
      vertex -20 -6 21.2
      vertex -20.187721358048275 -6 21.185226008714164
      vertex -20.187721358048275 0 21.185226008714164
    endloop
  endfacet
  facet normal -0.07845909572785008 1.7003987789232514e-19 -0.9969173337331275
    outer loop
      vertex -19.812278641951725 -6 21.185226008714164
      vertex -20 -6 21.2
      vertex -20 0 21.2
    endloop
  endfacet
  facet normal -0.2334453638558999 -2.4853135056493236e-19 -0.9723699203976779
    outer loop
      vertex -19.629179606750064 -6 21.141267819554184
      vertex -19.812278641951725 -6 21.185226008714164
      vertex -19.812278641951725 0 21.185226008714164
    endloop
  endfacet
  facet normal -0.3826834323650836 -3.0134822161176385e-19 -0.9238795325112893
    outer loop
      vertex -19.455211400312542 -6 21.06920782902604
      vertex -19.629179606750064 -6 21.141267819554184
      vertex -19.629179606750064 0 21.141267819554184
    endloop
  endfacet
  facet normal -0.8526401643540911 0 -0.5224985647159506
    outer loop
      vertex -19.029179606750063 -6 20.705342302750967
      vertex -19.029179606750063 0 20.705342302750967
      vertex -18.93079217097396 -6 20.544788599687458
    endloop
  endfacet
  facet normal -0.9238795325112893 0 -0.3826834323650836
    outer loop
      vertex -18.93079217097396 -6 20.544788599687458
      vertex -18.93079217097396 0 20.544788599687458
      vertex -18.858732180445816 -6 20.370820393249936
    endloop
  endfacet
  facet normal -0.7604059656000228 0 -0.6494480483301932
    outer loop
      vertex -19.151471862576145 -6 20.848528137423855
      vertex -19.151471862576145 0 20.848528137423855
      vertex -19.029179606750063 -6 20.705342302750967
    endloop
  endfacet
  facet normal -0.6494480483301932 -1.2964075609547428e-18 -0.7604059656000228
    outer loop
      vertex -19.151471862576145 -6 20.848528137423855
      vertex -19.294657697249033 -6 20.970820393249937
      vertex -19.294657697249033 0 20.970820393249937
    endloop
  endfacet
  facet normal 0.8526401643540911 0 0.5224985647159506
    outer loop
      vertex -21.06920782902604 -6 19.455211400312542
      vertex -20.970820393249937 0 19.294657697249033
      vertex -21.06920782902604 0 19.455211400312542
    endloop
  endfacet
  facet normal 0.6494480483301932 0 0.7604059656000228
    outer loop
      vertex -20.848528137423855 -6 19.151471862576145
      vertex -20.705342302750967 0 19.029179606750063
      vertex -20.848528137423855 0 19.151471862576145
    endloop
  endfacet
  facet normal 0.3826834323650836 0 0.9238795325112893
    outer loop
      vertex -20.544788599687458 -6 18.93079217097396
      vertex -20.370820393249936 0 18.858732180445816
      vertex -20.544788599687458 0 18.93079217097396
    endloop
  endfacet
  facet normal 0.5224985647159506 0 0.8526401643540911
    outer loop
      vertex -20.705342302750967 -6 19.029179606750063
      vertex -20.544788599687458 0 18.93079217097396
      vertex -20.705342302750967 0 19.029179606750063
    endloop
  endfacet
  facet normal 0.7604059656000228 0 0.6494480483301932
    outer loop
      vertex -20.970820393249937 -6 19.294657697249033
      vertex -20.848528137423855 0 19.151471862576145
      vertex -20.970820393249937 0 19.294657697249033
    endloop
  endfacet
  facet normal 0.9238795325112893 0 0.3826834323650836
    outer loop
      vertex -21.141267819554184 -6 19.629179606750064
      vertex -21.06920782902604 0 19.455211400312542
      vertex -21.141267819554184 0 19.629179606750064
    endloop
  endfacet
  facet normal 0.9723699203976779 0 0.2334453638558999
    outer loop
      vertex -21.185226008714164 -6 19.812278641951725
      vertex -21.141267819554184 0 19.629179606750064
      vertex -21.185226008714164 0 19.812278641951725
    endloop
  endfacet
  facet normal 0.9969173337331275 0 0.07845909572785008
    outer loop
      vertex -21.2 -6 20
      vertex -21.185226008714164 0 19.812278641951725
      vertex -21.2 0 20
    endloop
  endfacet
  facet normal 0.9969173337331275 0 -0.07845909572785008
    outer loop
      vertex -21.185226008714164 -6 20.187721358048275
      vertex -21.2 0 20
      vertex -21.185226008714164 0 20.187721358048275
    endloop
  endfacet
  facet normal 0.9723699203976779 0 -0.2334453638558999
    outer loop
      vertex -21.141267819554184 -6 20.370820393249936
      vertex -21.185226008714164 0 20.187721358048275
      vertex -21.141267819554184 0 20.370820393249936
    endloop
  endfacet
  facet normal 0.9238795325112893 0 -0.3826834323650836
    outer loop
      vertex -21.06920782902604 -6 20.544788599687458
      vertex -21.141267819554184 0 20.370820393249936
      vertex -21.06920782902604 0 20.544788599687458
    endloop
  endfacet
  facet normal 0.8526401643540911 0 -0.5224985647159506
    outer loop
      vertex -20.970820393249937 -6 20.705342302750967
      vertex -21.06920782902604 0 20.544788599687458
      vertex -20.970820393249937 0 20.705342302750967
    endloop
  endfacet
  facet normal 0.7604059656000228 0 -0.6494480483301932
    outer loop
      vertex -20.848528137423855 -6 20.848528137423855
      vertex -20.970820393249937 0 20.705342302750967
      vertex -20.848528137423855 0 20.848528137423855
    endloop
  endfacet
  facet normal 0.6494480483301932 0 -0.7604059656000228
    outer loop
      vertex -20.705342302750967 -6 20.970820393249937
      vertex -20.848528137423855 0 20.848528137423855
      vertex -20.705342302750967 0 20.970820393249937
    endloop
  endfacet
  facet normal 0.5224985647159506 0 -0.8526401643540911
    outer loop
      vertex -20.544788599687458 -6 21.06920782902604
      vertex -20.705342302750967 0 20.970820393249937
      vertex -20.544788599687458 0 21.06920782902604
    endloop
  endfacet
  facet normal 0.3826834323650836 0 -0.9238795325112893
    outer loop
      vertex -20.370820393249936 -6 21.141267819554184
      vertex -20.544788599687458 0 21.06920782902604
      vertex -20.370820393249936 0 21.141267819554184
    endloop
  endfacet
  facet normal 0.2334453638558999 0 0.9723699203976779
    outer loop
      vertex -20.370820393249936 -6 18.858732180445816
      vertex -20.187721358048275 0 18.814773991285836
      vertex -20.370820393249936 0 18.858732180445816
    endloop
  endfacet
  facet normal 0.07845909572785008 0 0.9969173337331275
    outer loop
      vertex -20.187721358048275 -6 18.814773991285836
      vertex -20 0 18.8
      vertex -20.187721358048275 0 18.814773991285836
    endloop
  endfacet
  facet normal -0.07845909572785008 0 0.9969173337331275
    outer loop
      vertex -20 -6 18.8
      vertex -19.812278641951725 0 18.814773991285836
      vertex -20 0 18.8
    endloop
  endfacet
  facet normal -0.2334453638558999 0 0.9723699203976779
    outer loop
      vertex -19.812278641951725 -6 18.814773991285836
      vertex -19.629179606750064 0 18.858732180445816
      vertex -19.812278641951725 0 18.814773991285836
    endloop
  endfacet
  facet normal -0.3826834323650836 0 0.9238795325112893
    outer loop
      vertex -19.629179606750064 -6 18.858732180445816
      vertex -19.455211400312542 0 18.93079217097396
      vertex -19.629179606750064 0 18.858732180445816
    endloop
  endfacet
  facet normal -0.5224985647159506 0 0.8526401643540911
    outer loop
      vertex -19.455211400312542 -6 18.93079217097396
      vertex -19.294657697249033 0 19.029179606750063
      vertex -19.455211400312542 0 18.93079217097396
    endloop
  endfacet
  facet normal -0.6494480483301932 0 0.7604059656000228
    outer loop
      vertex -19.294657697249033 -6 19.029179606750063
      vertex -19.151471862576145 0 19.151471862576145
      vertex -19.294657697249033 0 19.029179606750063
    endloop
  endfacet
  facet normal -0.7604059656000228 1.2964075609547428e-18 0.6494480483301932
    outer loop
      vertex -19.029179606750063 0 19.294657697249033
      vertex -19.151471862576145 0 19.151471862576145
      vertex -19.151471862576145 -6 19.151471862576145
    endloop
  endfacet
  facet normal -0.8526401643540911 0 0.5224985647159506
    outer loop
      vertex -19.029179606750063 -6 19.294657697249033
      vertex -18.93079217097396 0 19.455211400312542
      vertex -19.029179606750063 0 19.294657697249033
    endloop
  endfacet
  facet normal -0.9238795325112893 0 0.3826834323650836
    outer loop
      vertex -18.93079217097396 -6 19.455211400312542
      vertex -18.858732180445816 0 19.629179606750064
      vertex -18.93079217097396 0 19.455211400312542
    endloop
  endfacet
  facet normal -0.9723699203976779 0 0.2334453638558999
    outer loop
      vertex -18.858732180445816 -6 19.629179606750064
      vertex -18.814773991285836 0 19.812278641951725
      vertex -18.858732180445816 0 19.629179606750064
    endloop
  endfacet
  facet normal -0.9969173337331275 0 0.07845909572785008
    outer loop
      vertex -18.814773991285836 -6 19.812278641951725
      vertex -18.8 0 20
      vertex -18.814773991285836 0 19.812278641951725
    endloop
  endfacet
  facet normal -0.9969173337331275 0 -0.07845909572785008
    outer loop
      vertex -18.8 -6 20
      vertex -18.814773991285836 0 20.187721358048275
      vertex -18.8 0 20
    endloop
  endfacet
  facet normal -0.9723699203976779 0 -0.2334453638558999
    outer loop
      vertex -18.814773991285836 -6 20.187721358048275
      vertex -18.858732180445816 0 20.370820393249936
      vertex -18.814773991285836 0 20.187721358048275
    endloop
  endfacet
  facet normal -0.3826834323650836 0 -0.9238795325112893
    outer loop
      vertex -19.455211400312542 -6 21.06920782902604
      vertex -19.629179606750064 0 21.141267819554184
      vertex -19.455211400312542 0 21.06920782902604
    endloop
  endfacet
  facet normal -0.5224985647159506 0 -0.8526401643540911
    outer loop
      vertex -19.294657697249033 -6 20.970820393249937
      vertex -19.455211400312542 0 21.06920782902604
      vertex -19.294657697249033 0 20.970820393249937
    endloop
  endfacet
  facet normal 0.2334453638558999 0 -0.9723699203976779
    outer loop
      vertex -20.187721358048275 -6 21.185226008714164
      vertex -20.370820393249936 0 21.141267819554184
      vertex -20.187721358048275 0 21.185226008714164
    endloop
  endfacet
  facet normal 0.07845909572785008 0 -0.9969173337331275
    outer loop
      vertex -20 -6 21.2
      vertex -20.187721358048275 0 21.185226008714164
      vertex -20 0 21.2
    endloop
  endfacet
  facet normal -0.07845909572785008 0 -0.9969173337331275
    outer loop
      vertex -19.812278641951725 -6 21.185226008714164
      vertex -20 0 21.2
      vertex -19.812278641951725 0 21.185226008714164
    endloop
  endfacet
  facet normal -0.2334453638558999 0 -0.9723699203976779
    outer loop
      vertex -19.629179606750064 -6 21.141267819554184
      vertex -19.812278641951725 0 21.185226008714164
      vertex -19.629179606750064 0 21.141267819554184
    endloop
  endfacet
  facet normal -0.9238795325112893 0 -0.3826834323650836
    outer loop
      vertex -18.858732180445816 -6 20.370820393249936
      vertex -18.93079217097396 0 20.544788599687458
      vertex -18.858732180445816 0 20.370820393249936
    endloop
  endfacet
  facet normal -0.8526401643540911 0 -0.5224985647159506
    outer loop
      vertex -18.93079217097396 -6 20.544788599687458
      vertex -19.029179606750063 0 20.705342302750967
      vertex -18.93079217097396 0 20.544788599687458
    endloop
  endfacet
  facet normal -0.6494480483301932 0 -0.7604059656000228
    outer loop
      vertex -19.151471862576145 -6 20.848528137423855
      vertex -19.294657697249033 0 20.970820393249937
      vertex -19.151471862576145 0 20.848528137423855
    endloop
  endfacet
  facet normal -0.7604059656000228 0 -0.6494480483301932
    outer loop
      vertex -19.029179606750063 -6 20.705342302750967
      vertex -19.151471862576145 0 20.848528137423855
      vertex -19.029179606750063 0 20.705342302750967
    endloop
  endfacet
  facet normal 0.6494480483301932 0 0.7604059656000228
    outer loop
      vertex 19.294657697249033 0 -20.970820393249937
      vertex 19.151471862576145 -6 -20.848528137423855
      vertex 19.294657697249033 -6 -20.970820393249937
    endloop
  endfacet
  facet normal 0.7604059656000228 -1.2964075609547428e-18 0.6494480483301932
    outer loop
      vertex 19.029179606750063 -6 -20.705342302750967
      vertex 19.151471862576145 -6 -20.848528137423855
      vertex 19.151471862576145 0 -20.848528137423855
    endloop
  endfacet
  facet normal 0.9238795325112893 0 0.3826834323650836
    outer loop
      vertex 18.93079217097396 0 -20.544788599687458
      vertex 18.858732180445816 -6 -20.370820393249936
      vertex 18.93079217097396 -6 -20.544788599687458
    endloop
  endfacet
  facet normal 0.8526401643540911 0 0.5224985647159506
    outer loop
      vertex 19.029179606750063 0 -20.705342302750967
      vertex 18.93079217097396 -6 -20.544788599687458
      vertex 19.029179606750063 -6 -20.705342302750967
    endloop
  endfacet
  facet normal 0.3826834323650836 0 0.9238795325112893
    outer loop
      vertex 19.629179606750064 0 -21.141267819554184
      vertex 19.455211400312542 -6 -21.06920782902604
      vertex 19.629179606750064 -6 -21.141267819554184
    endloop
  endfacet
  facet normal 0.2334453638558999 0 0.9723699203976779
    outer loop
      vertex 19.812278641951725 0 -21.185226008714164
      vertex 19.629179606750064 -6 -21.141267819554184
      vertex 19.812278641951725 -6 -21.185226008714164
    endloop
  endfacet
  facet normal 0.07845909572785008 0 0.9969173337331275
    outer loop
      vertex 20 0 -21.2
      vertex 19.812278641951725 -6 -21.185226008714164
      vertex 20 -6 -21.2
    endloop
  endfacet
  facet normal -0.07845909572785008 0 0.9969173337331275
    outer loop
      vertex 20.187721358048275 0 -21.185226008714164
      vertex 20 -6 -21.2
      vertex 20.187721358048275 -6 -21.185226008714164
    endloop
  endfacet
  facet normal -0.2334453638558999 0 0.9723699203976779
    outer loop
      vertex 20.370820393249936 0 -21.141267819554184
      vertex 20.187721358048275 -6 -21.185226008714164
      vertex 20.370820393249936 -6 -21.141267819554184
    endloop
  endfacet
  facet normal 0.5224985647159506 0 0.8526401643540911
    outer loop
      vertex 19.455211400312542 0 -21.06920782902604
      vertex 19.294657697249033 -6 -20.970820393249937
      vertex 19.455211400312542 -6 -21.06920782902604
    endloop
  endfacet
  facet normal 0.9969173337331275 0 0.07845909572785008
    outer loop
      vertex 18.814773991285836 0 -20.187721358048275
      vertex 18.8 -6 -20
      vertex 18.814773991285836 -6 -20.187721358048275
    endloop
  endfacet
  facet normal 0.9723699203976779 0 0.2334453638558999
    outer loop
      vertex 18.858732180445816 0 -20.370820393249936
      vertex 18.814773991285836 -6 -20.187721358048275
      vertex 18.858732180445816 -6 -20.370820393249936
    endloop
  endfacet
  facet normal 0.9969173337331275 0 -0.07845909572785008
    outer loop
      vertex 18.8 0 -20
      vertex 18.814773991285836 -6 -19.812278641951725
      vertex 18.8 -6 -20
    endloop
  endfacet
  facet normal 0.9723699203976779 0 -0.2334453638558999
    outer loop
      vertex 18.814773991285836 0 -19.812278641951725
      vertex 18.858732180445816 -6 -19.629179606750064
      vertex 18.814773991285836 -6 -19.812278641951725
    endloop
  endfacet
  facet normal 0.9238795325112893 0 -0.3826834323650836
    outer loop
      vertex 18.858732180445816 0 -19.629179606750064
      vertex 18.93079217097396 -6 -19.455211400312542
      vertex 18.858732180445816 -6 -19.629179606750064
    endloop
  endfacet
  facet normal 0.8526401643540911 0 -0.5224985647159506
    outer loop
      vertex 18.93079217097396 0 -19.455211400312542
      vertex 19.029179606750063 -6 -19.294657697249033
      vertex 18.93079217097396 -6 -19.455211400312542
    endloop
  endfacet
  facet normal 0.7604059656000228 0 -0.6494480483301932
    outer loop
      vertex 19.029179606750063 0 -19.294657697249033
      vertex 19.151471862576145 -6 -19.151471862576145
      vertex 19.029179606750063 -6 -19.294657697249033
    endloop
  endfacet
  facet normal 0.6494480483301932 0 -0.7604059656000228
    outer loop
      vertex 19.151471862576145 -6 -19.151471862576145
      vertex 19.151471862576145 0 -19.151471862576145
      vertex 19.294657697249033 -6 -19.029179606750063
    endloop
  endfacet
  facet normal 0.5224985647159506 0 -0.8526401643540911
    outer loop
      vertex 19.294657697249033 0 -19.029179606750063
      vertex 19.455211400312542 -6 -18.93079217097396
      vertex 19.294657697249033 -6 -19.029179606750063
    endloop
  endfacet
  facet normal 0.3826834323650836 0 -0.9238795325112893
    outer loop
      vertex 19.455211400312542 0 -18.93079217097396
      vertex 19.629179606750064 -6 -18.858732180445816
      vertex 19.455211400312542 -6 -18.93079217097396
    endloop
  endfacet
  facet normal 0.2334453638558999 0 -0.9723699203976779
    outer loop
      vertex 19.629179606750064 0 -18.858732180445816
      vertex 19.812278641951725 -6 -18.814773991285836
      vertex 19.629179606750064 -6 -18.858732180445816
    endloop
  endfacet
  facet normal 0.07845909572785008 0 -0.9969173337331275
    outer loop
      vertex 19.812278641951725 0 -18.814773991285836
      vertex 20 -6 -18.8
      vertex 19.812278641951725 -6 -18.814773991285836
    endloop
  endfacet
  facet normal -0.07845909572785008 0 -0.9969173337331275
    outer loop
      vertex 20 0 -18.8
      vertex 20.187721358048275 -6 -18.814773991285836
      vertex 20 -6 -18.8
    endloop
  endfacet
  facet normal -0.2334453638558999 0 -0.9723699203976779
    outer loop
      vertex 20.187721358048275 0 -18.814773991285836
      vertex 20.370820393249936 -6 -18.858732180445816
      vertex 20.187721358048275 -6 -18.814773991285836
    endloop
  endfacet
  facet normal -0.3826834323650836 0 0.9238795325112893
    outer loop
      vertex 20.544788599687458 0 -21.06920782902604
      vertex 20.370820393249936 -6 -21.141267819554184
      vertex 20.544788599687458 -6 -21.06920782902604
    endloop
  endfacet
  facet normal -0.5224985647159506 0 0.8526401643540911
    outer loop
      vertex 20.705342302750967 0 -20.970820393249937
      vertex 20.544788599687458 -6 -21.06920782902604
      vertex 20.705342302750967 -6 -20.970820393249937
    endloop
  endfacet
  facet normal -0.6494480483301932 0 0.7604059656000228
    outer loop
      vertex 20.848528137423855 0 -20.848528137423855
      vertex 20.705342302750967 -6 -20.970820393249937
      vertex 20.848528137423855 -6 -20.848528137423855
    endloop
  endfacet
  facet normal -0.7604059656000228 0 0.6494480483301932
    outer loop
      vertex 20.970820393249937 0 -20.705342302750967
      vertex 20.848528137423855 -6 -20.848528137423855
      vertex 20.970820393249937 -6 -20.705342302750967
    endloop
  endfacet
  facet normal -0.8526401643540911 0 0.5224985647159506
    outer loop
      vertex 21.06920782902604 0 -20.544788599687458
      vertex 20.970820393249937 -6 -20.705342302750967
      vertex 21.06920782902604 -6 -20.544788599687458
    endloop
  endfacet
  facet normal -0.9238795325112893 0 0.3826834323650836
    outer loop
      vertex 21.141267819554184 0 -20.370820393249936
      vertex 21.06920782902604 -6 -20.544788599687458
      vertex 21.141267819554184 -6 -20.370820393249936
    endloop
  endfacet
  facet normal -0.9723699203976779 0 0.2334453638558999
    outer loop
      vertex 21.185226008714164 0 -20.187721358048275
      vertex 21.141267819554184 -6 -20.370820393249936
      vertex 21.185226008714164 -6 -20.187721358048275
    endloop
  endfacet
  facet normal -0.9969173337331275 0 0.07845909572785008
    outer loop
      vertex 21.2 0 -20
      vertex 21.185226008714164 -6 -20.187721358048275
      vertex 21.2 -6 -20
    endloop
  endfacet
  facet normal -0.9969173337331275 0 -0.07845909572785008
    outer loop
      vertex 21.185226008714164 0 -19.812278641951725
      vertex 21.2 -6 -20
      vertex 21.185226008714164 -6 -19.812278641951725
    endloop
  endfacet
  facet normal -0.9723699203976779 0 -0.2334453638558999
    outer loop
      vertex 21.141267819554184 0 -19.629179606750064
      vertex 21.185226008714164 -6 -19.812278641951725
      vertex 21.141267819554184 -6 -19.629179606750064
    endloop
  endfacet
  facet normal -0.7604059656000228 -1.2964075609547428e-18 -0.6494480483301932
    outer loop
      vertex 20.970820393249937 -6 -19.294657697249033
      vertex 20.848528137423855 -6 -19.151471862576145
      vertex 20.848528137423855 0 -19.151471862576145
    endloop
  endfacet
  facet normal -0.5224985647159506 0 -0.8526401643540911
    outer loop
      vertex 20.544788599687458 0 -18.93079217097396
      vertex 20.705342302750967 -6 -19.029179606750063
      vertex 20.544788599687458 -6 -18.93079217097396
    endloop
  endfacet
  facet normal -0.3826834323650836 0 -0.9238795325112893
    outer loop
      vertex 20.370820393249936 0 -18.858732180445816
      vertex 20.544788599687458 -6 -18.93079217097396
      vertex 20.370820393249936 -6 -18.858732180445816
    endloop
  endfacet
  facet normal -0.6494480483301932 0 -0.7604059656000228
    outer loop
      vertex 20.705342302750967 0 -19.029179606750063
      vertex 20.848528137423855 -6 -19.151471862576145
      vertex 20.705342302750967 -6 -19.029179606750063
    endloop
  endfacet
  facet normal -0.9238795325112893 0 -0.3826834323650836
    outer loop
      vertex 21.06920782902604 0 -19.455211400312542
      vertex 21.141267819554184 -6 -19.629179606750064
      vertex 21.06920782902604 -6 -19.455211400312542
    endloop
  endfacet
  facet normal -0.8526401643540911 0 -0.5224985647159506
    outer loop
      vertex 20.970820393249937 0 -19.294657697249033
      vertex 21.06920782902604 -6 -19.455211400312542
      vertex 20.970820393249937 -6 -19.294657697249033
    endloop
  endfacet
  facet normal 0.7604059656000228 -1.2964075609547428e-18 0.6494480483301932
    outer loop
      vertex 19.151471862576145 0 -20.848528137423855
      vertex 19.029179606750063 0 -20.705342302750967
      vertex 19.029179606750063 -6 -20.705342302750967
    endloop
  endfacet
  facet normal 0.6494480483301932 -1.2964075609547428e-18 0.7604059656000228
    outer loop
      vertex 19.294657697249033 0 -20.970820393249937
      vertex 19.151471862576145 0 -20.848528137423855
      vertex 19.151471862576145 -6 -20.848528137423855
    endloop
  endfacet
  facet normal 0.8526401643540911 0 0.5224985647159506
    outer loop
      vertex 18.93079217097396 0 -20.544788599687458
      vertex 18.93079217097396 -6 -20.544788599687458
      vertex 19.029179606750063 0 -20.705342302750967
    endloop
  endfacet
  facet normal 0.9238795325112893 0 0.3826834323650836
    outer loop
      vertex 18.858732180445816 0 -20.370820393249936
      vertex 18.858732180445816 -6 -20.370820393249936
      vertex 18.93079217097396 0 -20.544788599687458
    endloop
  endfacet
  facet normal 0.2334453638558999 -2.4853135056493236e-19 0.9723699203976779
    outer loop
      vertex 19.812278641951725 0 -21.185226008714164
      vertex 19.629179606750064 0 -21.141267819554184
      vertex 19.629179606750064 -6 -21.141267819554184
    endloop
  endfacet
  facet normal 0.07845909572785008 1.7003987789232514e-19 0.9969173337331275
    outer loop
      vertex 20 0 -21.2
      vertex 19.812278641951725 0 -21.185226008714164
      vertex 19.812278641951725 -6 -21.185226008714164
    endloop
  endfacet
  facet normal -0.07845909572785008 -1.7003987789232514e-19 0.9969173337331275
    outer loop
      vertex 20.187721358048275 0 -21.185226008714164
      vertex 20 0 -21.2
      vertex 20 -6 -21.2
    endloop
  endfacet
  facet normal -0.2334453638558999 2.4853135056493236e-19 0.9723699203976779
    outer loop
      vertex 20.370820393249936 0 -21.141267819554184
      vertex 20.187721358048275 0 -21.185226008714164
      vertex 20.187721358048275 -6 -21.185226008714164
    endloop
  endfacet
  facet normal 0.5224985647159506 -1.5068239991765088e-19 0.8526401643540911
    outer loop
      vertex 19.455211400312542 0 -21.06920782902604
      vertex 19.294657697249033 0 -20.970820393249937
      vertex 19.294657697249033 -6 -20.970820393249937
    endloop
  endfacet
  facet normal 0.3826834323650836 -3.0134822161176385e-19 0.9238795325112893
    outer loop
      vertex 19.629179606750064 0 -21.141267819554184
      vertex 19.455211400312542 0 -21.06920782902604
      vertex 19.455211400312542 -6 -21.06920782902604
    endloop
  endfacet
  facet normal 0.9723699203976779 0 0.2334453638558999
    outer loop
      vertex 18.814773991285836 0 -20.187721358048275
      vertex 18.814773991285836 -6 -20.187721358048275
      vertex 18.858732180445816 0 -20.370820393249936
    endloop
  endfacet
  facet normal 0.9969173337331275 0 0.07845909572785008
    outer loop
      vertex 18.8 0 -20
      vertex 18.8 -6 -20
      vertex 18.814773991285836 0 -20.187721358048275
    endloop
  endfacet
  facet normal 0.9969173337331275 0 -0.07845909572785008
    outer loop
      vertex 18.814773991285836 0 -19.812278641951725
      vertex 18.814773991285836 -6 -19.812278641951725
      vertex 18.8 0 -20
    endloop
  endfacet
  facet normal 0.9723699203976779 0 -0.2334453638558999
    outer loop
      vertex 18.858732180445816 0 -19.629179606750064
      vertex 18.858732180445816 -6 -19.629179606750064
      vertex 18.814773991285836 0 -19.812278641951725
    endloop
  endfacet
  facet normal 0.9238795325112893 0 -0.3826834323650836
    outer loop
      vertex 18.93079217097396 0 -19.455211400312542
      vertex 18.93079217097396 -6 -19.455211400312542
      vertex 18.858732180445816 0 -19.629179606750064
    endloop
  endfacet
  facet normal 0.8526401643540911 0 -0.5224985647159506
    outer loop
      vertex 19.029179606750063 0 -19.294657697249033
      vertex 19.029179606750063 -6 -19.294657697249033
      vertex 18.93079217097396 0 -19.455211400312542
    endloop
  endfacet
  facet normal 0.7604059656000228 0 -0.6494480483301932
    outer loop
      vertex 19.151471862576145 0 -19.151471862576145
      vertex 19.151471862576145 -6 -19.151471862576145
      vertex 19.029179606750063 0 -19.294657697249033
    endloop
  endfacet
  facet normal 0.6494480483301932 1.2964075609547428e-18 -0.7604059656000228
    outer loop
      vertex 19.151471862576145 0 -19.151471862576145
      vertex 19.294657697249033 0 -19.029179606750063
      vertex 19.294657697249033 -6 -19.029179606750063
    endloop
  endfacet
  facet normal 0.5224985647159506 1.5068239991765088e-19 -0.8526401643540911
    outer loop
      vertex 19.294657697249033 0 -19.029179606750063
      vertex 19.455211400312542 0 -18.93079217097396
      vertex 19.455211400312542 -6 -18.93079217097396
    endloop
  endfacet
  facet normal 0.3826834323650836 3.0134822161176385e-19 -0.9238795325112893
    outer loop
      vertex 19.455211400312542 0 -18.93079217097396
      vertex 19.629179606750064 0 -18.858732180445816
      vertex 19.629179606750064 -6 -18.858732180445816
    endloop
  endfacet
  facet normal 0.2334453638558999 2.4853135056493236e-19 -0.9723699203976779
    outer loop
      vertex 19.629179606750064 0 -18.858732180445816
      vertex 19.812278641951725 0 -18.814773991285836
      vertex 19.812278641951725 -6 -18.814773991285836
    endloop
  endfacet
  facet normal 0.07845909572785008 -1.7003987789232514e-19 -0.9969173337331275
    outer loop
      vertex 19.812278641951725 0 -18.814773991285836
      vertex 20 0 -18.8
      vertex 20 -6 -18.8
    endloop
  endfacet
  facet normal -0.07845909572785008 1.7003987789232514e-19 -0.9969173337331275
    outer loop
      vertex 20 0 -18.8
      vertex 20.187721358048275 0 -18.814773991285836
      vertex 20.187721358048275 -6 -18.814773991285836
    endloop
  endfacet
  facet normal -0.2334453638558999 -2.4853135056493236e-19 -0.9723699203976779
    outer loop
      vertex 20.187721358048275 0 -18.814773991285836
      vertex 20.370820393249936 0 -18.858732180445816
      vertex 20.370820393249936 -6 -18.858732180445816
    endloop
  endfacet
  facet normal -0.3826834323650836 3.0134822161176385e-19 0.9238795325112893
    outer loop
      vertex 20.544788599687458 0 -21.06920782902604
      vertex 20.370820393249936 0 -21.141267819554184
      vertex 20.370820393249936 -6 -21.141267819554184
    endloop
  endfacet
  facet normal -0.5224985647159506 1.5068239991765088e-19 0.8526401643540911
    outer loop
      vertex 20.705342302750967 0 -20.970820393249937
      vertex 20.544788599687458 0 -21.06920782902604
      vertex 20.544788599687458 -6 -21.06920782902604
    endloop
  endfacet
  facet normal -0.6494480483301932 1.2964075609547428e-18 0.7604059656000228
    outer loop
      vertex 20.848528137423855 0 -20.848528137423855
      vertex 20.705342302750967 0 -20.970820393249937
      vertex 20.705342302750967 -6 -20.970820393249937
    endloop
  endfacet
  facet normal -0.7604059656000228 0 0.6494480483301932
    outer loop
      vertex 20.848528137423855 0 -20.848528137423855
      vertex 20.848528137423855 -6 -20.848528137423855
      vertex 20.970820393249937 0 -20.705342302750967
    endloop
  endfacet
  facet normal -0.8526401643540911 0 0.5224985647159506
    outer loop
      vertex 20.970820393249937 0 -20.705342302750967
      vertex 20.970820393249937 -6 -20.705342302750967
      vertex 21.06920782902604 0 -20.544788599687458
    endloop
  endfacet
  facet normal -0.9238795325112893 0 0.3826834323650836
    outer loop
      vertex 21.06920782902604 0 -20.544788599687458
      vertex 21.06920782902604 -6 -20.544788599687458
      vertex 21.141267819554184 0 -20.370820393249936
    endloop
  endfacet
  facet normal -0.9723699203976779 0 0.2334453638558999
    outer loop
      vertex 21.141267819554184 0 -20.370820393249936
      vertex 21.141267819554184 -6 -20.370820393249936
      vertex 21.185226008714164 0 -20.187721358048275
    endloop
  endfacet
  facet normal -0.9969173337331275 0 0.07845909572785008
    outer loop
      vertex 21.185226008714164 0 -20.187721358048275
      vertex 21.185226008714164 -6 -20.187721358048275
      vertex 21.2 0 -20
    endloop
  endfacet
  facet normal -0.9969173337331275 0 -0.07845909572785008
    outer loop
      vertex 21.2 0 -20
      vertex 21.2 -6 -20
      vertex 21.185226008714164 0 -19.812278641951725
    endloop
  endfacet
  facet normal -0.9723699203976779 0 -0.2334453638558999
    outer loop
      vertex 21.185226008714164 0 -19.812278641951725
      vertex 21.185226008714164 -6 -19.812278641951725
      vertex 21.141267819554184 0 -19.629179606750064
    endloop
  endfacet
  facet normal -0.9238795325112893 0 -0.3826834323650836
    outer loop
      vertex 21.141267819554184 0 -19.629179606750064
      vertex 21.141267819554184 -6 -19.629179606750064
      vertex 21.06920782902604 0 -19.455211400312542
    endloop
  endfacet
  facet normal -0.7604059656000228 0 -0.6494480483301932
    outer loop
      vertex 20.970820393249937 0 -19.294657697249033
      vertex 20.970820393249937 -6 -19.294657697249033
      vertex 20.848528137423855 0 -19.151471862576145
    endloop
  endfacet
  facet normal -0.5224985647159506 -1.5068239991765088e-19 -0.8526401643540911
    outer loop
      vertex 20.544788599687458 0 -18.93079217097396
      vertex 20.705342302750967 0 -19.029179606750063
      vertex 20.705342302750967 -6 -19.029179606750063
    endloop
  endfacet
  facet normal -0.3826834323650836 -3.0134822161176385e-19 -0.9238795325112893
    outer loop
      vertex 20.370820393249936 0 -18.858732180445816
      vertex 20.544788599687458 0 -18.93079217097396
      vertex 20.544788599687458 -6 -18.93079217097396
    endloop
  endfacet
  facet normal -0.6494480483301932 -1.2964075609547428e-18 -0.7604059656000228
    outer loop
      vertex 20.705342302750967 0 -19.029179606750063
      vertex 20.848528137423855 0 -19.151471862576145
      vertex 20.848528137423855 -6 -19.151471862576145
    endloop
  endfacet
  facet normal -0.8526401643540911 0 -0.5224985647159506
    outer loop
      vertex 21.06920782902604 0 -19.455211400312542
      vertex 21.06920782902604 -6 -19.455211400312542
      vertex 20.970820393249937 0 -19.294657697249033
    endloop
  endfacet
  facet normal 0.6494480483301932 -1.2964075609547428e-18 0.7604059656000228
    outer loop
      vertex 19.151471862576145 -6 19.151471862576145
      vertex 19.294657697249033 -6 19.029179606750063
      vertex 19.294657697249033 0 19.029179606750063
    endloop
  endfacet
  facet normal 0.9238795325112893 0 0.3826834323650836
    outer loop
      vertex 18.93079217097396 -6 19.455211400312542
      vertex 18.93079217097396 0 19.455211400312542
      vertex 18.858732180445816 -6 19.629179606750064
    endloop
  endfacet
  facet normal 0.7604059656000228 -1.2964075609547428e-18 0.6494480483301932
    outer loop
      vertex 19.029179606750063 -6 19.294657697249033
      vertex 19.151471862576145 -6 19.151471862576145
      vertex 19.151471862576145 0 19.151471862576145
    endloop
  endfacet
  facet normal 0.8526401643540911 0 0.5224985647159506
    outer loop
      vertex 19.029179606750063 -6 19.294657697249033
      vertex 19.029179606750063 0 19.294657697249033
      vertex 18.93079217097396 -6 19.455211400312542
    endloop
  endfacet
  facet normal 0.9723699203976779 0 0.2334453638558999
    outer loop
      vertex 18.858732180445816 -6 19.629179606750064
      vertex 18.858732180445816 0 19.629179606750064
      vertex 18.814773991285836 -6 19.812278641951725
    endloop
  endfacet
  facet normal 0.9969173337331275 0 0.07845909572785008
    outer loop
      vertex 18.814773991285836 -6 19.812278641951725
      vertex 18.814773991285836 0 19.812278641951725
      vertex 18.8 -6 20
    endloop
  endfacet
  facet normal 0.9969173337331275 0 -0.07845909572785008
    outer loop
      vertex 18.8 -6 20
      vertex 18.8 0 20
      vertex 18.814773991285836 -6 20.187721358048275
    endloop
  endfacet
  facet normal 0.9723699203976779 0 -0.2334453638558999
    outer loop
      vertex 18.814773991285836 -6 20.187721358048275
      vertex 18.814773991285836 0 20.187721358048275
      vertex 18.858732180445816 -6 20.370820393249936
    endloop
  endfacet
  facet normal 0.5224985647159506 -1.5068239991765088e-19 0.8526401643540911
    outer loop
      vertex 19.294657697249033 -6 19.029179606750063
      vertex 19.455211400312542 -6 18.93079217097396
      vertex 19.455211400312542 0 18.93079217097396
    endloop
  endfacet
  facet normal 0.3826834323650836 -3.0134822161176385e-19 0.9238795325112893
    outer loop
      vertex 19.455211400312542 -6 18.93079217097396
      vertex 19.629179606750064 -6 18.858732180445816
      vertex 19.629179606750064 0 18.858732180445816
    endloop
  endfacet
  facet normal 0.2334453638558999 -2.4853135056493236e-19 0.9723699203976779
    outer loop
      vertex 19.629179606750064 -6 18.858732180445816
      vertex 19.812278641951725 -6 18.814773991285836
      vertex 19.812278641951725 0 18.814773991285836
    endloop
  endfacet
  facet normal 0.07845909572785008 1.7003987789232514e-19 0.9969173337331275
    outer loop
      vertex 19.812278641951725 -6 18.814773991285836
      vertex 20 -6 18.8
      vertex 20 0 18.8
    endloop
  endfacet
  facet normal -0.07845909572785008 -1.7003987789232514e-19 0.9969173337331275
    outer loop
      vertex 20 -6 18.8
      vertex 20.187721358048275 -6 18.814773991285836
      vertex 20.187721358048275 0 18.814773991285836
    endloop
  endfacet
  facet normal -0.2334453638558999 2.4853135056493236e-19 0.9723699203976779
    outer loop
      vertex 20.187721358048275 -6 18.814773991285836
      vertex 20.370820393249936 -6 18.858732180445816
      vertex 20.370820393249936 0 18.858732180445816
    endloop
  endfacet
  facet normal 0.9238795325112893 0 -0.3826834323650836
    outer loop
      vertex 18.858732180445816 -6 20.370820393249936
      vertex 18.858732180445816 0 20.370820393249936
      vertex 18.93079217097396 -6 20.544788599687458
    endloop
  endfacet
  facet normal 0.8526401643540911 0 -0.5224985647159506
    outer loop
      vertex 18.93079217097396 -6 20.544788599687458
      vertex 18.93079217097396 0 20.544788599687458
      vertex 19.029179606750063 -6 20.705342302750967
    endloop
  endfacet
  facet normal 0.7604059656000228 0 -0.6494480483301932
    outer loop
      vertex 19.029179606750063 -6 20.705342302750967
      vertex 19.029179606750063 0 20.705342302750967
      vertex 19.151471862576145 -6 20.848528137423855
    endloop
  endfacet
  facet normal 0.6494480483301932 0 -0.7604059656000228
    outer loop
      vertex 19.151471862576145 -6 20.848528137423855
      vertex 19.151471862576145 0 20.848528137423855
      vertex 19.294657697249033 -6 20.970820393249937
    endloop
  endfacet
  facet normal 0.5224985647159506 1.5068239991765088e-19 -0.8526401643540911
    outer loop
      vertex 19.455211400312542 -6 21.06920782902604
      vertex 19.294657697249033 -6 20.970820393249937
      vertex 19.294657697249033 0 20.970820393249937
    endloop
  endfacet
  facet normal 0.3826834323650836 3.0134822161176385e-19 -0.9238795325112893
    outer loop
      vertex 19.629179606750064 -6 21.141267819554184
      vertex 19.455211400312542 -6 21.06920782902604
      vertex 19.455211400312542 0 21.06920782902604
    endloop
  endfacet
  facet normal 0.2334453638558999 2.4853135056493236e-19 -0.9723699203976779
    outer loop
      vertex 19.812278641951725 -6 21.185226008714164
      vertex 19.629179606750064 -6 21.141267819554184
      vertex 19.629179606750064 0 21.141267819554184
    endloop
  endfacet
  facet normal 0.07845909572785008 -1.7003987789232514e-19 -0.9969173337331275
    outer loop
      vertex 20 -6 21.2
      vertex 19.812278641951725 -6 21.185226008714164
      vertex 19.812278641951725 0 21.185226008714164
    endloop
  endfacet
  facet normal -0.07845909572785008 1.7003987789232514e-19 -0.9969173337331275
    outer loop
      vertex 20.187721358048275 -6 21.185226008714164
      vertex 20 -6 21.2
      vertex 20 0 21.2
    endloop
  endfacet
  facet normal -0.2334453638558999 -2.4853135056493236e-19 -0.9723699203976779
    outer loop
      vertex 20.370820393249936 -6 21.141267819554184
      vertex 20.187721358048275 -6 21.185226008714164
      vertex 20.187721358048275 0 21.185226008714164
    endloop
  endfacet
  facet normal -0.3826834323650836 3.0134822161176385e-19 0.9238795325112893
    outer loop
      vertex 20.370820393249936 -6 18.858732180445816
      vertex 20.544788599687458 -6 18.93079217097396
      vertex 20.544788599687458 0 18.93079217097396
    endloop
  endfacet
  facet normal -0.5224985647159506 1.5068239991765088e-19 0.8526401643540911
    outer loop
      vertex 20.544788599687458 -6 18.93079217097396
      vertex 20.705342302750967 -6 19.029179606750063
      vertex 20.705342302750967 0 19.029179606750063
    endloop
  endfacet
  facet normal -0.6494480483301932 1.2964075609547428e-18 0.7604059656000228
    outer loop
      vertex 20.705342302750967 -6 19.029179606750063
      vertex 20.848528137423855 -6 19.151471862576145
      vertex 20.848528137423855 0 19.151471862576145
    endloop
  endfacet
  facet normal -0.7604059656000228 0 0.6494480483301932
    outer loop
      vertex 20.970820393249937 -6 19.294657697249033
      vertex 20.970820393249937 0 19.294657697249033
      vertex 20.848528137423855 -6 19.151471862576145
    endloop
  endfacet
  facet normal -0.8526401643540911 0 0.5224985647159506
    outer loop
      vertex 21.06920782902604 -6 19.455211400312542
      vertex 21.06920782902604 0 19.455211400312542
      vertex 20.970820393249937 -6 19.294657697249033
    endloop
  endfacet
  facet normal -0.9238795325112893 0 0.3826834323650836
    outer loop
      vertex 21.141267819554184 -6 19.629179606750064
      vertex 21.141267819554184 0 19.629179606750064
      vertex 21.06920782902604 -6 19.455211400312542
    endloop
  endfacet
  facet normal -0.9723699203976779 0 0.2334453638558999
    outer loop
      vertex 21.185226008714164 -6 19.812278641951725
      vertex 21.185226008714164 0 19.812278641951725
      vertex 21.141267819554184 -6 19.629179606750064
    endloop
  endfacet
  facet normal -0.9969173337331275 0 0.07845909572785008
    outer loop
      vertex 21.2 -6 20
      vertex 21.2 0 20
      vertex 21.185226008714164 -6 19.812278641951725
    endloop
  endfacet
  facet normal -0.9969173337331275 0 -0.07845909572785008
    outer loop
      vertex 21.185226008714164 -6 20.187721358048275
      vertex 21.185226008714164 0 20.187721358048275
      vertex 21.2 -6 20
    endloop
  endfacet
  facet normal -0.9723699203976779 0 -0.2334453638558999
    outer loop
      vertex 21.141267819554184 -6 20.370820393249936
      vertex 21.141267819554184 0 20.370820393249936
      vertex 21.185226008714164 -6 20.187721358048275
    endloop
  endfacet
  facet normal -0.5224985647159506 -1.5068239991765088e-19 -0.8526401643540911
    outer loop
      vertex 20.705342302750967 -6 20.970820393249937
      vertex 20.544788599687458 -6 21.06920782902604
      vertex 20.544788599687458 0 21.06920782902604
    endloop
  endfacet
  facet normal -0.7604059656000228 -1.2964075609547428e-18 -0.6494480483301932
    outer loop
      vertex 20.970820393249937 -6 20.705342302750967
      vertex 20.848528137423855 -6 20.848528137423855
      vertex 20.848528137423855 0 20.848528137423855
    endloop
  endfacet
  facet normal -0.6494480483301932 -1.2964075609547428e-18 -0.7604059656000228
    outer loop
      vertex 20.848528137423855 -6 20.848528137423855
      vertex 20.705342302750967 -6 20.970820393249937
      vertex 20.705342302750967 0 20.970820393249937
    endloop
  endfacet
  facet normal -0.9238795325112893 0 -0.3826834323650836
    outer loop
      vertex 21.06920782902604 -6 20.544788599687458
      vertex 21.06920782902604 0 20.544788599687458
      vertex 21.141267819554184 -6 20.370820393249936
    endloop
  endfacet
  facet normal -0.8526401643540911 0 -0.5224985647159506
    outer loop
      vertex 20.970820393249937 -6 20.705342302750967
      vertex 20.970820393249937 0 20.705342302750967
      vertex 21.06920782902604 -6 20.544788599687458
    endloop
  endfacet
  facet normal -0.3826834323650836 -3.0134822161176385e-19 -0.9238795325112893
    outer loop
      vertex 20.544788599687458 -6 21.06920782902604
      vertex 20.370820393249936 -6 21.141267819554184
      vertex 20.370820393249936 0 21.141267819554184
    endloop
  endfacet
  facet normal 0.6494480483301932 0 0.7604059656000228
    outer loop
      vertex 19.151471862576145 -6 19.151471862576145
      vertex 19.294657697249033 0 19.029179606750063
      vertex 19.151471862576145 0 19.151471862576145
    endloop
  endfacet
  facet normal 0.8526401643540911 0 0.5224985647159506
    outer loop
      vertex 18.93079217097396 -6 19.455211400312542
      vertex 19.029179606750063 0 19.294657697249033
      vertex 18.93079217097396 0 19.455211400312542
    endloop
  endfacet
  facet normal 0.7604059656000228 -1.2964075609547428e-18 0.6494480483301932
    outer loop
      vertex 19.151471862576145 0 19.151471862576145
      vertex 19.029179606750063 0 19.294657697249033
      vertex 19.029179606750063 -6 19.294657697249033
    endloop
  endfacet
  facet normal 0.9238795325112893 0 0.3826834323650836
    outer loop
      vertex 18.858732180445816 -6 19.629179606750064
      vertex 18.93079217097396 0 19.455211400312542
      vertex 18.858732180445816 0 19.629179606750064
    endloop
  endfacet
  facet normal 0.9723699203976779 0 0.2334453638558999
    outer loop
      vertex 18.814773991285836 -6 19.812278641951725
      vertex 18.858732180445816 0 19.629179606750064
      vertex 18.814773991285836 0 19.812278641951725
    endloop
  endfacet
  facet normal 0.9969173337331275 0 0.07845909572785008
    outer loop
      vertex 18.8 -6 20
      vertex 18.814773991285836 0 19.812278641951725
      vertex 18.8 0 20
    endloop
  endfacet
  facet normal 0.9969173337331275 0 -0.07845909572785008
    outer loop
      vertex 18.814773991285836 -6 20.187721358048275
      vertex 18.8 0 20
      vertex 18.814773991285836 0 20.187721358048275
    endloop
  endfacet
  facet normal 0.9723699203976779 0 -0.2334453638558999
    outer loop
      vertex 18.858732180445816 -6 20.370820393249936
      vertex 18.814773991285836 0 20.187721358048275
      vertex 18.858732180445816 0 20.370820393249936
    endloop
  endfacet
  facet normal 0.3826834323650836 0 0.9238795325112893
    outer loop
      vertex 19.455211400312542 -6 18.93079217097396
      vertex 19.629179606750064 0 18.858732180445816
      vertex 19.455211400312542 0 18.93079217097396
    endloop
  endfacet
  facet normal 0.5224985647159506 0 0.8526401643540911
    outer loop
      vertex 19.294657697249033 -6 19.029179606750063
      vertex 19.455211400312542 0 18.93079217097396
      vertex 19.294657697249033 0 19.029179606750063
    endloop
  endfacet
  facet normal 0.2334453638558999 0 0.9723699203976779
    outer loop
      vertex 19.629179606750064 -6 18.858732180445816
      vertex 19.812278641951725 0 18.814773991285836
      vertex 19.629179606750064 0 18.858732180445816
    endloop
  endfacet
  facet normal 0.07845909572785008 0 0.9969173337331275
    outer loop
      vertex 19.812278641951725 -6 18.814773991285836
      vertex 20 0 18.8
      vertex 19.812278641951725 0 18.814773991285836
    endloop
  endfacet
  facet normal -0.07845909572785008 0 0.9969173337331275
    outer loop
      vertex 20 -6 18.8
      vertex 20.187721358048275 0 18.814773991285836
      vertex 20 0 18.8
    endloop
  endfacet
  facet normal -0.2334453638558999 0 0.9723699203976779
    outer loop
      vertex 20.187721358048275 -6 18.814773991285836
      vertex 20.370820393249936 0 18.858732180445816
      vertex 20.187721358048275 0 18.814773991285836
    endloop
  endfacet
  facet normal 0.9238795325112893 0 -0.3826834323650836
    outer loop
      vertex 18.93079217097396 -6 20.544788599687458
      vertex 18.858732180445816 0 20.370820393249936
      vertex 18.93079217097396 0 20.544788599687458
    endloop
  endfacet
  facet normal 0.8526401643540911 0 -0.5224985647159506
    outer loop
      vertex 19.029179606750063 -6 20.705342302750967
      vertex 18.93079217097396 0 20.544788599687458
      vertex 19.029179606750063 0 20.705342302750967
    endloop
  endfacet
  facet normal 0.7604059656000228 0 -0.6494480483301932
    outer loop
      vertex 19.151471862576145 -6 20.848528137423855
      vertex 19.029179606750063 0 20.705342302750967
      vertex 19.151471862576145 0 20.848528137423855
    endloop
  endfacet
  facet normal 0.6494480483301932 0 -0.7604059656000228
    outer loop
      vertex 19.294657697249033 -6 20.970820393249937
      vertex 19.151471862576145 0 20.848528137423855
      vertex 19.294657697249033 0 20.970820393249937
    endloop
  endfacet
  facet normal 0.5224985647159506 0 -0.8526401643540911
    outer loop
      vertex 19.455211400312542 -6 21.06920782902604
      vertex 19.294657697249033 0 20.970820393249937
      vertex 19.455211400312542 0 21.06920782902604
    endloop
  endfacet
  facet normal 0.3826834323650836 0 -0.9238795325112893
    outer loop
      vertex 19.629179606750064 -6 21.141267819554184
      vertex 19.455211400312542 0 21.06920782902604
      vertex 19.629179606750064 0 21.141267819554184
    endloop
  endfacet
  facet normal 0.2334453638558999 0 -0.9723699203976779
    outer loop
      vertex 19.812278641951725 -6 21.185226008714164
      vertex 19.629179606750064 0 21.141267819554184
      vertex 19.812278641951725 0 21.185226008714164
    endloop
  endfacet
  facet normal 0.07845909572785008 0 -0.9969173337331275
    outer loop
      vertex 20 -6 21.2
      vertex 19.812278641951725 0 21.185226008714164
      vertex 20 0 21.2
    endloop
  endfacet
  facet normal -0.07845909572785008 0 -0.9969173337331275
    outer loop
      vertex 20.187721358048275 -6 21.185226008714164
      vertex 20 0 21.2
      vertex 20.187721358048275 0 21.185226008714164
    endloop
  endfacet
  facet normal -0.2334453638558999 0 -0.9723699203976779
    outer loop
      vertex 20.370820393249936 -6 21.141267819554184
      vertex 20.187721358048275 0 21.185226008714164
      vertex 20.370820393249936 0 21.141267819554184
    endloop
  endfacet
  facet normal -0.3826834323650836 0 0.9238795325112893
    outer loop
      vertex 20.370820393249936 -6 18.858732180445816
      vertex 20.544788599687458 0 18.93079217097396
      vertex 20.370820393249936 0 18.858732180445816
    endloop
  endfacet
  facet normal -0.5224985647159506 0 0.8526401643540911
    outer loop
      vertex 20.544788599687458 -6 18.93079217097396
      vertex 20.705342302750967 0 19.029179606750063
      vertex 20.544788599687458 0 18.93079217097396
    endloop
  endfacet
  facet normal -0.6494480483301932 0 0.7604059656000228
    outer loop
      vertex 20.705342302750967 -6 19.029179606750063
      vertex 20.848528137423855 0 19.151471862576145
      vertex 20.705342302750967 0 19.029179606750063
    endloop
  endfacet
  facet normal -0.7604059656000228 0 0.6494480483301932
    outer loop
      vertex 20.848528137423855 -6 19.151471862576145
      vertex 20.970820393249937 0 19.294657697249033
      vertex 20.848528137423855 0 19.151471862576145
    endloop
  endfacet
  facet normal -0.8526401643540911 0 0.5224985647159506
    outer loop
      vertex 20.970820393249937 -6 19.294657697249033
      vertex 21.06920782902604 0 19.455211400312542
      vertex 20.970820393249937 0 19.294657697249033
    endloop
  endfacet
  facet normal -0.9238795325112893 0 0.3826834323650836
    outer loop
      vertex 21.06920782902604 -6 19.455211400312542
      vertex 21.141267819554184 0 19.629179606750064
      vertex 21.06920782902604 0 19.455211400312542
    endloop
  endfacet
  facet normal -0.9723699203976779 0 0.2334453638558999
    outer loop
      vertex 21.141267819554184 -6 19.629179606750064
      vertex 21.185226008714164 0 19.812278641951725
      vertex 21.141267819554184 0 19.629179606750064
    endloop
  endfacet
  facet normal -0.9969173337331275 0 0.07845909572785008
    outer loop
      vertex 21.185226008714164 -6 19.812278641951725
      vertex 21.2 0 20
      vertex 21.185226008714164 0 19.812278641951725
    endloop
  endfacet
  facet normal -0.9969173337331275 0 -0.07845909572785008
    outer loop
      vertex 21.2 -6 20
      vertex 21.185226008714164 0 20.187721358048275
      vertex 21.2 0 20
    endloop
  endfacet
  facet normal -0.9723699203976779 0 -0.2334453638558999
    outer loop
      vertex 21.185226008714164 -6 20.187721358048275
      vertex 21.141267819554184 0 20.370820393249936
      vertex 21.185226008714164 0 20.187721358048275
    endloop
  endfacet
  facet normal -0.3826834323650836 0 -0.9238795325112893
    outer loop
      vertex 20.544788599687458 -6 21.06920782902604
      vertex 20.370820393249936 0 21.141267819554184
      vertex 20.544788599687458 0 21.06920782902604
    endloop
  endfacet
  facet normal -0.5224985647159506 0 -0.8526401643540911
    outer loop
      vertex 20.705342302750967 -6 20.970820393249937
      vertex 20.544788599687458 0 21.06920782902604
      vertex 20.705342302750967 0 20.970820393249937
    endloop
  endfacet
  facet normal -0.6494480483301932 0 -0.7604059656000228
    outer loop
      vertex 20.848528137423855 -6 20.848528137423855
      vertex 20.705342302750967 0 20.970820393249937
      vertex 20.848528137423855 0 20.848528137423855
    endloop
  endfacet
  facet normal -0.7604059656000228 0 -0.6494480483301932
    outer loop
      vertex 20.970820393249937 -6 20.705342302750967
      vertex 20.848528137423855 0 20.848528137423855
      vertex 20.970820393249937 0 20.705342302750967
    endloop
  endfacet
  facet normal -0.9238795325112893 0 -0.3826834323650836
    outer loop
      vertex 21.141267819554184 -6 20.370820393249936
      vertex 21.06920782902604 0 20.544788599687458
      vertex 21.141267819554184 0 20.370820393249936
    endloop
  endfacet
  facet normal -0.8526401643540911 0 -0.5224985647159506
    outer loop
      vertex 21.06920782902604 -6 20.544788599687458
      vertex 20.970820393249937 0 20.705342302750967
      vertex 21.06920782902604 0 20.544788599687458
    endloop
  endfacet
  facet normal 0 0.9723699203976777 0.2334453638559008
    outer loop
      vertex -30.25 9.222160986928753 -0.2815820370724156
      vertex -36.25 9.288098270668723 -0.5562305898749054
      vertex -36.25 9.222160986928753 -0.2815820370724156
    endloop
  endfacet
  facet normal 0 0.9969173337331275 0.07845909572784934
    outer loop
      vertex -30.25 9.2 0
      vertex -36.25 9.222160986928753 -0.2815820370724156
      vertex -36.25 9.2 0
    endloop
  endfacet
  facet normal 0 0.8526401643540937 0.5224985647159465
    outer loop
      vertex -30.25 9.396188256460938 -0.8171828995311843
      vertex -36.25 9.543769410125094 -1.0580134541264516
      vertex -36.25 9.396188256460938 -0.8171828995311843
    endloop
  endfacet
  facet normal 0 0.7604059656000319 0.6494480483301824
    outer loop
      vertex -30.25 9.543769410125094 -1.0580134541264516
      vertex -36.25 9.727207793864213 -1.2727922061357857
      vertex -36.25 9.543769410125094 -1.0580134541264516
    endloop
  endfacet
  facet normal 0 0.9238795325112853 0.38268343236509345
    outer loop
      vertex -30.25 9.288098270668723 -0.5562305898749054
      vertex -36.25 9.396188256460938 -0.8171828995311843
      vertex -36.25 9.288098270668723 -0.5562305898749054
    endloop
  endfacet
  facet normal -6.800207706886654e-19 0.9723699203976777 0.2334453638559008
    outer loop
      vertex -30.25 9.222160986928753 -0.2815820370724156
      vertex -30.25 9.288098270668723 -0.5562305898749054
      vertex -36.25 9.288098270668723 -0.5562305898749054
    endloop
  endfacet
  facet normal -1.0502044601374636e-19 0.9969173337331275 0.07845909572784934
    outer loop
      vertex -30.25 9.2 0
      vertex -30.25 9.222160986928753 -0.2815820370724156
      vertex -36.25 9.222160986928753 -0.2815820370724156
    endloop
  endfacet
  facet normal 1.1203756647309598e-18 0.8526401643540937 0.5224985647159465
    outer loop
      vertex -30.25 9.396188256460938 -0.8171828995311843
      vertex -30.25 9.543769410125094 -1.0580134541264516
      vertex -36.25 9.543769410125094 -1.0580134541264516
    endloop
  endfacet
  facet normal 1.6849616241222395e-18 0.7604059656000319 0.6494480483301824
    outer loop
      vertex -30.25 9.543769410125094 -1.0580134541264516
      vertex -30.25 9.727207793864213 -1.2727922061357857
      vertex -36.25 9.727207793864213 -1.2727922061357857
    endloop
  endfacet
  facet normal -3.937996576027553e-20 0.9238795325112853 0.38268343236509345
    outer loop
      vertex -30.25 9.288098270668723 -0.5562305898749054
      vertex -30.25 9.396188256460938 -0.8171828995311843
      vertex -36.25 9.396188256460938 -0.8171828995311843
    endloop
  endfacet
  facet normal 0 0.3826834323650894 0.9238795325112868
    outer loop
      vertex -30.25 10.182817100468815 -1.6038117435390622
      vertex -36.25 10.443769410125094 -1.7119017293312764
      vertex -36.25 10.182817100468815 -1.6038117435390622
    endloop
  endfacet
  facet normal 0 0.2334453638559051 0.9723699203976767
    outer loop
      vertex -30.25 10.443769410125094 -1.7119017293312764
      vertex -36.25 10.718417962927585 -1.777839013071248
      vertex -36.25 10.443769410125094 -1.7119017293312764
    endloop
  endfacet
  facet normal 0 0.6494480483301807 0.7604059656000335
    outer loop
      vertex -30.25 9.727207793864213 -1.2727922061357857
      vertex -36.25 9.941986545873549 -1.4562305898749055
      vertex -36.25 9.727207793864213 -1.2727922061357857
    endloop
  endfacet
  facet normal 0 0.52249856471595 0.8526401643540914
    outer loop
      vertex -30.25 9.941986545873549 -1.4562305898749055
      vertex -36.25 10.182817100468815 -1.6038117435390622
      vertex -36.25 9.941986545873549 -1.4562305898749055
    endloop
  endfacet
  facet normal 0 0.07845909572784492 0.9969173337331281
    outer loop
      vertex -30.25 10.718417962927585 -1.777839013071248
      vertex -36.25 11 -1.8
      vertex -36.25 10.718417962927585 -1.777839013071248
    endloop
  endfacet
  facet normal 0 -0.07845909572784492 0.9969173337331281
    outer loop
      vertex -30.25 11 -1.8
      vertex -36.25 11.281582037072415 -1.777839013071248
      vertex -36.25 11 -1.8
    endloop
  endfacet
  facet normal 0 -0.2334453638559051 0.9723699203976767
    outer loop
      vertex -30.25 11.281582037072415 -1.777839013071248
      vertex -36.25 11.556230589874906 -1.7119017293312764
      vertex -36.25 11.281582037072415 -1.777839013071248
    endloop
  endfacet
  facet normal 3.8170511227366063e-19 0.3826834323650894 0.9238795325112868
    outer loop
      vertex -30.25 10.182817100468815 -1.6038117435390622
      vertex -30.25 10.443769410125094 -1.7119017293312764
      vertex -36.25 10.443769410125094 -1.7119017293312764
    endloop
  endfacet
  facet normal 0 0.6494480483301807 0.7604059656000335
    outer loop
      vertex -30.25 9.941986545873549 -1.4562305898749055
      vertex -36.25 9.941986545873549 -1.4562305898749055
      vertex -30.25 9.727207793864213 -1.2727922061357857
    endloop
  endfacet
  facet normal 0 0.52249856471595 0.8526401643540914
    outer loop
      vertex -30.25 10.182817100468815 -1.6038117435390622
      vertex -36.25 10.182817100468815 -1.6038117435390622
      vertex -30.25 9.941986545873549 -1.4562305898749055
    endloop
  endfacet
  facet normal 0 0.2334453638559051 0.9723699203976767
    outer loop
      vertex -30.25 10.718417962927585 -1.777839013071248
      vertex -36.25 10.718417962927585 -1.777839013071248
      vertex -30.25 10.443769410125094 -1.7119017293312764
    endloop
  endfacet
  facet normal 0 0.07845909572784492 0.9969173337331281
    outer loop
      vertex -30.25 11 -1.8
      vertex -36.25 11 -1.8
      vertex -30.25 10.718417962927585 -1.777839013071248
    endloop
  endfacet
  facet normal 0 -0.07845909572784492 0.9969173337331281
    outer loop
      vertex -30.25 11.281582037072415 -1.777839013071248
      vertex -36.25 11.281582037072415 -1.777839013071248
      vertex -30.25 11 -1.8
    endloop
  endfacet
  facet normal 0 -0.2334453638559051 0.9723699203976767
    outer loop
      vertex -30.25 11.556230589874906 -1.7119017293312764
      vertex -36.25 11.556230589874906 -1.7119017293312764
      vertex -30.25 11.281582037072415 -1.777839013071248
    endloop
  endfacet
  facet normal 0 -0.3826834323650894 0.9238795325112868
    outer loop
      vertex -30.25 11.556230589874906 -1.7119017293312764
      vertex -36.25 11.817182899531185 -1.6038117435390622
      vertex -36.25 11.556230589874906 -1.7119017293312764
    endloop
  endfacet
  facet normal 0 -0.52249856471595 0.8526401643540914
    outer loop
      vertex -30.25 11.817182899531185 -1.6038117435390622
      vertex -36.25 12.058013454126451 -1.4562305898749055
      vertex -36.25 11.817182899531185 -1.6038117435390622
    endloop
  endfacet
  facet normal 0 -0.6494480483301807 0.7604059656000335
    outer loop
      vertex -30.25 12.058013454126451 -1.4562305898749055
      vertex -36.25 12.272792206135787 -1.2727922061357857
      vertex -36.25 12.058013454126451 -1.4562305898749055
    endloop
  endfacet
  facet normal 0 -0.7604059656000319 0.6494480483301824
    outer loop
      vertex -36.25 12.272792206135787 -1.2727922061357857
      vertex -30.25 12.272792206135787 -1.2727922061357857
      vertex -36.25 12.456230589874906 -1.0580134541264516
    endloop
  endfacet
  facet normal 0 -0.8526401643540937 0.5224985647159465
    outer loop
      vertex -30.25 12.456230589874906 -1.0580134541264516
      vertex -36.25 12.603811743539062 -0.8171828995311843
      vertex -36.25 12.456230589874906 -1.0580134541264516
    endloop
  endfacet
  facet normal 0 -0.9238795325112853 0.38268343236509345
    outer loop
      vertex -30.25 12.603811743539062 -0.8171828995311843
      vertex -36.25 12.711901729331277 -0.5562305898749054
      vertex -36.25 12.603811743539062 -0.8171828995311843
    endloop
  endfacet
  facet normal 0 -0.9723699203976777 0.2334453638559008
    outer loop
      vertex -30.25 12.711901729331277 -0.5562305898749054
      vertex -36.25 12.777839013071247 -0.2815820370724156
      vertex -36.25 12.711901729331277 -0.5562305898749054
    endloop
  endfacet
  facet normal 0 -0.9969173337331275 0.07845909572784934
    outer loop
      vertex -36.25 12.777839013071247 -0.2815820370724156
      vertex -30.25 12.777839013071247 -0.2815820370724156
      vertex -36.25 12.8 0
    endloop
  endfacet
  facet normal 0 -0.3826834323650894 0.9238795325112868
    outer loop
      vertex -30.25 11.817182899531185 -1.6038117435390622
      vertex -36.25 11.817182899531185 -1.6038117435390622
      vertex -30.25 11.556230589874906 -1.7119017293312764
    endloop
  endfacet
  facet normal 0 -0.52249856471595 0.8526401643540914
    outer loop
      vertex -30.25 12.058013454126451 -1.4562305898749055
      vertex -36.25 12.058013454126451 -1.4562305898749055
      vertex -30.25 11.817182899531185 -1.6038117435390622
    endloop
  endfacet
  facet normal 0 -0.6494480483301807 0.7604059656000335
    outer loop
      vertex -30.25 12.272792206135787 -1.2727922061357857
      vertex -36.25 12.272792206135787 -1.2727922061357857
      vertex -30.25 12.058013454126451 -1.4562305898749055
    endloop
  endfacet
  facet normal -1.6849616241222395e-18 -0.7604059656000319 0.6494480483301824
    outer loop
      vertex -30.25 12.272792206135787 -1.2727922061357857
      vertex -30.25 12.456230589874906 -1.0580134541264516
      vertex -36.25 12.456230589874906 -1.0580134541264516
    endloop
  endfacet
  facet normal -1.1203756647309598e-18 -0.8526401643540937 0.5224985647159465
    outer loop
      vertex -30.25 12.456230589874906 -1.0580134541264516
      vertex -30.25 12.603811743539062 -0.8171828995311843
      vertex -36.25 12.603811743539062 -0.8171828995311843
    endloop
  endfacet
  facet normal 3.937996576027553e-20 -0.9238795325112853 0.38268343236509345
    outer loop
      vertex -30.25 12.603811743539062 -0.8171828995311843
      vertex -30.25 12.711901729331277 -0.5562305898749054
      vertex -36.25 12.711901729331277 -0.5562305898749054
    endloop
  endfacet
  facet normal 6.800207706886654e-19 -0.9723699203976777 0.2334453638559008
    outer loop
      vertex -30.25 12.711901729331277 -0.5562305898749054
      vertex -30.25 12.777839013071247 -0.2815820370724156
      vertex -36.25 12.777839013071247 -0.2815820370724156
    endloop
  endfacet
  facet normal 1.0502044601374636e-19 -0.9969173337331275 0.07845909572784934
    outer loop
      vertex -30.25 12.777839013071247 -0.2815820370724156
      vertex -30.25 12.8 0
      vertex -36.25 12.8 0
    endloop
  endfacet
  facet normal 0 0.9969173337331275 -0.07845909572784934
    outer loop
      vertex -30.25 9.222160986928753 0.2815820370724156
      vertex -36.25 9.2 0
      vertex -36.25 9.222160986928753 0.2815820370724156
    endloop
  endfacet
  facet normal 0 0.9723699203976777 -0.2334453638559008
    outer loop
      vertex -30.25 9.288098270668723 0.5562305898749054
      vertex -36.25 9.222160986928753 0.2815820370724156
      vertex -36.25 9.288098270668723 0.5562305898749054
    endloop
  endfacet
  facet normal 0 0.9238795325112853 -0.38268343236509345
    outer loop
      vertex -30.25 9.396188256460938 0.8171828995311843
      vertex -36.25 9.288098270668723 0.5562305898749054
      vertex -36.25 9.396188256460938 0.8171828995311843
    endloop
  endfacet
  facet normal 0 0.8526401643540937 -0.5224985647159465
    outer loop
      vertex -30.25 9.543769410125094 1.0580134541264516
      vertex -36.25 9.396188256460938 0.8171828995311843
      vertex -36.25 9.543769410125094 1.0580134541264516
    endloop
  endfacet
  facet normal 0 0.7604059656000319 -0.6494480483301824
    outer loop
      vertex -30.25 9.727207793864213 1.2727922061357857
      vertex -36.25 9.543769410125094 1.0580134541264516
      vertex -36.25 9.727207793864213 1.2727922061357857
    endloop
  endfacet
  facet normal 1.0502044601374636e-19 0.9969173337331275 -0.07845909572784934
    outer loop
      vertex -30.25 9.222160986928753 0.2815820370724156
      vertex -30.25 9.2 0
      vertex -36.25 9.2 0
    endloop
  endfacet
  facet normal 6.800207706886654e-19 0.9723699203976777 -0.2334453638559008
    outer loop
      vertex -30.25 9.288098270668723 0.5562305898749054
      vertex -30.25 9.222160986928753 0.2815820370724156
      vertex -36.25 9.222160986928753 0.2815820370724156
    endloop
  endfacet
  facet normal 3.937996576027553e-20 0.9238795325112853 -0.38268343236509345
    outer loop
      vertex -30.25 9.396188256460938 0.8171828995311843
      vertex -30.25 9.288098270668723 0.5562305898749054
      vertex -36.25 9.288098270668723 0.5562305898749054
    endloop
  endfacet
  facet normal -1.1203756647309598e-18 0.8526401643540937 -0.5224985647159465
    outer loop
      vertex -30.25 9.543769410125094 1.0580134541264516
      vertex -30.25 9.396188256460938 0.8171828995311843
      vertex -36.25 9.396188256460938 0.8171828995311843
    endloop
  endfacet
  facet normal -1.6849616241222395e-18 0.7604059656000319 -0.6494480483301824
    outer loop
      vertex -30.25 9.727207793864213 1.2727922061357857
      vertex -30.25 9.543769410125094 1.0580134541264516
      vertex -36.25 9.543769410125094 1.0580134541264516
    endloop
  endfacet
  facet normal 0 0.6494480483301807 -0.7604059656000335
    outer loop
      vertex -30.25 9.941986545873549 1.4562305898749055
      vertex -36.25 9.727207793864213 1.2727922061357857
      vertex -36.25 9.941986545873549 1.4562305898749055
    endloop
  endfacet
  facet normal 0 0.52249856471595 -0.8526401643540914
    outer loop
      vertex -30.25 10.182817100468815 1.6038117435390622
      vertex -36.25 9.941986545873549 1.4562305898749055
      vertex -36.25 10.182817100468815 1.6038117435390622
    endloop
  endfacet
  facet normal 0 0.3826834323650894 -0.9238795325112868
    outer loop
      vertex -30.25 10.443769410125094 1.7119017293312764
      vertex -36.25 10.182817100468815 1.6038117435390622
      vertex -36.25 10.443769410125094 1.7119017293312764
    endloop
  endfacet
  facet normal 0 0.2334453638559051 -0.9723699203976767
    outer loop
      vertex -30.25 10.718417962927585 1.777839013071248
      vertex -36.25 10.443769410125094 1.7119017293312764
      vertex -36.25 10.718417962927585 1.777839013071248
    endloop
  endfacet
  facet normal 0 0.07845909572784492 -0.9969173337331281
    outer loop
      vertex -30.25 11 1.8
      vertex -36.25 10.718417962927585 1.777839013071248
      vertex -36.25 11 1.8
    endloop
  endfacet
  facet normal 0 -0.07845909572784492 -0.9969173337331281
    outer loop
      vertex -30.25 11.281582037072415 1.777839013071248
      vertex -36.25 11 1.8
      vertex -36.25 11.281582037072415 1.777839013071248
    endloop
  endfacet
  facet normal 0 -0.2334453638559051 -0.9723699203976767
    outer loop
      vertex -30.25 11.556230589874906 1.7119017293312764
      vertex -36.25 11.281582037072415 1.777839013071248
      vertex -36.25 11.556230589874906 1.7119017293312764
    endloop
  endfacet
  facet normal 0 0.6494480483301807 -0.7604059656000335
    outer loop
      vertex -30.25 9.727207793864213 1.2727922061357857
      vertex -36.25 9.727207793864213 1.2727922061357857
      vertex -30.25 9.941986545873549 1.4562305898749055
    endloop
  endfacet
  facet normal 0 0.52249856471595 -0.8526401643540914
    outer loop
      vertex -30.25 9.941986545873549 1.4562305898749055
      vertex -36.25 9.941986545873549 1.4562305898749055
      vertex -30.25 10.182817100468815 1.6038117435390622
    endloop
  endfacet
  facet normal 0 0.3826834323650894 -0.9238795325112868
    outer loop
      vertex -30.25 10.182817100468815 1.6038117435390622
      vertex -36.25 10.182817100468815 1.6038117435390622
      vertex -30.25 10.443769410125094 1.7119017293312764
    endloop
  endfacet
  facet normal 0 0.2334453638559051 -0.9723699203976767
    outer loop
      vertex -30.25 10.443769410125094 1.7119017293312764
      vertex -36.25 10.443769410125094 1.7119017293312764
      vertex -30.25 10.718417962927585 1.777839013071248
    endloop
  endfacet
  facet normal 0 0.07845909572784492 -0.9969173337331281
    outer loop
      vertex -30.25 10.718417962927585 1.777839013071248
      vertex -36.25 10.718417962927585 1.777839013071248
      vertex -30.25 11 1.8
    endloop
  endfacet
  facet normal 0 -0.07845909572784492 -0.9969173337331281
    outer loop
      vertex -30.25 11 1.8
      vertex -36.25 11 1.8
      vertex -30.25 11.281582037072415 1.777839013071248
    endloop
  endfacet
  facet normal 0 -0.2334453638559051 -0.9723699203976767
    outer loop
      vertex -30.25 11.281582037072415 1.777839013071248
      vertex -36.25 11.281582037072415 1.777839013071248
      vertex -30.25 11.556230589874906 1.7119017293312764
    endloop
  endfacet
  facet normal 0 -0.52249856471595 -0.8526401643540914
    outer loop
      vertex -30.25 12.058013454126451 1.4562305898749055
      vertex -36.25 11.817182899531185 1.6038117435390622
      vertex -36.25 12.058013454126451 1.4562305898749055
    endloop
  endfacet
  facet normal 0 -0.6494480483301807 -0.7604059656000335
    outer loop
      vertex -30.25 12.272792206135787 1.2727922061357857
      vertex -36.25 12.058013454126451 1.4562305898749055
      vertex -36.25 12.272792206135787 1.2727922061357857
    endloop
  endfacet
  facet normal 0 -0.3826834323650894 -0.9238795325112868
    outer loop
      vertex -30.25 11.817182899531185 1.6038117435390622
      vertex -36.25 11.556230589874906 1.7119017293312764
      vertex -36.25 11.817182899531185 1.6038117435390622
    endloop
  endfacet
  facet normal 0 -0.9969173337331275 -0.07845909572784934
    outer loop
      vertex -36.25 12.8 0
      vertex -30.25 12.8 0
      vertex -36.25 12.777839013071247 0.2815820370724156
    endloop
  endfacet
  facet normal 0 -0.9723699203976777 -0.2334453638559008
    outer loop
      vertex -30.25 12.777839013071247 0.2815820370724156
      vertex -36.25 12.711901729331277 0.5562305898749054
      vertex -36.25 12.777839013071247 0.2815820370724156
    endloop
  endfacet
  facet normal 0 -0.9238795325112853 -0.38268343236509345
    outer loop
      vertex -30.25 12.711901729331277 0.5562305898749054
      vertex -36.25 12.603811743539062 0.8171828995311843
      vertex -36.25 12.711901729331277 0.5562305898749054
    endloop
  endfacet
  facet normal 0 -0.7604059656000319 -0.6494480483301824
    outer loop
      vertex -30.25 12.456230589874906 1.0580134541264516
      vertex -36.25 12.272792206135787 1.2727922061357857
      vertex -36.25 12.456230589874906 1.0580134541264516
    endloop
  endfacet
  facet normal 0 -0.8526401643540937 -0.5224985647159465
    outer loop
      vertex -30.25 12.603811743539062 0.8171828995311843
      vertex -36.25 12.456230589874906 1.0580134541264516
      vertex -36.25 12.603811743539062 0.8171828995311843
    endloop
  endfacet
  facet normal 0 -0.52249856471595 -0.8526401643540914
    outer loop
      vertex -30.25 11.817182899531185 1.6038117435390622
      vertex -36.25 11.817182899531185 1.6038117435390622
      vertex -30.25 12.058013454126451 1.4562305898749055
    endloop
  endfacet
  facet normal 0 -0.6494480483301807 -0.7604059656000335
    outer loop
      vertex -30.25 12.058013454126451 1.4562305898749055
      vertex -36.25 12.058013454126451 1.4562305898749055
      vertex -30.25 12.272792206135787 1.2727922061357857
    endloop
  endfacet
  facet normal 1.6849616241222395e-18 -0.7604059656000319 -0.6494480483301824
    outer loop
      vertex -30.25 12.456230589874906 1.0580134541264516
      vertex -30.25 12.272792206135787 1.2727922061357857
      vertex -36.25 12.272792206135787 1.2727922061357857
    endloop
  endfacet
  facet normal 0 -0.3826834323650894 -0.9238795325112868
    outer loop
      vertex -30.25 11.556230589874906 1.7119017293312764
      vertex -36.25 11.556230589874906 1.7119017293312764
      vertex -30.25 11.817182899531185 1.6038117435390622
    endloop
  endfacet
  facet normal -1.0502044601374636e-19 -0.9969173337331275 -0.07845909572784934
    outer loop
      vertex -30.25 12.8 0
      vertex -30.25 12.777839013071247 0.2815820370724156
      vertex -36.25 12.777839013071247 0.2815820370724156
    endloop
  endfacet
  facet normal -3.937996576027553e-20 -0.9238795325112853 -0.38268343236509345
    outer loop
      vertex -30.25 12.711901729331277 0.5562305898749054
      vertex -30.25 12.603811743539062 0.8171828995311843
      vertex -36.25 12.603811743539062 0.8171828995311843
    endloop
  endfacet
  facet normal -6.800207706886654e-19 -0.9723699203976777 -0.2334453638559008
    outer loop
      vertex -30.25 12.777839013071247 0.2815820370724156
      vertex -30.25 12.711901729331277 0.5562305898749054
      vertex -36.25 12.711901729331277 0.5562305898749054
    endloop
  endfacet
  facet normal 1.1203756647309598e-18 -0.8526401643540937 -0.5224985647159465
    outer loop
      vertex -30.25 12.603811743539062 0.8171828995311843
      vertex -30.25 12.456230589874906 1.0580134541264516
      vertex -36.25 12.456230589874906 1.0580134541264516
    endloop
  endfacet
  facet normal 0 0.9723699203976777 0.2334453638559008
    outer loop
      vertex 36.25 9.222160986928753 -0.2815820370724156
      vertex 30.25 9.288098270668723 -0.5562305898749054
      vertex 30.25 9.222160986928753 -0.2815820370724156
    endloop
  endfacet
  facet normal 0 0.9969173337331275 0.07845909572784934
    outer loop
      vertex 36.25 9.2 0
      vertex 30.25 9.222160986928753 -0.2815820370724156
      vertex 30.25 9.2 0
    endloop
  endfacet
  facet normal 0 0.8526401643540937 0.5224985647159465
    outer loop
      vertex 36.25 9.396188256460938 -0.8171828995311843
      vertex 30.25 9.543769410125094 -1.0580134541264516
      vertex 30.25 9.396188256460938 -0.8171828995311843
    endloop
  endfacet
  facet normal 0 0.7604059656000319 0.6494480483301824
    outer loop
      vertex 36.25 9.543769410125094 -1.0580134541264516
      vertex 30.25 9.727207793864213 -1.2727922061357857
      vertex 30.25 9.543769410125094 -1.0580134541264516
    endloop
  endfacet
  facet normal 0 0.9238795325112853 0.38268343236509345
    outer loop
      vertex 36.25 9.288098270668723 -0.5562305898749054
      vertex 30.25 9.396188256460938 -0.8171828995311843
      vertex 30.25 9.288098270668723 -0.5562305898749054
    endloop
  endfacet
  facet normal -6.800207706886654e-19 0.9723699203976777 0.2334453638559008
    outer loop
      vertex 36.25 9.222160986928753 -0.2815820370724156
      vertex 36.25 9.288098270668723 -0.5562305898749054
      vertex 30.25 9.288098270668723 -0.5562305898749054
    endloop
  endfacet
  facet normal -1.0502044601374636e-19 0.9969173337331275 0.07845909572784934
    outer loop
      vertex 36.25 9.2 0
      vertex 36.25 9.222160986928753 -0.2815820370724156
      vertex 30.25 9.222160986928753 -0.2815820370724156
    endloop
  endfacet
  facet normal 1.1203756647309598e-18 0.8526401643540937 0.5224985647159465
    outer loop
      vertex 36.25 9.396188256460938 -0.8171828995311843
      vertex 36.25 9.543769410125094 -1.0580134541264516
      vertex 30.25 9.543769410125094 -1.0580134541264516
    endloop
  endfacet
  facet normal 1.6849616241222395e-18 0.7604059656000319 0.6494480483301824
    outer loop
      vertex 36.25 9.543769410125094 -1.0580134541264516
      vertex 36.25 9.727207793864213 -1.2727922061357857
      vertex 30.25 9.727207793864213 -1.2727922061357857
    endloop
  endfacet
  facet normal -3.937996576027553e-20 0.9238795325112853 0.38268343236509345
    outer loop
      vertex 36.25 9.288098270668723 -0.5562305898749054
      vertex 36.25 9.396188256460938 -0.8171828995311843
      vertex 30.25 9.396188256460938 -0.8171828995311843
    endloop
  endfacet
  facet normal 0 0.3826834323650894 0.9238795325112868
    outer loop
      vertex 36.25 10.182817100468815 -1.6038117435390622
      vertex 30.25 10.443769410125094 -1.7119017293312764
      vertex 30.25 10.182817100468815 -1.6038117435390622
    endloop
  endfacet
  facet normal 0 0.2334453638559051 0.9723699203976767
    outer loop
      vertex 36.25 10.443769410125094 -1.7119017293312764
      vertex 30.25 10.718417962927585 -1.777839013071248
      vertex 30.25 10.443769410125094 -1.7119017293312764
    endloop
  endfacet
  facet normal 0 0.6494480483301807 0.7604059656000335
    outer loop
      vertex 36.25 9.727207793864213 -1.2727922061357857
      vertex 30.25 9.941986545873549 -1.4562305898749055
      vertex 30.25 9.727207793864213 -1.2727922061357857
    endloop
  endfacet
  facet normal 0 0.52249856471595 0.8526401643540914
    outer loop
      vertex 36.25 9.941986545873549 -1.4562305898749055
      vertex 30.25 10.182817100468815 -1.6038117435390622
      vertex 30.25 9.941986545873549 -1.4562305898749055
    endloop
  endfacet
  facet normal 0 0.07845909572784492 0.9969173337331281
    outer loop
      vertex 36.25 10.718417962927585 -1.777839013071248
      vertex 30.25 11 -1.8
      vertex 30.25 10.718417962927585 -1.777839013071248
    endloop
  endfacet
  facet normal 0 -0.07845909572784492 0.9969173337331281
    outer loop
      vertex 36.25 11 -1.8
      vertex 30.25 11.281582037072415 -1.777839013071248
      vertex 30.25 11 -1.8
    endloop
  endfacet
  facet normal 0 -0.2334453638559051 0.9723699203976767
    outer loop
      vertex 36.25 11.281582037072415 -1.777839013071248
      vertex 30.25 11.556230589874906 -1.7119017293312764
      vertex 30.25 11.281582037072415 -1.777839013071248
    endloop
  endfacet
  facet normal 3.8170511227366063e-19 0.3826834323650894 0.9238795325112868
    outer loop
      vertex 36.25 10.182817100468815 -1.6038117435390622
      vertex 36.25 10.443769410125094 -1.7119017293312764
      vertex 30.25 10.443769410125094 -1.7119017293312764
    endloop
  endfacet
  facet normal 0 0.6494480483301807 0.7604059656000335
    outer loop
      vertex 36.25 9.941986545873549 -1.4562305898749055
      vertex 30.25 9.941986545873549 -1.4562305898749055
      vertex 36.25 9.727207793864213 -1.2727922061357857
    endloop
  endfacet
  facet normal 0 0.52249856471595 0.8526401643540914
    outer loop
      vertex 36.25 10.182817100468815 -1.6038117435390622
      vertex 30.25 10.182817100468815 -1.6038117435390622
      vertex 36.25 9.941986545873549 -1.4562305898749055
    endloop
  endfacet
  facet normal 0 0.2334453638559051 0.9723699203976767
    outer loop
      vertex 36.25 10.718417962927585 -1.777839013071248
      vertex 30.25 10.718417962927585 -1.777839013071248
      vertex 36.25 10.443769410125094 -1.7119017293312764
    endloop
  endfacet
  facet normal 0 0.07845909572784492 0.9969173337331281
    outer loop
      vertex 36.25 11 -1.8
      vertex 30.25 11 -1.8
      vertex 36.25 10.718417962927585 -1.777839013071248
    endloop
  endfacet
  facet normal 0 -0.07845909572784492 0.9969173337331281
    outer loop
      vertex 36.25 11.281582037072415 -1.777839013071248
      vertex 30.25 11.281582037072415 -1.777839013071248
      vertex 36.25 11 -1.8
    endloop
  endfacet
  facet normal 0 -0.2334453638559051 0.9723699203976767
    outer loop
      vertex 36.25 11.556230589874906 -1.7119017293312764
      vertex 30.25 11.556230589874906 -1.7119017293312764
      vertex 36.25 11.281582037072415 -1.777839013071248
    endloop
  endfacet
  facet normal 0 -0.3826834323650894 0.9238795325112868
    outer loop
      vertex 36.25 11.556230589874906 -1.7119017293312764
      vertex 30.25 11.817182899531185 -1.6038117435390622
      vertex 30.25 11.556230589874906 -1.7119017293312764
    endloop
  endfacet
  facet normal 0 -0.52249856471595 0.8526401643540914
    outer loop
      vertex 36.25 11.817182899531185 -1.6038117435390622
      vertex 30.25 12.058013454126451 -1.4562305898749055
      vertex 30.25 11.817182899531185 -1.6038117435390622
    endloop
  endfacet
  facet normal 0 -0.6494480483301807 0.7604059656000335
    outer loop
      vertex 36.25 12.058013454126451 -1.4562305898749055
      vertex 30.25 12.272792206135787 -1.2727922061357857
      vertex 30.25 12.058013454126451 -1.4562305898749055
    endloop
  endfacet
  facet normal 0 -0.7604059656000319 0.6494480483301824
    outer loop
      vertex 30.25 12.272792206135787 -1.2727922061357857
      vertex 36.25 12.272792206135787 -1.2727922061357857
      vertex 30.25 12.456230589874906 -1.0580134541264516
    endloop
  endfacet
  facet normal 0 -0.8526401643540937 0.5224985647159465
    outer loop
      vertex 36.25 12.456230589874906 -1.0580134541264516
      vertex 30.25 12.603811743539062 -0.8171828995311843
      vertex 30.25 12.456230589874906 -1.0580134541264516
    endloop
  endfacet
  facet normal 0 -0.9238795325112853 0.38268343236509345
    outer loop
      vertex 36.25 12.603811743539062 -0.8171828995311843
      vertex 30.25 12.711901729331277 -0.5562305898749054
      vertex 30.25 12.603811743539062 -0.8171828995311843
    endloop
  endfacet
  facet normal 0 -0.9723699203976777 0.2334453638559008
    outer loop
      vertex 36.25 12.711901729331277 -0.5562305898749054
      vertex 30.25 12.777839013071247 -0.2815820370724156
      vertex 30.25 12.711901729331277 -0.5562305898749054
    endloop
  endfacet
  facet normal 0 -0.9969173337331275 0.07845909572784934
    outer loop
      vertex 30.25 12.777839013071247 -0.2815820370724156
      vertex 36.25 12.777839013071247 -0.2815820370724156
      vertex 30.25 12.8 0
    endloop
  endfacet
  facet normal 0 -0.3826834323650894 0.9238795325112868
    outer loop
      vertex 36.25 11.817182899531185 -1.6038117435390622
      vertex 30.25 11.817182899531185 -1.6038117435390622
      vertex 36.25 11.556230589874906 -1.7119017293312764
    endloop
  endfacet
  facet normal 0 -0.52249856471595 0.8526401643540914
    outer loop
      vertex 36.25 12.058013454126451 -1.4562305898749055
      vertex 30.25 12.058013454126451 -1.4562305898749055
      vertex 36.25 11.817182899531185 -1.6038117435390622
    endloop
  endfacet
  facet normal 0 -0.6494480483301807 0.7604059656000335
    outer loop
      vertex 36.25 12.272792206135787 -1.2727922061357857
      vertex 30.25 12.272792206135787 -1.2727922061357857
      vertex 36.25 12.058013454126451 -1.4562305898749055
    endloop
  endfacet
  facet normal -1.6849616241222395e-18 -0.7604059656000319 0.6494480483301824
    outer loop
      vertex 36.25 12.272792206135787 -1.2727922061357857
      vertex 36.25 12.456230589874906 -1.0580134541264516
      vertex 30.25 12.456230589874906 -1.0580134541264516
    endloop
  endfacet
  facet normal -1.1203756647309598e-18 -0.8526401643540937 0.5224985647159465
    outer loop
      vertex 36.25 12.456230589874906 -1.0580134541264516
      vertex 36.25 12.603811743539062 -0.8171828995311843
      vertex 30.25 12.603811743539062 -0.8171828995311843
    endloop
  endfacet
  facet normal 3.937996576027553e-20 -0.9238795325112853 0.38268343236509345
    outer loop
      vertex 36.25 12.603811743539062 -0.8171828995311843
      vertex 36.25 12.711901729331277 -0.5562305898749054
      vertex 30.25 12.711901729331277 -0.5562305898749054
    endloop
  endfacet
  facet normal 6.800207706886654e-19 -0.9723699203976777 0.2334453638559008
    outer loop
      vertex 36.25 12.711901729331277 -0.5562305898749054
      vertex 36.25 12.777839013071247 -0.2815820370724156
      vertex 30.25 12.777839013071247 -0.2815820370724156
    endloop
  endfacet
  facet normal 1.0502044601374636e-19 -0.9969173337331275 0.07845909572784934
    outer loop
      vertex 36.25 12.777839013071247 -0.2815820370724156
      vertex 36.25 12.8 0
      vertex 30.25 12.8 0
    endloop
  endfacet
  facet normal 0 0.9969173337331275 -0.07845909572784934
    outer loop
      vertex 36.25 9.222160986928753 0.2815820370724156
      vertex 30.25 9.2 0
      vertex 30.25 9.222160986928753 0.2815820370724156
    endloop
  endfacet
  facet normal 0 0.9723699203976777 -0.2334453638559008
    outer loop
      vertex 36.25 9.288098270668723 0.5562305898749054
      vertex 30.25 9.222160986928753 0.2815820370724156
      vertex 30.25 9.288098270668723 0.5562305898749054
    endloop
  endfacet
  facet normal 0 0.9238795325112853 -0.38268343236509345
    outer loop
      vertex 36.25 9.396188256460938 0.8171828995311843
      vertex 30.25 9.288098270668723 0.5562305898749054
      vertex 30.25 9.396188256460938 0.8171828995311843
    endloop
  endfacet
  facet normal 0 0.8526401643540937 -0.5224985647159465
    outer loop
      vertex 36.25 9.543769410125094 1.0580134541264516
      vertex 30.25 9.396188256460938 0.8171828995311843
      vertex 30.25 9.543769410125094 1.0580134541264516
    endloop
  endfacet
  facet normal 0 0.7604059656000319 -0.6494480483301824
    outer loop
      vertex 36.25 9.727207793864213 1.2727922061357857
      vertex 30.25 9.543769410125094 1.0580134541264516
      vertex 30.25 9.727207793864213 1.2727922061357857
    endloop
  endfacet
  facet normal 1.0502044601374636e-19 0.9969173337331275 -0.07845909572784934
    outer loop
      vertex 36.25 9.222160986928753 0.2815820370724156
      vertex 36.25 9.2 0
      vertex 30.25 9.2 0
    endloop
  endfacet
  facet normal 6.800207706886654e-19 0.9723699203976777 -0.2334453638559008
    outer loop
      vertex 36.25 9.288098270668723 0.5562305898749054
      vertex 36.25 9.222160986928753 0.2815820370724156
      vertex 30.25 9.222160986928753 0.2815820370724156
    endloop
  endfacet
  facet normal 3.937996576027553e-20 0.9238795325112853 -0.38268343236509345
    outer loop
      vertex 36.25 9.396188256460938 0.8171828995311843
      vertex 36.25 9.288098270668723 0.5562305898749054
      vertex 30.25 9.288098270668723 0.5562305898749054
    endloop
  endfacet
  facet normal -1.1203756647309598e-18 0.8526401643540937 -0.5224985647159465
    outer loop
      vertex 36.25 9.543769410125094 1.0580134541264516
      vertex 36.25 9.396188256460938 0.8171828995311843
      vertex 30.25 9.396188256460938 0.8171828995311843
    endloop
  endfacet
  facet normal -1.6849616241222395e-18 0.7604059656000319 -0.6494480483301824
    outer loop
      vertex 36.25 9.727207793864213 1.2727922061357857
      vertex 36.25 9.543769410125094 1.0580134541264516
      vertex 30.25 9.543769410125094 1.0580134541264516
    endloop
  endfacet
  facet normal 0 0.6494480483301807 -0.7604059656000335
    outer loop
      vertex 36.25 9.941986545873549 1.4562305898749055
      vertex 30.25 9.727207793864213 1.2727922061357857
      vertex 30.25 9.941986545873549 1.4562305898749055
    endloop
  endfacet
  facet normal 0 0.52249856471595 -0.8526401643540914
    outer loop
      vertex 36.25 10.182817100468815 1.6038117435390622
      vertex 30.25 9.941986545873549 1.4562305898749055
      vertex 30.25 10.182817100468815 1.6038117435390622
    endloop
  endfacet
  facet normal 0 0.3826834323650894 -0.9238795325112868
    outer loop
      vertex 36.25 10.443769410125094 1.7119017293312764
      vertex 30.25 10.182817100468815 1.6038117435390622
      vertex 30.25 10.443769410125094 1.7119017293312764
    endloop
  endfacet
  facet normal 0 0.2334453638559051 -0.9723699203976767
    outer loop
      vertex 36.25 10.718417962927585 1.777839013071248
      vertex 30.25 10.443769410125094 1.7119017293312764
      vertex 30.25 10.718417962927585 1.777839013071248
    endloop
  endfacet
  facet normal 0 0.07845909572784492 -0.9969173337331281
    outer loop
      vertex 36.25 11 1.8
      vertex 30.25 10.718417962927585 1.777839013071248
      vertex 30.25 11 1.8
    endloop
  endfacet
  facet normal 0 -0.07845909572784492 -0.9969173337331281
    outer loop
      vertex 36.25 11.281582037072415 1.777839013071248
      vertex 30.25 11 1.8
      vertex 30.25 11.281582037072415 1.777839013071248
    endloop
  endfacet
  facet normal 0 -0.2334453638559051 -0.9723699203976767
    outer loop
      vertex 36.25 11.556230589874906 1.7119017293312764
      vertex 30.25 11.281582037072415 1.777839013071248
      vertex 30.25 11.556230589874906 1.7119017293312764
    endloop
  endfacet
  facet normal 0 0.6494480483301807 -0.7604059656000335
    outer loop
      vertex 36.25 9.727207793864213 1.2727922061357857
      vertex 30.25 9.727207793864213 1.2727922061357857
      vertex 36.25 9.941986545873549 1.4562305898749055
    endloop
  endfacet
  facet normal 0 0.52249856471595 -0.8526401643540914
    outer loop
      vertex 36.25 9.941986545873549 1.4562305898749055
      vertex 30.25 9.941986545873549 1.4562305898749055
      vertex 36.25 10.182817100468815 1.6038117435390622
    endloop
  endfacet
  facet normal 0 0.3826834323650894 -0.9238795325112868
    outer loop
      vertex 36.25 10.182817100468815 1.6038117435390622
      vertex 30.25 10.182817100468815 1.6038117435390622
      vertex 36.25 10.443769410125094 1.7119017293312764
    endloop
  endfacet
  facet normal 0 0.2334453638559051 -0.9723699203976767
    outer loop
      vertex 36.25 10.443769410125094 1.7119017293312764
      vertex 30.25 10.443769410125094 1.7119017293312764
      vertex 36.25 10.718417962927585 1.777839013071248
    endloop
  endfacet
  facet normal 0 0.07845909572784492 -0.9969173337331281
    outer loop
      vertex 36.25 10.718417962927585 1.777839013071248
      vertex 30.25 10.718417962927585 1.777839013071248
      vertex 36.25 11 1.8
    endloop
  endfacet
  facet normal 0 -0.07845909572784492 -0.9969173337331281
    outer loop
      vertex 36.25 11 1.8
      vertex 30.25 11 1.8
      vertex 36.25 11.281582037072415 1.777839013071248
    endloop
  endfacet
  facet normal 0 -0.2334453638559051 -0.9723699203976767
    outer loop
      vertex 36.25 11.281582037072415 1.777839013071248
      vertex 30.25 11.281582037072415 1.777839013071248
      vertex 36.25 11.556230589874906 1.7119017293312764
    endloop
  endfacet
  facet normal 0 -0.52249856471595 -0.8526401643540914
    outer loop
      vertex 36.25 12.058013454126451 1.4562305898749055
      vertex 30.25 11.817182899531185 1.6038117435390622
      vertex 30.25 12.058013454126451 1.4562305898749055
    endloop
  endfacet
  facet normal 0 -0.6494480483301807 -0.7604059656000335
    outer loop
      vertex 36.25 12.272792206135787 1.2727922061357857
      vertex 30.25 12.058013454126451 1.4562305898749055
      vertex 30.25 12.272792206135787 1.2727922061357857
    endloop
  endfacet
  facet normal 0 -0.3826834323650894 -0.9238795325112868
    outer loop
      vertex 36.25 11.817182899531185 1.6038117435390622
      vertex 30.25 11.556230589874906 1.7119017293312764
      vertex 30.25 11.817182899531185 1.6038117435390622
    endloop
  endfacet
  facet normal 0 -0.9969173337331275 -0.07845909572784934
    outer loop
      vertex 30.25 12.8 0
      vertex 36.25 12.8 0
      vertex 30.25 12.777839013071247 0.2815820370724156
    endloop
  endfacet
  facet normal 0 -0.9723699203976777 -0.2334453638559008
    outer loop
      vertex 36.25 12.777839013071247 0.2815820370724156
      vertex 30.25 12.711901729331277 0.5562305898749054
      vertex 30.25 12.777839013071247 0.2815820370724156
    endloop
  endfacet
  facet normal 0 -0.9238795325112853 -0.38268343236509345
    outer loop
      vertex 36.25 12.711901729331277 0.5562305898749054
      vertex 30.25 12.603811743539062 0.8171828995311843
      vertex 30.25 12.711901729331277 0.5562305898749054
    endloop
  endfacet
  facet normal 0 -0.7604059656000319 -0.6494480483301824
    outer loop
      vertex 36.25 12.456230589874906 1.0580134541264516
      vertex 30.25 12.272792206135787 1.2727922061357857
      vertex 30.25 12.456230589874906 1.0580134541264516
    endloop
  endfacet
  facet normal 0 -0.8526401643540937 -0.5224985647159465
    outer loop
      vertex 36.25 12.603811743539062 0.8171828995311843
      vertex 30.25 12.456230589874906 1.0580134541264516
      vertex 30.25 12.603811743539062 0.8171828995311843
    endloop
  endfacet
  facet normal 0 -0.52249856471595 -0.8526401643540914
    outer loop
      vertex 36.25 11.817182899531185 1.6038117435390622
      vertex 30.25 11.817182899531185 1.6038117435390622
      vertex 36.25 12.058013454126451 1.4562305898749055
    endloop
  endfacet
  facet normal 0 -0.6494480483301807 -0.7604059656000335
    outer loop
      vertex 36.25 12.058013454126451 1.4562305898749055
      vertex 30.25 12.058013454126451 1.4562305898749055
      vertex 36.25 12.272792206135787 1.2727922061357857
    endloop
  endfacet
  facet normal 1.6849616241222395e-18 -0.7604059656000319 -0.6494480483301824
    outer loop
      vertex 36.25 12.456230589874906 1.0580134541264516
      vertex 36.25 12.272792206135787 1.2727922061357857
      vertex 30.25 12.272792206135787 1.2727922061357857
    endloop
  endfacet
  facet normal 0 -0.3826834323650894 -0.9238795325112868
    outer loop
      vertex 36.25 11.556230589874906 1.7119017293312764
      vertex 30.25 11.556230589874906 1.7119017293312764
      vertex 36.25 11.817182899531185 1.6038117435390622
    endloop
  endfacet
  facet normal -1.0502044601374636e-19 -0.9969173337331275 -0.07845909572784934
    outer loop
      vertex 36.25 12.8 0
      vertex 36.25 12.777839013071247 0.2815820370724156
      vertex 30.25 12.777839013071247 0.2815820370724156
    endloop
  endfacet
  facet normal -3.937996576027553e-20 -0.9238795325112853 -0.38268343236509345
    outer loop
      vertex 36.25 12.711901729331277 0.5562305898749054
      vertex 36.25 12.603811743539062 0.8171828995311843
      vertex 30.25 12.603811743539062 0.8171828995311843
    endloop
  endfacet
  facet normal -6.800207706886654e-19 -0.9723699203976777 -0.2334453638559008
    outer loop
      vertex 36.25 12.777839013071247 0.2815820370724156
      vertex 36.25 12.711901729331277 0.5562305898749054
      vertex 30.25 12.711901729331277 0.5562305898749054
    endloop
  endfacet
  facet normal 1.1203756647309598e-18 -0.8526401643540937 -0.5224985647159465
    outer loop
      vertex 36.25 12.603811743539062 0.8171828995311843
      vertex 36.25 12.456230589874906 1.0580134541264516
      vertex 30.25 12.456230589874906 1.0580134541264516
    endloop
  endfacet
endsolid OpenSCAD_Model
