solid OpenSCAD_Model
  facet normal -1 0 0
    outer loop
      vertex -9.1 46.595435963320426 -42.94427190999916
      vertex -9.1 43.05572809000084 -39.404564036679574
      vertex -9.1 40.196986550477796 -32.50295144064369
    endloop
  endfacet
  facet normal -1 0 0
    outer loop
      vertex -9.1 46.595435963320426 -42.94427190999916
      vertex -9.1 44.68629150101524 -41.31370849898476
      vertex -9.1 43.05572809000084 -39.404564036679574
    endloop
  endfacet
  facet normal -1 0 0
    outer loop
      vertex -9.1 46.595435963320426 -42.94427190999916
      vertex -9.1 47.0904545570495 -38.9095454429505
      vertex -9.1 47.28136900328002 -39.07260178405194
    endloop
  endfacet
  facet normal -1 0 0
    outer loop
      vertex -9.1 46.595435963320426 -42.94427190999916
      vertex -9.1 47.28136900328002 -39.07260178405194
      vertex -9.1 47.4954406073647 -39.20378503175341
    endloop
  endfacet
  facet normal -1 0 0
    outer loop
      vertex -9.1 46.595435963320426 -42.94427190999916
      vertex -9.1 47.4954406073647 -39.20378503175341
      vertex -9.1 47.72739821594806 -39.29986501912427
    endloop
  endfacet
  facet normal -1 0 0
    outer loop
      vertex -9.1 46.595435963320426 -42.94427190999916
      vertex -9.1 47.72739821594806 -39.29986501912427
      vertex -9.1 47.971530262883604 -39.35847593800425
    endloop
  endfacet
  facet normal -1 0 0
    outer loop
      vertex -9.1 46.595435963320426 -42.94427190999916
      vertex -9.1 47.971530262883604 -39.35847593800425
      vertex -9.1 48.22182540694798 -39.37817459305202
    endloop
  endfacet
  facet normal -1 0 0
    outer loop
      vertex -9.1 46.595435963320426 -42.94427190999916
      vertex -9.1 40.196986550477796 -32.50295144064369
      vertex -9.1 47.0904545570495 -38.9095454429505
    endloop
  endfacet
  facet normal -1 0 0
    outer loop
      vertex -9.1 46.595435963320426 -42.94427190999916
      vertex -9.1 51.05572809000084 -45.21690426072246
      vertex -9.1 48.73615200416725 -44.256104387013885
    endloop
  endfacet
  facet normal -1 0 0
    outer loop
      vertex -9.1 46.595435963320426 -42.94427190999916
      vertex -9.1 56 -46
      vertex -9.1 51.05572809000084 -45.21690426072246
    endloop
  endfacet
  facet normal -1 0 0
    outer loop
      vertex -9.1 46.595435963320426 -42.94427190999916
      vertex -9.1 48.472120551012345 -39.35847593800425
      vertex -9.1 56 -46
    endloop
  endfacet
  facet normal -1 0 0
    outer loop
      vertex -9.1 51.05572809000084 -45.21690426072246
      vertex -9.1 56 -46
      vertex -9.1 53.49704855935631 -45.803013449522204
    endloop
  endfacet
  facet normal -1 0 0
    outer loop
      vertex -9.1 46.595435963320426 -42.94427190999916
      vertex -9.1 48.22182540694798 -39.37817459305202
      vertex -9.1 48.472120551012345 -39.35847593800425
    endloop
  endfacet
  facet normal -1 0 0
    outer loop
      vertex -9.1 56 -46
      vertex -9.1 48.472120551012345 -39.35847593800425
      vertex -9.1 48.71625259794789 -39.29986501912427
    endloop
  endfacet
  facet normal -1 0 0
    outer loop
      vertex -9.1 56 -46
      vertex -9.1 48.71625259794789 -39.29986501912427
      vertex -9.1 48.94821020653125 -39.20378503175341
    endloop
  endfacet
  facet normal -1 0 0
    outer loop
      vertex -9.1 56 -46
      vertex -9.1 48.94821020653125 -39.20378503175341
      vertex -9.1 49.16228181061594 -39.07260178405194
    endloop
  endfacet
  facet normal -1 0 0
    outer loop
      vertex -9.1 56 -46
      vertex -9.1 49.16228181061594 -39.07260178405194
      vertex -9.1 49.35319625684645 -38.9095454429505
    endloop
  endfacet
  facet normal -1 0 0
    outer loop
      vertex -9.1 56 -46
      vertex -9.1 49.35319625684645 -38.9095454429505
      vertex -9.1 49.51625259794789 -38.71863099671998
    endloop
  endfacet
  facet normal -1 0 0
    outer loop
      vertex -9.1 56 -46
      vertex -9.1 49.51625259794789 -38.71863099671998
      vertex -9.1 49.64743584564937 -38.5045593926353
    endloop
  endfacet
  facet normal -1 0 0
    outer loop
      vertex -9.1 56 -46
      vertex -9.1 49.64743584564937 -38.5045593926353
      vertex -9.1 49.743515833020226 -38.27260178405194
    endloop
  endfacet
  facet normal -1 0 0
    outer loop
      vertex -9.1 56 -46
      vertex -9.1 49.743515833020226 -38.27260178405194
      vertex -9.1 49.8021267519002 -38.028469737116396
    endloop
  endfacet
  facet normal -1 0 0
    outer loop
      vertex -9.1 56 -46
      vertex -9.1 49.8021267519002 -38.028469737116396
      vertex -9.1 49.82182540694798 -37.77817459305202
    endloop
  endfacet
  facet normal -1 0 0
    outer loop
      vertex -9.1 56 -46
      vertex -9.1 49.82182540694798 -37.77817459305202
      vertex -9.1 49.8021267519002 -37.527879448987655
    endloop
  endfacet
  facet normal -1 0 0
    outer loop
      vertex -9.1 56 -46
      vertex -9.1 49.8021267519002 -37.527879448987655
      vertex -9.1 49.743515833020226 -37.28374740205211
    endloop
  endfacet
  facet normal -1 0 0
    outer loop
      vertex -9.1 56 -46
      vertex -9.1 49.743515833020226 -37.28374740205211
      vertex -9.1 49.64743584564937 -37.05178979346875
    endloop
  endfacet
  facet normal -1 0 0
    outer loop
      vertex -9.1 56 -46
      vertex -9.1 49.64743584564937 -37.05178979346875
      vertex -9.1 49.51625259794789 -36.83771818938406
    endloop
  endfacet
  facet normal -1 0 0
    outer loop
      vertex -9.1 43.05572809000084 -39.404564036679574
      vertex -9.1 41.743895612986115 -37.26384799583275
      vertex -9.1 40.78309573927754 -34.94427190999916
    endloop
  endfacet
  facet normal -1 0 0
    outer loop
      vertex -9.1 43.05572809000084 -39.404564036679574
      vertex -9.1 40.78309573927754 -34.94427190999916
      vertex -9.1 40.196986550477796 -32.50295144064369
    endloop
  endfacet
  facet normal -1 0 0
    outer loop
      vertex -9.1 40.196986550477796 -32.50295144064369
      vertex -9.1 46.92739821594806 -38.71863099671998
      vertex -9.1 47.0904545570495 -38.9095454429505
    endloop
  endfacet
  facet normal -1 0 0
    outer loop
      vertex -9.1 40.196986550477796 -32.50295144064369
      vertex -9.1 46.79621496824659 -38.5045593926353
      vertex -9.1 46.92739821594806 -38.71863099671998
    endloop
  endfacet
  facet normal -1 0 0
    outer loop
      vertex -9.1 40.196986550477796 -32.50295144064369
      vertex -9.1 46.70013498087573 -38.27260178405194
      vertex -9.1 46.79621496824659 -38.5045593926353
    endloop
  endfacet
  facet normal -1 0 0
    outer loop
      vertex -9.1 40.196986550477796 -32.50295144064369
      vertex -9.1 46.64152406199575 -38.028469737116396
      vertex -9.1 46.70013498087573 -38.27260178405194
    endloop
  endfacet
  facet normal -1 0 0
    outer loop
      vertex -9.1 40.196986550477796 -32.50295144064369
      vertex -9.1 46.62182540694798 -37.77817459305202
      vertex -9.1 46.64152406199575 -38.028469737116396
    endloop
  endfacet
  facet normal -1 0 0
    outer loop
      vertex -9.1 40.196986550477796 -32.50295144064369
      vertex -9.1 46.64152406199575 -37.527879448987655
      vertex -9.1 46.62182540694798 -37.77817459305202
    endloop
  endfacet
  facet normal -1 0 0
    outer loop
      vertex -9.1 40.196986550477796 -32.50295144064369
      vertex -9.1 46.70013498087573 -37.28374740205211
      vertex -9.1 46.64152406199575 -37.527879448987655
    endloop
  endfacet
  facet normal -1 0 0
    outer loop
      vertex -9.1 40.196986550477796 -32.50295144064369
      vertex -9.1 46.79621496824659 -37.05178979346875
      vertex -9.1 46.70013498087573 -37.28374740205211
    endloop
  endfacet
  facet normal -1 0 0
    outer loop
      vertex -9.1 40.196986550477796 -32.50295144064369
      vertex -9.1 46.92739821594806 -36.83771818938406
      vertex -9.1 46.79621496824659 -37.05178979346875
    endloop
  endfacet
  facet normal -1 0 0
    outer loop
      vertex -9.1 40.196986550477796 -32.50295144064369
      vertex -9.1 40 -30
      vertex -9.1 40.78309573927754 -25.05572809000084
    endloop
  endfacet
  facet normal -1 0 0
    outer loop
      vertex -9.1 56 -46
      vertex -9.1 55.05954359633204 -31.294427190999915
      vertex -9.1 55.27361520041673 -31.42561043870139
    endloop
  endfacet
  facet normal -1 0 0
    outer loop
      vertex -9.1 56 -46
      vertex -9.1 54.70557280900008 -30.94045640366796
      vertex -9.1 54.868629150101526 -31.131370849898477
    endloop
  endfacet
  facet normal -1 0 0
    outer loop
      vertex -9.1 56 -46
      vertex -9.1 54.868629150101526 -31.131370849898477
      vertex -9.1 55.05954359633204 -31.294427190999915
    endloop
  endfacet
  facet normal -1 0 0
    outer loop
      vertex -9.1 56 -46
      vertex -9.1 54.41969865504778 -30.25029514406437
      vertex -9.1 54.47830957392775 -30.494427190999915
    endloop
  endfacet
  facet normal -1 0 0
    outer loop
      vertex -9.1 56 -46
      vertex -9.1 54.57438956129861 -30.726384799583276
      vertex -9.1 54.70557280900008 -30.94045640366796
    endloop
  endfacet
  facet normal -1 0 0
    outer loop
      vertex -9.1 56 -46
      vertex -9.1 54.47830957392775 -30.494427190999915
      vertex -9.1 54.57438956129861 -30.726384799583276
    endloop
  endfacet
  facet normal -1 0 0
    outer loop
      vertex -9.1 51.05572809000084 -14.783095739277544
      vertex -9.1 47.0904545570495 -36.64680374315355
      vertex -9.1 46.92739821594806 -36.83771818938406
    endloop
  endfacet
  facet normal -1 0 0
    outer loop
      vertex -9.1 51.05572809000084 -14.783095739277544
      vertex -9.1 47.28136900328002 -36.48374740205211
      vertex -9.1 47.0904545570495 -36.64680374315355
    endloop
  endfacet
  facet normal -1 0 0
    outer loop
      vertex -9.1 51.05572809000084 -14.783095739277544
      vertex -9.1 47.4954406073647 -36.35256415435063
      vertex -9.1 47.28136900328002 -36.48374740205211
    endloop
  endfacet
  facet normal -1 0 0
    outer loop
      vertex -9.1 51.05572809000084 -14.783095739277544
      vertex -9.1 47.72739821594806 -36.256484166979774
      vertex -9.1 47.4954406073647 -36.35256415435063
    endloop
  endfacet
  facet normal -1 0 0
    outer loop
      vertex -9.1 51.05572809000084 -14.783095739277544
      vertex -9.1 47.971530262883604 -36.1978732480998
      vertex -9.1 47.72739821594806 -36.256484166979774
    endloop
  endfacet
  facet normal -1 0 0
    outer loop
      vertex -9.1 51.05572809000084 -14.783095739277544
      vertex -9.1 48.22182540694798 -36.17817459305202
      vertex -9.1 47.971530262883604 -36.1978732480998
    endloop
  endfacet
  facet normal -1 0 0
    outer loop
      vertex -9.1 51.05572809000084 -14.783095739277544
      vertex -9.1 48.472120551012345 -36.1978732480998
      vertex -9.1 48.22182540694798 -36.17817459305202
    endloop
  endfacet
  facet normal -1 0 0
    outer loop
      vertex -9.1 51.05572809000084 -14.783095739277544
      vertex -9.1 48.71625259794789 -36.256484166979774
      vertex -9.1 48.472120551012345 -36.1978732480998
    endloop
  endfacet
  facet normal -1 0 0
    outer loop
      vertex -9.1 51.05572809000084 -14.783095739277544
      vertex -9.1 48.94821020653125 -36.35256415435063
      vertex -9.1 48.71625259794789 -36.256484166979774
    endloop
  endfacet
  facet normal -1 0 0
    outer loop
      vertex -9.1 51.05572809000084 -14.783095739277544
      vertex -9.1 49.35319625684645 -36.64680374315355
      vertex -9.1 49.16228181061594 -36.48374740205211
    endloop
  endfacet
  facet normal -1 0 0
    outer loop
      vertex -9.1 51.05572809000084 -14.783095739277544
      vertex -9.1 49.51625259794789 -36.83771818938406
      vertex -9.1 49.35319625684645 -36.64680374315355
    endloop
  endfacet
  facet normal -1 0 0
    outer loop
      vertex -9.1 51.05572809000084 -14.783095739277544
      vertex -9.1 49.16228181061594 -36.48374740205211
      vertex -9.1 48.94821020653125 -36.35256415435063
    endloop
  endfacet
  facet normal -1 0 0
    outer loop
      vertex -9.1 56 -46
      vertex -9.1 49.51625259794789 -36.83771818938406
      vertex -9.1 51.05572809000084 -14.783095739277544
    endloop
  endfacet
  facet normal -1 0 0
    outer loop
      vertex -9.1 56 -46
      vertex -9.1 51.05572809000084 -14.783095739277544
      vertex -9.1 54.41969865504778 -30.25029514406437
    endloop
  endfacet
  facet normal -1 0 0
    outer loop
      vertex -9.1 56 -46
      vertex -9.1 60.94427190999916 -45.21690426072246
      vertex -9.1 58.50295144064369 -45.803013449522204
    endloop
  endfacet
  facet normal -1 0 0
    outer loop
      vertex -9.1 56 -46
      vertex -9.1 65.40456403667957 -42.94427190999916
      vertex -9.1 60.94427190999916 -45.21690426072246
    endloop
  endfacet
  facet normal -1 0 0
    outer loop
      vertex -9.1 60.94427190999916 -45.21690426072246
      vertex -9.1 65.40456403667957 -42.94427190999916
      vertex -9.1 63.26384799583275 -44.256104387013885
    endloop
  endfacet
  facet normal -1 0 0
    outer loop
      vertex -9.1 56 -46
      vertex -9.1 71.21690426072246 -34.94427190999916
      vertex -9.1 65.40456403667957 -42.94427190999916
    endloop
  endfacet
  facet normal -1 0 0
    outer loop
      vertex -9.1 65.40456403667957 -42.94427190999916
      vertex -9.1 68.94427190999916 -39.404564036679574
      vertex -9.1 67.31370849898477 -41.31370849898476
    endloop
  endfacet
  facet normal -1 0 0
    outer loop
      vertex -9.1 65.40456403667957 -42.94427190999916
      vertex -9.1 71.21690426072246 -34.94427190999916
      vertex -9.1 68.94427190999916 -39.404564036679574
    endloop
  endfacet
  facet normal -1 0 0
    outer loop
      vertex -9.1 56 -46
      vertex -9.1 55.27361520041673 -31.42561043870139
      vertex -9.1 55.505572809000085 -31.521690426072247
    endloop
  endfacet
  facet normal -1 0 0
    outer loop
      vertex -9.1 56 -46
      vertex -9.1 55.505572809000085 -31.521690426072247
      vertex -9.1 55.74970485593563 -31.580301344952222
    endloop
  endfacet
  facet normal -1 0 0
    outer loop
      vertex -9.1 56 -46
      vertex -9.1 55.74970485593563 -31.580301344952222
      vertex -9.1 56 -31.6
    endloop
  endfacet
  facet normal -1 0 0
    outer loop
      vertex -9.1 56 -46
      vertex -9.1 56 -31.6
      vertex -9.1 56.25029514406437 -31.580301344952222
    endloop
  endfacet
  facet normal -1 0 0
    outer loop
      vertex -9.1 56 -46
      vertex -9.1 56.25029514406437 -31.580301344952222
      vertex -9.1 56.494427190999915 -31.521690426072247
    endloop
  endfacet
  facet normal -1 0 0
    outer loop
      vertex -9.1 56 -46
      vertex -9.1 56.494427190999915 -31.521690426072247
      vertex -9.1 56.72638479958327 -31.42561043870139
    endloop
  endfacet
  facet normal -1 0 0
    outer loop
      vertex -9.1 56 -46
      vertex -9.1 56.72638479958327 -31.42561043870139
      vertex -9.1 56.94045640366796 -31.294427190999915
    endloop
  endfacet
  facet normal -1 0 0
    outer loop
      vertex -9.1 56 -46
      vertex -9.1 56.94045640366796 -31.294427190999915
      vertex -9.1 57.131370849898474 -31.131370849898477
    endloop
  endfacet
  facet normal -1 0 0
    outer loop
      vertex -9.1 56 -46
      vertex -9.1 57.131370849898474 -31.131370849898477
      vertex -9.1 57.29442719099992 -30.94045640366796
    endloop
  endfacet
  facet normal -1 0 0
    outer loop
      vertex -9.1 56 -46
      vertex -9.1 57.29442719099992 -30.94045640366796
      vertex -9.1 57.42561043870139 -30.726384799583276
    endloop
  endfacet
  facet normal -1 0 0
    outer loop
      vertex -9.1 56 -46
      vertex -9.1 57.42561043870139 -30.726384799583276
      vertex -9.1 57.52169042607225 -30.494427190999915
    endloop
  endfacet
  facet normal -1 0 0
    outer loop
      vertex -9.1 56 -46
      vertex -9.1 57.52169042607225 -30.494427190999915
      vertex -9.1 57.58030134495222 -30.25029514406437
    endloop
  endfacet
  facet normal -1 0 0
    outer loop
      vertex -9.1 56 -46
      vertex -9.1 57.58030134495222 -30.25029514406437
      vertex -9.1 66 -18
    endloop
  endfacet
  facet normal -1 0 0
    outer loop
      vertex -9.1 68.94427190999916 -39.404564036679574
      vertex -9.1 71.21690426072246 -34.94427190999916
      vertex -9.1 70.25610438701389 -37.26384799583275
    endloop
  endfacet
  facet normal -1 0 0
    outer loop
      vertex -9.1 56 -46
      vertex -9.1 66 -18
      vertex -9.1 71.21690426072246 -34.94427190999916
    endloop
  endfacet
  facet normal 0 -0.5224985647159477 -0.8526401643540931
    outer loop
      vertex -9.1 46.595435963320426 -42.94427190999916
      vertex -9.1 48.73615200416725 -44.256104387013885
      vertex -3.0999999999999996 46.595435963320426 -42.94427190999916
    endloop
  endfacet
  facet normal 0 -0.6494480483301849 -0.7604059656000298
    outer loop
      vertex -9.1 46.595435963320426 -42.94427190999916
      vertex -3.0999999999999996 46.595435963320426 -42.94427190999916
      vertex -9.1 44.68629150101524 -41.31370849898476
    endloop
  endfacet
  facet normal 0 -0.6494480483301849 -0.7604059656000298
    outer loop
      vertex -9.1 44.68629150101524 -41.31370849898476
      vertex -3.0999999999999996 46.595435963320426 -42.94427190999916
      vertex -3.0999999999999996 44.68629150101524 -41.31370849898476
    endloop
  endfacet
  facet normal 0 -0.8526401643540931 -0.5224985647159477
    outer loop
      vertex -9.1 43.05572809000084 -39.404564036679574
      vertex -3.0999999999999996 43.05572809000084 -39.404564036679574
      vertex -9.1 41.743895612986115 -37.26384799583275
    endloop
  endfacet
  facet normal 7.91349935553438e-18 -0.7604059656000298 -0.6494480483301849
    outer loop
      vertex -9.1 43.05572809000084 -39.404564036679574
      vertex -9.1 44.68629150101524 -41.31370849898476
      vertex -3.0999999999999996 44.68629150101524 -41.31370849898476
    endloop
  endfacet
  facet normal 0 -0.7604059656000298 -0.6494480483301849
    outer loop
      vertex -9.1 43.05572809000084 -39.404564036679574
      vertex -3.0999999999999996 44.68629150101524 -41.31370849898476
      vertex -3.0999999999999996 43.05572809000084 -39.404564036679574
    endloop
  endfacet
  facet normal 0 -0.8526401643540931 -0.5224985647159477
    outer loop
      vertex -9.1 41.743895612986115 -37.26384799583275
      vertex -3.0999999999999996 43.05572809000084 -39.404564036679574
      vertex -3.0999999999999996 41.743895612986115 -37.26384799583275
    endloop
  endfacet
  facet normal 2.1680774621333464e-18 -0.3826834323650907 -0.9238795325112864
    outer loop
      vertex -9.1 48.73615200416725 -44.256104387013885
      vertex -9.1 51.05572809000084 -45.21690426072246
      vertex -3.0999999999999996 51.05572809000084 -45.21690426072246
    endloop
  endfacet
  facet normal 3.181028048369023e-18 -0.23344536385590503 -0.9723699203976767
    outer loop
      vertex -9.1 51.05572809000084 -45.21690426072246
      vertex -9.1 53.49704855935631 -45.803013449522204
      vertex -3.0999999999999996 53.49704855935631 -45.803013449522204
    endloop
  endfacet
  facet normal 0 -0.07845909572784474 -0.996917333733128
    outer loop
      vertex -9.1 53.49704855935631 -45.803013449522204
      vertex -9.1 56 -46
      vertex -3.0999999999999996 53.49704855935631 -45.803013449522204
    endloop
  endfacet
  facet normal 0 -0.3826834323650907 -0.9238795325112864
    outer loop
      vertex -9.1 48.73615200416725 -44.256104387013885
      vertex -3.0999999999999996 51.05572809000084 -45.21690426072246
      vertex -3.0999999999999996 48.73615200416725 -44.256104387013885
    endloop
  endfacet
  facet normal 0 -0.5224985647159477 -0.8526401643540931
    outer loop
      vertex -9.1 48.73615200416725 -44.256104387013885
      vertex -3.0999999999999996 48.73615200416725 -44.256104387013885
      vertex -3.0999999999999996 46.595435963320426 -42.94427190999916
    endloop
  endfacet
  facet normal 0 -0.23344536385590503 -0.9723699203976767
    outer loop
      vertex -9.1 51.05572809000084 -45.21690426072246
      vertex -3.0999999999999996 53.49704855935631 -45.803013449522204
      vertex -3.0999999999999996 51.05572809000084 -45.21690426072246
    endloop
  endfacet
  facet normal 0 -0.07845909572784474 -0.996917333733128
    outer loop
      vertex -9.1 56 -46
      vertex -3.0999999999999996 56 -46
      vertex -3.0999999999999996 53.49704855935631 -45.803013449522204
    endloop
  endfacet
  facet normal 1 0 0
    outer loop
      vertex -3.0999999999999996 46.595435963320426 -42.94427190999916
      vertex -3.0999999999999996 40.78309573927754 -34.94427190999916
      vertex -3.0999999999999996 43.05572809000084 -39.404564036679574
    endloop
  endfacet
  facet normal 1 0 0
    outer loop
      vertex -3.0999999999999996 46.595435963320426 -42.94427190999916
      vertex -3.0999999999999996 43.05572809000084 -39.404564036679574
      vertex -3.0999999999999996 44.68629150101524 -41.31370849898476
    endloop
  endfacet
  facet normal 1 0 0
    outer loop
      vertex -3.0999999999999996 46.595435963320426 -42.94427190999916
      vertex -3.0999999999999996 46.92739821594806 -38.71863099671998
      vertex -3.0999999999999996 46.79621496824659 -38.5045593926353
    endloop
  endfacet
  facet normal 1 0 0
    outer loop
      vertex -3.0999999999999996 46.595435963320426 -42.94427190999916
      vertex -3.0999999999999996 46.79621496824659 -38.5045593926353
      vertex -3.0999999999999996 46.70013498087573 -38.27260178405194
    endloop
  endfacet
  facet normal 1 0 0
    outer loop
      vertex -3.0999999999999996 46.595435963320426 -42.94427190999916
      vertex -3.0999999999999996 47.28136900328002 -39.07260178405194
      vertex -3.0999999999999996 47.0904545570495 -38.9095454429505
    endloop
  endfacet
  facet normal 1 0 0
    outer loop
      vertex -3.0999999999999996 46.595435963320426 -42.94427190999916
      vertex -3.0999999999999996 47.0904545570495 -38.9095454429505
      vertex -3.0999999999999996 46.92739821594806 -38.71863099671998
    endloop
  endfacet
  facet normal 1 0 0
    outer loop
      vertex -3.0999999999999996 46.595435963320426 -42.94427190999916
      vertex -3.0999999999999996 47.4954406073647 -39.20378503175341
      vertex -3.0999999999999996 47.28136900328002 -39.07260178405194
    endloop
  endfacet
  facet normal 1 0 0
    outer loop
      vertex -3.0999999999999996 46.595435963320426 -42.94427190999916
      vertex -3.0999999999999996 47.72739821594806 -39.29986501912427
      vertex -3.0999999999999996 47.4954406073647 -39.20378503175341
    endloop
  endfacet
  facet normal 1 0 0
    outer loop
      vertex -3.0999999999999996 46.595435963320426 -42.94427190999916
      vertex -3.0999999999999996 47.971530262883604 -39.35847593800425
      vertex -3.0999999999999996 47.72739821594806 -39.29986501912427
    endloop
  endfacet
  facet normal 1 0 0
    outer loop
      vertex -3.0999999999999996 46.595435963320426 -42.94427190999916
      vertex -3.0999999999999996 48.22182540694798 -39.37817459305202
      vertex -3.0999999999999996 47.971530262883604 -39.35847593800425
    endloop
  endfacet
  facet normal 1 0 0
    outer loop
      vertex -3.0999999999999996 46.595435963320426 -42.94427190999916
      vertex -3.0999999999999996 48.73615200416725 -44.256104387013885
      vertex -3.0999999999999996 51.05572809000084 -45.21690426072246
    endloop
  endfacet
  facet normal 1 0 0
    outer loop
      vertex -3.0999999999999996 46.595435963320426 -42.94427190999916
      vertex -3.0999999999999996 51.05572809000084 -45.21690426072246
      vertex -3.0999999999999996 53.49704855935631 -45.803013449522204
    endloop
  endfacet
  facet normal 1 0 0
    outer loop
      vertex -3.0999999999999996 46.595435963320426 -42.94427190999916
      vertex -3.0999999999999996 53.49704855935631 -45.803013449522204
      vertex -3.0999999999999996 60.94427190999916 -45.21690426072246
    endloop
  endfacet
  facet normal 1 0 0
    outer loop
      vertex -3.0999999999999996 46.595435963320426 -42.94427190999916
      vertex -3.0999999999999996 60.94427190999916 -45.21690426072246
      vertex -3.0999999999999996 49.16228181061594 -39.07260178405194
    endloop
  endfacet
  facet normal 1 0 0
    outer loop
      vertex -3.0999999999999996 46.595435963320426 -42.94427190999916
      vertex -3.0999999999999996 48.472120551012345 -39.35847593800425
      vertex -3.0999999999999996 48.22182540694798 -39.37817459305202
    endloop
  endfacet
  facet normal 1 0 0
    outer loop
      vertex -3.0999999999999996 46.595435963320426 -42.94427190999916
      vertex -3.0999999999999996 48.71625259794789 -39.29986501912427
      vertex -3.0999999999999996 48.472120551012345 -39.35847593800425
    endloop
  endfacet
  facet normal 1 0 0
    outer loop
      vertex -3.0999999999999996 46.595435963320426 -42.94427190999916
      vertex -3.0999999999999996 48.94821020653125 -39.20378503175341
      vertex -3.0999999999999996 48.71625259794789 -39.29986501912427
    endloop
  endfacet
  facet normal 1 0 0
    outer loop
      vertex -3.0999999999999996 46.595435963320426 -42.94427190999916
      vertex -3.0999999999999996 49.16228181061594 -39.07260178405194
      vertex -3.0999999999999996 48.94821020653125 -39.20378503175341
    endloop
  endfacet
  facet normal 1 0 0
    outer loop
      vertex -3.0999999999999996 60.94427190999916 -45.21690426072246
      vertex -3.0999999999999996 49.35319625684645 -38.9095454429505
      vertex -3.0999999999999996 49.16228181061594 -39.07260178405194
    endloop
  endfacet
  facet normal 1 0 0
    outer loop
      vertex -3.0999999999999996 60.94427190999916 -45.21690426072246
      vertex -3.0999999999999996 49.51625259794789 -38.71863099671998
      vertex -3.0999999999999996 49.35319625684645 -38.9095454429505
    endloop
  endfacet
  facet normal 1 0 0
    outer loop
      vertex -3.0999999999999996 60.94427190999916 -45.21690426072246
      vertex -3.0999999999999996 49.64743584564937 -38.5045593926353
      vertex -3.0999999999999996 49.51625259794789 -38.71863099671998
    endloop
  endfacet
  facet normal 1 0 0
    outer loop
      vertex -3.0999999999999996 60.94427190999916 -45.21690426072246
      vertex -3.0999999999999996 49.743515833020226 -38.27260178405194
      vertex -3.0999999999999996 49.64743584564937 -38.5045593926353
    endloop
  endfacet
  facet normal 1 0 0
    outer loop
      vertex -3.0999999999999996 60.94427190999916 -45.21690426072246
      vertex -3.0999999999999996 49.8021267519002 -38.028469737116396
      vertex -3.0999999999999996 49.743515833020226 -38.27260178405194
    endloop
  endfacet
  facet normal 1 0 0
    outer loop
      vertex -3.0999999999999996 60.94427190999916 -45.21690426072246
      vertex -3.0999999999999996 49.82182540694798 -37.77817459305202
      vertex -3.0999999999999996 49.8021267519002 -38.028469737116396
    endloop
  endfacet
  facet normal 1 0 0
    outer loop
      vertex -3.0999999999999996 60.94427190999916 -45.21690426072246
      vertex -3.0999999999999996 49.8021267519002 -37.527879448987655
      vertex -3.0999999999999996 49.82182540694798 -37.77817459305202
    endloop
  endfacet
  facet normal 1 0 0
    outer loop
      vertex -3.0999999999999996 60.94427190999916 -45.21690426072246
      vertex -3.0999999999999996 49.743515833020226 -37.28374740205211
      vertex -3.0999999999999996 49.8021267519002 -37.527879448987655
    endloop
  endfacet
  facet normal 1 0 0
    outer loop
      vertex -3.0999999999999996 60.94427190999916 -45.21690426072246
      vertex -3.0999999999999996 49.64743584564937 -37.05178979346875
      vertex -3.0999999999999996 49.743515833020226 -37.28374740205211
    endloop
  endfacet
  facet normal 2.1680774621333464e-18 -0.9238795325112864 -0.3826834323650907
    outer loop
      vertex -9.1 41.743895612986115 -37.26384799583275
      vertex -3.0999999999999996 40.78309573927754 -34.94427190999916
      vertex -9.1 40.78309573927754 -34.94427190999916
    endloop
  endfacet
  facet normal 0 -0.9723699203976767 -0.23344536385590503
    outer loop
      vertex -9.1 40.78309573927754 -34.94427190999916
      vertex -3.0999999999999996 40.78309573927754 -34.94427190999916
      vertex -9.1 40.196986550477796 -32.50295144064369
    endloop
  endfacet
  facet normal 0 -0.9238795325112864 -0.3826834323650907
    outer loop
      vertex -9.1 41.743895612986115 -37.26384799583275
      vertex -3.0999999999999996 41.743895612986115 -37.26384799583275
      vertex -3.0999999999999996 40.78309573927754 -34.94427190999916
    endloop
  endfacet
  facet normal 0 -0.9723699203976767 -0.23344536385590503
    outer loop
      vertex -9.1 40.196986550477796 -32.50295144064369
      vertex -3.0999999999999996 40.78309573927754 -34.94427190999916
      vertex -3.0999999999999996 40.196986550477796 -32.50295144064369
    endloop
  endfacet
  facet normal -4.42801894314512e-19 -0.996917333733128 -0.07845909572784474
    outer loop
      vertex -9.1 40.196986550477796 -32.50295144064369
      vertex -3.0999999999999996 40 -30
      vertex -9.1 40 -30
    endloop
  endfacet
  facet normal 0 -0.996917333733128 -0.07845909572784474
    outer loop
      vertex -9.1 40.196986550477796 -32.50295144064369
      vertex -3.0999999999999996 40.196986550477796 -32.50295144064369
      vertex -3.0999999999999996 40 -30
    endloop
  endfacet
  facet normal 0 -0.996917333733128 0.07845909572784462
    outer loop
      vertex -9.1 40 -30
      vertex -3.0999999999999996 40 -30
      vertex -3.0999999999999996 40.196986550477796 -27.497048559356305
    endloop
  endfacet
  facet normal 1 0 0
    outer loop
      vertex -3.0999999999999996 43.05572809000084 -39.404564036679574
      vertex -3.0999999999999996 40.78309573927754 -34.94427190999916
      vertex -3.0999999999999996 41.743895612986115 -37.26384799583275
    endloop
  endfacet
  facet normal 1 0 0
    outer loop
      vertex -3.0999999999999996 46.595435963320426 -42.94427190999916
      vertex -3.0999999999999996 41.743895612986115 -22.736152004167252
      vertex -3.0999999999999996 40.78309573927754 -34.94427190999916
    endloop
  endfacet
  facet normal 1 0 0
    outer loop
      vertex -3.0999999999999996 46.595435963320426 -42.94427190999916
      vertex -3.0999999999999996 46.70013498087573 -38.27260178405194
      vertex -3.0999999999999996 41.743895612986115 -22.736152004167252
    endloop
  endfacet
  facet normal 1 0 0
    outer loop
      vertex -3.0999999999999996 40.78309573927754 -34.94427190999916
      vertex -3.0999999999999996 40 -30
      vertex -3.0999999999999996 40.196986550477796 -32.50295144064369
    endloop
  endfacet
  facet normal 1 0 0
    outer loop
      vertex -3.0999999999999996 40.78309573927754 -34.94427190999916
      vertex -3.0999999999999996 41.743895612986115 -22.736152004167252
      vertex -3.0999999999999996 40 -30
    endloop
  endfacet
  facet normal 1 0 0
    outer loop
      vertex -3.0999999999999996 41.743895612986115 -22.736152004167252
      vertex -3.0999999999999996 46.70013498087573 -38.27260178405194
      vertex -3.0999999999999996 46.64152406199575 -38.028469737116396
    endloop
  endfacet
  facet normal 1 0 0
    outer loop
      vertex -3.0999999999999996 41.743895612986115 -22.736152004167252
      vertex -3.0999999999999996 46.64152406199575 -38.028469737116396
      vertex -3.0999999999999996 46.62182540694798 -37.77817459305202
    endloop
  endfacet
  facet normal 1 0 0
    outer loop
      vertex -3.0999999999999996 41.743895612986115 -22.736152004167252
      vertex -3.0999999999999996 46.62182540694798 -37.77817459305202
      vertex -3.0999999999999996 46.64152406199575 -37.527879448987655
    endloop
  endfacet
  facet normal 1 0 0
    outer loop
      vertex -3.0999999999999996 41.743895612986115 -22.736152004167252
      vertex -3.0999999999999996 46.64152406199575 -37.527879448987655
      vertex -3.0999999999999996 46.70013498087573 -37.28374740205211
    endloop
  endfacet
  facet normal 1 0 0
    outer loop
      vertex -3.0999999999999996 41.743895612986115 -22.736152004167252
      vertex -3.0999999999999996 46.70013498087573 -37.28374740205211
      vertex -3.0999999999999996 46.79621496824659 -37.05178979346875
    endloop
  endfacet
  facet normal 1 0 0
    outer loop
      vertex -3.0999999999999996 41.743895612986115 -22.736152004167252
      vertex -3.0999999999999996 46.79621496824659 -37.05178979346875
      vertex -3.0999999999999996 46.92739821594806 -36.83771818938406
    endloop
  endfacet
  facet normal 1 0 0
    outer loop
      vertex -3.0999999999999996 41.743895612986115 -22.736152004167252
      vertex -3.0999999999999996 46.92739821594806 -36.83771818938406
      vertex -3.0999999999999996 47.0904545570495 -36.64680374315355
    endloop
  endfacet
  facet normal 1 0 0
    outer loop
      vertex -3.0999999999999996 41.743895612986115 -22.736152004167252
      vertex -3.0999999999999996 47.0904545570495 -36.64680374315355
      vertex -3.0999999999999996 47.28136900328002 -36.48374740205211
    endloop
  endfacet
  facet normal 1 0 0
    outer loop
      vertex -3.0999999999999996 41.743895612986115 -22.736152004167252
      vertex -3.0999999999999996 47.28136900328002 -36.48374740205211
      vertex -3.0999999999999996 47.4954406073647 -36.35256415435063
    endloop
  endfacet
  facet normal 1 0 0
    outer loop
      vertex -3.0999999999999996 41.743895612986115 -22.736152004167252
      vertex -3.0999999999999996 47.4954406073647 -36.35256415435063
      vertex -3.0999999999999996 47.72739821594806 -36.256484166979774
    endloop
  endfacet
  facet normal 1 0 0
    outer loop
      vertex -3.0999999999999996 41.743895612986115 -22.736152004167252
      vertex -3.0999999999999996 49.51625259794789 -36.83771818938406
      vertex -3.0999999999999996 49.64743584564937 -37.05178979346875
    endloop
  endfacet
  facet normal 1 0 0
    outer loop
      vertex -3.0999999999999996 41.743895612986115 -22.736152004167252
      vertex -3.0999999999999996 47.72739821594806 -36.256484166979774
      vertex -3.0999999999999996 47.971530262883604 -36.1978732480998
    endloop
  endfacet
  facet normal 1 0 0
    outer loop
      vertex -3.0999999999999996 41.743895612986115 -22.736152004167252
      vertex -3.0999999999999996 47.971530262883604 -36.1978732480998
      vertex -3.0999999999999996 48.22182540694798 -36.17817459305202
    endloop
  endfacet
  facet normal 1 0 0
    outer loop
      vertex -3.0999999999999996 41.743895612986115 -22.736152004167252
      vertex -3.0999999999999996 48.22182540694798 -36.17817459305202
      vertex -3.0999999999999996 48.472120551012345 -36.1978732480998
    endloop
  endfacet
  facet normal 1 0 0
    outer loop
      vertex -3.0999999999999996 41.743895612986115 -22.736152004167252
      vertex -3.0999999999999996 49.16228181061594 -36.48374740205211
      vertex -3.0999999999999996 49.35319625684645 -36.64680374315355
    endloop
  endfacet
  facet normal 1 0 0
    outer loop
      vertex -3.0999999999999996 41.743895612986115 -22.736152004167252
      vertex -3.0999999999999996 48.472120551012345 -36.1978732480998
      vertex -3.0999999999999996 48.71625259794789 -36.256484166979774
    endloop
  endfacet
  facet normal 1 0 0
    outer loop
      vertex -3.0999999999999996 41.743895612986115 -22.736152004167252
      vertex -3.0999999999999996 48.71625259794789 -36.256484166979774
      vertex -3.0999999999999996 48.94821020653125 -36.35256415435063
    endloop
  endfacet
  facet normal 1 0 0
    outer loop
      vertex -3.0999999999999996 41.743895612986115 -22.736152004167252
      vertex -3.0999999999999996 48.94821020653125 -36.35256415435063
      vertex -3.0999999999999996 49.16228181061594 -36.48374740205211
    endloop
  endfacet
  facet normal 1 0 0
    outer loop
      vertex -3.0999999999999996 41.743895612986115 -22.736152004167252
      vertex -3.0999999999999996 49.35319625684645 -36.64680374315355
      vertex -3.0999999999999996 49.51625259794789 -36.83771818938406
    endloop
  endfacet
  facet normal 1 0 0
    outer loop
      vertex -3.0999999999999996 60.94427190999916 -45.21690426072246
      vertex -3.0999999999999996 41.743895612986115 -22.736152004167252
      vertex -3.0999999999999996 49.64743584564937 -37.05178979346875
    endloop
  endfacet
  facet normal 1 0 0
    outer loop
      vertex -3.0999999999999996 60.94427190999916 -45.21690426072246
      vertex -3.0999999999999996 54.57438956129861 -30.726384799583276
      vertex -3.0999999999999996 41.743895612986115 -22.736152004167252
    endloop
  endfacet
  facet normal 4.42801894314512e-19 0.07845909572784474 -0.996917333733128
    outer loop
      vertex -9.1 56 -46
      vertex -9.1 58.50295144064369 -45.803013449522204
      vertex -3.0999999999999996 58.50295144064369 -45.803013449522204
    endloop
  endfacet
  facet normal 0 0.23344536385590503 -0.9723699203976767
    outer loop
      vertex -9.1 58.50295144064369 -45.803013449522204
      vertex -9.1 60.94427190999916 -45.21690426072246
      vertex -3.0999999999999996 58.50295144064369 -45.803013449522204
    endloop
  endfacet
  facet normal -2.1680774621333464e-18 0.3826834323650907 -0.9238795325112864
    outer loop
      vertex -9.1 60.94427190999916 -45.21690426072246
      vertex -9.1 63.26384799583275 -44.256104387013885
      vertex -3.0999999999999996 63.26384799583275 -44.256104387013885
    endloop
  endfacet
  facet normal 0 0.07845909572784474 -0.996917333733128
    outer loop
      vertex -9.1 56 -46
      vertex -3.0999999999999996 58.50295144064369 -45.803013449522204
      vertex -3.0999999999999996 56 -46
    endloop
  endfacet
  facet normal 0 0.23344536385590503 -0.9723699203976767
    outer loop
      vertex -9.1 60.94427190999916 -45.21690426072246
      vertex -3.0999999999999996 60.94427190999916 -45.21690426072246
      vertex -3.0999999999999996 58.50295144064369 -45.803013449522204
    endloop
  endfacet
  facet normal 0 0.3826834323650907 -0.9238795325112864
    outer loop
      vertex -9.1 60.94427190999916 -45.21690426072246
      vertex -3.0999999999999996 63.26384799583275 -44.256104387013885
      vertex -3.0999999999999996 60.94427190999916 -45.21690426072246
    endloop
  endfacet
  facet normal 0 0.5224985647159477 -0.8526401643540931
    outer loop
      vertex -9.1 63.26384799583275 -44.256104387013885
      vertex -9.1 65.40456403667957 -42.94427190999916
      vertex -3.0999999999999996 63.26384799583275 -44.256104387013885
    endloop
  endfacet
  facet normal -5.28936043476259e-18 0.6494480483301835 -0.760405965600031
    outer loop
      vertex -9.1 65.40456403667957 -42.94427190999916
      vertex -9.1 67.31370849898477 -41.31370849898476
      vertex -3.0999999999999996 67.31370849898477 -41.31370849898476
    endloop
  endfacet
  facet normal 0 0.5224985647159477 -0.8526401643540931
    outer loop
      vertex -9.1 65.40456403667957 -42.94427190999916
      vertex -3.0999999999999996 65.40456403667957 -42.94427190999916
      vertex -3.0999999999999996 63.26384799583275 -44.256104387013885
    endloop
  endfacet
  facet normal 0 0.6494480483301835 -0.760405965600031
    outer loop
      vertex -9.1 65.40456403667957 -42.94427190999916
      vertex -3.0999999999999996 67.31370849898477 -41.31370849898476
      vertex -3.0999999999999996 65.40456403667957 -42.94427190999916
    endloop
  endfacet
  facet normal 0 0.7604059656000313 -0.6494480483301833
    outer loop
      vertex -9.1 67.31370849898477 -41.31370849898476
      vertex -9.1 68.94427190999916 -39.404564036679574
      vertex -3.0999999999999996 67.31370849898477 -41.31370849898476
    endloop
  endfacet
  facet normal 0 0.8526401643540917 -0.5224985647159497
    outer loop
      vertex -9.1 68.94427190999916 -39.404564036679574
      vertex -9.1 70.25610438701389 -37.26384799583275
      vertex -3.0999999999999996 68.94427190999916 -39.404564036679574
    endloop
  endfacet
  facet normal 0 0.7604059656000313 -0.6494480483301833
    outer loop
      vertex -9.1 68.94427190999916 -39.404564036679574
      vertex -3.0999999999999996 68.94427190999916 -39.404564036679574
      vertex -3.0999999999999996 67.31370849898477 -41.31370849898476
    endloop
  endfacet
  facet normal 0 0.8526401643540917 -0.5224985647159497
    outer loop
      vertex -9.1 70.25610438701389 -37.26384799583275
      vertex -3.0999999999999996 70.25610438701389 -37.26384799583275
      vertex -3.0999999999999996 68.94427190999916 -39.404564036679574
    endloop
  endfacet
  facet normal 1 0 0
    outer loop
      vertex -3.0999999999999996 53.49704855935631 -45.803013449522204
      vertex -3.0999999999999996 56 -46
      vertex -3.0999999999999996 58.50295144064369 -45.803013449522204
    endloop
  endfacet
  facet normal 1 0 0
    outer loop
      vertex -3.0999999999999996 53.49704855935631 -45.803013449522204
      vertex -3.0999999999999996 58.50295144064369 -45.803013449522204
      vertex -3.0999999999999996 60.94427190999916 -45.21690426072246
    endloop
  endfacet
  facet normal 1 0 0
    outer loop
      vertex -3.0999999999999996 60.94427190999916 -45.21690426072246
      vertex -3.0999999999999996 63.26384799583275 -44.256104387013885
      vertex -3.0999999999999996 67.31370849898477 -41.31370849898476
    endloop
  endfacet
  facet normal 1 0 0
    outer loop
      vertex -3.0999999999999996 63.26384799583275 -44.256104387013885
      vertex -3.0999999999999996 65.40456403667957 -42.94427190999916
      vertex -3.0999999999999996 67.31370849898477 -41.31370849898476
    endloop
  endfacet
  facet normal 1 0 0
    outer loop
      vertex -3.0999999999999996 60.94427190999916 -45.21690426072246
      vertex -3.0999999999999996 67.31370849898477 -41.31370849898476
      vertex -3.0999999999999996 71.21690426072246 -34.94427190999916
    endloop
  endfacet
  facet normal 1 0 0
    outer loop
      vertex -3.0999999999999996 67.31370849898477 -41.31370849898476
      vertex -3.0999999999999996 68.94427190999916 -39.404564036679574
      vertex -3.0999999999999996 71.21690426072246 -34.94427190999916
    endloop
  endfacet
  facet normal -5.505711908802974e-18 0.9238795325112874 -0.3826834323650883
    outer loop
      vertex -9.1 70.25610438701389 -37.26384799583275
      vertex -9.1 71.21690426072246 -34.94427190999916
      vertex -3.0999999999999996 71.21690426072246 -34.94427190999916
    endloop
  endfacet
  facet normal 0 0.9238795325112874 -0.3826834323650883
    outer loop
      vertex -9.1 70.25610438701389 -37.26384799583275
      vertex -3.0999999999999996 71.21690426072246 -34.94427190999916
      vertex -3.0999999999999996 70.25610438701389 -37.26384799583275
    endloop
  endfacet
  facet normal 1 0 0
    outer loop
      vertex -3.0999999999999996 60.94427190999916 -45.21690426072246
      vertex -3.0999999999999996 55.27361520041673 -31.42561043870139
      vertex -3.0999999999999996 55.05954359633204 -31.294427190999915
    endloop
  endfacet
  facet normal 1 0 0
    outer loop
      vertex -3.0999999999999996 60.94427190999916 -45.21690426072246
      vertex -3.0999999999999996 55.505572809000085 -31.521690426072247
      vertex -3.0999999999999996 55.27361520041673 -31.42561043870139
    endloop
  endfacet
  facet normal 1 0 0
    outer loop
      vertex -3.0999999999999996 60.94427190999916 -45.21690426072246
      vertex -3.0999999999999996 55.74970485593563 -31.580301344952222
      vertex -3.0999999999999996 55.505572809000085 -31.521690426072247
    endloop
  endfacet
  facet normal 1 0 0
    outer loop
      vertex -3.0999999999999996 60.94427190999916 -45.21690426072246
      vertex -3.0999999999999996 54.868629150101526 -31.131370849898477
      vertex -3.0999999999999996 54.70557280900008 -30.94045640366796
    endloop
  endfacet
  facet normal 1 0 0
    outer loop
      vertex -3.0999999999999996 60.94427190999916 -45.21690426072246
      vertex -3.0999999999999996 54.70557280900008 -30.94045640366796
      vertex -3.0999999999999996 54.57438956129861 -30.726384799583276
    endloop
  endfacet
  facet normal 1 0 0
    outer loop
      vertex -3.0999999999999996 60.94427190999916 -45.21690426072246
      vertex -3.0999999999999996 55.05954359633204 -31.294427190999915
      vertex -3.0999999999999996 54.868629150101526 -31.131370849898477
    endloop
  endfacet
  facet normal 1 0 0
    outer loop
      vertex -3.0999999999999996 60.94427190999916 -45.21690426072246
      vertex -3.0999999999999996 56 -31.6
      vertex -3.0999999999999996 55.74970485593563 -31.580301344952222
    endloop
  endfacet
  facet normal 1 0 0
    outer loop
      vertex -3.0999999999999996 60.94427190999916 -45.21690426072246
      vertex -3.0999999999999996 56.25029514406437 -31.580301344952222
      vertex -3.0999999999999996 56 -31.6
    endloop
  endfacet
  facet normal 1 0 0
    outer loop
      vertex -3.0999999999999996 60.94427190999916 -45.21690426072246
      vertex -3.0999999999999996 56.494427190999915 -31.521690426072247
      vertex -3.0999999999999996 56.25029514406437 -31.580301344952222
    endloop
  endfacet
  facet normal 1 0 0
    outer loop
      vertex -3.0999999999999996 60.94427190999916 -45.21690426072246
      vertex -3.0999999999999996 56.72638479958327 -31.42561043870139
      vertex -3.0999999999999996 56.494427190999915 -31.521690426072247
    endloop
  endfacet
  facet normal 1 0 0
    outer loop
      vertex -3.0999999999999996 60.94427190999916 -45.21690426072246
      vertex -3.0999999999999996 56.94045640366796 -31.294427190999915
      vertex -3.0999999999999996 56.72638479958327 -31.42561043870139
    endloop
  endfacet
  facet normal 1 0 0
    outer loop
      vertex -3.0999999999999996 60.94427190999916 -45.21690426072246
      vertex -3.0999999999999996 57.131370849898474 -31.131370849898477
      vertex -3.0999999999999996 56.94045640366796 -31.294427190999915
    endloop
  endfacet
  facet normal 1 0 0
    outer loop
      vertex -3.0999999999999996 60.94427190999916 -45.21690426072246
      vertex -3.0999999999999996 57.29442719099992 -30.94045640366796
      vertex -3.0999999999999996 57.131370849898474 -31.131370849898477
    endloop
  endfacet
  facet normal 1 0 0
    outer loop
      vertex -3.0999999999999996 60.94427190999916 -45.21690426072246
      vertex -3.0999999999999996 57.42561043870139 -30.726384799583276
      vertex -3.0999999999999996 57.29442719099992 -30.94045640366796
    endloop
  endfacet
  facet normal 1 0 0
    outer loop
      vertex -3.0999999999999996 60.94427190999916 -45.21690426072246
      vertex -3.0999999999999996 57.52169042607225 -30.494427190999915
      vertex -3.0999999999999996 57.42561043870139 -30.726384799583276
    endloop
  endfacet
  facet normal 1 0 0
    outer loop
      vertex -3.0999999999999996 60.94427190999916 -45.21690426072246
      vertex -3.0999999999999996 57.58030134495222 -30.25029514406437
      vertex -3.0999999999999996 57.52169042607225 -30.494427190999915
    endloop
  endfacet
  facet normal 1 0 0
    outer loop
      vertex -3.0999999999999996 60.94427190999916 -45.21690426072246
      vertex -3.0999999999999996 57.6 -30
      vertex -3.0999999999999996 57.58030134495222 -30.25029514406437
    endloop
  endfacet
  facet normal 1 0 0
    outer loop
      vertex -3.0999999999999996 60.94427190999916 -45.21690426072246
      vertex -3.0999999999999996 66 -18
      vertex -3.0999999999999996 57.6 -30
    endloop
  endfacet
  facet normal 1 0 0
    outer loop
      vertex -3.0999999999999996 68.94427190999916 -39.404564036679574
      vertex -3.0999999999999996 70.25610438701389 -37.26384799583275
      vertex -3.0999999999999996 71.21690426072246 -34.94427190999916
    endloop
  endfacet
  facet normal 1 0 0
    outer loop
      vertex -3.0999999999999996 60.94427190999916 -45.21690426072246
      vertex -3.0999999999999996 71.21690426072246 -34.94427190999916
      vertex -3.0999999999999996 72 -18
    endloop
  endfacet
  facet normal -1 0 0
    outer loop
      vertex -9.1 40 -30
      vertex -9.1 40.196986550477796 -27.497048559356305
      vertex -9.1 40.78309573927754 -25.05572809000084
    endloop
  endfacet
  facet normal -1 0 0
    outer loop
      vertex -9.1 40.196986550477796 -32.50295144064369
      vertex -9.1 40.78309573927754 -25.05572809000084
      vertex -9.1 43.05572809000084 -20.59543596332043
    endloop
  endfacet
  facet normal -1 0 0
    outer loop
      vertex -9.1 40.196986550477796 -32.50295144064369
      vertex -9.1 51.05572809000084 -14.783095739277544
      vertex -9.1 46.92739821594806 -36.83771818938406
    endloop
  endfacet
  facet normal -1 0 0
    outer loop
      vertex -9.1 40.78309573927754 -25.05572809000084
      vertex -9.1 41.743895612986115 -22.736152004167252
      vertex -9.1 43.05572809000084 -20.59543596332043
    endloop
  endfacet
  facet normal -1 0 0
    outer loop
      vertex -9.1 40.196986550477796 -32.50295144064369
      vertex -9.1 43.05572809000084 -20.59543596332043
      vertex -9.1 51.05572809000084 -14.783095739277544
    endloop
  endfacet
  facet normal -1 0 0
    outer loop
      vertex -9.1 51.05572809000084 -14.783095739277544
      vertex -9.1 54.4 -30
      vertex -9.1 54.41969865504778 -30.25029514406437
    endloop
  endfacet
  facet normal -1 0 0
    outer loop
      vertex -9.1 51.05572809000084 -14.783095739277544
      vertex -9.1 54.41969865504778 -29.74970485593563
      vertex -9.1 54.4 -30
    endloop
  endfacet
  facet normal -1 0 0
    outer loop
      vertex -9.1 51.05572809000084 -14.783095739277544
      vertex -9.1 54.47830957392775 -29.505572809000085
      vertex -9.1 54.41969865504778 -29.74970485593563
    endloop
  endfacet
  facet normal -1 0 0
    outer loop
      vertex -9.1 51.05572809000084 -14.783095739277544
      vertex -9.1 54.57438956129861 -29.273615200416724
      vertex -9.1 54.47830957392775 -29.505572809000085
    endloop
  endfacet
  facet normal -1 0 0
    outer loop
      vertex -9.1 51.05572809000084 -14.783095739277544
      vertex -9.1 54.70557280900008 -29.05954359633204
      vertex -9.1 54.57438956129861 -29.273615200416724
    endloop
  endfacet
  facet normal -1 0 0
    outer loop
      vertex -9.1 51.05572809000084 -14.783095739277544
      vertex -9.1 54.868629150101526 -28.868629150101523
      vertex -9.1 54.70557280900008 -29.05954359633204
    endloop
  endfacet
  facet normal -1 0 0
    outer loop
      vertex -9.1 51.05572809000084 -14.783095739277544
      vertex -9.1 55.05954359633204 -28.705572809000085
      vertex -9.1 54.868629150101526 -28.868629150101523
    endloop
  endfacet
  facet normal -1 0 0
    outer loop
      vertex -9.1 51.05572809000084 -14.783095739277544
      vertex -9.1 55.27361520041673 -28.57438956129861
      vertex -9.1 55.05954359633204 -28.705572809000085
    endloop
  endfacet
  facet normal -1 0 0
    outer loop
      vertex -9.1 51.05572809000084 -14.783095739277544
      vertex -9.1 55.505572809000085 -28.478309573927753
      vertex -9.1 55.27361520041673 -28.57438956129861
    endloop
  endfacet
  facet normal -1 0 0
    outer loop
      vertex -9.1 51.05572809000084 -14.783095739277544
      vertex -9.1 55.74970485593563 -28.419698655047778
      vertex -9.1 55.505572809000085 -28.478309573927753
    endloop
  endfacet
  facet normal -1 0 0
    outer loop
      vertex -9.1 43.05572809000084 -20.59543596332043
      vertex -9.1 44.68629150101524 -18.68629150101524
      vertex -9.1 46.595435963320426 -17.05572809000084
    endloop
  endfacet
  facet normal -1 0 0
    outer loop
      vertex -9.1 43.05572809000084 -20.59543596332043
      vertex -9.1 46.595435963320426 -17.05572809000084
      vertex -9.1 51.05572809000084 -14.783095739277544
    endloop
  endfacet
  facet normal -1 0 0
    outer loop
      vertex -9.1 46.595435963320426 -17.05572809000084
      vertex -9.1 48.73615200416725 -15.743895612986114
      vertex -9.1 51.05572809000084 -14.783095739277544
    endloop
  endfacet
  facet normal -1 0 0
    outer loop
      vertex -9.1 66 -18
      vertex -9.1 56 -28.4
      vertex -9.1 55.74970485593563 -28.419698655047778
    endloop
  endfacet
  facet normal -1 0 0
    outer loop
      vertex -9.1 66 -18
      vertex -9.1 57.58030134495222 -30.25029514406437
      vertex -9.1 57.6 -30
    endloop
  endfacet
  facet normal -1 0 0
    outer loop
      vertex -9.1 66 -18
      vertex -9.1 57.6 -30
      vertex -9.1 57.58030134495222 -29.74970485593563
    endloop
  endfacet
  facet normal -1 0 0
    outer loop
      vertex -9.1 66 -18
      vertex -9.1 57.52169042607225 -29.505572809000085
      vertex -9.1 57.42561043870139 -29.273615200416724
    endloop
  endfacet
  facet normal -1 0 0
    outer loop
      vertex -9.1 66 -18
      vertex -9.1 57.42561043870139 -29.273615200416724
      vertex -9.1 57.29442719099992 -29.05954359633204
    endloop
  endfacet
  facet normal -1 0 0
    outer loop
      vertex -9.1 66 -18
      vertex -9.1 57.29442719099992 -29.05954359633204
      vertex -9.1 57.131370849898474 -28.868629150101523
    endloop
  endfacet
  facet normal -1 0 0
    outer loop
      vertex -9.1 66 -18
      vertex -9.1 56.72638479958327 -28.57438956129861
      vertex -9.1 56.494427190999915 -28.478309573927753
    endloop
  endfacet
  facet normal -1 0 0
    outer loop
      vertex -9.1 66 -18
      vertex -9.1 56.25029514406437 -28.419698655047778
      vertex -9.1 56 -28.4
    endloop
  endfacet
  facet normal -1 0 0
    outer loop
      vertex -9.1 66 -18
      vertex -9.1 56.494427190999915 -28.478309573927753
      vertex -9.1 56.25029514406437 -28.419698655047778
    endloop
  endfacet
  facet normal -1 0 0
    outer loop
      vertex -9.1 66 -18
      vertex -9.1 57.131370849898474 -28.868629150101523
      vertex -9.1 56.94045640366796 -28.705572809000085
    endloop
  endfacet
  facet normal -1 0 0
    outer loop
      vertex -9.1 66 -18
      vertex -9.1 56.94045640366796 -28.705572809000085
      vertex -9.1 56.72638479958327 -28.57438956129861
    endloop
  endfacet
  facet normal -1 0 0
    outer loop
      vertex -9.1 66 -18
      vertex -9.1 57.58030134495222 -29.74970485593563
      vertex -9.1 57.52169042607225 -29.505572809000085
    endloop
  endfacet
  facet normal -1 0 0
    outer loop
      vertex -9.1 66 -18
      vertex -9.1 72 -30
      vertex -9.1 71.21690426072246 -34.94427190999916
    endloop
  endfacet
  facet normal -1 0 0
    outer loop
      vertex -9.1 66 -18
      vertex -9.1 72 -18
      vertex -9.1 72 -30
    endloop
  endfacet
  facet normal -1 0 0
    outer loop
      vertex -9.1 51.05572809000084 -14.783095739277544
      vertex -9.1 66 -18
      vertex -9.1 55.74970485593563 -28.419698655047778
    endloop
  endfacet
  facet normal -1 0 0
    outer loop
      vertex -9.1 51.05572809000084 -14.783095739277544
      vertex -9.1 53.49704855935631 -14.196986550477796
      vertex -9.1 64 -12
    endloop
  endfacet
  facet normal -1 0 0
    outer loop
      vertex -9.1 51.05572809000084 -14.783095739277544
      vertex -9.1 66 -12
      vertex -9.1 66 -18
    endloop
  endfacet
  facet normal -1 0 0
    outer loop
      vertex -9.1 51.05572809000084 -14.783095739277544
      vertex -9.1 64 -12
      vertex -9.1 66 -12
    endloop
  endfacet
  facet normal 0 0 1
    outer loop
      vertex -9.1 64 -12
      vertex -7.6 66 -12
      vertex -9.1 66 -12
    endloop
  endfacet
  facet normal -1.0048840903014371e-18 -0.996917333733128 0.07845909572784462
    outer loop
      vertex -9.1 40 -30
      vertex -3.0999999999999996 40.196986550477796 -27.497048559356305
      vertex -9.1 40.196986550477796 -27.497048559356305
    endloop
  endfacet
  facet normal 0 -0.9723699203976766 0.2334453638559053
    outer loop
      vertex -9.1 40.196986550477796 -27.497048559356305
      vertex -3.0999999999999996 40.196986550477796 -27.497048559356305
      vertex -9.1 40.78309573927754 -25.05572809000084
    endloop
  endfacet
  facet normal 0 -0.9723699203976766 0.2334453638559053
    outer loop
      vertex -9.1 40.78309573927754 -25.05572809000084
      vertex -3.0999999999999996 40.196986550477796 -27.497048559356305
      vertex -3.0999999999999996 40.78309573927754 -25.05572809000084
    endloop
  endfacet
  facet normal -2.1680774621333464e-18 -0.9238795325112864 0.3826834323650907
    outer loop
      vertex -9.1 40.78309573927754 -25.05572809000084
      vertex -3.0999999999999996 41.743895612986115 -22.736152004167252
      vertex -9.1 41.743895612986115 -22.736152004167252
    endloop
  endfacet
  facet normal 0 -0.8526401643540926 0.5224985647159482
    outer loop
      vertex -9.1 41.743895612986115 -22.736152004167252
      vertex -3.0999999999999996 41.743895612986115 -22.736152004167252
      vertex -9.1 43.05572809000084 -20.59543596332043
    endloop
  endfacet
  facet normal 0 -0.9238795325112864 0.3826834323650907
    outer loop
      vertex -9.1 40.78309573927754 -25.05572809000084
      vertex -3.0999999999999996 40.78309573927754 -25.05572809000084
      vertex -3.0999999999999996 41.743895612986115 -22.736152004167252
    endloop
  endfacet
  facet normal 0 -0.8526401643540926 0.5224985647159482
    outer loop
      vertex -9.1 43.05572809000084 -20.59543596332043
      vertex -3.0999999999999996 41.743895612986115 -22.736152004167252
      vertex -3.0999999999999996 43.05572809000084 -20.59543596332043
    endloop
  endfacet
  facet normal 1 0 0
    outer loop
      vertex -3.0999999999999996 40 -30
      vertex -3.0999999999999996 40.78309573927754 -25.05572809000084
      vertex -3.0999999999999996 40.196986550477796 -27.497048559356305
    endloop
  endfacet
  facet normal 1 0 0
    outer loop
      vertex -3.0999999999999996 40 -30
      vertex -3.0999999999999996 41.743895612986115 -22.736152004167252
      vertex -3.0999999999999996 40.78309573927754 -25.05572809000084
    endloop
  endfacet
  facet normal 1 0 0
    outer loop
      vertex -3.0999999999999996 41.743895612986115 -22.736152004167252
      vertex -3.0999999999999996 44.68629150101524 -18.68629150101524
      vertex -3.0999999999999996 43.05572809000084 -20.59543596332043
    endloop
  endfacet
  facet normal 1 0 0
    outer loop
      vertex -3.0999999999999996 41.743895612986115 -22.736152004167252
      vertex -3.0999999999999996 54.57438956129861 -30.726384799583276
      vertex -3.0999999999999996 54.47830957392775 -30.494427190999915
    endloop
  endfacet
  facet normal 1 0 0
    outer loop
      vertex -3.0999999999999996 41.743895612986115 -22.736152004167252
      vertex -3.0999999999999996 54.47830957392775 -30.494427190999915
      vertex -3.0999999999999996 54.41969865504778 -30.25029514406437
    endloop
  endfacet
  facet normal 1 0 0
    outer loop
      vertex -3.0999999999999996 41.743895612986115 -22.736152004167252
      vertex -3.0999999999999996 54.41969865504778 -30.25029514406437
      vertex -3.0999999999999996 54.4 -30
    endloop
  endfacet
  facet normal 1 0 0
    outer loop
      vertex -3.0999999999999996 41.743895612986115 -22.736152004167252
      vertex -3.0999999999999996 54.4 -30
      vertex -3.0999999999999996 54.41969865504778 -29.74970485593563
    endloop
  endfacet
  facet normal 1 0 0
    outer loop
      vertex -3.0999999999999996 41.743895612986115 -22.736152004167252
      vertex -3.0999999999999996 54.41969865504778 -29.74970485593563
      vertex -3.0999999999999996 54.47830957392775 -29.505572809000085
    endloop
  endfacet
  facet normal 1 0 0
    outer loop
      vertex -3.0999999999999996 41.743895612986115 -22.736152004167252
      vertex -3.0999999999999996 54.47830957392775 -29.505572809000085
      vertex -3.0999999999999996 54.57438956129861 -29.273615200416724
    endloop
  endfacet
  facet normal 1 0 0
    outer loop
      vertex -3.0999999999999996 41.743895612986115 -22.736152004167252
      vertex -3.0999999999999996 54.57438956129861 -29.273615200416724
      vertex -3.0999999999999996 54.70557280900008 -29.05954359633204
    endloop
  endfacet
  facet normal 1 0 0
    outer loop
      vertex -3.0999999999999996 41.743895612986115 -22.736152004167252
      vertex -3.0999999999999996 54.70557280900008 -29.05954359633204
      vertex -3.0999999999999996 54.868629150101526 -28.868629150101523
    endloop
  endfacet
  facet normal 1 0 0
    outer loop
      vertex -3.0999999999999996 41.743895612986115 -22.736152004167252
      vertex -3.0999999999999996 54.868629150101526 -28.868629150101523
      vertex -3.0999999999999996 55.05954359633204 -28.705572809000085
    endloop
  endfacet
  facet normal 1 0 0
    outer loop
      vertex -3.0999999999999996 41.743895612986115 -22.736152004167252
      vertex -3.0999999999999996 55.05954359633204 -28.705572809000085
      vertex -3.0999999999999996 55.27361520041673 -28.57438956129861
    endloop
  endfacet
  facet normal 1 0 0
    outer loop
      vertex -3.0999999999999996 41.743895612986115 -22.736152004167252
      vertex -3.0999999999999996 55.27361520041673 -28.57438956129861
      vertex -3.0999999999999996 55.505572809000085 -28.478309573927753
    endloop
  endfacet
  facet normal 1 0 0
    outer loop
      vertex -3.0999999999999996 41.743895612986115 -22.736152004167252
      vertex -3.0999999999999996 55.505572809000085 -28.478309573927753
      vertex -3.0999999999999996 55.74970485593563 -28.419698655047778
    endloop
  endfacet
  facet normal 1 0 0
    outer loop
      vertex -3.0999999999999996 41.743895612986115 -22.736152004167252
      vertex -3.0999999999999996 55.74970485593563 -28.419698655047778
      vertex -3.0999999999999996 56 -28.4
    endloop
  endfacet
  facet normal 1 0 0
    outer loop
      vertex -3.0999999999999996 41.743895612986115 -22.736152004167252
      vertex -3.0999999999999996 56 -28.4
      vertex -3.0999999999999996 56.25029514406437 -28.419698655047778
    endloop
  endfacet
  facet normal 1 0 0
    outer loop
      vertex -3.0999999999999996 41.743895612986115 -22.736152004167252
      vertex -3.0999999999999996 56.25029514406437 -28.419698655047778
      vertex -3.0999999999999996 56.494427190999915 -28.478309573927753
    endloop
  endfacet
  facet normal 1 0 0
    outer loop
      vertex -3.0999999999999996 41.743895612986115 -22.736152004167252
      vertex -3.0999999999999996 56.494427190999915 -28.478309573927753
      vertex -3.0999999999999996 66 -18
    endloop
  endfacet
  facet normal 0 -0.7604059656000305 0.6494480483301842
    outer loop
      vertex -9.1 43.05572809000084 -20.59543596332043
      vertex -3.0999999999999996 43.05572809000084 -20.59543596332043
      vertex -9.1 44.68629150101524 -18.68629150101524
    endloop
  endfacet
  facet normal 0 -0.6494480483301849 0.7604059656000298
    outer loop
      vertex -9.1 44.68629150101524 -18.68629150101524
      vertex -3.0999999999999996 44.68629150101524 -18.68629150101524
      vertex -9.1 46.595435963320426 -17.05572809000084
    endloop
  endfacet
  facet normal 0 -0.7604059656000305 0.6494480483301842
    outer loop
      vertex -9.1 44.68629150101524 -18.68629150101524
      vertex -3.0999999999999996 43.05572809000084 -20.59543596332043
      vertex -3.0999999999999996 44.68629150101524 -18.68629150101524
    endloop
  endfacet
  facet normal 0 -0.6494480483301849 0.7604059656000298
    outer loop
      vertex -9.1 46.595435963320426 -17.05572809000084
      vertex -3.0999999999999996 44.68629150101524 -18.68629150101524
      vertex -3.0999999999999996 46.595435963320426 -17.05572809000084
    endloop
  endfacet
  facet normal 0 -0.5224985647159481 0.8526401643540927
    outer loop
      vertex -9.1 46.595435963320426 -17.05572809000084
      vertex -3.0999999999999996 46.595435963320426 -17.05572809000084
      vertex -3.0999999999999996 48.73615200416725 -15.743895612986114
    endloop
  endfacet
  facet normal -1.127520912401242e-17 -0.5224985647159481 0.8526401643540927
    outer loop
      vertex -9.1 46.595435963320426 -17.05572809000084
      vertex -3.0999999999999996 48.73615200416725 -15.743895612986114
      vertex -9.1 48.73615200416725 -15.743895612986114
    endloop
  endfacet
  facet normal 0 -0.3826834323650895 0.9238795325112868
    outer loop
      vertex -9.1 48.73615200416725 -15.743895612986114
      vertex -3.0999999999999996 48.73615200416725 -15.743895612986114
      vertex -9.1 51.05572809000084 -14.783095739277544
    endloop
  endfacet
  facet normal 0 -0.2334453638559057 0.9723699203976766
    outer loop
      vertex -9.1 51.05572809000084 -14.783095739277544
      vertex -3.0999999999999996 51.05572809000084 -14.783095739277544
      vertex -9.1 53.49704855935631 -14.196986550477796
    endloop
  endfacet
  facet normal 0 -0.3826834323650895 0.9238795325112868
    outer loop
      vertex -9.1 51.05572809000084 -14.783095739277544
      vertex -3.0999999999999996 48.73615200416725 -15.743895612986114
      vertex -3.0999999999999996 51.05572809000084 -14.783095739277544
    endloop
  endfacet
  facet normal 0 -0.2334453638559057 0.9723699203976766
    outer loop
      vertex -9.1 53.49704855935631 -14.196986550477796
      vertex -3.0999999999999996 51.05572809000084 -14.783095739277544
      vertex -3.0999999999999996 53.49704855935631 -14.196986550477796
    endloop
  endfacet
  facet normal 1 0 0
    outer loop
      vertex -3.0999999999999996 41.743895612986115 -22.736152004167252
      vertex -3.0999999999999996 46.595435963320426 -17.05572809000084
      vertex -3.0999999999999996 44.68629150101524 -18.68629150101524
    endloop
  endfacet
  facet normal 1 0 0
    outer loop
      vertex -3.0999999999999996 41.743895612986115 -22.736152004167252
      vertex -3.0999999999999996 51.05572809000084 -14.783095739277544
      vertex -3.0999999999999996 46.595435963320426 -17.05572809000084
    endloop
  endfacet
  facet normal 1 0 0
    outer loop
      vertex -3.0999999999999996 41.743895612986115 -22.736152004167252
      vertex -3.0999999999999996 66 -18
      vertex -3.0999999999999996 51.05572809000084 -14.783095739277544
    endloop
  endfacet
  facet normal 1 0 0
    outer loop
      vertex -3.0999999999999996 46.595435963320426 -17.05572809000084
      vertex -3.0999999999999996 51.05572809000084 -14.783095739277544
      vertex -3.0999999999999996 48.73615200416725 -15.743895612986114
    endloop
  endfacet
  facet normal 1 0 0
    outer loop
      vertex -3.0999999999999996 66 -18
      vertex -3.0999999999999996 57.58030134495222 -29.74970485593563
      vertex -3.0999999999999996 57.6 -30
    endloop
  endfacet
  facet normal 1 0 0
    outer loop
      vertex -3.0999999999999996 66 -18
      vertex -3.0999999999999996 57.42561043870139 -29.273615200416724
      vertex -3.0999999999999996 57.52169042607225 -29.505572809000085
    endloop
  endfacet
  facet normal 1 0 0
    outer loop
      vertex -3.0999999999999996 66 -18
      vertex -3.0999999999999996 57.29442719099992 -29.05954359633204
      vertex -3.0999999999999996 57.42561043870139 -29.273615200416724
    endloop
  endfacet
  facet normal 1 0 0
    outer loop
      vertex -3.0999999999999996 66 -18
      vertex -3.0999999999999996 57.131370849898474 -28.868629150101523
      vertex -3.0999999999999996 57.29442719099992 -29.05954359633204
    endloop
  endfacet
  facet normal 1 0 0
    outer loop
      vertex -3.0999999999999996 66 -18
      vertex -3.0999999999999996 56.494427190999915 -28.478309573927753
      vertex -3.0999999999999996 56.72638479958327 -28.57438956129861
    endloop
  endfacet
  facet normal 1 0 0
    outer loop
      vertex -3.0999999999999996 66 -18
      vertex -3.0999999999999996 56.94045640366796 -28.705572809000085
      vertex -3.0999999999999996 57.131370849898474 -28.868629150101523
    endloop
  endfacet
  facet normal 1 0 0
    outer loop
      vertex -3.0999999999999996 66 -18
      vertex -3.0999999999999996 56.72638479958327 -28.57438956129861
      vertex -3.0999999999999996 56.94045640366796 -28.705572809000085
    endloop
  endfacet
  facet normal 1 0 0
    outer loop
      vertex -3.0999999999999996 66 -18
      vertex -3.0999999999999996 57.52169042607225 -29.505572809000085
      vertex -3.0999999999999996 57.58030134495222 -29.74970485593563
    endloop
  endfacet
  facet normal 1 0 0
    outer loop
      vertex -3.0999999999999996 60.94427190999916 -45.21690426072246
      vertex -3.0999999999999996 72 -18
      vertex -3.0999999999999996 66 -18
    endloop
  endfacet
  facet normal 1.9934674870387747e-17 -0.20474658373165586 0.9788150164613414
    outer loop
      vertex -9.1 53.49704855935631 -14.196986550477796
      vertex -3.0999999999999996 64 -12
      vertex -9.1 64 -12
    endloop
  endfacet
  facet normal 0 -0.20474658373165586 0.9788150164613414
    outer loop
      vertex -9.1 53.49704855935631 -14.196986550477796
      vertex -3.0999999999999996 53.49704855935631 -14.196986550477796
      vertex -3.0999999999999996 64 -12
    endloop
  endfacet
  facet normal 0 0 1
    outer loop
      vertex -9.1 64 -12
      vertex -3.0999999999999996 64 -12
      vertex -7.6 66 -12
    endloop
  endfacet
  facet normal 0 0 1
    outer loop
      vertex -7.6 66 -12
      vertex -3.0999999999999996 64 -12
      vertex -3.0999999999999996 66 -12
    endloop
  endfacet
  facet normal 1 0 0
    outer loop
      vertex -3.0999999999999996 51.05572809000084 -14.783095739277544
      vertex -3.0999999999999996 64 -12
      vertex -3.0999999999999996 53.49704855935631 -14.196986550477796
    endloop
  endfacet
  facet normal 1 0 0
    outer loop
      vertex -3.0999999999999996 51.05572809000084 -14.783095739277544
      vertex -3.0999999999999996 66 -18
      vertex -3.0999999999999996 64 -12
    endloop
  endfacet
  facet normal 1 0 0
    outer loop
      vertex -3.0999999999999996 66 -18
      vertex -3.0999999999999996 66 -12
      vertex -3.0999999999999996 64 -12
    endloop
  endfacet
  facet normal -1 0 0
    outer loop
      vertex -9.1 71.21690426072246 -34.94427190999916
      vertex -9.1 72 -30
      vertex -9.1 71.80301344952221 -32.50295144064369
    endloop
  endfacet
  facet normal 0 0.972369920397676 -0.2334453638559077
    outer loop
      vertex -9.1 71.21690426072246 -34.94427190999916
      vertex -9.1 71.80301344952221 -32.50295144064369
      vertex -3.0999999999999996 71.21690426072246 -34.94427190999916
    endloop
  endfacet
  facet normal 0 0.972369920397676 -0.2334453638559077
    outer loop
      vertex -9.1 71.80301344952221 -32.50295144064369
      vertex -3.0999999999999996 71.80301344952221 -32.50295144064369
      vertex -3.0999999999999996 71.21690426072246 -34.94427190999916
    endloop
  endfacet
  facet normal -9.493279061644779e-19 0.9969173337331282 -0.07845909572784192
    outer loop
      vertex -9.1 71.80301344952221 -32.50295144064369
      vertex -9.1 72 -30
      vertex -3.0999999999999996 72 -30
    endloop
  endfacet
  facet normal 0 0.9969173337331282 -0.07845909572784192
    outer loop
      vertex -9.1 71.80301344952221 -32.50295144064369
      vertex -3.0999999999999996 72 -30
      vertex -3.0999999999999996 71.80301344952221 -32.50295144064369
    endloop
  endfacet
  facet normal 1 0 0
    outer loop
      vertex -3.0999999999999996 71.21690426072246 -34.94427190999916
      vertex -3.0999999999999996 71.80301344952221 -32.50295144064369
      vertex -3.0999999999999996 72 -30
    endloop
  endfacet
  facet normal 0 1 0
    outer loop
      vertex -9.1 72 -30
      vertex -9.1 72 -18
      vertex -3.0999999999999996 72 -30
    endloop
  endfacet
  facet normal 0 1 0
    outer loop
      vertex -3.0999999999999996 72 -30
      vertex -9.1 72 -18
      vertex -3.0999999999999996 72 -18
    endloop
  endfacet
  facet normal 1 0 0
    outer loop
      vertex -3.0999999999999996 71.21690426072246 -34.94427190999916
      vertex -3.0999999999999996 72 -30
      vertex -3.0999999999999996 72 -18
    endloop
  endfacet
  facet normal -1 0 0
    outer loop
      vertex 3.0999999999999996 46.595435963320426 -42.94427190999916
      vertex 3.0999999999999996 43.05572809000084 -39.404564036679574
      vertex 3.0999999999999996 40.196986550477796 -32.50295144064369
    endloop
  endfacet
  facet normal -1 0 0
    outer loop
      vertex 3.0999999999999996 46.595435963320426 -42.94427190999916
      vertex 3.0999999999999996 44.68629150101524 -41.31370849898476
      vertex 3.0999999999999996 43.05572809000084 -39.404564036679574
    endloop
  endfacet
  facet normal -1 0 0
    outer loop
      vertex 3.0999999999999996 46.595435963320426 -42.94427190999916
      vertex 3.0999999999999996 47.0904545570495 -38.9095454429505
      vertex 3.0999999999999996 47.28136900328002 -39.07260178405194
    endloop
  endfacet
  facet normal -1 0 0
    outer loop
      vertex 3.0999999999999996 46.595435963320426 -42.94427190999916
      vertex 3.0999999999999996 47.28136900328002 -39.07260178405194
      vertex 3.0999999999999996 47.4954406073647 -39.20378503175341
    endloop
  endfacet
  facet normal -1 0 0
    outer loop
      vertex 3.0999999999999996 46.595435963320426 -42.94427190999916
      vertex 3.0999999999999996 47.4954406073647 -39.20378503175341
      vertex 3.0999999999999996 47.72739821594806 -39.29986501912427
    endloop
  endfacet
  facet normal -1 0 0
    outer loop
      vertex 3.0999999999999996 46.595435963320426 -42.94427190999916
      vertex 3.0999999999999996 47.72739821594806 -39.29986501912427
      vertex 3.0999999999999996 47.971530262883604 -39.35847593800425
    endloop
  endfacet
  facet normal -1 0 0
    outer loop
      vertex 3.0999999999999996 46.595435963320426 -42.94427190999916
      vertex 3.0999999999999996 47.971530262883604 -39.35847593800425
      vertex 3.0999999999999996 48.22182540694798 -39.37817459305202
    endloop
  endfacet
  facet normal -1 0 0
    outer loop
      vertex 3.0999999999999996 46.595435963320426 -42.94427190999916
      vertex 3.0999999999999996 40.196986550477796 -32.50295144064369
      vertex 3.0999999999999996 47.0904545570495 -38.9095454429505
    endloop
  endfacet
  facet normal -1 0 0
    outer loop
      vertex 3.0999999999999996 46.595435963320426 -42.94427190999916
      vertex 3.0999999999999996 51.05572809000084 -45.21690426072246
      vertex 3.0999999999999996 48.73615200416725 -44.256104387013885
    endloop
  endfacet
  facet normal -1 0 0
    outer loop
      vertex 3.0999999999999996 46.595435963320426 -42.94427190999916
      vertex 3.0999999999999996 56 -46
      vertex 3.0999999999999996 51.05572809000084 -45.21690426072246
    endloop
  endfacet
  facet normal -1 0 0
    outer loop
      vertex 3.0999999999999996 46.595435963320426 -42.94427190999916
      vertex 3.0999999999999996 48.472120551012345 -39.35847593800425
      vertex 3.0999999999999996 56 -46
    endloop
  endfacet
  facet normal -1 0 0
    outer loop
      vertex 3.0999999999999996 51.05572809000084 -45.21690426072246
      vertex 3.0999999999999996 56 -46
      vertex 3.0999999999999996 53.49704855935631 -45.803013449522204
    endloop
  endfacet
  facet normal -1 0 0
    outer loop
      vertex 3.0999999999999996 46.595435963320426 -42.94427190999916
      vertex 3.0999999999999996 48.22182540694798 -39.37817459305202
      vertex 3.0999999999999996 48.472120551012345 -39.35847593800425
    endloop
  endfacet
  facet normal -1 0 0
    outer loop
      vertex 3.0999999999999996 56 -46
      vertex 3.0999999999999996 48.472120551012345 -39.35847593800425
      vertex 3.0999999999999996 48.71625259794789 -39.29986501912427
    endloop
  endfacet
  facet normal -1 0 0
    outer loop
      vertex 3.0999999999999996 56 -46
      vertex 3.0999999999999996 48.71625259794789 -39.29986501912427
      vertex 3.0999999999999996 48.94821020653125 -39.20378503175341
    endloop
  endfacet
  facet normal -1 0 0
    outer loop
      vertex 3.0999999999999996 56 -46
      vertex 3.0999999999999996 48.94821020653125 -39.20378503175341
      vertex 3.0999999999999996 49.16228181061594 -39.07260178405194
    endloop
  endfacet
  facet normal -1 0 0
    outer loop
      vertex 3.0999999999999996 56 -46
      vertex 3.0999999999999996 49.16228181061594 -39.07260178405194
      vertex 3.0999999999999996 49.35319625684645 -38.9095454429505
    endloop
  endfacet
  facet normal -1 0 0
    outer loop
      vertex 3.0999999999999996 56 -46
      vertex 3.0999999999999996 49.35319625684645 -38.9095454429505
      vertex 3.0999999999999996 49.51625259794789 -38.71863099671998
    endloop
  endfacet
  facet normal -1 0 0
    outer loop
      vertex 3.0999999999999996 56 -46
      vertex 3.0999999999999996 49.51625259794789 -38.71863099671998
      vertex 3.0999999999999996 49.64743584564937 -38.5045593926353
    endloop
  endfacet
  facet normal -1 0 0
    outer loop
      vertex 3.0999999999999996 56 -46
      vertex 3.0999999999999996 49.64743584564937 -38.5045593926353
      vertex 3.0999999999999996 49.743515833020226 -38.27260178405194
    endloop
  endfacet
  facet normal -1 0 0
    outer loop
      vertex 3.0999999999999996 56 -46
      vertex 3.0999999999999996 49.743515833020226 -38.27260178405194
      vertex 3.0999999999999996 49.8021267519002 -38.028469737116396
    endloop
  endfacet
  facet normal -1 0 0
    outer loop
      vertex 3.0999999999999996 56 -46
      vertex 3.0999999999999996 49.8021267519002 -38.028469737116396
      vertex 3.0999999999999996 49.82182540694798 -37.77817459305202
    endloop
  endfacet
  facet normal -1 0 0
    outer loop
      vertex 3.0999999999999996 56 -46
      vertex 3.0999999999999996 49.82182540694798 -37.77817459305202
      vertex 3.0999999999999996 49.8021267519002 -37.527879448987655
    endloop
  endfacet
  facet normal -1 0 0
    outer loop
      vertex 3.0999999999999996 56 -46
      vertex 3.0999999999999996 49.8021267519002 -37.527879448987655
      vertex 3.0999999999999996 49.743515833020226 -37.28374740205211
    endloop
  endfacet
  facet normal -1 0 0
    outer loop
      vertex 3.0999999999999996 56 -46
      vertex 3.0999999999999996 49.743515833020226 -37.28374740205211
      vertex 3.0999999999999996 49.64743584564937 -37.05178979346875
    endloop
  endfacet
  facet normal -1 0 0
    outer loop
      vertex 3.0999999999999996 56 -46
      vertex 3.0999999999999996 49.64743584564937 -37.05178979346875
      vertex 3.0999999999999996 49.51625259794789 -36.83771818938406
    endloop
  endfacet
  facet normal 0 -0.5224985647159477 -0.8526401643540931
    outer loop
      vertex 3.0999999999999996 46.595435963320426 -42.94427190999916
      vertex 3.0999999999999996 48.73615200416725 -44.256104387013885
      vertex 9.1 46.595435963320426 -42.94427190999916
    endloop
  endfacet
  facet normal 0 -0.6494480483301849 -0.7604059656000298
    outer loop
      vertex 3.0999999999999996 46.595435963320426 -42.94427190999916
      vertex 9.1 46.595435963320426 -42.94427190999916
      vertex 3.0999999999999996 44.68629150101524 -41.31370849898476
    endloop
  endfacet
  facet normal 0 -0.6494480483301849 -0.7604059656000298
    outer loop
      vertex 3.0999999999999996 44.68629150101524 -41.31370849898476
      vertex 9.1 46.595435963320426 -42.94427190999916
      vertex 9.1 44.68629150101524 -41.31370849898476
    endloop
  endfacet
  facet normal 0 -0.8526401643540931 -0.5224985647159477
    outer loop
      vertex 3.0999999999999996 43.05572809000084 -39.404564036679574
      vertex 9.1 43.05572809000084 -39.404564036679574
      vertex 3.0999999999999996 41.743895612986115 -37.26384799583275
    endloop
  endfacet
  facet normal 7.91349935553438e-18 -0.7604059656000298 -0.6494480483301849
    outer loop
      vertex 3.0999999999999996 43.05572809000084 -39.404564036679574
      vertex 3.0999999999999996 44.68629150101524 -41.31370849898476
      vertex 9.1 44.68629150101524 -41.31370849898476
    endloop
  endfacet
  facet normal 0 -0.7604059656000298 -0.6494480483301849
    outer loop
      vertex 3.0999999999999996 43.05572809000084 -39.404564036679574
      vertex 9.1 44.68629150101524 -41.31370849898476
      vertex 9.1 43.05572809000084 -39.404564036679574
    endloop
  endfacet
  facet normal 0 -0.8526401643540931 -0.5224985647159477
    outer loop
      vertex 3.0999999999999996 41.743895612986115 -37.26384799583275
      vertex 9.1 43.05572809000084 -39.404564036679574
      vertex 9.1 41.743895612986115 -37.26384799583275
    endloop
  endfacet
  facet normal 2.1680774621333464e-18 -0.3826834323650907 -0.9238795325112864
    outer loop
      vertex 3.0999999999999996 48.73615200416725 -44.256104387013885
      vertex 3.0999999999999996 51.05572809000084 -45.21690426072246
      vertex 9.1 51.05572809000084 -45.21690426072246
    endloop
  endfacet
  facet normal 3.181028048369023e-18 -0.23344536385590503 -0.9723699203976767
    outer loop
      vertex 3.0999999999999996 51.05572809000084 -45.21690426072246
      vertex 3.0999999999999996 53.49704855935631 -45.803013449522204
      vertex 9.1 53.49704855935631 -45.803013449522204
    endloop
  endfacet
  facet normal 0 -0.07845909572784474 -0.996917333733128
    outer loop
      vertex 3.0999999999999996 53.49704855935631 -45.803013449522204
      vertex 3.0999999999999996 56 -46
      vertex 9.1 53.49704855935631 -45.803013449522204
    endloop
  endfacet
  facet normal 0 -0.3826834323650907 -0.9238795325112864
    outer loop
      vertex 3.0999999999999996 48.73615200416725 -44.256104387013885
      vertex 9.1 51.05572809000084 -45.21690426072246
      vertex 9.1 48.73615200416725 -44.256104387013885
    endloop
  endfacet
  facet normal 0 -0.5224985647159477 -0.8526401643540931
    outer loop
      vertex 3.0999999999999996 48.73615200416725 -44.256104387013885
      vertex 9.1 48.73615200416725 -44.256104387013885
      vertex 9.1 46.595435963320426 -42.94427190999916
    endloop
  endfacet
  facet normal 0 -0.23344536385590503 -0.9723699203976767
    outer loop
      vertex 3.0999999999999996 51.05572809000084 -45.21690426072246
      vertex 9.1 53.49704855935631 -45.803013449522204
      vertex 9.1 51.05572809000084 -45.21690426072246
    endloop
  endfacet
  facet normal 0 -0.07845909572784474 -0.996917333733128
    outer loop
      vertex 3.0999999999999996 56 -46
      vertex 9.1 56 -46
      vertex 9.1 53.49704855935631 -45.803013449522204
    endloop
  endfacet
  facet normal -1 0 0
    outer loop
      vertex 3.0999999999999996 43.05572809000084 -39.404564036679574
      vertex 3.0999999999999996 41.743895612986115 -37.26384799583275
      vertex 3.0999999999999996 40.78309573927754 -34.94427190999916
    endloop
  endfacet
  facet normal -1 0 0
    outer loop
      vertex 3.0999999999999996 43.05572809000084 -39.404564036679574
      vertex 3.0999999999999996 40.78309573927754 -34.94427190999916
      vertex 3.0999999999999996 40.196986550477796 -32.50295144064369
    endloop
  endfacet
  facet normal -1 0 0
    outer loop
      vertex 3.0999999999999996 40.196986550477796 -32.50295144064369
      vertex 3.0999999999999996 46.92739821594806 -38.71863099671998
      vertex 3.0999999999999996 47.0904545570495 -38.9095454429505
    endloop
  endfacet
  facet normal -1 0 0
    outer loop
      vertex 3.0999999999999996 40.196986550477796 -32.50295144064369
      vertex 3.0999999999999996 46.79621496824659 -38.5045593926353
      vertex 3.0999999999999996 46.92739821594806 -38.71863099671998
    endloop
  endfacet
  facet normal -1 0 0
    outer loop
      vertex 3.0999999999999996 40.196986550477796 -32.50295144064369
      vertex 3.0999999999999996 46.70013498087573 -38.27260178405194
      vertex 3.0999999999999996 46.79621496824659 -38.5045593926353
    endloop
  endfacet
  facet normal -1 0 0
    outer loop
      vertex 3.0999999999999996 40.196986550477796 -32.50295144064369
      vertex 3.0999999999999996 46.64152406199575 -38.028469737116396
      vertex 3.0999999999999996 46.70013498087573 -38.27260178405194
    endloop
  endfacet
  facet normal -1 0 0
    outer loop
      vertex 3.0999999999999996 40.196986550477796 -32.50295144064369
      vertex 3.0999999999999996 46.62182540694798 -37.77817459305202
      vertex 3.0999999999999996 46.64152406199575 -38.028469737116396
    endloop
  endfacet
  facet normal -1 0 0
    outer loop
      vertex 3.0999999999999996 40.196986550477796 -32.50295144064369
      vertex 3.0999999999999996 46.64152406199575 -37.527879448987655
      vertex 3.0999999999999996 46.62182540694798 -37.77817459305202
    endloop
  endfacet
  facet normal -1 0 0
    outer loop
      vertex 3.0999999999999996 40.196986550477796 -32.50295144064369
      vertex 3.0999999999999996 46.70013498087573 -37.28374740205211
      vertex 3.0999999999999996 46.64152406199575 -37.527879448987655
    endloop
  endfacet
  facet normal -1 0 0
    outer loop
      vertex 3.0999999999999996 40.196986550477796 -32.50295144064369
      vertex 3.0999999999999996 46.79621496824659 -37.05178979346875
      vertex 3.0999999999999996 46.70013498087573 -37.28374740205211
    endloop
  endfacet
  facet normal -1 0 0
    outer loop
      vertex 3.0999999999999996 40.196986550477796 -32.50295144064369
      vertex 3.0999999999999996 46.92739821594806 -36.83771818938406
      vertex 3.0999999999999996 46.79621496824659 -37.05178979346875
    endloop
  endfacet
  facet normal -1 0 0
    outer loop
      vertex 3.0999999999999996 40.196986550477796 -32.50295144064369
      vertex 3.0999999999999996 40 -30
      vertex 3.0999999999999996 40.196986550477796 -27.497048559356305
    endloop
  endfacet
  facet normal -1 0 0
    outer loop
      vertex 3.0999999999999996 56 -46
      vertex 3.0999999999999996 55.05954359633204 -31.294427190999915
      vertex 3.0999999999999996 55.27361520041673 -31.42561043870139
    endloop
  endfacet
  facet normal -1 0 0
    outer loop
      vertex 3.0999999999999996 56 -46
      vertex 3.0999999999999996 54.70557280900008 -30.94045640366796
      vertex 3.0999999999999996 54.868629150101526 -31.131370849898477
    endloop
  endfacet
  facet normal -1 0 0
    outer loop
      vertex 3.0999999999999996 56 -46
      vertex 3.0999999999999996 54.868629150101526 -31.131370849898477
      vertex 3.0999999999999996 55.05954359633204 -31.294427190999915
    endloop
  endfacet
  facet normal -1 0 0
    outer loop
      vertex 3.0999999999999996 56 -46
      vertex 3.0999999999999996 54.41969865504778 -30.25029514406437
      vertex 3.0999999999999996 54.47830957392775 -30.494427190999915
    endloop
  endfacet
  facet normal -1 0 0
    outer loop
      vertex 3.0999999999999996 56 -46
      vertex 3.0999999999999996 54.57438956129861 -30.726384799583276
      vertex 3.0999999999999996 54.70557280900008 -30.94045640366796
    endloop
  endfacet
  facet normal -1 0 0
    outer loop
      vertex 3.0999999999999996 56 -46
      vertex 3.0999999999999996 54.47830957392775 -30.494427190999915
      vertex 3.0999999999999996 54.57438956129861 -30.726384799583276
    endloop
  endfacet
  facet normal -1 0 0
    outer loop
      vertex 3.0999999999999996 51.05572809000084 -14.783095739277544
      vertex 3.0999999999999996 47.0904545570495 -36.64680374315355
      vertex 3.0999999999999996 46.92739821594806 -36.83771818938406
    endloop
  endfacet
  facet normal -1 0 0
    outer loop
      vertex 3.0999999999999996 51.05572809000084 -14.783095739277544
      vertex 3.0999999999999996 47.28136900328002 -36.48374740205211
      vertex 3.0999999999999996 47.0904545570495 -36.64680374315355
    endloop
  endfacet
  facet normal -1 0 0
    outer loop
      vertex 3.0999999999999996 51.05572809000084 -14.783095739277544
      vertex 3.0999999999999996 47.4954406073647 -36.35256415435063
      vertex 3.0999999999999996 47.28136900328002 -36.48374740205211
    endloop
  endfacet
  facet normal -1 0 0
    outer loop
      vertex 3.0999999999999996 51.05572809000084 -14.783095739277544
      vertex 3.0999999999999996 47.72739821594806 -36.256484166979774
      vertex 3.0999999999999996 47.4954406073647 -36.35256415435063
    endloop
  endfacet
  facet normal -1 0 0
    outer loop
      vertex 3.0999999999999996 51.05572809000084 -14.783095739277544
      vertex 3.0999999999999996 47.971530262883604 -36.1978732480998
      vertex 3.0999999999999996 47.72739821594806 -36.256484166979774
    endloop
  endfacet
  facet normal -1 0 0
    outer loop
      vertex 3.0999999999999996 51.05572809000084 -14.783095739277544
      vertex 3.0999999999999996 48.22182540694798 -36.17817459305202
      vertex 3.0999999999999996 47.971530262883604 -36.1978732480998
    endloop
  endfacet
  facet normal -1 0 0
    outer loop
      vertex 3.0999999999999996 51.05572809000084 -14.783095739277544
      vertex 3.0999999999999996 48.472120551012345 -36.1978732480998
      vertex 3.0999999999999996 48.22182540694798 -36.17817459305202
    endloop
  endfacet
  facet normal -1 0 0
    outer loop
      vertex 3.0999999999999996 51.05572809000084 -14.783095739277544
      vertex 3.0999999999999996 48.71625259794789 -36.256484166979774
      vertex 3.0999999999999996 48.472120551012345 -36.1978732480998
    endloop
  endfacet
  facet normal -1 0 0
    outer loop
      vertex 3.0999999999999996 51.05572809000084 -14.783095739277544
      vertex 3.0999999999999996 48.94821020653125 -36.35256415435063
      vertex 3.0999999999999996 48.71625259794789 -36.256484166979774
    endloop
  endfacet
  facet normal -1 0 0
    outer loop
      vertex 3.0999999999999996 51.05572809000084 -14.783095739277544
      vertex 3.0999999999999996 49.35319625684645 -36.64680374315355
      vertex 3.0999999999999996 49.16228181061594 -36.48374740205211
    endloop
  endfacet
  facet normal -1 0 0
    outer loop
      vertex 3.0999999999999996 51.05572809000084 -14.783095739277544
      vertex 3.0999999999999996 49.51625259794789 -36.83771818938406
      vertex 3.0999999999999996 49.35319625684645 -36.64680374315355
    endloop
  endfacet
  facet normal -1 0 0
    outer loop
      vertex 3.0999999999999996 51.05572809000084 -14.783095739277544
      vertex 3.0999999999999996 49.16228181061594 -36.48374740205211
      vertex 3.0999999999999996 48.94821020653125 -36.35256415435063
    endloop
  endfacet
  facet normal -1 0 0
    outer loop
      vertex 3.0999999999999996 56 -46
      vertex 3.0999999999999996 49.51625259794789 -36.83771818938406
      vertex 3.0999999999999996 51.05572809000084 -14.783095739277544
    endloop
  endfacet
  facet normal -1 0 0
    outer loop
      vertex 3.0999999999999996 56 -46
      vertex 3.0999999999999996 51.05572809000084 -14.783095739277544
      vertex 3.0999999999999996 54.41969865504778 -30.25029514406437
    endloop
  endfacet
  facet normal 2.1680774621333464e-18 -0.9238795325112864 -0.3826834323650907
    outer loop
      vertex 3.0999999999999996 41.743895612986115 -37.26384799583275
      vertex 9.1 40.78309573927754 -34.94427190999916
      vertex 3.0999999999999996 40.78309573927754 -34.94427190999916
    endloop
  endfacet
  facet normal 0 -0.9723699203976767 -0.23344536385590503
    outer loop
      vertex 3.0999999999999996 40.78309573927754 -34.94427190999916
      vertex 9.1 40.78309573927754 -34.94427190999916
      vertex 3.0999999999999996 40.196986550477796 -32.50295144064369
    endloop
  endfacet
  facet normal 0 -0.9238795325112864 -0.3826834323650907
    outer loop
      vertex 3.0999999999999996 41.743895612986115 -37.26384799583275
      vertex 9.1 41.743895612986115 -37.26384799583275
      vertex 9.1 40.78309573927754 -34.94427190999916
    endloop
  endfacet
  facet normal 0 -0.9723699203976767 -0.23344536385590503
    outer loop
      vertex 3.0999999999999996 40.196986550477796 -32.50295144064369
      vertex 9.1 40.78309573927754 -34.94427190999916
      vertex 9.1 40.196986550477796 -32.50295144064369
    endloop
  endfacet
  facet normal -4.42801894314512e-19 -0.996917333733128 -0.07845909572784474
    outer loop
      vertex 3.0999999999999996 40.196986550477796 -32.50295144064369
      vertex 9.1 40 -30
      vertex 3.0999999999999996 40 -30
    endloop
  endfacet
  facet normal 0 -0.996917333733128 0.07845909572784462
    outer loop
      vertex 3.0999999999999996 40 -30
      vertex 9.1 40 -30
      vertex 3.0999999999999996 40.196986550477796 -27.497048559356305
    endloop
  endfacet
  facet normal 0 -0.996917333733128 -0.07845909572784474
    outer loop
      vertex 3.0999999999999996 40.196986550477796 -32.50295144064369
      vertex 9.1 40.196986550477796 -32.50295144064369
      vertex 9.1 40 -30
    endloop
  endfacet
  facet normal -1 0 0
    outer loop
      vertex 3.0999999999999996 56 -46
      vertex 3.0999999999999996 60.94427190999916 -45.21690426072246
      vertex 3.0999999999999996 58.50295144064369 -45.803013449522204
    endloop
  endfacet
  facet normal -1 0 0
    outer loop
      vertex 3.0999999999999996 56 -46
      vertex 3.0999999999999996 65.40456403667957 -42.94427190999916
      vertex 3.0999999999999996 60.94427190999916 -45.21690426072246
    endloop
  endfacet
  facet normal -1 0 0
    outer loop
      vertex 3.0999999999999996 60.94427190999916 -45.21690426072246
      vertex 3.0999999999999996 65.40456403667957 -42.94427190999916
      vertex 3.0999999999999996 63.26384799583275 -44.256104387013885
    endloop
  endfacet
  facet normal -1 0 0
    outer loop
      vertex 3.0999999999999996 56 -46
      vertex 3.0999999999999996 71.21690426072246 -34.94427190999916
      vertex 3.0999999999999996 65.40456403667957 -42.94427190999916
    endloop
  endfacet
  facet normal -1 0 0
    outer loop
      vertex 3.0999999999999996 65.40456403667957 -42.94427190999916
      vertex 3.0999999999999996 68.94427190999916 -39.404564036679574
      vertex 3.0999999999999996 67.31370849898477 -41.31370849898476
    endloop
  endfacet
  facet normal -1 0 0
    outer loop
      vertex 3.0999999999999996 65.40456403667957 -42.94427190999916
      vertex 3.0999999999999996 71.21690426072246 -34.94427190999916
      vertex 3.0999999999999996 68.94427190999916 -39.404564036679574
    endloop
  endfacet
  facet normal 4.42801894314512e-19 0.07845909572784474 -0.996917333733128
    outer loop
      vertex 3.0999999999999996 56 -46
      vertex 3.0999999999999996 58.50295144064369 -45.803013449522204
      vertex 9.1 58.50295144064369 -45.803013449522204
    endloop
  endfacet
  facet normal 0 0.23344536385590503 -0.9723699203976767
    outer loop
      vertex 3.0999999999999996 58.50295144064369 -45.803013449522204
      vertex 3.0999999999999996 60.94427190999916 -45.21690426072246
      vertex 9.1 58.50295144064369 -45.803013449522204
    endloop
  endfacet
  facet normal -2.1680774621333464e-18 0.3826834323650907 -0.9238795325112864
    outer loop
      vertex 3.0999999999999996 60.94427190999916 -45.21690426072246
      vertex 3.0999999999999996 63.26384799583275 -44.256104387013885
      vertex 9.1 63.26384799583275 -44.256104387013885
    endloop
  endfacet
  facet normal 0 0.07845909572784474 -0.996917333733128
    outer loop
      vertex 3.0999999999999996 56 -46
      vertex 9.1 58.50295144064369 -45.803013449522204
      vertex 9.1 56 -46
    endloop
  endfacet
  facet normal 0 0.23344536385590503 -0.9723699203976767
    outer loop
      vertex 3.0999999999999996 60.94427190999916 -45.21690426072246
      vertex 9.1 60.94427190999916 -45.21690426072246
      vertex 9.1 58.50295144064369 -45.803013449522204
    endloop
  endfacet
  facet normal 0 0.3826834323650907 -0.9238795325112864
    outer loop
      vertex 3.0999999999999996 60.94427190999916 -45.21690426072246
      vertex 9.1 63.26384799583275 -44.256104387013885
      vertex 9.1 60.94427190999916 -45.21690426072246
    endloop
  endfacet
  facet normal 0 0.5224985647159477 -0.8526401643540931
    outer loop
      vertex 3.0999999999999996 63.26384799583275 -44.256104387013885
      vertex 3.0999999999999996 65.40456403667957 -42.94427190999916
      vertex 9.1 63.26384799583275 -44.256104387013885
    endloop
  endfacet
  facet normal -5.28936043476259e-18 0.6494480483301835 -0.760405965600031
    outer loop
      vertex 3.0999999999999996 65.40456403667957 -42.94427190999916
      vertex 3.0999999999999996 67.31370849898477 -41.31370849898476
      vertex 9.1 67.31370849898477 -41.31370849898476
    endloop
  endfacet
  facet normal 0 0.5224985647159477 -0.8526401643540931
    outer loop
      vertex 3.0999999999999996 65.40456403667957 -42.94427190999916
      vertex 9.1 65.40456403667957 -42.94427190999916
      vertex 9.1 63.26384799583275 -44.256104387013885
    endloop
  endfacet
  facet normal 0 0.6494480483301835 -0.760405965600031
    outer loop
      vertex 3.0999999999999996 65.40456403667957 -42.94427190999916
      vertex 9.1 67.31370849898477 -41.31370849898476
      vertex 9.1 65.40456403667957 -42.94427190999916
    endloop
  endfacet
  facet normal 0 0.7604059656000313 -0.6494480483301833
    outer loop
      vertex 3.0999999999999996 67.31370849898477 -41.31370849898476
      vertex 3.0999999999999996 68.94427190999916 -39.404564036679574
      vertex 9.1 67.31370849898477 -41.31370849898476
    endloop
  endfacet
  facet normal 0 0.8526401643540917 -0.5224985647159497
    outer loop
      vertex 3.0999999999999996 68.94427190999916 -39.404564036679574
      vertex 3.0999999999999996 70.25610438701389 -37.26384799583275
      vertex 9.1 68.94427190999916 -39.404564036679574
    endloop
  endfacet
  facet normal 0 0.7604059656000313 -0.6494480483301833
    outer loop
      vertex 3.0999999999999996 68.94427190999916 -39.404564036679574
      vertex 9.1 68.94427190999916 -39.404564036679574
      vertex 9.1 67.31370849898477 -41.31370849898476
    endloop
  endfacet
  facet normal 0 0.8526401643540917 -0.5224985647159497
    outer loop
      vertex 3.0999999999999996 70.25610438701389 -37.26384799583275
      vertex 9.1 70.25610438701389 -37.26384799583275
      vertex 9.1 68.94427190999916 -39.404564036679574
    endloop
  endfacet
  facet normal -1 0 0
    outer loop
      vertex 3.0999999999999996 56 -46
      vertex 3.0999999999999996 55.27361520041673 -31.42561043870139
      vertex 3.0999999999999996 55.505572809000085 -31.521690426072247
    endloop
  endfacet
  facet normal -1 0 0
    outer loop
      vertex 3.0999999999999996 56 -46
      vertex 3.0999999999999996 55.505572809000085 -31.521690426072247
      vertex 3.0999999999999996 55.74970485593563 -31.580301344952222
    endloop
  endfacet
  facet normal -1 0 0
    outer loop
      vertex 3.0999999999999996 56 -46
      vertex 3.0999999999999996 55.74970485593563 -31.580301344952222
      vertex 3.0999999999999996 56 -31.6
    endloop
  endfacet
  facet normal -1 0 0
    outer loop
      vertex 3.0999999999999996 56 -46
      vertex 3.0999999999999996 56 -31.6
      vertex 3.0999999999999996 56.25029514406437 -31.580301344952222
    endloop
  endfacet
  facet normal -1 0 0
    outer loop
      vertex 3.0999999999999996 56 -46
      vertex 3.0999999999999996 56.25029514406437 -31.580301344952222
      vertex 3.0999999999999996 56.494427190999915 -31.521690426072247
    endloop
  endfacet
  facet normal -1 0 0
    outer loop
      vertex 3.0999999999999996 56 -46
      vertex 3.0999999999999996 56.494427190999915 -31.521690426072247
      vertex 3.0999999999999996 56.72638479958327 -31.42561043870139
    endloop
  endfacet
  facet normal -1 0 0
    outer loop
      vertex 3.0999999999999996 56 -46
      vertex 3.0999999999999996 56.72638479958327 -31.42561043870139
      vertex 3.0999999999999996 56.94045640366796 -31.294427190999915
    endloop
  endfacet
  facet normal -1 0 0
    outer loop
      vertex 3.0999999999999996 56 -46
      vertex 3.0999999999999996 56.94045640366796 -31.294427190999915
      vertex 3.0999999999999996 57.131370849898474 -31.131370849898477
    endloop
  endfacet
  facet normal -1 0 0
    outer loop
      vertex 3.0999999999999996 56 -46
      vertex 3.0999999999999996 57.131370849898474 -31.131370849898477
      vertex 3.0999999999999996 57.29442719099992 -30.94045640366796
    endloop
  endfacet
  facet normal -1 0 0
    outer loop
      vertex 3.0999999999999996 56 -46
      vertex 3.0999999999999996 57.29442719099992 -30.94045640366796
      vertex 3.0999999999999996 57.42561043870139 -30.726384799583276
    endloop
  endfacet
  facet normal -1 0 0
    outer loop
      vertex 3.0999999999999996 56 -46
      vertex 3.0999999999999996 57.42561043870139 -30.726384799583276
      vertex 3.0999999999999996 57.52169042607225 -30.494427190999915
    endloop
  endfacet
  facet normal -1 0 0
    outer loop
      vertex 3.0999999999999996 56 -46
      vertex 3.0999999999999996 57.52169042607225 -30.494427190999915
      vertex 3.0999999999999996 57.58030134495222 -30.25029514406437
    endloop
  endfacet
  facet normal -1 0 0
    outer loop
      vertex 3.0999999999999996 56 -46
      vertex 3.0999999999999996 57.58030134495222 -30.25029514406437
      vertex 3.0999999999999996 66 -18
    endloop
  endfacet
  facet normal -1 0 0
    outer loop
      vertex 3.0999999999999996 68.94427190999916 -39.404564036679574
      vertex 3.0999999999999996 71.21690426072246 -34.94427190999916
      vertex 3.0999999999999996 70.25610438701389 -37.26384799583275
    endloop
  endfacet
  facet normal -1 0 0
    outer loop
      vertex 3.0999999999999996 56 -46
      vertex 3.0999999999999996 66 -18
      vertex 3.0999999999999996 71.21690426072246 -34.94427190999916
    endloop
  endfacet
  facet normal -5.505711908802974e-18 0.9238795325112874 -0.3826834323650883
    outer loop
      vertex 3.0999999999999996 70.25610438701389 -37.26384799583275
      vertex 3.0999999999999996 71.21690426072246 -34.94427190999916
      vertex 9.1 71.21690426072246 -34.94427190999916
    endloop
  endfacet
  facet normal 0 0.9238795325112874 -0.3826834323650883
    outer loop
      vertex 3.0999999999999996 70.25610438701389 -37.26384799583275
      vertex 9.1 71.21690426072246 -34.94427190999916
      vertex 9.1 70.25610438701389 -37.26384799583275
    endloop
  endfacet
  facet normal 1 0 0
    outer loop
      vertex 9.1 46.595435963320426 -42.94427190999916
      vertex 9.1 40.78309573927754 -34.94427190999916
      vertex 9.1 43.05572809000084 -39.404564036679574
    endloop
  endfacet
  facet normal 1 0 0
    outer loop
      vertex 9.1 46.595435963320426 -42.94427190999916
      vertex 9.1 43.05572809000084 -39.404564036679574
      vertex 9.1 44.68629150101524 -41.31370849898476
    endloop
  endfacet
  facet normal 1 0 0
    outer loop
      vertex 9.1 46.595435963320426 -42.94427190999916
      vertex 9.1 49.103457954579895 -41.06847205442074
      vertex 9.1 45.813160493211186 -40.186839506788814
    endloop
  endfacet
  facet normal 1 0 0
    outer loop
      vertex 9.1 46.595435963320426 -42.94427190999916
      vertex 9.1 45.813160493211186 -40.186839506788814
      vertex 9.1 40.78309573927754 -34.94427190999916
    endloop
  endfacet
  facet normal 1 0 0
    outer loop
      vertex 9.1 46.595435963320426 -42.94427190999916
      vertex 9.1 48.73615200416725 -44.256104387013885
      vertex 9.1 51.05572809000084 -45.21690426072246
    endloop
  endfacet
  facet normal 1 0 0
    outer loop
      vertex 9.1 46.595435963320426 -42.94427190999916
      vertex 9.1 51.05572809000084 -45.21690426072246
      vertex 9.1 53.49704855935631 -45.803013449522204
    endloop
  endfacet
  facet normal 1 0 0
    outer loop
      vertex 9.1 46.595435963320426 -42.94427190999916
      vertex 9.1 53.49704855935631 -45.803013449522204
      vertex 9.1 60.94427190999916 -45.21690426072246
    endloop
  endfacet
  facet normal 1 0 0
    outer loop
      vertex 9.1 46.595435963320426 -42.94427190999916
      vertex 9.1 60.94427190999916 -45.21690426072246
      vertex 9.1 49.103457954579895 -41.06847205442074
    endloop
  endfacet
  facet normal 1 0 0
    outer loop
      vertex 9.1 60.94427190999916 -45.21690426072246
      vertex 9.1 51.51212286831669 -38.659807140683945
      vertex 9.1 49.103457954579895 -41.06847205442074
    endloop
  endfacet
  facet normal 1 0 0
    outer loop
      vertex 9.1 60.94427190999916 -45.21690426072246
      vertex 9.1 50.63049032068477 -35.36950967931523
      vertex 9.1 51.51212286831669 -38.659807140683945
    endloop
  endfacet
  facet normal 1 0 0
    outer loop
      vertex 9.1 43.05572809000084 -39.404564036679574
      vertex 9.1 40.78309573927754 -34.94427190999916
      vertex 9.1 41.743895612986115 -37.26384799583275
    endloop
  endfacet
  facet normal 1 0 0
    outer loop
      vertex 9.1 40.78309573927754 -34.94427190999916
      vertex 9.1 45.813160493211186 -40.186839506788814
      vertex 9.1 44.93152794557926 -36.896542045420105
    endloop
  endfacet
  facet normal 1 0 0
    outer loop
      vertex 9.1 40.78309573927754 -34.94427190999916
      vertex 9.1 44.93152794557926 -36.896542045420105
      vertex 9.1 47.340192859316055 -34.48787713168331
    endloop
  endfacet
  facet normal 1 0 0
    outer loop
      vertex 9.1 40.78309573927754 -34.94427190999916
      vertex 9.1 40 -30
      vertex 9.1 40.196986550477796 -32.50295144064369
    endloop
  endfacet
  facet normal 1 0 0
    outer loop
      vertex 9.1 40.78309573927754 -34.94427190999916
      vertex 9.1 41.743895612986115 -22.736152004167252
      vertex 9.1 40 -30
    endloop
  endfacet
  facet normal 1 0 0
    outer loop
      vertex 9.1 40.78309573927754 -34.94427190999916
      vertex 9.1 47.340192859316055 -34.48787713168331
      vertex 9.1 41.743895612986115 -22.736152004167252
    endloop
  endfacet
  facet normal 1 0 0
    outer loop
      vertex 9.1 41.743895612986115 -22.736152004167252
      vertex 9.1 47.340192859316055 -34.48787713168331
      vertex 9.1 50.63049032068477 -35.36950967931523
    endloop
  endfacet
  facet normal 1 0 0
    outer loop
      vertex 9.1 60.94427190999916 -45.21690426072246
      vertex 9.1 41.743895612986115 -22.736152004167252
      vertex 9.1 50.63049032068477 -35.36950967931523
    endloop
  endfacet
  facet normal 1 0 0
    outer loop
      vertex 9.1 60.94427190999916 -45.21690426072246
      vertex 9.1 53.05 -31.703183294109397
      vertex 9.1 41.743895612986115 -22.736152004167252
    endloop
  endfacet
  facet normal 1 0 0
    outer loop
      vertex 9.1 53.49704855935631 -45.803013449522204
      vertex 9.1 56 -46
      vertex 9.1 58.50295144064369 -45.803013449522204
    endloop
  endfacet
  facet normal 1 0 0
    outer loop
      vertex 9.1 53.49704855935631 -45.803013449522204
      vertex 9.1 58.50295144064369 -45.803013449522204
      vertex 9.1 60.94427190999916 -45.21690426072246
    endloop
  endfacet
  facet normal 1 0 0
    outer loop
      vertex 9.1 60.94427190999916 -45.21690426072246
      vertex 9.1 63.26384799583275 -44.256104387013885
      vertex 9.1 67.31370849898477 -41.31370849898476
    endloop
  endfacet
  facet normal 1 0 0
    outer loop
      vertex 9.1 63.26384799583275 -44.256104387013885
      vertex 9.1 65.40456403667957 -42.94427190999916
      vertex 9.1 67.31370849898477 -41.31370849898476
    endloop
  endfacet
  facet normal 1 0 0
    outer loop
      vertex 9.1 60.94427190999916 -45.21690426072246
      vertex 9.1 67.31370849898477 -41.31370849898476
      vertex 9.1 71.21690426072246 -34.94427190999916
    endloop
  endfacet
  facet normal 1 0 0
    outer loop
      vertex 9.1 67.31370849898477 -41.31370849898476
      vertex 9.1 68.94427190999916 -39.404564036679574
      vertex 9.1 71.21690426072246 -34.94427190999916
    endloop
  endfacet
  facet normal 1 0 0
    outer loop
      vertex 9.1 60.94427190999916 -45.21690426072246
      vertex 9.1 56 -33.406366588218795
      vertex 9.1 53.05 -31.703183294109397
    endloop
  endfacet
  facet normal 1 0 0
    outer loop
      vertex 9.1 60.94427190999916 -45.21690426072246
      vertex 9.1 58.95 -31.703183294109397
      vertex 9.1 56 -33.406366588218795
    endloop
  endfacet
  facet normal 1 0 0
    outer loop
      vertex 9.1 60.94427190999916 -45.21690426072246
      vertex 9.1 66 -18
      vertex 9.1 58.95 -31.703183294109397
    endloop
  endfacet
  facet normal 1 0 0
    outer loop
      vertex 9.1 68.94427190999916 -39.404564036679574
      vertex 9.1 70.25610438701389 -37.26384799583275
      vertex 9.1 71.21690426072246 -34.94427190999916
    endloop
  endfacet
  facet normal 1 0 0
    outer loop
      vertex 9.1 60.94427190999916 -45.21690426072246
      vertex 9.1 71.21690426072246 -34.94427190999916
      vertex 9.1 72 -18
    endloop
  endfacet
  facet normal -1 0 0
    outer loop
      vertex 3.0999999999999996 40.196986550477796 -32.50295144064369
      vertex 3.0999999999999996 40.196986550477796 -27.497048559356305
      vertex 3.0999999999999996 40.78309573927754 -25.05572809000084
    endloop
  endfacet
  facet normal -1 0 0
    outer loop
      vertex 3.0999999999999996 40.196986550477796 -32.50295144064369
      vertex 3.0999999999999996 40.78309573927754 -25.05572809000084
      vertex 3.0999999999999996 43.05572809000084 -20.59543596332043
    endloop
  endfacet
  facet normal -1 0 0
    outer loop
      vertex 3.0999999999999996 40.196986550477796 -32.50295144064369
      vertex 3.0999999999999996 51.05572809000084 -14.783095739277544
      vertex 3.0999999999999996 46.92739821594806 -36.83771818938406
    endloop
  endfacet
  facet normal -1 0 0
    outer loop
      vertex 3.0999999999999996 40.78309573927754 -25.05572809000084
      vertex 3.0999999999999996 41.743895612986115 -22.736152004167252
      vertex 3.0999999999999996 43.05572809000084 -20.59543596332043
    endloop
  endfacet
  facet normal -1 0 0
    outer loop
      vertex 3.0999999999999996 40.196986550477796 -32.50295144064369
      vertex 3.0999999999999996 43.05572809000084 -20.59543596332043
      vertex 3.0999999999999996 51.05572809000084 -14.783095739277544
    endloop
  endfacet
  facet normal -1 0 0
    outer loop
      vertex 3.0999999999999996 51.05572809000084 -14.783095739277544
      vertex 3.0999999999999996 54.4 -30
      vertex 3.0999999999999996 54.41969865504778 -30.25029514406437
    endloop
  endfacet
  facet normal -1 0 0
    outer loop
      vertex 3.0999999999999996 51.05572809000084 -14.783095739277544
      vertex 3.0999999999999996 54.41969865504778 -29.74970485593563
      vertex 3.0999999999999996 54.4 -30
    endloop
  endfacet
  facet normal -1 0 0
    outer loop
      vertex 3.0999999999999996 51.05572809000084 -14.783095739277544
      vertex 3.0999999999999996 54.47830957392775 -29.505572809000085
      vertex 3.0999999999999996 54.41969865504778 -29.74970485593563
    endloop
  endfacet
  facet normal -1 0 0
    outer loop
      vertex 3.0999999999999996 51.05572809000084 -14.783095739277544
      vertex 3.0999999999999996 54.57438956129861 -29.273615200416724
      vertex 3.0999999999999996 54.47830957392775 -29.505572809000085
    endloop
  endfacet
  facet normal -1 0 0
    outer loop
      vertex 3.0999999999999996 51.05572809000084 -14.783095739277544
      vertex 3.0999999999999996 54.70557280900008 -29.05954359633204
      vertex 3.0999999999999996 54.57438956129861 -29.273615200416724
    endloop
  endfacet
  facet normal -1 0 0
    outer loop
      vertex 3.0999999999999996 51.05572809000084 -14.783095739277544
      vertex 3.0999999999999996 54.868629150101526 -28.868629150101523
      vertex 3.0999999999999996 54.70557280900008 -29.05954359633204
    endloop
  endfacet
  facet normal -1 0 0
    outer loop
      vertex 3.0999999999999996 51.05572809000084 -14.783095739277544
      vertex 3.0999999999999996 55.05954359633204 -28.705572809000085
      vertex 3.0999999999999996 54.868629150101526 -28.868629150101523
    endloop
  endfacet
  facet normal -1 0 0
    outer loop
      vertex 3.0999999999999996 51.05572809000084 -14.783095739277544
      vertex 3.0999999999999996 55.27361520041673 -28.57438956129861
      vertex 3.0999999999999996 55.05954359633204 -28.705572809000085
    endloop
  endfacet
  facet normal -1 0 0
    outer loop
      vertex 3.0999999999999996 51.05572809000084 -14.783095739277544
      vertex 3.0999999999999996 55.505572809000085 -28.478309573927753
      vertex 3.0999999999999996 55.27361520041673 -28.57438956129861
    endloop
  endfacet
  facet normal -1 0 0
    outer loop
      vertex 3.0999999999999996 51.05572809000084 -14.783095739277544
      vertex 3.0999999999999996 55.74970485593563 -28.419698655047778
      vertex 3.0999999999999996 55.505572809000085 -28.478309573927753
    endloop
  endfacet
  facet normal 5.9909431637905265e-18 -0.9723699203976766 0.2334453638559053
    outer loop
      vertex 3.0999999999999996 40.196986550477796 -27.497048559356305
      vertex 9.1 40.78309573927754 -25.05572809000084
      vertex 3.0999999999999996 40.78309573927754 -25.05572809000084
    endloop
  endfacet
  facet normal -1.0048840903014371e-18 -0.996917333733128 0.07845909572784462
    outer loop
      vertex 9.1 40 -30
      vertex 9.1 40.196986550477796 -27.497048559356305
      vertex 3.0999999999999996 40.196986550477796 -27.497048559356305
    endloop
  endfacet
  facet normal 0 -0.9723699203976766 0.2334453638559053
    outer loop
      vertex 3.0999999999999996 40.196986550477796 -27.497048559356305
      vertex 9.1 40.196986550477796 -27.497048559356305
      vertex 9.1 40.78309573927754 -25.05572809000084
    endloop
  endfacet
  facet normal -2.1680774621333464e-18 -0.9238795325112864 0.3826834323650907
    outer loop
      vertex 3.0999999999999996 40.78309573927754 -25.05572809000084
      vertex 9.1 41.743895612986115 -22.736152004167252
      vertex 3.0999999999999996 41.743895612986115 -22.736152004167252
    endloop
  endfacet
  facet normal 0 -0.8526401643540926 0.5224985647159482
    outer loop
      vertex 3.0999999999999996 41.743895612986115 -22.736152004167252
      vertex 9.1 41.743895612986115 -22.736152004167252
      vertex 3.0999999999999996 43.05572809000084 -20.59543596332043
    endloop
  endfacet
  facet normal 0 -0.9238795325112864 0.3826834323650907
    outer loop
      vertex 3.0999999999999996 40.78309573927754 -25.05572809000084
      vertex 9.1 40.78309573927754 -25.05572809000084
      vertex 9.1 41.743895612986115 -22.736152004167252
    endloop
  endfacet
  facet normal 0 -0.8526401643540926 0.5224985647159482
    outer loop
      vertex 3.0999999999999996 43.05572809000084 -20.59543596332043
      vertex 9.1 41.743895612986115 -22.736152004167252
      vertex 9.1 43.05572809000084 -20.59543596332043
    endloop
  endfacet
  facet normal -1 0 0
    outer loop
      vertex 3.0999999999999996 43.05572809000084 -20.59543596332043
      vertex 3.0999999999999996 44.68629150101524 -18.68629150101524
      vertex 3.0999999999999996 46.595435963320426 -17.05572809000084
    endloop
  endfacet
  facet normal -1 0 0
    outer loop
      vertex 3.0999999999999996 43.05572809000084 -20.59543596332043
      vertex 3.0999999999999996 46.595435963320426 -17.05572809000084
      vertex 3.0999999999999996 51.05572809000084 -14.783095739277544
    endloop
  endfacet
  facet normal -1 0 0
    outer loop
      vertex 3.0999999999999996 46.595435963320426 -17.05572809000084
      vertex 3.0999999999999996 48.73615200416725 -15.743895612986114
      vertex 3.0999999999999996 51.05572809000084 -14.783095739277544
    endloop
  endfacet
  facet normal 0 -0.7604059656000305 0.6494480483301842
    outer loop
      vertex 3.0999999999999996 43.05572809000084 -20.59543596332043
      vertex 9.1 43.05572809000084 -20.59543596332043
      vertex 3.0999999999999996 44.68629150101524 -18.68629150101524
    endloop
  endfacet
  facet normal 0 -0.6494480483301849 0.7604059656000298
    outer loop
      vertex 3.0999999999999996 44.68629150101524 -18.68629150101524
      vertex 9.1 44.68629150101524 -18.68629150101524
      vertex 3.0999999999999996 46.595435963320426 -17.05572809000084
    endloop
  endfacet
  facet normal 0 -0.7604059656000305 0.6494480483301842
    outer loop
      vertex 3.0999999999999996 44.68629150101524 -18.68629150101524
      vertex 9.1 43.05572809000084 -20.59543596332043
      vertex 9.1 44.68629150101524 -18.68629150101524
    endloop
  endfacet
  facet normal 0 -0.6494480483301849 0.7604059656000298
    outer loop
      vertex 3.0999999999999996 46.595435963320426 -17.05572809000084
      vertex 9.1 44.68629150101524 -18.68629150101524
      vertex 9.1 46.595435963320426 -17.05572809000084
    endloop
  endfacet
  facet normal 0 -0.5224985647159481 0.8526401643540927
    outer loop
      vertex 3.0999999999999996 46.595435963320426 -17.05572809000084
      vertex 9.1 46.595435963320426 -17.05572809000084
      vertex 9.1 48.73615200416725 -15.743895612986114
    endloop
  endfacet
  facet normal -1.127520912401242e-17 -0.5224985647159481 0.8526401643540927
    outer loop
      vertex 3.0999999999999996 46.595435963320426 -17.05572809000084
      vertex 9.1 48.73615200416725 -15.743895612986114
      vertex 3.0999999999999996 48.73615200416725 -15.743895612986114
    endloop
  endfacet
  facet normal 0 -0.3826834323650895 0.9238795325112868
    outer loop
      vertex 3.0999999999999996 48.73615200416725 -15.743895612986114
      vertex 9.1 48.73615200416725 -15.743895612986114
      vertex 3.0999999999999996 51.05572809000084 -14.783095739277544
    endloop
  endfacet
  facet normal 0 -0.2334453638559057 0.9723699203976766
    outer loop
      vertex 3.0999999999999996 51.05572809000084 -14.783095739277544
      vertex 9.1 51.05572809000084 -14.783095739277544
      vertex 3.0999999999999996 53.49704855935631 -14.196986550477796
    endloop
  endfacet
  facet normal 0 -0.3826834323650895 0.9238795325112868
    outer loop
      vertex 3.0999999999999996 51.05572809000084 -14.783095739277544
      vertex 9.1 48.73615200416725 -15.743895612986114
      vertex 9.1 51.05572809000084 -14.783095739277544
    endloop
  endfacet
  facet normal 0 -0.2334453638559057 0.9723699203976766
    outer loop
      vertex 3.0999999999999996 53.49704855935631 -14.196986550477796
      vertex 9.1 51.05572809000084 -14.783095739277544
      vertex 9.1 53.49704855935631 -14.196986550477796
    endloop
  endfacet
  facet normal -1 0 0
    outer loop
      vertex 3.0999999999999996 66 -18
      vertex 3.0999999999999996 56 -28.4
      vertex 3.0999999999999996 55.74970485593563 -28.419698655047778
    endloop
  endfacet
  facet normal -1 0 0
    outer loop
      vertex 3.0999999999999996 66 -18
      vertex 3.0999999999999996 57.58030134495222 -30.25029514406437
      vertex 3.0999999999999996 57.6 -30
    endloop
  endfacet
  facet normal -1 0 0
    outer loop
      vertex 3.0999999999999996 66 -18
      vertex 3.0999999999999996 57.6 -30
      vertex 3.0999999999999996 57.58030134495222 -29.74970485593563
    endloop
  endfacet
  facet normal -1 0 0
    outer loop
      vertex 3.0999999999999996 66 -18
      vertex 3.0999999999999996 57.52169042607225 -29.505572809000085
      vertex 3.0999999999999996 57.42561043870139 -29.273615200416724
    endloop
  endfacet
  facet normal -1 0 0
    outer loop
      vertex 3.0999999999999996 66 -18
      vertex 3.0999999999999996 57.42561043870139 -29.273615200416724
      vertex 3.0999999999999996 57.29442719099992 -29.05954359633204
    endloop
  endfacet
  facet normal -1 0 0
    outer loop
      vertex 3.0999999999999996 66 -18
      vertex 3.0999999999999996 57.29442719099992 -29.05954359633204
      vertex 3.0999999999999996 57.131370849898474 -28.868629150101523
    endloop
  endfacet
  facet normal -1 0 0
    outer loop
      vertex 3.0999999999999996 66 -18
      vertex 3.0999999999999996 56.72638479958327 -28.57438956129861
      vertex 3.0999999999999996 56.494427190999915 -28.478309573927753
    endloop
  endfacet
  facet normal -1 0 0
    outer loop
      vertex 3.0999999999999996 66 -18
      vertex 3.0999999999999996 56.25029514406437 -28.419698655047778
      vertex 3.0999999999999996 56 -28.4
    endloop
  endfacet
  facet normal -1 0 0
    outer loop
      vertex 3.0999999999999996 66 -18
      vertex 3.0999999999999996 56.494427190999915 -28.478309573927753
      vertex 3.0999999999999996 56.25029514406437 -28.419698655047778
    endloop
  endfacet
  facet normal -1 0 0
    outer loop
      vertex 3.0999999999999996 66 -18
      vertex 3.0999999999999996 57.131370849898474 -28.868629150101523
      vertex 3.0999999999999996 56.94045640366796 -28.705572809000085
    endloop
  endfacet
  facet normal -1 0 0
    outer loop
      vertex 3.0999999999999996 66 -18
      vertex 3.0999999999999996 56.94045640366796 -28.705572809000085
      vertex 3.0999999999999996 56.72638479958327 -28.57438956129861
    endloop
  endfacet
  facet normal -1 0 0
    outer loop
      vertex 3.0999999999999996 66 -18
      vertex 3.0999999999999996 57.58030134495222 -29.74970485593563
      vertex 3.0999999999999996 57.52169042607225 -29.505572809000085
    endloop
  endfacet
  facet normal -1 0 0
    outer loop
      vertex 3.0999999999999996 66 -18
      vertex 3.0999999999999996 72 -30
      vertex 3.0999999999999996 71.21690426072246 -34.94427190999916
    endloop
  endfacet
  facet normal -1 0 0
    outer loop
      vertex 3.0999999999999996 66 -18
      vertex 3.0999999999999996 72 -18
      vertex 3.0999999999999996 72 -30
    endloop
  endfacet
  facet normal -1 0 0
    outer loop
      vertex 3.0999999999999996 51.05572809000084 -14.783095739277544
      vertex 3.0999999999999996 66 -18
      vertex 3.0999999999999996 55.74970485593563 -28.419698655047778
    endloop
  endfacet
  facet normal -1 0 0
    outer loop
      vertex 3.0999999999999996 51.05572809000084 -14.783095739277544
      vertex 3.0999999999999996 53.49704855935631 -14.196986550477796
      vertex 3.0999999999999996 64 -12
    endloop
  endfacet
  facet normal -1 0 0
    outer loop
      vertex 3.0999999999999996 51.05572809000084 -14.783095739277544
      vertex 3.0999999999999996 66 -12
      vertex 3.0999999999999996 66 -18
    endloop
  endfacet
  facet normal -1 0 0
    outer loop
      vertex 3.0999999999999996 51.05572809000084 -14.783095739277544
      vertex 3.0999999999999996 64 -12
      vertex 3.0999999999999996 66 -12
    endloop
  endfacet
  facet normal 0 0 1
    outer loop
      vertex 3.0999999999999996 64 -12
      vertex 4.6 66 -12
      vertex 3.0999999999999996 66 -12
    endloop
  endfacet
  facet normal 1.9934674870387747e-17 -0.20474658373165586 0.9788150164613414
    outer loop
      vertex 3.0999999999999996 53.49704855935631 -14.196986550477796
      vertex 9.1 64 -12
      vertex 3.0999999999999996 64 -12
    endloop
  endfacet
  facet normal 0 -0.20474658373165586 0.9788150164613414
    outer loop
      vertex 3.0999999999999996 53.49704855935631 -14.196986550477796
      vertex 9.1 53.49704855935631 -14.196986550477796
      vertex 9.1 64 -12
    endloop
  endfacet
  facet normal 0 0 1
    outer loop
      vertex 3.0999999999999996 64 -12
      vertex 9.1 64 -12
      vertex 4.6 66 -12
    endloop
  endfacet
  facet normal 0 0 1
    outer loop
      vertex 4.6 66 -12
      vertex 9.1 64 -12
      vertex 9.1 66 -12
    endloop
  endfacet
  facet normal 1 0 0
    outer loop
      vertex 9.1 40 -30
      vertex 9.1 40.78309573927754 -25.05572809000084
      vertex 9.1 40.196986550477796 -27.497048559356305
    endloop
  endfacet
  facet normal 1 0 0
    outer loop
      vertex 9.1 40 -30
      vertex 9.1 41.743895612986115 -22.736152004167252
      vertex 9.1 40.78309573927754 -25.05572809000084
    endloop
  endfacet
  facet normal 1 0 0
    outer loop
      vertex 9.1 41.743895612986115 -22.736152004167252
      vertex 9.1 44.68629150101524 -18.68629150101524
      vertex 9.1 43.05572809000084 -20.59543596332043
    endloop
  endfacet
  facet normal 1 0 0
    outer loop
      vertex 9.1 41.743895612986115 -22.736152004167252
      vertex 9.1 53.05 -31.703183294109397
      vertex 9.1 53.05 -28.296816705890603
    endloop
  endfacet
  facet normal 1 0 0
    outer loop
      vertex 9.1 41.743895612986115 -22.736152004167252
      vertex 9.1 53.05 -28.296816705890603
      vertex 9.1 56 -26.59363341178121
    endloop
  endfacet
  facet normal 1 0 0
    outer loop
      vertex 9.1 41.743895612986115 -22.736152004167252
      vertex 9.1 56 -26.59363341178121
      vertex 9.1 66 -18
    endloop
  endfacet
  facet normal 1 0 0
    outer loop
      vertex 9.1 41.743895612986115 -22.736152004167252
      vertex 9.1 46.595435963320426 -17.05572809000084
      vertex 9.1 44.68629150101524 -18.68629150101524
    endloop
  endfacet
  facet normal 1 0 0
    outer loop
      vertex 9.1 41.743895612986115 -22.736152004167252
      vertex 9.1 51.05572809000084 -14.783095739277544
      vertex 9.1 46.595435963320426 -17.05572809000084
    endloop
  endfacet
  facet normal 1 0 0
    outer loop
      vertex 9.1 41.743895612986115 -22.736152004167252
      vertex 9.1 66 -18
      vertex 9.1 51.05572809000084 -14.783095739277544
    endloop
  endfacet
  facet normal 1 0 0
    outer loop
      vertex 9.1 46.595435963320426 -17.05572809000084
      vertex 9.1 51.05572809000084 -14.783095739277544
      vertex 9.1 48.73615200416725 -15.743895612986114
    endloop
  endfacet
  facet normal 1 0 0
    outer loop
      vertex 9.1 66 -18
      vertex 9.1 58.95 -28.296816705890603
      vertex 9.1 58.95 -31.703183294109397
    endloop
  endfacet
  facet normal 1 0 0
    outer loop
      vertex 9.1 66 -18
      vertex 9.1 56 -26.59363341178121
      vertex 9.1 58.95 -28.296816705890603
    endloop
  endfacet
  facet normal 1 0 0
    outer loop
      vertex 9.1 60.94427190999916 -45.21690426072246
      vertex 9.1 72 -18
      vertex 9.1 66 -18
    endloop
  endfacet
  facet normal 1 0 0
    outer loop
      vertex 9.1 51.05572809000084 -14.783095739277544
      vertex 9.1 64 -12
      vertex 9.1 53.49704855935631 -14.196986550477796
    endloop
  endfacet
  facet normal 1 0 0
    outer loop
      vertex 9.1 51.05572809000084 -14.783095739277544
      vertex 9.1 66 -18
      vertex 9.1 64 -12
    endloop
  endfacet
  facet normal 1 0 0
    outer loop
      vertex 9.1 66 -18
      vertex 9.1 66 -12
      vertex 9.1 64 -12
    endloop
  endfacet
  facet normal -1 0 0
    outer loop
      vertex 3.0999999999999996 71.21690426072246 -34.94427190999916
      vertex 3.0999999999999996 72 -30
      vertex 3.0999999999999996 71.80301344952221 -32.50295144064369
    endloop
  endfacet
  facet normal 0 0.972369920397676 -0.2334453638559077
    outer loop
      vertex 3.0999999999999996 71.21690426072246 -34.94427190999916
      vertex 3.0999999999999996 71.80301344952221 -32.50295144064369
      vertex 9.1 71.21690426072246 -34.94427190999916
    endloop
  endfacet
  facet normal 0 0.972369920397676 -0.2334453638559077
    outer loop
      vertex 3.0999999999999996 71.80301344952221 -32.50295144064369
      vertex 9.1 71.80301344952221 -32.50295144064369
      vertex 9.1 71.21690426072246 -34.94427190999916
    endloop
  endfacet
  facet normal -9.493279061644779e-19 0.9969173337331282 -0.07845909572784192
    outer loop
      vertex 3.0999999999999996 71.80301344952221 -32.50295144064369
      vertex 3.0999999999999996 72 -30
      vertex 9.1 72 -30
    endloop
  endfacet
  facet normal 0 0.9969173337331282 -0.07845909572784192
    outer loop
      vertex 3.0999999999999996 71.80301344952221 -32.50295144064369
      vertex 9.1 72 -30
      vertex 9.1 71.80301344952221 -32.50295144064369
    endloop
  endfacet
  facet normal 1 0 0
    outer loop
      vertex 9.1 71.21690426072246 -34.94427190999916
      vertex 9.1 71.80301344952221 -32.50295144064369
      vertex 9.1 72 -30
    endloop
  endfacet
  facet normal 0 1 0
    outer loop
      vertex 3.0999999999999996 72 -30
      vertex 3.0999999999999996 72 -18
      vertex 9.1 72 -30
    endloop
  endfacet
  facet normal 0 1 0
    outer loop
      vertex 9.1 72 -30
      vertex 3.0999999999999996 72 -18
      vertex 9.1 72 -18
    endloop
  endfacet
  facet normal 1 0 0
    outer loop
      vertex 9.1 71.21690426072246 -34.94427190999916
      vertex 9.1 72 -30
      vertex 9.1 72 -18
    endloop
  endfacet
  facet normal 0 -1 0
    outer loop
      vertex -17 66 -18
      vertex -9.1 66 -12
      vertex -17 66 -12
    endloop
  endfacet
  facet normal 0 0 -1
    outer loop
      vertex -17 66 -18
      vertex -9.1 72 -18
      vertex -9.1 66 -18
    endloop
  endfacet
  facet normal 0 -1 0
    outer loop
      vertex -17 66 -18
      vertex -9.1 66 -18
      vertex -9.1 66 -12
    endloop
  endfacet
  facet normal 0 0 -1
    outer loop
      vertex -3.0999999999999996 66 -18
      vertex -3.0999999999999996 72 -18
      vertex 3.0999999999999996 66 -18
    endloop
  endfacet
  facet normal 0 -1 0
    outer loop
      vertex -3.0999999999999996 66 -18
      vertex 3.0999999999999996 66 -12
      vertex -3.0999999999999996 66 -12
    endloop
  endfacet
  facet normal -1 0 0
    outer loop
      vertex -17 66 -18
      vertex -17 66 -12
      vertex -17 102 -12
    endloop
  endfacet
  facet normal 0 0 1
    outer loop
      vertex -17 66 -12
      vertex -9.1 66 -12
      vertex -17 102 -12
    endloop
  endfacet
  facet normal 0 0 1
    outer loop
      vertex -9.1 66 -12
      vertex -7.6 66 -12
      vertex -17 102 -12
    endloop
  endfacet
  facet normal 0 0 1
    outer loop
      vertex -7.6 66 -12
      vertex -3.0999999999999996 66 -12
      vertex -17 102 -12
    endloop
  endfacet
  facet normal 0 0 -1
    outer loop
      vertex -17 66 -18
      vertex -17 102 -18
      vertex -1.6 90 -18
    endloop
  endfacet
  facet normal -1 0 0
    outer loop
      vertex -17 66 -18
      vertex -17 102 -12
      vertex -17 102 -18
    endloop
  endfacet
  facet normal 0 0 -1
    outer loop
      vertex -9.1 72 -18
      vertex -1.1313708498984762 76.86862915010153 -18
      vertex -3.0999999999999996 72 -18
    endloop
  endfacet
  facet normal 0 0 1
    outer loop
      vertex -3.0999999999999996 66 -12
      vertex 3.0999999999999996 66 -12
      vertex -17 102 -12
    endloop
  endfacet
  facet normal 0 0 -1
    outer loop
      vertex -17 66 -18
      vertex -1.5216904260722457 89.50557280900009 -18
      vertex -1.4256104387013888 89.27361520041673 -18
    endloop
  endfacet
  facet normal 0 0 -1
    outer loop
      vertex -17 66 -18
      vertex -1.4256104387013888 89.27361520041673 -18
      vertex -1.294427190999916 89.05954359633205 -18
    endloop
  endfacet
  facet normal 0 0 -1
    outer loop
      vertex -17 66 -18
      vertex -1.294427190999916 89.05954359633205 -18
      vertex -1.1313708498984762 88.86862915010153 -18
    endloop
  endfacet
  facet normal 0 0 -1
    outer loop
      vertex -17 66 -18
      vertex -1.5803013449522205 89.74970485593563 -18
      vertex -1.5216904260722457 89.50557280900009 -18
    endloop
  endfacet
  facet normal 0 0 -1
    outer loop
      vertex -17 66 -18
      vertex -1.6 90 -18
      vertex -1.5803013449522205 89.74970485593563 -18
    endloop
  endfacet
  facet normal 0 0 -1
    outer loop
      vertex -17 66 -18
      vertex -0.940456403667957 88.70557280900009 -18
      vertex -0.726384799583275 88.57438956129862 -18
    endloop
  endfacet
  facet normal 0 0 -1
    outer loop
      vertex -17 66 -18
      vertex -1.1313708498984762 88.86862915010153 -18
      vertex -0.940456403667957 88.70557280900009 -18
    endloop
  endfacet
  facet normal 0 0 -1
    outer loop
      vertex -17 66 -18
      vertex -0.726384799583275 88.57438956129862 -18
      vertex -0.49442719099991583 88.47830957392776 -18
    endloop
  endfacet
  facet normal 0 0 -1
    outer loop
      vertex -17 66 -18
      vertex -0.49442719099991583 88.47830957392776 -18
      vertex -0.2502951440643694 88.41969865504778 -18
    endloop
  endfacet
  facet normal 0 0 -1
    outer loop
      vertex -17 66 -18
      vertex -0.2502951440643694 88.41969865504778 -18
      vertex 0 88.4 -18
    endloop
  endfacet
  facet normal 0 0 -1
    outer loop
      vertex -17 66 -18
      vertex 0 88.4 -18
      vertex 0.2502951440643694 88.41969865504778 -18
    endloop
  endfacet
  facet normal 0 0 -1
    outer loop
      vertex -17 66 -18
      vertex 0.2502951440643694 88.41969865504778 -18
      vertex 0.49442719099991583 88.47830957392776 -18
    endloop
  endfacet
  facet normal 0 0 -1
    outer loop
      vertex -17 66 -18
      vertex 0.49442719099991583 88.47830957392776 -18
      vertex 0.726384799583275 88.57438956129862 -18
    endloop
  endfacet
  facet normal 0 0 -1
    outer loop
      vertex -17 66 -18
      vertex 0.726384799583275 88.57438956129862 -18
      vertex 0.940456403667957 88.70557280900009 -18
    endloop
  endfacet
  facet normal 0 0 1
    outer loop
      vertex -17 102 -12
      vertex -1.294427190999916 77.05954359633205 -12
      vertex -1.4256104387013888 77.27361520041673 -12
    endloop
  endfacet
  facet normal 0 0 1
    outer loop
      vertex -17 102 -12
      vertex -1.4256104387013888 77.27361520041673 -12
      vertex -1.5216904260722457 77.50557280900009 -12
    endloop
  endfacet
  facet normal 0 0 1
    outer loop
      vertex -17 102 -12
      vertex -1.5216904260722457 77.50557280900009 -12
      vertex -1.5803013449522205 77.74970485593563 -12
    endloop
  endfacet
  facet normal 0 0 1
    outer loop
      vertex -17 102 -12
      vertex -1.5803013449522205 77.74970485593563 -12
      vertex -1.6 78 -12
    endloop
  endfacet
  facet normal 0 0 1
    outer loop
      vertex -17 102 -12
      vertex -1.6 78 -12
      vertex -1.5803013449522205 78.25029514406437 -12
    endloop
  endfacet
  facet normal 0 0 1
    outer loop
      vertex -17 102 -12
      vertex -1.5803013449522205 78.25029514406437 -12
      vertex -1.5216904260722457 78.49442719099991 -12
    endloop
  endfacet
  facet normal 0 0 1
    outer loop
      vertex -17 102 -12
      vertex -1.5216904260722457 78.49442719099991 -12
      vertex -1.4256104387013888 78.72638479958327 -12
    endloop
  endfacet
  facet normal 0 0 1
    outer loop
      vertex -17 102 -12
      vertex 4.6 66 -12
      vertex -1.294427190999916 77.05954359633205 -12
    endloop
  endfacet
  facet normal 0 0 -1
    outer loop
      vertex -9.1 72 -18
      vertex -1.5216904260722457 77.50557280900009 -18
      vertex -1.4256104387013888 77.27361520041673 -18
    endloop
  endfacet
  facet normal 0 0 -1
    outer loop
      vertex -9.1 72 -18
      vertex -1.5803013449522205 77.74970485593563 -18
      vertex -1.5216904260722457 77.50557280900009 -18
    endloop
  endfacet
  facet normal 0 0 -1
    outer loop
      vertex -9.1 72 -18
      vertex -1.294427190999916 77.05954359633205 -18
      vertex -1.1313708498984762 76.86862915010153 -18
    endloop
  endfacet
  facet normal 0 0 -1
    outer loop
      vertex -9.1 72 -18
      vertex -1.4256104387013888 77.27361520041673 -18
      vertex -1.294427190999916 77.05954359633205 -18
    endloop
  endfacet
  facet normal 0 0 -1
    outer loop
      vertex -9.1 72 -18
      vertex -1.6 78 -18
      vertex -1.5803013449522205 77.74970485593563 -18
    endloop
  endfacet
  facet normal 0 0 -1
    outer loop
      vertex -9.1 72 -18
      vertex -1.5803013449522205 78.25029514406437 -18
      vertex -1.6 78 -18
    endloop
  endfacet
  facet normal 0 0 -1
    outer loop
      vertex -9.1 72 -18
      vertex -1.5216904260722457 78.49442719099991 -18
      vertex -1.5803013449522205 78.25029514406437 -18
    endloop
  endfacet
  facet normal 0 0 -1
    outer loop
      vertex -9.1 72 -18
      vertex -1.4256104387013888 78.72638479958327 -18
      vertex -1.5216904260722457 78.49442719099991 -18
    endloop
  endfacet
  facet normal 0 0 -1
    outer loop
      vertex -9.1 72 -18
      vertex -1.294427190999916 78.94045640366795 -18
      vertex -1.4256104387013888 78.72638479958327 -18
    endloop
  endfacet
  facet normal 0 0 -1
    outer loop
      vertex -3.0999999999999996 72 -18
      vertex -1.1313708498984762 76.86862915010153 -18
      vertex -0.940456403667957 76.70557280900009 -18
    endloop
  endfacet
  facet normal 0 0 -1
    outer loop
      vertex -3.0999999999999996 72 -18
      vertex -0.940456403667957 76.70557280900009 -18
      vertex -0.726384799583275 76.57438956129862 -18
    endloop
  endfacet
  facet normal 0 0 -1
    outer loop
      vertex -3.0999999999999996 72 -18
      vertex -0.726384799583275 76.57438956129862 -18
      vertex -0.49442719099991583 76.47830957392776 -18
    endloop
  endfacet
  facet normal 0 0 -1
    outer loop
      vertex -3.0999999999999996 72 -18
      vertex -0.49442719099991583 76.47830957392776 -18
      vertex -0.2502951440643694 76.41969865504778 -18
    endloop
  endfacet
  facet normal 0 0 -1
    outer loop
      vertex -3.0999999999999996 72 -18
      vertex -0.2502951440643694 76.41969865504778 -18
      vertex 0 76.4 -18
    endloop
  endfacet
  facet normal 0 0 1
    outer loop
      vertex -17 102 -12
      vertex 3.0999999999999996 66 -12
      vertex 4.6 66 -12
    endloop
  endfacet
  facet normal 0 0 -1
    outer loop
      vertex -17 66 -18
      vertex 17 102 -18
      vertex -9.1 72 -18
    endloop
  endfacet
  facet normal 0 0 1
    outer loop
      vertex -17 102 -12
      vertex 17 66 -12
      vertex -0.940456403667957 88.70557280900009 -12
    endloop
  endfacet
  facet normal 0 0 -1
    outer loop
      vertex -17 102 -18
      vertex -1.5803013449522205 90.25029514406437 -18
      vertex -1.6 90 -18
    endloop
  endfacet
  facet normal 0 0 -1
    outer loop
      vertex -17 102 -18
      vertex -1.5216904260722457 90.49442719099991 -18
      vertex -1.5803013449522205 90.25029514406437 -18
    endloop
  endfacet
  facet normal 0 0 1
    outer loop
      vertex -17 102 -12
      vertex -1.4256104387013888 78.72638479958327 -12
      vertex -1.294427190999916 78.94045640366795 -12
    endloop
  endfacet
  facet normal 0 0 1
    outer loop
      vertex -17 102 -12
      vertex -1.294427190999916 78.94045640366795 -12
      vertex -1.1313708498984762 79.13137084989847 -12
    endloop
  endfacet
  facet normal 0 0 1
    outer loop
      vertex -17 102 -12
      vertex -1.4256104387013888 89.27361520041673 -12
      vertex -1.5216904260722457 89.50557280900009 -12
    endloop
  endfacet
  facet normal 0 0 1
    outer loop
      vertex -17 102 -12
      vertex -1.5216904260722457 89.50557280900009 -12
      vertex -1.5803013449522205 89.74970485593563 -12
    endloop
  endfacet
  facet normal 0 0 1
    outer loop
      vertex -17 102 -12
      vertex -1.5803013449522205 89.74970485593563 -12
      vertex -1.6 90 -12
    endloop
  endfacet
  facet normal 0 0 1
    outer loop
      vertex -17 102 -12
      vertex -1.6 90 -12
      vertex -1.5803013449522205 90.25029514406437 -12
    endloop
  endfacet
  facet normal 0 0 1
    outer loop
      vertex -17 102 -12
      vertex -1.5803013449522205 90.25029514406437 -12
      vertex -1.5216904260722457 90.49442719099991 -12
    endloop
  endfacet
  facet normal 0 0 1
    outer loop
      vertex -17 102 -12
      vertex -1.294427190999916 89.05954359633205 -12
      vertex -1.4256104387013888 89.27361520041673 -12
    endloop
  endfacet
  facet normal 0 0 1
    outer loop
      vertex -17 102 -12
      vertex -1.1313708498984762 88.86862915010153 -12
      vertex -1.294427190999916 89.05954359633205 -12
    endloop
  endfacet
  facet normal 0 0 1
    outer loop
      vertex -17 102 -12
      vertex -1.1313708498984762 79.13137084989847 -12
      vertex -0.940456403667957 79.29442719099991 -12
    endloop
  endfacet
  facet normal 0 0 1
    outer loop
      vertex -17 102 -12
      vertex -0.940456403667957 79.29442719099991 -12
      vertex -0.726384799583275 79.42561043870138 -12
    endloop
  endfacet
  facet normal 0 0 1
    outer loop
      vertex -17 102 -12
      vertex -0.726384799583275 79.42561043870138 -12
      vertex -0.49442719099991583 79.52169042607224 -12
    endloop
  endfacet
  facet normal 0 0 1
    outer loop
      vertex -17 102 -12
      vertex -0.49442719099991583 79.52169042607224 -12
      vertex -0.2502951440643694 79.58030134495222 -12
    endloop
  endfacet
  facet normal 0 0 1
    outer loop
      vertex -17 102 -12
      vertex -0.2502951440643694 79.58030134495222 -12
      vertex 0 79.6 -12
    endloop
  endfacet
  facet normal 0 0 1
    outer loop
      vertex -17 102 -12
      vertex 0 79.6 -12
      vertex 0.2502951440643694 79.58030134495222 -12
    endloop
  endfacet
  facet normal 0 0 1
    outer loop
      vertex -17 102 -12
      vertex 0.2502951440643694 79.58030134495222 -12
      vertex 0.49442719099991583 79.52169042607224 -12
    endloop
  endfacet
  facet normal 0 0 1
    outer loop
      vertex -17 102 -12
      vertex 0.49442719099991583 79.52169042607224 -12
      vertex 0.726384799583275 79.42561043870138 -12
    endloop
  endfacet
  facet normal 0 0 1
    outer loop
      vertex -17 102 -12
      vertex 0.726384799583275 79.42561043870138 -12
      vertex 0.940456403667957 79.29442719099991 -12
    endloop
  endfacet
  facet normal 0 0 1
    outer loop
      vertex -17 102 -12
      vertex -0.940456403667957 88.70557280900009 -12
      vertex -1.1313708498984762 88.86862915010153 -12
    endloop
  endfacet
  facet normal 0 0 -1
    outer loop
      vertex -17 102 -18
      vertex -1.4256104387013888 90.72638479958327 -18
      vertex -1.5216904260722457 90.49442719099991 -18
    endloop
  endfacet
  facet normal 0 0 -1
    outer loop
      vertex -17 102 -18
      vertex -1.294427190999916 90.94045640366795 -18
      vertex -1.4256104387013888 90.72638479958327 -18
    endloop
  endfacet
  facet normal 0 0 -1
    outer loop
      vertex -17 102 -18
      vertex -1.1313708498984762 91.13137084989847 -18
      vertex -1.294427190999916 90.94045640366795 -18
    endloop
  endfacet
  facet normal 0 0 -1
    outer loop
      vertex -17 102 -18
      vertex -0.940456403667957 91.29442719099991 -18
      vertex -1.1313708498984762 91.13137084989847 -18
    endloop
  endfacet
  facet normal 0 0 -1
    outer loop
      vertex -17 102 -18
      vertex -0.726384799583275 91.42561043870138 -18
      vertex -0.940456403667957 91.29442719099991 -18
    endloop
  endfacet
  facet normal 0 0 1
    outer loop
      vertex -17 102 -12
      vertex -1.5216904260722457 90.49442719099991 -12
      vertex -1.4256104387013888 90.72638479958327 -12
    endloop
  endfacet
  facet normal 0 0 1
    outer loop
      vertex -17 102 -12
      vertex -1.4256104387013888 90.72638479958327 -12
      vertex -1.294427190999916 90.94045640366795 -12
    endloop
  endfacet
  facet normal 0 0 1
    outer loop
      vertex -17 102 -12
      vertex -1.294427190999916 90.94045640366795 -12
      vertex -1.1313708498984762 91.13137084989847 -12
    endloop
  endfacet
  facet normal 0 0 1
    outer loop
      vertex -17 102 -12
      vertex -1.1313708498984762 91.13137084989847 -12
      vertex -0.940456403667957 91.29442719099991 -12
    endloop
  endfacet
  facet normal 0 0 1
    outer loop
      vertex -17 102 -12
      vertex -0.940456403667957 91.29442719099991 -12
      vertex -0.726384799583275 91.42561043870138 -12
    endloop
  endfacet
  facet normal 0 0 1
    outer loop
      vertex -17 102 -12
      vertex -0.726384799583275 91.42561043870138 -12
      vertex -0.49442719099991583 91.52169042607224 -12
    endloop
  endfacet
  facet normal 0 0 1
    outer loop
      vertex -17 102 -12
      vertex -0.49442719099991583 91.52169042607224 -12
      vertex -0.2502951440643694 91.58030134495222 -12
    endloop
  endfacet
  facet normal 0 0 1
    outer loop
      vertex -17 102 -12
      vertex -0.2502951440643694 91.58030134495222 -12
      vertex 0 91.6 -12
    endloop
  endfacet
  facet normal 0 0 1
    outer loop
      vertex -17 102 -12
      vertex 0 91.6 -12
      vertex 0.2502951440643694 91.58030134495222 -12
    endloop
  endfacet
  facet normal 0 0 1
    outer loop
      vertex -17 102 -12
      vertex 0.2502951440643694 91.58030134495222 -12
      vertex 0.49442719099991583 91.52169042607224 -12
    endloop
  endfacet
  facet normal 0 0 1
    outer loop
      vertex -17 102 -12
      vertex 0.49442719099991583 91.52169042607224 -12
      vertex 0.726384799583275 91.42561043870138 -12
    endloop
  endfacet
  facet normal 0 1 0
    outer loop
      vertex -17 102 -18
      vertex -17 102 -12
      vertex 17 102 -18
    endloop
  endfacet
  facet normal 0 0 -1
    outer loop
      vertex -17 102 -18
      vertex 17 102 -18
      vertex -0.726384799583275 91.42561043870138 -18
    endloop
  endfacet
  facet normal 0 0 -1
    outer loop
      vertex -3.0999999999999996 72 -18
      vertex 3.0999999999999996 72 -18
      vertex 3.0999999999999996 66 -18
    endloop
  endfacet
  facet normal 0 -1 0
    outer loop
      vertex -3.0999999999999996 66 -18
      vertex 3.0999999999999996 66 -18
      vertex 3.0999999999999996 66 -12
    endloop
  endfacet
  facet normal 0 0 1
    outer loop
      vertex 4.6 66 -12
      vertex 9.1 66 -12
      vertex 1.1313708498984762 76.86862915010153 -12
    endloop
  endfacet
  facet normal 0 0 -1
    outer loop
      vertex 9.1 66 -18
      vertex 9.1 72 -18
      vertex 17 66 -18
    endloop
  endfacet
  facet normal 0 0 1
    outer loop
      vertex 9.1 66 -12
      vertex 17 66 -12
      vertex 1.5216904260722457 77.50557280900009 -12
    endloop
  endfacet
  facet normal 0 -1 0
    outer loop
      vertex 9.1 66 -18
      vertex 17 66 -12
      vertex 9.1 66 -12
    endloop
  endfacet
  facet normal 0 -1 0
    outer loop
      vertex 9.1 66 -18
      vertex 17 66 -18
      vertex 17 66 -12
    endloop
  endfacet
  facet normal 0 0 -1
    outer loop
      vertex -3.0999999999999996 72 -18
      vertex 0 76.4 -18
      vertex 3.0999999999999996 72 -18
    endloop
  endfacet
  facet normal 0 0 -1
    outer loop
      vertex 3.0999999999999996 72 -18
      vertex 0 76.4 -18
      vertex 0.2502951440643694 76.41969865504778 -18
    endloop
  endfacet
  facet normal 0 0 -1
    outer loop
      vertex 3.0999999999999996 72 -18
      vertex 0.2502951440643694 76.41969865504778 -18
      vertex 0.49442719099991583 76.47830957392776 -18
    endloop
  endfacet
  facet normal 0 0 -1
    outer loop
      vertex 3.0999999999999996 72 -18
      vertex 0.49442719099991583 76.47830957392776 -18
      vertex 0.726384799583275 76.57438956129862 -18
    endloop
  endfacet
  facet normal 0 0 -1
    outer loop
      vertex 3.0999999999999996 72 -18
      vertex 0.726384799583275 76.57438956129862 -18
      vertex 0.940456403667957 76.70557280900009 -18
    endloop
  endfacet
  facet normal 0 0 -1
    outer loop
      vertex 3.0999999999999996 72 -18
      vertex 0.940456403667957 76.70557280900009 -18
      vertex 1.1313708498984762 76.86862915010153 -18
    endloop
  endfacet
  facet normal 0 0 -1
    outer loop
      vertex 3.0999999999999996 72 -18
      vertex 1.1313708498984762 76.86862915010153 -18
      vertex 1.294427190999916 77.05954359633205 -18
    endloop
  endfacet
  facet normal 0 0 1
    outer loop
      vertex 4.6 66 -12
      vertex -1.1313708498984762 76.86862915010153 -12
      vertex -1.294427190999916 77.05954359633205 -12
    endloop
  endfacet
  facet normal 0 0 1
    outer loop
      vertex 4.6 66 -12
      vertex -0.940456403667957 76.70557280900009 -12
      vertex -1.1313708498984762 76.86862915010153 -12
    endloop
  endfacet
  facet normal 0 0 1
    outer loop
      vertex 4.6 66 -12
      vertex -0.726384799583275 76.57438956129862 -12
      vertex -0.940456403667957 76.70557280900009 -12
    endloop
  endfacet
  facet normal 0 0 1
    outer loop
      vertex 4.6 66 -12
      vertex -0.49442719099991583 76.47830957392776 -12
      vertex -0.726384799583275 76.57438956129862 -12
    endloop
  endfacet
  facet normal 0 0 1
    outer loop
      vertex 4.6 66 -12
      vertex -0.2502951440643694 76.41969865504778 -12
      vertex -0.49442719099991583 76.47830957392776 -12
    endloop
  endfacet
  facet normal 0 0 1
    outer loop
      vertex 4.6 66 -12
      vertex 0 76.4 -12
      vertex -0.2502951440643694 76.41969865504778 -12
    endloop
  endfacet
  facet normal 0 0 1
    outer loop
      vertex 4.6 66 -12
      vertex 0.2502951440643694 76.41969865504778 -12
      vertex 0 76.4 -12
    endloop
  endfacet
  facet normal 0 0 1
    outer loop
      vertex 4.6 66 -12
      vertex 0.49442719099991583 76.47830957392776 -12
      vertex 0.2502951440643694 76.41969865504778 -12
    endloop
  endfacet
  facet normal 0 0 1
    outer loop
      vertex 4.6 66 -12
      vertex 0.726384799583275 76.57438956129862 -12
      vertex 0.49442719099991583 76.47830957392776 -12
    endloop
  endfacet
  facet normal 0 0 1
    outer loop
      vertex 4.6 66 -12
      vertex 0.940456403667957 76.70557280900009 -12
      vertex 0.726384799583275 76.57438956129862 -12
    endloop
  endfacet
  facet normal 0 0 1
    outer loop
      vertex 4.6 66 -12
      vertex 1.1313708498984762 76.86862915010153 -12
      vertex 0.940456403667957 76.70557280900009 -12
    endloop
  endfacet
  facet normal 0 0 1
    outer loop
      vertex 9.1 66 -12
      vertex 1.294427190999916 77.05954359633205 -12
      vertex 1.1313708498984762 76.86862915010153 -12
    endloop
  endfacet
  facet normal 0 0 1
    outer loop
      vertex 9.1 66 -12
      vertex 1.4256104387013888 77.27361520041673 -12
      vertex 1.294427190999916 77.05954359633205 -12
    endloop
  endfacet
  facet normal 0 0 1
    outer loop
      vertex 9.1 66 -12
      vertex 1.5216904260722457 77.50557280900009 -12
      vertex 1.4256104387013888 77.27361520041673 -12
    endloop
  endfacet
  facet normal 0 0 -1
    outer loop
      vertex -17 66 -18
      vertex 0.940456403667957 88.70557280900009 -18
      vertex 17 102 -18
    endloop
  endfacet
  facet normal 0 0 -1
    outer loop
      vertex -9.1 72 -18
      vertex 17 102 -18
      vertex -1.294427190999916 78.94045640366795 -18
    endloop
  endfacet
  facet normal 0 0 1
    outer loop
      vertex -17 102 -12
      vertex 0.940456403667957 79.29442719099991 -12
      vertex 17 66 -12
    endloop
  endfacet
  facet normal 0 0 1
    outer loop
      vertex 17 66 -12
      vertex 0.940456403667957 79.29442719099991 -12
      vertex 1.1313708498984762 79.13137084989847 -12
    endloop
  endfacet
  facet normal 0 0 1
    outer loop
      vertex 17 66 -12
      vertex 1.5803013449522205 77.74970485593563 -12
      vertex 1.5216904260722457 77.50557280900009 -12
    endloop
  endfacet
  facet normal 0 0 1
    outer loop
      vertex 17 66 -12
      vertex 1.1313708498984762 79.13137084989847 -12
      vertex 1.294427190999916 78.94045640366795 -12
    endloop
  endfacet
  facet normal 0 0 1
    outer loop
      vertex 17 66 -12
      vertex 1.294427190999916 78.94045640366795 -12
      vertex 1.4256104387013888 78.72638479958327 -12
    endloop
  endfacet
  facet normal 0 0 1
    outer loop
      vertex 17 66 -12
      vertex 1.6 78 -12
      vertex 1.5803013449522205 77.74970485593563 -12
    endloop
  endfacet
  facet normal 0 0 1
    outer loop
      vertex 17 66 -12
      vertex 1.5803013449522205 78.25029514406437 -12
      vertex 1.6 78 -12
    endloop
  endfacet
  facet normal 0 0 1
    outer loop
      vertex 17 66 -12
      vertex 1.5216904260722457 78.49442719099991 -12
      vertex 1.5803013449522205 78.25029514406437 -12
    endloop
  endfacet
  facet normal 0 0 1
    outer loop
      vertex 17 66 -12
      vertex 1.4256104387013888 78.72638479958327 -12
      vertex 1.5216904260722457 78.49442719099991 -12
    endloop
  endfacet
  facet normal 0 0 -1
    outer loop
      vertex 3.0999999999999996 72 -18
      vertex 1.294427190999916 77.05954359633205 -18
      vertex 17 102 -18
    endloop
  endfacet
  facet normal 0 0 -1
    outer loop
      vertex 17 102 -18
      vertex 1.294427190999916 77.05954359633205 -18
      vertex 1.4256104387013888 77.27361520041673 -18
    endloop
  endfacet
  facet normal 0 0 -1
    outer loop
      vertex 17 102 -18
      vertex 1.4256104387013888 77.27361520041673 -18
      vertex 1.5216904260722457 77.50557280900009 -18
    endloop
  endfacet
  facet normal 0 0 -1
    outer loop
      vertex 17 102 -18
      vertex 1.5216904260722457 77.50557280900009 -18
      vertex 1.5803013449522205 77.74970485593563 -18
    endloop
  endfacet
  facet normal 0 0 -1
    outer loop
      vertex 17 102 -18
      vertex 1.5803013449522205 77.74970485593563 -18
      vertex 1.6 78 -18
    endloop
  endfacet
  facet normal 0 0 -1
    outer loop
      vertex 17 102 -18
      vertex 1.5803013449522205 78.25029514406437 -18
      vertex 1.5216904260722457 78.49442719099991 -18
    endloop
  endfacet
  facet normal 0 0 -1
    outer loop
      vertex 17 102 -18
      vertex 1.6 78 -18
      vertex 1.5803013449522205 78.25029514406437 -18
    endloop
  endfacet
  facet normal 0 0 -1
    outer loop
      vertex 17 102 -18
      vertex 1.5216904260722457 78.49442719099991 -18
      vertex 1.4256104387013888 78.72638479958327 -18
    endloop
  endfacet
  facet normal 0 0 1
    outer loop
      vertex 17 66 -12
      vertex -0.726384799583275 88.57438956129862 -12
      vertex -0.940456403667957 88.70557280900009 -12
    endloop
  endfacet
  facet normal 0 0 1
    outer loop
      vertex 17 66 -12
      vertex -0.49442719099991583 88.47830957392776 -12
      vertex -0.726384799583275 88.57438956129862 -12
    endloop
  endfacet
  facet normal 0 0 1
    outer loop
      vertex 17 66 -12
      vertex -0.2502951440643694 88.41969865504778 -12
      vertex -0.49442719099991583 88.47830957392776 -12
    endloop
  endfacet
  facet normal 0 0 1
    outer loop
      vertex 17 66 -12
      vertex 0 88.4 -12
      vertex -0.2502951440643694 88.41969865504778 -12
    endloop
  endfacet
  facet normal 0 0 1
    outer loop
      vertex 17 66 -12
      vertex 0.2502951440643694 88.41969865504778 -12
      vertex 0 88.4 -12
    endloop
  endfacet
  facet normal 0 0 1
    outer loop
      vertex 17 66 -12
      vertex 0.49442719099991583 88.47830957392776 -12
      vertex 0.2502951440643694 88.41969865504778 -12
    endloop
  endfacet
  facet normal 0 0 1
    outer loop
      vertex 17 66 -12
      vertex 0.726384799583275 88.57438956129862 -12
      vertex 0.49442719099991583 88.47830957392776 -12
    endloop
  endfacet
  facet normal 0 0 1
    outer loop
      vertex 17 66 -12
      vertex 0.940456403667957 88.70557280900009 -12
      vertex 0.726384799583275 88.57438956129862 -12
    endloop
  endfacet
  facet normal 0 0 1
    outer loop
      vertex 17 66 -12
      vertex 1.1313708498984762 88.86862915010153 -12
      vertex 0.940456403667957 88.70557280900009 -12
    endloop
  endfacet
  facet normal 0 0 1
    outer loop
      vertex 17 66 -12
      vertex 1.294427190999916 89.05954359633205 -12
      vertex 1.1313708498984762 88.86862915010153 -12
    endloop
  endfacet
  facet normal 0 0 1
    outer loop
      vertex 17 66 -12
      vertex 1.4256104387013888 89.27361520041673 -12
      vertex 1.294427190999916 89.05954359633205 -12
    endloop
  endfacet
  facet normal 0 0 1
    outer loop
      vertex 17 66 -12
      vertex 1.5216904260722457 89.50557280900009 -12
      vertex 1.4256104387013888 89.27361520041673 -12
    endloop
  endfacet
  facet normal 0 0 1
    outer loop
      vertex 17 66 -12
      vertex 1.5803013449522205 89.74970485593563 -12
      vertex 1.5216904260722457 89.50557280900009 -12
    endloop
  endfacet
  facet normal 0 0 1
    outer loop
      vertex 17 66 -12
      vertex 1.6 90 -12
      vertex 1.5803013449522205 89.74970485593563 -12
    endloop
  endfacet
  facet normal 0 0 1
    outer loop
      vertex -17 102 -12
      vertex 0.726384799583275 91.42561043870138 -12
      vertex 17 102 -12
    endloop
  endfacet
  facet normal 0 0 -1
    outer loop
      vertex 17 102 -18
      vertex -1.1313708498984762 79.13137084989847 -18
      vertex -1.294427190999916 78.94045640366795 -18
    endloop
  endfacet
  facet normal 0 0 -1
    outer loop
      vertex 17 102 -18
      vertex -0.940456403667957 79.29442719099991 -18
      vertex -1.1313708498984762 79.13137084989847 -18
    endloop
  endfacet
  facet normal 0 0 -1
    outer loop
      vertex 17 102 -18
      vertex -0.726384799583275 79.42561043870138 -18
      vertex -0.940456403667957 79.29442719099991 -18
    endloop
  endfacet
  facet normal 0 0 -1
    outer loop
      vertex 17 102 -18
      vertex -0.49442719099991583 79.52169042607224 -18
      vertex -0.726384799583275 79.42561043870138 -18
    endloop
  endfacet
  facet normal 0 0 -1
    outer loop
      vertex 17 102 -18
      vertex -0.2502951440643694 79.58030134495222 -18
      vertex -0.49442719099991583 79.52169042607224 -18
    endloop
  endfacet
  facet normal 0 0 -1
    outer loop
      vertex 17 102 -18
      vertex 0 79.6 -18
      vertex -0.2502951440643694 79.58030134495222 -18
    endloop
  endfacet
  facet normal 0 0 -1
    outer loop
      vertex 17 102 -18
      vertex 0.2502951440643694 79.58030134495222 -18
      vertex 0 79.6 -18
    endloop
  endfacet
  facet normal 0 0 -1
    outer loop
      vertex 17 102 -18
      vertex 0.726384799583275 79.42561043870138 -18
      vertex 0.49442719099991583 79.52169042607224 -18
    endloop
  endfacet
  facet normal 0 0 -1
    outer loop
      vertex 17 102 -18
      vertex 0.49442719099991583 79.52169042607224 -18
      vertex 0.2502951440643694 79.58030134495222 -18
    endloop
  endfacet
  facet normal 0 0 -1
    outer loop
      vertex 17 102 -18
      vertex 0.940456403667957 79.29442719099991 -18
      vertex 0.726384799583275 79.42561043870138 -18
    endloop
  endfacet
  facet normal 0 0 -1
    outer loop
      vertex 17 102 -18
      vertex 1.1313708498984762 79.13137084989847 -18
      vertex 0.940456403667957 79.29442719099991 -18
    endloop
  endfacet
  facet normal 0 0 -1
    outer loop
      vertex 17 102 -18
      vertex 0.940456403667957 88.70557280900009 -18
      vertex 1.1313708498984762 88.86862915010153 -18
    endloop
  endfacet
  facet normal 0 0 -1
    outer loop
      vertex 17 102 -18
      vertex 1.294427190999916 78.94045640366795 -18
      vertex 1.1313708498984762 79.13137084989847 -18
    endloop
  endfacet
  facet normal 0 0 -1
    outer loop
      vertex 17 102 -18
      vertex 1.4256104387013888 78.72638479958327 -18
      vertex 1.294427190999916 78.94045640366795 -18
    endloop
  endfacet
  facet normal 0 0 -1
    outer loop
      vertex 17 102 -18
      vertex 1.1313708498984762 88.86862915010153 -18
      vertex 1.294427190999916 89.05954359633205 -18
    endloop
  endfacet
  facet normal 0 0 -1
    outer loop
      vertex 17 102 -18
      vertex 1.294427190999916 89.05954359633205 -18
      vertex 1.4256104387013888 89.27361520041673 -18
    endloop
  endfacet
  facet normal 0 0 -1
    outer loop
      vertex 17 102 -18
      vertex 1.4256104387013888 89.27361520041673 -18
      vertex 1.5216904260722457 89.50557280900009 -18
    endloop
  endfacet
  facet normal 0 0 -1
    outer loop
      vertex 17 102 -18
      vertex 1.5216904260722457 89.50557280900009 -18
      vertex 1.5803013449522205 89.74970485593563 -18
    endloop
  endfacet
  facet normal 0 0 -1
    outer loop
      vertex 17 102 -18
      vertex 1.5803013449522205 89.74970485593563 -18
      vertex 1.6 90 -18
    endloop
  endfacet
  facet normal 0 0 -1
    outer loop
      vertex 17 102 -18
      vertex 1.5803013449522205 90.25029514406437 -18
      vertex 1.5216904260722457 90.49442719099991 -18
    endloop
  endfacet
  facet normal 0 0 -1
    outer loop
      vertex 17 102 -18
      vertex 1.6 90 -18
      vertex 1.5803013449522205 90.25029514406437 -18
    endloop
  endfacet
  facet normal 0 0 1
    outer loop
      vertex 17 102 -12
      vertex 1.5216904260722457 90.49442719099991 -12
      vertex 1.5803013449522205 90.25029514406437 -12
    endloop
  endfacet
  facet normal 0 0 1
    outer loop
      vertex 17 102 -12
      vertex 1.5803013449522205 90.25029514406437 -12
      vertex 1.6 90 -12
    endloop
  endfacet
  facet normal 0 0 -1
    outer loop
      vertex 17 102 -18
      vertex -0.49442719099991583 91.52169042607224 -18
      vertex -0.726384799583275 91.42561043870138 -18
    endloop
  endfacet
  facet normal 0 0 -1
    outer loop
      vertex 17 102 -18
      vertex -0.2502951440643694 91.58030134495222 -18
      vertex -0.49442719099991583 91.52169042607224 -18
    endloop
  endfacet
  facet normal 0 0 -1
    outer loop
      vertex 17 102 -18
      vertex 0 91.6 -18
      vertex -0.2502951440643694 91.58030134495222 -18
    endloop
  endfacet
  facet normal 0 0 -1
    outer loop
      vertex 17 102 -18
      vertex 0.2502951440643694 91.58030134495222 -18
      vertex 0 91.6 -18
    endloop
  endfacet
  facet normal 0 0 -1
    outer loop
      vertex 17 102 -18
      vertex 0.49442719099991583 91.52169042607224 -18
      vertex 0.2502951440643694 91.58030134495222 -18
    endloop
  endfacet
  facet normal 0 0 -1
    outer loop
      vertex 17 102 -18
      vertex 0.726384799583275 91.42561043870138 -18
      vertex 0.49442719099991583 91.52169042607224 -18
    endloop
  endfacet
  facet normal 0 0 -1
    outer loop
      vertex 17 102 -18
      vertex 0.940456403667957 91.29442719099991 -18
      vertex 0.726384799583275 91.42561043870138 -18
    endloop
  endfacet
  facet normal 0 0 -1
    outer loop
      vertex 17 102 -18
      vertex 1.1313708498984762 91.13137084989847 -18
      vertex 0.940456403667957 91.29442719099991 -18
    endloop
  endfacet
  facet normal 0 0 -1
    outer loop
      vertex 17 102 -18
      vertex 1.294427190999916 90.94045640366795 -18
      vertex 1.1313708498984762 91.13137084989847 -18
    endloop
  endfacet
  facet normal 0 0 -1
    outer loop
      vertex 17 102 -18
      vertex 1.4256104387013888 90.72638479958327 -18
      vertex 1.294427190999916 90.94045640366795 -18
    endloop
  endfacet
  facet normal 0 0 -1
    outer loop
      vertex 17 102 -18
      vertex 1.5216904260722457 90.49442719099991 -18
      vertex 1.4256104387013888 90.72638479958327 -18
    endloop
  endfacet
  facet normal 0 0 1
    outer loop
      vertex 17 102 -12
      vertex 0.726384799583275 91.42561043870138 -12
      vertex 0.940456403667957 91.29442719099991 -12
    endloop
  endfacet
  facet normal 0 0 1
    outer loop
      vertex 17 102 -12
      vertex 0.940456403667957 91.29442719099991 -12
      vertex 1.1313708498984762 91.13137084989847 -12
    endloop
  endfacet
  facet normal 0 1 0
    outer loop
      vertex -17 102 -12
      vertex 17 102 -12
      vertex 17 102 -18
    endloop
  endfacet
  facet normal 0 0 1
    outer loop
      vertex 17 102 -12
      vertex 1.1313708498984762 91.13137084989847 -12
      vertex 1.294427190999916 90.94045640366795 -12
    endloop
  endfacet
  facet normal 0 0 1
    outer loop
      vertex 17 102 -12
      vertex 1.294427190999916 90.94045640366795 -12
      vertex 1.4256104387013888 90.72638479958327 -12
    endloop
  endfacet
  facet normal 0 0 1
    outer loop
      vertex 17 102 -12
      vertex 1.4256104387013888 90.72638479958327 -12
      vertex 1.5216904260722457 90.49442719099991 -12
    endloop
  endfacet
  facet normal 0 0 -1
    outer loop
      vertex 3.0999999999999996 72 -18
      vertex 17 102 -18
      vertex 9.1 72 -18
    endloop
  endfacet
  facet normal 0 0 1
    outer loop
      vertex 17 66 -12
      vertex 17 102 -12
      vertex 1.6 90 -12
    endloop
  endfacet
  facet normal 1 0 0
    outer loop
      vertex 17 66 -18
      vertex 17 102 -18
      vertex 17 66 -12
    endloop
  endfacet
  facet normal 0 0 -1
    outer loop
      vertex 17 66 -18
      vertex 9.1 72 -18
      vertex 17 102 -18
    endloop
  endfacet
  facet normal 1 0 0
    outer loop
      vertex 17 66 -12
      vertex 17 102 -18
      vertex 17 102 -12
    endloop
  endfacet
  facet normal 0.8526401643540896 0.5224985647159532 0
    outer loop
      vertex -1.4256104387013888 77.27361520041673 -12
      vertex -1.294427190999916 77.05954359633205 -18
      vertex -1.4256104387013888 77.27361520041673 -18
    endloop
  endfacet
  facet normal 0.9238795325112862 0.38268343236509106 0
    outer loop
      vertex -1.5216904260722457 77.50557280900009 -12
      vertex -1.4256104387013888 77.27361520041673 -18
      vertex -1.5216904260722457 77.50557280900009 -18
    endloop
  endfacet
  facet normal 0.9723699203976766 0.2334453638559052 0
    outer loop
      vertex -1.5803013449522205 77.74970485593563 -12
      vertex -1.5216904260722457 77.50557280900009 -18
      vertex -1.5803013449522205 77.74970485593563 -18
    endloop
  endfacet
  facet normal 0.7604059656000361 0.6494480483301777 0
    outer loop
      vertex -1.294427190999916 77.05954359633205 -12
      vertex -1.1313708498984762 76.86862915010153 -18
      vertex -1.294427190999916 77.05954359633205 -18
    endloop
  endfacet
  facet normal 0.6494480483301787 0.7604059656000351 0
    outer loop
      vertex -1.1313708498984762 76.86862915010153 -12
      vertex -0.940456403667957 76.70557280900009 -18
      vertex -1.1313708498984762 76.86862915010153 -18
    endloop
  endfacet
  facet normal 0.996917333733128 0.0784590957278454 0
    outer loop
      vertex -1.6 78 -12
      vertex -1.5803013449522205 77.74970485593563 -18
      vertex -1.6 78 -18
    endloop
  endfacet
  facet normal 0.996917333733128 -0.0784590957278454 0
    outer loop
      vertex -1.5803013449522205 78.25029514406437 -12
      vertex -1.6 78 -18
      vertex -1.5803013449522205 78.25029514406437 -18
    endloop
  endfacet
  facet normal 0.9723699203976766 -0.2334453638559052 0
    outer loop
      vertex -1.5216904260722457 78.49442719099991 -12
      vertex -1.5803013449522205 78.25029514406437 -18
      vertex -1.5216904260722457 78.49442719099991 -18
    endloop
  endfacet
  facet normal 0.9238795325112862 -0.38268343236509106 0
    outer loop
      vertex -1.4256104387013888 78.72638479958327 -12
      vertex -1.5216904260722457 78.49442719099991 -18
      vertex -1.4256104387013888 78.72638479958327 -18
    endloop
  endfacet
  facet normal 0.5224985647159465 0.8526401643540937 0
    outer loop
      vertex -0.940456403667957 76.70557280900009 -12
      vertex -0.726384799583275 76.57438956129862 -18
      vertex -0.940456403667957 76.70557280900009 -18
    endloop
  endfacet
  facet normal 0.38268343236508795 0.9238795325112875 0
    outer loop
      vertex -0.726384799583275 76.57438956129862 -12
      vertex -0.49442719099991583 76.47830957392776 -18
      vertex -0.726384799583275 76.57438956129862 -18
    endloop
  endfacet
  facet normal 0.23344536385591866 0.9723699203976733 0
    outer loop
      vertex -0.49442719099991583 76.47830957392776 -12
      vertex -0.2502951440643694 76.41969865504778 -18
      vertex -0.49442719099991583 76.47830957392776 -18
    endloop
  endfacet
  facet normal 0.0784590957278306 0.9969173337331292 -2.4601811592971515e-19
    outer loop
      vertex 0 76.4 -18
      vertex -0.2502951440643694 76.41969865504778 -18
      vertex -0.2502951440643694 76.41969865504778 -12
    endloop
  endfacet
  facet normal 0.8526401643540896 0.5224985647159532 -1.0251631356870005e-18
    outer loop
      vertex -1.4256104387013888 77.27361520041673 -12
      vertex -1.294427190999916 77.05954359633205 -12
      vertex -1.294427190999916 77.05954359633205 -18
    endloop
  endfacet
  facet normal 0.9723699203976766 0.2334453638559052 -4.83305836585924e-19
    outer loop
      vertex -1.5803013449522205 77.74970485593563 -12
      vertex -1.5216904260722457 77.50557280900009 -12
      vertex -1.5216904260722457 77.50557280900009 -18
    endloop
  endfacet
  facet normal 0.9238795325112862 0.38268343236509106 -3.95834537942696e-19
    outer loop
      vertex -1.5216904260722457 77.50557280900009 -12
      vertex -1.4256104387013888 77.27361520041673 -12
      vertex -1.4256104387013888 77.27361520041673 -18
    endloop
  endfacet
  facet normal 0.7604059656000361 0.6494480483301777 -3.449789881486255e-20
    outer loop
      vertex -1.294427190999916 77.05954359633205 -12
      vertex -1.1313708498984762 76.86862915010153 -12
      vertex -1.1313708498984762 76.86862915010153 -18
    endloop
  endfacet
  facet normal 0.996917333733128 0.0784590957278454 -2.4498827561260197e-19
    outer loop
      vertex -1.6 78 -12
      vertex -1.5803013449522205 77.74970485593563 -12
      vertex -1.5803013449522205 77.74970485593563 -18
    endloop
  endfacet
  facet normal 0.996917333733128 -0.0784590957278454 2.4498827561260197e-19
    outer loop
      vertex -1.5803013449522205 78.25029514406437 -12
      vertex -1.6 78 -12
      vertex -1.6 78 -18
    endloop
  endfacet
  facet normal 0.9723699203976766 -0.2334453638559052 4.83305836585924e-19
    outer loop
      vertex -1.5216904260722457 78.49442719099991 -12
      vertex -1.5803013449522205 78.25029514406437 -12
      vertex -1.5803013449522205 78.25029514406437 -18
    endloop
  endfacet
  facet normal 0.9238795325112862 -0.38268343236509106 3.95834537942696e-19
    outer loop
      vertex -1.4256104387013888 78.72638479958327 -12
      vertex -1.5216904260722457 78.49442719099991 -12
      vertex -1.5216904260722457 78.49442719099991 -18
    endloop
  endfacet
  facet normal 0.6494480483301787 0.7604059656000351 -8.875792042456876e-19
    outer loop
      vertex -1.1313708498984762 76.86862915010153 -12
      vertex -0.940456403667957 76.70557280900009 -12
      vertex -0.940456403667957 76.70557280900009 -18
    endloop
  endfacet
  facet normal 0.5224985647159465 0.8526401643540937 4.653860381827445e-19
    outer loop
      vertex -0.940456403667957 76.70557280900009 -12
      vertex -0.726384799583275 76.57438956129862 -12
      vertex -0.726384799583275 76.57438956129862 -18
    endloop
  endfacet
  facet normal 0.38268343236508795 0.9238795325112875 -1.0248314857513249e-18
    outer loop
      vertex -0.726384799583275 76.57438956129862 -12
      vertex -0.49442719099991583 76.47830957392776 -12
      vertex -0.49442719099991583 76.47830957392776 -18
    endloop
  endfacet
  facet normal 0.23344536385591866 0.9723699203976733 5.552939735797989e-19
    outer loop
      vertex -0.49442719099991583 76.47830957392776 -12
      vertex -0.2502951440643694 76.41969865504778 -12
      vertex -0.2502951440643694 76.41969865504778 -18
    endloop
  endfacet
  facet normal 0.0784590957278306 0.9969173337331292 -2.4601811592971515e-19
    outer loop
      vertex -0.2502951440643694 76.41969865504778 -12
      vertex 0 76.4 -12
      vertex 0 76.4 -18
    endloop
  endfacet
  facet normal 0.8526401643540896 -0.5224985647159532 0
    outer loop
      vertex -1.294427190999916 78.94045640366795 -12
      vertex -1.4256104387013888 78.72638479958327 -18
      vertex -1.294427190999916 78.94045640366795 -18
    endloop
  endfacet
  facet normal 0.7604059656000361 -0.6494480483301777 0
    outer loop
      vertex -1.1313708498984762 79.13137084989847 -12
      vertex -1.294427190999916 78.94045640366795 -18
      vertex -1.1313708498984762 79.13137084989847 -18
    endloop
  endfacet
  facet normal 0.6494480483301787 -0.7604059656000351 0
    outer loop
      vertex -0.940456403667957 79.29442719099991 -12
      vertex -1.1313708498984762 79.13137084989847 -18
      vertex -0.940456403667957 79.29442719099991 -18
    endloop
  endfacet
  facet normal 0.5224985647159465 -0.8526401643540937 0
    outer loop
      vertex -0.726384799583275 79.42561043870138 -12
      vertex -0.940456403667957 79.29442719099991 -18
      vertex -0.726384799583275 79.42561043870138 -18
    endloop
  endfacet
  facet normal 0.38268343236508795 -0.9238795325112875 0
    outer loop
      vertex -0.49442719099991583 79.52169042607224 -12
      vertex -0.726384799583275 79.42561043870138 -18
      vertex -0.49442719099991583 79.52169042607224 -18
    endloop
  endfacet
  facet normal 0.23344536385591866 -0.9723699203976733 0
    outer loop
      vertex -0.2502951440643694 79.58030134495222 -12
      vertex -0.49442719099991583 79.52169042607224 -18
      vertex -0.2502951440643694 79.58030134495222 -18
    endloop
  endfacet
  facet normal 0.0784590957278306 -0.9969173337331292 0
    outer loop
      vertex 0 79.6 -12
      vertex -0.2502951440643694 79.58030134495222 -18
      vertex 0 79.6 -18
    endloop
  endfacet
  facet normal 0.8526401643540896 -0.5224985647159532 1.0251631356870005e-18
    outer loop
      vertex -1.294427190999916 78.94045640366795 -12
      vertex -1.4256104387013888 78.72638479958327 -12
      vertex -1.4256104387013888 78.72638479958327 -18
    endloop
  endfacet
  facet normal 0.7604059656000361 -0.6494480483301777 3.449789881486255e-20
    outer loop
      vertex -1.1313708498984762 79.13137084989847 -12
      vertex -1.294427190999916 78.94045640366795 -12
      vertex -1.294427190999916 78.94045640366795 -18
    endloop
  endfacet
  facet normal 0.6494480483301787 -0.7604059656000351 8.875792042456876e-19
    outer loop
      vertex -0.940456403667957 79.29442719099991 -12
      vertex -1.1313708498984762 79.13137084989847 -12
      vertex -1.1313708498984762 79.13137084989847 -18
    endloop
  endfacet
  facet normal 0.5224985647159465 -0.8526401643540937 -4.653860381827445e-19
    outer loop
      vertex -0.726384799583275 79.42561043870138 -12
      vertex -0.940456403667957 79.29442719099991 -12
      vertex -0.940456403667957 79.29442719099991 -18
    endloop
  endfacet
  facet normal 0.38268343236508795 -0.9238795325112875 1.0248314857513249e-18
    outer loop
      vertex -0.49442719099991583 79.52169042607224 -12
      vertex -0.726384799583275 79.42561043870138 -12
      vertex -0.726384799583275 79.42561043870138 -18
    endloop
  endfacet
  facet normal 0.23344536385591866 -0.9723699203976733 -5.552939735797989e-19
    outer loop
      vertex -0.2502951440643694 79.58030134495222 -12
      vertex -0.49442719099991583 79.52169042607224 -12
      vertex -0.49442719099991583 79.52169042607224 -18
    endloop
  endfacet
  facet normal 0.0784590957278306 -0.9969173337331292 2.4601811592971515e-19
    outer loop
      vertex 0 79.6 -12
      vertex -0.2502951440643694 79.58030134495222 -12
      vertex -0.2502951440643694 79.58030134495222 -18
    endloop
  endfacet
  facet normal -0.0784590957278306 0.9969173337331292 0
    outer loop
      vertex 0 76.4 -12
      vertex 0.2502951440643694 76.41969865504778 -18
      vertex 0 76.4 -18
    endloop
  endfacet
  facet normal -0.23344536385591866 0.9723699203976733 0
    outer loop
      vertex 0.2502951440643694 76.41969865504778 -12
      vertex 0.49442719099991583 76.47830957392776 -18
      vertex 0.2502951440643694 76.41969865504778 -18
    endloop
  endfacet
  facet normal -0.38268343236508795 0.9238795325112875 0
    outer loop
      vertex 0.49442719099991583 76.47830957392776 -12
      vertex 0.726384799583275 76.57438956129862 -18
      vertex 0.49442719099991583 76.47830957392776 -18
    endloop
  endfacet
  facet normal -0.5224985647159465 0.8526401643540937 0
    outer loop
      vertex 0.726384799583275 76.57438956129862 -12
      vertex 0.940456403667957 76.70557280900009 -18
      vertex 0.726384799583275 76.57438956129862 -18
    endloop
  endfacet
  facet normal -0.6494480483301787 0.7604059656000351 0
    outer loop
      vertex 0.940456403667957 76.70557280900009 -12
      vertex 1.1313708498984762 76.86862915010153 -18
      vertex 0.940456403667957 76.70557280900009 -18
    endloop
  endfacet
  facet normal -0.7604059656000361 0.6494480483301777 0
    outer loop
      vertex 1.1313708498984762 76.86862915010153 -12
      vertex 1.294427190999916 77.05954359633205 -18
      vertex 1.1313708498984762 76.86862915010153 -18
    endloop
  endfacet
  facet normal -0.8526401643540896 0.5224985647159532 0
    outer loop
      vertex 1.294427190999916 77.05954359633205 -12
      vertex 1.4256104387013888 77.27361520041673 -18
      vertex 1.294427190999916 77.05954359633205 -18
    endloop
  endfacet
  facet normal -0.9238795325112862 0.38268343236509106 0
    outer loop
      vertex 1.4256104387013888 77.27361520041673 -12
      vertex 1.5216904260722457 77.50557280900009 -18
      vertex 1.4256104387013888 77.27361520041673 -18
    endloop
  endfacet
  facet normal -0.9723699203976766 0.2334453638559052 0
    outer loop
      vertex 1.5216904260722457 77.50557280900009 -12
      vertex 1.5803013449522205 77.74970485593563 -18
      vertex 1.5216904260722457 77.50557280900009 -18
    endloop
  endfacet
  facet normal -0.996917333733128 0.0784590957278454 0
    outer loop
      vertex 1.5803013449522205 77.74970485593563 -12
      vertex 1.6 78 -18
      vertex 1.5803013449522205 77.74970485593563 -18
    endloop
  endfacet
  facet normal -0.996917333733128 -0.0784590957278454 0
    outer loop
      vertex 1.6 78 -12
      vertex 1.5803013449522205 78.25029514406437 -18
      vertex 1.6 78 -18
    endloop
  endfacet
  facet normal -0.9723699203976766 -0.2334453638559052 0
    outer loop
      vertex 1.5803013449522205 78.25029514406437 -12
      vertex 1.5216904260722457 78.49442719099991 -18
      vertex 1.5803013449522205 78.25029514406437 -18
    endloop
  endfacet
  facet normal -0.9238795325112862 -0.38268343236509106 0
    outer loop
      vertex 1.5216904260722457 78.49442719099991 -12
      vertex 1.4256104387013888 78.72638479958327 -18
      vertex 1.5216904260722457 78.49442719099991 -18
    endloop
  endfacet
  facet normal -0.0784590957278306 0.9969173337331292 2.4601811592971515e-19
    outer loop
      vertex 0 76.4 -12
      vertex 0.2502951440643694 76.41969865504778 -12
      vertex 0.2502951440643694 76.41969865504778 -18
    endloop
  endfacet
  facet normal -0.23344536385591866 0.9723699203976733 -5.552939735797989e-19
    outer loop
      vertex 0.2502951440643694 76.41969865504778 -12
      vertex 0.49442719099991583 76.47830957392776 -12
      vertex 0.49442719099991583 76.47830957392776 -18
    endloop
  endfacet
  facet normal -0.38268343236508795 0.9238795325112875 1.0248314857513249e-18
    outer loop
      vertex 0.49442719099991583 76.47830957392776 -12
      vertex 0.726384799583275 76.57438956129862 -12
      vertex 0.726384799583275 76.57438956129862 -18
    endloop
  endfacet
  facet normal -0.5224985647159465 0.8526401643540937 -4.653860381827445e-19
    outer loop
      vertex 0.726384799583275 76.57438956129862 -12
      vertex 0.940456403667957 76.70557280900009 -12
      vertex 0.940456403667957 76.70557280900009 -18
    endloop
  endfacet
  facet normal -0.6494480483301787 0.7604059656000351 8.875792042456876e-19
    outer loop
      vertex 0.940456403667957 76.70557280900009 -12
      vertex 1.1313708498984762 76.86862915010153 -12
      vertex 1.1313708498984762 76.86862915010153 -18
    endloop
  endfacet
  facet normal -0.7604059656000361 0.6494480483301777 3.449789881486255e-20
    outer loop
      vertex 1.1313708498984762 76.86862915010153 -12
      vertex 1.294427190999916 77.05954359633205 -12
      vertex 1.294427190999916 77.05954359633205 -18
    endloop
  endfacet
  facet normal -0.8526401643540896 0.5224985647159532 1.0251631356870005e-18
    outer loop
      vertex 1.294427190999916 77.05954359633205 -12
      vertex 1.4256104387013888 77.27361520041673 -12
      vertex 1.4256104387013888 77.27361520041673 -18
    endloop
  endfacet
  facet normal -0.9238795325112862 0.38268343236509106 3.95834537942696e-19
    outer loop
      vertex 1.4256104387013888 77.27361520041673 -12
      vertex 1.5216904260722457 77.50557280900009 -12
      vertex 1.5216904260722457 77.50557280900009 -18
    endloop
  endfacet
  facet normal -0.9723699203976766 0.2334453638559052 4.83305836585924e-19
    outer loop
      vertex 1.5216904260722457 77.50557280900009 -12
      vertex 1.5803013449522205 77.74970485593563 -12
      vertex 1.5803013449522205 77.74970485593563 -18
    endloop
  endfacet
  facet normal -0.996917333733128 0.0784590957278454 2.4498827561260197e-19
    outer loop
      vertex 1.5803013449522205 77.74970485593563 -12
      vertex 1.6 78 -12
      vertex 1.6 78 -18
    endloop
  endfacet
  facet normal -0.996917333733128 -0.0784590957278454 -2.4498827561260197e-19
    outer loop
      vertex 1.6 78 -12
      vertex 1.5803013449522205 78.25029514406437 -12
      vertex 1.5803013449522205 78.25029514406437 -18
    endloop
  endfacet
  facet normal -0.9238795325112862 -0.38268343236509106 -3.95834537942696e-19
    outer loop
      vertex 1.5216904260722457 78.49442719099991 -12
      vertex 1.4256104387013888 78.72638479958327 -12
      vertex 1.4256104387013888 78.72638479958327 -18
    endloop
  endfacet
  facet normal -0.9723699203976766 -0.2334453638559052 -4.83305836585924e-19
    outer loop
      vertex 1.5803013449522205 78.25029514406437 -12
      vertex 1.5216904260722457 78.49442719099991 -12
      vertex 1.5216904260722457 78.49442719099991 -18
    endloop
  endfacet
  facet normal -0.0784590957278306 -0.9969173337331292 0
    outer loop
      vertex 0.2502951440643694 79.58030134495222 -12
      vertex 0 79.6 -18
      vertex 0.2502951440643694 79.58030134495222 -18
    endloop
  endfacet
  facet normal -0.23344536385591866 -0.9723699203976733 0
    outer loop
      vertex 0.49442719099991583 79.52169042607224 -12
      vertex 0.2502951440643694 79.58030134495222 -18
      vertex 0.49442719099991583 79.52169042607224 -18
    endloop
  endfacet
  facet normal -0.38268343236508795 -0.9238795325112875 0
    outer loop
      vertex 0.726384799583275 79.42561043870138 -12
      vertex 0.49442719099991583 79.52169042607224 -18
      vertex 0.726384799583275 79.42561043870138 -18
    endloop
  endfacet
  facet normal -0.5224985647159465 -0.8526401643540937 0
    outer loop
      vertex 0.940456403667957 79.29442719099991 -12
      vertex 0.726384799583275 79.42561043870138 -18
      vertex 0.940456403667957 79.29442719099991 -18
    endloop
  endfacet
  facet normal -0.6494480483301787 -0.7604059656000351 0
    outer loop
      vertex 1.1313708498984762 79.13137084989847 -12
      vertex 0.940456403667957 79.29442719099991 -18
      vertex 1.1313708498984762 79.13137084989847 -18
    endloop
  endfacet
  facet normal -0.7604059656000361 -0.6494480483301777 0
    outer loop
      vertex 1.294427190999916 78.94045640366795 -12
      vertex 1.1313708498984762 79.13137084989847 -18
      vertex 1.294427190999916 78.94045640366795 -18
    endloop
  endfacet
  facet normal -0.8526401643540896 -0.5224985647159532 -1.0251631356870005e-18
    outer loop
      vertex 1.294427190999916 78.94045640366795 -18
      vertex 1.4256104387013888 78.72638479958327 -18
      vertex 1.4256104387013888 78.72638479958327 -12
    endloop
  endfacet
  facet normal -0.0784590957278306 -0.9969173337331292 -2.4601811592971515e-19
    outer loop
      vertex 0.2502951440643694 79.58030134495222 -12
      vertex 0 79.6 -12
      vertex 0 79.6 -18
    endloop
  endfacet
  facet normal -0.23344536385591866 -0.9723699203976733 5.552939735797989e-19
    outer loop
      vertex 0.49442719099991583 79.52169042607224 -12
      vertex 0.2502951440643694 79.58030134495222 -12
      vertex 0.2502951440643694 79.58030134495222 -18
    endloop
  endfacet
  facet normal -0.38268343236508795 -0.9238795325112875 -1.0248314857513249e-18
    outer loop
      vertex 0.726384799583275 79.42561043870138 -12
      vertex 0.49442719099991583 79.52169042607224 -12
      vertex 0.49442719099991583 79.52169042607224 -18
    endloop
  endfacet
  facet normal -0.5224985647159465 -0.8526401643540937 4.653860381827445e-19
    outer loop
      vertex 0.940456403667957 79.29442719099991 -12
      vertex 0.726384799583275 79.42561043870138 -12
      vertex 0.726384799583275 79.42561043870138 -18
    endloop
  endfacet
  facet normal -0.6494480483301787 -0.7604059656000351 -8.875792042456876e-19
    outer loop
      vertex 1.1313708498984762 79.13137084989847 -12
      vertex 0.940456403667957 79.29442719099991 -12
      vertex 0.940456403667957 79.29442719099991 -18
    endloop
  endfacet
  facet normal -0.7604059656000361 -0.6494480483301777 -3.449789881486255e-20
    outer loop
      vertex 1.294427190999916 78.94045640366795 -12
      vertex 1.1313708498984762 79.13137084989847 -12
      vertex 1.1313708498984762 79.13137084989847 -18
    endloop
  endfacet
  facet normal -0.8526401643540896 -0.5224985647159532 -1.0251631356870005e-18
    outer loop
      vertex 1.4256104387013888 78.72638479958327 -12
      vertex 1.294427190999916 78.94045640366795 -12
      vertex 1.294427190999916 78.94045640366795 -18
    endloop
  endfacet
  facet normal 0.8526401643540896 0.5224985647159532 -1.0251631356870005e-18
    outer loop
      vertex -1.294427190999916 89.05954359633205 -18
      vertex -1.4256104387013888 89.27361520041673 -18
      vertex -1.4256104387013888 89.27361520041673 -12
    endloop
  endfacet
  facet normal 0.6494480483301787 0.7604059656000351 -8.875792042456876e-19
    outer loop
      vertex -0.940456403667957 88.70557280900009 -18
      vertex -1.1313708498984762 88.86862915010153 -18
      vertex -1.1313708498984762 88.86862915010153 -12
    endloop
  endfacet
  facet normal 0.7604059656000361 0.6494480483301777 -3.449789881486255e-20
    outer loop
      vertex -1.1313708498984762 88.86862915010153 -18
      vertex -1.294427190999916 89.05954359633205 -18
      vertex -1.294427190999916 89.05954359633205 -12
    endloop
  endfacet
  facet normal 0.9238795325112862 0.38268343236509106 -3.95834537942696e-19
    outer loop
      vertex -1.4256104387013888 89.27361520041673 -18
      vertex -1.5216904260722457 89.50557280900009 -18
      vertex -1.5216904260722457 89.50557280900009 -12
    endloop
  endfacet
  facet normal 0.9723699203976766 0.2334453638559052 -4.83305836585924e-19
    outer loop
      vertex -1.5216904260722457 89.50557280900009 -18
      vertex -1.5803013449522205 89.74970485593563 -18
      vertex -1.5803013449522205 89.74970485593563 -12
    endloop
  endfacet
  facet normal 0.996917333733128 0.0784590957278454 -2.4498827561260197e-19
    outer loop
      vertex -1.5803013449522205 89.74970485593563 -18
      vertex -1.6 90 -18
      vertex -1.6 90 -12
    endloop
  endfacet
  facet normal 0.996917333733128 -0.0784590957278454 2.4498827561260197e-19
    outer loop
      vertex -1.6 90 -18
      vertex -1.5803013449522205 90.25029514406437 -18
      vertex -1.5803013449522205 90.25029514406437 -12
    endloop
  endfacet
  facet normal 0.0784590957278306 0.9969173337331292 -2.4601811592971515e-19
    outer loop
      vertex 0 88.4 -18
      vertex -0.2502951440643694 88.41969865504778 -18
      vertex -0.2502951440643694 88.41969865504778 -12
    endloop
  endfacet
  facet normal 0.5224985647159465 0.8526401643540937 4.653860381827445e-19
    outer loop
      vertex -0.726384799583275 88.57438956129862 -18
      vertex -0.940456403667957 88.70557280900009 -18
      vertex -0.940456403667957 88.70557280900009 -12
    endloop
  endfacet
  facet normal 0.38268343236508795 0.9238795325112875 -1.0248314857513249e-18
    outer loop
      vertex -0.49442719099991583 88.47830957392776 -18
      vertex -0.726384799583275 88.57438956129862 -18
      vertex -0.726384799583275 88.57438956129862 -12
    endloop
  endfacet
  facet normal 0.23344536385591866 0.9723699203976733 5.552939735797989e-19
    outer loop
      vertex -0.2502951440643694 88.41969865504778 -18
      vertex -0.49442719099991583 88.47830957392776 -18
      vertex -0.49442719099991583 88.47830957392776 -12
    endloop
  endfacet
  facet normal 0.8526401643540896 0.5224985647159532 0
    outer loop
      vertex -1.294427190999916 89.05954359633205 -18
      vertex -1.4256104387013888 89.27361520041673 -12
      vertex -1.294427190999916 89.05954359633205 -12
    endloop
  endfacet
  facet normal 0.9238795325112862 0.38268343236509106 0
    outer loop
      vertex -1.4256104387013888 89.27361520041673 -18
      vertex -1.5216904260722457 89.50557280900009 -12
      vertex -1.4256104387013888 89.27361520041673 -12
    endloop
  endfacet
  facet normal 0.7604059656000361 0.6494480483301777 0
    outer loop
      vertex -1.1313708498984762 88.86862915010153 -18
      vertex -1.294427190999916 89.05954359633205 -12
      vertex -1.1313708498984762 88.86862915010153 -12
    endloop
  endfacet
  facet normal 0.9723699203976766 0.2334453638559052 0
    outer loop
      vertex -1.5216904260722457 89.50557280900009 -18
      vertex -1.5803013449522205 89.74970485593563 -12
      vertex -1.5216904260722457 89.50557280900009 -12
    endloop
  endfacet
  facet normal 0.996917333733128 0.0784590957278454 0
    outer loop
      vertex -1.5803013449522205 89.74970485593563 -18
      vertex -1.6 90 -12
      vertex -1.5803013449522205 89.74970485593563 -12
    endloop
  endfacet
  facet normal 0.996917333733128 -0.0784590957278454 0
    outer loop
      vertex -1.6 90 -18
      vertex -1.5803013449522205 90.25029514406437 -12
      vertex -1.6 90 -12
    endloop
  endfacet
  facet normal 0.9723699203976766 -0.2334453638559052 0
    outer loop
      vertex -1.5803013449522205 90.25029514406437 -18
      vertex -1.5216904260722457 90.49442719099991 -12
      vertex -1.5803013449522205 90.25029514406437 -12
    endloop
  endfacet
  facet normal 0.0784590957278306 0.9969173337331292 0
    outer loop
      vertex 0 88.4 -18
      vertex -0.2502951440643694 88.41969865504778 -12
      vertex 0 88.4 -12
    endloop
  endfacet
  facet normal 0.6494480483301787 0.7604059656000351 0
    outer loop
      vertex -0.940456403667957 88.70557280900009 -18
      vertex -1.1313708498984762 88.86862915010153 -12
      vertex -0.940456403667957 88.70557280900009 -12
    endloop
  endfacet
  facet normal 0.5224985647159465 0.8526401643540937 0
    outer loop
      vertex -0.726384799583275 88.57438956129862 -18
      vertex -0.940456403667957 88.70557280900009 -12
      vertex -0.726384799583275 88.57438956129862 -12
    endloop
  endfacet
  facet normal 0.38268343236508795 0.9238795325112875 0
    outer loop
      vertex -0.49442719099991583 88.47830957392776 -18
      vertex -0.726384799583275 88.57438956129862 -12
      vertex -0.49442719099991583 88.47830957392776 -12
    endloop
  endfacet
  facet normal 0.23344536385591866 0.9723699203976733 0
    outer loop
      vertex -0.2502951440643694 88.41969865504778 -18
      vertex -0.49442719099991583 88.47830957392776 -12
      vertex -0.2502951440643694 88.41969865504778 -12
    endloop
  endfacet
  facet normal 0.9723699203976766 -0.2334453638559052 4.83305836585924e-19
    outer loop
      vertex -1.5803013449522205 90.25029514406437 -18
      vertex -1.5216904260722457 90.49442719099991 -18
      vertex -1.5216904260722457 90.49442719099991 -12
    endloop
  endfacet
  facet normal 0.9238795325112862 -0.38268343236509106 3.95834537942696e-19
    outer loop
      vertex -1.5216904260722457 90.49442719099991 -18
      vertex -1.4256104387013888 90.72638479958327 -18
      vertex -1.4256104387013888 90.72638479958327 -12
    endloop
  endfacet
  facet normal 0.8526401643540896 -0.5224985647159532 1.0251631356870005e-18
    outer loop
      vertex -1.4256104387013888 90.72638479958327 -18
      vertex -1.294427190999916 90.94045640366795 -18
      vertex -1.294427190999916 90.94045640366795 -12
    endloop
  endfacet
  facet normal 0.7604059656000361 -0.6494480483301777 3.449789881486255e-20
    outer loop
      vertex -1.294427190999916 90.94045640366795 -18
      vertex -1.1313708498984762 91.13137084989847 -18
      vertex -1.1313708498984762 91.13137084989847 -12
    endloop
  endfacet
  facet normal 0.6494480483301787 -0.7604059656000351 8.875792042456876e-19
    outer loop
      vertex -1.1313708498984762 91.13137084989847 -18
      vertex -0.940456403667957 91.29442719099991 -18
      vertex -0.940456403667957 91.29442719099991 -12
    endloop
  endfacet
  facet normal 0.5224985647159465 -0.8526401643540937 -4.653860381827445e-19
    outer loop
      vertex -0.940456403667957 91.29442719099991 -18
      vertex -0.726384799583275 91.42561043870138 -18
      vertex -0.726384799583275 91.42561043870138 -12
    endloop
  endfacet
  facet normal 0.38268343236508795 -0.9238795325112875 1.0248314857513249e-18
    outer loop
      vertex -0.726384799583275 91.42561043870138 -18
      vertex -0.49442719099991583 91.52169042607224 -18
      vertex -0.49442719099991583 91.52169042607224 -12
    endloop
  endfacet
  facet normal 0.23344536385591866 -0.9723699203976733 -5.552939735797989e-19
    outer loop
      vertex -0.49442719099991583 91.52169042607224 -18
      vertex -0.2502951440643694 91.58030134495222 -18
      vertex -0.2502951440643694 91.58030134495222 -12
    endloop
  endfacet
  facet normal 0.0784590957278306 -0.9969173337331292 2.4601811592971515e-19
    outer loop
      vertex -0.2502951440643694 91.58030134495222 -18
      vertex 0 91.6 -18
      vertex 0 91.6 -12
    endloop
  endfacet
  facet normal 0.9238795325112862 -0.38268343236509106 0
    outer loop
      vertex -1.5216904260722457 90.49442719099991 -18
      vertex -1.4256104387013888 90.72638479958327 -12
      vertex -1.5216904260722457 90.49442719099991 -12
    endloop
  endfacet
  facet normal 0.8526401643540896 -0.5224985647159532 0
    outer loop
      vertex -1.4256104387013888 90.72638479958327 -18
      vertex -1.294427190999916 90.94045640366795 -12
      vertex -1.4256104387013888 90.72638479958327 -12
    endloop
  endfacet
  facet normal 0.7604059656000361 -0.6494480483301777 0
    outer loop
      vertex -1.294427190999916 90.94045640366795 -18
      vertex -1.1313708498984762 91.13137084989847 -12
      vertex -1.294427190999916 90.94045640366795 -12
    endloop
  endfacet
  facet normal 0.6494480483301787 -0.7604059656000351 0
    outer loop
      vertex -1.1313708498984762 91.13137084989847 -18
      vertex -0.940456403667957 91.29442719099991 -12
      vertex -1.1313708498984762 91.13137084989847 -12
    endloop
  endfacet
  facet normal 0.5224985647159465 -0.8526401643540937 0
    outer loop
      vertex -0.940456403667957 91.29442719099991 -18
      vertex -0.726384799583275 91.42561043870138 -12
      vertex -0.940456403667957 91.29442719099991 -12
    endloop
  endfacet
  facet normal 0.38268343236508795 -0.9238795325112875 0
    outer loop
      vertex -0.726384799583275 91.42561043870138 -18
      vertex -0.49442719099991583 91.52169042607224 -12
      vertex -0.726384799583275 91.42561043870138 -12
    endloop
  endfacet
  facet normal 0.23344536385591866 -0.9723699203976733 0
    outer loop
      vertex -0.49442719099991583 91.52169042607224 -18
      vertex -0.2502951440643694 91.58030134495222 -12
      vertex -0.49442719099991583 91.52169042607224 -12
    endloop
  endfacet
  facet normal 0.0784590957278306 -0.9969173337331292 0
    outer loop
      vertex -0.2502951440643694 91.58030134495222 -18
      vertex 0 91.6 -12
      vertex -0.2502951440643694 91.58030134495222 -12
    endloop
  endfacet
  facet normal -0.0784590957278306 0.9969173337331292 2.4601811592971515e-19
    outer loop
      vertex 0.2502951440643694 88.41969865504778 -18
      vertex 0 88.4 -18
      vertex 0 88.4 -12
    endloop
  endfacet
  facet normal -0.23344536385591866 0.9723699203976733 -5.552939735797989e-19
    outer loop
      vertex 0.49442719099991583 88.47830957392776 -18
      vertex 0.2502951440643694 88.41969865504778 -18
      vertex 0.2502951440643694 88.41969865504778 -12
    endloop
  endfacet
  facet normal -0.38268343236508795 0.9238795325112875 1.0248314857513249e-18
    outer loop
      vertex 0.726384799583275 88.57438956129862 -18
      vertex 0.49442719099991583 88.47830957392776 -18
      vertex 0.49442719099991583 88.47830957392776 -12
    endloop
  endfacet
  facet normal -0.5224985647159465 0.8526401643540937 -4.653860381827445e-19
    outer loop
      vertex 0.940456403667957 88.70557280900009 -18
      vertex 0.726384799583275 88.57438956129862 -18
      vertex 0.726384799583275 88.57438956129862 -12
    endloop
  endfacet
  facet normal -0.6494480483301787 0.7604059656000351 8.875792042456876e-19
    outer loop
      vertex 1.1313708498984762 88.86862915010153 -18
      vertex 0.940456403667957 88.70557280900009 -18
      vertex 0.940456403667957 88.70557280900009 -12
    endloop
  endfacet
  facet normal -0.7604059656000361 0.6494480483301777 3.449789881486255e-20
    outer loop
      vertex 1.294427190999916 89.05954359633205 -18
      vertex 1.1313708498984762 88.86862915010153 -18
      vertex 1.1313708498984762 88.86862915010153 -12
    endloop
  endfacet
  facet normal -0.8526401643540896 0.5224985647159532 1.0251631356870005e-18
    outer loop
      vertex 1.4256104387013888 89.27361520041673 -18
      vertex 1.294427190999916 89.05954359633205 -18
      vertex 1.294427190999916 89.05954359633205 -12
    endloop
  endfacet
  facet normal -0.9238795325112862 0.38268343236509106 3.95834537942696e-19
    outer loop
      vertex 1.5216904260722457 89.50557280900009 -18
      vertex 1.4256104387013888 89.27361520041673 -18
      vertex 1.4256104387013888 89.27361520041673 -12
    endloop
  endfacet
  facet normal -0.9723699203976766 0.2334453638559052 4.83305836585924e-19
    outer loop
      vertex 1.5803013449522205 89.74970485593563 -18
      vertex 1.5216904260722457 89.50557280900009 -18
      vertex 1.5216904260722457 89.50557280900009 -12
    endloop
  endfacet
  facet normal -0.996917333733128 0.0784590957278454 2.4498827561260197e-19
    outer loop
      vertex 1.6 90 -18
      vertex 1.5803013449522205 89.74970485593563 -18
      vertex 1.5803013449522205 89.74970485593563 -12
    endloop
  endfacet
  facet normal -0.996917333733128 -0.0784590957278454 -2.4498827561260197e-19
    outer loop
      vertex 1.5803013449522205 90.25029514406437 -18
      vertex 1.6 90 -18
      vertex 1.6 90 -12
    endloop
  endfacet
  facet normal -0.9723699203976766 -0.2334453638559052 -4.83305836585924e-19
    outer loop
      vertex 1.5216904260722457 90.49442719099991 -18
      vertex 1.5803013449522205 90.25029514406437 -18
      vertex 1.5803013449522205 90.25029514406437 -12
    endloop
  endfacet
  facet normal -0.0784590957278306 0.9969173337331292 0
    outer loop
      vertex 0.2502951440643694 88.41969865504778 -18
      vertex 0 88.4 -12
      vertex 0.2502951440643694 88.41969865504778 -12
    endloop
  endfacet
  facet normal -0.23344536385591866 0.9723699203976733 0
    outer loop
      vertex 0.49442719099991583 88.47830957392776 -18
      vertex 0.2502951440643694 88.41969865504778 -12
      vertex 0.49442719099991583 88.47830957392776 -12
    endloop
  endfacet
  facet normal -0.38268343236508795 0.9238795325112875 0
    outer loop
      vertex 0.726384799583275 88.57438956129862 -18
      vertex 0.49442719099991583 88.47830957392776 -12
      vertex 0.726384799583275 88.57438956129862 -12
    endloop
  endfacet
  facet normal -0.5224985647159465 0.8526401643540937 0
    outer loop
      vertex 0.940456403667957 88.70557280900009 -18
      vertex 0.726384799583275 88.57438956129862 -12
      vertex 0.940456403667957 88.70557280900009 -12
    endloop
  endfacet
  facet normal -0.6494480483301787 0.7604059656000351 0
    outer loop
      vertex 1.1313708498984762 88.86862915010153 -18
      vertex 0.940456403667957 88.70557280900009 -12
      vertex 1.1313708498984762 88.86862915010153 -12
    endloop
  endfacet
  facet normal -0.7604059656000361 0.6494480483301777 0
    outer loop
      vertex 1.294427190999916 89.05954359633205 -18
      vertex 1.1313708498984762 88.86862915010153 -12
      vertex 1.294427190999916 89.05954359633205 -12
    endloop
  endfacet
  facet normal -0.8526401643540896 0.5224985647159532 0
    outer loop
      vertex 1.4256104387013888 89.27361520041673 -18
      vertex 1.294427190999916 89.05954359633205 -12
      vertex 1.4256104387013888 89.27361520041673 -12
    endloop
  endfacet
  facet normal -0.9238795325112862 0.38268343236509106 0
    outer loop
      vertex 1.5216904260722457 89.50557280900009 -18
      vertex 1.4256104387013888 89.27361520041673 -12
      vertex 1.5216904260722457 89.50557280900009 -12
    endloop
  endfacet
  facet normal -0.9723699203976766 0.2334453638559052 0
    outer loop
      vertex 1.5803013449522205 89.74970485593563 -18
      vertex 1.5216904260722457 89.50557280900009 -12
      vertex 1.5803013449522205 89.74970485593563 -12
    endloop
  endfacet
  facet normal -0.996917333733128 0.0784590957278454 0
    outer loop
      vertex 1.6 90 -18
      vertex 1.5803013449522205 89.74970485593563 -12
      vertex 1.6 90 -12
    endloop
  endfacet
  facet normal -0.996917333733128 -0.0784590957278454 0
    outer loop
      vertex 1.5803013449522205 90.25029514406437 -18
      vertex 1.6 90 -12
      vertex 1.5803013449522205 90.25029514406437 -12
    endloop
  endfacet
  facet normal -0.0784590957278306 -0.9969173337331292 -2.4601811592971515e-19
    outer loop
      vertex 0 91.6 -18
      vertex 0.2502951440643694 91.58030134495222 -18
      vertex 0.2502951440643694 91.58030134495222 -12
    endloop
  endfacet
  facet normal -0.23344536385591866 -0.9723699203976733 5.552939735797989e-19
    outer loop
      vertex 0.2502951440643694 91.58030134495222 -18
      vertex 0.49442719099991583 91.52169042607224 -18
      vertex 0.49442719099991583 91.52169042607224 -12
    endloop
  endfacet
  facet normal -0.5224985647159465 -0.8526401643540937 4.653860381827445e-19
    outer loop
      vertex 0.726384799583275 91.42561043870138 -18
      vertex 0.940456403667957 91.29442719099991 -18
      vertex 0.940456403667957 91.29442719099991 -12
    endloop
  endfacet
  facet normal -0.38268343236508795 -0.9238795325112875 -1.0248314857513249e-18
    outer loop
      vertex 0.49442719099991583 91.52169042607224 -18
      vertex 0.726384799583275 91.42561043870138 -18
      vertex 0.726384799583275 91.42561043870138 -12
    endloop
  endfacet
  facet normal -0.6494480483301787 -0.7604059656000351 -8.875792042456876e-19
    outer loop
      vertex 0.940456403667957 91.29442719099991 -18
      vertex 1.1313708498984762 91.13137084989847 -18
      vertex 1.1313708498984762 91.13137084989847 -12
    endloop
  endfacet
  facet normal -0.7604059656000361 -0.6494480483301777 -3.449789881486255e-20
    outer loop
      vertex 1.1313708498984762 91.13137084989847 -18
      vertex 1.294427190999916 90.94045640366795 -18
      vertex 1.294427190999916 90.94045640366795 -12
    endloop
  endfacet
  facet normal -0.8526401643540896 -0.5224985647159532 -1.0251631356870005e-18
    outer loop
      vertex 1.294427190999916 90.94045640366795 -18
      vertex 1.4256104387013888 90.72638479958327 -18
      vertex 1.4256104387013888 90.72638479958327 -12
    endloop
  endfacet
  facet normal -0.9238795325112862 -0.38268343236509106 -3.95834537942696e-19
    outer loop
      vertex 1.4256104387013888 90.72638479958327 -18
      vertex 1.5216904260722457 90.49442719099991 -18
      vertex 1.5216904260722457 90.49442719099991 -12
    endloop
  endfacet
  facet normal -0.0784590957278306 -0.9969173337331292 0
    outer loop
      vertex 0 91.6 -18
      vertex 0.2502951440643694 91.58030134495222 -12
      vertex 0 91.6 -12
    endloop
  endfacet
  facet normal -0.23344536385591866 -0.9723699203976733 0
    outer loop
      vertex 0.2502951440643694 91.58030134495222 -18
      vertex 0.49442719099991583 91.52169042607224 -12
      vertex 0.2502951440643694 91.58030134495222 -12
    endloop
  endfacet
  facet normal -0.6494480483301787 -0.7604059656000351 0
    outer loop
      vertex 0.940456403667957 91.29442719099991 -18
      vertex 1.1313708498984762 91.13137084989847 -12
      vertex 0.940456403667957 91.29442719099991 -12
    endloop
  endfacet
  facet normal -0.38268343236508795 -0.9238795325112875 0
    outer loop
      vertex 0.49442719099991583 91.52169042607224 -18
      vertex 0.726384799583275 91.42561043870138 -12
      vertex 0.49442719099991583 91.52169042607224 -12
    endloop
  endfacet
  facet normal -0.5224985647159465 -0.8526401643540937 0
    outer loop
      vertex 0.726384799583275 91.42561043870138 -18
      vertex 0.940456403667957 91.29442719099991 -12
      vertex 0.726384799583275 91.42561043870138 -12
    endloop
  endfacet
  facet normal -0.7604059656000361 -0.6494480483301777 0
    outer loop
      vertex 1.1313708498984762 91.13137084989847 -18
      vertex 1.294427190999916 90.94045640366795 -12
      vertex 1.1313708498984762 91.13137084989847 -12
    endloop
  endfacet
  facet normal -0.9238795325112862 -0.38268343236509106 0
    outer loop
      vertex 1.4256104387013888 90.72638479958327 -18
      vertex 1.5216904260722457 90.49442719099991 -12
      vertex 1.4256104387013888 90.72638479958327 -12
    endloop
  endfacet
  facet normal -0.9723699203976766 -0.2334453638559052 0
    outer loop
      vertex 1.5216904260722457 90.49442719099991 -18
      vertex 1.5803013449522205 90.25029514406437 -12
      vertex 1.5216904260722457 90.49442719099991 -12
    endloop
  endfacet
  facet normal -0.8526401643540896 -0.5224985647159532 0
    outer loop
      vertex 1.294427190999916 90.94045640366795 -18
      vertex 1.4256104387013888 90.72638479958327 -12
      vertex 1.294427190999916 90.94045640366795 -12
    endloop
  endfacet
  facet normal 0 0.649448048330187 0.760405965600028
    outer loop
      vertex -9.1 54.868629150101526 -31.131370849898477
      vertex -3.0999999999999996 54.868629150101526 -31.131370849898477
      vertex -9.1 55.05954359633204 -31.294427190999915
    endloop
  endfacet
  facet normal 0 0.38268343236509034 0.9238795325112866
    outer loop
      vertex -9.1 55.27361520041673 -31.42561043870139
      vertex -3.0999999999999996 55.27361520041673 -31.42561043870139
      vertex -9.1 55.505572809000085 -31.521690426072247
    endloop
  endfacet
  facet normal 0 0.5224985647159484 0.8526401643540926
    outer loop
      vertex -9.1 55.05954359633204 -31.294427190999915
      vertex -3.0999999999999996 55.05954359633204 -31.294427190999915
      vertex -9.1 55.27361520041673 -31.42561043870139
    endloop
  endfacet
  facet normal 0 0.9238795325112886 0.3826834323650853
    outer loop
      vertex -9.1 54.47830957392775 -30.494427190999915
      vertex -3.0999999999999996 54.47830957392775 -30.494427190999915
      vertex -9.1 54.57438956129861 -30.726384799583276
    endloop
  endfacet
  facet normal 0 0.9723699203976793 0.2334453638558942
    outer loop
      vertex -9.1 54.41969865504778 -30.25029514406437
      vertex -3.0999999999999996 54.41969865504778 -30.25029514406437
      vertex -9.1 54.47830957392775 -30.494427190999915
    endloop
  endfacet
  facet normal 0 0.996917333733127 0.07845909572785836
    outer loop
      vertex -9.1 54.4 -30
      vertex -3.0999999999999996 54.4 -30
      vertex -9.1 54.41969865504778 -30.25029514406437
    endloop
  endfacet
  facet normal 0 0.76040596560002 0.6494480483301963
    outer loop
      vertex -9.1 54.70557280900008 -30.94045640366796
      vertex -3.0999999999999996 54.70557280900008 -30.94045640366796
      vertex -9.1 54.868629150101526 -31.131370849898477
    endloop
  endfacet
  facet normal 0 0.852640164354095 0.5224985647159442
    outer loop
      vertex -9.1 54.57438956129861 -30.726384799583276
      vertex -3.0999999999999996 54.57438956129861 -30.726384799583276
      vertex -9.1 54.70557280900008 -30.94045640366796
    endloop
  endfacet
  facet normal 0 0.996917333733127 -0.07845909572785836
    outer loop
      vertex -9.1 54.41969865504778 -29.74970485593563
      vertex -3.0999999999999996 54.41969865504778 -29.74970485593563
      vertex -9.1 54.4 -30
    endloop
  endfacet
  facet normal 0 0.9723699203976793 -0.2334453638558942
    outer loop
      vertex -9.1 54.47830957392775 -29.505572809000085
      vertex -3.0999999999999996 54.47830957392775 -29.505572809000085
      vertex -9.1 54.41969865504778 -29.74970485593563
    endloop
  endfacet
  facet normal 0 0.9238795325112886 -0.3826834323650853
    outer loop
      vertex -9.1 54.57438956129861 -29.273615200416724
      vertex -3.0999999999999996 54.57438956129861 -29.273615200416724
      vertex -9.1 54.47830957392775 -29.505572809000085
    endloop
  endfacet
  facet normal 0 0.852640164354095 -0.5224985647159442
    outer loop
      vertex -9.1 54.70557280900008 -29.05954359633204
      vertex -3.0999999999999996 54.70557280900008 -29.05954359633204
      vertex -9.1 54.57438956129861 -29.273615200416724
    endloop
  endfacet
  facet normal 0 0.649448048330187 0.760405965600028
    outer loop
      vertex -9.1 55.05954359633204 -31.294427190999915
      vertex -3.0999999999999996 54.868629150101526 -31.131370849898477
      vertex -3.0999999999999996 55.05954359633204 -31.294427190999915
    endloop
  endfacet
  facet normal 0 0.38268343236509034 0.9238795325112866
    outer loop
      vertex -9.1 55.505572809000085 -31.521690426072247
      vertex -3.0999999999999996 55.27361520041673 -31.42561043870139
      vertex -3.0999999999999996 55.505572809000085 -31.521690426072247
    endloop
  endfacet
  facet normal 0 0.5224985647159484 0.8526401643540926
    outer loop
      vertex -9.1 55.27361520041673 -31.42561043870139
      vertex -3.0999999999999996 55.05954359633204 -31.294427190999915
      vertex -3.0999999999999996 55.27361520041673 -31.42561043870139
    endloop
  endfacet
  facet normal 0 0.9723699203976793 0.2334453638558942
    outer loop
      vertex -9.1 54.47830957392775 -30.494427190999915
      vertex -3.0999999999999996 54.41969865504778 -30.25029514406437
      vertex -3.0999999999999996 54.47830957392775 -30.494427190999915
    endloop
  endfacet
  facet normal 0 0.996917333733127 0.07845909572785836
    outer loop
      vertex -9.1 54.41969865504778 -30.25029514406437
      vertex -3.0999999999999996 54.4 -30
      vertex -3.0999999999999996 54.41969865504778 -30.25029514406437
    endloop
  endfacet
  facet normal 0 0.852640164354095 0.5224985647159442
    outer loop
      vertex -9.1 54.70557280900008 -30.94045640366796
      vertex -3.0999999999999996 54.57438956129861 -30.726384799583276
      vertex -3.0999999999999996 54.70557280900008 -30.94045640366796
    endloop
  endfacet
  facet normal 0 0.76040596560002 0.6494480483301963
    outer loop
      vertex -9.1 54.868629150101526 -31.131370849898477
      vertex -3.0999999999999996 54.70557280900008 -30.94045640366796
      vertex -3.0999999999999996 54.868629150101526 -31.131370849898477
    endloop
  endfacet
  facet normal 0 0.9238795325112886 0.3826834323650853
    outer loop
      vertex -9.1 54.57438956129861 -30.726384799583276
      vertex -3.0999999999999996 54.47830957392775 -30.494427190999915
      vertex -3.0999999999999996 54.57438956129861 -30.726384799583276
    endloop
  endfacet
  facet normal 0 0.996917333733127 -0.07845909572785836
    outer loop
      vertex -9.1 54.4 -30
      vertex -3.0999999999999996 54.41969865504778 -29.74970485593563
      vertex -3.0999999999999996 54.4 -30
    endloop
  endfacet
  facet normal 0 0.9723699203976793 -0.2334453638558942
    outer loop
      vertex -9.1 54.41969865504778 -29.74970485593563
      vertex -3.0999999999999996 54.47830957392775 -29.505572809000085
      vertex -3.0999999999999996 54.41969865504778 -29.74970485593563
    endloop
  endfacet
  facet normal 0 0.9238795325112886 -0.3826834323650853
    outer loop
      vertex -9.1 54.47830957392775 -29.505572809000085
      vertex -3.0999999999999996 54.57438956129861 -29.273615200416724
      vertex -3.0999999999999996 54.47830957392775 -29.505572809000085
    endloop
  endfacet
  facet normal 0 0.852640164354095 -0.5224985647159442
    outer loop
      vertex -9.1 54.57438956129861 -29.273615200416724
      vertex -3.0999999999999996 54.70557280900008 -29.05954359633204
      vertex -3.0999999999999996 54.57438956129861 -29.273615200416724
    endloop
  endfacet
  facet normal 0 0.23344536385590436 0.9723699203976769
    outer loop
      vertex -9.1 55.505572809000085 -31.521690426072247
      vertex -3.0999999999999996 55.505572809000085 -31.521690426072247
      vertex -9.1 55.74970485593563 -31.580301344952222
    endloop
  endfacet
  facet normal 0 0.0784590957278454 0.996917333733128
    outer loop
      vertex -9.1 55.74970485593563 -31.580301344952222
      vertex -3.0999999999999996 55.74970485593563 -31.580301344952222
      vertex -9.1 56 -31.6
    endloop
  endfacet
  facet normal 0 -0.0784590957278454 0.996917333733128
    outer loop
      vertex -9.1 56 -31.6
      vertex -3.0999999999999996 56 -31.6
      vertex -9.1 56.25029514406437 -31.580301344952222
    endloop
  endfacet
  facet normal 0 -0.23344536385590436 0.9723699203976769
    outer loop
      vertex -9.1 56.25029514406437 -31.580301344952222
      vertex -3.0999999999999996 56.25029514406437 -31.580301344952222
      vertex -9.1 56.494427190999915 -31.521690426072247
    endloop
  endfacet
  facet normal 0 -0.38268343236509034 0.9238795325112866
    outer loop
      vertex -9.1 56.494427190999915 -31.521690426072247
      vertex -3.0999999999999996 56.494427190999915 -31.521690426072247
      vertex -9.1 56.72638479958327 -31.42561043870139
    endloop
  endfacet
  facet normal 0 -0.5224985647159484 0.8526401643540926
    outer loop
      vertex -9.1 56.72638479958327 -31.42561043870139
      vertex -3.0999999999999996 56.72638479958327 -31.42561043870139
      vertex -9.1 56.94045640366796 -31.294427190999915
    endloop
  endfacet
  facet normal 0 -0.649448048330187 0.760405965600028
    outer loop
      vertex -9.1 56.94045640366796 -31.294427190999915
      vertex -3.0999999999999996 56.94045640366796 -31.294427190999915
      vertex -9.1 57.131370849898474 -31.131370849898477
    endloop
  endfacet
  facet normal 0 -0.76040596560002 0.6494480483301963
    outer loop
      vertex -9.1 57.131370849898474 -31.131370849898477
      vertex -3.0999999999999996 57.131370849898474 -31.131370849898477
      vertex -9.1 57.29442719099992 -30.94045640366796
    endloop
  endfacet
  facet normal 0 -0.852640164354095 0.5224985647159442
    outer loop
      vertex -9.1 57.29442719099992 -30.94045640366796
      vertex -3.0999999999999996 57.29442719099992 -30.94045640366796
      vertex -9.1 57.42561043870139 -30.726384799583276
    endloop
  endfacet
  facet normal 0 -0.852640164354095 -0.5224985647159442
    outer loop
      vertex -9.1 57.42561043870139 -29.273615200416724
      vertex -3.0999999999999996 57.42561043870139 -29.273615200416724
      vertex -9.1 57.29442719099992 -29.05954359633204
    endloop
  endfacet
  facet normal 0 -0.9238795325112886 0.3826834323650853
    outer loop
      vertex -9.1 57.42561043870139 -30.726384799583276
      vertex -3.0999999999999996 57.42561043870139 -30.726384799583276
      vertex -9.1 57.52169042607225 -30.494427190999915
    endloop
  endfacet
  facet normal 0 -0.9723699203976793 0.2334453638558942
    outer loop
      vertex -9.1 57.52169042607225 -30.494427190999915
      vertex -3.0999999999999996 57.52169042607225 -30.494427190999915
      vertex -9.1 57.58030134495222 -30.25029514406437
    endloop
  endfacet
  facet normal 0 -0.996917333733127 0.07845909572785836
    outer loop
      vertex -9.1 57.58030134495222 -30.25029514406437
      vertex -3.0999999999999996 57.58030134495222 -30.25029514406437
      vertex -9.1 57.6 -30
    endloop
  endfacet
  facet normal 0 -0.996917333733127 -0.07845909572785836
    outer loop
      vertex -9.1 57.6 -30
      vertex -3.0999999999999996 57.6 -30
      vertex -9.1 57.58030134495222 -29.74970485593563
    endloop
  endfacet
  facet normal 0 -0.9723699203976793 -0.2334453638558942
    outer loop
      vertex -9.1 57.58030134495222 -29.74970485593563
      vertex -3.0999999999999996 57.58030134495222 -29.74970485593563
      vertex -9.1 57.52169042607225 -29.505572809000085
    endloop
  endfacet
  facet normal 0 -0.9238795325112886 -0.3826834323650853
    outer loop
      vertex -9.1 57.52169042607225 -29.505572809000085
      vertex -3.0999999999999996 57.52169042607225 -29.505572809000085
      vertex -9.1 57.42561043870139 -29.273615200416724
    endloop
  endfacet
  facet normal 0 0.23344536385590436 0.9723699203976769
    outer loop
      vertex -9.1 55.74970485593563 -31.580301344952222
      vertex -3.0999999999999996 55.505572809000085 -31.521690426072247
      vertex -3.0999999999999996 55.74970485593563 -31.580301344952222
    endloop
  endfacet
  facet normal 0 0.0784590957278454 0.996917333733128
    outer loop
      vertex -9.1 56 -31.6
      vertex -3.0999999999999996 55.74970485593563 -31.580301344952222
      vertex -3.0999999999999996 56 -31.6
    endloop
  endfacet
  facet normal 0 -0.0784590957278454 0.996917333733128
    outer loop
      vertex -9.1 56.25029514406437 -31.580301344952222
      vertex -3.0999999999999996 56 -31.6
      vertex -3.0999999999999996 56.25029514406437 -31.580301344952222
    endloop
  endfacet
  facet normal 0 -0.23344536385590436 0.9723699203976769
    outer loop
      vertex -9.1 56.494427190999915 -31.521690426072247
      vertex -3.0999999999999996 56.25029514406437 -31.580301344952222
      vertex -3.0999999999999996 56.494427190999915 -31.521690426072247
    endloop
  endfacet
  facet normal 0 -0.38268343236509034 0.9238795325112866
    outer loop
      vertex -9.1 56.72638479958327 -31.42561043870139
      vertex -3.0999999999999996 56.494427190999915 -31.521690426072247
      vertex -3.0999999999999996 56.72638479958327 -31.42561043870139
    endloop
  endfacet
  facet normal 0 -0.5224985647159484 0.8526401643540926
    outer loop
      vertex -9.1 56.94045640366796 -31.294427190999915
      vertex -3.0999999999999996 56.72638479958327 -31.42561043870139
      vertex -3.0999999999999996 56.94045640366796 -31.294427190999915
    endloop
  endfacet
  facet normal 0 -0.649448048330187 0.760405965600028
    outer loop
      vertex -9.1 57.131370849898474 -31.131370849898477
      vertex -3.0999999999999996 56.94045640366796 -31.294427190999915
      vertex -3.0999999999999996 57.131370849898474 -31.131370849898477
    endloop
  endfacet
  facet normal 0 -0.76040596560002 0.6494480483301963
    outer loop
      vertex -9.1 57.29442719099992 -30.94045640366796
      vertex -3.0999999999999996 57.131370849898474 -31.131370849898477
      vertex -3.0999999999999996 57.29442719099992 -30.94045640366796
    endloop
  endfacet
  facet normal 0 -0.852640164354095 0.5224985647159442
    outer loop
      vertex -9.1 57.42561043870139 -30.726384799583276
      vertex -3.0999999999999996 57.29442719099992 -30.94045640366796
      vertex -3.0999999999999996 57.42561043870139 -30.726384799583276
    endloop
  endfacet
  facet normal 0 -0.852640164354095 -0.5224985647159442
    outer loop
      vertex -9.1 57.29442719099992 -29.05954359633204
      vertex -3.0999999999999996 57.42561043870139 -29.273615200416724
      vertex -3.0999999999999996 57.29442719099992 -29.05954359633204
    endloop
  endfacet
  facet normal 0 -0.9238795325112886 0.3826834323650853
    outer loop
      vertex -9.1 57.52169042607225 -30.494427190999915
      vertex -3.0999999999999996 57.42561043870139 -30.726384799583276
      vertex -3.0999999999999996 57.52169042607225 -30.494427190999915
    endloop
  endfacet
  facet normal 0 -0.9723699203976793 0.2334453638558942
    outer loop
      vertex -9.1 57.58030134495222 -30.25029514406437
      vertex -3.0999999999999996 57.52169042607225 -30.494427190999915
      vertex -3.0999999999999996 57.58030134495222 -30.25029514406437
    endloop
  endfacet
  facet normal 0 -0.996917333733127 0.07845909572785836
    outer loop
      vertex -9.1 57.6 -30
      vertex -3.0999999999999996 57.58030134495222 -30.25029514406437
      vertex -3.0999999999999996 57.6 -30
    endloop
  endfacet
  facet normal 0 -0.996917333733127 -0.07845909572785836
    outer loop
      vertex -9.1 57.58030134495222 -29.74970485593563
      vertex -3.0999999999999996 57.6 -30
      vertex -3.0999999999999996 57.58030134495222 -29.74970485593563
    endloop
  endfacet
  facet normal 0 -0.9723699203976793 -0.2334453638558942
    outer loop
      vertex -9.1 57.52169042607225 -29.505572809000085
      vertex -3.0999999999999996 57.58030134495222 -29.74970485593563
      vertex -3.0999999999999996 57.52169042607225 -29.505572809000085
    endloop
  endfacet
  facet normal 0 -0.9238795325112886 -0.3826834323650853
    outer loop
      vertex -9.1 57.42561043870139 -29.273615200416724
      vertex -3.0999999999999996 57.52169042607225 -29.505572809000085
      vertex -3.0999999999999996 57.42561043870139 -29.273615200416724
    endloop
  endfacet
  facet normal 0 0.76040596560002 -0.6494480483301963
    outer loop
      vertex -9.1 54.868629150101526 -28.868629150101523
      vertex -3.0999999999999996 54.868629150101526 -28.868629150101523
      vertex -9.1 54.70557280900008 -29.05954359633204
    endloop
  endfacet
  facet normal 0 0.649448048330187 -0.760405965600028
    outer loop
      vertex -9.1 55.05954359633204 -28.705572809000085
      vertex -3.0999999999999996 55.05954359633204 -28.705572809000085
      vertex -9.1 54.868629150101526 -28.868629150101523
    endloop
  endfacet
  facet normal 0 0.5224985647159484 -0.8526401643540926
    outer loop
      vertex -9.1 55.27361520041673 -28.57438956129861
      vertex -3.0999999999999996 55.27361520041673 -28.57438956129861
      vertex -9.1 55.05954359633204 -28.705572809000085
    endloop
  endfacet
  facet normal 0 0.38268343236509034 -0.9238795325112866
    outer loop
      vertex -9.1 55.505572809000085 -28.478309573927753
      vertex -3.0999999999999996 55.505572809000085 -28.478309573927753
      vertex -9.1 55.27361520041673 -28.57438956129861
    endloop
  endfacet
  facet normal 0 0.76040596560002 -0.6494480483301963
    outer loop
      vertex -9.1 54.70557280900008 -29.05954359633204
      vertex -3.0999999999999996 54.868629150101526 -28.868629150101523
      vertex -3.0999999999999996 54.70557280900008 -29.05954359633204
    endloop
  endfacet
  facet normal 0 0.649448048330187 -0.760405965600028
    outer loop
      vertex -9.1 54.868629150101526 -28.868629150101523
      vertex -3.0999999999999996 55.05954359633204 -28.705572809000085
      vertex -3.0999999999999996 54.868629150101526 -28.868629150101523
    endloop
  endfacet
  facet normal 0 0.5224985647159484 -0.8526401643540926
    outer loop
      vertex -9.1 55.05954359633204 -28.705572809000085
      vertex -3.0999999999999996 55.27361520041673 -28.57438956129861
      vertex -3.0999999999999996 55.05954359633204 -28.705572809000085
    endloop
  endfacet
  facet normal 0 0.38268343236509034 -0.9238795325112866
    outer loop
      vertex -9.1 55.27361520041673 -28.57438956129861
      vertex -3.0999999999999996 55.505572809000085 -28.478309573927753
      vertex -3.0999999999999996 55.27361520041673 -28.57438956129861
    endloop
  endfacet
  facet normal 0 0.23344536385590436 -0.9723699203976769
    outer loop
      vertex -9.1 55.74970485593563 -28.419698655047778
      vertex -3.0999999999999996 55.74970485593563 -28.419698655047778
      vertex -9.1 55.505572809000085 -28.478309573927753
    endloop
  endfacet
  facet normal 0 0.0784590957278454 -0.996917333733128
    outer loop
      vertex -9.1 56 -28.4
      vertex -3.0999999999999996 56 -28.4
      vertex -9.1 55.74970485593563 -28.419698655047778
    endloop
  endfacet
  facet normal 0 -0.0784590957278454 -0.996917333733128
    outer loop
      vertex -9.1 56.25029514406437 -28.419698655047778
      vertex -3.0999999999999996 56.25029514406437 -28.419698655047778
      vertex -9.1 56 -28.4
    endloop
  endfacet
  facet normal 0 -0.23344536385590436 -0.9723699203976769
    outer loop
      vertex -9.1 56.494427190999915 -28.478309573927753
      vertex -3.0999999999999996 56.494427190999915 -28.478309573927753
      vertex -9.1 56.25029514406437 -28.419698655047778
    endloop
  endfacet
  facet normal 0 -0.38268343236509034 -0.9238795325112866
    outer loop
      vertex -9.1 56.72638479958327 -28.57438956129861
      vertex -3.0999999999999996 56.72638479958327 -28.57438956129861
      vertex -9.1 56.494427190999915 -28.478309573927753
    endloop
  endfacet
  facet normal 0 -0.5224985647159484 -0.8526401643540926
    outer loop
      vertex -9.1 56.94045640366796 -28.705572809000085
      vertex -3.0999999999999996 56.94045640366796 -28.705572809000085
      vertex -9.1 56.72638479958327 -28.57438956129861
    endloop
  endfacet
  facet normal 0 -0.649448048330187 -0.760405965600028
    outer loop
      vertex -9.1 57.131370849898474 -28.868629150101523
      vertex -3.0999999999999996 57.131370849898474 -28.868629150101523
      vertex -9.1 56.94045640366796 -28.705572809000085
    endloop
  endfacet
  facet normal 0 -0.76040596560002 -0.6494480483301963
    outer loop
      vertex -9.1 57.29442719099992 -29.05954359633204
      vertex -3.0999999999999996 57.29442719099992 -29.05954359633204
      vertex -9.1 57.131370849898474 -28.868629150101523
    endloop
  endfacet
  facet normal 0 0.23344536385590436 -0.9723699203976769
    outer loop
      vertex -9.1 55.505572809000085 -28.478309573927753
      vertex -3.0999999999999996 55.74970485593563 -28.419698655047778
      vertex -3.0999999999999996 55.505572809000085 -28.478309573927753
    endloop
  endfacet
  facet normal 0 0.0784590957278454 -0.996917333733128
    outer loop
      vertex -9.1 55.74970485593563 -28.419698655047778
      vertex -3.0999999999999996 56 -28.4
      vertex -3.0999999999999996 55.74970485593563 -28.419698655047778
    endloop
  endfacet
  facet normal 0 -0.0784590957278454 -0.996917333733128
    outer loop
      vertex -9.1 56 -28.4
      vertex -3.0999999999999996 56.25029514406437 -28.419698655047778
      vertex -3.0999999999999996 56 -28.4
    endloop
  endfacet
  facet normal 0 -0.23344536385590436 -0.9723699203976769
    outer loop
      vertex -9.1 56.25029514406437 -28.419698655047778
      vertex -3.0999999999999996 56.494427190999915 -28.478309573927753
      vertex -3.0999999999999996 56.25029514406437 -28.419698655047778
    endloop
  endfacet
  facet normal 0 -0.38268343236509034 -0.9238795325112866
    outer loop
      vertex -9.1 56.494427190999915 -28.478309573927753
      vertex -3.0999999999999996 56.72638479958327 -28.57438956129861
      vertex -3.0999999999999996 56.494427190999915 -28.478309573927753
    endloop
  endfacet
  facet normal 0 -0.5224985647159484 -0.8526401643540926
    outer loop
      vertex -9.1 56.72638479958327 -28.57438956129861
      vertex -3.0999999999999996 56.94045640366796 -28.705572809000085
      vertex -3.0999999999999996 56.72638479958327 -28.57438956129861
    endloop
  endfacet
  facet normal 0 -0.76040596560002 -0.6494480483301963
    outer loop
      vertex -9.1 57.131370849898474 -28.868629150101523
      vertex -3.0999999999999996 57.29442719099992 -29.05954359633204
      vertex -3.0999999999999996 57.131370849898474 -28.868629150101523
    endloop
  endfacet
  facet normal 0 -0.649448048330187 -0.760405965600028
    outer loop
      vertex -9.1 56.94045640366796 -28.705572809000085
      vertex -3.0999999999999996 57.131370849898474 -28.868629150101523
      vertex -3.0999999999999996 56.94045640366796 -28.705572809000085
    endloop
  endfacet
  facet normal 0 0.649448048330187 0.760405965600028
    outer loop
      vertex 6.1 54.868629150101526 -31.131370849898477
      vertex 3.0999999999999996 55.05954359633204 -31.294427190999915
      vertex 3.0999999999999996 54.868629150101526 -31.131370849898477
    endloop
  endfacet
  facet normal 0 0.38268343236509034 0.9238795325112866
    outer loop
      vertex 6.1 55.27361520041673 -31.42561043870139
      vertex 3.0999999999999996 55.505572809000085 -31.521690426072247
      vertex 3.0999999999999996 55.27361520041673 -31.42561043870139
    endloop
  endfacet
  facet normal 0 0.5224985647159484 0.8526401643540926
    outer loop
      vertex 6.1 55.05954359633204 -31.294427190999915
      vertex 3.0999999999999996 55.27361520041673 -31.42561043870139
      vertex 3.0999999999999996 55.05954359633204 -31.294427190999915
    endloop
  endfacet
  facet normal 0 0.9238795325112886 0.3826834323650853
    outer loop
      vertex 6.1 54.47830957392775 -30.494427190999915
      vertex 3.0999999999999996 54.57438956129861 -30.726384799583276
      vertex 3.0999999999999996 54.47830957392775 -30.494427190999915
    endloop
  endfacet
  facet normal 0 0.9723699203976793 0.2334453638558942
    outer loop
      vertex 6.1 54.41969865504778 -30.25029514406437
      vertex 3.0999999999999996 54.47830957392775 -30.494427190999915
      vertex 3.0999999999999996 54.41969865504778 -30.25029514406437
    endloop
  endfacet
  facet normal 0 0.996917333733127 0.07845909572785836
    outer loop
      vertex 6.1 54.4 -30
      vertex 3.0999999999999996 54.41969865504778 -30.25029514406437
      vertex 3.0999999999999996 54.4 -30
    endloop
  endfacet
  facet normal 0 0.76040596560002 0.6494480483301963
    outer loop
      vertex 6.1 54.70557280900008 -30.94045640366796
      vertex 3.0999999999999996 54.868629150101526 -31.131370849898477
      vertex 3.0999999999999996 54.70557280900008 -30.94045640366796
    endloop
  endfacet
  facet normal 0 0.852640164354095 0.5224985647159442
    outer loop
      vertex 6.1 54.57438956129861 -30.726384799583276
      vertex 3.0999999999999996 54.70557280900008 -30.94045640366796
      vertex 3.0999999999999996 54.57438956129861 -30.726384799583276
    endloop
  endfacet
  facet normal 0 0.996917333733127 -0.07845909572785836
    outer loop
      vertex 6.1 54.41969865504778 -29.74970485593563
      vertex 3.0999999999999996 54.4 -30
      vertex 3.0999999999999996 54.41969865504778 -29.74970485593563
    endloop
  endfacet
  facet normal 0 0.9723699203976793 -0.2334453638558942
    outer loop
      vertex 6.1 54.47830957392775 -29.505572809000085
      vertex 3.0999999999999996 54.41969865504778 -29.74970485593563
      vertex 3.0999999999999996 54.47830957392775 -29.505572809000085
    endloop
  endfacet
  facet normal 0 0.9238795325112886 -0.3826834323650853
    outer loop
      vertex 6.1 54.57438956129861 -29.273615200416724
      vertex 3.0999999999999996 54.47830957392775 -29.505572809000085
      vertex 3.0999999999999996 54.57438956129861 -29.273615200416724
    endloop
  endfacet
  facet normal 0 0.852640164354095 -0.5224985647159442
    outer loop
      vertex 6.1 54.70557280900008 -29.05954359633204
      vertex 3.0999999999999996 54.57438956129861 -29.273615200416724
      vertex 3.0999999999999996 54.70557280900008 -29.05954359633204
    endloop
  endfacet
  facet normal -5.0148586653764905e-19 0.649448048330187 0.760405965600028
    outer loop
      vertex 6.1 54.868629150101526 -31.131370849898477
      vertex 6.1 55.05954359633204 -31.294427190999915
      vertex 3.0999999999999996 55.05954359633204 -31.294427190999915
    endloop
  endfacet
  facet normal -1.5043131361943728e-18 0.38268343236509034 0.9238795325112866
    outer loop
      vertex 6.1 55.27361520041673 -31.42561043870139
      vertex 6.1 55.505572809000085 -31.521690426072247
      vertex 3.0999999999999996 55.505572809000085 -31.521690426072247
    endloop
  endfacet
  facet normal 0 0.5224985647159484 0.8526401643540926
    outer loop
      vertex 6.1 55.27361520041673 -31.42561043870139
      vertex 3.0999999999999996 55.27361520041673 -31.42561043870139
      vertex 6.1 55.05954359633204 -31.294427190999915
    endloop
  endfacet
  facet normal 0 0.9723699203976793 0.2334453638558942
    outer loop
      vertex 6.1 54.47830957392775 -30.494427190999915
      vertex 3.0999999999999996 54.47830957392775 -30.494427190999915
      vertex 6.1 54.41969865504778 -30.25029514406437
    endloop
  endfacet
  facet normal 0 0.996917333733127 0.07845909572785836
    outer loop
      vertex 6.1 54.41969865504778 -30.25029514406437
      vertex 3.0999999999999996 54.41969865504778 -30.25029514406437
      vertex 6.1 54.4 -30
    endloop
  endfacet
  facet normal 1.1775759508805862e-19 0.852640164354095 0.5224985647159442
    outer loop
      vertex 6.1 54.57438956129861 -30.726384799583276
      vertex 6.1 54.70557280900008 -30.94045640366796
      vertex 3.0999999999999996 54.70557280900008 -30.94045640366796
    endloop
  endfacet
  facet normal 0 0.76040596560002 0.6494480483301963
    outer loop
      vertex 6.1 54.868629150101526 -31.131370849898477
      vertex 3.0999999999999996 54.868629150101526 -31.131370849898477
      vertex 6.1 54.70557280900008 -30.94045640366796
    endloop
  endfacet
  facet normal 0 0.9238795325112886 0.3826834323650853
    outer loop
      vertex 6.1 54.57438956129861 -30.726384799583276
      vertex 3.0999999999999996 54.57438956129861 -30.726384799583276
      vertex 6.1 54.47830957392775 -30.494427190999915
    endloop
  endfacet
  facet normal 0 0.996917333733127 -0.07845909572785836
    outer loop
      vertex 6.1 54.4 -30
      vertex 3.0999999999999996 54.4 -30
      vertex 6.1 54.41969865504778 -29.74970485593563
    endloop
  endfacet
  facet normal 0 0.9723699203976793 -0.2334453638558942
    outer loop
      vertex 6.1 54.41969865504778 -29.74970485593563
      vertex 3.0999999999999996 54.41969865504778 -29.74970485593563
      vertex 6.1 54.47830957392775 -29.505572809000085
    endloop
  endfacet
  facet normal 0 0.9238795325112886 -0.3826834323650853
    outer loop
      vertex 6.1 54.47830957392775 -29.505572809000085
      vertex 3.0999999999999996 54.47830957392775 -29.505572809000085
      vertex 6.1 54.57438956129861 -29.273615200416724
    endloop
  endfacet
  facet normal 0 0.852640164354095 -0.5224985647159442
    outer loop
      vertex 6.1 54.57438956129861 -29.273615200416724
      vertex 3.0999999999999996 54.57438956129861 -29.273615200416724
      vertex 6.1 54.70557280900008 -29.05954359633204
    endloop
  endfacet
  facet normal 0 0.23344536385590436 0.9723699203976769
    outer loop
      vertex 6.1 55.505572809000085 -31.521690426072247
      vertex 3.0999999999999996 55.74970485593563 -31.580301344952222
      vertex 3.0999999999999996 55.505572809000085 -31.521690426072247
    endloop
  endfacet
  facet normal 0 0.0784590957278454 0.996917333733128
    outer loop
      vertex 6.1 55.74970485593563 -31.580301344952222
      vertex 3.0999999999999996 56 -31.6
      vertex 3.0999999999999996 55.74970485593563 -31.580301344952222
    endloop
  endfacet
  facet normal 0 -0.0784590957278454 0.996917333733128
    outer loop
      vertex 6.1 56 -31.6
      vertex 3.0999999999999996 56.25029514406437 -31.580301344952222
      vertex 3.0999999999999996 56 -31.6
    endloop
  endfacet
  facet normal 0 -0.23344536385590436 0.9723699203976769
    outer loop
      vertex 6.1 56.25029514406437 -31.580301344952222
      vertex 3.0999999999999996 56.494427190999915 -31.521690426072247
      vertex 3.0999999999999996 56.25029514406437 -31.580301344952222
    endloop
  endfacet
  facet normal 0 -0.38268343236509034 0.9238795325112866
    outer loop
      vertex 6.1 56.494427190999915 -31.521690426072247
      vertex 3.0999999999999996 56.72638479958327 -31.42561043870139
      vertex 3.0999999999999996 56.494427190999915 -31.521690426072247
    endloop
  endfacet
  facet normal 0 -0.5224985647159484 0.8526401643540926
    outer loop
      vertex 6.1 56.72638479958327 -31.42561043870139
      vertex 3.0999999999999996 56.94045640366796 -31.294427190999915
      vertex 3.0999999999999996 56.72638479958327 -31.42561043870139
    endloop
  endfacet
  facet normal 0 -0.649448048330187 0.760405965600028
    outer loop
      vertex 6.1 56.94045640366796 -31.294427190999915
      vertex 3.0999999999999996 57.131370849898474 -31.131370849898477
      vertex 3.0999999999999996 56.94045640366796 -31.294427190999915
    endloop
  endfacet
  facet normal 0 -0.76040596560002 0.6494480483301963
    outer loop
      vertex 6.1 57.131370849898474 -31.131370849898477
      vertex 3.0999999999999996 57.29442719099992 -30.94045640366796
      vertex 3.0999999999999996 57.131370849898474 -31.131370849898477
    endloop
  endfacet
  facet normal 0 -0.852640164354095 0.5224985647159442
    outer loop
      vertex 6.1 57.29442719099992 -30.94045640366796
      vertex 3.0999999999999996 57.42561043870139 -30.726384799583276
      vertex 3.0999999999999996 57.29442719099992 -30.94045640366796
    endloop
  endfacet
  facet normal 0 -0.852640164354095 -0.5224985647159442
    outer loop
      vertex 6.1 57.42561043870139 -29.273615200416724
      vertex 3.0999999999999996 57.29442719099992 -29.05954359633204
      vertex 3.0999999999999996 57.42561043870139 -29.273615200416724
    endloop
  endfacet
  facet normal 0 -0.9238795325112886 0.3826834323650853
    outer loop
      vertex 6.1 57.42561043870139 -30.726384799583276
      vertex 3.0999999999999996 57.52169042607225 -30.494427190999915
      vertex 3.0999999999999996 57.42561043870139 -30.726384799583276
    endloop
  endfacet
  facet normal 0 -0.9723699203976793 0.2334453638558942
    outer loop
      vertex 6.1 57.52169042607225 -30.494427190999915
      vertex 3.0999999999999996 57.58030134495222 -30.25029514406437
      vertex 3.0999999999999996 57.52169042607225 -30.494427190999915
    endloop
  endfacet
  facet normal 0 -0.996917333733127 0.07845909572785836
    outer loop
      vertex 6.1 57.58030134495222 -30.25029514406437
      vertex 3.0999999999999996 57.6 -30
      vertex 3.0999999999999996 57.58030134495222 -30.25029514406437
    endloop
  endfacet
  facet normal 0 -0.996917333733127 -0.07845909572785836
    outer loop
      vertex 6.1 57.6 -30
      vertex 3.0999999999999996 57.58030134495222 -29.74970485593563
      vertex 3.0999999999999996 57.6 -30
    endloop
  endfacet
  facet normal 0 -0.9723699203976793 -0.2334453638558942
    outer loop
      vertex 6.1 57.58030134495222 -29.74970485593563
      vertex 3.0999999999999996 57.52169042607225 -29.505572809000085
      vertex 3.0999999999999996 57.58030134495222 -29.74970485593563
    endloop
  endfacet
  facet normal 0 -0.9238795325112886 -0.3826834323650853
    outer loop
      vertex 6.1 57.52169042607225 -29.505572809000085
      vertex 3.0999999999999996 57.42561043870139 -29.273615200416724
      vertex 3.0999999999999996 57.52169042607225 -29.505572809000085
    endloop
  endfacet
  facet normal -3.93361592911955e-19 0.23344536385590436 0.9723699203976769
    outer loop
      vertex 6.1 55.505572809000085 -31.521690426072247
      vertex 6.1 55.74970485593563 -31.580301344952222
      vertex 3.0999999999999996 55.74970485593563 -31.580301344952222
    endloop
  endfacet
  facet normal -4.899765512252039e-19 0.0784590957278454 0.996917333733128
    outer loop
      vertex 6.1 55.74970485593563 -31.580301344952222
      vertex 6.1 56 -31.6
      vertex 3.0999999999999996 56 -31.6
    endloop
  endfacet
  facet normal 4.899765512252039e-19 -0.0784590957278454 0.996917333733128
    outer loop
      vertex 6.1 56 -31.6
      vertex 6.1 56.25029514406437 -31.580301344952222
      vertex 3.0999999999999996 56.25029514406437 -31.580301344952222
    endloop
  endfacet
  facet normal 3.93361592911955e-19 -0.23344536385590436 0.9723699203976769
    outer loop
      vertex 6.1 56.25029514406437 -31.580301344952222
      vertex 6.1 56.494427190999915 -31.521690426072247
      vertex 3.0999999999999996 56.494427190999915 -31.521690426072247
    endloop
  endfacet
  facet normal 1.5043131361943728e-18 -0.38268343236509034 0.9238795325112866
    outer loop
      vertex 6.1 56.494427190999915 -31.521690426072247
      vertex 6.1 56.72638479958327 -31.42561043870139
      vertex 3.0999999999999996 56.72638479958327 -31.42561043870139
    endloop
  endfacet
  facet normal -2.2321639988855728e-18 -0.5224985647159484 0.8526401643540926
    outer loop
      vertex 6.1 56.72638479958327 -31.42561043870139
      vertex 6.1 56.94045640366796 -31.294427190999915
      vertex 3.0999999999999996 56.94045640366796 -31.294427190999915
    endloop
  endfacet
  facet normal 5.0148586653764905e-19 -0.649448048330187 0.760405965600028
    outer loop
      vertex 6.1 56.94045640366796 -31.294427190999915
      vertex 6.1 57.131370849898474 -31.131370849898477
      vertex 3.0999999999999996 57.131370849898474 -31.131370849898477
    endloop
  endfacet
  facet normal 3.286562444342884e-19 -0.76040596560002 0.6494480483301963
    outer loop
      vertex 6.1 57.131370849898474 -31.131370849898477
      vertex 6.1 57.29442719099992 -30.94045640366796
      vertex 3.0999999999999996 57.29442719099992 -30.94045640366796
    endloop
  endfacet
  facet normal -1.1775759508805862e-19 -0.852640164354095 0.5224985647159442
    outer loop
      vertex 6.1 57.29442719099992 -30.94045640366796
      vertex 6.1 57.42561043870139 -30.726384799583276
      vertex 3.0999999999999996 57.42561043870139 -30.726384799583276
    endloop
  endfacet
  facet normal 0 -0.852640164354095 -0.5224985647159442
    outer loop
      vertex 6.1 57.29442719099992 -29.05954359633204
      vertex 3.0999999999999996 57.29442719099992 -29.05954359633204
      vertex 6.1 57.42561043870139 -29.273615200416724
    endloop
  endfacet
  facet normal -1.3243408057913866e-18 -0.9238795325112886 0.3826834323650853
    outer loop
      vertex 6.1 57.42561043870139 -30.726384799583276
      vertex 6.1 57.52169042607225 -30.494427190999915
      vertex 3.0999999999999996 57.52169042607225 -30.494427190999915
    endloop
  endfacet
  facet normal 3.5284060083540963e-19 -0.9723699203976793 0.2334453638558942
    outer loop
      vertex 6.1 57.52169042607225 -30.494427190999915
      vertex 6.1 57.58030134495222 -30.25029514406437
      vertex 3.0999999999999996 57.58030134495222 -30.25029514406437
    endloop
  endfacet
  facet normal 3.6860370231710263e-19 -0.996917333733127 0.07845909572785836
    outer loop
      vertex 6.1 57.58030134495222 -30.25029514406437
      vertex 6.1 57.6 -30
      vertex 3.0999999999999996 57.6 -30
    endloop
  endfacet
  facet normal -3.6860370231710263e-19 -0.996917333733127 -0.07845909572785836
    outer loop
      vertex 6.1 57.6 -30
      vertex 6.1 57.58030134495222 -29.74970485593563
      vertex 3.0999999999999996 57.58030134495222 -29.74970485593563
    endloop
  endfacet
  facet normal -3.5284060083540963e-19 -0.9723699203976793 -0.2334453638558942
    outer loop
      vertex 6.1 57.58030134495222 -29.74970485593563
      vertex 6.1 57.52169042607225 -29.505572809000085
      vertex 3.0999999999999996 57.52169042607225 -29.505572809000085
    endloop
  endfacet
  facet normal 1.3243408057913866e-18 -0.9238795325112886 -0.3826834323650853
    outer loop
      vertex 6.1 57.52169042607225 -29.505572809000085
      vertex 6.1 57.42561043870139 -29.273615200416724
      vertex 3.0999999999999996 57.42561043870139 -29.273615200416724
    endloop
  endfacet
  facet normal 0 0.76040596560002 -0.6494480483301963
    outer loop
      vertex 6.1 54.868629150101526 -28.868629150101523
      vertex 3.0999999999999996 54.70557280900008 -29.05954359633204
      vertex 3.0999999999999996 54.868629150101526 -28.868629150101523
    endloop
  endfacet
  facet normal 0 0.649448048330187 -0.760405965600028
    outer loop
      vertex 6.1 55.05954359633204 -28.705572809000085
      vertex 3.0999999999999996 54.868629150101526 -28.868629150101523
      vertex 3.0999999999999996 55.05954359633204 -28.705572809000085
    endloop
  endfacet
  facet normal 0 0.5224985647159484 -0.8526401643540926
    outer loop
      vertex 6.1 55.27361520041673 -28.57438956129861
      vertex 3.0999999999999996 55.05954359633204 -28.705572809000085
      vertex 3.0999999999999996 55.27361520041673 -28.57438956129861
    endloop
  endfacet
  facet normal 0 0.38268343236509034 -0.9238795325112866
    outer loop
      vertex 6.1 55.505572809000085 -28.478309573927753
      vertex 3.0999999999999996 55.27361520041673 -28.57438956129861
      vertex 3.0999999999999996 55.505572809000085 -28.478309573927753
    endloop
  endfacet
  facet normal 0 0.76040596560002 -0.6494480483301963
    outer loop
      vertex 6.1 54.70557280900008 -29.05954359633204
      vertex 3.0999999999999996 54.70557280900008 -29.05954359633204
      vertex 6.1 54.868629150101526 -28.868629150101523
    endloop
  endfacet
  facet normal 0 0.649448048330187 -0.760405965600028
    outer loop
      vertex 6.1 54.868629150101526 -28.868629150101523
      vertex 3.0999999999999996 54.868629150101526 -28.868629150101523
      vertex 6.1 55.05954359633204 -28.705572809000085
    endloop
  endfacet
  facet normal 0 0.5224985647159484 -0.8526401643540926
    outer loop
      vertex 6.1 55.05954359633204 -28.705572809000085
      vertex 3.0999999999999996 55.05954359633204 -28.705572809000085
      vertex 6.1 55.27361520041673 -28.57438956129861
    endloop
  endfacet
  facet normal 0 0.38268343236509034 -0.9238795325112866
    outer loop
      vertex 6.1 55.27361520041673 -28.57438956129861
      vertex 3.0999999999999996 55.27361520041673 -28.57438956129861
      vertex 6.1 55.505572809000085 -28.478309573927753
    endloop
  endfacet
  facet normal 0 0.23344536385590436 -0.9723699203976769
    outer loop
      vertex 6.1 55.74970485593563 -28.419698655047778
      vertex 3.0999999999999996 55.505572809000085 -28.478309573927753
      vertex 3.0999999999999996 55.74970485593563 -28.419698655047778
    endloop
  endfacet
  facet normal 0 0.0784590957278454 -0.996917333733128
    outer loop
      vertex 6.1 56 -28.4
      vertex 3.0999999999999996 55.74970485593563 -28.419698655047778
      vertex 3.0999999999999996 56 -28.4
    endloop
  endfacet
  facet normal 0 -0.0784590957278454 -0.996917333733128
    outer loop
      vertex 6.1 56.25029514406437 -28.419698655047778
      vertex 3.0999999999999996 56 -28.4
      vertex 3.0999999999999996 56.25029514406437 -28.419698655047778
    endloop
  endfacet
  facet normal 0 -0.23344536385590436 -0.9723699203976769
    outer loop
      vertex 6.1 56.494427190999915 -28.478309573927753
      vertex 3.0999999999999996 56.25029514406437 -28.419698655047778
      vertex 3.0999999999999996 56.494427190999915 -28.478309573927753
    endloop
  endfacet
  facet normal 0 -0.38268343236509034 -0.9238795325112866
    outer loop
      vertex 6.1 56.72638479958327 -28.57438956129861
      vertex 3.0999999999999996 56.494427190999915 -28.478309573927753
      vertex 3.0999999999999996 56.72638479958327 -28.57438956129861
    endloop
  endfacet
  facet normal 0 -0.5224985647159484 -0.8526401643540926
    outer loop
      vertex 6.1 56.94045640366796 -28.705572809000085
      vertex 3.0999999999999996 56.72638479958327 -28.57438956129861
      vertex 3.0999999999999996 56.94045640366796 -28.705572809000085
    endloop
  endfacet
  facet normal 0 -0.649448048330187 -0.760405965600028
    outer loop
      vertex 6.1 57.131370849898474 -28.868629150101523
      vertex 3.0999999999999996 56.94045640366796 -28.705572809000085
      vertex 3.0999999999999996 57.131370849898474 -28.868629150101523
    endloop
  endfacet
  facet normal 0 -0.76040596560002 -0.6494480483301963
    outer loop
      vertex 6.1 57.29442719099992 -29.05954359633204
      vertex 3.0999999999999996 57.131370849898474 -28.868629150101523
      vertex 3.0999999999999996 57.29442719099992 -29.05954359633204
    endloop
  endfacet
  facet normal 0 0.23344536385590436 -0.9723699203976769
    outer loop
      vertex 6.1 55.505572809000085 -28.478309573927753
      vertex 3.0999999999999996 55.505572809000085 -28.478309573927753
      vertex 6.1 55.74970485593563 -28.419698655047778
    endloop
  endfacet
  facet normal 0 0.0784590957278454 -0.996917333733128
    outer loop
      vertex 6.1 55.74970485593563 -28.419698655047778
      vertex 3.0999999999999996 55.74970485593563 -28.419698655047778
      vertex 6.1 56 -28.4
    endloop
  endfacet
  facet normal 0 -0.0784590957278454 -0.996917333733128
    outer loop
      vertex 6.1 56 -28.4
      vertex 3.0999999999999996 56 -28.4
      vertex 6.1 56.25029514406437 -28.419698655047778
    endloop
  endfacet
  facet normal -3.93361592911955e-19 -0.23344536385590436 -0.9723699203976769
    outer loop
      vertex 6.1 56.494427190999915 -28.478309573927753
      vertex 6.1 56.25029514406437 -28.419698655047778
      vertex 3.0999999999999996 56.25029514406437 -28.419698655047778
    endloop
  endfacet
  facet normal 0 -0.38268343236509034 -0.9238795325112866
    outer loop
      vertex 6.1 56.494427190999915 -28.478309573927753
      vertex 3.0999999999999996 56.494427190999915 -28.478309573927753
      vertex 6.1 56.72638479958327 -28.57438956129861
    endloop
  endfacet
  facet normal 0 -0.5224985647159484 -0.8526401643540926
    outer loop
      vertex 6.1 56.72638479958327 -28.57438956129861
      vertex 3.0999999999999996 56.72638479958327 -28.57438956129861
      vertex 6.1 56.94045640366796 -28.705572809000085
    endloop
  endfacet
  facet normal -3.286562444342884e-19 -0.76040596560002 -0.6494480483301963
    outer loop
      vertex 6.1 57.29442719099992 -29.05954359633204
      vertex 6.1 57.131370849898474 -28.868629150101523
      vertex 3.0999999999999996 57.131370849898474 -28.868629150101523
    endloop
  endfacet
  facet normal 0 -0.649448048330187 -0.760405965600028
    outer loop
      vertex 6.1 56.94045640366796 -28.705572809000085
      vertex 3.0999999999999996 56.94045640366796 -28.705572809000085
      vertex 6.1 57.131370849898474 -28.868629150101523
    endloop
  endfacet
  facet normal 0 0.5224985647159506 0.8526401643540912
    outer loop
      vertex -9.1 47.28136900328002 -39.07260178405194
      vertex -3.0999999999999996 47.28136900328002 -39.07260178405194
      vertex -9.1 47.4954406073647 -39.20378503175341
    endloop
  endfacet
  facet normal 0 0.38268343236509034 0.9238795325112866
    outer loop
      vertex -9.1 47.4954406073647 -39.20378503175341
      vertex -3.0999999999999996 47.4954406073647 -39.20378503175341
      vertex -9.1 47.72739821594806 -39.29986501912427
    endloop
  endfacet
  facet normal 0 0.649448048330173 0.76040596560004
    outer loop
      vertex -9.1 47.0904545570495 -38.9095454429505
      vertex -3.0999999999999996 47.0904545570495 -38.9095454429505
      vertex -9.1 47.28136900328002 -39.07260178405194
    endloop
  endfacet
  facet normal 0 0.76040596560004 0.649448048330173
    outer loop
      vertex -9.1 46.92739821594806 -38.71863099671998
      vertex -3.0999999999999996 46.92739821594806 -38.71863099671998
      vertex -9.1 47.0904545570495 -38.9095454429505
    endloop
  endfacet
  facet normal 0 0.8526401643540912 0.5224985647159506
    outer loop
      vertex -9.1 46.79621496824659 -38.5045593926353
      vertex -3.0999999999999996 46.79621496824659 -38.5045593926353
      vertex -9.1 46.92739821594806 -38.71863099671998
    endloop
  endfacet
  facet normal 0 0.9238795325112866 0.38268343236509034
    outer loop
      vertex -9.1 46.70013498087573 -38.27260178405194
      vertex -3.0999999999999996 46.70013498087573 -38.27260178405194
      vertex -9.1 46.79621496824659 -38.5045593926353
    endloop
  endfacet
  facet normal 0 0.9723699203976736 0.23344536385591774
    outer loop
      vertex -9.1 46.64152406199575 -38.028469737116396
      vertex -3.0999999999999996 46.64152406199575 -38.028469737116396
      vertex -9.1 46.70013498087573 -38.27260178405194
    endloop
  endfacet
  facet normal 0 0.9969173337331293 0.07845909572782914
    outer loop
      vertex -9.1 46.62182540694798 -37.77817459305202
      vertex -3.0999999999999996 46.62182540694798 -37.77817459305202
      vertex -9.1 46.64152406199575 -38.028469737116396
    endloop
  endfacet
  facet normal 0 0.9969173337331291 -0.07845909572783134
    outer loop
      vertex -9.1 46.64152406199575 -37.527879448987655
      vertex -3.0999999999999996 46.64152406199575 -37.527879448987655
      vertex -9.1 46.62182540694798 -37.77817459305202
    endloop
  endfacet
  facet normal 0 0.5224985647159506 0.8526401643540912
    outer loop
      vertex -9.1 47.4954406073647 -39.20378503175341
      vertex -3.0999999999999996 47.28136900328002 -39.07260178405194
      vertex -3.0999999999999996 47.4954406073647 -39.20378503175341
    endloop
  endfacet
  facet normal 0 0.38268343236509034 0.9238795325112866
    outer loop
      vertex -9.1 47.72739821594806 -39.29986501912427
      vertex -3.0999999999999996 47.4954406073647 -39.20378503175341
      vertex -3.0999999999999996 47.72739821594806 -39.29986501912427
    endloop
  endfacet
  facet normal 0 0.649448048330173 0.76040596560004
    outer loop
      vertex -9.1 47.28136900328002 -39.07260178405194
      vertex -3.0999999999999996 47.0904545570495 -38.9095454429505
      vertex -3.0999999999999996 47.28136900328002 -39.07260178405194
    endloop
  endfacet
  facet normal 0 0.76040596560004 0.649448048330173
    outer loop
      vertex -9.1 47.0904545570495 -38.9095454429505
      vertex -3.0999999999999996 46.92739821594806 -38.71863099671998
      vertex -3.0999999999999996 47.0904545570495 -38.9095454429505
    endloop
  endfacet
  facet normal 0 0.8526401643540912 0.5224985647159506
    outer loop
      vertex -9.1 46.92739821594806 -38.71863099671998
      vertex -3.0999999999999996 46.79621496824659 -38.5045593926353
      vertex -3.0999999999999996 46.92739821594806 -38.71863099671998
    endloop
  endfacet
  facet normal 0 0.9238795325112866 0.38268343236509034
    outer loop
      vertex -9.1 46.79621496824659 -38.5045593926353
      vertex -3.0999999999999996 46.70013498087573 -38.27260178405194
      vertex -3.0999999999999996 46.79621496824659 -38.5045593926353
    endloop
  endfacet
  facet normal 0 0.9723699203976736 0.23344536385591774
    outer loop
      vertex -9.1 46.70013498087573 -38.27260178405194
      vertex -3.0999999999999996 46.64152406199575 -38.028469737116396
      vertex -3.0999999999999996 46.70013498087573 -38.27260178405194
    endloop
  endfacet
  facet normal 0 0.9969173337331293 0.07845909572782914
    outer loop
      vertex -9.1 46.64152406199575 -38.028469737116396
      vertex -3.0999999999999996 46.62182540694798 -37.77817459305202
      vertex -3.0999999999999996 46.64152406199575 -38.028469737116396
    endloop
  endfacet
  facet normal 0 0.9969173337331291 -0.07845909572783134
    outer loop
      vertex -9.1 46.62182540694798 -37.77817459305202
      vertex -3.0999999999999996 46.64152406199575 -37.527879448987655
      vertex -3.0999999999999996 46.62182540694798 -37.77817459305202
    endloop
  endfacet
  facet normal 0 0.07845909572782914 0.9969173337331293
    outer loop
      vertex -9.1 47.971530262883604 -39.35847593800425
      vertex -3.0999999999999996 47.971530262883604 -39.35847593800425
      vertex -9.1 48.22182540694798 -39.37817459305202
    endloop
  endfacet
  facet normal 0 0.23344536385591774 0.9723699203976736
    outer loop
      vertex -9.1 47.72739821594806 -39.29986501912427
      vertex -3.0999999999999996 47.72739821594806 -39.29986501912427
      vertex -9.1 47.971530262883604 -39.35847593800425
    endloop
  endfacet
  facet normal 1.2470225864401415e-19 -0.07845909572783134 0.9969173337331291
    outer loop
      vertex -9.1 48.472120551012345 -39.35847593800425
      vertex -9.1 48.22182540694798 -39.37817459305202
      vertex -3.0999999999999996 48.22182540694798 -39.37817459305202
    endloop
  endfacet
  facet normal 0 -0.23344536385591774 0.9723699203976736
    outer loop
      vertex -9.1 48.472120551012345 -39.35847593800425
      vertex -3.0999999999999996 48.472120551012345 -39.35847593800425
      vertex -9.1 48.71625259794789 -39.29986501912427
    endloop
  endfacet
  facet normal 0 -0.38268343236509034 0.9238795325112866
    outer loop
      vertex -9.1 48.71625259794789 -39.29986501912427
      vertex -3.0999999999999996 48.71625259794789 -39.29986501912427
      vertex -9.1 48.94821020653125 -39.20378503175341
    endloop
  endfacet
  facet normal 0 -0.5224985647159379 0.8526401643540988
    outer loop
      vertex -9.1 48.94821020653125 -39.20378503175341
      vertex -3.0999999999999996 48.94821020653125 -39.20378503175341
      vertex -9.1 49.16228181061594 -39.07260178405194
    endloop
  endfacet
  facet normal 0 -0.649448048330187 0.760405965600028
    outer loop
      vertex -9.1 49.16228181061594 -39.07260178405194
      vertex -3.0999999999999996 49.16228181061594 -39.07260178405194
      vertex -9.1 49.35319625684645 -38.9095454429505
    endloop
  endfacet
  facet normal 0 -0.76040596560004 0.649448048330173
    outer loop
      vertex -9.1 49.35319625684645 -38.9095454429505
      vertex -3.0999999999999996 49.35319625684645 -38.9095454429505
      vertex -9.1 49.51625259794789 -38.71863099671998
    endloop
  endfacet
  facet normal 0 -0.8526401643540785 0.5224985647159712
    outer loop
      vertex -9.1 49.51625259794789 -38.71863099671998
      vertex -3.0999999999999996 49.51625259794789 -38.71863099671998
      vertex -9.1 49.64743584564937 -38.5045593926353
    endloop
  endfacet
  facet normal 0 -0.9238795325112866 0.38268343236509034
    outer loop
      vertex -9.1 49.64743584564937 -38.5045593926353
      vertex -3.0999999999999996 49.64743584564937 -38.5045593926353
      vertex -9.1 49.743515833020226 -38.27260178405194
    endloop
  endfacet
  facet normal 0 -0.97236992039768 0.23344536385589099
    outer loop
      vertex -9.1 49.743515833020226 -38.27260178405194
      vertex -3.0999999999999996 49.743515833020226 -38.27260178405194
      vertex -9.1 49.8021267519002 -38.028469737116396
    endloop
  endfacet
  facet normal 0 -0.996917333733127 0.07845909572785725
    outer loop
      vertex -9.1 49.8021267519002 -38.028469737116396
      vertex -3.0999999999999996 49.8021267519002 -38.028469737116396
      vertex -9.1 49.82182540694798 -37.77817459305202
    endloop
  endfacet
  facet normal 0 -0.9969173337331267 -0.07845909572785946
    outer loop
      vertex -9.1 49.82182540694798 -37.77817459305202
      vertex -3.0999999999999996 49.82182540694798 -37.77817459305202
      vertex -9.1 49.8021267519002 -37.527879448987655
    endloop
  endfacet
  facet normal 0 0.07845909572782914 0.9969173337331293
    outer loop
      vertex -9.1 48.22182540694798 -39.37817459305202
      vertex -3.0999999999999996 47.971530262883604 -39.35847593800425
      vertex -3.0999999999999996 48.22182540694798 -39.37817459305202
    endloop
  endfacet
  facet normal 0 0.23344536385591774 0.9723699203976736
    outer loop
      vertex -9.1 47.971530262883604 -39.35847593800425
      vertex -3.0999999999999996 47.72739821594806 -39.29986501912427
      vertex -3.0999999999999996 47.971530262883604 -39.35847593800425
    endloop
  endfacet
  facet normal 0 -0.07845909572783134 0.9969173337331291
    outer loop
      vertex -9.1 48.472120551012345 -39.35847593800425
      vertex -3.0999999999999996 48.22182540694798 -39.37817459305202
      vertex -3.0999999999999996 48.472120551012345 -39.35847593800425
    endloop
  endfacet
  facet normal 0 -0.23344536385591774 0.9723699203976736
    outer loop
      vertex -9.1 48.71625259794789 -39.29986501912427
      vertex -3.0999999999999996 48.472120551012345 -39.35847593800425
      vertex -3.0999999999999996 48.71625259794789 -39.29986501912427
    endloop
  endfacet
  facet normal 0 -0.38268343236509034 0.9238795325112866
    outer loop
      vertex -9.1 48.94821020653125 -39.20378503175341
      vertex -3.0999999999999996 48.71625259794789 -39.29986501912427
      vertex -3.0999999999999996 48.94821020653125 -39.20378503175341
    endloop
  endfacet
  facet normal 0 -0.5224985647159379 0.8526401643540988
    outer loop
      vertex -9.1 49.16228181061594 -39.07260178405194
      vertex -3.0999999999999996 48.94821020653125 -39.20378503175341
      vertex -3.0999999999999996 49.16228181061594 -39.07260178405194
    endloop
  endfacet
  facet normal 0 -0.649448048330187 0.760405965600028
    outer loop
      vertex -9.1 49.35319625684645 -38.9095454429505
      vertex -3.0999999999999996 49.16228181061594 -39.07260178405194
      vertex -3.0999999999999996 49.35319625684645 -38.9095454429505
    endloop
  endfacet
  facet normal 0 -0.76040596560004 0.649448048330173
    outer loop
      vertex -9.1 49.51625259794789 -38.71863099671998
      vertex -3.0999999999999996 49.35319625684645 -38.9095454429505
      vertex -3.0999999999999996 49.51625259794789 -38.71863099671998
    endloop
  endfacet
  facet normal 0 -0.8526401643540785 0.5224985647159712
    outer loop
      vertex -9.1 49.64743584564937 -38.5045593926353
      vertex -3.0999999999999996 49.51625259794789 -38.71863099671998
      vertex -3.0999999999999996 49.64743584564937 -38.5045593926353
    endloop
  endfacet
  facet normal 0 -0.9238795325112866 0.38268343236509034
    outer loop
      vertex -9.1 49.743515833020226 -38.27260178405194
      vertex -3.0999999999999996 49.64743584564937 -38.5045593926353
      vertex -3.0999999999999996 49.743515833020226 -38.27260178405194
    endloop
  endfacet
  facet normal 0 -0.97236992039768 0.23344536385589099
    outer loop
      vertex -9.1 49.8021267519002 -38.028469737116396
      vertex -3.0999999999999996 49.743515833020226 -38.27260178405194
      vertex -3.0999999999999996 49.8021267519002 -38.028469737116396
    endloop
  endfacet
  facet normal 0 -0.996917333733127 0.07845909572785725
    outer loop
      vertex -9.1 49.82182540694798 -37.77817459305202
      vertex -3.0999999999999996 49.8021267519002 -38.028469737116396
      vertex -3.0999999999999996 49.82182540694798 -37.77817459305202
    endloop
  endfacet
  facet normal 0 -0.9969173337331267 -0.07845909572785946
    outer loop
      vertex -9.1 49.8021267519002 -37.527879448987655
      vertex -3.0999999999999996 49.82182540694798 -37.77817459305202
      vertex -3.0999999999999996 49.8021267519002 -37.527879448987655
    endloop
  endfacet
  facet normal 0 0.9723699203976736 -0.23344536385591774
    outer loop
      vertex -9.1 46.70013498087573 -37.28374740205211
      vertex -3.0999999999999996 46.70013498087573 -37.28374740205211
      vertex -9.1 46.64152406199575 -37.527879448987655
    endloop
  endfacet
  facet normal 0 0.9238795325112866 -0.38268343236509034
    outer loop
      vertex -9.1 46.79621496824659 -37.05178979346875
      vertex -3.0999999999999996 46.79621496824659 -37.05178979346875
      vertex -9.1 46.70013498087573 -37.28374740205211
    endloop
  endfacet
  facet normal 0 0.8526401643540988 -0.5224985647159379
    outer loop
      vertex -9.1 46.92739821594806 -36.83771818938406
      vertex -3.0999999999999996 46.92739821594806 -36.83771818938406
      vertex -9.1 46.79621496824659 -37.05178979346875
    endloop
  endfacet
  facet normal 0 0.760405965600028 -0.649448048330187
    outer loop
      vertex -9.1 47.0904545570495 -36.64680374315355
      vertex -3.0999999999999996 47.0904545570495 -36.64680374315355
      vertex -9.1 46.92739821594806 -36.83771818938406
    endloop
  endfacet
  facet normal 0 0.649448048330173 -0.76040596560004
    outer loop
      vertex -9.1 47.28136900328002 -36.48374740205211
      vertex -3.0999999999999996 47.28136900328002 -36.48374740205211
      vertex -9.1 47.0904545570495 -36.64680374315355
    endloop
  endfacet
  facet normal 0 0.5224985647159712 -0.8526401643540785
    outer loop
      vertex -9.1 47.4954406073647 -36.35256415435063
      vertex -3.0999999999999996 47.4954406073647 -36.35256415435063
      vertex -9.1 47.28136900328002 -36.48374740205211
    endloop
  endfacet
  facet normal 0 0.38268343236509034 -0.9238795325112866
    outer loop
      vertex -9.1 47.72739821594806 -36.256484166979774
      vertex -3.0999999999999996 47.72739821594806 -36.256484166979774
      vertex -9.1 47.4954406073647 -36.35256415435063
    endloop
  endfacet
  facet normal 0 0.9723699203976736 -0.23344536385591774
    outer loop
      vertex -9.1 46.64152406199575 -37.527879448987655
      vertex -3.0999999999999996 46.70013498087573 -37.28374740205211
      vertex -3.0999999999999996 46.64152406199575 -37.527879448987655
    endloop
  endfacet
  facet normal 0 0.9238795325112866 -0.38268343236509034
    outer loop
      vertex -9.1 46.70013498087573 -37.28374740205211
      vertex -3.0999999999999996 46.79621496824659 -37.05178979346875
      vertex -3.0999999999999996 46.70013498087573 -37.28374740205211
    endloop
  endfacet
  facet normal 0 0.8526401643540988 -0.5224985647159379
    outer loop
      vertex -9.1 46.79621496824659 -37.05178979346875
      vertex -3.0999999999999996 46.92739821594806 -36.83771818938406
      vertex -3.0999999999999996 46.79621496824659 -37.05178979346875
    endloop
  endfacet
  facet normal 0 0.760405965600028 -0.649448048330187
    outer loop
      vertex -9.1 46.92739821594806 -36.83771818938406
      vertex -3.0999999999999996 47.0904545570495 -36.64680374315355
      vertex -3.0999999999999996 46.92739821594806 -36.83771818938406
    endloop
  endfacet
  facet normal 0 0.649448048330173 -0.76040596560004
    outer loop
      vertex -9.1 47.0904545570495 -36.64680374315355
      vertex -3.0999999999999996 47.28136900328002 -36.48374740205211
      vertex -3.0999999999999996 47.0904545570495 -36.64680374315355
    endloop
  endfacet
  facet normal 0 0.5224985647159712 -0.8526401643540785
    outer loop
      vertex -9.1 47.28136900328002 -36.48374740205211
      vertex -3.0999999999999996 47.4954406073647 -36.35256415435063
      vertex -3.0999999999999996 47.28136900328002 -36.48374740205211
    endloop
  endfacet
  facet normal 0 0.38268343236509034 -0.9238795325112866
    outer loop
      vertex -9.1 47.4954406073647 -36.35256415435063
      vertex -3.0999999999999996 47.72739821594806 -36.256484166979774
      vertex -3.0999999999999996 47.4954406073647 -36.35256415435063
    endloop
  endfacet
  facet normal 0 -0.8526401643540863 -0.5224985647159586
    outer loop
      vertex -9.1 49.64743584564937 -37.05178979346875
      vertex -3.0999999999999996 49.64743584564937 -37.05178979346875
      vertex -9.1 49.51625259794789 -36.83771818938406
    endloop
  endfacet
  facet normal 0 -0.5224985647159586 -0.8526401643540863
    outer loop
      vertex -9.1 49.16228181061594 -36.48374740205211
      vertex -3.0999999999999996 49.16228181061594 -36.48374740205211
      vertex -9.1 48.94821020653125 -36.35256415435063
    endloop
  endfacet
  facet normal 0 -0.760405965600028 -0.649448048330187
    outer loop
      vertex -9.1 49.51625259794789 -36.83771818938406
      vertex -3.0999999999999996 49.51625259794789 -36.83771818938406
      vertex -9.1 49.35319625684645 -36.64680374315355
    endloop
  endfacet
  facet normal 0 -0.649448048330187 -0.760405965600028
    outer loop
      vertex -9.1 49.35319625684645 -36.64680374315355
      vertex -3.0999999999999996 49.35319625684645 -36.64680374315355
      vertex -9.1 49.16228181061594 -36.48374740205211
    endloop
  endfacet
  facet normal 0 0.23344536385589099 -0.97236992039768
    outer loop
      vertex -9.1 47.971530262883604 -36.1978732480998
      vertex -3.0999999999999996 47.971530262883604 -36.1978732480998
      vertex -9.1 47.72739821594806 -36.256484166979774
    endloop
  endfacet
  facet normal 0 0.07845909572785725 -0.996917333733127
    outer loop
      vertex -9.1 48.22182540694798 -36.17817459305202
      vertex -3.0999999999999996 48.22182540694798 -36.17817459305202
      vertex -9.1 47.971530262883604 -36.1978732480998
    endloop
  endfacet
  facet normal 0 -0.07845909572785946 -0.9969173337331267
    outer loop
      vertex -9.1 48.472120551012345 -36.1978732480998
      vertex -3.0999999999999996 48.472120551012345 -36.1978732480998
      vertex -9.1 48.22182540694798 -36.17817459305202
    endloop
  endfacet
  facet normal 0 -0.23344536385589099 -0.97236992039768
    outer loop
      vertex -9.1 48.71625259794789 -36.256484166979774
      vertex -3.0999999999999996 48.71625259794789 -36.256484166979774
      vertex -9.1 48.472120551012345 -36.1978732480998
    endloop
  endfacet
  facet normal 0 -0.38268343236509034 -0.9238795325112866
    outer loop
      vertex -9.1 48.94821020653125 -36.35256415435063
      vertex -3.0999999999999996 48.94821020653125 -36.35256415435063
      vertex -9.1 48.71625259794789 -36.256484166979774
    endloop
  endfacet
  facet normal 0 -0.97236992039768 -0.23344536385589099
    outer loop
      vertex -9.1 49.8021267519002 -37.527879448987655
      vertex -3.0999999999999996 49.8021267519002 -37.527879448987655
      vertex -9.1 49.743515833020226 -37.28374740205211
    endloop
  endfacet
  facet normal 0 -0.9238795325112866 -0.38268343236509034
    outer loop
      vertex -9.1 49.743515833020226 -37.28374740205211
      vertex -3.0999999999999996 49.743515833020226 -37.28374740205211
      vertex -9.1 49.64743584564937 -37.05178979346875
    endloop
  endfacet
  facet normal 0 -0.9238795325112866 -0.38268343236509034
    outer loop
      vertex -9.1 49.64743584564937 -37.05178979346875
      vertex -3.0999999999999996 49.743515833020226 -37.28374740205211
      vertex -3.0999999999999996 49.64743584564937 -37.05178979346875
    endloop
  endfacet
  facet normal 0 -0.760405965600028 -0.649448048330187
    outer loop
      vertex -9.1 49.35319625684645 -36.64680374315355
      vertex -3.0999999999999996 49.51625259794789 -36.83771818938406
      vertex -3.0999999999999996 49.35319625684645 -36.64680374315355
    endloop
  endfacet
  facet normal 0 -0.8526401643540863 -0.5224985647159586
    outer loop
      vertex -9.1 49.51625259794789 -36.83771818938406
      vertex -3.0999999999999996 49.64743584564937 -37.05178979346875
      vertex -3.0999999999999996 49.51625259794789 -36.83771818938406
    endloop
  endfacet
  facet normal 0 -0.649448048330187 -0.760405965600028
    outer loop
      vertex -9.1 49.16228181061594 -36.48374740205211
      vertex -3.0999999999999996 49.35319625684645 -36.64680374315355
      vertex -3.0999999999999996 49.16228181061594 -36.48374740205211
    endloop
  endfacet
  facet normal 0 0.23344536385589099 -0.97236992039768
    outer loop
      vertex -9.1 47.72739821594806 -36.256484166979774
      vertex -3.0999999999999996 47.971530262883604 -36.1978732480998
      vertex -3.0999999999999996 47.72739821594806 -36.256484166979774
    endloop
  endfacet
  facet normal 0 0.07845909572785725 -0.996917333733127
    outer loop
      vertex -9.1 47.971530262883604 -36.1978732480998
      vertex -3.0999999999999996 48.22182540694798 -36.17817459305202
      vertex -3.0999999999999996 47.971530262883604 -36.1978732480998
    endloop
  endfacet
  facet normal 0 -0.07845909572785946 -0.9969173337331267
    outer loop
      vertex -9.1 48.22182540694798 -36.17817459305202
      vertex -3.0999999999999996 48.472120551012345 -36.1978732480998
      vertex -3.0999999999999996 48.22182540694798 -36.17817459305202
    endloop
  endfacet
  facet normal 0 -0.23344536385589099 -0.97236992039768
    outer loop
      vertex -9.1 48.472120551012345 -36.1978732480998
      vertex -3.0999999999999996 48.71625259794789 -36.256484166979774
      vertex -3.0999999999999996 48.472120551012345 -36.1978732480998
    endloop
  endfacet
  facet normal 0 -0.38268343236509034 -0.9238795325112866
    outer loop
      vertex -9.1 48.71625259794789 -36.256484166979774
      vertex -3.0999999999999996 48.94821020653125 -36.35256415435063
      vertex -3.0999999999999996 48.71625259794789 -36.256484166979774
    endloop
  endfacet
  facet normal 0 -0.5224985647159586 -0.8526401643540863
    outer loop
      vertex -9.1 48.94821020653125 -36.35256415435063
      vertex -3.0999999999999996 49.16228181061594 -36.48374740205211
      vertex -3.0999999999999996 48.94821020653125 -36.35256415435063
    endloop
  endfacet
  facet normal 0 -0.97236992039768 -0.23344536385589099
    outer loop
      vertex -9.1 49.743515833020226 -37.28374740205211
      vertex -3.0999999999999996 49.8021267519002 -37.527879448987655
      vertex -3.0999999999999996 49.743515833020226 -37.28374740205211
    endloop
  endfacet
  facet normal 0 0.5224985647159506 0.8526401643540912
    outer loop
      vertex 6.1 47.28136900328002 -39.07260178405194
      vertex 3.0999999999999996 47.4954406073647 -39.20378503175341
      vertex 3.0999999999999996 47.28136900328002 -39.07260178405194
    endloop
  endfacet
  facet normal 0 0.38268343236509034 0.9238795325112866
    outer loop
      vertex 6.1 47.4954406073647 -39.20378503175341
      vertex 3.0999999999999996 47.72739821594806 -39.29986501912427
      vertex 3.0999999999999996 47.4954406073647 -39.20378503175341
    endloop
  endfacet
  facet normal 0 0.649448048330173 0.76040596560004
    outer loop
      vertex 6.1 47.0904545570495 -38.9095454429505
      vertex 3.0999999999999996 47.28136900328002 -39.07260178405194
      vertex 3.0999999999999996 47.0904545570495 -38.9095454429505
    endloop
  endfacet
  facet normal 0 0.76040596560004 0.649448048330173
    outer loop
      vertex 6.1 46.92739821594806 -38.71863099671998
      vertex 3.0999999999999996 47.0904545570495 -38.9095454429505
      vertex 3.0999999999999996 46.92739821594806 -38.71863099671998
    endloop
  endfacet
  facet normal 0 0.8526401643540912 0.5224985647159506
    outer loop
      vertex 6.1 46.79621496824659 -38.5045593926353
      vertex 3.0999999999999996 46.92739821594806 -38.71863099671998
      vertex 3.0999999999999996 46.79621496824659 -38.5045593926353
    endloop
  endfacet
  facet normal 0 0.9238795325112866 0.38268343236509034
    outer loop
      vertex 6.1 46.70013498087573 -38.27260178405194
      vertex 3.0999999999999996 46.79621496824659 -38.5045593926353
      vertex 3.0999999999999996 46.70013498087573 -38.27260178405194
    endloop
  endfacet
  facet normal 0 0.9723699203976736 0.23344536385591774
    outer loop
      vertex 6.1 46.64152406199575 -38.028469737116396
      vertex 3.0999999999999996 46.70013498087573 -38.27260178405194
      vertex 3.0999999999999996 46.64152406199575 -38.028469737116396
    endloop
  endfacet
  facet normal 0 0.9969173337331293 0.07845909572782914
    outer loop
      vertex 6.1 46.62182540694798 -37.77817459305202
      vertex 3.0999999999999996 46.64152406199575 -38.028469737116396
      vertex 3.0999999999999996 46.62182540694798 -37.77817459305202
    endloop
  endfacet
  facet normal 0 0.9969173337331291 -0.07845909572783134
    outer loop
      vertex 6.1 46.64152406199575 -37.527879448987655
      vertex 3.0999999999999996 46.62182540694798 -37.77817459305202
      vertex 3.0999999999999996 46.64152406199575 -37.527879448987655
    endloop
  endfacet
  facet normal 0 0.07845909572782914 0.9969173337331293
    outer loop
      vertex 6.1 47.971530262883604 -39.35847593800425
      vertex 3.0999999999999996 48.22182540694798 -39.37817459305202
      vertex 3.0999999999999996 47.971530262883604 -39.35847593800425
    endloop
  endfacet
  facet normal 0 0.23344536385591774 0.9723699203976736
    outer loop
      vertex 6.1 47.72739821594806 -39.29986501912427
      vertex 3.0999999999999996 47.971530262883604 -39.35847593800425
      vertex 3.0999999999999996 47.72739821594806 -39.29986501912427
    endloop
  endfacet
  facet normal 0 -0.07845909572783134 0.9969173337331291
    outer loop
      vertex 6.1 48.22182540694798 -39.37817459305202
      vertex 3.0999999999999996 48.472120551012345 -39.35847593800425
      vertex 3.0999999999999996 48.22182540694798 -39.37817459305202
    endloop
  endfacet
  facet normal 0 -0.23344536385591774 0.9723699203976736
    outer loop
      vertex 6.1 48.472120551012345 -39.35847593800425
      vertex 3.0999999999999996 48.71625259794789 -39.29986501912427
      vertex 3.0999999999999996 48.472120551012345 -39.35847593800425
    endloop
  endfacet
  facet normal 0 -0.38268343236509034 0.9238795325112866
    outer loop
      vertex 6.1 48.71625259794789 -39.29986501912427
      vertex 3.0999999999999996 48.94821020653125 -39.20378503175341
      vertex 3.0999999999999996 48.71625259794789 -39.29986501912427
    endloop
  endfacet
  facet normal 0 -0.5224985647159379 0.8526401643540988
    outer loop
      vertex 6.1 48.94821020653125 -39.20378503175341
      vertex 3.0999999999999996 49.16228181061594 -39.07260178405194
      vertex 3.0999999999999996 48.94821020653125 -39.20378503175341
    endloop
  endfacet
  facet normal 0 -0.649448048330187 0.760405965600028
    outer loop
      vertex 6.1 49.16228181061594 -39.07260178405194
      vertex 3.0999999999999996 49.35319625684645 -38.9095454429505
      vertex 3.0999999999999996 49.16228181061594 -39.07260178405194
    endloop
  endfacet
  facet normal 0 -0.76040596560004 0.649448048330173
    outer loop
      vertex 6.1 49.35319625684645 -38.9095454429505
      vertex 3.0999999999999996 49.51625259794789 -38.71863099671998
      vertex 3.0999999999999996 49.35319625684645 -38.9095454429505
    endloop
  endfacet
  facet normal 0 -0.8526401643540785 0.5224985647159712
    outer loop
      vertex 6.1 49.51625259794789 -38.71863099671998
      vertex 3.0999999999999996 49.64743584564937 -38.5045593926353
      vertex 3.0999999999999996 49.51625259794789 -38.71863099671998
    endloop
  endfacet
  facet normal 0 -0.9238795325112866 0.38268343236509034
    outer loop
      vertex 6.1 49.64743584564937 -38.5045593926353
      vertex 3.0999999999999996 49.743515833020226 -38.27260178405194
      vertex 3.0999999999999996 49.64743584564937 -38.5045593926353
    endloop
  endfacet
  facet normal 0 -0.97236992039768 0.23344536385589099
    outer loop
      vertex 6.1 49.743515833020226 -38.27260178405194
      vertex 3.0999999999999996 49.8021267519002 -38.028469737116396
      vertex 3.0999999999999996 49.743515833020226 -38.27260178405194
    endloop
  endfacet
  facet normal 0 -0.996917333733127 0.07845909572785725
    outer loop
      vertex 6.1 49.8021267519002 -38.028469737116396
      vertex 3.0999999999999996 49.82182540694798 -37.77817459305202
      vertex 3.0999999999999996 49.8021267519002 -38.028469737116396
    endloop
  endfacet
  facet normal 0 -0.9969173337331267 -0.07845909572785946
    outer loop
      vertex 6.1 49.82182540694798 -37.77817459305202
      vertex 3.0999999999999996 49.8021267519002 -37.527879448987655
      vertex 3.0999999999999996 49.82182540694798 -37.77817459305202
    endloop
  endfacet
  facet normal 0 0.5224985647159506 0.8526401643540912
    outer loop
      vertex 6.1 47.4954406073647 -39.20378503175341
      vertex 3.0999999999999996 47.4954406073647 -39.20378503175341
      vertex 6.1 47.28136900328002 -39.07260178405194
    endloop
  endfacet
  facet normal -1.5043131361943728e-18 0.38268343236509034 0.9238795325112866
    outer loop
      vertex 6.1 47.4954406073647 -39.20378503175341
      vertex 6.1 47.72739821594806 -39.29986501912427
      vertex 3.0999999999999996 47.72739821594806 -39.29986501912427
    endloop
  endfacet
  facet normal -2.222864287086312e-19 0.649448048330173 0.76040596560004
    outer loop
      vertex 6.1 47.0904545570495 -38.9095454429505
      vertex 6.1 47.28136900328002 -39.07260178405194
      vertex 3.0999999999999996 47.28136900328002 -39.07260178405194
    endloop
  endfacet
  facet normal 0 0.76040596560004 0.649448048330173
    outer loop
      vertex 6.1 47.0904545570495 -38.9095454429505
      vertex 3.0999999999999996 47.0904545570495 -38.9095454429505
      vertex 6.1 46.92739821594806 -38.71863099671998
    endloop
  endfacet
  facet normal 0 0.8526401643540912 0.5224985647159506
    outer loop
      vertex 6.1 46.92739821594806 -38.71863099671998
      vertex 3.0999999999999996 46.92739821594806 -38.71863099671998
      vertex 6.1 46.79621496824659 -38.5045593926353
    endloop
  endfacet
  facet normal 0 0.9238795325112866 0.38268343236509034
    outer loop
      vertex 6.1 46.79621496824659 -38.5045593926353
      vertex 3.0999999999999996 46.79621496824659 -38.5045593926353
      vertex 6.1 46.70013498087573 -38.27260178405194
    endloop
  endfacet
  facet normal 0 0.9723699203976736 0.23344536385591774
    outer loop
      vertex 6.1 46.70013498087573 -38.27260178405194
      vertex 3.0999999999999996 46.70013498087573 -38.27260178405194
      vertex 6.1 46.64152406199575 -38.028469737116396
    endloop
  endfacet
  facet normal 0 0.9969173337331293 0.07845909572782914
    outer loop
      vertex 6.1 46.64152406199575 -38.028469737116396
      vertex 3.0999999999999996 46.64152406199575 -38.028469737116396
      vertex 6.1 46.62182540694798 -37.77817459305202
    endloop
  endfacet
  facet normal 0 0.9969173337331291 -0.07845909572783134
    outer loop
      vertex 6.1 46.62182540694798 -37.77817459305202
      vertex 3.0999999999999996 46.62182540694798 -37.77817459305202
      vertex 6.1 46.64152406199575 -37.527879448987655
    endloop
  endfacet
  facet normal 0 0.07845909572782914 0.9969173337331293
    outer loop
      vertex 6.1 48.22182540694798 -39.37817459305202
      vertex 3.0999999999999996 48.22182540694798 -39.37817459305202
      vertex 6.1 47.971530262883604 -39.35847593800425
    endloop
  endfacet
  facet normal -3.5290074481619964e-19 0.23344536385591774 0.9723699203976736
    outer loop
      vertex 6.1 47.72739821594806 -39.29986501912427
      vertex 6.1 47.971530262883604 -39.35847593800425
      vertex 3.0999999999999996 47.971530262883604 -39.35847593800425
    endloop
  endfacet
  facet normal 2.494045172880283e-19 -0.07845909572783134 0.9969173337331291
    outer loop
      vertex 6.1 48.22182540694798 -39.37817459305202
      vertex 6.1 48.472120551012345 -39.35847593800425
      vertex 3.0999999999999996 48.472120551012345 -39.35847593800425
    endloop
  endfacet
  facet normal 3.5290074481619964e-19 -0.23344536385591774 0.9723699203976736
    outer loop
      vertex 6.1 48.472120551012345 -39.35847593800425
      vertex 6.1 48.71625259794789 -39.29986501912427
      vertex 3.0999999999999996 48.71625259794789 -39.29986501912427
    endloop
  endfacet
  facet normal 1.5043131361943728e-18 -0.38268343236509034 0.9238795325112866
    outer loop
      vertex 6.1 48.71625259794789 -39.29986501912427
      vertex 6.1 48.94821020653125 -39.20378503175341
      vertex 3.0999999999999996 48.94821020653125 -39.20378503175341
    endloop
  endfacet
  facet normal 1.4098788838777045e-18 -0.5224985647159379 0.8526401643540988
    outer loop
      vertex 6.1 48.94821020653125 -39.20378503175341
      vertex 6.1 49.16228181061594 -39.07260178405194
      vertex 3.0999999999999996 49.16228181061594 -39.07260178405194
    endloop
  endfacet
  facet normal 5.0148586653764905e-19 -0.649448048330187 0.760405965600028
    outer loop
      vertex 6.1 49.16228181061594 -39.07260178405194
      vertex 6.1 49.35319625684645 -38.9095454429505
      vertex 3.0999999999999996 49.35319625684645 -38.9095454429505
    endloop
  endfacet
  facet normal 2.222864287086312e-19 -0.76040596560004 0.649448048330173
    outer loop
      vertex 6.1 49.35319625684645 -38.9095454429505
      vertex 6.1 49.51625259794789 -38.71863099671998
      vertex 3.0999999999999996 49.51625259794789 -38.71863099671998
    endloop
  endfacet
  facet normal 2.829822926065193e-19 -0.8526401643540785 0.5224985647159712
    outer loop
      vertex 6.1 49.51625259794789 -38.71863099671998
      vertex 6.1 49.64743584564937 -38.5045593926353
      vertex 3.0999999999999996 49.64743584564937 -38.5045593926353
    endloop
  endfacet
  facet normal 1.5043131361943728e-18 -0.9238795325112866 0.38268343236509034
    outer loop
      vertex 6.1 49.64743584564937 -38.5045593926353
      vertex 6.1 49.743515833020226 -38.27260178405194
      vertex 3.0999999999999996 49.743515833020226 -38.27260178405194
    endloop
  endfacet
  facet normal 4.338224410077106e-19 -0.97236992039768 0.23344536385589099
    outer loop
      vertex 6.1 49.743515833020226 -38.27260178405194
      vertex 6.1 49.8021267519002 -38.028469737116396
      vertex 3.0999999999999996 49.8021267519002 -38.028469737116396
    endloop
  endfacet
  facet normal 6.658819471836311e-21 -0.996917333733127 0.07845909572785725
    outer loop
      vertex 6.1 49.8021267519002 -38.028469737116396
      vertex 6.1 49.82182540694798 -37.77817459305202
      vertex 3.0999999999999996 49.82182540694798 -37.77817459305202
    endloop
  endfacet
  facet normal 4.2100918136939064e-19 -0.9969173337331267 -0.07845909572785946
    outer loop
      vertex 6.1 49.82182540694798 -37.77817459305202
      vertex 6.1 49.8021267519002 -37.527879448987655
      vertex 3.0999999999999996 49.8021267519002 -37.527879448987655
    endloop
  endfacet
  facet normal 0 0.9723699203976736 -0.23344536385591774
    outer loop
      vertex 6.1 46.70013498087573 -37.28374740205211
      vertex 3.0999999999999996 46.64152406199575 -37.527879448987655
      vertex 3.0999999999999996 46.70013498087573 -37.28374740205211
    endloop
  endfacet
  facet normal 0 0.9238795325112866 -0.38268343236509034
    outer loop
      vertex 6.1 46.79621496824659 -37.05178979346875
      vertex 3.0999999999999996 46.70013498087573 -37.28374740205211
      vertex 3.0999999999999996 46.79621496824659 -37.05178979346875
    endloop
  endfacet
  facet normal 0 0.8526401643540988 -0.5224985647159379
    outer loop
      vertex 6.1 46.92739821594806 -36.83771818938406
      vertex 3.0999999999999996 46.79621496824659 -37.05178979346875
      vertex 3.0999999999999996 46.92739821594806 -36.83771818938406
    endloop
  endfacet
  facet normal 0 0.760405965600028 -0.649448048330187
    outer loop
      vertex 6.1 47.0904545570495 -36.64680374315355
      vertex 3.0999999999999996 46.92739821594806 -36.83771818938406
      vertex 3.0999999999999996 47.0904545570495 -36.64680374315355
    endloop
  endfacet
  facet normal 0 0.649448048330173 -0.76040596560004
    outer loop
      vertex 6.1 47.28136900328002 -36.48374740205211
      vertex 3.0999999999999996 47.0904545570495 -36.64680374315355
      vertex 3.0999999999999996 47.28136900328002 -36.48374740205211
    endloop
  endfacet
  facet normal 0 0.5224985647159712 -0.8526401643540785
    outer loop
      vertex 6.1 47.4954406073647 -36.35256415435063
      vertex 3.0999999999999996 47.28136900328002 -36.48374740205211
      vertex 3.0999999999999996 47.4954406073647 -36.35256415435063
    endloop
  endfacet
  facet normal 0 0.38268343236509034 -0.9238795325112866
    outer loop
      vertex 6.1 47.72739821594806 -36.256484166979774
      vertex 3.0999999999999996 47.4954406073647 -36.35256415435063
      vertex 3.0999999999999996 47.72739821594806 -36.256484166979774
    endloop
  endfacet
  facet normal 0 -0.8526401643540863 -0.5224985647159586
    outer loop
      vertex 6.1 49.64743584564937 -37.05178979346875
      vertex 3.0999999999999996 49.51625259794789 -36.83771818938406
      vertex 3.0999999999999996 49.64743584564937 -37.05178979346875
    endloop
  endfacet
  facet normal 0 -0.5224985647159586 -0.8526401643540863
    outer loop
      vertex 6.1 49.16228181061594 -36.48374740205211
      vertex 3.0999999999999996 48.94821020653125 -36.35256415435063
      vertex 3.0999999999999996 49.16228181061594 -36.48374740205211
    endloop
  endfacet
  facet normal 0 -0.760405965600028 -0.649448048330187
    outer loop
      vertex 6.1 49.51625259794789 -36.83771818938406
      vertex 3.0999999999999996 49.35319625684645 -36.64680374315355
      vertex 3.0999999999999996 49.51625259794789 -36.83771818938406
    endloop
  endfacet
  facet normal 0 -0.649448048330187 -0.760405965600028
    outer loop
      vertex 6.1 49.35319625684645 -36.64680374315355
      vertex 3.0999999999999996 49.16228181061594 -36.48374740205211
      vertex 3.0999999999999996 49.35319625684645 -36.64680374315355
    endloop
  endfacet
  facet normal 0 0.23344536385589099 -0.97236992039768
    outer loop
      vertex 6.1 47.971530262883604 -36.1978732480998
      vertex 3.0999999999999996 47.72739821594806 -36.256484166979774
      vertex 3.0999999999999996 47.971530262883604 -36.1978732480998
    endloop
  endfacet
  facet normal 0 0.07845909572785725 -0.996917333733127
    outer loop
      vertex 6.1 48.22182540694798 -36.17817459305202
      vertex 3.0999999999999996 47.971530262883604 -36.1978732480998
      vertex 3.0999999999999996 48.22182540694798 -36.17817459305202
    endloop
  endfacet
  facet normal 0 -0.07845909572785946 -0.9969173337331267
    outer loop
      vertex 6.1 48.472120551012345 -36.1978732480998
      vertex 3.0999999999999996 48.22182540694798 -36.17817459305202
      vertex 3.0999999999999996 48.472120551012345 -36.1978732480998
    endloop
  endfacet
  facet normal 0 -0.23344536385589099 -0.97236992039768
    outer loop
      vertex 6.1 48.71625259794789 -36.256484166979774
      vertex 3.0999999999999996 48.472120551012345 -36.1978732480998
      vertex 3.0999999999999996 48.71625259794789 -36.256484166979774
    endloop
  endfacet
  facet normal 0 -0.38268343236509034 -0.9238795325112866
    outer loop
      vertex 6.1 48.94821020653125 -36.35256415435063
      vertex 3.0999999999999996 48.71625259794789 -36.256484166979774
      vertex 3.0999999999999996 48.94821020653125 -36.35256415435063
    endloop
  endfacet
  facet normal 0 -0.97236992039768 -0.23344536385589099
    outer loop
      vertex 6.1 49.8021267519002 -37.527879448987655
      vertex 3.0999999999999996 49.743515833020226 -37.28374740205211
      vertex 3.0999999999999996 49.8021267519002 -37.527879448987655
    endloop
  endfacet
  facet normal 0 -0.9238795325112866 -0.38268343236509034
    outer loop
      vertex 6.1 49.743515833020226 -37.28374740205211
      vertex 3.0999999999999996 49.64743584564937 -37.05178979346875
      vertex 3.0999999999999996 49.743515833020226 -37.28374740205211
    endloop
  endfacet
  facet normal 0 0.9723699203976736 -0.23344536385591774
    outer loop
      vertex 6.1 46.64152406199575 -37.527879448987655
      vertex 3.0999999999999996 46.64152406199575 -37.527879448987655
      vertex 6.1 46.70013498087573 -37.28374740205211
    endloop
  endfacet
  facet normal 0 0.9238795325112866 -0.38268343236509034
    outer loop
      vertex 6.1 46.70013498087573 -37.28374740205211
      vertex 3.0999999999999996 46.70013498087573 -37.28374740205211
      vertex 6.1 46.79621496824659 -37.05178979346875
    endloop
  endfacet
  facet normal 0 0.8526401643540988 -0.5224985647159379
    outer loop
      vertex 6.1 46.79621496824659 -37.05178979346875
      vertex 3.0999999999999996 46.79621496824659 -37.05178979346875
      vertex 6.1 46.92739821594806 -36.83771818938406
    endloop
  endfacet
  facet normal 0 0.760405965600028 -0.649448048330187
    outer loop
      vertex 6.1 46.92739821594806 -36.83771818938406
      vertex 3.0999999999999996 46.92739821594806 -36.83771818938406
      vertex 6.1 47.0904545570495 -36.64680374315355
    endloop
  endfacet
  facet normal 0 0.649448048330173 -0.76040596560004
    outer loop
      vertex 6.1 47.0904545570495 -36.64680374315355
      vertex 3.0999999999999996 47.0904545570495 -36.64680374315355
      vertex 6.1 47.28136900328002 -36.48374740205211
    endloop
  endfacet
  facet normal 0 0.5224985647159712 -0.8526401643540785
    outer loop
      vertex 6.1 47.28136900328002 -36.48374740205211
      vertex 3.0999999999999996 47.28136900328002 -36.48374740205211
      vertex 6.1 47.4954406073647 -36.35256415435063
    endloop
  endfacet
  facet normal 0 0.38268343236509034 -0.9238795325112866
    outer loop
      vertex 6.1 47.4954406073647 -36.35256415435063
      vertex 3.0999999999999996 47.4954406073647 -36.35256415435063
      vertex 6.1 47.72739821594806 -36.256484166979774
    endloop
  endfacet
  facet normal -1.5043131361943728e-18 -0.9238795325112866 -0.38268343236509034
    outer loop
      vertex 6.1 49.743515833020226 -37.28374740205211
      vertex 6.1 49.64743584564937 -37.05178979346875
      vertex 3.0999999999999996 49.64743584564937 -37.05178979346875
    endloop
  endfacet
  facet normal 0 -0.760405965600028 -0.649448048330187
    outer loop
      vertex 6.1 49.35319625684645 -36.64680374315355
      vertex 3.0999999999999996 49.35319625684645 -36.64680374315355
      vertex 6.1 49.51625259794789 -36.83771818938406
    endloop
  endfacet
  facet normal 1.2679758155218878e-18 -0.8526401643540863 -0.5224985647159586
    outer loop
      vertex 6.1 49.64743584564937 -37.05178979346875
      vertex 6.1 49.51625259794789 -36.83771818938406
      vertex 3.0999999999999996 49.51625259794789 -36.83771818938406
    endloop
  endfacet
  facet normal 0 -0.649448048330187 -0.760405965600028
    outer loop
      vertex 6.1 49.16228181061594 -36.48374740205211
      vertex 3.0999999999999996 49.16228181061594 -36.48374740205211
      vertex 6.1 49.35319625684645 -36.64680374315355
    endloop
  endfacet
  facet normal 0 0.23344536385589099 -0.97236992039768
    outer loop
      vertex 6.1 47.72739821594806 -36.256484166979774
      vertex 3.0999999999999996 47.72739821594806 -36.256484166979774
      vertex 6.1 47.971530262883604 -36.1978732480998
    endloop
  endfacet
  facet normal 0 0.07845909572785725 -0.996917333733127
    outer loop
      vertex 6.1 47.971530262883604 -36.1978732480998
      vertex 3.0999999999999996 47.971530262883604 -36.1978732480998
      vertex 6.1 48.22182540694798 -36.17817459305202
    endloop
  endfacet
  facet normal 0 -0.07845909572785946 -0.9969173337331267
    outer loop
      vertex 6.1 48.22182540694798 -36.17817459305202
      vertex 3.0999999999999996 48.22182540694798 -36.17817459305202
      vertex 6.1 48.472120551012345 -36.1978732480998
    endloop
  endfacet
  facet normal -4.338224410077106e-19 -0.23344536385589099 -0.97236992039768
    outer loop
      vertex 6.1 48.71625259794789 -36.256484166979774
      vertex 6.1 48.472120551012345 -36.1978732480998
      vertex 3.0999999999999996 48.472120551012345 -36.1978732480998
    endloop
  endfacet
  facet normal 0 -0.38268343236509034 -0.9238795325112866
    outer loop
      vertex 6.1 48.71625259794789 -36.256484166979774
      vertex 3.0999999999999996 48.71625259794789 -36.256484166979774
      vertex 6.1 48.94821020653125 -36.35256415435063
    endloop
  endfacet
  facet normal 0 -0.5224985647159586 -0.8526401643540863
    outer loop
      vertex 6.1 48.94821020653125 -36.35256415435063
      vertex 3.0999999999999996 48.94821020653125 -36.35256415435063
      vertex 6.1 49.16228181061594 -36.48374740205211
    endloop
  endfacet
  facet normal -4.338224410077106e-19 -0.97236992039768 -0.23344536385589099
    outer loop
      vertex 6.1 49.8021267519002 -37.527879448987655
      vertex 6.1 49.743515833020226 -37.28374740205211
      vertex 3.0999999999999996 49.743515833020226 -37.28374740205211
    endloop
  endfacet
  facet normal 1 0 0
    outer loop
      vertex 6.1 45.813160493211186 -40.186839506788814
      vertex 6.1 48.22182540694798 -39.37817459305202
      vertex 6.1 47.971530262883604 -39.35847593800425
    endloop
  endfacet
  facet normal 1 0 0
    outer loop
      vertex 6.1 45.813160493211186 -40.186839506788814
      vertex 6.1 48.472120551012345 -39.35847593800425
      vertex 6.1 48.22182540694798 -39.37817459305202
    endloop
  endfacet
  facet normal 1 0 0
    outer loop
      vertex 6.1 45.813160493211186 -40.186839506788814
      vertex 6.1 47.28136900328002 -39.07260178405194
      vertex 6.1 47.0904545570495 -38.9095454429505
    endloop
  endfacet
  facet normal 1 0 0
    outer loop
      vertex 6.1 45.813160493211186 -40.186839506788814
      vertex 6.1 46.92739821594806 -38.71863099671998
      vertex 6.1 46.79621496824659 -38.5045593926353
    endloop
  endfacet
  facet normal 1 0 0
    outer loop
      vertex 6.1 45.813160493211186 -40.186839506788814
      vertex 6.1 47.0904545570495 -38.9095454429505
      vertex 6.1 46.92739821594806 -38.71863099671998
    endloop
  endfacet
  facet normal 1 0 0
    outer loop
      vertex 6.1 45.813160493211186 -40.186839506788814
      vertex 6.1 47.72739821594806 -39.29986501912427
      vertex 6.1 47.4954406073647 -39.20378503175341
    endloop
  endfacet
  facet normal 1 0 0
    outer loop
      vertex 6.1 45.813160493211186 -40.186839506788814
      vertex 6.1 47.4954406073647 -39.20378503175341
      vertex 6.1 47.28136900328002 -39.07260178405194
    endloop
  endfacet
  facet normal 1 0 0
    outer loop
      vertex 6.1 45.813160493211186 -40.186839506788814
      vertex 6.1 47.971530262883604 -39.35847593800425
      vertex 6.1 47.72739821594806 -39.29986501912427
    endloop
  endfacet
  facet normal 1 0 0
    outer loop
      vertex 6.1 45.813160493211186 -40.186839506788814
      vertex 6.1 46.79621496824659 -38.5045593926353
      vertex 6.1 44.93152794557926 -36.896542045420105
    endloop
  endfacet
  facet normal 1 0 0
    outer loop
      vertex 6.1 46.79621496824659 -38.5045593926353
      vertex 6.1 46.70013498087573 -38.27260178405194
      vertex 6.1 44.93152794557926 -36.896542045420105
    endloop
  endfacet
  facet normal 1 0 0
    outer loop
      vertex 6.1 46.70013498087573 -38.27260178405194
      vertex 6.1 46.64152406199575 -38.028469737116396
      vertex 6.1 44.93152794557926 -36.896542045420105
    endloop
  endfacet
  facet normal 1 0 0
    outer loop
      vertex 6.1 46.64152406199575 -38.028469737116396
      vertex 6.1 46.62182540694798 -37.77817459305202
      vertex 6.1 44.93152794557926 -36.896542045420105
    endloop
  endfacet
  facet normal 0 0.25881904510252207 0.965925826289068
    outer loop
      vertex 6.1 45.813160493211186 -40.186839506788814
      vertex 9.1 45.813160493211186 -40.186839506788814
      vertex 9.1 49.103457954579895 -41.06847205442074
    endloop
  endfacet
  facet normal 0 0.965925826289068 0.25881904510252207
    outer loop
      vertex 6.1 45.813160493211186 -40.186839506788814
      vertex 6.1 44.93152794557926 -36.896542045420105
      vertex 9.1 45.813160493211186 -40.186839506788814
    endloop
  endfacet
  facet normal 0 0.965925826289068 0.25881904510252207
    outer loop
      vertex 6.1 44.93152794557926 -36.896542045420105
      vertex 9.1 44.93152794557926 -36.896542045420105
      vertex 9.1 45.813160493211186 -40.186839506788814
    endloop
  endfacet
  facet normal 1 0 0
    outer loop
      vertex 6.1 45.813160493211186 -40.186839506788814
      vertex 6.1 49.103457954579895 -41.06847205442074
      vertex 6.1 51.51212286831669 -38.659807140683945
    endloop
  endfacet
  facet normal 1 0 0
    outer loop
      vertex 6.1 45.813160493211186 -40.186839506788814
      vertex 6.1 51.51212286831669 -38.659807140683945
      vertex 6.1 48.472120551012345 -39.35847593800425
    endloop
  endfacet
  facet normal 1 0 0
    outer loop
      vertex 6.1 48.472120551012345 -39.35847593800425
      vertex 6.1 51.51212286831669 -38.659807140683945
      vertex 6.1 48.71625259794789 -39.29986501912427
    endloop
  endfacet
  facet normal 1 0 0
    outer loop
      vertex 6.1 48.71625259794789 -39.29986501912427
      vertex 6.1 51.51212286831669 -38.659807140683945
      vertex 6.1 48.94821020653125 -39.20378503175341
    endloop
  endfacet
  facet normal 1 0 0
    outer loop
      vertex 6.1 48.94821020653125 -39.20378503175341
      vertex 6.1 51.51212286831669 -38.659807140683945
      vertex 6.1 49.16228181061594 -39.07260178405194
    endloop
  endfacet
  facet normal 1 0 0
    outer loop
      vertex 6.1 49.16228181061594 -39.07260178405194
      vertex 6.1 51.51212286831669 -38.659807140683945
      vertex 6.1 49.35319625684645 -38.9095454429505
    endloop
  endfacet
  facet normal 1 0 0
    outer loop
      vertex 6.1 49.35319625684645 -38.9095454429505
      vertex 6.1 51.51212286831669 -38.659807140683945
      vertex 6.1 49.51625259794789 -38.71863099671998
    endloop
  endfacet
  facet normal 1 0 0
    outer loop
      vertex 6.1 49.51625259794789 -38.71863099671998
      vertex 6.1 51.51212286831669 -38.659807140683945
      vertex 6.1 49.64743584564937 -38.5045593926353
    endloop
  endfacet
  facet normal 1 0 0
    outer loop
      vertex 6.1 49.64743584564937 -38.5045593926353
      vertex 6.1 51.51212286831669 -38.659807140683945
      vertex 6.1 49.743515833020226 -38.27260178405194
    endloop
  endfacet
  facet normal 1 0 0
    outer loop
      vertex 6.1 49.743515833020226 -38.27260178405194
      vertex 6.1 51.51212286831669 -38.659807140683945
      vertex 6.1 49.8021267519002 -38.028469737116396
    endloop
  endfacet
  facet normal 1 0 0
    outer loop
      vertex 6.1 49.8021267519002 -38.028469737116396
      vertex 6.1 51.51212286831669 -38.659807140683945
      vertex 6.1 49.82182540694798 -37.77817459305202
    endloop
  endfacet
  facet normal 1 0 0
    outer loop
      vertex 6.1 49.82182540694798 -37.77817459305202
      vertex 6.1 51.51212286831669 -38.659807140683945
      vertex 6.1 49.8021267519002 -37.527879448987655
    endloop
  endfacet
  facet normal 1 0 0
    outer loop
      vertex 6.1 49.8021267519002 -37.527879448987655
      vertex 6.1 51.51212286831669 -38.659807140683945
      vertex 6.1 49.743515833020226 -37.28374740205211
    endloop
  endfacet
  facet normal 1 0 0
    outer loop
      vertex 6.1 49.743515833020226 -37.28374740205211
      vertex 6.1 51.51212286831669 -38.659807140683945
      vertex 6.1 49.64743584564937 -37.05178979346875
    endloop
  endfacet
  facet normal 7.533057134208069e-18 0.25881904510252207 0.965925826289068
    outer loop
      vertex 6.1 45.813160493211186 -40.186839506788814
      vertex 9.1 49.103457954579895 -41.06847205442074
      vertex 6.1 49.103457954579895 -41.06847205442074
    endloop
  endfacet
  facet normal 0 -0.7071067811865475 0.7071067811865475
    outer loop
      vertex 6.1 49.103457954579895 -41.06847205442074
      vertex 9.1 49.103457954579895 -41.06847205442074
      vertex 6.1 51.51212286831669 -38.659807140683945
    endloop
  endfacet
  facet normal 0 -0.7071067811865475 0.7071067811865475
    outer loop
      vertex 6.1 51.51212286831669 -38.659807140683945
      vertex 9.1 49.103457954579895 -41.06847205442074
      vertex 9.1 51.51212286831669 -38.659807140683945
    endloop
  endfacet
  facet normal 0 -0.9659258262890685 -0.2588190451025196
    outer loop
      vertex 6.1 51.51212286831669 -38.659807140683945
      vertex 9.1 51.51212286831669 -38.659807140683945
      vertex 9.1 50.63049032068477 -35.36950967931523
    endloop
  endfacet
  facet normal 1 0 0
    outer loop
      vertex 6.1 46.62182540694798 -37.77817459305202
      vertex 6.1 46.64152406199575 -37.527879448987655
      vertex 6.1 44.93152794557926 -36.896542045420105
    endloop
  endfacet
  facet normal 1 0 0
    outer loop
      vertex 6.1 46.64152406199575 -37.527879448987655
      vertex 6.1 46.70013498087573 -37.28374740205211
      vertex 6.1 44.93152794557926 -36.896542045420105
    endloop
  endfacet
  facet normal 1 0 0
    outer loop
      vertex 6.1 46.70013498087573 -37.28374740205211
      vertex 6.1 46.79621496824659 -37.05178979346875
      vertex 6.1 44.93152794557926 -36.896542045420105
    endloop
  endfacet
  facet normal 1 0 0
    outer loop
      vertex 6.1 44.93152794557926 -36.896542045420105
      vertex 6.1 46.79621496824659 -37.05178979346875
      vertex 6.1 46.92739821594806 -36.83771818938406
    endloop
  endfacet
  facet normal 1 0 0
    outer loop
      vertex 6.1 44.93152794557926 -36.896542045420105
      vertex 6.1 46.92739821594806 -36.83771818938406
      vertex 6.1 47.0904545570495 -36.64680374315355
    endloop
  endfacet
  facet normal 1 0 0
    outer loop
      vertex 6.1 44.93152794557926 -36.896542045420105
      vertex 6.1 47.0904545570495 -36.64680374315355
      vertex 6.1 47.28136900328002 -36.48374740205211
    endloop
  endfacet
  facet normal 1 0 0
    outer loop
      vertex 6.1 44.93152794557926 -36.896542045420105
      vertex 6.1 47.28136900328002 -36.48374740205211
      vertex 6.1 47.4954406073647 -36.35256415435063
    endloop
  endfacet
  facet normal 1 0 0
    outer loop
      vertex 6.1 44.93152794557926 -36.896542045420105
      vertex 6.1 47.4954406073647 -36.35256415435063
      vertex 6.1 47.72739821594806 -36.256484166979774
    endloop
  endfacet
  facet normal 1 0 0
    outer loop
      vertex 6.1 44.93152794557926 -36.896542045420105
      vertex 6.1 47.72739821594806 -36.256484166979774
      vertex 6.1 47.971530262883604 -36.1978732480998
    endloop
  endfacet
  facet normal 1 0 0
    outer loop
      vertex 6.1 44.93152794557926 -36.896542045420105
      vertex 6.1 50.63049032068477 -35.36950967931523
      vertex 6.1 47.340192859316055 -34.48787713168331
    endloop
  endfacet
  facet normal 0 0.7071067811865475 -0.7071067811865475
    outer loop
      vertex 6.1 44.93152794557926 -36.896542045420105
      vertex 9.1 47.340192859316055 -34.48787713168331
      vertex 9.1 44.93152794557926 -36.896542045420105
    endloop
  endfacet
  facet normal 3.5984153817520977e-17 0.7071067811865475 -0.7071067811865475
    outer loop
      vertex 6.1 44.93152794557926 -36.896542045420105
      vertex 6.1 47.340192859316055 -34.48787713168331
      vertex 9.1 47.340192859316055 -34.48787713168331
    endloop
  endfacet
  facet normal 1 0 0
    outer loop
      vertex 6.1 44.93152794557926 -36.896542045420105
      vertex 6.1 47.971530262883604 -36.1978732480998
      vertex 6.1 50.63049032068477 -35.36950967931523
    endloop
  endfacet
  facet normal 1 0 0
    outer loop
      vertex 6.1 47.971530262883604 -36.1978732480998
      vertex 6.1 48.22182540694798 -36.17817459305202
      vertex 6.1 50.63049032068477 -35.36950967931523
    endloop
  endfacet
  facet normal 1 0 0
    outer loop
      vertex 6.1 48.22182540694798 -36.17817459305202
      vertex 6.1 48.472120551012345 -36.1978732480998
      vertex 6.1 50.63049032068477 -35.36950967931523
    endloop
  endfacet
  facet normal 1 0 0
    outer loop
      vertex 6.1 48.71625259794789 -36.256484166979774
      vertex 6.1 50.63049032068477 -35.36950967931523
      vertex 6.1 48.472120551012345 -36.1978732480998
    endloop
  endfacet
  facet normal 1 0 0
    outer loop
      vertex 6.1 48.71625259794789 -36.256484166979774
      vertex 6.1 48.94821020653125 -36.35256415435063
      vertex 6.1 50.63049032068477 -35.36950967931523
    endloop
  endfacet
  facet normal 1 0 0
    outer loop
      vertex 6.1 48.94821020653125 -36.35256415435063
      vertex 6.1 49.16228181061594 -36.48374740205211
      vertex 6.1 50.63049032068477 -35.36950967931523
    endloop
  endfacet
  facet normal 1 0 0
    outer loop
      vertex 6.1 49.64743584564937 -37.05178979346875
      vertex 6.1 51.51212286831669 -38.659807140683945
      vertex 6.1 50.63049032068477 -35.36950967931523
    endloop
  endfacet
  facet normal 1 0 0
    outer loop
      vertex 6.1 49.35319625684645 -36.64680374315355
      vertex 6.1 49.51625259794789 -36.83771818938406
      vertex 6.1 50.63049032068477 -35.36950967931523
    endloop
  endfacet
  facet normal 1 0 0
    outer loop
      vertex 6.1 49.64743584564937 -37.05178979346875
      vertex 6.1 50.63049032068477 -35.36950967931523
      vertex 6.1 49.51625259794789 -36.83771818938406
    endloop
  endfacet
  facet normal 1 0 0
    outer loop
      vertex 6.1 49.16228181061594 -36.48374740205211
      vertex 6.1 49.35319625684645 -36.64680374315355
      vertex 6.1 50.63049032068477 -35.36950967931523
    endloop
  endfacet
  facet normal 0 -0.9659258262890685 -0.2588190451025196
    outer loop
      vertex 6.1 50.63049032068477 -35.36950967931523
      vertex 6.1 51.51212286831669 -38.659807140683945
      vertex 9.1 50.63049032068477 -35.36950967931523
    endloop
  endfacet
  facet normal 0 -0.2588190451025196 -0.9659258262890685
    outer loop
      vertex 6.1 47.340192859316055 -34.48787713168331
      vertex 6.1 50.63049032068477 -35.36950967931523
      vertex 9.1 47.340192859316055 -34.48787713168331
    endloop
  endfacet
  facet normal 0 -0.2588190451025196 -0.9659258262890685
    outer loop
      vertex 6.1 50.63049032068477 -35.36950967931523
      vertex 9.1 50.63049032068477 -35.36950967931523
      vertex 9.1 47.340192859316055 -34.48787713168331
    endloop
  endfacet
  facet normal 1 0 0
    outer loop
      vertex 6.1 56 -33.406366588218795
      vertex 6.1 55.505572809000085 -31.521690426072247
      vertex 6.1 53.05 -31.703183294109397
    endloop
  endfacet
  facet normal 1 0 0
    outer loop
      vertex 6.1 53.05 -31.703183294109397
      vertex 6.1 55.27361520041673 -31.42561043870139
      vertex 6.1 55.05954359633204 -31.294427190999915
    endloop
  endfacet
  facet normal 1 0 0
    outer loop
      vertex 6.1 53.05 -31.703183294109397
      vertex 6.1 54.868629150101526 -31.131370849898477
      vertex 6.1 54.70557280900008 -30.94045640366796
    endloop
  endfacet
  facet normal 1 0 0
    outer loop
      vertex 6.1 53.05 -31.703183294109397
      vertex 6.1 55.05954359633204 -31.294427190999915
      vertex 6.1 54.868629150101526 -31.131370849898477
    endloop
  endfacet
  facet normal 1 0 0
    outer loop
      vertex 6.1 53.05 -31.703183294109397
      vertex 6.1 55.505572809000085 -31.521690426072247
      vertex 6.1 55.27361520041673 -31.42561043870139
    endloop
  endfacet
  facet normal 1 0 0
    outer loop
      vertex 6.1 53.05 -31.703183294109397
      vertex 6.1 54.57438956129861 -30.726384799583276
      vertex 6.1 54.47830957392775 -30.494427190999915
    endloop
  endfacet
  facet normal 1 0 0
    outer loop
      vertex 6.1 53.05 -31.703183294109397
      vertex 6.1 54.47830957392775 -30.494427190999915
      vertex 6.1 54.41969865504778 -30.25029514406437
    endloop
  endfacet
  facet normal 1 0 0
    outer loop
      vertex 6.1 53.05 -31.703183294109397
      vertex 6.1 54.41969865504778 -30.25029514406437
      vertex 6.1 54.4 -30
    endloop
  endfacet
  facet normal 1 0 0
    outer loop
      vertex 6.1 53.05 -31.703183294109397
      vertex 6.1 54.70557280900008 -30.94045640366796
      vertex 6.1 54.57438956129861 -30.726384799583276
    endloop
  endfacet
  facet normal 1 0 0
    outer loop
      vertex 6.1 53.05 -31.703183294109397
      vertex 6.1 54.4 -30
      vertex 6.1 54.41969865504778 -29.74970485593563
    endloop
  endfacet
  facet normal 1 0 0
    outer loop
      vertex 6.1 53.05 -31.703183294109397
      vertex 6.1 54.41969865504778 -29.74970485593563
      vertex 6.1 54.47830957392775 -29.505572809000085
    endloop
  endfacet
  facet normal 1 0 0
    outer loop
      vertex 6.1 53.05 -31.703183294109397
      vertex 6.1 54.47830957392775 -29.505572809000085
      vertex 6.1 54.57438956129861 -29.273615200416724
    endloop
  endfacet
  facet normal 1 0 0
    outer loop
      vertex 6.1 53.05 -31.703183294109397
      vertex 6.1 54.57438956129861 -29.273615200416724
      vertex 6.1 54.70557280900008 -29.05954359633204
    endloop
  endfacet
  facet normal 1 0 0
    outer loop
      vertex 6.1 53.05 -31.703183294109397
      vertex 6.1 54.70557280900008 -29.05954359633204
      vertex 6.1 56 -26.59363341178121
    endloop
  endfacet
  facet normal 0 0.4999999999999999 0.8660254037844386
    outer loop
      vertex 6.1 56 -33.406366588218795
      vertex 6.1 53.05 -31.703183294109397
      vertex 9.1 56 -33.406366588218795
    endloop
  endfacet
  facet normal 0 0.4999999999999999 0.8660254037844386
    outer loop
      vertex 6.1 53.05 -31.703183294109397
      vertex 9.1 53.05 -31.703183294109397
      vertex 9.1 56 -33.406366588218795
    endloop
  endfacet
  facet normal 0 1 0
    outer loop
      vertex 6.1 53.05 -31.703183294109397
      vertex 6.1 53.05 -28.296816705890603
      vertex 9.1 53.05 -28.296816705890603
    endloop
  endfacet
  facet normal 0 1 0
    outer loop
      vertex 6.1 53.05 -31.703183294109397
      vertex 9.1 53.05 -28.296816705890603
      vertex 9.1 53.05 -31.703183294109397
    endloop
  endfacet
  facet normal 1 0 0
    outer loop
      vertex 6.1 56 -33.406366588218795
      vertex 6.1 56 -31.6
      vertex 6.1 55.74970485593563 -31.580301344952222
    endloop
  endfacet
  facet normal 1 0 0
    outer loop
      vertex 6.1 56 -33.406366588218795
      vertex 6.1 56.25029514406437 -31.580301344952222
      vertex 6.1 56 -31.6
    endloop
  endfacet
  facet normal 1 0 0
    outer loop
      vertex 6.1 56 -33.406366588218795
      vertex 6.1 55.74970485593563 -31.580301344952222
      vertex 6.1 55.505572809000085 -31.521690426072247
    endloop
  endfacet
  facet normal 1 0 0
    outer loop
      vertex 6.1 56 -33.406366588218795
      vertex 6.1 56.494427190999915 -31.521690426072247
      vertex 6.1 56.25029514406437 -31.580301344952222
    endloop
  endfacet
  facet normal 1 0 0
    outer loop
      vertex 6.1 56 -33.406366588218795
      vertex 6.1 56.72638479958327 -31.42561043870139
      vertex 6.1 56.494427190999915 -31.521690426072247
    endloop
  endfacet
  facet normal 1 0 0
    outer loop
      vertex 6.1 56 -33.406366588218795
      vertex 6.1 56.94045640366796 -31.294427190999915
      vertex 6.1 56.72638479958327 -31.42561043870139
    endloop
  endfacet
  facet normal 1 0 0
    outer loop
      vertex 6.1 56 -33.406366588218795
      vertex 6.1 57.131370849898474 -31.131370849898477
      vertex 6.1 56.94045640366796 -31.294427190999915
    endloop
  endfacet
  facet normal 1 0 0
    outer loop
      vertex 6.1 56 -33.406366588218795
      vertex 6.1 57.29442719099992 -30.94045640366796
      vertex 6.1 57.131370849898474 -31.131370849898477
    endloop
  endfacet
  facet normal 1 0 0
    outer loop
      vertex 6.1 56 -33.406366588218795
      vertex 6.1 58.95 -31.703183294109397
      vertex 6.1 58.95 -28.296816705890603
    endloop
  endfacet
  facet normal 1 0 0
    outer loop
      vertex 6.1 56 -33.406366588218795
      vertex 6.1 58.95 -28.296816705890603
      vertex 6.1 57.29442719099992 -30.94045640366796
    endloop
  endfacet
  facet normal 1 0 0
    outer loop
      vertex 6.1 57.29442719099992 -30.94045640366796
      vertex 6.1 58.95 -28.296816705890603
      vertex 6.1 57.42561043870139 -30.726384799583276
    endloop
  endfacet
  facet normal 1 0 0
    outer loop
      vertex 6.1 57.42561043870139 -30.726384799583276
      vertex 6.1 58.95 -28.296816705890603
      vertex 6.1 57.52169042607225 -30.494427190999915
    endloop
  endfacet
  facet normal 1 0 0
    outer loop
      vertex 6.1 57.52169042607225 -30.494427190999915
      vertex 6.1 58.95 -28.296816705890603
      vertex 6.1 57.58030134495222 -30.25029514406437
    endloop
  endfacet
  facet normal 1 0 0
    outer loop
      vertex 6.1 57.58030134495222 -30.25029514406437
      vertex 6.1 58.95 -28.296816705890603
      vertex 6.1 57.6 -30
    endloop
  endfacet
  facet normal 1 0 0
    outer loop
      vertex 6.1 57.6 -30
      vertex 6.1 58.95 -28.296816705890603
      vertex 6.1 57.58030134495222 -29.74970485593563
    endloop
  endfacet
  facet normal 1 0 0
    outer loop
      vertex 6.1 57.58030134495222 -29.74970485593563
      vertex 6.1 58.95 -28.296816705890603
      vertex 6.1 57.52169042607225 -29.505572809000085
    endloop
  endfacet
  facet normal 1 0 0
    outer loop
      vertex 6.1 57.52169042607225 -29.505572809000085
      vertex 6.1 58.95 -28.296816705890603
      vertex 6.1 57.42561043870139 -29.273615200416724
    endloop
  endfacet
  facet normal 2.1744604893421622e-17 -0.4999999999999999 0.8660254037844386
    outer loop
      vertex 6.1 56 -33.406366588218795
      vertex 9.1 58.95 -31.703183294109397
      vertex 6.1 58.95 -31.703183294109397
    endloop
  endfacet
  facet normal 0 -0.4999999999999999 0.8660254037844386
    outer loop
      vertex 6.1 56 -33.406366588218795
      vertex 9.1 56 -33.406366588218795
      vertex 9.1 58.95 -31.703183294109397
    endloop
  endfacet
  facet normal 0 -1 0
    outer loop
      vertex 6.1 58.95 -31.703183294109397
      vertex 9.1 58.95 -31.703183294109397
      vertex 6.1 58.95 -28.296816705890603
    endloop
  endfacet
  facet normal 0 -1 0
    outer loop
      vertex 6.1 58.95 -28.296816705890603
      vertex 9.1 58.95 -31.703183294109397
      vertex 9.1 58.95 -28.296816705890603
    endloop
  endfacet
  facet normal 1 0 0
    outer loop
      vertex 6.1 53.05 -31.703183294109397
      vertex 6.1 56 -26.59363341178121
      vertex 6.1 53.05 -28.296816705890603
    endloop
  endfacet
  facet normal 1 0 0
    outer loop
      vertex 6.1 54.70557280900008 -29.05954359633204
      vertex 6.1 54.868629150101526 -28.868629150101523
      vertex 6.1 56 -26.59363341178121
    endloop
  endfacet
  facet normal 1 0 0
    outer loop
      vertex 6.1 54.868629150101526 -28.868629150101523
      vertex 6.1 55.05954359633204 -28.705572809000085
      vertex 6.1 56 -26.59363341178121
    endloop
  endfacet
  facet normal 1 0 0
    outer loop
      vertex 6.1 55.05954359633204 -28.705572809000085
      vertex 6.1 55.27361520041673 -28.57438956129861
      vertex 6.1 56 -26.59363341178121
    endloop
  endfacet
  facet normal 0 0.4999999999999992 -0.8660254037844393
    outer loop
      vertex 6.1 53.05 -28.296816705890603
      vertex 6.1 56 -26.59363341178121
      vertex 9.1 53.05 -28.296816705890603
    endloop
  endfacet
  facet normal 0 0.4999999999999992 -0.8660254037844393
    outer loop
      vertex 6.1 56 -26.59363341178121
      vertex 9.1 56 -26.59363341178121
      vertex 9.1 53.05 -28.296816705890603
    endloop
  endfacet
  facet normal 1 0 0
    outer loop
      vertex 6.1 56.494427190999915 -28.478309573927753
      vertex 6.1 56.72638479958327 -28.57438956129861
      vertex 6.1 58.95 -28.296816705890603
    endloop
  endfacet
  facet normal 1 0 0
    outer loop
      vertex 6.1 55.27361520041673 -28.57438956129861
      vertex 6.1 55.505572809000085 -28.478309573927753
      vertex 6.1 56 -26.59363341178121
    endloop
  endfacet
  facet normal 1 0 0
    outer loop
      vertex 6.1 55.505572809000085 -28.478309573927753
      vertex 6.1 55.74970485593563 -28.419698655047778
      vertex 6.1 56 -26.59363341178121
    endloop
  endfacet
  facet normal 1 0 0
    outer loop
      vertex 6.1 55.74970485593563 -28.419698655047778
      vertex 6.1 56 -28.4
      vertex 6.1 56 -26.59363341178121
    endloop
  endfacet
  facet normal 1 0 0
    outer loop
      vertex 6.1 56 -28.4
      vertex 6.1 56.25029514406437 -28.419698655047778
      vertex 6.1 56 -26.59363341178121
    endloop
  endfacet
  facet normal 1 0 0
    outer loop
      vertex 6.1 56.494427190999915 -28.478309573927753
      vertex 6.1 56 -26.59363341178121
      vertex 6.1 56.25029514406437 -28.419698655047778
    endloop
  endfacet
  facet normal 1 0 0
    outer loop
      vertex 6.1 56.494427190999915 -28.478309573927753
      vertex 6.1 58.95 -28.296816705890603
      vertex 6.1 56 -26.59363341178121
    endloop
  endfacet
  facet normal 1 0 0
    outer loop
      vertex 6.1 57.29442719099992 -29.05954359633204
      vertex 6.1 57.42561043870139 -29.273615200416724
      vertex 6.1 58.95 -28.296816705890603
    endloop
  endfacet
  facet normal 1 0 0
    outer loop
      vertex 6.1 57.29442719099992 -29.05954359633204
      vertex 6.1 58.95 -28.296816705890603
      vertex 6.1 57.131370849898474 -28.868629150101523
    endloop
  endfacet
  facet normal 1 0 0
    outer loop
      vertex 6.1 56.94045640366796 -28.705572809000085
      vertex 6.1 57.131370849898474 -28.868629150101523
      vertex 6.1 58.95 -28.296816705890603
    endloop
  endfacet
  facet normal 1 0 0
    outer loop
      vertex 6.1 56.72638479958327 -28.57438956129861
      vertex 6.1 56.94045640366796 -28.705572809000085
      vertex 6.1 58.95 -28.296816705890603
    endloop
  endfacet
  facet normal 0 -0.4999999999999992 -0.8660254037844393
    outer loop
      vertex 6.1 56 -26.59363341178121
      vertex 6.1 58.95 -28.296816705890603
      vertex 9.1 56 -26.59363341178121
    endloop
  endfacet
  facet normal 0 -0.4999999999999992 -0.8660254037844393
    outer loop
      vertex 6.1 58.95 -28.296816705890603
      vertex 9.1 58.95 -28.296816705890603
      vertex 9.1 56 -26.59363341178121
    endloop
  endfacet
endsolid OpenSCAD_Model
