solid OpenSCAD_Model
  facet normal -1 0 0
    outer loop
      vertex -2.7 -7.947368421052632 -18
      vertex -2.7 -7.462926441174391 -14.134108958806856
      vertex -2.7 -7.263847995832749 -14.256104387013886
    endloop
  endfacet
  facet normal -8.777870354845736e-19 -0.9986178293325098 0.0525588331227638
    outer loop
      vertex -2.7 -7.947368421052632 -18
      vertex 2.7 -7.735121454735212 -13.967307639969025
      vertex -2.7 -7.735121454735212 -13.967307639969025
    endloop
  endfacet
  facet normal -1 0 0
    outer loop
      vertex -2.7 -7.947368421052632 -18
      vertex -2.7 -7.263847995832749 -10.26651133813816
      vertex -2.7 -7.462926441174391 -14.134108958806856
    endloop
  endfacet
  facet normal -1 0 0
    outer loop
      vertex -2.7 -7.947368421052632 -18
      vertex -2.7 -7.735121454735212 -13.967307639969025
      vertex -2.7 -7.263847995832749 -10.26651133813816
    endloop
  endfacet
  facet normal -1 0 0
    outer loop
      vertex -2.7 -7.947368421052632 -18
      vertex -2.7 -7.263847995832749 -14.256104387013886
      vertex -2.7 -4.944271909999158 -15.216904260722456
    endloop
  endfacet
  facet normal -1 0 0
    outer loop
      vertex -2.7 -7.947368421052632 -18
      vertex -2.7 -4.944271909999158 -15.216904260722456
      vertex -2.7 -3.217692306619553 -15.631419349354871
    endloop
  endfacet
  facet normal -1 0 0
    outer loop
      vertex -2.7 -7.462926441174391 -14.134108958806856
      vertex -2.7 -7.263847995832749 -10.26651133813816
      vertex -2.7 -7.263847995832749 -11.416878282262653
    endloop
  endfacet
  facet normal -1 0 0
    outer loop
      vertex -2.7 -7.947368421052632 -18
      vertex -2.7 -3.217692306619553 -15.631419349354871
      vertex -2.7 2.502951440643694 -15.803013449522204
    endloop
  endfacet
  facet normal -1 0 0
    outer loop
      vertex -2.7 -3.217692306619553 -15.631419349354871
      vertex -2.7 -3.4909425480932073 -12.049747939592985
      vertex -2.7 -2.6997808335013995 -12.289744221911509
    endloop
  endfacet
  facet normal -1 0 0
    outer loop
      vertex -2.7 -3.217692306619553 -15.631419349354871
      vertex -2.7 -2.458138057403216 -12.357894533080703
      vertex -2.7 -2.405089374422089 -12.36417325847219
    endloop
  endfacet
  facet normal -1 0 0
    outer loop
      vertex -2.7 -3.217692306619553 -15.631419349354871
      vertex -2.7 -2.6997808335013995 -12.289744221911509
      vertex -2.7 -2.458138057403216 -12.357894533080703
    endloop
  endfacet
  facet normal -1 0 0
    outer loop
      vertex -2.7 -3.217692306619553 -15.631419349354871
      vertex -2.7 -2.405089374422089 -12.36417325847219
      vertex -2.7 -2.2088092473919203 -12.387404542420692
    endloop
  endfacet
  facet normal -1 0 0
    outer loop
      vertex -2.7 -3.217692306619553 -15.631419349354871
      vertex -2.7 -2.2088092473919203 -12.387404542420692
      vertex -2.7 -0.2502951440643694 -12.58030134495222
    endloop
  endfacet
  facet normal -1 0 0
    outer loop
      vertex -2.7 -3.217692306619553 -15.631419349354871
      vertex -2.7 -0.2502951440643694 -12.58030134495222
      vertex -2.7 2.502951440643694 -15.803013449522204
    endloop
  endfacet
  facet normal -1 0 0
    outer loop
      vertex -2.7 -7.735121454735212 -13.967307639969025
      vertex -2.7 -7.528894388681149 -10.048993384941836
      vertex -2.7 -7.263847995832749 -10.26651133813816
    endloop
  endfacet
  facet normal -1 0 0
    outer loop
      vertex -2.7 -6.879729175696104 -1.3414663535687628
      vertex -2.7 -7.088315057370677 -6.101050369921932
      vertex -2.7 -7.3070782449765925 -5.83448665455526
    endloop
  endfacet
  facet normal -1 0 0
    outer loop
      vertex -2.7 -6.879729175696104 -1.3414663535687628
      vertex -2.7 -7.3070782449765925 -5.83448665455526
      vertex -2.7 -7 0
    endloop
  endfacet
  facet normal -1 0 0
    outer loop
      vertex -2.7 -6.879729175696104 -1.3414663535687628
      vertex -2.7 -7 0
      vertex -2.7 -6.735441880296625 1.6703542289967674
    endloop
  endfacet
  facet normal -1 0 0
    outer loop
      vertex -2.7 -7 0
      vertex -2.7 -6.967042550843438 0.4187640965653503
      vertex -2.7 -6.735441880296625 1.6703542289967674
    endloop
  endfacet
  facet normal -1 0 0
    outer loop
      vertex -2.7 -3.788234964732858 -8.152939858931433
      vertex -2.7 -3.5953287318014335 -8.67989138550467
      vertex -2.7 -3.7545249543763917 -8.594799231737055
    endloop
  endfacet
  facet normal -1 0 0
    outer loop
      vertex -2.7 -3.788234964732858 -8.152939858931433
      vertex -2.7 2.502951440643694 -3.0118057625747756
      vertex -2.7 -3.5953287318014335 -8.67989138550467
    endloop
  endfacet
  facet normal -1 0 0
    outer loop
      vertex -2.7 2.502951440643694 -3.0118057625747756
      vertex -2.7 -1.8328826928985371 -9.214523546442761
      vertex -2.7 -3.5953287318014335 -8.67989138550467
    endloop
  endfacet
  facet normal -1 0 0
    outer loop
      vertex -2.7 -3.788234964732858 -8.152939858931433
      vertex -2.7 -4.944271909999158 3.407776187363317
      vertex -2.7 0 7
    endloop
  endfacet
  facet normal -1 0 0
    outer loop
      vertex -2.7 -3.788234964732858 -8.152939858931433
      vertex -2.7 -1.5216904260722457 -0.49442719099991583
      vertex -2.7 -1.4256104387013888 -0.726384799583275
    endloop
  endfacet
  facet normal -1 0 0
    outer loop
      vertex -2.7 -3.788234964732858 -8.152939858931433
      vertex -2.7 -1.5803013449522205 -0.2502951440643694
      vertex -2.7 -1.5216904260722457 -0.49442719099991583
    endloop
  endfacet
  facet normal -1 0 0
    outer loop
      vertex -2.7 -3.788234964732858 -8.152939858931433
      vertex -2.7 -1.294427190999916 -0.940456403667957
      vertex -2.7 -1.1313708498984762 -1.1313708498984762
    endloop
  endfacet
  facet normal -1 0 0
    outer loop
      vertex -2.7 -3.788234964732858 -8.152939858931433
      vertex -2.7 -1.1313708498984762 -1.1313708498984762
      vertex -2.7 -0.940456403667957 -1.294427190999916
    endloop
  endfacet
  facet normal -1 0 0
    outer loop
      vertex -2.7 -3.788234964732858 -8.152939858931433
      vertex -2.7 -1.4256104387013888 -0.726384799583275
      vertex -2.7 -1.294427190999916 -0.940456403667957
    endloop
  endfacet
  facet normal -1 0 0
    outer loop
      vertex -2.7 -3.788234964732858 -8.152939858931433
      vertex -2.7 -0.2502951440643694 -1.5803013449522205
      vertex -2.7 0 -1.6
    endloop
  endfacet
  facet normal -1 0 0
    outer loop
      vertex -2.7 -3.788234964732858 -8.152939858931433
      vertex -2.7 -0.940456403667957 -1.294427190999916
      vertex -2.7 -0.726384799583275 -1.4256104387013888
    endloop
  endfacet
  facet normal -1 0 0
    outer loop
      vertex -2.7 -3.788234964732858 -8.152939858931433
      vertex -2.7 -0.726384799583275 -1.4256104387013888
      vertex -2.7 -0.49442719099991583 -1.5216904260722457
    endloop
  endfacet
  facet normal -1 0 0
    outer loop
      vertex -2.7 -3.788234964732858 -8.152939858931433
      vertex -2.7 -0.49442719099991583 -1.5216904260722457
      vertex -2.7 -0.2502951440643694 -1.5803013449522205
    endloop
  endfacet
  facet normal -1 0 0
    outer loop
      vertex -2.7 -3.788234964732858 -8.152939858931433
      vertex -2.7 -1.6 0
      vertex -2.7 -1.5803013449522205 -0.2502951440643694
    endloop
  endfacet
  facet normal -1 0 0
    outer loop
      vertex -2.7 -3.788234964732858 -8.152939858931433
      vertex -2.7 -1.5803013449522205 0.2502951440643694
      vertex -2.7 -1.6 0
    endloop
  endfacet
  facet normal -1 0 0
    outer loop
      vertex -2.7 -3.788234964732858 -8.152939858931433
      vertex -2.7 0 -1.6
      vertex -2.7 2.502951440643694 -3.0118057625747756
    endloop
  endfacet
  facet normal -1 0 0
    outer loop
      vertex -2.7 -3.788234964732858 -8.152939858931433
      vertex -2.7 0 7
      vertex -2.7 -1.5803013449522205 0.2502951440643694
    endloop
  endfacet
  facet normal -1 0 0
    outer loop
      vertex -2.7 -4.944271909999158 3.407776187363317
      vertex -2.7 -3.1030747279366855 5.991749902010804
      vertex -2.7 0 7
    endloop
  endfacet
  facet normal -1 0 0
    outer loop
      vertex -2.7 -3.667674354829298 5.936932086377616
      vertex -2.7 -3.1779334981768277 6.237045669318575
      vertex -2.7 -3.398596518930039 6.027888355830233
    endloop
  endfacet
  facet normal -1 0 0
    outer loop
      vertex -2.7 -3.398596518930039 6.027888355830233
      vertex -2.7 -2.502951440643694 6.484242316931556
      vertex -2.7 -3.1030747279366855 5.991749902010804
    endloop
  endfacet
  facet normal -1 0 0
    outer loop
      vertex -2.7 -3.398596518930039 6.027888355830233
      vertex -2.7 -3.1779334981768277 6.237045669318575
      vertex -2.7 -2.502951440643694 6.484242316931556
    endloop
  endfacet
  facet normal -1 0 0
    outer loop
      vertex -2.7 -3.1779334981768277 6.237045669318575
      vertex -2.7 -2.2611547433325616 6.616787863270589
      vertex -2.7 -2.502951440643694 6.484242316931556
    endloop
  endfacet
  facet normal -1 0 0
    outer loop
      vertex -2.7 0 7
      vertex -2.7 -1.5216904260722457 0.49442719099991583
      vertex -2.7 -1.5803013449522205 0.2502951440643694
    endloop
  endfacet
  facet normal -1 0 0
    outer loop
      vertex -2.7 0 7
      vertex -2.7 -1.4256104387013888 0.726384799583275
      vertex -2.7 -1.5216904260722457 0.49442719099991583
    endloop
  endfacet
  facet normal -1 0 0
    outer loop
      vertex -2.7 0 7
      vertex -2.7 -1.294427190999916 0.940456403667957
      vertex -2.7 -1.4256104387013888 0.726384799583275
    endloop
  endfacet
  facet normal -1 0 0
    outer loop
      vertex -2.7 0 7
      vertex -2.7 -1.1313708498984762 1.1313708498984762
      vertex -2.7 -1.294427190999916 0.940456403667957
    endloop
  endfacet
  facet normal -1 0 0
    outer loop
      vertex -2.7 0 7
      vertex -2.7 -0.940456403667957 1.294427190999916
      vertex -2.7 -1.1313708498984762 1.1313708498984762
    endloop
  endfacet
  facet normal -1 0 0
    outer loop
      vertex -2.7 0 7
      vertex -2.7 -0.726384799583275 1.4256104387013888
      vertex -2.7 -0.940456403667957 1.294427190999916
    endloop
  endfacet
  facet normal -1 0 0
    outer loop
      vertex -2.7 0 7
      vertex -2.7 -0.49442719099991583 1.5216904260722457
      vertex -2.7 -0.726384799583275 1.4256104387013888
    endloop
  endfacet
  facet normal -1 0 0
    outer loop
      vertex -2.7 0 7
      vertex -2.7 -0.2502951440643694 1.5803013449522205
      vertex -2.7 -0.49442719099991583 1.5216904260722457
    endloop
  endfacet
  facet normal -1 0 0
    outer loop
      vertex -2.7 0 7
      vertex -2.7 0 1.6
      vertex -2.7 -0.2502951440643694 1.5803013449522205
    endloop
  endfacet
  facet normal -1 0 0
    outer loop
      vertex -2.7 -3.1030747279366855 5.991749902010804
      vertex -2.7 -2.502951440643694 6.484242316931556
      vertex -2.7 0 7
    endloop
  endfacet
  facet normal -1 0 0
    outer loop
      vertex -2.7 -2.502951440643694 6.484242316931556
      vertex -2.7 -2.1631189606246317 6.657395614066075
      vertex -2.7 0 7
    endloop
  endfacet
  facet normal -1 0 0
    outer loop
      vertex -2.7 -2.1631189606246317 6.657395614066075
      vertex -2.7 -1.095041255281616 6.913818384165964
      vertex -2.7 0 7
    endloop
  endfacet
  facet normal -1 0 0
    outer loop
      vertex -2.7 -7.947368421052632 -18
      vertex -2.7 2.502951440643694 -15.803013449522204
      vertex -2.7 7.947368421052632 -18
    endloop
  endfacet
  facet normal -1 0 0
    outer loop
      vertex -2.7 2.502951440643694 -15.803013449522204
      vertex -2.7 -0.2502951440643694 -12.58030134495222
      vertex -2.7 0 -12.6
    endloop
  endfacet
  facet normal -1 0 0
    outer loop
      vertex -2.7 2.502951440643694 -15.803013449522204
      vertex -2.7 0 -12.6
      vertex -2.7 0.2502951440643694 -12.58030134495222
    endloop
  endfacet
  facet normal -1 0 0
    outer loop
      vertex -2.7 2.502951440643694 -15.803013449522204
      vertex -2.7 0.2502951440643694 -12.58030134495222
      vertex -2.7 0.49442719099991583 -12.521690426072245
    endloop
  endfacet
  facet normal -1 0 0
    outer loop
      vertex -2.7 2.502951440643694 -15.803013449522204
      vertex -2.7 0.49442719099991583 -12.521690426072245
      vertex -2.7 0.726384799583275 -12.425610438701389
    endloop
  endfacet
  facet normal -1 0 0
    outer loop
      vertex -2.7 2.502951440643694 -15.803013449522204
      vertex -2.7 0.726384799583275 -12.425610438701389
      vertex -2.7 0.940456403667957 -12.294427190999915
    endloop
  endfacet
  facet normal -1 0 0
    outer loop
      vertex -2.7 2.502951440643694 -15.803013449522204
      vertex -2.7 0.940456403667957 -12.294427190999915
      vertex -2.7 1.1313708498984762 -12.131370849898476
    endloop
  endfacet
  facet normal -1 0 0
    outer loop
      vertex -2.7 2.502951440643694 -15.803013449522204
      vertex -2.7 1.1313708498984762 -12.131370849898476
      vertex -2.7 1.294427190999916 -11.940456403667957
    endloop
  endfacet
  facet normal -1 0 0
    outer loop
      vertex -2.7 2.502951440643694 -15.803013449522204
      vertex -2.7 1.294427190999916 -11.940456403667957
      vertex -2.7 1.4256104387013888 -11.726384799583276
    endloop
  endfacet
  facet normal -1 0 0
    outer loop
      vertex -2.7 2.502951440643694 -15.803013449522204
      vertex -2.7 1.4256104387013888 -11.726384799583276
      vertex -2.7 1.5216904260722457 -11.494427190999916
    endloop
  endfacet
  facet normal -1 0 0
    outer loop
      vertex -2.7 2.502951440643694 -15.803013449522204
      vertex -2.7 1.5216904260722457 -11.494427190999916
      vertex -2.7 1.5803013449522205 -11.250295144064369
    endloop
  endfacet
  facet normal -1 0 0
    outer loop
      vertex -2.7 2.502951440643694 -15.803013449522204
      vertex -2.7 4.944271909999158 -15.216904260722456
      vertex -2.7 7.947368421052632 -18
    endloop
  endfacet
  facet normal -1 0 0
    outer loop
      vertex -2.7 4.944271909999158 -15.216904260722456
      vertex -2.7 5.496990211062546 -14.987960844250185
      vertex -2.7 7.947368421052632 -18
    endloop
  endfacet
  facet normal 0 0.9986178293325098 0.0525588331227638
    outer loop
      vertex -2.7 7.947368421052632 -18
      vertex -2.7 7.735121454735212 -13.967307639969025
      vertex 2.7 7.947368421052632 -18
    endloop
  endfacet
  facet normal -1 0 0
    outer loop
      vertex -2.7 2.502951440643694 -15.803013449522204
      vertex -2.7 1.5803013449522205 -11.250295144064369
      vertex -2.7 2.502951440643694 -3.0118057625747756
    endloop
  endfacet
  facet normal -1 0 0
    outer loop
      vertex -2.7 2.502951440643694 -3.0118057625747756
      vertex -2.7 1.5803013449522205 -10.749704855935631
      vertex -2.7 1.5216904260722457 -10.505572809000084
    endloop
  endfacet
  facet normal -1 0 0
    outer loop
      vertex -2.7 2.502951440643694 -3.0118057625747756
      vertex -2.7 1.5803013449522205 -11.250295144064369
      vertex -2.7 1.6 -11
    endloop
  endfacet
  facet normal -1 0 0
    outer loop
      vertex -2.7 2.502951440643694 -3.0118057625747756
      vertex -2.7 1.6 -11
      vertex -2.7 1.5803013449522205 -10.749704855935631
    endloop
  endfacet
  facet normal -1 0 0
    outer loop
      vertex -2.7 2.502951440643694 -3.0118057625747756
      vertex -2.7 0.2502951440643694 -9.41969865504778
      vertex -2.7 -1.8328826928985371 -9.214523546442761
    endloop
  endfacet
  facet normal -1 0 0
    outer loop
      vertex -2.7 2.502951440643694 -3.0118057625747756
      vertex -2.7 0.49442719099991583 -9.478309573927755
      vertex -2.7 0.2502951440643694 -9.41969865504778
    endloop
  endfacet
  facet normal -1 0 0
    outer loop
      vertex -2.7 2.502951440643694 -3.0118057625747756
      vertex -2.7 0.726384799583275 -9.574389561298611
      vertex -2.7 0.49442719099991583 -9.478309573927755
    endloop
  endfacet
  facet normal -1 0 0
    outer loop
      vertex -2.7 2.502951440643694 -3.0118057625747756
      vertex -2.7 0.940456403667957 -9.705572809000085
      vertex -2.7 0.726384799583275 -9.574389561298611
    endloop
  endfacet
  facet normal -1 0 0
    outer loop
      vertex -2.7 2.502951440643694 -3.0118057625747756
      vertex -2.7 1.1313708498984762 -9.868629150101524
      vertex -2.7 0.940456403667957 -9.705572809000085
    endloop
  endfacet
  facet normal -1 0 0
    outer loop
      vertex -2.7 2.502951440643694 -3.0118057625747756
      vertex -2.7 1.294427190999916 -10.059543596332043
      vertex -2.7 1.1313708498984762 -9.868629150101524
    endloop
  endfacet
  facet normal -1 0 0
    outer loop
      vertex -2.7 2.502951440643694 -3.0118057625747756
      vertex -2.7 1.5216904260722457 -10.505572809000084
      vertex -2.7 1.4256104387013888 -10.273615200416724
    endloop
  endfacet
  facet normal -1 0 0
    outer loop
      vertex -2.7 2.502951440643694 -3.0118057625747756
      vertex -2.7 1.4256104387013888 -10.273615200416724
      vertex -2.7 1.294427190999916 -10.059543596332043
    endloop
  endfacet
  facet normal -1 0 0
    outer loop
      vertex -2.7 5.496990211062546 -14.987960844250185
      vertex -2.7 2.502951440643694 -3.0118057625747756
      vertex -2.7 6.657395614066075 2.1631189606246317
    endloop
  endfacet
  facet normal -1 0 0
    outer loop
      vertex -2.7 2.502951440643694 -3.0118057625747756
      vertex -2.7 0 -1.6
      vertex -2.7 0.2502951440643694 -1.5803013449522205
    endloop
  endfacet
  facet normal -1 0 0
    outer loop
      vertex -2.7 2.502951440643694 -3.0118057625747756
      vertex -2.7 0.2502951440643694 -1.5803013449522205
      vertex -2.7 0.49442719099991583 -1.5216904260722457
    endloop
  endfacet
  facet normal -1 0 0
    outer loop
      vertex -2.7 2.502951440643694 -3.0118057625747756
      vertex -2.7 0.49442719099991583 -1.5216904260722457
      vertex -2.7 0.726384799583275 -1.4256104387013888
    endloop
  endfacet
  facet normal -1 0 0
    outer loop
      vertex -2.7 2.502951440643694 -3.0118057625747756
      vertex -2.7 0.726384799583275 -1.4256104387013888
      vertex -2.7 0.940456403667957 -1.294427190999916
    endloop
  endfacet
  facet normal -1 0 0
    outer loop
      vertex -2.7 2.502951440643694 -3.0118057625747756
      vertex -2.7 0.940456403667957 -1.294427190999916
      vertex -2.7 1.1313708498984762 -1.1313708498984762
    endloop
  endfacet
  facet normal -1 0 0
    outer loop
      vertex -2.7 2.502951440643694 -3.0118057625747756
      vertex -2.7 1.1313708498984762 -1.1313708498984762
      vertex -2.7 1.294427190999916 -0.940456403667957
    endloop
  endfacet
  facet normal -1 0 0
    outer loop
      vertex -2.7 2.502951440643694 -3.0118057625747756
      vertex -2.7 1.294427190999916 -0.940456403667957
      vertex -2.7 1.4256104387013888 -0.726384799583275
    endloop
  endfacet
  facet normal -1 0 0
    outer loop
      vertex -2.7 2.502951440643694 -3.0118057625747756
      vertex -2.7 1.4256104387013888 -0.726384799583275
      vertex -2.7 1.5216904260722457 -0.49442719099991583
    endloop
  endfacet
  facet normal -1 0 0
    outer loop
      vertex -2.7 2.502951440643694 -3.0118057625747756
      vertex -2.7 1.5216904260722457 -0.49442719099991583
      vertex -2.7 1.5803013449522205 -0.2502951440643694
    endloop
  endfacet
  facet normal -1 0 0
    outer loop
      vertex -2.7 2.502951440643694 -3.0118057625747756
      vertex -2.7 1.5803013449522205 -0.2502951440643694
      vertex -2.7 1.6 0
    endloop
  endfacet
  facet normal -1 0 0
    outer loop
      vertex -2.7 2.502951440643694 -3.0118057625747756
      vertex -2.7 1.6 0
      vertex -2.7 1.5803013449522205 0.2502951440643694
    endloop
  endfacet
  facet normal -1 0 0
    outer loop
      vertex -2.7 2.502951440643694 -3.0118057625747756
      vertex -2.7 1.5803013449522205 0.2502951440643694
      vertex -2.7 0 7
    endloop
  endfacet
  facet normal -1 0 0
    outer loop
      vertex -2.7 2.502951440643694 -3.0118057625747756
      vertex -2.7 0 7
      vertex -2.7 6.657395614066075 2.1631189606246317
    endloop
  endfacet
  facet normal -1 0 0
    outer loop
      vertex -2.7 5.496990211062546 -14.987960844250185
      vertex -2.7 6.657395614066075 2.1631189606246317
      vertex -2.7 7.947368421052632 -18
    endloop
  endfacet
  facet normal -1 0 0
    outer loop
      vertex -2.7 7.947368421052632 -18
      vertex -2.7 6.657395614066075 2.1631189606246317
      vertex -2.7 7.735121454735212 -13.967307639969025
    endloop
  endfacet
  facet normal -1 0 0
    outer loop
      vertex -2.7 7.735121454735212 -13.967307639969025
      vertex -2.7 6.657395614066075 2.1631189606246317
      vertex -2.7 7 0
    endloop
  endfacet
  facet normal -1 0 0
    outer loop
      vertex -2.7 7 0
      vertex -2.7 6.657395614066075 2.1631189606246317
      vertex -2.7 6.913818384165964 1.095041255281616
    endloop
  endfacet
  facet normal -1 0 0
    outer loop
      vertex -2.7 0 7
      vertex -2.7 0.2502951440643694 1.5803013449522205
      vertex -2.7 0 1.6
    endloop
  endfacet
  facet normal -1 0 0
    outer loop
      vertex -2.7 0 7
      vertex -2.7 0.49442719099991583 1.5216904260722457
      vertex -2.7 0.2502951440643694 1.5803013449522205
    endloop
  endfacet
  facet normal -1 0 0
    outer loop
      vertex -2.7 0 7
      vertex -2.7 0.726384799583275 1.4256104387013888
      vertex -2.7 0.49442719099991583 1.5216904260722457
    endloop
  endfacet
  facet normal -1 0 0
    outer loop
      vertex -2.7 0 7
      vertex -2.7 0.940456403667957 1.294427190999916
      vertex -2.7 0.726384799583275 1.4256104387013888
    endloop
  endfacet
  facet normal -1 0 0
    outer loop
      vertex -2.7 0 7
      vertex -2.7 1.4256104387013888 0.726384799583275
      vertex -2.7 1.294427190999916 0.940456403667957
    endloop
  endfacet
  facet normal -1 0 0
    outer loop
      vertex -2.7 0 7
      vertex -2.7 1.294427190999916 0.940456403667957
      vertex -2.7 1.1313708498984762 1.1313708498984762
    endloop
  endfacet
  facet normal -1 0 0
    outer loop
      vertex -2.7 0 7
      vertex -2.7 1.5803013449522205 0.2502951440643694
      vertex -2.7 1.5216904260722457 0.49442719099991583
    endloop
  endfacet
  facet normal -1 0 0
    outer loop
      vertex -2.7 0 7
      vertex -2.7 1.5216904260722457 0.49442719099991583
      vertex -2.7 1.4256104387013888 0.726384799583275
    endloop
  endfacet
  facet normal -1 0 0
    outer loop
      vertex -2.7 0 7
      vertex -2.7 1.1313708498984762 1.1313708498984762
      vertex -2.7 0.940456403667957 1.294427190999916
    endloop
  endfacet
  facet normal -1 0 0
    outer loop
      vertex -2.7 0 7
      vertex -2.7 1.095041255281616 6.913818384165964
      vertex -2.7 2.1631189606246317 6.657395614066075
    endloop
  endfacet
  facet normal -1 0 0
    outer loop
      vertex -2.7 6.657395614066075 2.1631189606246317
      vertex -2.7 0 7
      vertex -2.7 4.114496766047312 5.663118960624632
    endloop
  endfacet
  facet normal -1 0 0
    outer loop
      vertex -2.7 6.657395614066075 2.1631189606246317
      vertex -2.7 4.114496766047312 5.663118960624632
      vertex -2.7 6.35830688545116 2.750113641482443
    endloop
  endfacet
  facet normal -1 0 0
    outer loop
      vertex -2.7 4.114496766047312 5.663118960624632
      vertex -2.7 5.663118960624632 4.114496766047312
      vertex -2.7 6.35830688545116 2.750113641482443
    endloop
  endfacet
  facet normal -1 0 0
    outer loop
      vertex -2.7 6.657395614066075 2.1631189606246317
      vertex -2.7 6.35830688545116 2.750113641482443
      vertex -2.7 6.574498037294135 2.363251414755314
    endloop
  endfacet
  facet normal 0 -0.9986178293325098 0.0525588331227638
    outer loop
      vertex -2.7 -7.947368421052632 -18
      vertex 2.7 -7.947368421052632 -18
      vertex 2.7 -7.735121454735212 -13.967307639969025
    endloop
  endfacet
  facet normal 1 0 0
    outer loop
      vertex 2.7 -7.947368421052632 -18
      vertex 2.7 -7.2994807006608395 -13.80334794416449
      vertex 2.7 -7.735121454735212 -13.967307639969025
    endloop
  endfacet
  facet normal 1 0 0
    outer loop
      vertex 2.7 -7.947368421052632 -18
      vertex 2.7 -7.263847995832749 -14.256104387013886
      vertex 2.7 -7.2994807006608395 -13.80334794416449
    endloop
  endfacet
  facet normal 1 0 0
    outer loop
      vertex 2.7 -7.735121454735212 -13.967307639969025
      vertex 2.7 -7.2994807006608395 -13.80334794416449
      vertex 2.7 -7.528894388681149 -10.048993384941838
    endloop
  endfacet
  facet normal 1 0 0
    outer loop
      vertex 2.7 -7.947368421052632 -18
      vertex 2.7 -4.944271909999158 -15.216904260722456
      vertex 2.7 -7.263847995832749 -14.256104387013886
    endloop
  endfacet
  facet normal 1 0 0
    outer loop
      vertex 2.7 -7.947368421052632 -18
      vertex 2.7 -3.344881707613442 -15.600883875796116
      vertex 2.7 -4.944271909999158 -15.216904260722456
    endloop
  endfacet
  facet normal 1 0 0
    outer loop
      vertex 2.7 -7.263847995832749 -14.256104387013886
      vertex 2.7 -7.263847995832749 -13.233817599825958
      vertex 2.7 -7.2994807006608395 -13.80334794416449
    endloop
  endfacet
  facet normal 1 0 0
    outer loop
      vertex 2.7 -7.2994807006608395 -13.80334794416449
      vertex 2.7 -7.263847995832749 -12.923615280820737
      vertex 2.7 -7.528894388681149 -10.048993384941838
    endloop
  endfacet
  facet normal 1 0 0
    outer loop
      vertex 2.7 -3.344881707613442 -15.600883875796116
      vertex 2.7 -2.6997808335013995 -12.289744221911509
      vertex 2.7 -3.653194002937737 -12.00052949885543
    endloop
  endfacet
  facet normal 1 0 0
    outer loop
      vertex 2.7 -3.344881707613442 -15.600883875796116
      vertex 2.7 -2.458138057403216 -12.357894533080703
      vertex 2.7 -2.6997808335013995 -12.289744221911509
    endloop
  endfacet
  facet normal 1 0 0
    outer loop
      vertex 2.7 -3.344881707613442 -15.600883875796116
      vertex 2.7 -2.261857930373047 -12.381125817029204
      vertex 2.7 -2.458138057403216 -12.357894533080703
    endloop
  endfacet
  facet normal 1 0 0
    outer loop
      vertex 2.7 -3.344881707613442 -15.600883875796116
      vertex 2.7 -2.2088092473919203 -12.387404542420692
      vertex 2.7 -2.261857930373047 -12.381125817029204
    endloop
  endfacet
  facet normal 1 0 0
    outer loop
      vertex 2.7 -7.947368421052632 -18
      vertex 2.7 4.944271909999158 -15.216904260722456
      vertex 2.7 -3.344881707613442 -15.600883875796116
    endloop
  endfacet
  facet normal 1 0 0
    outer loop
      vertex 2.7 -3.344881707613442 -15.600883875796116
      vertex 2.7 -0.2502951440643694 -12.58030134495222
      vertex 2.7 -2.2088092473919203 -12.387404542420692
    endloop
  endfacet
  facet normal 1 0 0
    outer loop
      vertex 2.7 -7.263847995832749 -12.923615280820737
      vertex 2.7 -7.19735375606833 -10.321081750425094
      vertex 2.7 -7.528894388681149 -10.048993384941838
    endloop
  endfacet
  facet normal 1 0 0
    outer loop
      vertex 2.7 -7.263847995832749 -12.923615280820737
      vertex 2.7 -7.176486171641745 -10.337532427530352
      vertex 2.7 -7.19735375606833 -10.321081750425094
    endloop
  endfacet
  facet normal 1 0 0
    outer loop
      vertex 2.7 -7 0
      vertex 2.7 -7.3070782449765925 -5.834486654555261
      vertex 2.7 -7.035543572221975 -6.16535261062614
    endloop
  endfacet
  facet normal 1 0 0
    outer loop
      vertex 2.7 -7 0
      vertex 2.7 -7.035543572221975 -6.16535261062614
      vertex 2.7 -6.79898348475225 0.8372940447458334
    endloop
  endfacet
  facet normal 1 0 0
    outer loop
      vertex 2.7 -4.944271909999158 3.076189996780311
      vertex 2.7 -3.953968880819548 -8.488194232055434
      vertex 2.7 -3.5953287318014335 -8.67989138550467
    endloop
  endfacet
  facet normal 1 0 0
    outer loop
      vertex 2.7 -4.944271909999158 3.076189996780311
      vertex 2.7 -3.5953287318014335 -8.67989138550467
      vertex 2.7 -1.8328826928985396 -9.214523546442761
    endloop
  endfacet
  facet normal 1 0 0
    outer loop
      vertex 2.7 -4.944271909999158 3.076189996780311
      vertex 2.7 -1.8328826928985396 -9.214523546442761
      vertex 2.7 0.2502951440643694 -9.41969865504778
    endloop
  endfacet
  facet normal 1 0 0
    outer loop
      vertex 2.7 -4.944271909999158 3.076189996780311
      vertex 2.7 0.2502951440643694 -9.41969865504778
      vertex 2.7 0.49442719099991583 -9.478309573927755
    endloop
  endfacet
  facet normal 1 0 0
    outer loop
      vertex 2.7 -4.944271909999158 3.076189996780311
      vertex 2.7 0.940456403667957 -9.705572809000085
      vertex 2.7 1.1313708498984762 -9.868629150101524
    endloop
  endfacet
  facet normal 1 0 0
    outer loop
      vertex 2.7 -4.944271909999158 3.076189996780311
      vertex 2.7 1.1313708498984762 -9.868629150101524
      vertex 2.7 1.294427190999916 -10.059543596332043
    endloop
  endfacet
  facet normal 1 0 0
    outer loop
      vertex 2.7 -4.944271909999158 3.076189996780311
      vertex 2.7 0.49442719099991583 -9.478309573927755
      vertex 2.7 0.726384799583275 -9.574389561298611
    endloop
  endfacet
  facet normal 1 0 0
    outer loop
      vertex 2.7 -4.944271909999158 3.076189996780311
      vertex 2.7 0.726384799583275 -9.574389561298611
      vertex 2.7 0.940456403667957 -9.705572809000085
    endloop
  endfacet
  facet normal 1 0 0
    outer loop
      vertex 2.7 -4.944271909999158 3.076189996780311
      vertex 2.7 4.944271909999158 -15.216904260722456
      vertex 2.7 -4.083156445938434 4.2753948728808
    endloop
  endfacet
  facet normal 1 0 0
    outer loop
      vertex 2.7 -4.083156445938434 4.2753948728808
      vertex 2.7 4.944271909999158 -15.216904260722456
      vertex 2.7 -1.4256104387013888 -0.726384799583275
    endloop
  endfacet
  facet normal 1 0 0
    outer loop
      vertex 2.7 -4.083156445938434 4.2753948728808
      vertex 2.7 -1.5216904260722457 -0.49442719099991583
      vertex 2.7 -1.5803013449522205 -0.2502951440643694
    endloop
  endfacet
  facet normal 1 0 0
    outer loop
      vertex 2.7 -4.083156445938434 4.2753948728808
      vertex 2.7 -1.5803013449522205 -0.2502951440643694
      vertex 2.7 -1.6 0
    endloop
  endfacet
  facet normal 1 0 0
    outer loop
      vertex 2.7 -4.083156445938434 4.2753948728808
      vertex 2.7 -1.4256104387013888 -0.726384799583275
      vertex 2.7 -1.5216904260722457 -0.49442719099991583
    endloop
  endfacet
  facet normal 1 0 0
    outer loop
      vertex 2.7 -4.083156445938434 4.2753948728808
      vertex 2.7 -1.6 0
      vertex 2.7 -1.5803013449522205 0.2502951440643694
    endloop
  endfacet
  facet normal 1 0 0
    outer loop
      vertex 2.7 -4.083156445938434 4.2753948728808
      vertex 2.7 -1.5803013449522205 0.2502951440643694
      vertex 2.7 -1.5216904260722457 0.49442719099991583
    endloop
  endfacet
  facet normal 1 0 0
    outer loop
      vertex 2.7 -4.083156445938434 4.2753948728808
      vertex 2.7 -1.5216904260722457 0.49442719099991583
      vertex 2.7 -1.4256104387013888 0.726384799583275
    endloop
  endfacet
  facet normal 1 0 0
    outer loop
      vertex 2.7 -4.083156445938434 4.2753948728808
      vertex 2.7 -1.4256104387013888 0.726384799583275
      vertex 2.7 -1.294427190999916 0.940456403667957
    endloop
  endfacet
  facet normal 1 0 0
    outer loop
      vertex 2.7 -4.083156445938434 4.2753948728808
      vertex 2.7 -1.294427190999916 0.940456403667957
      vertex 2.7 -1.1313708498984762 1.1313708498984762
    endloop
  endfacet
  facet normal 1 0 0
    outer loop
      vertex 2.7 -4.083156445938434 4.2753948728808
      vertex 2.7 -1.1313708498984762 1.1313708498984762
      vertex 2.7 -0.940456403667957 1.294427190999916
    endloop
  endfacet
  facet normal 1 0 0
    outer loop
      vertex 2.7 -2.838769747362891 6.377531894771036
      vertex 2.7 -2.7592184153320236 6.373094446844645
      vertex 2.7 -2.502951440643694 6.5166323919072955
    endloop
  endfacet
  facet normal 1 0 0
    outer loop
      vertex 2.7 -2.7592184153320236 6.373094446844645
      vertex 2.7 -2.502951440643694 6.456360634414903
      vertex 2.7 -2.502951440643694 6.5166323919072955
    endloop
  endfacet
  facet normal 1 0 0
    outer loop
      vertex 2.7 -4.083156445938434 4.2753948728808
      vertex 2.7 -0.940456403667957 1.294427190999916
      vertex 2.7 -0.726384799583275 1.4256104387013888
    endloop
  endfacet
  facet normal 1 0 0
    outer loop
      vertex 2.7 -4.083156445938434 4.2753948728808
      vertex 2.7 -0.49442719099991583 1.5216904260722457
      vertex 2.7 -1.6916104280485311 5.493948432632764
    endloop
  endfacet
  facet normal 1 0 0
    outer loop
      vertex 2.7 -4.083156445938434 4.2753948728808
      vertex 2.7 -0.726384799583275 1.4256104387013888
      vertex 2.7 -0.49442719099991583 1.5216904260722457
    endloop
  endfacet
  facet normal 1 0 0
    outer loop
      vertex 2.7 -1.6916104280485311 5.493948432632764
      vertex 2.7 -0.49442719099991583 1.5216904260722457
      vertex 2.7 -0.2502951440643694 1.5803013449522205
    endloop
  endfacet
  facet normal 1 0 0
    outer loop
      vertex 2.7 -1.6916104280485311 5.493948432632764
      vertex 2.7 -0.2502951440643694 1.5803013449522205
      vertex 2.7 1.095041255281616 6.913818384165964
    endloop
  endfacet
  facet normal 1 0 0
    outer loop
      vertex 2.7 -7.947368421052632 -18
      vertex 2.7 7.947368421052632 -18
      vertex 2.7 4.944271909999158 -15.216904260722456
    endloop
  endfacet
  facet normal 1 0 0
    outer loop
      vertex 2.7 -3.344881707613442 -15.600883875796116
      vertex 2.7 4.944271909999158 -15.216904260722456
      vertex 2.7 -0.2502951440643694 -12.58030134495222
    endloop
  endfacet
  facet normal 1 0 0
    outer loop
      vertex 2.7 4.944271909999158 -15.216904260722456
      vertex 2.7 0 -12.6
      vertex 2.7 -0.2502951440643694 -12.58030134495222
    endloop
  endfacet
  facet normal 1 0 0
    outer loop
      vertex 2.7 4.944271909999158 -15.216904260722456
      vertex 2.7 0.2502951440643694 -12.58030134495222
      vertex 2.7 0 -12.6
    endloop
  endfacet
  facet normal 1 0 0
    outer loop
      vertex 2.7 4.944271909999158 -15.216904260722456
      vertex 2.7 0.49442719099991583 -12.521690426072245
      vertex 2.7 0.2502951440643694 -12.58030134495222
    endloop
  endfacet
  facet normal 1 0 0
    outer loop
      vertex 2.7 4.944271909999158 -15.216904260722456
      vertex 2.7 0.726384799583275 -12.425610438701389
      vertex 2.7 0.49442719099991583 -12.521690426072245
    endloop
  endfacet
  facet normal 1 0 0
    outer loop
      vertex 2.7 4.944271909999158 -15.216904260722456
      vertex 2.7 0.940456403667957 -12.294427190999915
      vertex 2.7 0.726384799583275 -12.425610438701389
    endloop
  endfacet
  facet normal 1 0 0
    outer loop
      vertex 2.7 4.944271909999158 -15.216904260722456
      vertex 2.7 1.1313708498984762 -12.131370849898476
      vertex 2.7 0.940456403667957 -12.294427190999915
    endloop
  endfacet
  facet normal 1 0 0
    outer loop
      vertex 2.7 4.944271909999158 -15.216904260722456
      vertex 2.7 1.294427190999916 -11.940456403667957
      vertex 2.7 1.1313708498984762 -12.131370849898476
    endloop
  endfacet
  facet normal 1 0 0
    outer loop
      vertex 2.7 4.944271909999158 -15.216904260722456
      vertex 2.7 1.4256104387013888 -11.726384799583276
      vertex 2.7 1.294427190999916 -11.940456403667957
    endloop
  endfacet
  facet normal 1 0 0
    outer loop
      vertex 2.7 4.944271909999158 -15.216904260722456
      vertex 2.7 1.5216904260722457 -11.494427190999916
      vertex 2.7 1.4256104387013888 -11.726384799583276
    endloop
  endfacet
  facet normal 1 0 0
    outer loop
      vertex 2.7 4.944271909999158 -15.216904260722456
      vertex 2.7 1.5803013449522205 -11.250295144064369
      vertex 2.7 1.5216904260722457 -11.494427190999916
    endloop
  endfacet
  facet normal 1 0 0
    outer loop
      vertex 2.7 4.944271909999158 -15.216904260722456
      vertex 2.7 1.6 -11
      vertex 2.7 1.5803013449522205 -11.250295144064369
    endloop
  endfacet
  facet normal 1 0 0
    outer loop
      vertex 2.7 4.944271909999158 -15.216904260722456
      vertex 2.7 1.4256104387013888 -10.273615200416724
      vertex 2.7 1.5216904260722457 -10.505572809000084
    endloop
  endfacet
  facet normal 1 0 0
    outer loop
      vertex 2.7 4.944271909999158 -15.216904260722456
      vertex 2.7 1.5803013449522205 -10.749704855935631
      vertex 2.7 1.6 -11
    endloop
  endfacet
  facet normal 1 0 0
    outer loop
      vertex 2.7 4.944271909999158 -15.216904260722456
      vertex 2.7 1.5216904260722457 -10.505572809000084
      vertex 2.7 1.5803013449522205 -10.749704855935631
    endloop
  endfacet
  facet normal 1 0 0
    outer loop
      vertex 2.7 4.944271909999158 -15.216904260722456
      vertex 2.7 1.294427190999916 -10.059543596332043
      vertex 2.7 1.4256104387013888 -10.273615200416724
    endloop
  endfacet
  facet normal 1 0 0
    outer loop
      vertex 2.7 4.944271909999158 -15.216904260722456
      vertex 2.7 7.947368421052632 -18
      vertex 2.7 7.263847995832749 -14.256104387013886
    endloop
  endfacet
  facet normal 0 0.9986178293325098 0.0525588331227638
    outer loop
      vertex -2.7 7.735121454735212 -13.967307639969025
      vertex 2.7 7.735121454735212 -13.967307639969025
      vertex 2.7 7.947368421052632 -18
    endloop
  endfacet
  facet normal 1 0 0
    outer loop
      vertex 2.7 -4.944271909999158 3.076189996780311
      vertex 2.7 1.294427190999916 -10.059543596332043
      vertex 2.7 4.944271909999158 -15.216904260722456
    endloop
  endfacet
  facet normal 1 0 0
    outer loop
      vertex 2.7 4.944271909999158 -15.216904260722456
      vertex 2.7 -1.294427190999916 -0.940456403667957
      vertex 2.7 -1.4256104387013888 -0.726384799583275
    endloop
  endfacet
  facet normal 1 0 0
    outer loop
      vertex 2.7 4.944271909999158 -15.216904260722456
      vertex 2.7 -1.1313708498984762 -1.1313708498984762
      vertex 2.7 -1.294427190999916 -0.940456403667957
    endloop
  endfacet
  facet normal 1 0 0
    outer loop
      vertex 2.7 4.944271909999158 -15.216904260722456
      vertex 2.7 -0.726384799583275 -1.4256104387013888
      vertex 2.7 -0.940456403667957 -1.294427190999916
    endloop
  endfacet
  facet normal 1 0 0
    outer loop
      vertex 2.7 4.944271909999158 -15.216904260722456
      vertex 2.7 -0.49442719099991583 -1.5216904260722457
      vertex 2.7 -0.726384799583275 -1.4256104387013888
    endloop
  endfacet
  facet normal 1 0 0
    outer loop
      vertex 2.7 4.944271909999158 -15.216904260722456
      vertex 2.7 -0.940456403667957 -1.294427190999916
      vertex 2.7 -1.1313708498984762 -1.1313708498984762
    endloop
  endfacet
  facet normal 1 0 0
    outer loop
      vertex 2.7 4.944271909999158 -15.216904260722456
      vertex 2.7 -0.2502951440643694 -1.5803013449522205
      vertex 2.7 -0.49442719099991583 -1.5216904260722457
    endloop
  endfacet
  facet normal 1 0 0
    outer loop
      vertex 2.7 4.944271909999158 -15.216904260722456
      vertex 2.7 0 -1.6
      vertex 2.7 -0.2502951440643694 -1.5803013449522205
    endloop
  endfacet
  facet normal 1 0 0
    outer loop
      vertex 2.7 4.944271909999158 -15.216904260722456
      vertex 2.7 0.2502951440643694 -1.5803013449522205
      vertex 2.7 0 -1.6
    endloop
  endfacet
  facet normal 1 0 0
    outer loop
      vertex 2.7 4.944271909999158 -15.216904260722456
      vertex 2.7 0.49442719099991583 -1.5216904260722457
      vertex 2.7 0.2502951440643694 -1.5803013449522205
    endloop
  endfacet
  facet normal 1 0 0
    outer loop
      vertex 2.7 4.944271909999158 -15.216904260722456
      vertex 2.7 0.726384799583275 -1.4256104387013888
      vertex 2.7 0.49442719099991583 -1.5216904260722457
    endloop
  endfacet
  facet normal 1 0 0
    outer loop
      vertex 2.7 4.944271909999158 -15.216904260722456
      vertex 2.7 0.940456403667957 -1.294427190999916
      vertex 2.7 0.726384799583275 -1.4256104387013888
    endloop
  endfacet
  facet normal 1 0 0
    outer loop
      vertex 2.7 4.944271909999158 -15.216904260722456
      vertex 2.7 1.1313708498984762 -1.1313708498984762
      vertex 2.7 0.940456403667957 -1.294427190999916
    endloop
  endfacet
  facet normal 1 0 0
    outer loop
      vertex 2.7 4.944271909999158 -15.216904260722456
      vertex 2.7 1.294427190999916 -0.940456403667957
      vertex 2.7 1.1313708498984762 -1.1313708498984762
    endloop
  endfacet
  facet normal 1 0 0
    outer loop
      vertex 2.7 4.944271909999158 -15.216904260722456
      vertex 2.7 1.4256104387013888 -0.726384799583275
      vertex 2.7 1.294427190999916 -0.940456403667957
    endloop
  endfacet
  facet normal 1 0 0
    outer loop
      vertex 2.7 4.944271909999158 -15.216904260722456
      vertex 2.7 1.5216904260722457 -0.49442719099991583
      vertex 2.7 1.4256104387013888 -0.726384799583275
    endloop
  endfacet
  facet normal 1 0 0
    outer loop
      vertex 2.7 4.944271909999158 -15.216904260722456
      vertex 2.7 1.5803013449522205 -0.2502951440643694
      vertex 2.7 1.5216904260722457 -0.49442719099991583
    endloop
  endfacet
  facet normal 1 0 0
    outer loop
      vertex 2.7 4.944271909999158 -15.216904260722456
      vertex 2.7 1.6 0
      vertex 2.7 1.5803013449522205 -0.2502951440643694
    endloop
  endfacet
  facet normal 1 0 0
    outer loop
      vertex 2.7 4.944271909999158 -15.216904260722456
      vertex 2.7 1.095041255281616 6.913818384165964
      vertex 2.7 1.6 0
    endloop
  endfacet
  facet normal 1 0 0
    outer loop
      vertex 2.7 4.944271909999158 -15.216904260722456
      vertex 2.7 3.2905888712590703 5.79513099824863
      vertex 2.7 1.095041255281616 6.913818384165964
    endloop
  endfacet
  facet normal 1 0 0
    outer loop
      vertex 2.7 7.263847995832749 -14.256104387013886
      vertex 2.7 7.947368421052632 -18
      vertex 2.7 6.657395614066075 2.1631189606246317
    endloop
  endfacet
  facet normal 1 0 0
    outer loop
      vertex 2.7 7.947368421052632 -18
      vertex 2.7 7.735121454735212 -13.967307639969025
      vertex 2.7 6.657395614066075 2.1631189606246317
    endloop
  endfacet
  facet normal 1 0 0
    outer loop
      vertex 2.7 7.263847995832749 -14.256104387013886
      vertex 2.7 6.657395614066075 2.1631189606246317
      vertex 2.7 6.129452594269172 1.1847337529952062
    endloop
  endfacet
  facet normal 1 0 0
    outer loop
      vertex 2.7 7.735121454735212 -13.967307639969025
      vertex 2.7 7 0
      vertex 2.7 6.657395614066075 2.1631189606246317
    endloop
  endfacet
  facet normal 1 0 0
    outer loop
      vertex 2.7 7 0
      vertex 2.7 6.913818384165964 1.095041255281616
      vertex 2.7 6.657395614066075 2.1631189606246317
    endloop
  endfacet
  facet normal 1 0 0
    outer loop
      vertex 2.7 6.129452594269172 1.1847337529952062
      vertex 2.7 6.657395614066075 2.1631189606246317
      vertex 2.7 5.967352998204683 2.217426492274648
    endloop
  endfacet
  facet normal 1 0 0
    outer loop
      vertex 2.7 1.095041255281616 6.913818384165964
      vertex 2.7 -0.2502951440643694 1.5803013449522205
      vertex 2.7 0 1.6
    endloop
  endfacet
  facet normal 1 0 0
    outer loop
      vertex 2.7 1.095041255281616 6.913818384165964
      vertex 2.7 0 1.6
      vertex 2.7 0.2502951440643694 1.5803013449522205
    endloop
  endfacet
  facet normal 1 0 0
    outer loop
      vertex 2.7 1.095041255281616 6.913818384165964
      vertex 2.7 0.2502951440643694 1.5803013449522205
      vertex 2.7 0.49442719099991583 1.5216904260722457
    endloop
  endfacet
  facet normal 1 0 0
    outer loop
      vertex 2.7 1.095041255281616 6.913818384165964
      vertex 2.7 1.1313708498984762 1.1313708498984762
      vertex 2.7 1.294427190999916 0.940456403667957
    endloop
  endfacet
  facet normal 1 0 0
    outer loop
      vertex 2.7 1.095041255281616 6.913818384165964
      vertex 2.7 0.49442719099991583 1.5216904260722457
      vertex 2.7 0.726384799583275 1.4256104387013888
    endloop
  endfacet
  facet normal 1 0 0
    outer loop
      vertex 2.7 1.095041255281616 6.913818384165964
      vertex 2.7 0.726384799583275 1.4256104387013888
      vertex 2.7 0.940456403667957 1.294427190999916
    endloop
  endfacet
  facet normal 1 0 0
    outer loop
      vertex 2.7 1.095041255281616 6.913818384165964
      vertex 2.7 0.940456403667957 1.294427190999916
      vertex 2.7 1.1313708498984762 1.1313708498984762
    endloop
  endfacet
  facet normal 1 0 0
    outer loop
      vertex 2.7 1.095041255281616 6.913818384165964
      vertex 2.7 1.5216904260722457 0.49442719099991583
      vertex 2.7 1.5803013449522205 0.2502951440643694
    endloop
  endfacet
  facet normal 1 0 0
    outer loop
      vertex 2.7 1.095041255281616 6.913818384165964
      vertex 2.7 1.5803013449522205 0.2502951440643694
      vertex 2.7 1.6 0
    endloop
  endfacet
  facet normal 1 0 0
    outer loop
      vertex 2.7 1.095041255281616 6.913818384165964
      vertex 2.7 1.294427190999916 0.940456403667957
      vertex 2.7 1.4256104387013888 0.726384799583275
    endloop
  endfacet
  facet normal 1 0 0
    outer loop
      vertex 2.7 1.095041255281616 6.913818384165964
      vertex 2.7 1.4256104387013888 0.726384799583275
      vertex 2.7 1.5216904260722457 0.49442719099991583
    endloop
  endfacet
  facet normal 1 0 0
    outer loop
      vertex 2.7 5.967352998204683 2.217426492274648
      vertex 2.7 6.657395614066075 2.1631189606246317
      vertex 2.7 6.144173192212875 2.6014523184762326
    endloop
  endfacet
  facet normal 1 0 0
    outer loop
      vertex 2.7 6.657395614066075 2.1631189606246317
      vertex 2.7 6.343633901033358 2.6751315413934904
      vertex 2.7 6.144173192212875 2.6014523184762326
    endloop
  endfacet
  facet normal -2.6491668103045053e-19 0.9238795325112852 0.3826834323650939
    outer loop
      vertex -35.25 -1.6038117435390622 -32.31718289953118
      vertex -35.25 -1.7119017293312764 -32.05623058987491
      vertex -29.25 -1.7119017293312764 -32.05623058987491
    endloop
  endfacet
  facet normal 0 0.7604059656000361 0.6494480483301776
    outer loop
      vertex -35.25 -1.4562305898749055 -32.55801345412645
      vertex -29.25 -1.4562305898749055 -32.55801345412645
      vertex -35.25 -1.2727922061357857 -32.77279220613579
    endloop
  endfacet
  facet normal 0 0.8526401643540948 0.5224985647159445
    outer loop
      vertex -35.25 -1.6038117435390622 -32.31718289953118
      vertex -29.25 -1.6038117435390622 -32.31718289953118
      vertex -35.25 -1.4562305898749055 -32.55801345412645
    endloop
  endfacet
  facet normal 1.1203756647309598e-18 0.5224985647159465 0.8526401643540937
    outer loop
      vertex -35.25 -0.8171828995311843 -33.10381174353906
      vertex -35.25 -1.0580134541264516 -32.956230589874906
      vertex -29.25 -1.0580134541264516 -32.956230589874906
    endloop
  endfacet
  facet normal 0 0.3826834323650827 0.9238795325112896
    outer loop
      vertex -35.25 -0.8171828995311843 -33.10381174353906
      vertex -29.25 -0.8171828995311843 -33.10381174353906
      vertex -35.25 -0.5562305898749054 -33.211901729331274
    endloop
  endfacet
  facet normal 0 0.6494480483301751 0.7604059656000381
    outer loop
      vertex -35.25 -1.2727922061357857 -32.77279220613579
      vertex -29.25 -1.2727922061357857 -32.77279220613579
      vertex -35.25 -1.0580134541264516 -32.956230589874906
    endloop
  endfacet
  facet normal 0 0.2334453638559008 0.9723699203976777
    outer loop
      vertex -35.25 -0.5562305898749054 -33.211901729331274
      vertex -29.25 -0.5562305898749054 -33.211901729331274
      vertex -35.25 -0.2815820370724156 -33.277839013071244
    endloop
  endfacet
  facet normal 0 0.07845909572784934 0.9969173337331275
    outer loop
      vertex -35.25 -0.2815820370724156 -33.277839013071244
      vertex -29.25 -0.2815820370724156 -33.277839013071244
      vertex -35.25 0 -33.3
    endloop
  endfacet
  facet normal 0 0.9238795325112852 0.3826834323650939
    outer loop
      vertex -35.25 -1.6038117435390622 -32.31718289953118
      vertex -29.25 -1.7119017293312764 -32.05623058987491
      vertex -29.25 -1.6038117435390622 -32.31718289953118
    endloop
  endfacet
  facet normal 0 0.7604059656000361 0.6494480483301776
    outer loop
      vertex -35.25 -1.2727922061357857 -32.77279220613579
      vertex -29.25 -1.4562305898749055 -32.55801345412645
      vertex -29.25 -1.2727922061357857 -32.77279220613579
    endloop
  endfacet
  facet normal 0 0.8526401643540948 0.5224985647159445
    outer loop
      vertex -35.25 -1.4562305898749055 -32.55801345412645
      vertex -29.25 -1.6038117435390622 -32.31718289953118
      vertex -29.25 -1.4562305898749055 -32.55801345412645
    endloop
  endfacet
  facet normal 0 0.5224985647159465 0.8526401643540937
    outer loop
      vertex -35.25 -0.8171828995311843 -33.10381174353906
      vertex -29.25 -1.0580134541264516 -32.956230589874906
      vertex -29.25 -0.8171828995311843 -33.10381174353906
    endloop
  endfacet
  facet normal 0 0.3826834323650827 0.9238795325112896
    outer loop
      vertex -35.25 -0.5562305898749054 -33.211901729331274
      vertex -29.25 -0.8171828995311843 -33.10381174353906
      vertex -29.25 -0.5562305898749054 -33.211901729331274
    endloop
  endfacet
  facet normal 0 0.6494480483301751 0.7604059656000381
    outer loop
      vertex -35.25 -1.0580134541264516 -32.956230589874906
      vertex -29.25 -1.2727922061357857 -32.77279220613579
      vertex -29.25 -1.0580134541264516 -32.956230589874906
    endloop
  endfacet
  facet normal 0 0.2334453638559008 0.9723699203976777
    outer loop
      vertex -35.25 -0.2815820370724156 -33.277839013071244
      vertex -29.25 -0.5562305898749054 -33.211901729331274
      vertex -29.25 -0.2815820370724156 -33.277839013071244
    endloop
  endfacet
  facet normal -1.0502044601374636e-19 0.07845909572784934 0.9969173337331275
    outer loop
      vertex -29.25 -0.2815820370724156 -33.277839013071244
      vertex -29.25 0 -33.3
      vertex -35.25 0 -33.3
    endloop
  endfacet
  facet normal 0 0.972369920397677 0.23344536385590367
    outer loop
      vertex -35.25 -1.777839013071248 -31.781582037072415
      vertex -29.25 -1.777839013071248 -31.781582037072415
      vertex -35.25 -1.7119017293312764 -32.05623058987491
    endloop
  endfacet
  facet normal -1.1962238609565257e-21 0.9969173337331281 0.07845909572784492
    outer loop
      vertex -35.25 -1.777839013071248 -31.781582037072415
      vertex -35.25 -1.8 -31.5
      vertex -29.25 -1.8 -31.5
    endloop
  endfacet
  facet normal 1.1962238609565257e-21 0.9969173337331281 -0.07845909572784492
    outer loop
      vertex -35.25 -1.8 -31.5
      vertex -35.25 -1.777839013071248 -31.218417962927585
      vertex -29.25 -1.777839013071248 -31.218417962927585
    endloop
  endfacet
  facet normal 4.80154822584927e-19 0.972369920397677 -0.23344536385590367
    outer loop
      vertex -35.25 -1.777839013071248 -31.218417962927585
      vertex -35.25 -1.7119017293312764 -30.943769410125093
      vertex -29.25 -1.7119017293312764 -30.943769410125093
    endloop
  endfacet
  facet normal 2.6491668103045053e-19 0.9238795325112852 -0.3826834323650939
    outer loop
      vertex -35.25 -1.7119017293312764 -30.943769410125093
      vertex -35.25 -1.6038117435390622 -30.682817100468817
      vertex -29.25 -1.6038117435390622 -30.682817100468817
    endloop
  endfacet
  facet normal 9.164955987539898e-19 0.8526401643540948 -0.5224985647159445
    outer loop
      vertex -35.25 -1.6038117435390622 -30.682817100468817
      vertex -35.25 -1.4562305898749055 -30.441986545873547
      vertex -29.25 -1.4562305898749055 -30.441986545873547
    endloop
  endfacet
  facet normal 1.900986595162327e-18 0.7604059656000308 -0.6494480483301838
    outer loop
      vertex -35.25 -1.4562305898749055 -30.441986545873547
      vertex -35.25 -1.2727922061357857 -30.227207793864213
      vertex -29.25 -1.2727922061357857 -30.227207793864213
    endloop
  endfacet
  facet normal -1.6849616241222395e-18 0.6494480483301824 -0.7604059656000319
    outer loop
      vertex -35.25 -1.2727922061357857 -30.227207793864213
      vertex -35.25 -1.0580134541264516 -30.043769410125094
      vertex -29.25 -1.0580134541264516 -30.043769410125094
    endloop
  endfacet
  facet normal -1.1203756647309598e-18 0.5224985647159465 -0.8526401643540937
    outer loop
      vertex -35.25 -1.0580134541264516 -30.043769410125094
      vertex -35.25 -0.8171828995311843 -29.89618825646094
      vertex -29.25 -0.8171828995311843 -29.89618825646094
    endloop
  endfacet
  facet normal 3.937996576027553e-20 0.38268343236509345 -0.9238795325112853
    outer loop
      vertex -35.25 -0.8171828995311843 -29.89618825646094
      vertex -35.25 -0.5562305898749054 -29.788098270668723
      vertex -29.25 -0.5562305898749054 -29.788098270668723
    endloop
  endfacet
  facet normal 6.800207706886654e-19 0.2334453638559008 -0.9723699203976777
    outer loop
      vertex -35.25 -0.5562305898749054 -29.788098270668723
      vertex -35.25 -0.2815820370724156 -29.722160986928753
      vertex -29.25 -0.2815820370724156 -29.722160986928753
    endloop
  endfacet
  facet normal 1.0502044601374636e-19 0.07845909572784934 -0.9969173337331275
    outer loop
      vertex -35.25 -0.2815820370724156 -29.722160986928753
      vertex -35.25 0 -29.7
      vertex -29.25 0 -29.7
    endloop
  endfacet
  facet normal 0 0.972369920397677 0.23344536385590367
    outer loop
      vertex -35.25 -1.7119017293312764 -32.05623058987491
      vertex -29.25 -1.777839013071248 -31.781582037072415
      vertex -29.25 -1.7119017293312764 -32.05623058987491
    endloop
  endfacet
  facet normal 0 0.9969173337331281 0.07845909572784492
    outer loop
      vertex -35.25 -1.777839013071248 -31.781582037072415
      vertex -29.25 -1.8 -31.5
      vertex -29.25 -1.777839013071248 -31.781582037072415
    endloop
  endfacet
  facet normal 0 0.9969173337331281 -0.07845909572784492
    outer loop
      vertex -35.25 -1.8 -31.5
      vertex -29.25 -1.777839013071248 -31.218417962927585
      vertex -29.25 -1.8 -31.5
    endloop
  endfacet
  facet normal 0 0.972369920397677 -0.23344536385590367
    outer loop
      vertex -35.25 -1.777839013071248 -31.218417962927585
      vertex -29.25 -1.7119017293312764 -30.943769410125093
      vertex -29.25 -1.777839013071248 -31.218417962927585
    endloop
  endfacet
  facet normal 0 0.9238795325112852 -0.3826834323650939
    outer loop
      vertex -35.25 -1.7119017293312764 -30.943769410125093
      vertex -29.25 -1.6038117435390622 -30.682817100468817
      vertex -29.25 -1.7119017293312764 -30.943769410125093
    endloop
  endfacet
  facet normal 0 0.8526401643540948 -0.5224985647159445
    outer loop
      vertex -35.25 -1.6038117435390622 -30.682817100468817
      vertex -29.25 -1.4562305898749055 -30.441986545873547
      vertex -29.25 -1.6038117435390622 -30.682817100468817
    endloop
  endfacet
  facet normal 0 0.7604059656000308 -0.6494480483301838
    outer loop
      vertex -35.25 -1.4562305898749055 -30.441986545873547
      vertex -29.25 -1.2727922061357857 -30.227207793864213
      vertex -29.25 -1.4562305898749055 -30.441986545873547
    endloop
  endfacet
  facet normal 0 0.6494480483301824 -0.7604059656000319
    outer loop
      vertex -35.25 -1.2727922061357857 -30.227207793864213
      vertex -29.25 -1.0580134541264516 -30.043769410125094
      vertex -29.25 -1.2727922061357857 -30.227207793864213
    endloop
  endfacet
  facet normal 0 0.5224985647159465 -0.8526401643540937
    outer loop
      vertex -35.25 -1.0580134541264516 -30.043769410125094
      vertex -29.25 -0.8171828995311843 -29.89618825646094
      vertex -29.25 -1.0580134541264516 -30.043769410125094
    endloop
  endfacet
  facet normal 0 0.38268343236509345 -0.9238795325112853
    outer loop
      vertex -35.25 -0.8171828995311843 -29.89618825646094
      vertex -29.25 -0.5562305898749054 -29.788098270668723
      vertex -29.25 -0.8171828995311843 -29.89618825646094
    endloop
  endfacet
  facet normal 0 0.2334453638559008 -0.9723699203976777
    outer loop
      vertex -35.25 -0.5562305898749054 -29.788098270668723
      vertex -29.25 -0.2815820370724156 -29.722160986928753
      vertex -29.25 -0.5562305898749054 -29.788098270668723
    endloop
  endfacet
  facet normal 0 0.07845909572784934 -0.9969173337331275
    outer loop
      vertex -35.25 -0.2815820370724156 -29.722160986928753
      vertex -29.25 0 -29.7
      vertex -29.25 -0.2815820370724156 -29.722160986928753
    endloop
  endfacet
  facet normal 0 -0.07845909572784934 0.9969173337331275
    outer loop
      vertex -35.25 0 -33.3
      vertex -29.25 0 -33.3
      vertex -35.25 0.2815820370724156 -33.277839013071244
    endloop
  endfacet
  facet normal 0 -0.2334453638559008 0.9723699203976777
    outer loop
      vertex -35.25 0.2815820370724156 -33.277839013071244
      vertex -29.25 0.2815820370724156 -33.277839013071244
      vertex -35.25 0.5562305898749054 -33.211901729331274
    endloop
  endfacet
  facet normal 0 -0.3826834323650827 0.9238795325112896
    outer loop
      vertex -35.25 0.5562305898749054 -33.211901729331274
      vertex -29.25 0.5562305898749054 -33.211901729331274
      vertex -35.25 0.8171828995311843 -33.10381174353906
    endloop
  endfacet
  facet normal 0 -0.5224985647159465 0.8526401643540937
    outer loop
      vertex -35.25 0.8171828995311843 -33.10381174353906
      vertex -29.25 0.8171828995311843 -33.10381174353906
      vertex -35.25 1.0580134541264516 -32.956230589874906
    endloop
  endfacet
  facet normal 0 -0.6494480483301751 0.7604059656000381
    outer loop
      vertex -35.25 1.0580134541264516 -32.956230589874906
      vertex -29.25 1.0580134541264516 -32.956230589874906
      vertex -35.25 1.2727922061357857 -32.77279220613579
    endloop
  endfacet
  facet normal 0 -0.7604059656000361 0.6494480483301776
    outer loop
      vertex -35.25 1.2727922061357857 -32.77279220613579
      vertex -29.25 1.2727922061357857 -32.77279220613579
      vertex -35.25 1.4562305898749055 -32.55801345412645
    endloop
  endfacet
  facet normal 0 -0.8526401643540948 0.5224985647159445
    outer loop
      vertex -35.25 1.4562305898749055 -32.55801345412645
      vertex -29.25 1.4562305898749055 -32.55801345412645
      vertex -35.25 1.6038117435390622 -32.31718289953118
    endloop
  endfacet
  facet normal 0 -0.9238795325112852 0.3826834323650939
    outer loop
      vertex -35.25 1.6038117435390622 -32.31718289953118
      vertex -29.25 1.6038117435390622 -32.31718289953118
      vertex -35.25 1.7119017293312764 -32.05623058987491
    endloop
  endfacet
  facet normal 0 -0.07845909572784934 0.9969173337331275
    outer loop
      vertex -35.25 0.2815820370724156 -33.277839013071244
      vertex -29.25 0 -33.3
      vertex -29.25 0.2815820370724156 -33.277839013071244
    endloop
  endfacet
  facet normal 0 -0.2334453638559008 0.9723699203976777
    outer loop
      vertex -35.25 0.5562305898749054 -33.211901729331274
      vertex -29.25 0.2815820370724156 -33.277839013071244
      vertex -29.25 0.5562305898749054 -33.211901729331274
    endloop
  endfacet
  facet normal 0 -0.3826834323650827 0.9238795325112896
    outer loop
      vertex -35.25 0.8171828995311843 -33.10381174353906
      vertex -29.25 0.5562305898749054 -33.211901729331274
      vertex -29.25 0.8171828995311843 -33.10381174353906
    endloop
  endfacet
  facet normal 0 -0.5224985647159465 0.8526401643540937
    outer loop
      vertex -35.25 1.0580134541264516 -32.956230589874906
      vertex -29.25 0.8171828995311843 -33.10381174353906
      vertex -29.25 1.0580134541264516 -32.956230589874906
    endloop
  endfacet
  facet normal 0 -0.6494480483301751 0.7604059656000381
    outer loop
      vertex -35.25 1.2727922061357857 -32.77279220613579
      vertex -29.25 1.0580134541264516 -32.956230589874906
      vertex -29.25 1.2727922061357857 -32.77279220613579
    endloop
  endfacet
  facet normal 0 -0.7604059656000361 0.6494480483301776
    outer loop
      vertex -35.25 1.4562305898749055 -32.55801345412645
      vertex -29.25 1.2727922061357857 -32.77279220613579
      vertex -29.25 1.4562305898749055 -32.55801345412645
    endloop
  endfacet
  facet normal 0 -0.8526401643540948 0.5224985647159445
    outer loop
      vertex -35.25 1.6038117435390622 -32.31718289953118
      vertex -29.25 1.4562305898749055 -32.55801345412645
      vertex -29.25 1.6038117435390622 -32.31718289953118
    endloop
  endfacet
  facet normal 2.6491668103045053e-19 -0.9238795325112852 0.3826834323650939
    outer loop
      vertex -29.25 1.6038117435390622 -32.31718289953118
      vertex -29.25 1.7119017293312764 -32.05623058987491
      vertex -35.25 1.7119017293312764 -32.05623058987491
    endloop
  endfacet
  facet normal -1.0502044601374636e-19 -0.07845909572784934 -0.9969173337331275
    outer loop
      vertex -35.25 0 -29.7
      vertex -35.25 0.2815820370724156 -29.722160986928753
      vertex -29.25 0.2815820370724156 -29.722160986928753
    endloop
  endfacet
  facet normal -6.800207706886654e-19 -0.2334453638559008 -0.9723699203976777
    outer loop
      vertex -35.25 0.2815820370724156 -29.722160986928753
      vertex -35.25 0.5562305898749054 -29.788098270668723
      vertex -29.25 0.5562305898749054 -29.788098270668723
    endloop
  endfacet
  facet normal -3.937996576027553e-20 -0.38268343236509345 -0.9238795325112853
    outer loop
      vertex -35.25 0.5562305898749054 -29.788098270668723
      vertex -35.25 0.8171828995311843 -29.89618825646094
      vertex -29.25 0.8171828995311843 -29.89618825646094
    endloop
  endfacet
  facet normal 1.1203756647309598e-18 -0.5224985647159465 -0.8526401643540937
    outer loop
      vertex -35.25 0.8171828995311843 -29.89618825646094
      vertex -35.25 1.0580134541264516 -30.043769410125094
      vertex -29.25 1.0580134541264516 -30.043769410125094
    endloop
  endfacet
  facet normal 1.6849616241222395e-18 -0.6494480483301824 -0.7604059656000319
    outer loop
      vertex -35.25 1.0580134541264516 -30.043769410125094
      vertex -35.25 1.2727922061357857 -30.227207793864213
      vertex -29.25 1.2727922061357857 -30.227207793864213
    endloop
  endfacet
  facet normal 0 -0.972369920397677 0.23344536385590367
    outer loop
      vertex -35.25 1.7119017293312764 -32.05623058987491
      vertex -29.25 1.7119017293312764 -32.05623058987491
      vertex -35.25 1.777839013071248 -31.781582037072415
    endloop
  endfacet
  facet normal 0 -0.9969173337331281 0.07845909572784492
    outer loop
      vertex -35.25 1.777839013071248 -31.781582037072415
      vertex -29.25 1.777839013071248 -31.781582037072415
      vertex -35.25 1.8 -31.5
    endloop
  endfacet
  facet normal 0 -0.9969173337331281 -0.07845909572784492
    outer loop
      vertex -35.25 1.8 -31.5
      vertex -29.25 1.8 -31.5
      vertex -35.25 1.777839013071248 -31.218417962927585
    endloop
  endfacet
  facet normal -9.164955987539898e-19 -0.8526401643540948 -0.5224985647159445
    outer loop
      vertex -35.25 1.4562305898749055 -30.441986545873547
      vertex -35.25 1.6038117435390622 -30.682817100468817
      vertex -29.25 1.6038117435390622 -30.682817100468817
    endloop
  endfacet
  facet normal 0 -0.9238795325112852 -0.3826834323650939
    outer loop
      vertex -35.25 1.7119017293312764 -30.943769410125093
      vertex -29.25 1.7119017293312764 -30.943769410125093
      vertex -35.25 1.6038117435390622 -30.682817100468817
    endloop
  endfacet
  facet normal -4.80154822584927e-19 -0.972369920397677 -0.23344536385590367
    outer loop
      vertex -35.25 1.7119017293312764 -30.943769410125093
      vertex -35.25 1.777839013071248 -31.218417962927585
      vertex -29.25 1.777839013071248 -31.218417962927585
    endloop
  endfacet
  facet normal 0 -0.7604059656000308 -0.6494480483301838
    outer loop
      vertex -35.25 1.4562305898749055 -30.441986545873547
      vertex -29.25 1.4562305898749055 -30.441986545873547
      vertex -35.25 1.2727922061357857 -30.227207793864213
    endloop
  endfacet
  facet normal 0 -0.07845909572784934 -0.9969173337331275
    outer loop
      vertex -35.25 0 -29.7
      vertex -29.25 0.2815820370724156 -29.722160986928753
      vertex -29.25 0 -29.7
    endloop
  endfacet
  facet normal 0 -0.2334453638559008 -0.9723699203976777
    outer loop
      vertex -35.25 0.2815820370724156 -29.722160986928753
      vertex -29.25 0.5562305898749054 -29.788098270668723
      vertex -29.25 0.2815820370724156 -29.722160986928753
    endloop
  endfacet
  facet normal 0 -0.38268343236509345 -0.9238795325112853
    outer loop
      vertex -35.25 0.5562305898749054 -29.788098270668723
      vertex -29.25 0.8171828995311843 -29.89618825646094
      vertex -29.25 0.5562305898749054 -29.788098270668723
    endloop
  endfacet
  facet normal 0 -0.5224985647159465 -0.8526401643540937
    outer loop
      vertex -35.25 0.8171828995311843 -29.89618825646094
      vertex -29.25 1.0580134541264516 -30.043769410125094
      vertex -29.25 0.8171828995311843 -29.89618825646094
    endloop
  endfacet
  facet normal 0 -0.6494480483301824 -0.7604059656000319
    outer loop
      vertex -35.25 1.0580134541264516 -30.043769410125094
      vertex -29.25 1.2727922061357857 -30.227207793864213
      vertex -29.25 1.0580134541264516 -30.043769410125094
    endloop
  endfacet
  facet normal 0 -0.972369920397677 0.23344536385590367
    outer loop
      vertex -35.25 1.777839013071248 -31.781582037072415
      vertex -29.25 1.7119017293312764 -32.05623058987491
      vertex -29.25 1.777839013071248 -31.781582037072415
    endloop
  endfacet
  facet normal 0 -0.9969173337331281 0.07845909572784492
    outer loop
      vertex -35.25 1.8 -31.5
      vertex -29.25 1.777839013071248 -31.781582037072415
      vertex -29.25 1.8 -31.5
    endloop
  endfacet
  facet normal 0 -0.9969173337331281 -0.07845909572784492
    outer loop
      vertex -35.25 1.777839013071248 -31.218417962927585
      vertex -29.25 1.8 -31.5
      vertex -29.25 1.777839013071248 -31.218417962927585
    endloop
  endfacet
  facet normal 0 -0.8526401643540948 -0.5224985647159445
    outer loop
      vertex -35.25 1.4562305898749055 -30.441986545873547
      vertex -29.25 1.6038117435390622 -30.682817100468817
      vertex -29.25 1.4562305898749055 -30.441986545873547
    endloop
  endfacet
  facet normal 0 -0.972369920397677 -0.23344536385590367
    outer loop
      vertex -35.25 1.7119017293312764 -30.943769410125093
      vertex -29.25 1.777839013071248 -31.218417962927585
      vertex -29.25 1.7119017293312764 -30.943769410125093
    endloop
  endfacet
  facet normal 0 -0.9238795325112852 -0.3826834323650939
    outer loop
      vertex -35.25 1.6038117435390622 -30.682817100468817
      vertex -29.25 1.7119017293312764 -30.943769410125093
      vertex -29.25 1.6038117435390622 -30.682817100468817
    endloop
  endfacet
  facet normal 0 -0.7604059656000308 -0.6494480483301838
    outer loop
      vertex -35.25 1.2727922061357857 -30.227207793864213
      vertex -29.25 1.4562305898749055 -30.441986545873547
      vertex -29.25 1.2727922061357857 -30.227207793864213
    endloop
  endfacet
  facet normal -2.6491668103045053e-19 0.9238795325112852 0.3826834323650939
    outer loop
      vertex 29.25 -1.6038117435390622 -32.31718289953118
      vertex 29.25 -1.7119017293312764 -32.05623058987491
      vertex 35.25 -1.7119017293312764 -32.05623058987491
    endloop
  endfacet
  facet normal 0 0.7604059656000361 0.6494480483301776
    outer loop
      vertex 29.25 -1.4562305898749055 -32.55801345412645
      vertex 35.25 -1.4562305898749055 -32.55801345412645
      vertex 29.25 -1.2727922061357857 -32.77279220613579
    endloop
  endfacet
  facet normal 0 0.8526401643540948 0.5224985647159445
    outer loop
      vertex 29.25 -1.6038117435390622 -32.31718289953118
      vertex 35.25 -1.6038117435390622 -32.31718289953118
      vertex 29.25 -1.4562305898749055 -32.55801345412645
    endloop
  endfacet
  facet normal 1.1203756647309598e-18 0.5224985647159465 0.8526401643540937
    outer loop
      vertex 29.25 -0.8171828995311843 -33.10381174353906
      vertex 29.25 -1.0580134541264516 -32.956230589874906
      vertex 35.25 -1.0580134541264516 -32.956230589874906
    endloop
  endfacet
  facet normal 0 0.3826834323650827 0.9238795325112896
    outer loop
      vertex 29.25 -0.8171828995311843 -33.10381174353906
      vertex 35.25 -0.8171828995311843 -33.10381174353906
      vertex 29.25 -0.5562305898749054 -33.211901729331274
    endloop
  endfacet
  facet normal 0 0.6494480483301751 0.7604059656000381
    outer loop
      vertex 29.25 -1.2727922061357857 -32.77279220613579
      vertex 35.25 -1.2727922061357857 -32.77279220613579
      vertex 29.25 -1.0580134541264516 -32.956230589874906
    endloop
  endfacet
  facet normal 0 0.2334453638559008 0.9723699203976777
    outer loop
      vertex 29.25 -0.5562305898749054 -33.211901729331274
      vertex 35.25 -0.5562305898749054 -33.211901729331274
      vertex 29.25 -0.2815820370724156 -33.277839013071244
    endloop
  endfacet
  facet normal 0 0.07845909572784934 0.9969173337331275
    outer loop
      vertex 29.25 -0.2815820370724156 -33.277839013071244
      vertex 35.25 -0.2815820370724156 -33.277839013071244
      vertex 29.25 0 -33.3
    endloop
  endfacet
  facet normal 0 0.9238795325112852 0.3826834323650939
    outer loop
      vertex 29.25 -1.6038117435390622 -32.31718289953118
      vertex 35.25 -1.7119017293312764 -32.05623058987491
      vertex 35.25 -1.6038117435390622 -32.31718289953118
    endloop
  endfacet
  facet normal 0 0.7604059656000361 0.6494480483301776
    outer loop
      vertex 29.25 -1.2727922061357857 -32.77279220613579
      vertex 35.25 -1.4562305898749055 -32.55801345412645
      vertex 35.25 -1.2727922061357857 -32.77279220613579
    endloop
  endfacet
  facet normal 0 0.8526401643540948 0.5224985647159445
    outer loop
      vertex 29.25 -1.4562305898749055 -32.55801345412645
      vertex 35.25 -1.6038117435390622 -32.31718289953118
      vertex 35.25 -1.4562305898749055 -32.55801345412645
    endloop
  endfacet
  facet normal 0 0.5224985647159465 0.8526401643540937
    outer loop
      vertex 29.25 -0.8171828995311843 -33.10381174353906
      vertex 35.25 -1.0580134541264516 -32.956230589874906
      vertex 35.25 -0.8171828995311843 -33.10381174353906
    endloop
  endfacet
  facet normal 0 0.3826834323650827 0.9238795325112896
    outer loop
      vertex 29.25 -0.5562305898749054 -33.211901729331274
      vertex 35.25 -0.8171828995311843 -33.10381174353906
      vertex 35.25 -0.5562305898749054 -33.211901729331274
    endloop
  endfacet
  facet normal 0 0.6494480483301751 0.7604059656000381
    outer loop
      vertex 29.25 -1.0580134541264516 -32.956230589874906
      vertex 35.25 -1.2727922061357857 -32.77279220613579
      vertex 35.25 -1.0580134541264516 -32.956230589874906
    endloop
  endfacet
  facet normal 0 0.2334453638559008 0.9723699203976777
    outer loop
      vertex 29.25 -0.2815820370724156 -33.277839013071244
      vertex 35.25 -0.5562305898749054 -33.211901729331274
      vertex 35.25 -0.2815820370724156 -33.277839013071244
    endloop
  endfacet
  facet normal -1.0502044601374636e-19 0.07845909572784934 0.9969173337331275
    outer loop
      vertex 35.25 -0.2815820370724156 -33.277839013071244
      vertex 35.25 0 -33.3
      vertex 29.25 0 -33.3
    endloop
  endfacet
  facet normal 0 0.972369920397677 0.23344536385590367
    outer loop
      vertex 29.25 -1.777839013071248 -31.781582037072415
      vertex 35.25 -1.777839013071248 -31.781582037072415
      vertex 29.25 -1.7119017293312764 -32.05623058987491
    endloop
  endfacet
  facet normal -1.1962238609565257e-21 0.9969173337331281 0.07845909572784492
    outer loop
      vertex 29.25 -1.777839013071248 -31.781582037072415
      vertex 29.25 -1.8 -31.5
      vertex 35.25 -1.8 -31.5
    endloop
  endfacet
  facet normal 1.1962238609565257e-21 0.9969173337331281 -0.07845909572784492
    outer loop
      vertex 29.25 -1.8 -31.5
      vertex 29.25 -1.777839013071248 -31.218417962927585
      vertex 35.25 -1.777839013071248 -31.218417962927585
    endloop
  endfacet
  facet normal 4.80154822584927e-19 0.972369920397677 -0.23344536385590367
    outer loop
      vertex 29.25 -1.777839013071248 -31.218417962927585
      vertex 29.25 -1.7119017293312764 -30.943769410125093
      vertex 35.25 -1.7119017293312764 -30.943769410125093
    endloop
  endfacet
  facet normal 2.6491668103045053e-19 0.9238795325112852 -0.3826834323650939
    outer loop
      vertex 29.25 -1.7119017293312764 -30.943769410125093
      vertex 29.25 -1.6038117435390622 -30.682817100468817
      vertex 35.25 -1.6038117435390622 -30.682817100468817
    endloop
  endfacet
  facet normal 9.164955987539898e-19 0.8526401643540948 -0.5224985647159445
    outer loop
      vertex 29.25 -1.6038117435390622 -30.682817100468817
      vertex 29.25 -1.4562305898749055 -30.441986545873547
      vertex 35.25 -1.4562305898749055 -30.441986545873547
    endloop
  endfacet
  facet normal 1.900986595162327e-18 0.7604059656000308 -0.6494480483301838
    outer loop
      vertex 29.25 -1.4562305898749055 -30.441986545873547
      vertex 29.25 -1.2727922061357857 -30.227207793864213
      vertex 35.25 -1.2727922061357857 -30.227207793864213
    endloop
  endfacet
  facet normal -1.6849616241222395e-18 0.6494480483301824 -0.7604059656000319
    outer loop
      vertex 29.25 -1.2727922061357857 -30.227207793864213
      vertex 29.25 -1.0580134541264516 -30.043769410125094
      vertex 35.25 -1.0580134541264516 -30.043769410125094
    endloop
  endfacet
  facet normal -1.1203756647309598e-18 0.5224985647159465 -0.8526401643540937
    outer loop
      vertex 29.25 -1.0580134541264516 -30.043769410125094
      vertex 29.25 -0.8171828995311843 -29.89618825646094
      vertex 35.25 -0.8171828995311843 -29.89618825646094
    endloop
  endfacet
  facet normal 3.937996576027553e-20 0.38268343236509345 -0.9238795325112853
    outer loop
      vertex 29.25 -0.8171828995311843 -29.89618825646094
      vertex 29.25 -0.5562305898749054 -29.788098270668723
      vertex 35.25 -0.5562305898749054 -29.788098270668723
    endloop
  endfacet
  facet normal 6.800207706886654e-19 0.2334453638559008 -0.9723699203976777
    outer loop
      vertex 29.25 -0.5562305898749054 -29.788098270668723
      vertex 29.25 -0.2815820370724156 -29.722160986928753
      vertex 35.25 -0.2815820370724156 -29.722160986928753
    endloop
  endfacet
  facet normal 1.0502044601374636e-19 0.07845909572784934 -0.9969173337331275
    outer loop
      vertex 29.25 -0.2815820370724156 -29.722160986928753
      vertex 29.25 0 -29.7
      vertex 35.25 0 -29.7
    endloop
  endfacet
  facet normal 0 0.972369920397677 0.23344536385590367
    outer loop
      vertex 29.25 -1.7119017293312764 -32.05623058987491
      vertex 35.25 -1.777839013071248 -31.781582037072415
      vertex 35.25 -1.7119017293312764 -32.05623058987491
    endloop
  endfacet
  facet normal 0 0.9969173337331281 0.07845909572784492
    outer loop
      vertex 29.25 -1.777839013071248 -31.781582037072415
      vertex 35.25 -1.8 -31.5
      vertex 35.25 -1.777839013071248 -31.781582037072415
    endloop
  endfacet
  facet normal 0 0.9969173337331281 -0.07845909572784492
    outer loop
      vertex 29.25 -1.8 -31.5
      vertex 35.25 -1.777839013071248 -31.218417962927585
      vertex 35.25 -1.8 -31.5
    endloop
  endfacet
  facet normal 0 0.972369920397677 -0.23344536385590367
    outer loop
      vertex 29.25 -1.777839013071248 -31.218417962927585
      vertex 35.25 -1.7119017293312764 -30.943769410125093
      vertex 35.25 -1.777839013071248 -31.218417962927585
    endloop
  endfacet
  facet normal 0 0.9238795325112852 -0.3826834323650939
    outer loop
      vertex 29.25 -1.7119017293312764 -30.943769410125093
      vertex 35.25 -1.6038117435390622 -30.682817100468817
      vertex 35.25 -1.7119017293312764 -30.943769410125093
    endloop
  endfacet
  facet normal 0 0.8526401643540948 -0.5224985647159445
    outer loop
      vertex 29.25 -1.6038117435390622 -30.682817100468817
      vertex 35.25 -1.4562305898749055 -30.441986545873547
      vertex 35.25 -1.6038117435390622 -30.682817100468817
    endloop
  endfacet
  facet normal 0 0.7604059656000308 -0.6494480483301838
    outer loop
      vertex 29.25 -1.4562305898749055 -30.441986545873547
      vertex 35.25 -1.2727922061357857 -30.227207793864213
      vertex 35.25 -1.4562305898749055 -30.441986545873547
    endloop
  endfacet
  facet normal 0 0.6494480483301824 -0.7604059656000319
    outer loop
      vertex 29.25 -1.2727922061357857 -30.227207793864213
      vertex 35.25 -1.0580134541264516 -30.043769410125094
      vertex 35.25 -1.2727922061357857 -30.227207793864213
    endloop
  endfacet
  facet normal 0 0.5224985647159465 -0.8526401643540937
    outer loop
      vertex 29.25 -1.0580134541264516 -30.043769410125094
      vertex 35.25 -0.8171828995311843 -29.89618825646094
      vertex 35.25 -1.0580134541264516 -30.043769410125094
    endloop
  endfacet
  facet normal 0 0.38268343236509345 -0.9238795325112853
    outer loop
      vertex 29.25 -0.8171828995311843 -29.89618825646094
      vertex 35.25 -0.5562305898749054 -29.788098270668723
      vertex 35.25 -0.8171828995311843 -29.89618825646094
    endloop
  endfacet
  facet normal 0 0.2334453638559008 -0.9723699203976777
    outer loop
      vertex 29.25 -0.5562305898749054 -29.788098270668723
      vertex 35.25 -0.2815820370724156 -29.722160986928753
      vertex 35.25 -0.5562305898749054 -29.788098270668723
    endloop
  endfacet
  facet normal 0 0.07845909572784934 -0.9969173337331275
    outer loop
      vertex 29.25 -0.2815820370724156 -29.722160986928753
      vertex 35.25 0 -29.7
      vertex 35.25 -0.2815820370724156 -29.722160986928753
    endloop
  endfacet
  facet normal 0 -0.07845909572784934 0.9969173337331275
    outer loop
      vertex 29.25 0 -33.3
      vertex 35.25 0 -33.3
      vertex 29.25 0.2815820370724156 -33.277839013071244
    endloop
  endfacet
  facet normal 0 -0.2334453638559008 0.9723699203976777
    outer loop
      vertex 29.25 0.2815820370724156 -33.277839013071244
      vertex 35.25 0.2815820370724156 -33.277839013071244
      vertex 29.25 0.5562305898749054 -33.211901729331274
    endloop
  endfacet
  facet normal 0 -0.3826834323650827 0.9238795325112896
    outer loop
      vertex 29.25 0.5562305898749054 -33.211901729331274
      vertex 35.25 0.5562305898749054 -33.211901729331274
      vertex 29.25 0.8171828995311843 -33.10381174353906
    endloop
  endfacet
  facet normal 0 -0.5224985647159465 0.8526401643540937
    outer loop
      vertex 29.25 0.8171828995311843 -33.10381174353906
      vertex 35.25 0.8171828995311843 -33.10381174353906
      vertex 29.25 1.0580134541264516 -32.956230589874906
    endloop
  endfacet
  facet normal 0 -0.6494480483301751 0.7604059656000381
    outer loop
      vertex 29.25 1.0580134541264516 -32.956230589874906
      vertex 35.25 1.0580134541264516 -32.956230589874906
      vertex 29.25 1.2727922061357857 -32.77279220613579
    endloop
  endfacet
  facet normal 0 -0.7604059656000361 0.6494480483301776
    outer loop
      vertex 29.25 1.2727922061357857 -32.77279220613579
      vertex 35.25 1.2727922061357857 -32.77279220613579
      vertex 29.25 1.4562305898749055 -32.55801345412645
    endloop
  endfacet
  facet normal 0 -0.8526401643540948 0.5224985647159445
    outer loop
      vertex 29.25 1.4562305898749055 -32.55801345412645
      vertex 35.25 1.4562305898749055 -32.55801345412645
      vertex 29.25 1.6038117435390622 -32.31718289953118
    endloop
  endfacet
  facet normal 0 -0.9238795325112852 0.3826834323650939
    outer loop
      vertex 29.25 1.6038117435390622 -32.31718289953118
      vertex 35.25 1.6038117435390622 -32.31718289953118
      vertex 29.25 1.7119017293312764 -32.05623058987491
    endloop
  endfacet
  facet normal 0 -0.07845909572784934 0.9969173337331275
    outer loop
      vertex 29.25 0.2815820370724156 -33.277839013071244
      vertex 35.25 0 -33.3
      vertex 35.25 0.2815820370724156 -33.277839013071244
    endloop
  endfacet
  facet normal 0 -0.2334453638559008 0.9723699203976777
    outer loop
      vertex 29.25 0.5562305898749054 -33.211901729331274
      vertex 35.25 0.2815820370724156 -33.277839013071244
      vertex 35.25 0.5562305898749054 -33.211901729331274
    endloop
  endfacet
  facet normal 0 -0.3826834323650827 0.9238795325112896
    outer loop
      vertex 29.25 0.8171828995311843 -33.10381174353906
      vertex 35.25 0.5562305898749054 -33.211901729331274
      vertex 35.25 0.8171828995311843 -33.10381174353906
    endloop
  endfacet
  facet normal 0 -0.5224985647159465 0.8526401643540937
    outer loop
      vertex 29.25 1.0580134541264516 -32.956230589874906
      vertex 35.25 0.8171828995311843 -33.10381174353906
      vertex 35.25 1.0580134541264516 -32.956230589874906
    endloop
  endfacet
  facet normal 0 -0.6494480483301751 0.7604059656000381
    outer loop
      vertex 29.25 1.2727922061357857 -32.77279220613579
      vertex 35.25 1.0580134541264516 -32.956230589874906
      vertex 35.25 1.2727922061357857 -32.77279220613579
    endloop
  endfacet
  facet normal 0 -0.7604059656000361 0.6494480483301776
    outer loop
      vertex 29.25 1.4562305898749055 -32.55801345412645
      vertex 35.25 1.2727922061357857 -32.77279220613579
      vertex 35.25 1.4562305898749055 -32.55801345412645
    endloop
  endfacet
  facet normal 0 -0.8526401643540948 0.5224985647159445
    outer loop
      vertex 29.25 1.6038117435390622 -32.31718289953118
      vertex 35.25 1.4562305898749055 -32.55801345412645
      vertex 35.25 1.6038117435390622 -32.31718289953118
    endloop
  endfacet
  facet normal 2.6491668103045053e-19 -0.9238795325112852 0.3826834323650939
    outer loop
      vertex 35.25 1.6038117435390622 -32.31718289953118
      vertex 35.25 1.7119017293312764 -32.05623058987491
      vertex 29.25 1.7119017293312764 -32.05623058987491
    endloop
  endfacet
  facet normal -1.0502044601374636e-19 -0.07845909572784934 -0.9969173337331275
    outer loop
      vertex 29.25 0 -29.7
      vertex 29.25 0.2815820370724156 -29.722160986928753
      vertex 35.25 0.2815820370724156 -29.722160986928753
    endloop
  endfacet
  facet normal -6.800207706886654e-19 -0.2334453638559008 -0.9723699203976777
    outer loop
      vertex 29.25 0.2815820370724156 -29.722160986928753
      vertex 29.25 0.5562305898749054 -29.788098270668723
      vertex 35.25 0.5562305898749054 -29.788098270668723
    endloop
  endfacet
  facet normal -3.937996576027553e-20 -0.38268343236509345 -0.9238795325112853
    outer loop
      vertex 29.25 0.5562305898749054 -29.788098270668723
      vertex 29.25 0.8171828995311843 -29.89618825646094
      vertex 35.25 0.8171828995311843 -29.89618825646094
    endloop
  endfacet
  facet normal 1.1203756647309598e-18 -0.5224985647159465 -0.8526401643540937
    outer loop
      vertex 29.25 0.8171828995311843 -29.89618825646094
      vertex 29.25 1.0580134541264516 -30.043769410125094
      vertex 35.25 1.0580134541264516 -30.043769410125094
    endloop
  endfacet
  facet normal 1.6849616241222395e-18 -0.6494480483301824 -0.7604059656000319
    outer loop
      vertex 29.25 1.0580134541264516 -30.043769410125094
      vertex 29.25 1.2727922061357857 -30.227207793864213
      vertex 35.25 1.2727922061357857 -30.227207793864213
    endloop
  endfacet
  facet normal 0 -0.972369920397677 0.23344536385590367
    outer loop
      vertex 29.25 1.7119017293312764 -32.05623058987491
      vertex 35.25 1.7119017293312764 -32.05623058987491
      vertex 29.25 1.777839013071248 -31.781582037072415
    endloop
  endfacet
  facet normal 0 -0.9969173337331281 0.07845909572784492
    outer loop
      vertex 29.25 1.777839013071248 -31.781582037072415
      vertex 35.25 1.777839013071248 -31.781582037072415
      vertex 29.25 1.8 -31.5
    endloop
  endfacet
  facet normal 0 -0.9969173337331281 -0.07845909572784492
    outer loop
      vertex 29.25 1.8 -31.5
      vertex 35.25 1.8 -31.5
      vertex 29.25 1.777839013071248 -31.218417962927585
    endloop
  endfacet
  facet normal -9.164955987539898e-19 -0.8526401643540948 -0.5224985647159445
    outer loop
      vertex 29.25 1.4562305898749055 -30.441986545873547
      vertex 29.25 1.6038117435390622 -30.682817100468817
      vertex 35.25 1.6038117435390622 -30.682817100468817
    endloop
  endfacet
  facet normal 0 -0.9238795325112852 -0.3826834323650939
    outer loop
      vertex 29.25 1.7119017293312764 -30.943769410125093
      vertex 35.25 1.7119017293312764 -30.943769410125093
      vertex 29.25 1.6038117435390622 -30.682817100468817
    endloop
  endfacet
  facet normal -4.80154822584927e-19 -0.972369920397677 -0.23344536385590367
    outer loop
      vertex 29.25 1.7119017293312764 -30.943769410125093
      vertex 29.25 1.777839013071248 -31.218417962927585
      vertex 35.25 1.777839013071248 -31.218417962927585
    endloop
  endfacet
  facet normal 0 -0.7604059656000308 -0.6494480483301838
    outer loop
      vertex 29.25 1.4562305898749055 -30.441986545873547
      vertex 35.25 1.4562305898749055 -30.441986545873547
      vertex 29.25 1.2727922061357857 -30.227207793864213
    endloop
  endfacet
  facet normal 0 -0.07845909572784934 -0.9969173337331275
    outer loop
      vertex 29.25 0 -29.7
      vertex 35.25 0.2815820370724156 -29.722160986928753
      vertex 35.25 0 -29.7
    endloop
  endfacet
  facet normal 0 -0.2334453638559008 -0.9723699203976777
    outer loop
      vertex 29.25 0.2815820370724156 -29.722160986928753
      vertex 35.25 0.5562305898749054 -29.788098270668723
      vertex 35.25 0.2815820370724156 -29.722160986928753
    endloop
  endfacet
  facet normal 0 -0.38268343236509345 -0.9238795325112853
    outer loop
      vertex 29.25 0.5562305898749054 -29.788098270668723
      vertex 35.25 0.8171828995311843 -29.89618825646094
      vertex 35.25 0.5562305898749054 -29.788098270668723
    endloop
  endfacet
  facet normal 0 -0.5224985647159465 -0.8526401643540937
    outer loop
      vertex 29.25 0.8171828995311843 -29.89618825646094
      vertex 35.25 1.0580134541264516 -30.043769410125094
      vertex 35.25 0.8171828995311843 -29.89618825646094
    endloop
  endfacet
  facet normal 0 -0.6494480483301824 -0.7604059656000319
    outer loop
      vertex 29.25 1.0580134541264516 -30.043769410125094
      vertex 35.25 1.2727922061357857 -30.227207793864213
      vertex 35.25 1.0580134541264516 -30.043769410125094
    endloop
  endfacet
  facet normal 0 -0.972369920397677 0.23344536385590367
    outer loop
      vertex 29.25 1.777839013071248 -31.781582037072415
      vertex 35.25 1.7119017293312764 -32.05623058987491
      vertex 35.25 1.777839013071248 -31.781582037072415
    endloop
  endfacet
  facet normal 0 -0.9969173337331281 0.07845909572784492
    outer loop
      vertex 29.25 1.8 -31.5
      vertex 35.25 1.777839013071248 -31.781582037072415
      vertex 35.25 1.8 -31.5
    endloop
  endfacet
  facet normal 0 -0.9969173337331281 -0.07845909572784492
    outer loop
      vertex 29.25 1.777839013071248 -31.218417962927585
      vertex 35.25 1.8 -31.5
      vertex 35.25 1.777839013071248 -31.218417962927585
    endloop
  endfacet
  facet normal 0 -0.8526401643540948 -0.5224985647159445
    outer loop
      vertex 29.25 1.4562305898749055 -30.441986545873547
      vertex 35.25 1.6038117435390622 -30.682817100468817
      vertex 35.25 1.4562305898749055 -30.441986545873547
    endloop
  endfacet
  facet normal 0 -0.972369920397677 -0.23344536385590367
    outer loop
      vertex 29.25 1.7119017293312764 -30.943769410125093
      vertex 35.25 1.777839013071248 -31.218417962927585
      vertex 35.25 1.7119017293312764 -30.943769410125093
    endloop
  endfacet
  facet normal 0 -0.9238795325112852 -0.3826834323650939
    outer loop
      vertex 29.25 1.6038117435390622 -30.682817100468817
      vertex 35.25 1.7119017293312764 -30.943769410125093
      vertex 35.25 1.6038117435390622 -30.682817100468817
    endloop
  endfacet
  facet normal 0 -0.7604059656000308 -0.6494480483301838
    outer loop
      vertex 29.25 1.2727922061357857 -30.227207793864213
      vertex 35.25 1.4562305898749055 -30.441986545873547
      vertex 35.25 1.2727922061357857 -30.227207793864213
    endloop
  endfacet
  facet normal 0 -1 0
    outer loop
      vertex -35.25 -20 -39
      vertex -29.25 -20 -39
      vertex -29.25 -20 -24.05
    endloop
  endfacet
  facet normal 0 -1 0
    outer loop
      vertex -35.25 -20 -39
      vertex -29.25 -20 -24.05
      vertex -35.25 -20 -18
    endloop
  endfacet
  facet normal -1 0 0
    outer loop
      vertex -35.25 -20 -39
      vertex -35.25 -1.4562305898749055 -32.55801345412645
      vertex -35.25 -1.2727922061357857 -32.77279220613579
    endloop
  endfacet
  facet normal -1 0 0
    outer loop
      vertex -35.25 -20 -39
      vertex -35.25 -1.777839013071248 -31.781582037072415
      vertex -35.25 -1.7119017293312764 -32.05623058987491
    endloop
  endfacet
  facet normal -1 0 0
    outer loop
      vertex -35.25 -20 -39
      vertex -35.25 -1.8 -31.5
      vertex -35.25 -1.777839013071248 -31.781582037072415
    endloop
  endfacet
  facet normal -1 0 0
    outer loop
      vertex -35.25 -20 -39
      vertex -35.25 -1.777839013071248 -31.218417962927585
      vertex -35.25 -1.8 -31.5
    endloop
  endfacet
  facet normal -1 0 0
    outer loop
      vertex -35.25 -20 -39
      vertex -35.25 -1.6038117435390622 -32.31718289953118
      vertex -35.25 -1.4562305898749055 -32.55801345412645
    endloop
  endfacet
  facet normal -1 0 0
    outer loop
      vertex -35.25 -20 -39
      vertex -35.25 -1.7119017293312764 -32.05623058987491
      vertex -35.25 -1.6038117435390622 -32.31718289953118
    endloop
  endfacet
  facet normal -1 0 0
    outer loop
      vertex -35.25 -20 -39
      vertex -35.25 -1.7119017293312764 -30.943769410125093
      vertex -35.25 -1.777839013071248 -31.218417962927585
    endloop
  endfacet
  facet normal -1 0 0
    outer loop
      vertex -35.25 -20 -39
      vertex -35.25 -1.6038117435390622 -30.682817100468817
      vertex -35.25 -1.7119017293312764 -30.943769410125093
    endloop
  endfacet
  facet normal -1 0 0
    outer loop
      vertex -35.25 -20 -39
      vertex -35.25 -1.4562305898749055 -30.441986545873547
      vertex -35.25 -1.6038117435390622 -30.682817100468817
    endloop
  endfacet
  facet normal -1 0 0
    outer loop
      vertex -35.25 -20 -39
      vertex -35.25 -1.2727922061357857 -30.227207793864213
      vertex -35.25 -1.4562305898749055 -30.441986545873547
    endloop
  endfacet
  facet normal 0 0 -1
    outer loop
      vertex -35.25 -20 -39
      vertex -35.25 20 -39
      vertex -29.25 -20 -39
    endloop
  endfacet
  facet normal -1 0 0
    outer loop
      vertex -35.25 -20 -39
      vertex -35.25 -1.2727922061357857 -32.77279220613579
      vertex -35.25 -1.0580134541264516 -32.956230589874906
    endloop
  endfacet
  facet normal -1 0 0
    outer loop
      vertex -35.25 -20 -39
      vertex -35.25 -1.0580134541264516 -32.956230589874906
      vertex -35.25 -0.8171828995311843 -33.10381174353906
    endloop
  endfacet
  facet normal -1 0 0
    outer loop
      vertex -35.25 -20 -39
      vertex -35.25 -0.8171828995311843 -33.10381174353906
      vertex -35.25 -0.5562305898749054 -33.211901729331274
    endloop
  endfacet
  facet normal -1 0 0
    outer loop
      vertex -35.25 -20 -39
      vertex -35.25 -1.0580134541264516 -30.043769410125094
      vertex -35.25 -1.2727922061357857 -30.227207793864213
    endloop
  endfacet
  facet normal -1 0 0
    outer loop
      vertex -35.25 -20 -39
      vertex -35.25 -0.8171828995311843 -29.89618825646094
      vertex -35.25 -1.0580134541264516 -30.043769410125094
    endloop
  endfacet
  facet normal -1 0 0
    outer loop
      vertex -35.25 -20 -39
      vertex -35.25 -0.5562305898749054 -33.211901729331274
      vertex -35.25 20 -39
    endloop
  endfacet
  facet normal -1 0 0
    outer loop
      vertex -35.25 -20 -39
      vertex -35.25 20 -18
      vertex -35.25 -0.8171828995311843 -29.89618825646094
    endloop
  endfacet
  facet normal -1 0 0
    outer loop
      vertex -35.25 -20 -39
      vertex -35.25 -20 -18
      vertex -35.25 20 -18
    endloop
  endfacet
  facet normal 0 0 1
    outer loop
      vertex -35.25 -20 -18
      vertex -2.7 -7.947368421052632 -18
      vertex -35.25 20 -18
    endloop
  endfacet
  facet normal 0 -1 0
    outer loop
      vertex -35.25 -20 -18
      vertex -29.25 -20 -24.05
      vertex 29.25 -20 -24.05
    endloop
  endfacet
  facet normal 0 0 1
    outer loop
      vertex -35.25 -20 -18
      vertex 2.7 -7.947368421052632 -18
      vertex -2.7 -7.947368421052632 -18
    endloop
  endfacet
  facet normal 0 0 -1
    outer loop
      vertex -29.25 -20 -39
      vertex -35.25 20 -39
      vertex -29.25 20 -39
    endloop
  endfacet
  facet normal -1 0 0
    outer loop
      vertex -35.25 -0.5562305898749054 -33.211901729331274
      vertex -35.25 -0.2815820370724156 -33.277839013071244
      vertex -35.25 20 -39
    endloop
  endfacet
  facet normal -1 0 0
    outer loop
      vertex -35.25 -0.2815820370724156 -33.277839013071244
      vertex -35.25 0 -33.3
      vertex -35.25 20 -39
    endloop
  endfacet
  facet normal -1 0 0
    outer loop
      vertex -35.25 0 -33.3
      vertex -35.25 0.2815820370724156 -33.277839013071244
      vertex -35.25 20 -39
    endloop
  endfacet
  facet normal -1 0 0
    outer loop
      vertex -35.25 0.2815820370724156 -33.277839013071244
      vertex -35.25 0.5562305898749054 -33.211901729331274
      vertex -35.25 20 -39
    endloop
  endfacet
  facet normal -1 0 0
    outer loop
      vertex -35.25 0.5562305898749054 -33.211901729331274
      vertex -35.25 0.8171828995311843 -33.10381174353906
      vertex -35.25 20 -39
    endloop
  endfacet
  facet normal -1 0 0
    outer loop
      vertex -35.25 0.8171828995311843 -33.10381174353906
      vertex -35.25 1.0580134541264516 -32.956230589874906
      vertex -35.25 20 -39
    endloop
  endfacet
  facet normal -1 0 0
    outer loop
      vertex -35.25 1.0580134541264516 -32.956230589874906
      vertex -35.25 1.2727922061357857 -32.77279220613579
      vertex -35.25 20 -39
    endloop
  endfacet
  facet normal -1 0 0
    outer loop
      vertex -35.25 1.2727922061357857 -32.77279220613579
      vertex -35.25 1.4562305898749055 -32.55801345412645
      vertex -35.25 20 -39
    endloop
  endfacet
  facet normal -1 0 0
    outer loop
      vertex -35.25 1.4562305898749055 -32.55801345412645
      vertex -35.25 1.6038117435390622 -32.31718289953118
      vertex -35.25 20 -39
    endloop
  endfacet
  facet normal -1 0 0
    outer loop
      vertex -35.25 1.6038117435390622 -32.31718289953118
      vertex -35.25 1.7119017293312764 -32.05623058987491
      vertex -35.25 20 -39
    endloop
  endfacet
  facet normal -1 0 0
    outer loop
      vertex -35.25 -0.8171828995311843 -29.89618825646094
      vertex -35.25 20 -18
      vertex -35.25 -0.5562305898749054 -29.788098270668723
    endloop
  endfacet
  facet normal -1 0 0
    outer loop
      vertex -35.25 -0.5562305898749054 -29.788098270668723
      vertex -35.25 20 -18
      vertex -35.25 -0.2815820370724156 -29.722160986928753
    endloop
  endfacet
  facet normal -1 0 0
    outer loop
      vertex -35.25 -0.2815820370724156 -29.722160986928753
      vertex -35.25 20 -18
      vertex -35.25 0 -29.7
    endloop
  endfacet
  facet normal -1 0 0
    outer loop
      vertex -35.25 0 -29.7
      vertex -35.25 20 -18
      vertex -35.25 0.2815820370724156 -29.722160986928753
    endloop
  endfacet
  facet normal -1 0 0
    outer loop
      vertex -35.25 0.2815820370724156 -29.722160986928753
      vertex -35.25 20 -18
      vertex -35.25 0.5562305898749054 -29.788098270668723
    endloop
  endfacet
  facet normal -1 0 0
    outer loop
      vertex -35.25 0.5562305898749054 -29.788098270668723
      vertex -35.25 20 -18
      vertex -35.25 0.8171828995311843 -29.89618825646094
    endloop
  endfacet
  facet normal -1 0 0
    outer loop
      vertex -35.25 0.8171828995311843 -29.89618825646094
      vertex -35.25 20 -18
      vertex -35.25 1.0580134541264516 -30.043769410125094
    endloop
  endfacet
  facet normal -1 0 0
    outer loop
      vertex -35.25 1.0580134541264516 -30.043769410125094
      vertex -35.25 20 -18
      vertex -35.25 1.2727922061357857 -30.227207793864213
    endloop
  endfacet
  facet normal -1 0 0
    outer loop
      vertex -35.25 1.7119017293312764 -32.05623058987491
      vertex -35.25 1.777839013071248 -31.781582037072415
      vertex -35.25 20 -18
    endloop
  endfacet
  facet normal -1 0 0
    outer loop
      vertex -35.25 1.777839013071248 -31.781582037072415
      vertex -35.25 1.8 -31.5
      vertex -35.25 20 -18
    endloop
  endfacet
  facet normal -1 0 0
    outer loop
      vertex -35.25 1.7119017293312764 -30.943769410125093
      vertex -35.25 1.6038117435390622 -30.682817100468817
      vertex -35.25 20 -18
    endloop
  endfacet
  facet normal -1 0 0
    outer loop
      vertex -35.25 1.4562305898749055 -30.441986545873547
      vertex -35.25 1.2727922061357857 -30.227207793864213
      vertex -35.25 20 -18
    endloop
  endfacet
  facet normal -1 0 0
    outer loop
      vertex -35.25 1.4562305898749055 -30.441986545873547
      vertex -35.25 20 -18
      vertex -35.25 1.6038117435390622 -30.682817100468817
    endloop
  endfacet
  facet normal -1 0 0
    outer loop
      vertex -35.25 1.8 -31.5
      vertex -35.25 1.777839013071248 -31.218417962927585
      vertex -35.25 20 -18
    endloop
  endfacet
  facet normal -1 0 0
    outer loop
      vertex -35.25 1.7119017293312764 -30.943769410125093
      vertex -35.25 20 -18
      vertex -35.25 1.777839013071248 -31.218417962927585
    endloop
  endfacet
  facet normal -1 0 0
    outer loop
      vertex -35.25 1.7119017293312764 -32.05623058987491
      vertex -35.25 20 -18
      vertex -35.25 20 -39
    endloop
  endfacet
  facet normal 0 1 0
    outer loop
      vertex -35.25 20 -39
      vertex -35.25 20 -18
      vertex -29.25 20 -39
    endloop
  endfacet
  facet normal 0 1 0
    outer loop
      vertex -35.25 20 -18
      vertex -29.25 20 -24.05
      vertex -29.25 20 -39
    endloop
  endfacet
  facet normal 0 0 1
    outer loop
      vertex -2.7 -7.947368421052632 -18
      vertex -2.7 7.947368421052632 -18
      vertex -35.25 20 -18
    endloop
  endfacet
  facet normal 0 1 0
    outer loop
      vertex -35.25 20 -18
      vertex 35.25 20 -18
      vertex -29.25 20 -24.05
    endloop
  endfacet
  facet normal 0 0 1
    outer loop
      vertex -35.25 20 -18
      vertex -2.7 7.947368421052632 -18
      vertex 35.25 20 -18
    endloop
  endfacet
  facet normal 0 0 1
    outer loop
      vertex -35.25 -20 -18
      vertex 35.25 -20 -18
      vertex 2.7 -7.947368421052632 -18
    endloop
  endfacet
  facet normal 0 -1 0
    outer loop
      vertex -35.25 -20 -18
      vertex 29.25 -20 -24.05
      vertex 35.25 -20 -18
    endloop
  endfacet
  facet normal 0 -1 0
    outer loop
      vertex 35.25 -20 -39
      vertex 35.25 -20 -18
      vertex 29.25 -20 -39
    endloop
  endfacet
  facet normal 0 -1 0
    outer loop
      vertex 35.25 -20 -18
      vertex 29.25 -20 -24.05
      vertex 29.25 -20 -39
    endloop
  endfacet
  facet normal 1 0 0
    outer loop
      vertex 35.25 -20 -39
      vertex 35.25 -1.7119017293312764 -32.05623058987491
      vertex 35.25 -20 -18
    endloop
  endfacet
  facet normal 1 0 0
    outer loop
      vertex 35.25 -20 -39
      vertex 35.25 -1.2727922061357857 -32.77279220613579
      vertex 35.25 -1.4562305898749055 -32.55801345412645
    endloop
  endfacet
  facet normal 1 0 0
    outer loop
      vertex 35.25 -20 -39
      vertex 35.25 -1.4562305898749055 -32.55801345412645
      vertex 35.25 -1.6038117435390622 -32.31718289953118
    endloop
  endfacet
  facet normal 1 0 0
    outer loop
      vertex 35.25 -20 -39
      vertex 35.25 -1.6038117435390622 -32.31718289953118
      vertex 35.25 -1.7119017293312764 -32.05623058987491
    endloop
  endfacet
  facet normal 0 0 -1
    outer loop
      vertex 35.25 -20 -39
      vertex 29.25 -20 -39
      vertex 29.25 20 -39
    endloop
  endfacet
  facet normal 1 0 0
    outer loop
      vertex 35.25 -20 -39
      vertex 35.25 -1.0580134541264516 -32.956230589874906
      vertex 35.25 -1.2727922061357857 -32.77279220613579
    endloop
  endfacet
  facet normal 1 0 0
    outer loop
      vertex 35.25 -20 -39
      vertex 35.25 -0.8171828995311843 -33.10381174353906
      vertex 35.25 -1.0580134541264516 -32.956230589874906
    endloop
  endfacet
  facet normal 1 0 0
    outer loop
      vertex 35.25 -20 -39
      vertex 35.25 -0.2815820370724156 -33.277839013071244
      vertex 35.25 -0.5562305898749054 -33.211901729331274
    endloop
  endfacet
  facet normal 1 0 0
    outer loop
      vertex 35.25 -20 -39
      vertex 35.25 -0.5562305898749054 -33.211901729331274
      vertex 35.25 -0.8171828995311843 -33.10381174353906
    endloop
  endfacet
  facet normal 1 0 0
    outer loop
      vertex 35.25 -20 -39
      vertex 35.25 0 -33.3
      vertex 35.25 -0.2815820370724156 -33.277839013071244
    endloop
  endfacet
  facet normal 1 0 0
    outer loop
      vertex 35.25 -20 -39
      vertex 35.25 0.2815820370724156 -33.277839013071244
      vertex 35.25 0 -33.3
    endloop
  endfacet
  facet normal 1 0 0
    outer loop
      vertex 35.25 -20 -39
      vertex 35.25 0.5562305898749054 -33.211901729331274
      vertex 35.25 0.2815820370724156 -33.277839013071244
    endloop
  endfacet
  facet normal 1 0 0
    outer loop
      vertex 35.25 -20 -18
      vertex 35.25 -1.7119017293312764 -32.05623058987491
      vertex 35.25 -1.777839013071248 -31.781582037072415
    endloop
  endfacet
  facet normal 1 0 0
    outer loop
      vertex 35.25 -20 -18
      vertex 35.25 -1.777839013071248 -31.781582037072415
      vertex 35.25 -1.8 -31.5
    endloop
  endfacet
  facet normal 1 0 0
    outer loop
      vertex 35.25 -20 -18
      vertex 35.25 -1.8 -31.5
      vertex 35.25 -1.777839013071248 -31.218417962927585
    endloop
  endfacet
  facet normal 1 0 0
    outer loop
      vertex 35.25 -20 -18
      vertex 35.25 -1.777839013071248 -31.218417962927585
      vertex 35.25 -1.7119017293312764 -30.943769410125093
    endloop
  endfacet
  facet normal 1 0 0
    outer loop
      vertex 35.25 -20 -18
      vertex 35.25 -1.7119017293312764 -30.943769410125093
      vertex 35.25 -1.6038117435390622 -30.682817100468817
    endloop
  endfacet
  facet normal 1 0 0
    outer loop
      vertex 35.25 -20 -18
      vertex 35.25 -1.6038117435390622 -30.682817100468817
      vertex 35.25 -1.4562305898749055 -30.441986545873547
    endloop
  endfacet
  facet normal 1 0 0
    outer loop
      vertex 35.25 -20 -18
      vertex 35.25 -1.4562305898749055 -30.441986545873547
      vertex 35.25 -1.2727922061357857 -30.227207793864213
    endloop
  endfacet
  facet normal 1 0 0
    outer loop
      vertex 35.25 -20 -18
      vertex 35.25 -1.2727922061357857 -30.227207793864213
      vertex 35.25 -1.0580134541264516 -30.043769410125094
    endloop
  endfacet
  facet normal 1 0 0
    outer loop
      vertex 35.25 -20 -18
      vertex 35.25 -1.0580134541264516 -30.043769410125094
      vertex 35.25 -0.8171828995311843 -29.89618825646094
    endloop
  endfacet
  facet normal 1 0 0
    outer loop
      vertex 35.25 -20 -18
      vertex 35.25 -0.8171828995311843 -29.89618825646094
      vertex 35.25 -0.5562305898749054 -29.788098270668723
    endloop
  endfacet
  facet normal 1 0 0
    outer loop
      vertex 35.25 -20 -18
      vertex 35.25 -0.5562305898749054 -29.788098270668723
      vertex 35.25 -0.2815820370724156 -29.722160986928753
    endloop
  endfacet
  facet normal 1 0 0
    outer loop
      vertex 35.25 -20 -18
      vertex 35.25 -0.2815820370724156 -29.722160986928753
      vertex 35.25 0 -29.7
    endloop
  endfacet
  facet normal 1 0 0
    outer loop
      vertex 35.25 -20 -18
      vertex 35.25 0 -29.7
      vertex 35.25 0.2815820370724156 -29.722160986928753
    endloop
  endfacet
  facet normal 1 0 0
    outer loop
      vertex 35.25 -20 -18
      vertex 35.25 0.2815820370724156 -29.722160986928753
      vertex 35.25 0.5562305898749054 -29.788098270668723
    endloop
  endfacet
  facet normal 1 0 0
    outer loop
      vertex 35.25 -20 -18
      vertex 35.25 0.5562305898749054 -29.788098270668723
      vertex 35.25 0.8171828995311843 -29.89618825646094
    endloop
  endfacet
  facet normal 0 0 1
    outer loop
      vertex 2.7 -7.947368421052632 -18
      vertex 35.25 -20 -18
      vertex 35.25 20 -18
    endloop
  endfacet
  facet normal 0 0 1
    outer loop
      vertex 2.7 -7.947368421052632 -18
      vertex 35.25 20 -18
      vertex 2.7 7.947368421052632 -18
    endloop
  endfacet
  facet normal 0 0 1
    outer loop
      vertex -2.7 7.947368421052632 -18
      vertex 2.7 7.947368421052632 -18
      vertex 35.25 20 -18
    endloop
  endfacet
  facet normal 0 1 0
    outer loop
      vertex 35.25 20 -18
      vertex 29.25 20 -24.05
      vertex -29.25 20 -24.05
    endloop
  endfacet
  facet normal 1 0 0
    outer loop
      vertex 35.25 -20 -39
      vertex 35.25 20 -39
      vertex 35.25 0.5562305898749054 -33.211901729331274
    endloop
  endfacet
  facet normal 1 0 0
    outer loop
      vertex 35.25 -20 -18
      vertex 35.25 0.8171828995311843 -29.89618825646094
      vertex 35.25 20 -39
    endloop
  endfacet
  facet normal 0 0 -1
    outer loop
      vertex 35.25 -20 -39
      vertex 29.25 20 -39
      vertex 35.25 20 -39
    endloop
  endfacet
  facet normal 1 0 0
    outer loop
      vertex 35.25 0.5562305898749054 -33.211901729331274
      vertex 35.25 20 -39
      vertex 35.25 0.8171828995311843 -33.10381174353906
    endloop
  endfacet
  facet normal 1 0 0
    outer loop
      vertex 35.25 0.8171828995311843 -33.10381174353906
      vertex 35.25 20 -39
      vertex 35.25 1.0580134541264516 -32.956230589874906
    endloop
  endfacet
  facet normal 1 0 0
    outer loop
      vertex 35.25 1.0580134541264516 -32.956230589874906
      vertex 35.25 20 -39
      vertex 35.25 1.2727922061357857 -32.77279220613579
    endloop
  endfacet
  facet normal 1 0 0
    outer loop
      vertex 35.25 1.0580134541264516 -30.043769410125094
      vertex 35.25 1.2727922061357857 -30.227207793864213
      vertex 35.25 20 -39
    endloop
  endfacet
  facet normal 1 0 0
    outer loop
      vertex 35.25 0.8171828995311843 -29.89618825646094
      vertex 35.25 1.0580134541264516 -30.043769410125094
      vertex 35.25 20 -39
    endloop
  endfacet
  facet normal 1 0 0
    outer loop
      vertex 35.25 1.2727922061357857 -32.77279220613579
      vertex 35.25 20 -39
      vertex 35.25 1.4562305898749055 -32.55801345412645
    endloop
  endfacet
  facet normal 1 0 0
    outer loop
      vertex 35.25 1.4562305898749055 -32.55801345412645
      vertex 35.25 20 -39
      vertex 35.25 1.6038117435390622 -32.31718289953118
    endloop
  endfacet
  facet normal 1 0 0
    outer loop
      vertex 35.25 1.6038117435390622 -32.31718289953118
      vertex 35.25 20 -39
      vertex 35.25 1.7119017293312764 -32.05623058987491
    endloop
  endfacet
  facet normal 1 0 0
    outer loop
      vertex 35.25 1.7119017293312764 -32.05623058987491
      vertex 35.25 20 -39
      vertex 35.25 1.777839013071248 -31.781582037072415
    endloop
  endfacet
  facet normal 1 0 0
    outer loop
      vertex 35.25 1.777839013071248 -31.781582037072415
      vertex 35.25 20 -39
      vertex 35.25 1.8 -31.5
    endloop
  endfacet
  facet normal 1 0 0
    outer loop
      vertex 35.25 1.8 -31.5
      vertex 35.25 20 -39
      vertex 35.25 1.777839013071248 -31.218417962927585
    endloop
  endfacet
  facet normal 1 0 0
    outer loop
      vertex 35.25 1.7119017293312764 -30.943769410125093
      vertex 35.25 20 -39
      vertex 35.25 1.6038117435390622 -30.682817100468817
    endloop
  endfacet
  facet normal 1 0 0
    outer loop
      vertex 35.25 1.4562305898749055 -30.441986545873547
      vertex 35.25 20 -39
      vertex 35.25 1.2727922061357857 -30.227207793864213
    endloop
  endfacet
  facet normal 1 0 0
    outer loop
      vertex 35.25 1.4562305898749055 -30.441986545873547
      vertex 35.25 1.6038117435390622 -30.682817100468817
      vertex 35.25 20 -39
    endloop
  endfacet
  facet normal 1 0 0
    outer loop
      vertex 35.25 1.7119017293312764 -30.943769410125093
      vertex 35.25 1.777839013071248 -31.218417962927585
      vertex 35.25 20 -39
    endloop
  endfacet
  facet normal 1 0 0
    outer loop
      vertex 35.25 -20 -18
      vertex 35.25 20 -39
      vertex 35.25 20 -18
    endloop
  endfacet
  facet normal 0 1 0
    outer loop
      vertex 35.25 20 -39
      vertex 29.25 20 -39
      vertex 29.25 20 -24.05
    endloop
  endfacet
  facet normal 0 1 0
    outer loop
      vertex 35.25 20 -39
      vertex 29.25 20 -24.05
      vertex 35.25 20 -18
    endloop
  endfacet
  facet normal 1 0 0
    outer loop
      vertex -29.25 -20 -39
      vertex -29.25 -0.8171828995311843 -33.10381174353906
      vertex -29.25 -20 -24.05
    endloop
  endfacet
  facet normal 1 0 0
    outer loop
      vertex -29.25 -20 -39
      vertex -29.25 -0.2815820370724156 -33.277839013071244
      vertex -29.25 -0.5562305898749054 -33.211901729331274
    endloop
  endfacet
  facet normal 1 0 0
    outer loop
      vertex -29.25 -20 -39
      vertex -29.25 -0.5562305898749054 -33.211901729331274
      vertex -29.25 -0.8171828995311843 -33.10381174353906
    endloop
  endfacet
  facet normal 1 0 0
    outer loop
      vertex -29.25 -20 -39
      vertex -29.25 0 -33.3
      vertex -29.25 -0.2815820370724156 -33.277839013071244
    endloop
  endfacet
  facet normal 1 0 0
    outer loop
      vertex -29.25 -20 -39
      vertex -29.25 0.2815820370724156 -33.277839013071244
      vertex -29.25 0 -33.3
    endloop
  endfacet
  facet normal 1 0 0
    outer loop
      vertex -29.25 -20 -39
      vertex -29.25 0.5562305898749054 -33.211901729331274
      vertex -29.25 0.2815820370724156 -33.277839013071244
    endloop
  endfacet
  facet normal 1 0 0
    outer loop
      vertex -29.25 -1.6038117435390622 -32.31718289953118
      vertex -29.25 -20 -24.05
      vertex -29.25 -1.4562305898749055 -32.55801345412645
    endloop
  endfacet
  facet normal 1 0 0
    outer loop
      vertex -29.25 -1.4562305898749055 -32.55801345412645
      vertex -29.25 -20 -24.05
      vertex -29.25 -1.2727922061357857 -32.77279220613579
    endloop
  endfacet
  facet normal 1 0 0
    outer loop
      vertex -29.25 -1.777839013071248 -31.781582037072415
      vertex -29.25 -20 -24.05
      vertex -29.25 -1.7119017293312764 -32.05623058987491
    endloop
  endfacet
  facet normal 1 0 0
    outer loop
      vertex -29.25 -1.777839013071248 -31.781582037072415
      vertex -29.25 -1.8 -31.5
      vertex -29.25 -20 -24.05
    endloop
  endfacet
  facet normal 1 0 0
    outer loop
      vertex -29.25 -1.8 -31.5
      vertex -29.25 -1.777839013071248 -31.218417962927585
      vertex -29.25 -20 -24.05
    endloop
  endfacet
  facet normal 1 0 0
    outer loop
      vertex -29.25 -1.777839013071248 -31.218417962927585
      vertex -29.25 -1.7119017293312764 -30.943769410125093
      vertex -29.25 -20 -24.05
    endloop
  endfacet
  facet normal 1 0 0
    outer loop
      vertex -29.25 -1.6038117435390622 -32.31718289953118
      vertex -29.25 -1.7119017293312764 -32.05623058987491
      vertex -29.25 -20 -24.05
    endloop
  endfacet
  facet normal 1 0 0
    outer loop
      vertex -29.25 -1.7119017293312764 -30.943769410125093
      vertex -29.25 -1.6038117435390622 -30.682817100468817
      vertex -29.25 -20 -24.05
    endloop
  endfacet
  facet normal 1 0 0
    outer loop
      vertex -29.25 -1.6038117435390622 -30.682817100468817
      vertex -29.25 -1.4562305898749055 -30.441986545873547
      vertex -29.25 -20 -24.05
    endloop
  endfacet
  facet normal 1 0 0
    outer loop
      vertex -29.25 -1.4562305898749055 -30.441986545873547
      vertex -29.25 -1.2727922061357857 -30.227207793864213
      vertex -29.25 -20 -24.05
    endloop
  endfacet
  facet normal 1 0 0
    outer loop
      vertex -29.25 -0.8171828995311843 -33.10381174353906
      vertex -29.25 -1.0580134541264516 -32.956230589874906
      vertex -29.25 -20 -24.05
    endloop
  endfacet
  facet normal 1 0 0
    outer loop
      vertex -29.25 -1.2727922061357857 -32.77279220613579
      vertex -29.25 -20 -24.05
      vertex -29.25 -1.0580134541264516 -32.956230589874906
    endloop
  endfacet
  facet normal 1 0 0
    outer loop
      vertex -29.25 -1.2727922061357857 -30.227207793864213
      vertex -29.25 -1.0580134541264516 -30.043769410125094
      vertex -29.25 -20 -24.05
    endloop
  endfacet
  facet normal 1 0 0
    outer loop
      vertex -29.25 -1.0580134541264516 -30.043769410125094
      vertex -29.25 -0.8171828995311843 -29.89618825646094
      vertex -29.25 -20 -24.05
    endloop
  endfacet
  facet normal 1 0 0
    outer loop
      vertex -29.25 -0.8171828995311843 -29.89618825646094
      vertex -29.25 -0.5562305898749054 -29.788098270668723
      vertex -29.25 -20 -24.05
    endloop
  endfacet
  facet normal -1 0 0
    outer loop
      vertex 29.25 -0.8171828995311843 -29.89618825646094
      vertex 29.25 -20 -39
      vertex 29.25 -20 -24.05
    endloop
  endfacet
  facet normal -1 0 0
    outer loop
      vertex 29.25 -1.4562305898749055 -32.55801345412645
      vertex 29.25 -1.2727922061357857 -32.77279220613579
      vertex 29.25 -20 -39
    endloop
  endfacet
  facet normal -1 0 0
    outer loop
      vertex 29.25 -1.777839013071248 -31.781582037072415
      vertex 29.25 -1.7119017293312764 -32.05623058987491
      vertex 29.25 -20 -39
    endloop
  endfacet
  facet normal -1 0 0
    outer loop
      vertex 29.25 -1.777839013071248 -31.781582037072415
      vertex 29.25 -20 -39
      vertex 29.25 -1.8 -31.5
    endloop
  endfacet
  facet normal -1 0 0
    outer loop
      vertex 29.25 -1.8 -31.5
      vertex 29.25 -20 -39
      vertex 29.25 -1.777839013071248 -31.218417962927585
    endloop
  endfacet
  facet normal -1 0 0
    outer loop
      vertex 29.25 -1.6038117435390622 -32.31718289953118
      vertex 29.25 -1.4562305898749055 -32.55801345412645
      vertex 29.25 -20 -39
    endloop
  endfacet
  facet normal -1 0 0
    outer loop
      vertex 29.25 -1.6038117435390622 -32.31718289953118
      vertex 29.25 -20 -39
      vertex 29.25 -1.7119017293312764 -32.05623058987491
    endloop
  endfacet
  facet normal -1 0 0
    outer loop
      vertex 29.25 -1.777839013071248 -31.218417962927585
      vertex 29.25 -20 -39
      vertex 29.25 -1.7119017293312764 -30.943769410125093
    endloop
  endfacet
  facet normal -1 0 0
    outer loop
      vertex 29.25 -1.7119017293312764 -30.943769410125093
      vertex 29.25 -20 -39
      vertex 29.25 -1.6038117435390622 -30.682817100468817
    endloop
  endfacet
  facet normal -1 0 0
    outer loop
      vertex 29.25 -1.6038117435390622 -30.682817100468817
      vertex 29.25 -20 -39
      vertex 29.25 -1.4562305898749055 -30.441986545873547
    endloop
  endfacet
  facet normal -1 0 0
    outer loop
      vertex 29.25 -1.4562305898749055 -30.441986545873547
      vertex 29.25 -20 -39
      vertex 29.25 -1.2727922061357857 -30.227207793864213
    endloop
  endfacet
  facet normal -1 0 0
    outer loop
      vertex 29.25 -1.2727922061357857 -32.77279220613579
      vertex 29.25 -1.0580134541264516 -32.956230589874906
      vertex 29.25 -20 -39
    endloop
  endfacet
  facet normal -1 0 0
    outer loop
      vertex 29.25 -0.8171828995311843 -33.10381174353906
      vertex 29.25 -20 -39
      vertex 29.25 -1.0580134541264516 -32.956230589874906
    endloop
  endfacet
  facet normal -1 0 0
    outer loop
      vertex 29.25 -0.8171828995311843 -33.10381174353906
      vertex 29.25 -0.5562305898749054 -33.211901729331274
      vertex 29.25 -20 -39
    endloop
  endfacet
  facet normal -1 0 0
    outer loop
      vertex 29.25 -1.2727922061357857 -30.227207793864213
      vertex 29.25 -20 -39
      vertex 29.25 -1.0580134541264516 -30.043769410125094
    endloop
  endfacet
  facet normal -1 0 0
    outer loop
      vertex 29.25 -1.0580134541264516 -30.043769410125094
      vertex 29.25 -20 -39
      vertex 29.25 -0.8171828995311843 -29.89618825646094
    endloop
  endfacet
  facet normal -1 0 0
    outer loop
      vertex 29.25 -0.8171828995311843 -29.89618825646094
      vertex 29.25 -20 -24.05
      vertex 29.25 -0.5562305898749054 -29.788098270668723
    endloop
  endfacet
  facet normal -1 0 0
    outer loop
      vertex 29.25 -0.5562305898749054 -29.788098270668723
      vertex 29.25 -20 -24.05
      vertex 29.25 -0.2815820370724156 -29.722160986928753
    endloop
  endfacet
  facet normal -1 0 0
    outer loop
      vertex 29.25 0.2815820370724156 -29.722160986928753
      vertex 29.25 -20 -24.05
      vertex 29.25 0.5562305898749054 -29.788098270668723
    endloop
  endfacet
  facet normal -1 0 0
    outer loop
      vertex 29.25 -0.2815820370724156 -29.722160986928753
      vertex 29.25 -20 -24.05
      vertex 29.25 0 -29.7
    endloop
  endfacet
  facet normal -1 0 0
    outer loop
      vertex 29.25 0 -29.7
      vertex 29.25 -20 -24.05
      vertex 29.25 0.2815820370724156 -29.722160986928753
    endloop
  endfacet
  facet normal -1 0 0
    outer loop
      vertex 29.25 -0.5562305898749054 -33.211901729331274
      vertex 29.25 20 -39
      vertex 29.25 -20 -39
    endloop
  endfacet
  facet normal -1 0 0
    outer loop
      vertex 29.25 -0.5562305898749054 -33.211901729331274
      vertex 29.25 -0.2815820370724156 -33.277839013071244
      vertex 29.25 20 -39
    endloop
  endfacet
  facet normal -1 0 0
    outer loop
      vertex 29.25 -0.2815820370724156 -33.277839013071244
      vertex 29.25 0 -33.3
      vertex 29.25 20 -39
    endloop
  endfacet
  facet normal -1 0 0
    outer loop
      vertex 29.25 0 -33.3
      vertex 29.25 0.2815820370724156 -33.277839013071244
      vertex 29.25 20 -39
    endloop
  endfacet
  facet normal -1 0 0
    outer loop
      vertex 29.25 0.2815820370724156 -33.277839013071244
      vertex 29.25 0.5562305898749054 -33.211901729331274
      vertex 29.25 20 -39
    endloop
  endfacet
  facet normal -1 0 0
    outer loop
      vertex 29.25 0.5562305898749054 -33.211901729331274
      vertex 29.25 0.8171828995311843 -33.10381174353906
      vertex 29.25 20 -39
    endloop
  endfacet
  facet normal -1 0 0
    outer loop
      vertex 29.25 0.8171828995311843 -33.10381174353906
      vertex 29.25 1.0580134541264516 -32.956230589874906
      vertex 29.25 20 -39
    endloop
  endfacet
  facet normal -1 0 0
    outer loop
      vertex 29.25 1.0580134541264516 -32.956230589874906
      vertex 29.25 1.2727922061357857 -32.77279220613579
      vertex 29.25 20 -39
    endloop
  endfacet
  facet normal -1 0 0
    outer loop
      vertex 29.25 1.2727922061357857 -32.77279220613579
      vertex 29.25 1.4562305898749055 -32.55801345412645
      vertex 29.25 20 -39
    endloop
  endfacet
  facet normal -1 0 0
    outer loop
      vertex 29.25 1.4562305898749055 -32.55801345412645
      vertex 29.25 1.6038117435390622 -32.31718289953118
      vertex 29.25 20 -39
    endloop
  endfacet
  facet normal -1 0 0
    outer loop
      vertex 29.25 1.6038117435390622 -32.31718289953118
      vertex 29.25 1.7119017293312764 -32.05623058987491
      vertex 29.25 20 -39
    endloop
  endfacet
  facet normal 0 -0.6494480483301834 -0.7604059656000312
    outer loop
      vertex -2.7 -9.40456403667957 -12.94427190999916
      vertex 2.7 -9.40456403667957 -12.94427190999916
      vertex -2.7 -11.313708498984761 -11.313708498984761
    endloop
  endfacet
  facet normal -1 0 0
    outer loop
      vertex -2.7 -9.40456403667957 -12.94427190999916
      vertex -2.7 -7.528894388681149 -10.048993384941836
      vertex -2.7 -7.735121454735212 -13.967307639969025
    endloop
  endfacet
  facet normal -3.95082403876861e-18 -0.5224985647159489 -0.8526401643540922
    outer loop
      vertex -2.7 -9.40456403667957 -12.94427190999916
      vertex -2.7 -7.735121454735212 -13.967307639969025
      vertex 2.7 -7.735121454735212 -13.967307639969025
    endloop
  endfacet
  facet normal -1 0 0
    outer loop
      vertex -2.7 -7.462926441174391 -14.134108958806856
      vertex -2.7 -7.263847995832749 -11.416878282262653
      vertex -2.7 -7.263847995832749 -14.256104387013886
    endloop
  endfacet
  facet normal -1 0 0
    outer loop
      vertex -2.7 -7.263847995832749 -14.256104387013886
      vertex -2.7 -7.263847995832749 -11.416878282262653
      vertex -2.7 -7.000184936046987 -10.47651711501207
    endloop
  endfacet
  facet normal -1 0 0
    outer loop
      vertex -2.7 -7.263847995832749 -14.256104387013886
      vertex -2.7 -7.000184936046987 -10.47651711501207
      vertex -2.7 -6.781128143275509 -10.599194813448127
    endloop
  endfacet
  facet normal -1 0 0
    outer loop
      vertex -2.7 -7.263847995832749 -14.256104387013886
      vertex -2.7 -6.781128143275509 -10.599194813448127
      vertex -2.7 -5.045515459561505 -11.526899120590702
    endloop
  endfacet
  facet normal -1 0 0
    outer loop
      vertex -2.7 -7.263847995832749 -14.256104387013886
      vertex -2.7 -4.821811247800131 -11.640882109642213
      vertex -2.7 -4.944271909999158 -15.216904260722456
    endloop
  endfacet
  facet normal -1 0 0
    outer loop
      vertex -2.7 -7.263847995832749 -14.256104387013886
      vertex -2.7 -5.045515459561505 -11.526899120590702
      vertex -2.7 -4.821811247800131 -11.640882109642213
    endloop
  endfacet
  facet normal -1 0 0
    outer loop
      vertex -2.7 -4.944271909999158 -15.216904260722456
      vertex -2.7 -3.4909425480932073 -12.049747939592985
      vertex -2.7 -3.217692306619553 -15.631419349354871
    endloop
  endfacet
  facet normal -1 0 0
    outer loop
      vertex -2.7 -4.944271909999158 -15.216904260722456
      vertex -2.7 -4.821811247800131 -11.640882109642213
      vertex -2.7 -4.77100679894594 -11.657389475731197
    endloop
  endfacet
  facet normal -1 0 0
    outer loop
      vertex -2.7 -4.944271909999158 -15.216904260722456
      vertex -2.7 -4.77100679894594 -11.657389475731197
      vertex -2.7 -4.583030338185436 -11.718466730260436
    endloop
  endfacet
  facet normal -1 0 0
    outer loop
      vertex -2.7 -4.944271909999158 -15.216904260722456
      vertex -2.7 -4.583030338185436 -11.718466730260436
      vertex -2.7 -3.4909425480932073 -12.049747939592985
    endloop
  endfacet
  facet normal -1.7888553377294544e-18 -0.9723699203976764 -0.23344536385590597
    outer loop
      vertex -2.7 -15.216904260722456 -4.944271909999158
      vertex 2.7 -15.803013449522204 -2.502951440643694
      vertex -2.7 -15.803013449522204 -2.502951440643694
    endloop
  endfacet
  facet normal -1 0 0
    outer loop
      vertex -2.7 -15.803013449522204 -2.502951440643694
      vertex -2.7 -16 0
      vertex -2.7 -15.803013449522204 2.502951440643694
    endloop
  endfacet
  facet normal -1 0 0
    outer loop
      vertex -2.7 -15.216904260722456 -4.944271909999158
      vertex -2.7 -15.803013449522204 -2.502951440643694
      vertex -2.7 -15.216904260722456 4.944271909999158
    endloop
  endfacet
  facet normal -1 0 0
    outer loop
      vertex -2.7 -15.803013449522204 -2.502951440643694
      vertex -2.7 -15.803013449522204 2.502951440643694
      vertex -2.7 -15.216904260722456 4.944271909999158
    endloop
  endfacet
  facet normal 1.5319327308360692e-21 -0.996917333733128 -0.07845909572784465
    outer loop
      vertex -2.7 -15.803013449522204 -2.502951440643694
      vertex 2.7 -16 0
      vertex -2.7 -16 0
    endloop
  endfacet
  facet normal -1.5319327308360692e-21 -0.996917333733128 0.07845909572784465
    outer loop
      vertex -2.7 -16 0
      vertex 2.7 -15.803013449522204 2.502951440643694
      vertex -2.7 -15.803013449522204 2.502951440643694
    endloop
  endfacet
  facet normal -1 0 0
    outer loop
      vertex -2.7 -12.94427190999916 -9.40456403667957
      vertex -2.7 -12.357894533080703 -2.458138057403216
      vertex -2.7 -12.289744221911509 -2.6997808335013995
    endloop
  endfacet
  facet normal -1 0 0
    outer loop
      vertex -2.7 -12.94427190999916 -9.40456403667957
      vertex -2.7 -12.36417325847219 -2.405089374422089
      vertex -2.7 -12.357894533080703 -2.458138057403216
    endloop
  endfacet
  facet normal -1 0 0
    outer loop
      vertex -2.7 -12.94427190999916 -9.40456403667957
      vertex -2.7 -12.387404542420692 -2.2088092473919203
      vertex -2.7 -12.36417325847219 -2.405089374422089
    endloop
  endfacet
  facet normal -1.63516331260828e-17 -0.8526401643540921 -0.5224985647159489
    outer loop
      vertex -2.7 -12.94427190999916 -9.40456403667957
      vertex 2.7 -14.256104387013886 -7.263847995832749
      vertex -2.7 -14.256104387013886 -7.263847995832749
    endloop
  endfacet
  facet normal 0 -0.923879532511287 -0.3826834323650893
    outer loop
      vertex -2.7 -15.216904260722456 -4.944271909999158
      vertex -2.7 -14.256104387013886 -7.263847995832749
      vertex 2.7 -15.216904260722456 -4.944271909999158
    endloop
  endfacet
  facet normal -1 0 0
    outer loop
      vertex -2.7 -12.94427190999916 -9.40456403667957
      vertex -2.7 -10.599194813448127 -6.781128143275509
      vertex -2.7 -11.313708498984761 -11.313708498984761
    endloop
  endfacet
  facet normal -1 0 0
    outer loop
      vertex -2.7 -11.313708498984761 -11.313708498984761
      vertex -2.7 -10.354153104592536 -7.155402943297831
      vertex -2.7 -10.321081750425094 -7.19735375606833
    endloop
  endfacet
  facet normal -1 0 0
    outer loop
      vertex -2.7 -11.313708498984761 -11.313708498984761
      vertex -2.7 -10.599194813448127 -6.781128143275509
      vertex -2.7 -10.47651711501207 -7.000184936046987
    endloop
  endfacet
  facet normal -1 0 0
    outer loop
      vertex -2.7 -11.313708498984761 -11.313708498984761
      vertex -2.7 -10.47651711501207 -7.000184936046987
      vertex -2.7 -10.354153104592536 -7.155402943297831
    endloop
  endfacet
  facet normal -1 0 0
    outer loop
      vertex -2.7 -11.313708498984761 -11.313708498984761
      vertex -2.7 -10.321081750425094 -7.19735375606833
      vertex -2.7 -9.072601784051939 -8.71863099671998
    endloop
  endfacet
  facet normal 0 -0.7604059656000312 -0.6494480483301834
    outer loop
      vertex -2.7 -12.94427190999916 -9.40456403667957
      vertex -2.7 -11.313708498984761 -11.313708498984761
      vertex 2.7 -12.94427190999916 -9.40456403667957
    endloop
  endfacet
  facet normal -1 0 0
    outer loop
      vertex -2.7 -12.94427190999916 -9.40456403667957
      vertex -2.7 -11.616630409844019 -4.869407888600423
      vertex -2.7 -11.551150820388896 -4.997918818761213
    endloop
  endfacet
  facet normal -1 0 0
    outer loop
      vertex -2.7 -12.94427190999916 -9.40456403667957
      vertex -2.7 -11.640882109642213 -4.821811247800131
      vertex -2.7 -11.616630409844019 -4.869407888600423
    endloop
  endfacet
  facet normal -1 0 0
    outer loop
      vertex -2.7 -12.94427190999916 -9.40456403667957
      vertex -2.7 -11.551150820388896 -4.997918818761213
      vertex -2.7 -11.526899120590702 -5.045515459561505
    endloop
  endfacet
  facet normal -1 0 0
    outer loop
      vertex -2.7 -12.94427190999916 -9.40456403667957
      vertex -2.7 -11.526899120590702 -5.045515459561505
      vertex -2.7 -10.599194813448127 -6.781128143275509
    endloop
  endfacet
  facet normal -1 0 0
    outer loop
      vertex -2.7 -12.94427190999916 -9.40456403667957
      vertex -2.7 -12.289744221911509 -2.6997808335013995
      vertex -2.7 -11.718466730260436 -4.583030338185436
    endloop
  endfacet
  facet normal -1 0 0
    outer loop
      vertex -2.7 -12.94427190999916 -9.40456403667957
      vertex -2.7 -11.718466730260436 -4.583030338185436
      vertex -2.7 -11.640882109642213 -4.821811247800131
    endloop
  endfacet
  facet normal -1 0 0
    outer loop
      vertex -2.7 -15.216904260722456 -4.944271909999158
      vertex -2.7 -14.256104387013886 7.263847995832749
      vertex -2.7 -14.256104387013886 -7.263847995832749
    endloop
  endfacet
  facet normal -1 0 0
    outer loop
      vertex -2.7 -12.94427190999916 -9.40456403667957
      vertex -2.7 -12.58030134495222 -0.2502951440643694
      vertex -2.7 -12.387404542420692 -2.2088092473919203
    endloop
  endfacet
  facet normal -1 0 0
    outer loop
      vertex -2.7 -12.94427190999916 -9.40456403667957
      vertex -2.7 -12.6 0
      vertex -2.7 -12.58030134495222 -0.2502951440643694
    endloop
  endfacet
  facet normal -1 0 0
    outer loop
      vertex -2.7 -12.94427190999916 -9.40456403667957
      vertex -2.7 -14.256104387013886 -7.263847995832749
      vertex -2.7 -12.94427190999916 9.40456403667957
    endloop
  endfacet
  facet normal -1 0 0
    outer loop
      vertex -2.7 -12.94427190999916 -9.40456403667957
      vertex -2.7 -12.94427190999916 9.40456403667957
      vertex -2.7 -12.6 0
    endloop
  endfacet
  facet normal 1.7888553377294544e-18 -0.9723699203976764 0.23344536385590597
    outer loop
      vertex -2.7 -15.803013449522204 2.502951440643694
      vertex 2.7 -15.216904260722456 4.944271909999158
      vertex -2.7 -15.216904260722456 4.944271909999158
    endloop
  endfacet
  facet normal -1 0 0
    outer loop
      vertex -2.7 -15.216904260722456 -4.944271909999158
      vertex -2.7 -15.216904260722456 4.944271909999158
      vertex -2.7 -14.256104387013886 7.263847995832749
    endloop
  endfacet
  facet normal -1 0 0
    outer loop
      vertex -2.7 -14.256104387013886 -7.263847995832749
      vertex -2.7 -14.256104387013886 7.263847995832749
      vertex -2.7 -12.94427190999916 9.40456403667957
    endloop
  endfacet
  facet normal -1 0 0
    outer loop
      vertex -2.7 -12.94427190999916 9.40456403667957
      vertex -2.7 -12.58030134495222 0.2502951440643694
      vertex -2.7 -12.6 0
    endloop
  endfacet
  facet normal -1 0 0
    outer loop
      vertex -2.7 -12.94427190999916 9.40456403667957
      vertex -2.7 -12.521690426072245 0.49442719099991583
      vertex -2.7 -12.58030134495222 0.2502951440643694
    endloop
  endfacet
  facet normal -1 0 0
    outer loop
      vertex -2.7 -12.94427190999916 9.40456403667957
      vertex -2.7 -12.425610438701389 0.726384799583275
      vertex -2.7 -12.521690426072245 0.49442719099991583
    endloop
  endfacet
  facet normal -1 0 0
    outer loop
      vertex -2.7 -12.94427190999916 9.40456403667957
      vertex -2.7 -12.294427190999915 0.940456403667957
      vertex -2.7 -12.425610438701389 0.726384799583275
    endloop
  endfacet
  facet normal 6.978427593815965e-18 -0.923879532511287 0.3826834323650893
    outer loop
      vertex -2.7 -15.216904260722456 4.944271909999158
      vertex 2.7 -14.256104387013886 7.263847995832749
      vertex -2.7 -14.256104387013886 7.263847995832749
    endloop
  endfacet
  facet normal 1.63516331260828e-17 -0.8526401643540921 0.5224985647159489
    outer loop
      vertex -2.7 -14.256104387013886 7.263847995832749
      vertex 2.7 -12.94427190999916 9.40456403667957
      vertex -2.7 -12.94427190999916 9.40456403667957
    endloop
  endfacet
  facet normal -1 0 0
    outer loop
      vertex -2.7 -12.94427190999916 9.40456403667957
      vertex -2.7 -12.131370849898476 1.1313708498984762
      vertex -2.7 -12.294427190999915 0.940456403667957
    endloop
  endfacet
  facet normal -1 0 0
    outer loop
      vertex -2.7 -11.313708498984761 11.313708498984761
      vertex -2.7 -11.940456403667957 1.294427190999916
      vertex -2.7 -12.131370849898476 1.1313708498984762
    endloop
  endfacet
  facet normal -1 0 0
    outer loop
      vertex -2.7 -11.313708498984761 11.313708498984761
      vertex -2.7 -11.726384799583276 1.4256104387013888
      vertex -2.7 -11.940456403667957 1.294427190999916
    endloop
  endfacet
  facet normal -1 0 0
    outer loop
      vertex -2.7 -11.313708498984761 11.313708498984761
      vertex -2.7 -11.494427190999916 1.5216904260722457
      vertex -2.7 -11.726384799583276 1.4256104387013888
    endloop
  endfacet
  facet normal -1 0 0
    outer loop
      vertex -2.7 -11.313708498984761 11.313708498984761
      vertex -2.7 -11.250295144064369 1.5803013449522205
      vertex -2.7 -11.494427190999916 1.5216904260722457
    endloop
  endfacet
  facet normal -1 0 0
    outer loop
      vertex -2.7 -11.313708498984761 11.313708498984761
      vertex -2.7 -10.505572809000084 1.5216904260722457
      vertex -2.7 -10.749704855935631 1.5803013449522205
    endloop
  endfacet
  facet normal -1 0 0
    outer loop
      vertex -2.7 -11.313708498984761 11.313708498984761
      vertex -2.7 -11 1.6
      vertex -2.7 -11.250295144064369 1.5803013449522205
    endloop
  endfacet
  facet normal -1 0 0
    outer loop
      vertex -2.7 -11.313708498984761 11.313708498984761
      vertex -2.7 -10.749704855935631 1.5803013449522205
      vertex -2.7 -11 1.6
    endloop
  endfacet
  facet normal -1 0 0
    outer loop
      vertex -2.7 -9.40456403667957 12.94427190999916
      vertex -2.7 -10.273615200416724 1.4256104387013888
      vertex -2.7 -10.505572809000084 1.5216904260722457
    endloop
  endfacet
  facet normal -1 0 0
    outer loop
      vertex -2.7 -12.94427190999916 9.40456403667957
      vertex -2.7 -11.313708498984761 11.313708498984761
      vertex -2.7 -12.131370849898476 1.1313708498984762
    endloop
  endfacet
  facet normal -1 0 0
    outer loop
      vertex -2.7 -11.313708498984761 11.313708498984761
      vertex -2.7 -9.40456403667957 12.94427190999916
      vertex -2.7 -10.505572809000084 1.5216904260722457
    endloop
  endfacet
  facet normal -1.1079659566576357e-17 -0.7604059656000312 0.6494480483301834
    outer loop
      vertex -2.7 -12.94427190999916 9.40456403667957
      vertex 2.7 -11.313708498984761 11.313708498984761
      vertex -2.7 -11.313708498984761 11.313708498984761
    endloop
  endfacet
  facet normal 0 -0.6494480483301834 0.7604059656000312
    outer loop
      vertex -2.7 -11.313708498984761 11.313708498984761
      vertex 2.7 -11.313708498984761 11.313708498984761
      vertex -2.7 -9.40456403667957 12.94427190999916
    endloop
  endfacet
  facet normal -1 0 0
    outer loop
      vertex -2.7 -9.40456403667957 -12.94427190999916
      vertex -2.7 -11.313708498984761 -11.313708498984761
      vertex -2.7 -9.072601784051939 -8.71863099671998
    endloop
  endfacet
  facet normal -1 0 0
    outer loop
      vertex -2.7 -9.40456403667957 -12.94427190999916
      vertex -2.7 -8.991073613501218 -8.81408821983524
      vertex -2.7 -8.909545442950499 -8.909545442950499
    endloop
  endfacet
  facet normal -1 0 0
    outer loop
      vertex -2.7 -9.40456403667957 -12.94427190999916
      vertex -2.7 -9.072601784051939 -8.71863099671998
      vertex -2.7 -8.991073613501218 -8.81408821983524
    endloop
  endfacet
  facet normal -1 0 0
    outer loop
      vertex -2.7 -9.40456403667957 -12.94427190999916
      vertex -2.7 -8.909545442950499 -8.909545442950499
      vertex -2.7 -8.71863099671998 -9.072601784051939
    endloop
  endfacet
  facet normal -1 0 0
    outer loop
      vertex -2.7 -9.40456403667957 -12.94427190999916
      vertex -2.7 -8.71863099671998 -9.072601784051939
      vertex -2.7 -7.528894388681149 -10.048993384941836
    endloop
  endfacet
  facet normal -1 0 0
    outer loop
      vertex -2.7 -7.263847995832749 -11.416878282262653
      vertex -2.7 -7.263847995832749 -10.26651133813816
      vertex -2.7 -7.19735375606833 -10.321081750425094
    endloop
  endfacet
  facet normal -1 0 0
    outer loop
      vertex -2.7 -7.263847995832749 -11.416878282262653
      vertex -2.7 -7.19735375606833 -10.321081750425094
      vertex -2.7 -7.000184936046987 -10.47651711501207
    endloop
  endfacet
  facet normal -1 0 0
    outer loop
      vertex -2.7 -7.263847995832749 14.256104387013886
      vertex -2.7 -7.811695866360803 -5.2196083038247805
      vertex -2.7 -8.67989138550467 -3.5953287318014326
    endloop
  endfacet
  facet normal -1 0 0
    outer loop
      vertex -2.7 -7 0
      vertex -2.7 -7.3070782449765925 -5.83448665455526
      vertex -2.7 -7.811695866360803 -5.2196083038247805
    endloop
  endfacet
  facet normal -1 0 0
    outer loop
      vertex -2.7 -6.879729175696104 -1.3414663535687628
      vertex -2.7 -6.735441880296625 1.6703542289967674
      vertex -2.7 -7.088315057370677 -6.101050369921932
    endloop
  endfacet
  facet normal -1 0 0
    outer loop
      vertex -2.7 -4.944271909999158 3.407776187363317
      vertex -2.7 -6.643301255922205 -6.6433012559222036
      vertex -2.7 -7.088315057370677 -6.101050369921932
    endloop
  endfacet
  facet normal -1 0 0
    outer loop
      vertex -2.7 -4.944271909999158 3.407776187363317
      vertex -2.7 -5.2196083038247805 -7.811695866360803
      vertex -2.7 -6.643301255922205 -6.6433012559222036
    endloop
  endfacet
  facet normal -1 0 0
    outer loop
      vertex -2.7 -3.788234964732858 -8.152939858931433
      vertex -2.7 -3.7545249543763917 -8.594799231737055
      vertex -2.7 -5.2196083038247805 -7.811695866360803
    endloop
  endfacet
  facet normal -1 0 0
    outer loop
      vertex -2.7 -3.788234964732858 -8.152939858931433
      vertex -2.7 -5.2196083038247805 -7.811695866360803
      vertex -2.7 -4.944271909999158 3.407776187363317
    endloop
  endfacet
  facet normal -1 0 0
    outer loop
      vertex -2.7 -9.40456403667957 12.94427190999916
      vertex -2.7 -9.41969865504778 0.2502951440643694
      vertex -2.7 -9.478309573927755 0.49442719099991583
    endloop
  endfacet
  facet normal -1 0 0
    outer loop
      vertex -2.7 -9.40456403667957 12.94427190999916
      vertex -2.7 -9.478309573927755 0.49442719099991583
      vertex -2.7 -9.574389561298611 0.726384799583275
    endloop
  endfacet
  facet normal -1 0 0
    outer loop
      vertex -2.7 -9.40456403667957 12.94427190999916
      vertex -2.7 -10.059543596332043 1.294427190999916
      vertex -2.7 -10.273615200416724 1.4256104387013888
    endloop
  endfacet
  facet normal -1 0 0
    outer loop
      vertex -2.7 -9.40456403667957 12.94427190999916
      vertex -2.7 -9.868629150101524 1.1313708498984762
      vertex -2.7 -10.059543596332043 1.294427190999916
    endloop
  endfacet
  facet normal -1 0 0
    outer loop
      vertex -2.7 -9.40456403667957 12.94427190999916
      vertex -2.7 -9.705572809000085 0.940456403667957
      vertex -2.7 -9.868629150101524 1.1313708498984762
    endloop
  endfacet
  facet normal -1 0 0
    outer loop
      vertex -2.7 -9.40456403667957 12.94427190999916
      vertex -2.7 -9.574389561298611 0.726384799583275
      vertex -2.7 -9.705572809000085 0.940456403667957
    endloop
  endfacet
  facet normal -1 0 0
    outer loop
      vertex -2.7 -7.263847995832749 14.256104387013886
      vertex -2.7 -8.67989138550467 -3.5953287318014326
      vertex -2.7 -9.214523546442761 -1.8328826928985356
    endloop
  endfacet
  facet normal -1 0 0
    outer loop
      vertex -2.7 -7.263847995832749 14.256104387013886
      vertex -2.7 -9.214523546442761 -1.8328826928985356
      vertex -2.7 -9.41969865504778 0.2502951440643694
    endloop
  endfacet
  facet normal -1 0 0
    outer loop
      vertex -2.7 -7 0
      vertex -2.7 -7.811695866360803 -5.2196083038247805
      vertex -2.7 -7.263847995832749 14.256104387013886
    endloop
  endfacet
  facet normal -1 0 0
    outer loop
      vertex -2.7 -6.735441880296625 1.6703542289967674
      vertex -2.7 -4.944271909999158 15.216904260722456
      vertex -2.7 -7.088315057370677 -6.101050369921932
    endloop
  endfacet
  facet normal -1 0 0
    outer loop
      vertex -2.7 -7 0
      vertex -2.7 -7.263847995832749 14.256104387013886
      vertex -2.7 -6.967042550843438 0.4187640965653503
    endloop
  endfacet
  facet normal -1 0 0
    outer loop
      vertex -2.7 -6.967042550843438 0.4187640965653503
      vertex -2.7 -7.263847995832749 14.256104387013886
      vertex -2.7 -6.735441880296625 1.6703542289967674
    endloop
  endfacet
  facet normal -1 0 0
    outer loop
      vertex -2.7 -4.944271909999158 3.407776187363317
      vertex -2.7 -7.088315057370677 -6.101050369921932
      vertex -2.7 -4.944271909999158 15.216904260722456
    endloop
  endfacet
  facet normal -1 0 0
    outer loop
      vertex -2.7 -9.40456403667957 12.94427190999916
      vertex -2.7 -7.263847995832749 14.256104387013886
      vertex -2.7 -9.41969865504778 0.2502951440643694
    endloop
  endfacet
  facet normal 0 -0.5224985647159489 0.8526401643540921
    outer loop
      vertex -2.7 -9.40456403667957 12.94427190999916
      vertex 2.7 -9.40456403667957 12.94427190999916
      vertex -2.7 -7.263847995832749 14.256104387013886
    endloop
  endfacet
  facet normal -1 0 0
    outer loop
      vertex -2.7 -6.735441880296625 1.6703542289967674
      vertex -2.7 -7.263847995832749 14.256104387013886
      vertex -2.7 -4.944271909999158 15.216904260722456
    endloop
  endfacet
  facet normal 0 -0.3826834323650893 0.923879532511287
    outer loop
      vertex -2.7 -7.263847995832749 14.256104387013886
      vertex 2.7 -7.263847995832749 14.256104387013886
      vertex -2.7 -4.944271909999158 15.216904260722456
    endloop
  endfacet
  facet normal -1 0 0
    outer loop
      vertex -2.7 -4.944271909999158 3.407776187363317
      vertex -2.7 -3.667674354829298 5.936932086377616
      vertex -2.7 -3.398596518930039 6.027888355830233
    endloop
  endfacet
  facet normal -1 0 0
    outer loop
      vertex -2.7 -4.944271909999158 3.407776187363317
      vertex -2.7 -3.398596518930039 6.027888355830233
      vertex -2.7 -3.1030747279366855 5.991749902010804
    endloop
  endfacet
  facet normal -1 0 0
    outer loop
      vertex -2.7 -4.944271909999158 3.407776187363317
      vertex -2.7 -4.944271909999158 15.216904260722456
      vertex -2.7 -3.667674354829298 5.936932086377616
    endloop
  endfacet
  facet normal -1 0 0
    outer loop
      vertex -2.7 -2.502951440643694 6.484242316931556
      vertex -2.7 -2.2611547433325616 6.616787863270589
      vertex -2.7 -2.1631189606246317 6.657395614066075
    endloop
  endfacet
  facet normal -1 0 0
    outer loop
      vertex -2.7 -3.667674354829298 5.936932086377616
      vertex -2.7 -2.502951440643694 15.803013449522204
      vertex -2.7 -3.1779334981768277 6.237045669318575
    endloop
  endfacet
  facet normal -1 0 0
    outer loop
      vertex -2.7 -3.1779334981768277 6.237045669318575
      vertex -2.7 -2.502951440643694 15.803013449522204
      vertex -2.7 -2.2611547433325616 6.616787863270589
    endloop
  endfacet
  facet normal -1 0 0
    outer loop
      vertex -2.7 -3.667674354829298 5.936932086377616
      vertex -2.7 -4.944271909999158 15.216904260722456
      vertex -2.7 -2.502951440643694 15.803013449522204
    endloop
  endfacet
  facet normal 0 -0.23344536385590597 0.9723699203976764
    outer loop
      vertex -2.7 -4.944271909999158 15.216904260722456
      vertex 2.7 -4.944271909999158 15.216904260722456
      vertex -2.7 -2.502951440643694 15.803013449522204
    endloop
  endfacet
  facet normal -1 0 0
    outer loop
      vertex -2.7 -2.2611547433325616 6.616787863270589
      vertex -2.7 -2.502951440643694 15.803013449522204
      vertex -2.7 -2.1631189606246317 6.657395614066075
    endloop
  endfacet
  facet normal -1 0 0
    outer loop
      vertex -2.7 -2.1631189606246317 6.657395614066075
      vertex -2.7 -2.502951440643694 15.803013449522204
      vertex -2.7 -1.095041255281616 6.913818384165964
    endloop
  endfacet
  facet normal -1 0 0
    outer loop
      vertex -2.7 -1.095041255281616 6.913818384165964
      vertex -2.7 0 16
      vertex -2.7 0 7
    endloop
  endfacet
  facet normal -1 0 0
    outer loop
      vertex -2.7 -1.095041255281616 6.913818384165964
      vertex -2.7 -2.502951440643694 15.803013449522204
      vertex -2.7 0 16
    endloop
  endfacet
  facet normal 0 -0.07845909572784465 0.996917333733128
    outer loop
      vertex -2.7 -2.502951440643694 15.803013449522204
      vertex 2.7 -2.502951440643694 15.803013449522204
      vertex -2.7 0 16
    endloop
  endfacet
  facet normal -1 0 0
    outer loop
      vertex -2.7 2.502951440643694 -15.803013449522204
      vertex -2.7 5.496990211062546 -14.987960844250185
      vertex -2.7 4.944271909999158 -15.216904260722456
    endloop
  endfacet
  facet normal 3.95082403876861e-18 0.5224985647159489 -0.8526401643540922
    outer loop
      vertex -2.7 7.735121454735212 -13.967307639969025
      vertex -2.7 9.40456403667957 -12.94427190999916
      vertex 2.7 9.40456403667957 -12.94427190999916
    endloop
  endfacet
  facet normal -1.1079659566576357e-17 0.6494480483301834 -0.7604059656000312
    outer loop
      vertex -2.7 9.40456403667957 -12.94427190999916
      vertex -2.7 11.313708498984761 -11.313708498984761
      vertex 2.7 11.313708498984761 -11.313708498984761
    endloop
  endfacet
  facet normal -1 0 0
    outer loop
      vertex -2.7 2.502951440643694 -15.803013449522204
      vertex -2.7 2.502951440643694 -3.0118057625747756
      vertex -2.7 5.496990211062546 -14.987960844250185
    endloop
  endfacet
  facet normal -1 0 0
    outer loop
      vertex -2.7 7.735121454735212 -13.967307639969025
      vertex -2.7 7 0
      vertex -2.7 9.40456403667957 -12.94427190999916
    endloop
  endfacet
  facet normal -1 0 0
    outer loop
      vertex -2.7 9.40456403667957 -12.94427190999916
      vertex -2.7 7 0
      vertex -2.7 9.40456403667957 12.94427190999916
    endloop
  endfacet
  facet normal -1 0 0
    outer loop
      vertex -2.7 0 7
      vertex -2.7 2.1631189606246317 6.657395614066075
      vertex -2.7 4.114496766047312 5.663118960624632
    endloop
  endfacet
  facet normal -1 0 0
    outer loop
      vertex -2.7 0 7
      vertex -2.7 2.502951440643694 15.803013449522204
      vertex -2.7 1.095041255281616 6.913818384165964
    endloop
  endfacet
  facet normal -1 0 0
    outer loop
      vertex -2.7 1.095041255281616 6.913818384165964
      vertex -2.7 2.502951440643694 15.803013449522204
      vertex -2.7 2.1631189606246317 6.657395614066075
    endloop
  endfacet
  facet normal -1 0 0
    outer loop
      vertex -2.7 0 7
      vertex -2.7 0 16
      vertex -2.7 2.502951440643694 15.803013449522204
    endloop
  endfacet
  facet normal 0 0.07845909572784465 0.996917333733128
    outer loop
      vertex -2.7 0 16
      vertex 2.7 0 16
      vertex -2.7 2.502951440643694 15.803013449522204
    endloop
  endfacet
  facet normal -1 0 0
    outer loop
      vertex -2.7 2.1631189606246317 6.657395614066075
      vertex -2.7 4.944271909999158 15.216904260722456
      vertex -2.7 4.114496766047312 5.663118960624632
    endloop
  endfacet
  facet normal -1 0 0
    outer loop
      vertex -2.7 2.1631189606246317 6.657395614066075
      vertex -2.7 2.502951440643694 15.803013449522204
      vertex -2.7 4.944271909999158 15.216904260722456
    endloop
  endfacet
  facet normal 0 0.23344536385590597 0.9723699203976764
    outer loop
      vertex -2.7 2.502951440643694 15.803013449522204
      vertex 2.7 2.502951440643694 15.803013449522204
      vertex -2.7 4.944271909999158 15.216904260722456
    endloop
  endfacet
  facet normal -1 0 0
    outer loop
      vertex -2.7 7 0
      vertex -2.7 6.913818384165964 1.095041255281616
      vertex -2.7 7.263847995832749 14.256104387013886
    endloop
  endfacet
  facet normal -1 0 0
    outer loop
      vertex -2.7 4.114496766047312 5.663118960624632
      vertex -2.7 7.263847995832749 14.256104387013886
      vertex -2.7 5.663118960624632 4.114496766047312
    endloop
  endfacet
  facet normal -1 0 0
    outer loop
      vertex -2.7 6.657395614066075 2.1631189606246317
      vertex -2.7 6.574498037294135 2.363251414755314
      vertex -2.7 7.263847995832749 14.256104387013886
    endloop
  endfacet
  facet normal -1 0 0
    outer loop
      vertex -2.7 6.35830688545116 2.750113641482443
      vertex -2.7 7.263847995832749 14.256104387013886
      vertex -2.7 6.574498037294135 2.363251414755314
    endloop
  endfacet
  facet normal -1 0 0
    outer loop
      vertex -2.7 5.663118960624632 4.114496766047312
      vertex -2.7 7.263847995832749 14.256104387013886
      vertex -2.7 6.35830688545116 2.750113641482443
    endloop
  endfacet
  facet normal -1 0 0
    outer loop
      vertex -2.7 6.657395614066075 2.1631189606246317
      vertex -2.7 7.263847995832749 14.256104387013886
      vertex -2.7 6.913818384165964 1.095041255281616
    endloop
  endfacet
  facet normal -1 0 0
    outer loop
      vertex -2.7 7 0
      vertex -2.7 7.263847995832749 14.256104387013886
      vertex -2.7 9.40456403667957 12.94427190999916
    endloop
  endfacet
  facet normal -1 0 0
    outer loop
      vertex -2.7 4.114496766047312 5.663118960624632
      vertex -2.7 4.944271909999158 15.216904260722456
      vertex -2.7 7.263847995832749 14.256104387013886
    endloop
  endfacet
  facet normal 0 0.3826834323650893 0.923879532511287
    outer loop
      vertex -2.7 4.944271909999158 15.216904260722456
      vertex 2.7 4.944271909999158 15.216904260722456
      vertex -2.7 7.263847995832749 14.256104387013886
    endloop
  endfacet
  facet normal 0 0.5224985647159489 0.8526401643540921
    outer loop
      vertex -2.7 7.263847995832749 14.256104387013886
      vertex 2.7 7.263847995832749 14.256104387013886
      vertex -2.7 9.40456403667957 12.94427190999916
    endloop
  endfacet
  facet normal 0 0.7604059656000312 -0.6494480483301834
    outer loop
      vertex -2.7 11.313708498984761 -11.313708498984761
      vertex -2.7 12.94427190999916 -9.40456403667957
      vertex 2.7 11.313708498984761 -11.313708498984761
    endloop
  endfacet
  facet normal 0 0.8526401643540921 -0.5224985647159489
    outer loop
      vertex -2.7 12.94427190999916 -9.40456403667957
      vertex -2.7 14.256104387013886 -7.263847995832749
      vertex 2.7 12.94427190999916 -9.40456403667957
    endloop
  endfacet
  facet normal 0 0.923879532511287 -0.3826834323650893
    outer loop
      vertex -2.7 14.256104387013886 -7.263847995832749
      vertex -2.7 15.216904260722456 -4.944271909999158
      vertex 2.7 14.256104387013886 -7.263847995832749
    endloop
  endfacet
  facet normal -1 0 0
    outer loop
      vertex -2.7 9.40456403667957 -12.94427190999916
      vertex -2.7 11.313708498984761 11.313708498984761
      vertex -2.7 11.313708498984761 -11.313708498984761
    endloop
  endfacet
  facet normal -1 0 0
    outer loop
      vertex -2.7 11.313708498984761 -11.313708498984761
      vertex -2.7 12.94427190999916 9.40456403667957
      vertex -2.7 12.94427190999916 -9.40456403667957
    endloop
  endfacet
  facet normal -1 0 0
    outer loop
      vertex -2.7 12.94427190999916 -9.40456403667957
      vertex -2.7 14.256104387013886 7.263847995832749
      vertex -2.7 14.256104387013886 -7.263847995832749
    endloop
  endfacet
  facet normal -1 0 0
    outer loop
      vertex -2.7 14.256104387013886 -7.263847995832749
      vertex -2.7 15.216904260722456 4.944271909999158
      vertex -2.7 15.216904260722456 -4.944271909999158
    endloop
  endfacet
  facet normal -1 0 0
    outer loop
      vertex -2.7 14.256104387013886 -7.263847995832749
      vertex -2.7 14.256104387013886 7.263847995832749
      vertex -2.7 15.216904260722456 4.944271909999158
    endloop
  endfacet
  facet normal -1 0 0
    outer loop
      vertex -2.7 15.216904260722456 -4.944271909999158
      vertex -2.7 15.803013449522204 2.502951440643694
      vertex -2.7 15.803013449522204 -2.502951440643694
    endloop
  endfacet
  facet normal 0 0.9723699203976764 -0.23344536385590597
    outer loop
      vertex -2.7 15.216904260722456 -4.944271909999158
      vertex -2.7 15.803013449522204 -2.502951440643694
      vertex 2.7 15.216904260722456 -4.944271909999158
    endloop
  endfacet
  facet normal 0 0.996917333733128 -0.07845909572784465
    outer loop
      vertex -2.7 15.803013449522204 -2.502951440643694
      vertex -2.7 16 0
      vertex 2.7 15.803013449522204 -2.502951440643694
    endloop
  endfacet
  facet normal -1 0 0
    outer loop
      vertex -2.7 15.803013449522204 -2.502951440643694
      vertex -2.7 15.803013449522204 2.502951440643694
      vertex -2.7 16 0
    endloop
  endfacet
  facet normal -1 0 0
    outer loop
      vertex -2.7 15.216904260722456 -4.944271909999158
      vertex -2.7 15.216904260722456 4.944271909999158
      vertex -2.7 15.803013449522204 2.502951440643694
    endloop
  endfacet
  facet normal 0 0.996917333733128 0.07845909572784465
    outer loop
      vertex -2.7 16 0
      vertex -2.7 15.803013449522204 2.502951440643694
      vertex 2.7 16 0
    endloop
  endfacet
  facet normal -1 0 0
    outer loop
      vertex -2.7 9.40456403667957 -12.94427190999916
      vertex -2.7 9.40456403667957 12.94427190999916
      vertex -2.7 11.313708498984761 11.313708498984761
    endloop
  endfacet
  facet normal -1 0 0
    outer loop
      vertex -2.7 11.313708498984761 -11.313708498984761
      vertex -2.7 11.313708498984761 11.313708498984761
      vertex -2.7 12.94427190999916 9.40456403667957
    endloop
  endfacet
  facet normal -1 0 0
    outer loop
      vertex -2.7 12.94427190999916 -9.40456403667957
      vertex -2.7 12.94427190999916 9.40456403667957
      vertex -2.7 14.256104387013886 7.263847995832749
    endloop
  endfacet
  facet normal -6.978427593815965e-18 0.923879532511287 0.3826834323650893
    outer loop
      vertex -2.7 14.256104387013886 7.263847995832749
      vertex 2.7 15.216904260722456 4.944271909999158
      vertex -2.7 15.216904260722456 4.944271909999158
    endloop
  endfacet
  facet normal 0 0.8526401643540921 0.5224985647159489
    outer loop
      vertex -2.7 14.256104387013886 7.263847995832749
      vertex -2.7 12.94427190999916 9.40456403667957
      vertex 2.7 14.256104387013886 7.263847995832749
    endloop
  endfacet
  facet normal 0 0.6494480483301834 0.7604059656000312
    outer loop
      vertex -2.7 9.40456403667957 12.94427190999916
      vertex 2.7 9.40456403667957 12.94427190999916
      vertex -2.7 11.313708498984761 11.313708498984761
    endloop
  endfacet
  facet normal 1.1079659566576357e-17 0.7604059656000312 0.6494480483301834
    outer loop
      vertex -2.7 11.313708498984761 11.313708498984761
      vertex 2.7 12.94427190999916 9.40456403667957
      vertex -2.7 12.94427190999916 9.40456403667957
    endloop
  endfacet
  facet normal 0 0.9723699203976764 0.23344536385590597
    outer loop
      vertex -2.7 15.803013449522204 2.502951440643694
      vertex -2.7 15.216904260722456 4.944271909999158
      vertex 2.7 15.803013449522204 2.502951440643694
    endloop
  endfacet
  facet normal 0 -0.6494480483301834 -0.7604059656000312
    outer loop
      vertex -2.7 -11.313708498984761 -11.313708498984761
      vertex 2.7 -9.40456403667957 -12.94427190999916
      vertex 2.7 -11.313708498984761 -11.313708498984761
    endloop
  endfacet
  facet normal 0 -0.5224985647159489 -0.8526401643540922
    outer loop
      vertex -2.7 -9.40456403667957 -12.94427190999916
      vertex 2.7 -7.735121454735212 -13.967307639969025
      vertex 2.7 -9.40456403667957 -12.94427190999916
    endloop
  endfacet
  facet normal 1 0 0
    outer loop
      vertex 2.7 -9.40456403667957 -12.94427190999916
      vertex 2.7 -7.735121454735212 -13.967307639969025
      vertex 2.7 -7.528894388681149 -10.048993384941838
    endloop
  endfacet
  facet normal 1 0 0
    outer loop
      vertex 2.7 -7.2994807006608395 -13.80334794416449
      vertex 2.7 -7.263847995832749 -13.233817599825958
      vertex 2.7 -7.263847995832749 -12.923615280820737
    endloop
  endfacet
  facet normal 1 0 0
    outer loop
      vertex 2.7 -7.263847995832749 -14.256104387013886
      vertex 2.7 -4.944271909999158 -15.216904260722456
      vertex 2.7 -7.263847995832749 -13.233817599825958
    endloop
  endfacet
  facet normal 1 0 0
    outer loop
      vertex 2.7 -7.263847995832749 -13.233817599825958
      vertex 2.7 -7.176486171641745 -10.337532427530352
      vertex 2.7 -7.263847995832749 -12.923615280820737
    endloop
  endfacet
  facet normal 1 0 0
    outer loop
      vertex 2.7 -7.263847995832749 -13.233817599825958
      vertex 2.7 -4.944271909999158 -15.216904260722456
      vertex 2.7 -6.781128143275509 -10.599194813448127
    endloop
  endfacet
  facet normal 1 0 0
    outer loop
      vertex 2.7 -4.944271909999158 -15.216904260722456
      vertex 2.7 -5.045515459561505 -11.526899120590702
      vertex 2.7 -6.781128143275509 -10.599194813448127
    endloop
  endfacet
  facet normal 1 0 0
    outer loop
      vertex 2.7 -4.944271909999158 -15.216904260722456
      vertex 2.7 -3.344881707613442 -15.600883875796116
      vertex 2.7 -3.653194002937737 -12.00052949885543
    endloop
  endfacet
  facet normal 1 0 0
    outer loop
      vertex 2.7 -4.944271909999158 -15.216904260722456
      vertex 2.7 -4.821811247800131 -11.640882109642213
      vertex 2.7 -5.045515459561505 -11.526899120590702
    endloop
  endfacet
  facet normal 1 0 0
    outer loop
      vertex 2.7 -4.944271909999158 -15.216904260722456
      vertex 2.7 -4.77100679894594 -11.657389475731197
      vertex 2.7 -4.821811247800131 -11.640882109642213
    endloop
  endfacet
  facet normal 1 0 0
    outer loop
      vertex 2.7 -4.944271909999158 -15.216904260722456
      vertex 2.7 -4.583030338185436 -11.718466730260436
      vertex 2.7 -4.77100679894594 -11.657389475731197
    endloop
  endfacet
  facet normal 1 0 0
    outer loop
      vertex 2.7 -4.944271909999158 -15.216904260722456
      vertex 2.7 -3.653194002937737 -12.00052949885543
      vertex 2.7 -4.583030338185436 -11.718466730260436
    endloop
  endfacet
  facet normal 0 -0.9723699203976764 -0.23344536385590597
    outer loop
      vertex -2.7 -15.216904260722456 -4.944271909999158
      vertex 2.7 -15.216904260722456 -4.944271909999158
      vertex 2.7 -15.803013449522204 -2.502951440643694
    endloop
  endfacet
  facet normal 0 -0.996917333733128 -0.07845909572784465
    outer loop
      vertex -2.7 -15.803013449522204 -2.502951440643694
      vertex 2.7 -15.803013449522204 -2.502951440643694
      vertex 2.7 -16 0
    endloop
  endfacet
  facet normal 1 0 0
    outer loop
      vertex 2.7 -15.216904260722456 -4.944271909999158
      vertex 2.7 -15.803013449522204 2.502951440643694
      vertex 2.7 -15.803013449522204 -2.502951440643694
    endloop
  endfacet
  facet normal 0 -0.996917333733128 0.07845909572784465
    outer loop
      vertex -2.7 -16 0
      vertex 2.7 -16 0
      vertex 2.7 -15.803013449522204 2.502951440643694
    endloop
  endfacet
  facet normal 1 0 0
    outer loop
      vertex 2.7 -15.803013449522204 -2.502951440643694
      vertex 2.7 -15.803013449522204 2.502951440643694
      vertex 2.7 -16 0
    endloop
  endfacet
  facet normal 1 0 0
    outer loop
      vertex 2.7 -15.216904260722456 -4.944271909999158
      vertex 2.7 -15.216904260722456 4.944271909999158
      vertex 2.7 -15.803013449522204 2.502951440643694
    endloop
  endfacet
  facet normal 0 -0.8526401643540921 -0.5224985647159489
    outer loop
      vertex -2.7 -12.94427190999916 -9.40456403667957
      vertex 2.7 -12.94427190999916 -9.40456403667957
      vertex 2.7 -14.256104387013886 -7.263847995832749
    endloop
  endfacet
  facet normal 0 -0.923879532511287 -0.3826834323650893
    outer loop
      vertex -2.7 -14.256104387013886 -7.263847995832749
      vertex 2.7 -14.256104387013886 -7.263847995832749
      vertex 2.7 -15.216904260722456 -4.944271909999158
    endloop
  endfacet
  facet normal 1 0 0
    outer loop
      vertex 2.7 -12.94427190999916 -9.40456403667957
      vertex 2.7 -12.289744221911509 -2.6997808335013995
      vertex 2.7 -12.357894533080703 -2.458138057403216
    endloop
  endfacet
  facet normal 1 0 0
    outer loop
      vertex 2.7 -12.94427190999916 -9.40456403667957
      vertex 2.7 -12.357894533080703 -2.458138057403216
      vertex 2.7 -12.381125817029204 -2.261857930373047
    endloop
  endfacet
  facet normal 1 0 0
    outer loop
      vertex 2.7 -12.94427190999916 -9.40456403667957
      vertex 2.7 -12.381125817029204 -2.261857930373047
      vertex 2.7 -12.387404542420692 -2.2088092473919203
    endloop
  endfacet
  facet normal 0 -0.7604059656000312 -0.6494480483301834
    outer loop
      vertex -2.7 -11.313708498984761 -11.313708498984761
      vertex 2.7 -11.313708498984761 -11.313708498984761
      vertex 2.7 -12.94427190999916 -9.40456403667957
    endloop
  endfacet
  facet normal 1 0 0
    outer loop
      vertex 2.7 -9.40456403667957 -12.94427190999916
      vertex 2.7 -10.321081750425094 -7.19735375606833
      vertex 2.7 -11.313708498984761 -11.313708498984761
    endloop
  endfacet
  facet normal 1 0 0
    outer loop
      vertex 2.7 -11.313708498984761 -11.313708498984761
      vertex 2.7 -10.321081750425094 -7.19735375606833
      vertex 2.7 -10.443445760844629 -7.042135748817486
    endloop
  endfacet
  facet normal 1 0 0
    outer loop
      vertex 2.7 -11.313708498984761 -11.313708498984761
      vertex 2.7 -10.47651711501207 -7.000184936046987
      vertex 2.7 -10.599194813448127 -6.781128143275509
    endloop
  endfacet
  facet normal 1 0 0
    outer loop
      vertex 2.7 -11.313708498984761 -11.313708498984761
      vertex 2.7 -10.443445760844629 -7.042135748817486
      vertex 2.7 -10.47651711501207 -7.000184936046987
    endloop
  endfacet
  facet normal 1 0 0
    outer loop
      vertex 2.7 -12.94427190999916 -9.40456403667957
      vertex 2.7 -11.313708498984761 -11.313708498984761
      vertex 2.7 -12.289744221911509 -2.6997808335013995
    endloop
  endfacet
  facet normal 1 0 0
    outer loop
      vertex 2.7 -11.313708498984761 -11.313708498984761
      vertex 2.7 -11.526899120590702 -5.045515459561505
      vertex 2.7 -11.640882109642213 -4.821811247800131
    endloop
  endfacet
  facet normal 1 0 0
    outer loop
      vertex 2.7 -11.313708498984761 -11.313708498984761
      vertex 2.7 -11.640882109642213 -4.821811247800131
      vertex 2.7 -11.718466730260436 -4.583030338185436
    endloop
  endfacet
  facet normal 1 0 0
    outer loop
      vertex 2.7 -11.313708498984761 -11.313708498984761
      vertex 2.7 -11.718466730260436 -4.583030338185436
      vertex 2.7 -12.289744221911509 -2.6997808335013995
    endloop
  endfacet
  facet normal 1 0 0
    outer loop
      vertex 2.7 -11.313708498984761 -11.313708498984761
      vertex 2.7 -10.599194813448127 -6.781128143275509
      vertex 2.7 -11.526899120590702 -5.045515459561505
    endloop
  endfacet
  facet normal 1 0 0
    outer loop
      vertex 2.7 -12.94427190999916 -9.40456403667957
      vertex 2.7 -14.256104387013886 7.263847995832749
      vertex 2.7 -14.256104387013886 -7.263847995832749
    endloop
  endfacet
  facet normal 1 0 0
    outer loop
      vertex 2.7 -15.216904260722456 -4.944271909999158
      vertex 2.7 -14.256104387013886 -7.263847995832749
      vertex 2.7 -15.216904260722456 4.944271909999158
    endloop
  endfacet
  facet normal 1 0 0
    outer loop
      vertex 2.7 -12.94427190999916 -9.40456403667957
      vertex 2.7 -12.387404542420692 -2.2088092473919203
      vertex 2.7 -12.58030134495222 -0.2502951440643694
    endloop
  endfacet
  facet normal 1 0 0
    outer loop
      vertex 2.7 -12.94427190999916 -9.40456403667957
      vertex 2.7 -12.58030134495222 -0.2502951440643694
      vertex 2.7 -12.6 0
    endloop
  endfacet
  facet normal 1 0 0
    outer loop
      vertex 2.7 -14.256104387013886 -7.263847995832749
      vertex 2.7 -14.256104387013886 7.263847995832749
      vertex 2.7 -15.216904260722456 4.944271909999158
    endloop
  endfacet
  facet normal 1 0 0
    outer loop
      vertex 2.7 -12.94427190999916 -9.40456403667957
      vertex 2.7 -12.6 0
      vertex 2.7 -12.94427190999916 9.40456403667957
    endloop
  endfacet
  facet normal 0 -0.9723699203976764 0.23344536385590597
    outer loop
      vertex -2.7 -15.803013449522204 2.502951440643694
      vertex 2.7 -15.803013449522204 2.502951440643694
      vertex 2.7 -15.216904260722456 4.944271909999158
    endloop
  endfacet
  facet normal 1 0 0
    outer loop
      vertex 2.7 -12.94427190999916 -9.40456403667957
      vertex 2.7 -12.94427190999916 9.40456403667957
      vertex 2.7 -14.256104387013886 7.263847995832749
    endloop
  endfacet
  facet normal 1 0 0
    outer loop
      vertex 2.7 -12.94427190999916 9.40456403667957
      vertex 2.7 -12.6 0
      vertex 2.7 -12.58030134495222 0.2502951440643694
    endloop
  endfacet
  facet normal 1 0 0
    outer loop
      vertex 2.7 -12.94427190999916 9.40456403667957
      vertex 2.7 -12.58030134495222 0.2502951440643694
      vertex 2.7 -12.521690426072245 0.49442719099991583
    endloop
  endfacet
  facet normal 1 0 0
    outer loop
      vertex 2.7 -12.94427190999916 9.40456403667957
      vertex 2.7 -12.521690426072245 0.49442719099991583
      vertex 2.7 -12.425610438701389 0.726384799583275
    endloop
  endfacet
  facet normal 1 0 0
    outer loop
      vertex 2.7 -12.94427190999916 9.40456403667957
      vertex 2.7 -12.425610438701389 0.726384799583275
      vertex 2.7 -12.294427190999915 0.940456403667957
    endloop
  endfacet
  facet normal 0 -0.923879532511287 0.3826834323650893
    outer loop
      vertex -2.7 -15.216904260722456 4.944271909999158
      vertex 2.7 -15.216904260722456 4.944271909999158
      vertex 2.7 -14.256104387013886 7.263847995832749
    endloop
  endfacet
  facet normal 0 -0.8526401643540921 0.5224985647159489
    outer loop
      vertex -2.7 -14.256104387013886 7.263847995832749
      vertex 2.7 -14.256104387013886 7.263847995832749
      vertex 2.7 -12.94427190999916 9.40456403667957
    endloop
  endfacet
  facet normal 1 0 0
    outer loop
      vertex 2.7 -12.94427190999916 9.40456403667957
      vertex 2.7 -12.294427190999915 0.940456403667957
      vertex 2.7 -12.131370849898476 1.1313708498984762
    endloop
  endfacet
  facet normal 1 0 0
    outer loop
      vertex 2.7 -12.94427190999916 9.40456403667957
      vertex 2.7 -12.131370849898476 1.1313708498984762
      vertex 2.7 -11.940456403667957 1.294427190999916
    endloop
  endfacet
  facet normal 1 0 0
    outer loop
      vertex 2.7 -12.94427190999916 9.40456403667957
      vertex 2.7 -11.940456403667957 1.294427190999916
      vertex 2.7 -11.726384799583276 1.4256104387013888
    endloop
  endfacet
  facet normal 1 0 0
    outer loop
      vertex 2.7 -12.94427190999916 9.40456403667957
      vertex 2.7 -11.726384799583276 1.4256104387013888
      vertex 2.7 -11.494427190999916 1.5216904260722457
    endloop
  endfacet
  facet normal 1 0 0
    outer loop
      vertex 2.7 -12.94427190999916 9.40456403667957
      vertex 2.7 -11.494427190999916 1.5216904260722457
      vertex 2.7 -11.250295144064369 1.5803013449522205
    endloop
  endfacet
  facet normal 1 0 0
    outer loop
      vertex 2.7 -11.313708498984761 11.313708498984761
      vertex 2.7 -10.749704855935631 1.5803013449522205
      vertex 2.7 -10.505572809000084 1.5216904260722457
    endloop
  endfacet
  facet normal 1 0 0
    outer loop
      vertex 2.7 -11.313708498984761 11.313708498984761
      vertex 2.7 -10.505572809000084 1.5216904260722457
      vertex 2.7 -10.273615200416724 1.4256104387013888
    endloop
  endfacet
  facet normal 1 0 0
    outer loop
      vertex 2.7 -11.313708498984761 11.313708498984761
      vertex 2.7 -11.250295144064369 1.5803013449522205
      vertex 2.7 -11 1.6
    endloop
  endfacet
  facet normal 1 0 0
    outer loop
      vertex 2.7 -11.313708498984761 11.313708498984761
      vertex 2.7 -11 1.6
      vertex 2.7 -10.749704855935631 1.5803013449522205
    endloop
  endfacet
  facet normal 1 0 0
    outer loop
      vertex 2.7 -11.313708498984761 11.313708498984761
      vertex 2.7 -10.273615200416724 1.4256104387013888
      vertex 2.7 -10.059543596332043 1.294427190999916
    endloop
  endfacet
  facet normal 1 0 0
    outer loop
      vertex 2.7 -11.313708498984761 11.313708498984761
      vertex 2.7 -10.059543596332043 1.294427190999916
      vertex 2.7 -9.868629150101524 1.1313708498984762
    endloop
  endfacet
  facet normal 1 0 0
    outer loop
      vertex 2.7 -11.313708498984761 11.313708498984761
      vertex 2.7 -9.705572809000085 0.940456403667957
      vertex 2.7 -9.574389561298611 0.726384799583275
    endloop
  endfacet
  facet normal 1 0 0
    outer loop
      vertex 2.7 -11.313708498984761 11.313708498984761
      vertex 2.7 -9.574389561298611 0.726384799583275
      vertex 2.7 -9.478309573927755 0.49442719099991583
    endloop
  endfacet
  facet normal 1 0 0
    outer loop
      vertex 2.7 -11.313708498984761 11.313708498984761
      vertex 2.7 -9.868629150101524 1.1313708498984762
      vertex 2.7 -9.705572809000085 0.940456403667957
    endloop
  endfacet
  facet normal 1 0 0
    outer loop
      vertex 2.7 -12.94427190999916 9.40456403667957
      vertex 2.7 -11.250295144064369 1.5803013449522205
      vertex 2.7 -11.313708498984761 11.313708498984761
    endloop
  endfacet
  facet normal 1 0 0
    outer loop
      vertex 2.7 -11.313708498984761 11.313708498984761
      vertex 2.7 -9.478309573927755 0.49442719099991583
      vertex 2.7 -9.40456403667957 12.94427190999916
    endloop
  endfacet
  facet normal 0 -0.7604059656000312 0.6494480483301834
    outer loop
      vertex -2.7 -12.94427190999916 9.40456403667957
      vertex 2.7 -12.94427190999916 9.40456403667957
      vertex 2.7 -11.313708498984761 11.313708498984761
    endloop
  endfacet
  facet normal 0 -0.6494480483301834 0.7604059656000312
    outer loop
      vertex -2.7 -9.40456403667957 12.94427190999916
      vertex 2.7 -11.313708498984761 11.313708498984761
      vertex 2.7 -9.40456403667957 12.94427190999916
    endloop
  endfacet
  facet normal 1 0 0
    outer loop
      vertex 2.7 -9.40456403667957 -12.94427190999916
      vertex 2.7 -9.037908945519717 -8.759251091662644
      vertex 2.7 -9.072601784051939 -8.71863099671998
    endloop
  endfacet
  facet normal 1 0 0
    outer loop
      vertex 2.7 -9.40456403667957 -12.94427190999916
      vertex 2.7 -8.909545442950499 -8.909545442950499
      vertex 2.7 -9.037908945519717 -8.759251091662644
    endloop
  endfacet
  facet normal 1 0 0
    outer loop
      vertex 2.7 -9.40456403667957 -12.94427190999916
      vertex 2.7 -8.71863099671998 -9.072601784051939
      vertex 2.7 -8.909545442950499 -8.909545442950499
    endloop
  endfacet
  facet normal 1 0 0
    outer loop
      vertex 2.7 -9.40456403667957 -12.94427190999916
      vertex 2.7 -9.072601784051939 -8.71863099671998
      vertex 2.7 -10.321081750425094 -7.19735375606833
    endloop
  endfacet
  facet normal 1 0 0
    outer loop
      vertex 2.7 -9.40456403667957 -12.94427190999916
      vertex 2.7 -7.528894388681149 -10.048993384941838
      vertex 2.7 -8.71863099671998 -9.072601784051939
    endloop
  endfacet
  facet normal 1 0 0
    outer loop
      vertex 2.7 -7.263847995832749 -13.233817599825958
      vertex 2.7 -7.000184936046987 -10.47651711501207
      vertex 2.7 -7.176486171641745 -10.337532427530352
    endloop
  endfacet
  facet normal 1 0 0
    outer loop
      vertex 2.7 -7.263847995832749 -13.233817599825958
      vertex 2.7 -6.781128143275509 -10.599194813448127
      vertex 2.7 -7.000184936046987 -10.47651711501207
    endloop
  endfacet
  facet normal 1 0 0
    outer loop
      vertex 2.7 -7 0
      vertex 2.7 -8.67989138550467 -3.5953287318014326
      vertex 2.7 -7.811695866360803 -5.2196083038247805
    endloop
  endfacet
  facet normal 1 0 0
    outer loop
      vertex 2.7 -7 0
      vertex 2.7 -9.214523546442761 -1.8328826928985356
      vertex 2.7 -8.67989138550467 -3.5953287318014326
    endloop
  endfacet
  facet normal 1 0 0
    outer loop
      vertex 2.7 -7 0
      vertex 2.7 -7.811695866360803 -5.2196083038247805
      vertex 2.7 -7.3070782449765925 -5.834486654555261
    endloop
  endfacet
  facet normal 1 0 0
    outer loop
      vertex 2.7 -6.79898348475225 0.8372940447458334
      vertex 2.7 -7.035543572221975 -6.16535261062614
      vertex 2.7 -6.643301255922205 -6.6433012559222036
    endloop
  endfacet
  facet normal 1 0 0
    outer loop
      vertex 2.7 -6.79898348475225 0.8372940447458334
      vertex 2.7 -6.643301255922205 -6.6433012559222036
      vertex 2.7 -5.2196083038247805 -7.811695866360803
    endloop
  endfacet
  facet normal 1 0 0
    outer loop
      vertex 2.7 -4.944271909999158 3.076189996780311
      vertex 2.7 -5.2196083038247805 -7.811695866360803
      vertex 2.7 -3.953968880819548 -8.488194232055434
    endloop
  endfacet
  facet normal 1 0 0
    outer loop
      vertex 2.7 -9.40456403667957 12.94427190999916
      vertex 2.7 -9.41969865504778 0.2502951440643694
      vertex 2.7 -9.214523546442761 -1.8328826928985356
    endloop
  endfacet
  facet normal 1 0 0
    outer loop
      vertex 2.7 -9.40456403667957 12.94427190999916
      vertex 2.7 -9.478309573927755 0.49442719099991583
      vertex 2.7 -9.41969865504778 0.2502951440643694
    endloop
  endfacet
  facet normal 1 0 0
    outer loop
      vertex 2.7 -7 0
      vertex 2.7 -9.40456403667957 12.94427190999916
      vertex 2.7 -9.214523546442761 -1.8328826928985356
    endloop
  endfacet
  facet normal 1 0 0
    outer loop
      vertex 2.7 -7 0
      vertex 2.7 -7.263847995832749 14.256104387013886
      vertex 2.7 -9.40456403667957 12.94427190999916
    endloop
  endfacet
  facet normal 1 0 0
    outer loop
      vertex 2.7 -6.79898348475225 0.8372940447458334
      vertex 2.7 -5.2196083038247805 -7.811695866360803
      vertex 2.7 -7.263847995832749 14.256104387013886
    endloop
  endfacet
  facet normal 1 0 0
    outer loop
      vertex 2.7 -7 0
      vertex 2.7 -6.79898348475225 0.8372940447458334
      vertex 2.7 -7.263847995832749 14.256104387013886
    endloop
  endfacet
  facet normal 1 0 0
    outer loop
      vertex 2.7 -7.263847995832749 14.256104387013886
      vertex 2.7 -5.2196083038247805 -7.811695866360803
      vertex 2.7 -4.944271909999158 3.076189996780311
    endloop
  endfacet
  facet normal 0 -0.5224985647159489 0.8526401643540921
    outer loop
      vertex -2.7 -7.263847995832749 14.256104387013886
      vertex 2.7 -9.40456403667957 12.94427190999916
      vertex 2.7 -7.263847995832749 14.256104387013886
    endloop
  endfacet
  facet normal 1 0 0
    outer loop
      vertex 2.7 -7.263847995832749 14.256104387013886
      vertex 2.7 -4.944271909999158 3.076189996780311
      vertex 2.7 -4.944271909999158 15.216904260722456
    endloop
  endfacet
  facet normal 0 -0.3826834323650893 0.923879532511287
    outer loop
      vertex -2.7 -4.944271909999158 15.216904260722456
      vertex 2.7 -7.263847995832749 14.256104387013886
      vertex 2.7 -4.944271909999158 15.216904260722456
    endloop
  endfacet
  facet normal 1 0 0
    outer loop
      vertex 2.7 -4.083156445938434 4.2753948728808
      vertex 2.7 -1.6916104280485311 5.493948432632764
      vertex 2.7 -2.838769747362891 6.377531894771036
    endloop
  endfacet
  facet normal 1 0 0
    outer loop
      vertex 2.7 -4.944271909999158 3.076189996780311
      vertex 2.7 -4.083156445938434 4.2753948728808
      vertex 2.7 -4.944271909999158 15.216904260722456
    endloop
  endfacet
  facet normal 1 0 0
    outer loop
      vertex 2.7 -4.083156445938434 4.2753948728808
      vertex 2.7 -2.838769747362891 6.377531894771036
      vertex 2.7 -4.944271909999158 15.216904260722456
    endloop
  endfacet
  facet normal 1 0 0
    outer loop
      vertex 2.7 -2.838769747362891 6.377531894771036
      vertex 2.7 -1.6916104280485311 5.493948432632764
      vertex 2.7 -2.7592184153320236 6.373094446844645
    endloop
  endfacet
  facet normal 1 0 0
    outer loop
      vertex 2.7 -2.7592184153320236 6.373094446844645
      vertex 2.7 -1.6916104280485311 5.493948432632764
      vertex 2.7 -2.502951440643694 6.456360634414903
    endloop
  endfacet
  facet normal 1 0 0
    outer loop
      vertex 2.7 -2.502951440643694 6.456360634414903
      vertex 2.7 -1.6916104280485311 5.493948432632764
      vertex 2.7 -2.502951440643694 6.5166323919072955
    endloop
  endfacet
  facet normal 1 0 0
    outer loop
      vertex 2.7 -2.838769747362891 6.377531894771036
      vertex 2.7 -2.502951440643694 6.5166323919072955
      vertex 2.7 -4.944271909999158 15.216904260722456
    endloop
  endfacet
  facet normal 1 0 0
    outer loop
      vertex 2.7 -2.502951440643694 6.5166323919072955
      vertex 2.7 -2.502951440643694 15.803013449522204
      vertex 2.7 -4.944271909999158 15.216904260722456
    endloop
  endfacet
  facet normal 0 -0.23344536385590597 0.9723699203976764
    outer loop
      vertex -2.7 -2.502951440643694 15.803013449522204
      vertex 2.7 -4.944271909999158 15.216904260722456
      vertex 2.7 -2.502951440643694 15.803013449522204
    endloop
  endfacet
  facet normal 1 0 0
    outer loop
      vertex 2.7 -2.502951440643694 6.5166323919072955
      vertex 2.7 -1.6916104280485311 5.493948432632764
      vertex 2.7 -2.502951440643694 15.803013449522204
    endloop
  endfacet
  facet normal 1 0 0
    outer loop
      vertex 2.7 -1.6916104280485311 5.493948432632764
      vertex 2.7 1.095041255281616 6.913818384165964
      vertex 2.7 -2.502951440643694 15.803013449522204
    endloop
  endfacet
  facet normal 0 -0.07845909572784465 0.996917333733128
    outer loop
      vertex -2.7 0 16
      vertex 2.7 -2.502951440643694 15.803013449522204
      vertex 2.7 0 16
    endloop
  endfacet
  facet normal 1 0 0
    outer loop
      vertex 2.7 -2.502951440643694 15.803013449522204
      vertex 2.7 1.095041255281616 6.913818384165964
      vertex 2.7 0 16
    endloop
  endfacet
  facet normal 0 0.5224985647159489 -0.8526401643540922
    outer loop
      vertex -2.7 7.735121454735212 -13.967307639969025
      vertex 2.7 9.40456403667957 -12.94427190999916
      vertex 2.7 7.735121454735212 -13.967307639969025
    endloop
  endfacet
  facet normal 0 0.6494480483301834 -0.7604059656000312
    outer loop
      vertex -2.7 9.40456403667957 -12.94427190999916
      vertex 2.7 11.313708498984761 -11.313708498984761
      vertex 2.7 9.40456403667957 -12.94427190999916
    endloop
  endfacet
  facet normal 1 0 0
    outer loop
      vertex 2.7 4.944271909999158 -15.216904260722456
      vertex 2.7 4.944271909999158 15.216904260722456
      vertex 2.7 3.2905888712590703 5.79513099824863
    endloop
  endfacet
  facet normal 1 0 0
    outer loop
      vertex 2.7 4.944271909999158 -15.216904260722456
      vertex 2.7 7.263847995832749 -14.256104387013886
      vertex 2.7 5.967352998204683 2.217426492274648
    endloop
  endfacet
  facet normal 1 0 0
    outer loop
      vertex 2.7 7.263847995832749 -14.256104387013886
      vertex 2.7 6.129452594269172 1.1847337529952062
      vertex 2.7 5.967352998204683 2.217426492274648
    endloop
  endfacet
  facet normal 1 0 0
    outer loop
      vertex 2.7 4.944271909999158 -15.216904260722456
      vertex 2.7 5.967352998204683 2.217426492274648
      vertex 2.7 4.944271909999158 15.216904260722456
    endloop
  endfacet
  facet normal 1 0 0
    outer loop
      vertex 2.7 7.735121454735212 -13.967307639969025
      vertex 2.7 7.263847995832749 14.256104387013886
      vertex 2.7 7 0
    endloop
  endfacet
  facet normal 1 0 0
    outer loop
      vertex 2.7 7.735121454735212 -13.967307639969025
      vertex 2.7 9.40456403667957 -12.94427190999916
      vertex 2.7 7.263847995832749 14.256104387013886
    endloop
  endfacet
  facet normal 1 0 0
    outer loop
      vertex 2.7 1.095041255281616 6.913818384165964
      vertex 2.7 3.2905888712590703 5.79513099824863
      vertex 2.7 2.502951440643694 15.803013449522204
    endloop
  endfacet
  facet normal 0 0.07845909572784465 0.996917333733128
    outer loop
      vertex -2.7 2.502951440643694 15.803013449522204
      vertex 2.7 0 16
      vertex 2.7 2.502951440643694 15.803013449522204
    endloop
  endfacet
  facet normal 1 0 0
    outer loop
      vertex 2.7 1.095041255281616 6.913818384165964
      vertex 2.7 2.502951440643694 15.803013449522204
      vertex 2.7 0 16
    endloop
  endfacet
  facet normal 1 0 0
    outer loop
      vertex 2.7 3.2905888712590703 5.79513099824863
      vertex 2.7 4.944271909999158 15.216904260722456
      vertex 2.7 2.502951440643694 15.803013449522204
    endloop
  endfacet
  facet normal 0 0.23344536385590597 0.9723699203976764
    outer loop
      vertex -2.7 4.944271909999158 15.216904260722456
      vertex 2.7 2.502951440643694 15.803013449522204
      vertex 2.7 4.944271909999158 15.216904260722456
    endloop
  endfacet
  facet normal 1 0 0
    outer loop
      vertex 2.7 7 0
      vertex 2.7 7.263847995832749 14.256104387013886
      vertex 2.7 6.913818384165964 1.095041255281616
    endloop
  endfacet
  facet normal 1 0 0
    outer loop
      vertex 2.7 5.967352998204683 2.217426492274648
      vertex 2.7 6.144173192212875 2.6014523184762326
      vertex 2.7 4.944271909999158 15.216904260722456
    endloop
  endfacet
  facet normal 1 0 0
    outer loop
      vertex 2.7 4.944271909999158 15.216904260722456
      vertex 2.7 6.144173192212875 2.6014523184762326
      vertex 2.7 6.343633901033358 2.6751315413934904
    endloop
  endfacet
  facet normal 1 0 0
    outer loop
      vertex 2.7 6.657395614066075 2.1631189606246317
      vertex 2.7 7.263847995832749 14.256104387013886
      vertex 2.7 6.343633901033358 2.6751315413934904
    endloop
  endfacet
  facet normal 1 0 0
    outer loop
      vertex 2.7 6.657395614066075 2.1631189606246317
      vertex 2.7 6.913818384165964 1.095041255281616
      vertex 2.7 7.263847995832749 14.256104387013886
    endloop
  endfacet
  facet normal 1 0 0
    outer loop
      vertex 2.7 9.40456403667957 -12.94427190999916
      vertex 2.7 9.40456403667957 12.94427190999916
      vertex 2.7 7.263847995832749 14.256104387013886
    endloop
  endfacet
  facet normal 1 0 0
    outer loop
      vertex 2.7 4.944271909999158 15.216904260722456
      vertex 2.7 6.343633901033358 2.6751315413934904
      vertex 2.7 7.263847995832749 14.256104387013886
    endloop
  endfacet
  facet normal 0 0.3826834323650893 0.923879532511287
    outer loop
      vertex -2.7 7.263847995832749 14.256104387013886
      vertex 2.7 4.944271909999158 15.216904260722456
      vertex 2.7 7.263847995832749 14.256104387013886
    endloop
  endfacet
  facet normal 0 0.5224985647159489 0.8526401643540921
    outer loop
      vertex -2.7 9.40456403667957 12.94427190999916
      vertex 2.7 7.263847995832749 14.256104387013886
      vertex 2.7 9.40456403667957 12.94427190999916
    endloop
  endfacet
  facet normal 0 0.7604059656000312 -0.6494480483301834
    outer loop
      vertex -2.7 12.94427190999916 -9.40456403667957
      vertex 2.7 12.94427190999916 -9.40456403667957
      vertex 2.7 11.313708498984761 -11.313708498984761
    endloop
  endfacet
  facet normal 0 0.8526401643540921 -0.5224985647159489
    outer loop
      vertex -2.7 14.256104387013886 -7.263847995832749
      vertex 2.7 14.256104387013886 -7.263847995832749
      vertex 2.7 12.94427190999916 -9.40456403667957
    endloop
  endfacet
  facet normal 0 0.923879532511287 -0.3826834323650893
    outer loop
      vertex -2.7 15.216904260722456 -4.944271909999158
      vertex 2.7 15.216904260722456 -4.944271909999158
      vertex 2.7 14.256104387013886 -7.263847995832749
    endloop
  endfacet
  facet normal 1 0 0
    outer loop
      vertex 2.7 9.40456403667957 -12.94427190999916
      vertex 2.7 11.313708498984761 -11.313708498984761
      vertex 2.7 9.40456403667957 12.94427190999916
    endloop
  endfacet
  facet normal 1 0 0
    outer loop
      vertex 2.7 11.313708498984761 -11.313708498984761
      vertex 2.7 12.94427190999916 -9.40456403667957
      vertex 2.7 11.313708498984761 11.313708498984761
    endloop
  endfacet
  facet normal 1 0 0
    outer loop
      vertex 2.7 12.94427190999916 -9.40456403667957
      vertex 2.7 14.256104387013886 -7.263847995832749
      vertex 2.7 12.94427190999916 9.40456403667957
    endloop
  endfacet
  facet normal 1 0 0
    outer loop
      vertex 2.7 14.256104387013886 -7.263847995832749
      vertex 2.7 15.216904260722456 -4.944271909999158
      vertex 2.7 14.256104387013886 7.263847995832749
    endloop
  endfacet
  facet normal 0 0.9723699203976764 -0.23344536385590597
    outer loop
      vertex -2.7 15.803013449522204 -2.502951440643694
      vertex 2.7 15.803013449522204 -2.502951440643694
      vertex 2.7 15.216904260722456 -4.944271909999158
    endloop
  endfacet
  facet normal 0 0.996917333733128 -0.07845909572784465
    outer loop
      vertex -2.7 16 0
      vertex 2.7 16 0
      vertex 2.7 15.803013449522204 -2.502951440643694
    endloop
  endfacet
  facet normal 0 0.996917333733128 0.07845909572784465
    outer loop
      vertex -2.7 15.803013449522204 2.502951440643694
      vertex 2.7 15.803013449522204 2.502951440643694
      vertex 2.7 16 0
    endloop
  endfacet
  facet normal 1 0 0
    outer loop
      vertex 2.7 15.216904260722456 -4.944271909999158
      vertex 2.7 15.803013449522204 -2.502951440643694
      vertex 2.7 15.216904260722456 4.944271909999158
    endloop
  endfacet
  facet normal 1 0 0
    outer loop
      vertex 2.7 15.803013449522204 -2.502951440643694
      vertex 2.7 16 0
      vertex 2.7 15.803013449522204 2.502951440643694
    endloop
  endfacet
  facet normal 1 0 0
    outer loop
      vertex 2.7 15.803013449522204 -2.502951440643694
      vertex 2.7 15.803013449522204 2.502951440643694
      vertex 2.7 15.216904260722456 4.944271909999158
    endloop
  endfacet
  facet normal 1 0 0
    outer loop
      vertex 2.7 9.40456403667957 12.94427190999916
      vertex 2.7 11.313708498984761 -11.313708498984761
      vertex 2.7 11.313708498984761 11.313708498984761
    endloop
  endfacet
  facet normal 1 0 0
    outer loop
      vertex 2.7 12.94427190999916 -9.40456403667957
      vertex 2.7 12.94427190999916 9.40456403667957
      vertex 2.7 11.313708498984761 11.313708498984761
    endloop
  endfacet
  facet normal 1 0 0
    outer loop
      vertex 2.7 14.256104387013886 -7.263847995832749
      vertex 2.7 14.256104387013886 7.263847995832749
      vertex 2.7 12.94427190999916 9.40456403667957
    endloop
  endfacet
  facet normal 1 0 0
    outer loop
      vertex 2.7 15.216904260722456 -4.944271909999158
      vertex 2.7 15.216904260722456 4.944271909999158
      vertex 2.7 14.256104387013886 7.263847995832749
    endloop
  endfacet
  facet normal 0 0.8526401643540921 0.5224985647159489
    outer loop
      vertex -2.7 12.94427190999916 9.40456403667957
      vertex 2.7 12.94427190999916 9.40456403667957
      vertex 2.7 14.256104387013886 7.263847995832749
    endloop
  endfacet
  facet normal 0 0.923879532511287 0.3826834323650893
    outer loop
      vertex -2.7 14.256104387013886 7.263847995832749
      vertex 2.7 14.256104387013886 7.263847995832749
      vertex 2.7 15.216904260722456 4.944271909999158
    endloop
  endfacet
  facet normal 0 0.6494480483301834 0.7604059656000312
    outer loop
      vertex -2.7 11.313708498984761 11.313708498984761
      vertex 2.7 9.40456403667957 12.94427190999916
      vertex 2.7 11.313708498984761 11.313708498984761
    endloop
  endfacet
  facet normal 0 0.7604059656000312 0.6494480483301834
    outer loop
      vertex -2.7 11.313708498984761 11.313708498984761
      vertex 2.7 11.313708498984761 11.313708498984761
      vertex 2.7 12.94427190999916 9.40456403667957
    endloop
  endfacet
  facet normal 0 0.9723699203976764 0.23344536385590597
    outer loop
      vertex -2.7 15.216904260722456 4.944271909999158
      vertex 2.7 15.216904260722456 4.944271909999158
      vertex 2.7 15.803013449522204 2.502951440643694
    endloop
  endfacet
  facet normal -9.639041017292251e-17 0.11753739745783752 0.9930684569549262
    outer loop
      vertex -2.7 -2.2088092473919203 -12.387404542420692
      vertex -2.7 -2.405089374422089 -12.36417325847219
      vertex 2.7 -2.261857930373047 -12.381125817029204
    endloop
  endfacet
  facet normal 0 0.09801714032956053 0.9951847266721969
    outer loop
      vertex -2.7 -2.2088092473919203 -12.387404542420692
      vertex 2.7 -2.2088092473919203 -12.387404542420692
      vertex -2.7 -0.2502951440643694 -12.58030134495222
    endloop
  endfacet
  facet normal 2.3274972262438775e-19 0.07845909572784465 0.996917333733128
    outer loop
      vertex -2.7 0 -12.6
      vertex -2.7 -0.2502951440643694 -12.58030134495222
      vertex 2.7 -0.2502951440643694 -12.58030134495222
    endloop
  endfacet
  facet normal 0 -0.09801714032956074 -0.9951847266721968
    outer loop
      vertex -2.7 0.2502951440643694 -9.41969865504778
      vertex 2.7 0.2502951440643694 -9.41969865504778
      vertex -2.7 -1.8328826928985371 -9.214523546442761
    endloop
  endfacet
  facet normal 0 -0.07845909572784465 0.996917333733128
    outer loop
      vertex -2.7 0 -12.6
      vertex 2.7 0 -12.6
      vertex -2.7 0.2502951440643694 -12.58030134495222
    endloop
  endfacet
  facet normal 0 -0.2334453638559053 0.9723699203976766
    outer loop
      vertex -2.7 0.2502951440643694 -12.58030134495222
      vertex 2.7 0.2502951440643694 -12.58030134495222
      vertex -2.7 0.49442719099991583 -12.521690426072245
    endloop
  endfacet
  facet normal 0 -0.38268343236508795 0.9238795325112875
    outer loop
      vertex -2.7 0.49442719099991583 -12.521690426072245
      vertex 2.7 0.49442719099991583 -12.521690426072245
      vertex -2.7 0.726384799583275 -12.425610438701389
    endloop
  endfacet
  facet normal 0 -0.5224985647159516 0.8526401643540904
    outer loop
      vertex -2.7 0.726384799583275 -12.425610438701389
      vertex 2.7 0.726384799583275 -12.425610438701389
      vertex -2.7 0.940456403667957 -12.294427190999915
    endloop
  endfacet
  facet normal 0 -0.6494480483301827 0.7604059656000316
    outer loop
      vertex -2.7 0.940456403667957 -12.294427190999915
      vertex 2.7 0.940456403667957 -12.294427190999915
      vertex -2.7 1.1313708498984762 -12.131370849898476
    endloop
  endfacet
  facet normal 0 -0.7604059656000302 0.6494480483301844
    outer loop
      vertex -2.7 1.1313708498984762 -12.131370849898476
      vertex 2.7 1.1313708498984762 -12.131370849898476
      vertex -2.7 1.294427190999916 -11.940456403667957
    endloop
  endfacet
  facet normal -9.95603641815597e-19 -0.8526401643540915 0.52249856471595
    outer loop
      vertex -2.7 1.4256104387013888 -11.726384799583276
      vertex -2.7 1.294427190999916 -11.940456403667957
      vertex 2.7 1.294427190999916 -11.940456403667957
    endloop
  endfacet
  facet normal 0 -0.9238795325112873 0.38268343236508856
    outer loop
      vertex -2.7 1.4256104387013888 -11.726384799583276
      vertex 2.7 1.4256104387013888 -11.726384799583276
      vertex -2.7 1.5216904260722457 -11.494427190999916
    endloop
  endfacet
  facet normal 0 -0.6494480483301827 -0.7604059656000316
    outer loop
      vertex -2.7 1.1313708498984762 -9.868629150101524
      vertex 2.7 1.1313708498984762 -9.868629150101524
      vertex -2.7 0.940456403667957 -9.705572809000085
    endloop
  endfacet
  facet normal 0 -0.7604059656000302 -0.6494480483301844
    outer loop
      vertex -2.7 1.294427190999916 -10.059543596332043
      vertex 2.7 1.294427190999916 -10.059543596332043
      vertex -2.7 1.1313708498984762 -9.868629150101524
    endloop
  endfacet
  facet normal 0 -0.2334453638559053 -0.9723699203976766
    outer loop
      vertex -2.7 0.49442719099991583 -9.478309573927755
      vertex 2.7 0.49442719099991583 -9.478309573927755
      vertex -2.7 0.2502951440643694 -9.41969865504778
    endloop
  endfacet
  facet normal -1.1387016508348054e-18 -0.38268343236508795 -0.9238795325112875
    outer loop
      vertex -2.7 0.49442719099991583 -9.478309573927755
      vertex -2.7 0.726384799583275 -9.574389561298611
      vertex 2.7 0.726384799583275 -9.574389561298611
    endloop
  endfacet
  facet normal -1.0302430824270109e-18 -0.5224985647159516 -0.8526401643540904
    outer loop
      vertex -2.7 0.726384799583275 -9.574389561298611
      vertex -2.7 0.940456403667957 -9.705572809000085
      vertex 2.7 0.940456403667957 -9.705572809000085
    endloop
  endfacet
  facet normal 0 -0.9723699203976767 0.23344536385590522
    outer loop
      vertex -2.7 1.5216904260722457 -11.494427190999916
      vertex 2.7 1.5216904260722457 -11.494427190999916
      vertex -2.7 1.5803013449522205 -11.250295144064369
    endloop
  endfacet
  facet normal 0 -0.9723699203976767 -0.23344536385590522
    outer loop
      vertex -2.7 1.5803013449522205 -10.749704855935631
      vertex 2.7 1.5803013449522205 -10.749704855935631
      vertex -2.7 1.5216904260722457 -10.505572809000084
    endloop
  endfacet
  facet normal 0 -0.996917333733128 0.07845909572784485
    outer loop
      vertex -2.7 1.5803013449522205 -11.250295144064369
      vertex 2.7 1.5803013449522205 -11.250295144064369
      vertex -2.7 1.6 -11
    endloop
  endfacet
  facet normal 1.4820820748427454e-19 -0.996917333733128 -0.07845909572784485
    outer loop
      vertex -2.7 1.5803013449522205 -10.749704855935631
      vertex -2.7 1.6 -11
      vertex 2.7 1.6 -11
    endloop
  endfacet
  facet normal 0 -0.9238795325112873 -0.38268343236508856
    outer loop
      vertex -2.7 1.5216904260722457 -10.505572809000084
      vertex 2.7 1.5216904260722457 -10.505572809000084
      vertex -2.7 1.4256104387013888 -10.273615200416724
    endloop
  endfacet
  facet normal 0 -0.8526401643540915 -0.52249856471595
    outer loop
      vertex -2.7 1.4256104387013888 -10.273615200416724
      vertex 2.7 1.4256104387013888 -10.273615200416724
      vertex -2.7 1.294427190999916 -10.059543596332043
    endloop
  endfacet
  facet normal 0 0.1175373974578472 0.9930684569549251
    outer loop
      vertex -2.7 -2.2088092473919203 -12.387404542420692
      vertex 2.7 -2.261857930373047 -12.381125817029204
      vertex 2.7 -2.2088092473919203 -12.387404542420692
    endloop
  endfacet
  facet normal 0 0.09801714032956053 0.9951847266721969
    outer loop
      vertex -2.7 -0.2502951440643694 -12.58030134495222
      vertex 2.7 -2.2088092473919203 -12.387404542420692
      vertex 2.7 -0.2502951440643694 -12.58030134495222
    endloop
  endfacet
  facet normal 0 0.07845909572784465 0.996917333733128
    outer loop
      vertex -2.7 0 -12.6
      vertex 2.7 -0.2502951440643694 -12.58030134495222
      vertex 2.7 0 -12.6
    endloop
  endfacet
  facet normal -4.4334435037767604e-17 -0.09801714032956063 -0.9951847266721968
    outer loop
      vertex -2.7 -1.8328826928985371 -9.214523546442761
      vertex 2.7 0.2502951440643694 -9.41969865504778
      vertex 2.7 -1.8328826928985396 -9.214523546442761
    endloop
  endfacet
  facet normal 0 -0.07845909572784465 0.996917333733128
    outer loop
      vertex -2.7 0.2502951440643694 -12.58030134495222
      vertex 2.7 0 -12.6
      vertex 2.7 0.2502951440643694 -12.58030134495222
    endloop
  endfacet
  facet normal 0 -0.2334453638559053 0.9723699203976766
    outer loop
      vertex -2.7 0.49442719099991583 -12.521690426072245
      vertex 2.7 0.2502951440643694 -12.58030134495222
      vertex 2.7 0.49442719099991583 -12.521690426072245
    endloop
  endfacet
  facet normal 0 -0.38268343236508795 0.9238795325112875
    outer loop
      vertex -2.7 0.726384799583275 -12.425610438701389
      vertex 2.7 0.49442719099991583 -12.521690426072245
      vertex 2.7 0.726384799583275 -12.425610438701389
    endloop
  endfacet
  facet normal 0 -0.5224985647159516 0.8526401643540904
    outer loop
      vertex -2.7 0.940456403667957 -12.294427190999915
      vertex 2.7 0.726384799583275 -12.425610438701389
      vertex 2.7 0.940456403667957 -12.294427190999915
    endloop
  endfacet
  facet normal 0 -0.6494480483301827 0.7604059656000316
    outer loop
      vertex -2.7 1.1313708498984762 -12.131370849898476
      vertex 2.7 0.940456403667957 -12.294427190999915
      vertex 2.7 1.1313708498984762 -12.131370849898476
    endloop
  endfacet
  facet normal 0 -0.7604059656000302 0.6494480483301844
    outer loop
      vertex -2.7 1.294427190999916 -11.940456403667957
      vertex 2.7 1.1313708498984762 -12.131370849898476
      vertex 2.7 1.294427190999916 -11.940456403667957
    endloop
  endfacet
  facet normal 0 -0.8526401643540915 0.52249856471595
    outer loop
      vertex -2.7 1.4256104387013888 -11.726384799583276
      vertex 2.7 1.294427190999916 -11.940456403667957
      vertex 2.7 1.4256104387013888 -11.726384799583276
    endloop
  endfacet
  facet normal 0 -0.9238795325112873 0.38268343236508856
    outer loop
      vertex -2.7 1.5216904260722457 -11.494427190999916
      vertex 2.7 1.4256104387013888 -11.726384799583276
      vertex 2.7 1.5216904260722457 -11.494427190999916
    endloop
  endfacet
  facet normal 0 -0.7604059656000302 -0.6494480483301844
    outer loop
      vertex -2.7 1.1313708498984762 -9.868629150101524
      vertex 2.7 1.294427190999916 -10.059543596332043
      vertex 2.7 1.1313708498984762 -9.868629150101524
    endloop
  endfacet
  facet normal 0 -0.2334453638559053 -0.9723699203976766
    outer loop
      vertex -2.7 0.2502951440643694 -9.41969865504778
      vertex 2.7 0.49442719099991583 -9.478309573927755
      vertex 2.7 0.2502951440643694 -9.41969865504778
    endloop
  endfacet
  facet normal 0 -0.38268343236508795 -0.9238795325112875
    outer loop
      vertex -2.7 0.49442719099991583 -9.478309573927755
      vertex 2.7 0.726384799583275 -9.574389561298611
      vertex 2.7 0.49442719099991583 -9.478309573927755
    endloop
  endfacet
  facet normal 0 -0.5224985647159516 -0.8526401643540904
    outer loop
      vertex -2.7 0.726384799583275 -9.574389561298611
      vertex 2.7 0.940456403667957 -9.705572809000085
      vertex 2.7 0.726384799583275 -9.574389561298611
    endloop
  endfacet
  facet normal 0 -0.6494480483301827 -0.7604059656000316
    outer loop
      vertex -2.7 0.940456403667957 -9.705572809000085
      vertex 2.7 1.1313708498984762 -9.868629150101524
      vertex 2.7 0.940456403667957 -9.705572809000085
    endloop
  endfacet
  facet normal 0 -0.9723699203976767 0.23344536385590522
    outer loop
      vertex -2.7 1.5803013449522205 -11.250295144064369
      vertex 2.7 1.5216904260722457 -11.494427190999916
      vertex 2.7 1.5803013449522205 -11.250295144064369
    endloop
  endfacet
  facet normal 0 -0.996917333733128 0.07845909572784485
    outer loop
      vertex -2.7 1.6 -11
      vertex 2.7 1.5803013449522205 -11.250295144064369
      vertex 2.7 1.6 -11
    endloop
  endfacet
  facet normal 0 -0.996917333733128 -0.07845909572784485
    outer loop
      vertex -2.7 1.5803013449522205 -10.749704855935631
      vertex 2.7 1.6 -11
      vertex 2.7 1.5803013449522205 -10.749704855935631
    endloop
  endfacet
  facet normal 0 -0.9723699203976767 -0.23344536385590522
    outer loop
      vertex -2.7 1.5216904260722457 -10.505572809000084
      vertex 2.7 1.5803013449522205 -10.749704855935631
      vertex 2.7 1.5216904260722457 -10.505572809000084
    endloop
  endfacet
  facet normal 0 -0.9238795325112873 -0.38268343236508856
    outer loop
      vertex -2.7 1.4256104387013888 -10.273615200416724
      vertex 2.7 1.5216904260722457 -10.505572809000084
      vertex 2.7 1.4256104387013888 -10.273615200416724
    endloop
  endfacet
  facet normal 0 -0.8526401643540915 -0.52249856471595
    outer loop
      vertex -2.7 1.294427190999916 -10.059543596332043
      vertex 2.7 1.4256104387013888 -10.273615200416724
      vertex 2.7 1.294427190999916 -10.059543596332043
    endloop
  endfacet
  facet normal 2.8974030229538225e-16 0.3090169943749456 0.9510565162951542
    outer loop
      vertex 0 -4.7024207929927835 -11.679674419951326
      vertex -2.7 -4.583030338185436 -11.718466730260436
      vertex -2.7 -4.77100679894594 -11.657389475731197
    endloop
  endfacet
  facet normal -3.704602394147622e-19 0.2902846772544618 0.956940335732209
    outer loop
      vertex -2.7 -3.4909425480932073 -12.049747939592985
      vertex -2.7 -4.583030338185436 -11.718466730260436
      vertex 2.7 -4.583030338185436 -11.718466730260436
    endloop
  endfacet
  facet normal 1.6488485817384865e-16 0.29028467725446255 0.9569403357322087
    outer loop
      vertex -2.7 -3.4909425480932073 -12.049747939592985
      vertex 2.7 -4.583030338185436 -11.718466730260436
      vertex -2.7 -2.6997808335013995 -12.289744221911509
    endloop
  endfacet
  facet normal 0 0.2714404498650759 0.9624552364536468
    outer loop
      vertex -2.7 -2.6997808335013995 -12.289744221911509
      vertex 2.7 -2.6997808335013995 -12.289744221911509
      vertex -2.7 -2.458138057403216 -12.357894533080703
    endloop
  endfacet
  facet normal 0 0.1175373974578472 0.9930684569549251
    outer loop
      vertex -2.7 -2.458138057403216 -12.357894533080703
      vertex 2.7 -2.458138057403216 -12.357894533080703
      vertex -2.7 -2.405089374422089 -12.36417325847219
    endloop
  endfacet
  facet normal -1.3129955763783913e-16 -0.2902846772544627 -0.9569403357322087
    outer loop
      vertex -2.7 -1.8328826928985371 -9.214523546442761
      vertex 2.7 -1.8328826928985396 -9.214523546442761
      vertex -2.7 -3.5953287318014335 -8.67989138550467
    endloop
  endfacet
  facet normal -3.1454537461714524e-19 0.3090169943749397 0.9510565162951561
    outer loop
      vertex 0 -4.7024207929927835 -11.679674419951326
      vertex 2.7 -4.583030338185436 -11.718466730260436
      vertex -2.7 -4.583030338185436 -11.718466730260436
    endloop
  endfacet
  facet normal -2.9040174356621984e-16 0.3090169943749456 0.9510565162951542
    outer loop
      vertex 0 -4.7024207929927835 -11.679674419951326
      vertex 2.7 -4.77100679894594 -11.657389475731197
      vertex 2.7 -4.583030338185436 -11.718466730260436
    endloop
  endfacet
  facet normal -1.7257871433543167e-16 0.29028467725446166 0.9569403357322092
    outer loop
      vertex 2.7 -3.653194002937737 -12.00052949885543
      vertex -2.7 -2.6997808335013995 -12.289744221911509
      vertex 2.7 -4.583030338185436 -11.718466730260436
    endloop
  endfacet
  facet normal -5.03538676074408e-18 0.29028467725446255 0.9569403357322089
    outer loop
      vertex 2.7 -3.653194002937737 -12.00052949885543
      vertex 2.7 -2.6997808335013995 -12.289744221911509
      vertex -2.7 -2.6997808335013995 -12.289744221911509
    endloop
  endfacet
  facet normal 0 0.2714404498650759 0.9624552364536468
    outer loop
      vertex -2.7 -2.458138057403216 -12.357894533080703
      vertex 2.7 -2.6997808335013995 -12.289744221911509
      vertex 2.7 -2.458138057403216 -12.357894533080703
    endloop
  endfacet
  facet normal -9.639041017292251e-17 0.11753739745783752 0.9930684569549262
    outer loop
      vertex 2.7 -2.458138057403216 -12.357894533080703
      vertex 2.7 -2.261857930373047 -12.381125817029204
      vertex -2.7 -2.405089374422089 -12.36417325847219
    endloop
  endfacet
  facet normal 0 -0.29028467725446316 -0.9569403357322087
    outer loop
      vertex -2.7 -3.5953287318014335 -8.67989138550467
      vertex 2.7 -1.8328826928985396 -9.214523546442761
      vertex 2.7 -3.5953287318014335 -8.67989138550467
    endloop
  endfacet
  facet normal 2.2977857750647716e-16 0.3090169943749478 0.9510565162951534
    outer loop
      vertex 0 -4.7024207929927835 -11.679674419951326
      vertex -2.7 -4.77100679894594 -11.657389475731197
      vertex -2.7 -4.821811247800131 -11.640882109642213
    endloop
  endfacet
  facet normal 0 0.4539904997395461 0.8910065241883682
    outer loop
      vertex -2.7 -5.045515459561505 -11.526899120590702
      vertex 2.7 -5.045515459561505 -11.526899120590702
      vertex -2.7 -4.821811247800131 -11.640882109642213
    endloop
  endfacet
  facet normal 5.0500316793467236e-20 0.4886212414969522 0.8724960070727986
    outer loop
      vertex -2.7 -6.781128143275509 -10.599194813448127
      vertex -2.7 -7.000184936046987 -10.47651711501207
      vertex 2.7 -7.000184936046987 -10.47651711501207
    endloop
  endfacet
  facet normal 0 0.471396736825998 0.8819212643483548
    outer loop
      vertex -2.7 -6.781128143275509 -10.599194813448127
      vertex 2.7 -6.781128143275509 -10.599194813448127
      vertex -2.7 -5.045515459561505 -11.526899120590702
    endloop
  endfacet
  facet normal 1.9791114322287216e-16 -0.47139673682599886 -0.8819212643483544
    outer loop
      vertex -2.7 -5.2196083038247805 -7.811695866360803
      vertex -2.7 -3.7545249543763917 -8.594799231737055
      vertex 2.7 -3.5953287318014335 -8.67989138550467
    endloop
  endfacet
  facet normal -1.339705142431801e-19 -0.47139673682599376 -0.8819212643483572
    outer loop
      vertex -2.7 -3.7545249543763917 -8.594799231737055
      vertex -2.7 -3.5953287318014335 -8.67989138550467
      vertex 2.7 -3.5953287318014335 -8.67989138550467
    endloop
  endfacet
  facet normal 3.10300815126645e-19 0.30901699437495245 0.951056516295152
    outer loop
      vertex 0 -4.7024207929927835 -11.679674419951326
      vertex -2.7 -4.821811247800131 -11.640882109642213
      vertex 2.7 -4.821811247800131 -11.640882109642213
    endloop
  endfacet
  facet normal 0 0.4539904997395461 0.8910065241883682
    outer loop
      vertex -2.7 -4.821811247800131 -11.640882109642213
      vertex 2.7 -5.045515459561505 -11.526899120590702
      vertex 2.7 -4.821811247800131 -11.640882109642213
    endloop
  endfacet
  facet normal -2.271155950159696e-16 0.30901699437494773 0.9510565162951534
    outer loop
      vertex 0 -4.7024207929927835 -11.679674419951326
      vertex 2.7 -4.821811247800131 -11.640882109642213
      vertex 2.7 -4.77100679894594 -11.657389475731197
    endloop
  endfacet
  facet normal 0 0.4886212414969522 0.8724960070727986
    outer loop
      vertex -2.7 -6.781128143275509 -10.599194813448127
      vertex 2.7 -7.000184936046987 -10.47651711501207
      vertex 2.7 -6.781128143275509 -10.599194813448127
    endloop
  endfacet
  facet normal 4.196863681630685e-18 0.471396736825998 0.8819212643483548
    outer loop
      vertex 2.7 -6.781128143275509 -10.599194813448127
      vertex 2.7 -5.045515459561505 -11.526899120590702
      vertex -2.7 -5.045515459561505 -11.526899120590702
    endloop
  endfacet
  facet normal 8.162810597341292e-16 -0.4713967368260004 -0.8819212643483535
    outer loop
      vertex 2.7 -3.953968880819548 -8.488194232055434
      vertex -2.7 -5.2196083038247805 -7.811695866360803
      vertex 2.7 -3.5953287318014335 -8.67989138550467
    endloop
  endfacet
  facet normal -6.182508588367344e-19 -0.4713967368259978 -0.8819212643483549
    outer loop
      vertex 2.7 -3.953968880819548 -8.488194232055434
      vertex 2.7 -5.2196083038247805 -7.811695866360803
      vertex -2.7 -5.2196083038247805 -7.811695866360803
    endloop
  endfacet
  facet normal 0 0.7604059656000342 0.64944804833018
    outer loop
      vertex 0 -8.991073613501218 -8.81408821983524
      vertex -2.7 -8.909545442950499 -8.909545442950499
      vertex -2.7 -8.991073613501218 -8.81408821983524
    endloop
  endfacet
  facet normal 4.433217192810203e-19 0.6494480483301841 0.7604059656000306
    outer loop
      vertex -2.7 -8.71863099671998 -9.072601784051939
      vertex -2.7 -8.909545442950499 -8.909545442950499
      vertex 2.7 -8.909545442950499 -8.909545442950499
    endloop
  endfacet
  facet normal 0 0.6343932841636445 0.7730104533627378
    outer loop
      vertex 2.7 -8.71863099671998 -9.072601784051939
      vertex -2.7 -7.528894388681149 -10.048993384941836
      vertex -2.7 -8.71863099671998 -9.072601784051939
    endloop
  endfacet
  facet normal -3.03121577521751e-16 0.6343932841636415 0.7730104533627403
    outer loop
      vertex -2.7 -7.263847995832749 -10.26651133813816
      vertex 2.7 -7.528894388681149 -10.048993384941838
      vertex -2.7 -7.19735375606833 -10.321081750425094
    endloop
  endfacet
  facet normal 2.542464460635744e-16 0.6343932841636482 0.7730104533627348
    outer loop
      vertex -2.7 -7.263847995832749 -10.26651133813816
      vertex -2.7 -7.528894388681149 -10.048993384941836
      vertex 2.7 -7.528894388681149 -10.048993384941838
    endloop
  endfacet
  facet normal 2.1448549580232125e-17 0.6190939493098369 0.7853169308807426
    outer loop
      vertex -2.7 -7.000184936046987 -10.47651711501207
      vertex -2.7 -7.19735375606833 -10.321081750425094
      vertex 2.7 -7.176486171641745 -10.337532427530352
    endloop
  endfacet
  facet normal -3.1573234044151776e-18 -0.6343932841636452 -0.7730104533627372
    outer loop
      vertex -2.7 -6.643301255922205 -6.6433012559222036
      vertex -2.7 -5.2196083038247805 -7.811695866360803
      vertex 2.7 -5.2196083038247805 -7.811695866360803
    endloop
  endfacet
  facet normal 0 0.6494480483301841 0.7604059656000306
    outer loop
      vertex -2.7 -8.71863099671998 -9.072601784051939
      vertex 2.7 -8.909545442950499 -8.909545442950499
      vertex 2.7 -8.71863099671998 -9.072601784051939
    endloop
  endfacet
  facet normal -1.0052392989531627e-19 0.7604059656000342 0.64944804833018
    outer loop
      vertex 0 -8.991073613501218 -8.81408821983524
      vertex 2.7 -8.909545442950499 -8.909545442950499
      vertex -2.7 -8.909545442950499 -8.909545442950499
    endloop
  endfacet
  facet normal 3.3702894193819286e-16 0.7604059656000293 0.6494480483301854
    outer loop
      vertex 0 -8.991073613501218 -8.81408821983524
      vertex 2.7 -9.037908945519717 -8.759251091662644
      vertex 2.7 -8.909545442950499 -8.909545442950499
    endloop
  endfacet
  facet normal 2.542856306960716e-16 0.6343932841636452 0.7730104533627372
    outer loop
      vertex 2.7 -7.528894388681149 -10.048993384941838
      vertex -2.7 -7.528894388681149 -10.048993384941836
      vertex 2.7 -8.71863099671998 -9.072601784051939
    endloop
  endfacet
  facet normal -2.439143338964621e-18 0.6343932841636444 0.773010453362738
    outer loop
      vertex 2.7 -7.528894388681149 -10.048993384941838
      vertex 2.7 -7.19735375606833 -10.321081750425094
      vertex -2.7 -7.19735375606833 -10.321081750425094
    endloop
  endfacet
  facet normal 1.4323253475785052e-19 0.6190939493098402 0.7853169308807401
    outer loop
      vertex 2.7 -7.176486171641745 -10.337532427530352
      vertex -2.7 -7.19735375606833 -10.321081750425094
      vertex 2.7 -7.19735375606833 -10.321081750425094
    endloop
  endfacet
  facet normal 0 0.6190939493098364 0.785316930880743
    outer loop
      vertex -2.7 -7.000184936046987 -10.47651711501207
      vertex 2.7 -7.176486171641745 -10.337532427530352
      vertex 2.7 -7.000184936046987 -10.47651711501207
    endloop
  endfacet
  facet normal -3.1573234044151776e-18 -0.6343932841636452 -0.7730104533627372
    outer loop
      vertex 2.7 -5.2196083038247805 -7.811695866360803
      vertex 2.7 -6.643301255922205 -6.6433012559222036
      vertex -2.7 -6.643301255922205 -6.6433012559222036
    endloop
  endfacet
  facet normal 7.309905400326554e-17 0.7853169308807417 0.6190939493098381
    outer loop
      vertex -2.7 -10.47651711501207 -7.000184936046987
      vertex 2.7 -10.443445760844629 -7.042135748817486
      vertex -2.7 -10.354153104592536 -7.155402943297831
    endloop
  endfacet
  facet normal 0 0.7604059656000272 0.6494480483301882
    outer loop
      vertex 0 -8.991073613501218 -8.81408821983524
      vertex -2.7 -8.991073613501218 -8.81408821983524
      vertex -2.7 -9.072601784051939 -8.71863099671998
    endloop
  endfacet
  facet normal 7.279499105569544e-18 0.7730104533627373 0.6343932841636449
    outer loop
      vertex -2.7 -9.072601784051939 -8.71863099671998
      vertex -2.7 -10.321081750425094 -7.19735375606833
      vertex 2.7 -10.321081750425094 -7.19735375606833
    endloop
  endfacet
  facet normal -2.6116809543534098e-18 -0.7730104533627377 -0.6343932841636445
    outer loop
      vertex -2.7 -7.088315057370677 -6.101050369921932
      vertex -2.7 -6.643301255922205 -6.6433012559222036
      vertex 2.7 -6.643301255922205 -6.6433012559222036
    endloop
  endfacet
  facet normal -1.0434341196237761e-16 -0.773010453362737 -0.6343932841636455
    outer loop
      vertex -2.7 -7.3070782449765925 -5.83448665455526
      vertex -2.7 -7.088315057370677 -6.101050369921932
      vertex 2.7 -7.3070782449765925 -5.834486654555261
    endloop
  endfacet
  facet normal -1.0434341196237757e-16 -0.7730104533627372 -0.6343932841636454
    outer loop
      vertex -2.7 -7.3070782449765925 -5.83448665455526
      vertex 2.7 -7.3070782449765925 -5.834486654555261
      vertex -2.7 -7.811695866360803 -5.2196083038247805
    endloop
  endfacet
  facet normal 0 0.7853169308807462 0.6190939493098322
    outer loop
      vertex -2.7 -10.47651711501207 -7.000184936046987
      vertex 2.7 -10.47651711501207 -7.000184936046987
      vertex 2.7 -10.443445760844629 -7.042135748817486
    endloop
  endfacet
  facet normal 0 0.7730104533627373 0.6343932841636449
    outer loop
      vertex -2.7 -9.072601784051939 -8.71863099671998
      vertex 2.7 -10.321081750425094 -7.19735375606833
      vertex 2.7 -9.072601784051939 -8.71863099671998
    endloop
  endfacet
  facet normal 5.438456491763336e-19 0.7604059656000272 0.6494480483301882
    outer loop
      vertex 0 -8.991073613501218 -8.81408821983524
      vertex -2.7 -9.072601784051939 -8.71863099671998
      vertex 2.7 -9.072601784051939 -8.71863099671998
    endloop
  endfacet
  facet normal 5.72074943221163e-16 0.7604059656000351 0.6494480483301788
    outer loop
      vertex 0 -8.991073613501218 -8.81408821983524
      vertex 2.7 -9.072601784051939 -8.71863099671998
      vertex 2.7 -9.037908945519717 -8.759251091662644
    endloop
  endfacet
  facet normal 0 -0.7730104533627375 -0.6343932841636447
    outer loop
      vertex -2.7 -7.811695866360803 -5.2196083038247805
      vertex 2.7 -7.3070782449765925 -5.834486654555261
      vertex 2.7 -7.811695866360803 -5.2196083038247805
    endloop
  endfacet
  facet normal -1.9268329729986328e-16 -0.7730104533627379 -0.6343932841636444
    outer loop
      vertex 2.7 -7.3070782449765925 -5.834486654555261
      vertex -2.7 -7.088315057370677 -6.101050369921932
      vertex 2.7 -7.035543572221975 -6.16535261062614
    endloop
  endfacet
  facet normal -2.2091298630766648e-16 -0.7730104533627367 -0.6343932841636459
    outer loop
      vertex 2.7 -6.643301255922205 -6.6433012559222036
      vertex 2.7 -7.035543572221975 -6.16535261062614
      vertex -2.7 -7.088315057370677 -6.101050369921932
    endloop
  endfacet
  facet normal 2.2628488449850097e-16 0.8910065241883659 0.45399049973955047
    outer loop
      vertex 0 -11.583890615116458 -4.933663353680818
      vertex -2.7 -11.616630409844019 -4.869407888600423
      vertex -2.7 -11.640882109642213 -4.821811247800131
    endloop
  endfacet
  facet normal -2.2680059341393855e-16 0.8910065241883659 0.45399049973955036
    outer loop
      vertex 0 -11.583890615116458 -4.933663353680818
      vertex -2.7 -11.526899120590702 -5.045515459561505
      vertex -2.7 -11.551150820388896 -4.997918818761213
    endloop
  endfacet
  facet normal 0 0.8724960070727986 0.4886212414969522
    outer loop
      vertex -2.7 -10.599194813448127 -6.781128143275509
      vertex 2.7 -10.599194813448127 -6.781128143275509
      vertex -2.7 -10.47651711501207 -7.000184936046987
    endloop
  endfacet
  facet normal 3.710840376946533e-19 0.7853169308807462 0.6190939493098322
    outer loop
      vertex -2.7 -10.354153104592536 -7.155402943297831
      vertex 2.7 -10.321081750425094 -7.19735375606833
      vertex -2.7 -10.321081750425094 -7.19735375606833
    endloop
  endfacet
  facet normal 0 0.8819212643483548 0.471396736825998
    outer loop
      vertex -2.7 -11.526899120590702 -5.045515459561505
      vertex 2.7 -11.526899120590702 -5.045515459561505
      vertex -2.7 -10.599194813448127 -6.781128143275509
    endloop
  endfacet
  facet normal 0 -0.8819212643483547 -0.47139673682599825
    outer loop
      vertex 2.7 -7.811695866360803 -5.2196083038247805
      vertex -2.7 -8.67989138550467 -3.5953287318014326
      vertex -2.7 -7.811695866360803 -5.2196083038247805
    endloop
  endfacet
  facet normal -2.834927152831651e-19 0.8910065241883682 0.4539904997395461
    outer loop
      vertex 0 -11.583890615116458 -4.933663353680818
      vertex -2.7 -11.640882109642213 -4.821811247800131
      vertex 2.7 -11.640882109642213 -4.821811247800131
    endloop
  endfacet
  facet normal -2.834927152831651e-19 0.8910065241883682 0.4539904997395461
    outer loop
      vertex 0 -11.583890615116458 -4.933663353680818
      vertex 2.7 -11.526899120590702 -5.045515459561505
      vertex -2.7 -11.526899120590702 -5.045515459561505
    endloop
  endfacet
  facet normal 2.834927152831651e-19 0.8910065241883682 0.4539904997395461
    outer loop
      vertex 0 -11.583890615116458 -4.933663353680818
      vertex 2.7 -11.640882109642213 -4.821811247800131
      vertex 2.7 -11.526899120590702 -5.045515459561505
    endloop
  endfacet
  facet normal 0 0.8724960070727986 0.4886212414969522
    outer loop
      vertex -2.7 -10.47651711501207 -7.000184936046987
      vertex 2.7 -10.599194813448127 -6.781128143275509
      vertex 2.7 -10.47651711501207 -7.000184936046987
    endloop
  endfacet
  facet normal 7.337625993296326e-17 0.7853169308807417 0.6190939493098381
    outer loop
      vertex -2.7 -10.354153104592536 -7.155402943297831
      vertex 2.7 -10.443445760844629 -7.042135748817486
      vertex 2.7 -10.321081750425094 -7.19735375606833
    endloop
  endfacet
  facet normal 0 0.8819212643483548 0.471396736825998
    outer loop
      vertex -2.7 -10.599194813448127 -6.781128143275509
      vertex 2.7 -11.526899120590702 -5.045515459561505
      vertex 2.7 -10.599194813448127 -6.781128143275509
    endloop
  endfacet
  facet normal 0 -0.8819212643483547 -0.47139673682599825
    outer loop
      vertex -2.7 -8.67989138550467 -3.5953287318014326
      vertex 2.7 -7.811695866360803 -5.2196083038247805
      vertex 2.7 -8.67989138550467 -3.5953287318014326
    endloop
  endfacet
  facet normal -2.552925630291679e-19 0.8910065241883699 0.4539904997395429
    outer loop
      vertex 0 -11.583890615116458 -4.933663353680818
      vertex -2.7 -11.551150820388896 -4.997918818761213
      vertex -2.7 -11.616630409844019 -4.869407888600423
    endloop
  endfacet
  facet normal 0 0.9510565162951541 0.30901699437494606
    outer loop
      vertex -2.7 -11.718466730260436 -4.583030338185436
      vertex 2.7 -11.718466730260436 -4.583030338185436
      vertex -2.7 -11.640882109642213 -4.821811247800131
    endloop
  endfacet
  facet normal -7.294693964334714e-18 0.9569403357322088 0.29028467725446205
    outer loop
      vertex -2.7 -11.718466730260436 -4.583030338185436
      vertex -2.7 -12.289744221911509 -2.6997808335013995
      vertex 2.7 -12.289744221911509 -2.6997808335013995
    endloop
  endfacet
  facet normal 5.21975615503489e-19 0.9624552364536468 0.2714404498650759
    outer loop
      vertex -2.7 -12.289744221911509 -2.6997808335013995
      vertex -2.7 -12.357894533080703 -2.458138057403216
      vertex 2.7 -12.357894533080703 -2.458138057403216
    endloop
  endfacet
  facet normal -5.609522014985877e-20 0.9930684569549251 0.1175373974578472
    outer loop
      vertex -2.7 -12.36417325847219 -2.405089374422089
      vertex 2.7 -12.357894533080703 -2.458138057403216
      vertex -2.7 -12.357894533080703 -2.458138057403216
    endloop
  endfacet
  facet normal 0 -0.9569403357322087 -0.2902846772544626
    outer loop
      vertex -2.7 -8.67989138550467 -3.5953287318014326
      vertex 2.7 -8.67989138550467 -3.5953287318014326
      vertex -2.7 -9.214523546442761 -1.8328826928985356
    endloop
  endfacet
  facet normal 0 0.9510565162951541 0.30901699437494606
    outer loop
      vertex -2.7 -11.640882109642213 -4.821811247800131
      vertex 2.7 -11.718466730260436 -4.583030338185436
      vertex 2.7 -11.640882109642213 -4.821811247800131
    endloop
  endfacet
  facet normal 0 0.9569403357322088 0.29028467725446205
    outer loop
      vertex -2.7 -11.718466730260436 -4.583030338185436
      vertex 2.7 -12.289744221911509 -2.6997808335013995
      vertex 2.7 -11.718466730260436 -4.583030338185436
    endloop
  endfacet
  facet normal 0 0.9624552364536468 0.2714404498650759
    outer loop
      vertex -2.7 -12.289744221911509 -2.6997808335013995
      vertex 2.7 -12.357894533080703 -2.458138057403216
      vertex 2.7 -12.289744221911509 -2.6997808335013995
    endloop
  endfacet
  facet normal -9.631165347801246e-17 0.9930684569549262 0.11753739745783752
    outer loop
      vertex -2.7 -12.36417325847219 -2.405089374422089
      vertex 2.7 -12.381125817029204 -2.261857930373047
      vertex 2.7 -12.357894533080703 -2.458138057403216
    endloop
  endfacet
  facet normal 0 -0.9569403357322087 -0.2902846772544626
    outer loop
      vertex -2.7 -9.214523546442761 -1.8328826928985356
      vertex 2.7 -8.67989138550467 -3.5953287318014326
      vertex 2.7 -9.214523546442761 -1.8328826928985356
    endloop
  endfacet
  facet normal 1.2094648721043274e-18 0.9951847266721969 0.09801714032956053
    outer loop
      vertex -2.7 -12.387404542420692 -2.2088092473919203
      vertex -2.7 -12.58030134495222 -0.2502951440643694
      vertex 2.7 -12.58030134495222 -0.2502951440643694
    endloop
  endfacet
  facet normal 2.3274972262438775e-19 0.996917333733128 0.07845909572784465
    outer loop
      vertex -2.7 -12.58030134495222 -0.2502951440643694
      vertex -2.7 -12.6 0
      vertex 2.7 -12.6 0
    endloop
  endfacet
  facet normal -2.3274972262438775e-19 0.996917333733128 -0.07845909572784465
    outer loop
      vertex -2.7 -12.6 0
      vertex -2.7 -12.58030134495222 0.2502951440643694
      vertex 2.7 -12.58030134495222 0.2502951440643694
    endloop
  endfacet
  facet normal -5.945150550327069e-19 0.9723699203976766 -0.2334453638559053
    outer loop
      vertex -2.7 -12.58030134495222 0.2502951440643694
      vertex -2.7 -12.521690426072245 0.49442719099991583
      vertex 2.7 -12.521690426072245 0.49442719099991583
    endloop
  endfacet
  facet normal -2.278116350930543e-19 0.9930684569549262 0.11753739745783752
    outer loop
      vertex -2.7 -12.36417325847219 -2.405089374422089
      vertex -2.7 -12.387404542420692 -2.2088092473919203
      vertex 2.7 -12.387404542420692 -2.2088092473919203
    endloop
  endfacet
  facet normal 1.1387016508348054e-18 0.9238795325112875 -0.38268343236508795
    outer loop
      vertex -2.7 -12.521690426072245 0.49442719099991583
      vertex -2.7 -12.425610438701389 0.726384799583275
      vertex 2.7 -12.425610438701389 0.726384799583275
    endloop
  endfacet
  facet normal 1.0302430824270109e-18 0.8526401643540904 -0.5224985647159516
    outer loop
      vertex -2.7 -12.425610438701389 0.726384799583275
      vertex -2.7 -12.294427190999915 0.940456403667957
      vertex 2.7 -12.294427190999915 0.940456403667957
    endloop
  endfacet
  facet normal 3.4182953675775925e-19 0.7604059656000316 -0.6494480483301827
    outer loop
      vertex -2.7 -12.294427190999915 0.940456403667957
      vertex -2.7 -12.131370849898476 1.1313708498984762
      vertex 2.7 -12.131370849898476 1.1313708498984762
    endloop
  endfacet
  facet normal 0 0.6494480483301844 -0.7604059656000302
    outer loop
      vertex -2.7 -11.940456403667957 1.294427190999916
      vertex 2.7 -11.940456403667957 1.294427190999916
      vertex -2.7 -12.131370849898476 1.1313708498984762
    endloop
  endfacet
  facet normal -9.95603641815597e-19 0.52249856471595 -0.8526401643540915
    outer loop
      vertex -2.7 -11.940456403667957 1.294427190999916
      vertex -2.7 -11.726384799583276 1.4256104387013888
      vertex 2.7 -11.726384799583276 1.4256104387013888
    endloop
  endfacet
  facet normal 9.335875766425284e-19 0.38268343236508856 -0.9238795325112873
    outer loop
      vertex -2.7 -11.726384799583276 1.4256104387013888
      vertex -2.7 -11.494427190999916 1.5216904260722457
      vertex 2.7 -11.494427190999916 1.5216904260722457
    endloop
  endfacet
  facet normal 5.370064850954711e-19 0.23344536385590522 -0.9723699203976767
    outer loop
      vertex -2.7 -11.494427190999916 1.5216904260722457
      vertex -2.7 -11.250295144064369 1.5803013449522205
      vertex 2.7 -11.250295144064369 1.5803013449522205
    endloop
  endfacet
  facet normal -1.4820820748427454e-19 0.07845909572784485 -0.996917333733128
    outer loop
      vertex -2.7 -11.250295144064369 1.5803013449522205
      vertex -2.7 -11 1.6
      vertex 2.7 -11 1.6
    endloop
  endfacet
  facet normal 1.4820820748427454e-19 -0.07845909572784485 -0.996917333733128
    outer loop
      vertex -2.7 -11 1.6
      vertex -2.7 -10.749704855935631 1.5803013449522205
      vertex 2.7 -10.749704855935631 1.5803013449522205
    endloop
  endfacet
  facet normal 0 -0.52249856471595 -0.8526401643540915
    outer loop
      vertex -2.7 -10.059543596332043 1.294427190999916
      vertex 2.7 -10.059543596332043 1.294427190999916
      vertex -2.7 -10.273615200416724 1.4256104387013888
    endloop
  endfacet
  facet normal -5.370064850954711e-19 -0.23344536385590522 -0.9723699203976767
    outer loop
      vertex -2.7 -10.749704855935631 1.5803013449522205
      vertex -2.7 -10.505572809000084 1.5216904260722457
      vertex 2.7 -10.505572809000084 1.5216904260722457
    endloop
  endfacet
  facet normal -9.335875766425284e-19 -0.38268343236508856 -0.9238795325112873
    outer loop
      vertex -2.7 -10.505572809000084 1.5216904260722457
      vertex -2.7 -10.273615200416724 1.4256104387013888
      vertex 2.7 -10.273615200416724 1.4256104387013888
    endloop
  endfacet
  facet normal 0 -0.9723699203976766 -0.2334453638559053
    outer loop
      vertex -2.7 -9.41969865504778 0.2502951440643694
      vertex 2.7 -9.41969865504778 0.2502951440643694
      vertex -2.7 -9.478309573927755 0.49442719099991583
    endloop
  endfacet
  facet normal -2.4222614840508346e-18 -0.9951847266721968 -0.09801714032956081
    outer loop
      vertex -2.7 -9.41969865504778 0.2502951440643694
      vertex -2.7 -9.214523546442761 -1.8328826928985356
      vertex 2.7 -9.214523546442761 -1.8328826928985356
    endloop
  endfacet
  facet normal 0 -0.6494480483301844 -0.7604059656000302
    outer loop
      vertex -2.7 -9.868629150101524 1.1313708498984762
      vertex 2.7 -9.868629150101524 1.1313708498984762
      vertex -2.7 -10.059543596332043 1.294427190999916
    endloop
  endfacet
  facet normal 0 -0.7604059656000316 -0.6494480483301827
    outer loop
      vertex -2.7 -9.705572809000085 0.940456403667957
      vertex 2.7 -9.705572809000085 0.940456403667957
      vertex -2.7 -9.868629150101524 1.1313708498984762
    endloop
  endfacet
  facet normal 0 -0.8526401643540904 -0.5224985647159516
    outer loop
      vertex -2.7 -9.574389561298611 0.726384799583275
      vertex 2.7 -9.574389561298611 0.726384799583275
      vertex -2.7 -9.705572809000085 0.940456403667957
    endloop
  endfacet
  facet normal 0 -0.9238795325112875 -0.38268343236508795
    outer loop
      vertex -2.7 -9.478309573927755 0.49442719099991583
      vertex 2.7 -9.478309573927755 0.49442719099991583
      vertex -2.7 -9.574389561298611 0.726384799583275
    endloop
  endfacet
  facet normal 0 0.996917333733128 0.07845909572784465
    outer loop
      vertex -2.7 -12.58030134495222 -0.2502951440643694
      vertex 2.7 -12.6 0
      vertex 2.7 -12.58030134495222 -0.2502951440643694
    endloop
  endfacet
  facet normal 0 0.996917333733128 -0.07845909572784465
    outer loop
      vertex -2.7 -12.6 0
      vertex 2.7 -12.58030134495222 0.2502951440643694
      vertex 2.7 -12.6 0
    endloop
  endfacet
  facet normal 0 0.9723699203976766 -0.2334453638559053
    outer loop
      vertex -2.7 -12.58030134495222 0.2502951440643694
      vertex 2.7 -12.521690426072245 0.49442719099991583
      vertex 2.7 -12.58030134495222 0.2502951440643694
    endloop
  endfacet
  facet normal -3.5695199786838517e-16 0.9930684569549251 0.11753739745784722
    outer loop
      vertex -2.7 -12.36417325847219 -2.405089374422089
      vertex 2.7 -12.387404542420692 -2.2088092473919203
      vertex 2.7 -12.381125817029204 -2.261857930373047
    endloop
  endfacet
  facet normal 0 0.9951847266721969 0.09801714032956053
    outer loop
      vertex -2.7 -12.387404542420692 -2.2088092473919203
      vertex 2.7 -12.58030134495222 -0.2502951440643694
      vertex 2.7 -12.387404542420692 -2.2088092473919203
    endloop
  endfacet
  facet normal 0 0.9238795325112875 -0.38268343236508795
    outer loop
      vertex -2.7 -12.521690426072245 0.49442719099991583
      vertex 2.7 -12.425610438701389 0.726384799583275
      vertex 2.7 -12.521690426072245 0.49442719099991583
    endloop
  endfacet
  facet normal 0 0.8526401643540904 -0.5224985647159516
    outer loop
      vertex -2.7 -12.425610438701389 0.726384799583275
      vertex 2.7 -12.294427190999915 0.940456403667957
      vertex 2.7 -12.425610438701389 0.726384799583275
    endloop
  endfacet
  facet normal 3.4182953675775925e-19 0.7604059656000316 -0.6494480483301827
    outer loop
      vertex 2.7 -12.131370849898476 1.1313708498984762
      vertex 2.7 -12.294427190999915 0.940456403667957
      vertex -2.7 -12.294427190999915 0.940456403667957
    endloop
  endfacet
  facet normal 0 0.6494480483301844 -0.7604059656000302
    outer loop
      vertex -2.7 -12.131370849898476 1.1313708498984762
      vertex 2.7 -11.940456403667957 1.294427190999916
      vertex 2.7 -12.131370849898476 1.1313708498984762
    endloop
  endfacet
  facet normal 0 0.52249856471595 -0.8526401643540915
    outer loop
      vertex -2.7 -11.940456403667957 1.294427190999916
      vertex 2.7 -11.726384799583276 1.4256104387013888
      vertex 2.7 -11.940456403667957 1.294427190999916
    endloop
  endfacet
  facet normal 0 0.38268343236508856 -0.9238795325112873
    outer loop
      vertex -2.7 -11.726384799583276 1.4256104387013888
      vertex 2.7 -11.494427190999916 1.5216904260722457
      vertex 2.7 -11.726384799583276 1.4256104387013888
    endloop
  endfacet
  facet normal 0 0.23344536385590522 -0.9723699203976767
    outer loop
      vertex -2.7 -11.494427190999916 1.5216904260722457
      vertex 2.7 -11.250295144064369 1.5803013449522205
      vertex 2.7 -11.494427190999916 1.5216904260722457
    endloop
  endfacet
  facet normal 0 0.07845909572784485 -0.996917333733128
    outer loop
      vertex -2.7 -11.250295144064369 1.5803013449522205
      vertex 2.7 -11 1.6
      vertex 2.7 -11.250295144064369 1.5803013449522205
    endloop
  endfacet
  facet normal 0 -0.07845909572784485 -0.996917333733128
    outer loop
      vertex -2.7 -11 1.6
      vertex 2.7 -10.749704855935631 1.5803013449522205
      vertex 2.7 -11 1.6
    endloop
  endfacet
  facet normal 0 -0.23344536385590522 -0.9723699203976767
    outer loop
      vertex -2.7 -10.749704855935631 1.5803013449522205
      vertex 2.7 -10.505572809000084 1.5216904260722457
      vertex 2.7 -10.749704855935631 1.5803013449522205
    endloop
  endfacet
  facet normal 0 -0.52249856471595 -0.8526401643540915
    outer loop
      vertex -2.7 -10.273615200416724 1.4256104387013888
      vertex 2.7 -10.059543596332043 1.294427190999916
      vertex 2.7 -10.273615200416724 1.4256104387013888
    endloop
  endfacet
  facet normal 0 -0.38268343236508856 -0.9238795325112873
    outer loop
      vertex -2.7 -10.505572809000084 1.5216904260722457
      vertex 2.7 -10.273615200416724 1.4256104387013888
      vertex 2.7 -10.505572809000084 1.5216904260722457
    endloop
  endfacet
  facet normal 0 -0.9723699203976766 -0.2334453638559053
    outer loop
      vertex -2.7 -9.478309573927755 0.49442719099991583
      vertex 2.7 -9.41969865504778 0.2502951440643694
      vertex 2.7 -9.478309573927755 0.49442719099991583
    endloop
  endfacet
  facet normal -2.4222614840508346e-18 -0.9951847266721968 -0.09801714032956081
    outer loop
      vertex 2.7 -9.214523546442761 -1.8328826928985356
      vertex 2.7 -9.41969865504778 0.2502951440643694
      vertex -2.7 -9.41969865504778 0.2502951440643694
    endloop
  endfacet
  facet normal 0 -0.6494480483301844 -0.7604059656000302
    outer loop
      vertex -2.7 -10.059543596332043 1.294427190999916
      vertex 2.7 -9.868629150101524 1.1313708498984762
      vertex 2.7 -10.059543596332043 1.294427190999916
    endloop
  endfacet
  facet normal 0 -0.7604059656000316 -0.6494480483301827
    outer loop
      vertex -2.7 -9.868629150101524 1.1313708498984762
      vertex 2.7 -9.705572809000085 0.940456403667957
      vertex 2.7 -9.868629150101524 1.1313708498984762
    endloop
  endfacet
  facet normal 0 -0.9238795325112875 -0.38268343236508795
    outer loop
      vertex -2.7 -9.574389561298611 0.726384799583275
      vertex 2.7 -9.478309573927755 0.49442719099991583
      vertex 2.7 -9.574389561298611 0.726384799583275
    endloop
  endfacet
  facet normal 0 -0.8526401643540904 -0.5224985647159516
    outer loop
      vertex -2.7 -9.705572809000085 0.940456403667957
      vertex 2.7 -9.574389561298611 0.726384799583275
      vertex 2.7 -9.705572809000085 0.940456403667957
    endloop
  endfacet
  facet normal 0 0.5224985647159491 0.8526401643540921
    outer loop
      vertex -2.7 -0.940456403667957 -1.294427190999916
      vertex 2.7 -0.940456403667957 -1.294427190999916
      vertex -2.7 -0.726384799583275 -1.4256104387013888
    endloop
  endfacet
  facet normal 0 0.38268343236508867 0.9238795325112871
    outer loop
      vertex -2.7 -0.726384799583275 -1.4256104387013888
      vertex 2.7 -0.726384799583275 -1.4256104387013888
      vertex -2.7 -0.49442719099991583 -1.5216904260722457
    endloop
  endfacet
  facet normal 0 0.23344536385590617 0.9723699203976764
    outer loop
      vertex -2.7 -0.49442719099991583 -1.5216904260722457
      vertex 2.7 -0.49442719099991583 -1.5216904260722457
      vertex -2.7 -0.2502951440643694 -1.5803013449522205
    endloop
  endfacet
  facet normal 0 0.07845909572784465 0.996917333733128
    outer loop
      vertex -2.7 -0.2502951440643694 -1.5803013449522205
      vertex 2.7 -0.2502951440643694 -1.5803013449522205
      vertex -2.7 0 -1.6
    endloop
  endfacet
  facet normal 1.0229348872566406e-18 0.8526401643540921 0.5224985647159491
    outer loop
      vertex -2.7 -1.294427190999916 -0.940456403667957
      vertex -2.7 -1.4256104387013888 -0.726384799583275
      vertex 2.7 -1.4256104387013888 -0.726384799583275
    endloop
  endfacet
  facet normal -7.427882839967578e-19 0.9238795325112871 0.38268343236508867
    outer loop
      vertex -2.7 -1.4256104387013888 -0.726384799583275
      vertex -2.7 -1.5216904260722457 -0.49442719099991583
      vertex 2.7 -1.5216904260722457 -0.49442719099991583
    endloop
  endfacet
  facet normal 2.760427882218264e-19 0.9723699203976764 0.23344536385590617
    outer loop
      vertex -2.7 -1.5216904260722457 -0.49442719099991583
      vertex -2.7 -1.5803013449522205 -0.2502951440643694
      vertex 2.7 -1.5803013449522205 -0.2502951440643694
    endloop
  endfacet
  facet normal 2.3274972262438775e-19 0.996917333733128 0.07845909572784465
    outer loop
      vertex -2.7 -1.5803013449522205 -0.2502951440643694
      vertex -2.7 -1.6 0
      vertex 2.7 -1.6 0
    endloop
  endfacet
  facet normal -2.3274972262438775e-19 0.996917333733128 -0.07845909572784465
    outer loop
      vertex -2.7 -1.6 0
      vertex -2.7 -1.5803013449522205 0.2502951440643694
      vertex 2.7 -1.5803013449522205 0.2502951440643694
    endloop
  endfacet
  facet normal -2.760427882218264e-19 0.9723699203976764 -0.23344536385590617
    outer loop
      vertex -2.7 -1.5803013449522205 0.2502951440643694
      vertex -2.7 -1.5216904260722457 0.49442719099991583
      vertex 2.7 -1.5216904260722457 0.49442719099991583
    endloop
  endfacet
  facet normal 7.427882839967578e-19 0.9238795325112871 -0.38268343236508867
    outer loop
      vertex -2.7 -1.5216904260722457 0.49442719099991583
      vertex -2.7 -1.4256104387013888 0.726384799583275
      vertex 2.7 -1.4256104387013888 0.726384799583275
    endloop
  endfacet
  facet normal -1.0229348872566406e-18 0.8526401643540921 -0.5224985647159491
    outer loop
      vertex -2.7 -1.4256104387013888 0.726384799583275
      vertex -2.7 -1.294427190999916 0.940456403667957
      vertex 2.7 -1.294427190999916 0.940456403667957
    endloop
  endfacet
  facet normal -9.010376541137782e-19 0.7604059656000313 0.6494480483301832
    outer loop
      vertex -2.7 -1.1313708498984762 -1.1313708498984762
      vertex -2.7 -1.294427190999916 -0.940456403667957
      vertex 2.7 -1.294427190999916 -0.940456403667957
    endloop
  endfacet
  facet normal 0 0.6494480483301832 0.7604059656000313
    outer loop
      vertex -2.7 -1.1313708498984762 -1.1313708498984762
      vertex 2.7 -1.1313708498984762 -1.1313708498984762
      vertex -2.7 -0.940456403667957 -1.294427190999916
    endloop
  endfacet
  facet normal 9.010376541137782e-19 0.7604059656000313 -0.6494480483301832
    outer loop
      vertex -2.7 -1.294427190999916 0.940456403667957
      vertex -2.7 -1.1313708498984762 1.1313708498984762
      vertex 2.7 -1.1313708498984762 1.1313708498984762
    endloop
  endfacet
  facet normal 0 0.6494480483301832 -0.7604059656000313
    outer loop
      vertex -2.7 -0.940456403667957 1.294427190999916
      vertex 2.7 -0.940456403667957 1.294427190999916
      vertex -2.7 -1.1313708498984762 1.1313708498984762
    endloop
  endfacet
  facet normal 0 0.5224985647159491 -0.8526401643540921
    outer loop
      vertex -2.7 -0.726384799583275 1.4256104387013888
      vertex 2.7 -0.726384799583275 1.4256104387013888
      vertex -2.7 -0.940456403667957 1.294427190999916
    endloop
  endfacet
  facet normal 0 0.38268343236508867 -0.9238795325112871
    outer loop
      vertex -2.7 -0.49442719099991583 1.5216904260722457
      vertex 2.7 -0.49442719099991583 1.5216904260722457
      vertex -2.7 -0.726384799583275 1.4256104387013888
    endloop
  endfacet
  facet normal 0 0.23344536385590617 -0.9723699203976764
    outer loop
      vertex -2.7 -0.2502951440643694 1.5803013449522205
      vertex 2.7 -0.2502951440643694 1.5803013449522205
      vertex -2.7 -0.49442719099991583 1.5216904260722457
    endloop
  endfacet
  facet normal 0 0.07845909572784465 -0.996917333733128
    outer loop
      vertex -2.7 0 1.6
      vertex 2.7 0 1.6
      vertex -2.7 -0.2502951440643694 1.5803013449522205
    endloop
  endfacet
  facet normal 0 -0.07845909572784465 0.996917333733128
    outer loop
      vertex -2.7 0 -1.6
      vertex 2.7 0 -1.6
      vertex -2.7 0.2502951440643694 -1.5803013449522205
    endloop
  endfacet
  facet normal 0 -0.23344536385590617 0.9723699203976764
    outer loop
      vertex -2.7 0.2502951440643694 -1.5803013449522205
      vertex 2.7 0.2502951440643694 -1.5803013449522205
      vertex -2.7 0.49442719099991583 -1.5216904260722457
    endloop
  endfacet
  facet normal 0 -0.38268343236508867 0.9238795325112871
    outer loop
      vertex -2.7 0.49442719099991583 -1.5216904260722457
      vertex 2.7 0.49442719099991583 -1.5216904260722457
      vertex -2.7 0.726384799583275 -1.4256104387013888
    endloop
  endfacet
  facet normal 0 -0.5224985647159491 0.8526401643540921
    outer loop
      vertex -2.7 0.726384799583275 -1.4256104387013888
      vertex 2.7 0.726384799583275 -1.4256104387013888
      vertex -2.7 0.940456403667957 -1.294427190999916
    endloop
  endfacet
  facet normal 0 -0.6494480483301832 0.7604059656000313
    outer loop
      vertex -2.7 0.940456403667957 -1.294427190999916
      vertex 2.7 0.940456403667957 -1.294427190999916
      vertex -2.7 1.1313708498984762 -1.1313708498984762
    endloop
  endfacet
  facet normal 0 -0.7604059656000313 0.6494480483301832
    outer loop
      vertex -2.7 1.1313708498984762 -1.1313708498984762
      vertex 2.7 1.1313708498984762 -1.1313708498984762
      vertex -2.7 1.294427190999916 -0.940456403667957
    endloop
  endfacet
  facet normal 0 -0.07845909572784465 -0.996917333733128
    outer loop
      vertex -2.7 0.2502951440643694 1.5803013449522205
      vertex 2.7 0.2502951440643694 1.5803013449522205
      vertex -2.7 0 1.6
    endloop
  endfacet
  facet normal 0 -0.23344536385590617 -0.9723699203976764
    outer loop
      vertex -2.7 0.49442719099991583 1.5216904260722457
      vertex 2.7 0.49442719099991583 1.5216904260722457
      vertex -2.7 0.2502951440643694 1.5803013449522205
    endloop
  endfacet
  facet normal 0 -0.5224985647159491 -0.8526401643540921
    outer loop
      vertex -2.7 0.940456403667957 1.294427190999916
      vertex 2.7 0.940456403667957 1.294427190999916
      vertex -2.7 0.726384799583275 1.4256104387013888
    endloop
  endfacet
  facet normal -9.010376541137782e-19 -0.6494480483301832 -0.7604059656000313
    outer loop
      vertex -2.7 0.940456403667957 1.294427190999916
      vertex -2.7 1.1313708498984762 1.1313708498984762
      vertex 2.7 1.1313708498984762 1.1313708498984762
    endloop
  endfacet
  facet normal -9.010376541137782e-19 -0.7604059656000313 -0.6494480483301832
    outer loop
      vertex -2.7 1.1313708498984762 1.1313708498984762
      vertex -2.7 1.294427190999916 0.940456403667957
      vertex 2.7 1.294427190999916 0.940456403667957
    endloop
  endfacet
  facet normal 0 -0.38268343236508867 -0.9238795325112871
    outer loop
      vertex -2.7 0.726384799583275 1.4256104387013888
      vertex 2.7 0.726384799583275 1.4256104387013888
      vertex -2.7 0.49442719099991583 1.5216904260722457
    endloop
  endfacet
  facet normal -1.0229348872566406e-18 -0.8526401643540921 0.5224985647159491
    outer loop
      vertex -2.7 1.4256104387013888 -0.726384799583275
      vertex -2.7 1.294427190999916 -0.940456403667957
      vertex 2.7 1.294427190999916 -0.940456403667957
    endloop
  endfacet
  facet normal 7.427882839967578e-19 -0.9238795325112871 0.38268343236508867
    outer loop
      vertex -2.7 1.5216904260722457 -0.49442719099991583
      vertex -2.7 1.4256104387013888 -0.726384799583275
      vertex 2.7 1.4256104387013888 -0.726384799583275
    endloop
  endfacet
  facet normal -2.760427882218264e-19 -0.9723699203976764 0.23344536385590617
    outer loop
      vertex -2.7 1.5803013449522205 -0.2502951440643694
      vertex -2.7 1.5216904260722457 -0.49442719099991583
      vertex 2.7 1.5216904260722457 -0.49442719099991583
    endloop
  endfacet
  facet normal 2.760427882218264e-19 -0.9723699203976764 -0.23344536385590617
    outer loop
      vertex -2.7 1.5216904260722457 0.49442719099991583
      vertex -2.7 1.5803013449522205 0.2502951440643694
      vertex 2.7 1.5803013449522205 0.2502951440643694
    endloop
  endfacet
  facet normal -2.3274972262438775e-19 -0.996917333733128 0.07845909572784465
    outer loop
      vertex -2.7 1.6 0
      vertex -2.7 1.5803013449522205 -0.2502951440643694
      vertex 2.7 1.5803013449522205 -0.2502951440643694
    endloop
  endfacet
  facet normal 2.3274972262438775e-19 -0.996917333733128 -0.07845909572784465
    outer loop
      vertex -2.7 1.5803013449522205 0.2502951440643694
      vertex -2.7 1.6 0
      vertex 2.7 1.6 0
    endloop
  endfacet
  facet normal 1.0229348872566406e-18 -0.8526401643540921 -0.5224985647159491
    outer loop
      vertex -2.7 1.294427190999916 0.940456403667957
      vertex -2.7 1.4256104387013888 0.726384799583275
      vertex 2.7 1.4256104387013888 0.726384799583275
    endloop
  endfacet
  facet normal -7.427882839967578e-19 -0.9238795325112871 -0.38268343236508867
    outer loop
      vertex -2.7 1.4256104387013888 0.726384799583275
      vertex -2.7 1.5216904260722457 0.49442719099991583
      vertex 2.7 1.5216904260722457 0.49442719099991583
    endloop
  endfacet
  facet normal 0 0.6494480483301832 0.7604059656000313
    outer loop
      vertex -2.7 -0.940456403667957 -1.294427190999916
      vertex 2.7 -1.1313708498984762 -1.1313708498984762
      vertex 2.7 -0.940456403667957 -1.294427190999916
    endloop
  endfacet
  facet normal 0 0.5224985647159491 0.8526401643540921
    outer loop
      vertex -2.7 -0.726384799583275 -1.4256104387013888
      vertex 2.7 -0.940456403667957 -1.294427190999916
      vertex 2.7 -0.726384799583275 -1.4256104387013888
    endloop
  endfacet
  facet normal 0 0.38268343236508867 0.9238795325112871
    outer loop
      vertex -2.7 -0.49442719099991583 -1.5216904260722457
      vertex 2.7 -0.726384799583275 -1.4256104387013888
      vertex 2.7 -0.49442719099991583 -1.5216904260722457
    endloop
  endfacet
  facet normal 0 0.23344536385590617 0.9723699203976764
    outer loop
      vertex -2.7 -0.2502951440643694 -1.5803013449522205
      vertex 2.7 -0.49442719099991583 -1.5216904260722457
      vertex 2.7 -0.2502951440643694 -1.5803013449522205
    endloop
  endfacet
  facet normal 0 0.07845909572784465 0.996917333733128
    outer loop
      vertex -2.7 0 -1.6
      vertex 2.7 -0.2502951440643694 -1.5803013449522205
      vertex 2.7 0 -1.6
    endloop
  endfacet
  facet normal 0 0.8526401643540921 0.5224985647159491
    outer loop
      vertex -2.7 -1.294427190999916 -0.940456403667957
      vertex 2.7 -1.4256104387013888 -0.726384799583275
      vertex 2.7 -1.294427190999916 -0.940456403667957
    endloop
  endfacet
  facet normal 0 0.9238795325112871 0.38268343236508867
    outer loop
      vertex -2.7 -1.4256104387013888 -0.726384799583275
      vertex 2.7 -1.5216904260722457 -0.49442719099991583
      vertex 2.7 -1.4256104387013888 -0.726384799583275
    endloop
  endfacet
  facet normal 0 0.9723699203976764 0.23344536385590617
    outer loop
      vertex -2.7 -1.5216904260722457 -0.49442719099991583
      vertex 2.7 -1.5803013449522205 -0.2502951440643694
      vertex 2.7 -1.5216904260722457 -0.49442719099991583
    endloop
  endfacet
  facet normal 0 0.996917333733128 0.07845909572784465
    outer loop
      vertex -2.7 -1.5803013449522205 -0.2502951440643694
      vertex 2.7 -1.6 0
      vertex 2.7 -1.5803013449522205 -0.2502951440643694
    endloop
  endfacet
  facet normal 0 0.996917333733128 -0.07845909572784465
    outer loop
      vertex -2.7 -1.6 0
      vertex 2.7 -1.5803013449522205 0.2502951440643694
      vertex 2.7 -1.6 0
    endloop
  endfacet
  facet normal 0 0.9723699203976764 -0.23344536385590617
    outer loop
      vertex -2.7 -1.5803013449522205 0.2502951440643694
      vertex 2.7 -1.5216904260722457 0.49442719099991583
      vertex 2.7 -1.5803013449522205 0.2502951440643694
    endloop
  endfacet
  facet normal 0 0.9238795325112871 -0.38268343236508867
    outer loop
      vertex -2.7 -1.5216904260722457 0.49442719099991583
      vertex 2.7 -1.4256104387013888 0.726384799583275
      vertex 2.7 -1.5216904260722457 0.49442719099991583
    endloop
  endfacet
  facet normal 0 0.8526401643540921 -0.5224985647159491
    outer loop
      vertex -2.7 -1.4256104387013888 0.726384799583275
      vertex 2.7 -1.294427190999916 0.940456403667957
      vertex 2.7 -1.4256104387013888 0.726384799583275
    endloop
  endfacet
  facet normal 0 0.7604059656000313 0.6494480483301832
    outer loop
      vertex -2.7 -1.1313708498984762 -1.1313708498984762
      vertex 2.7 -1.294427190999916 -0.940456403667957
      vertex 2.7 -1.1313708498984762 -1.1313708498984762
    endloop
  endfacet
  facet normal 0 0.7604059656000313 -0.6494480483301832
    outer loop
      vertex -2.7 -1.294427190999916 0.940456403667957
      vertex 2.7 -1.1313708498984762 1.1313708498984762
      vertex 2.7 -1.294427190999916 0.940456403667957
    endloop
  endfacet
  facet normal 0 0.6494480483301832 -0.7604059656000313
    outer loop
      vertex -2.7 -1.1313708498984762 1.1313708498984762
      vertex 2.7 -0.940456403667957 1.294427190999916
      vertex 2.7 -1.1313708498984762 1.1313708498984762
    endloop
  endfacet
  facet normal 0 0.5224985647159491 -0.8526401643540921
    outer loop
      vertex -2.7 -0.940456403667957 1.294427190999916
      vertex 2.7 -0.726384799583275 1.4256104387013888
      vertex 2.7 -0.940456403667957 1.294427190999916
    endloop
  endfacet
  facet normal 0 0.38268343236508867 -0.9238795325112871
    outer loop
      vertex -2.7 -0.726384799583275 1.4256104387013888
      vertex 2.7 -0.49442719099991583 1.5216904260722457
      vertex 2.7 -0.726384799583275 1.4256104387013888
    endloop
  endfacet
  facet normal 0 0.23344536385590617 -0.9723699203976764
    outer loop
      vertex -2.7 -0.49442719099991583 1.5216904260722457
      vertex 2.7 -0.2502951440643694 1.5803013449522205
      vertex 2.7 -0.49442719099991583 1.5216904260722457
    endloop
  endfacet
  facet normal 0 0.07845909572784465 -0.996917333733128
    outer loop
      vertex -2.7 -0.2502951440643694 1.5803013449522205
      vertex 2.7 0 1.6
      vertex 2.7 -0.2502951440643694 1.5803013449522205
    endloop
  endfacet
  facet normal 0 -0.07845909572784465 0.996917333733128
    outer loop
      vertex -2.7 0.2502951440643694 -1.5803013449522205
      vertex 2.7 0 -1.6
      vertex 2.7 0.2502951440643694 -1.5803013449522205
    endloop
  endfacet
  facet normal 0 -0.23344536385590617 0.9723699203976764
    outer loop
      vertex -2.7 0.49442719099991583 -1.5216904260722457
      vertex 2.7 0.2502951440643694 -1.5803013449522205
      vertex 2.7 0.49442719099991583 -1.5216904260722457
    endloop
  endfacet
  facet normal 0 -0.38268343236508867 0.9238795325112871
    outer loop
      vertex -2.7 0.726384799583275 -1.4256104387013888
      vertex 2.7 0.49442719099991583 -1.5216904260722457
      vertex 2.7 0.726384799583275 -1.4256104387013888
    endloop
  endfacet
  facet normal 0 -0.5224985647159491 0.8526401643540921
    outer loop
      vertex -2.7 0.940456403667957 -1.294427190999916
      vertex 2.7 0.726384799583275 -1.4256104387013888
      vertex 2.7 0.940456403667957 -1.294427190999916
    endloop
  endfacet
  facet normal 0 -0.6494480483301832 0.7604059656000313
    outer loop
      vertex -2.7 1.1313708498984762 -1.1313708498984762
      vertex 2.7 0.940456403667957 -1.294427190999916
      vertex 2.7 1.1313708498984762 -1.1313708498984762
    endloop
  endfacet
  facet normal 0 -0.7604059656000313 0.6494480483301832
    outer loop
      vertex -2.7 1.294427190999916 -0.940456403667957
      vertex 2.7 1.1313708498984762 -1.1313708498984762
      vertex 2.7 1.294427190999916 -0.940456403667957
    endloop
  endfacet
  facet normal 0 -0.07845909572784465 -0.996917333733128
    outer loop
      vertex -2.7 0 1.6
      vertex 2.7 0.2502951440643694 1.5803013449522205
      vertex 2.7 0 1.6
    endloop
  endfacet
  facet normal 0 -0.23344536385590617 -0.9723699203976764
    outer loop
      vertex -2.7 0.2502951440643694 1.5803013449522205
      vertex 2.7 0.49442719099991583 1.5216904260722457
      vertex 2.7 0.2502951440643694 1.5803013449522205
    endloop
  endfacet
  facet normal 0 -0.38268343236508867 -0.9238795325112871
    outer loop
      vertex -2.7 0.49442719099991583 1.5216904260722457
      vertex 2.7 0.726384799583275 1.4256104387013888
      vertex 2.7 0.49442719099991583 1.5216904260722457
    endloop
  endfacet
  facet normal 0 -0.5224985647159491 -0.8526401643540921
    outer loop
      vertex -2.7 0.726384799583275 1.4256104387013888
      vertex 2.7 0.940456403667957 1.294427190999916
      vertex 2.7 0.726384799583275 1.4256104387013888
    endloop
  endfacet
  facet normal 0 -0.6494480483301832 -0.7604059656000313
    outer loop
      vertex -2.7 0.940456403667957 1.294427190999916
      vertex 2.7 1.1313708498984762 1.1313708498984762
      vertex 2.7 0.940456403667957 1.294427190999916
    endloop
  endfacet
  facet normal 0 -0.7604059656000313 -0.6494480483301832
    outer loop
      vertex -2.7 1.1313708498984762 1.1313708498984762
      vertex 2.7 1.294427190999916 0.940456403667957
      vertex 2.7 1.1313708498984762 1.1313708498984762
    endloop
  endfacet
  facet normal 0 -0.8526401643540921 0.5224985647159491
    outer loop
      vertex -2.7 1.4256104387013888 -0.726384799583275
      vertex 2.7 1.294427190999916 -0.940456403667957
      vertex 2.7 1.4256104387013888 -0.726384799583275
    endloop
  endfacet
  facet normal 0 -0.9238795325112871 0.38268343236508867
    outer loop
      vertex -2.7 1.5216904260722457 -0.49442719099991583
      vertex 2.7 1.4256104387013888 -0.726384799583275
      vertex 2.7 1.5216904260722457 -0.49442719099991583
    endloop
  endfacet
  facet normal 0 -0.9723699203976764 0.23344536385590617
    outer loop
      vertex -2.7 1.5803013449522205 -0.2502951440643694
      vertex 2.7 1.5216904260722457 -0.49442719099991583
      vertex 2.7 1.5803013449522205 -0.2502951440643694
    endloop
  endfacet
  facet normal 0 -0.9723699203976764 -0.23344536385590617
    outer loop
      vertex -2.7 1.5216904260722457 0.49442719099991583
      vertex 2.7 1.5803013449522205 0.2502951440643694
      vertex 2.7 1.5216904260722457 0.49442719099991583
    endloop
  endfacet
  facet normal 0 -0.996917333733128 0.07845909572784465
    outer loop
      vertex -2.7 1.6 0
      vertex 2.7 1.5803013449522205 -0.2502951440643694
      vertex 2.7 1.6 0
    endloop
  endfacet
  facet normal 0 -0.996917333733128 -0.07845909572784465
    outer loop
      vertex -2.7 1.5803013449522205 0.2502951440643694
      vertex 2.7 1.6 0
      vertex 2.7 1.5803013449522205 0.2502951440643694
    endloop
  endfacet
  facet normal 0 -0.8526401643540921 -0.5224985647159491
    outer loop
      vertex -2.7 1.294427190999916 0.940456403667957
      vertex 2.7 1.4256104387013888 0.726384799583275
      vertex 2.7 1.294427190999916 0.940456403667957
    endloop
  endfacet
  facet normal 0 -0.9238795325112871 -0.38268343236508867
    outer loop
      vertex -2.7 1.4256104387013888 0.726384799583275
      vertex 2.7 1.5216904260722457 0.49442719099991583
      vertex 2.7 1.4256104387013888 0.726384799583275
    endloop
  endfacet
  facet normal 1 0 0
    outer loop
      vertex -29.25 -20 -24.05
      vertex -29.25 -0.5562305898749054 -29.788098270668723
      vertex -29.25 20 -24.05
    endloop
  endfacet
  facet normal 0 0 -1
    outer loop
      vertex 29.25 -20 -24.05
      vertex -29.25 -20 -24.05
      vertex -29.25 20 -24.05
    endloop
  endfacet
  facet normal 1 0 0
    outer loop
      vertex -29.25 -20 -39
      vertex -29.25 20 -39
      vertex -29.25 0.5562305898749054 -33.211901729331274
    endloop
  endfacet
  facet normal 1 0 0
    outer loop
      vertex -29.25 0.5562305898749054 -33.211901729331274
      vertex -29.25 20 -39
      vertex -29.25 0.8171828995311843 -33.10381174353906
    endloop
  endfacet
  facet normal 1 0 0
    outer loop
      vertex -29.25 0.8171828995311843 -33.10381174353906
      vertex -29.25 20 -39
      vertex -29.25 1.0580134541264516 -32.956230589874906
    endloop
  endfacet
  facet normal 1 0 0
    outer loop
      vertex -29.25 1.0580134541264516 -32.956230589874906
      vertex -29.25 20 -39
      vertex -29.25 1.2727922061357857 -32.77279220613579
    endloop
  endfacet
  facet normal 1 0 0
    outer loop
      vertex -29.25 1.2727922061357857 -32.77279220613579
      vertex -29.25 20 -39
      vertex -29.25 1.4562305898749055 -32.55801345412645
    endloop
  endfacet
  facet normal 1 0 0
    outer loop
      vertex -29.25 1.4562305898749055 -32.55801345412645
      vertex -29.25 20 -39
      vertex -29.25 1.6038117435390622 -32.31718289953118
    endloop
  endfacet
  facet normal 1 0 0
    outer loop
      vertex -29.25 1.6038117435390622 -32.31718289953118
      vertex -29.25 20 -39
      vertex -29.25 1.7119017293312764 -32.05623058987491
    endloop
  endfacet
  facet normal 1 0 0
    outer loop
      vertex -29.25 1.7119017293312764 -32.05623058987491
      vertex -29.25 20 -39
      vertex -29.25 1.777839013071248 -31.781582037072415
    endloop
  endfacet
  facet normal 1 0 0
    outer loop
      vertex -29.25 1.777839013071248 -31.781582037072415
      vertex -29.25 20 -39
      vertex -29.25 1.8 -31.5
    endloop
  endfacet
  facet normal 1 0 0
    outer loop
      vertex -29.25 1.8 -31.5
      vertex -29.25 20 -39
      vertex -29.25 1.777839013071248 -31.218417962927585
    endloop
  endfacet
  facet normal 1 0 0
    outer loop
      vertex -29.25 1.7119017293312764 -30.943769410125093
      vertex -29.25 20 -39
      vertex -29.25 1.6038117435390622 -30.682817100468817
    endloop
  endfacet
  facet normal 1 0 0
    outer loop
      vertex -29.25 1.2727922061357857 -30.227207793864213
      vertex -29.25 1.4562305898749055 -30.441986545873547
      vertex -29.25 20 -39
    endloop
  endfacet
  facet normal 1 0 0
    outer loop
      vertex -29.25 1.4562305898749055 -30.441986545873547
      vertex -29.25 1.6038117435390622 -30.682817100468817
      vertex -29.25 20 -39
    endloop
  endfacet
  facet normal 1 0 0
    outer loop
      vertex -29.25 1.7119017293312764 -30.943769410125093
      vertex -29.25 1.777839013071248 -31.218417962927585
      vertex -29.25 20 -39
    endloop
  endfacet
  facet normal 1 0 0
    outer loop
      vertex -29.25 -0.5562305898749054 -29.788098270668723
      vertex -29.25 -0.2815820370724156 -29.722160986928753
      vertex -29.25 20 -24.05
    endloop
  endfacet
  facet normal 1 0 0
    outer loop
      vertex -29.25 -0.2815820370724156 -29.722160986928753
      vertex -29.25 0 -29.7
      vertex -29.25 20 -24.05
    endloop
  endfacet
  facet normal 1 0 0
    outer loop
      vertex -29.25 0 -29.7
      vertex -29.25 0.2815820370724156 -29.722160986928753
      vertex -29.25 20 -24.05
    endloop
  endfacet
  facet normal 1 0 0
    outer loop
      vertex -29.25 0.2815820370724156 -29.722160986928753
      vertex -29.25 0.5562305898749054 -29.788098270668723
      vertex -29.25 20 -24.05
    endloop
  endfacet
  facet normal 1 0 0
    outer loop
      vertex -29.25 0.5562305898749054 -29.788098270668723
      vertex -29.25 0.8171828995311843 -29.89618825646094
      vertex -29.25 20 -24.05
    endloop
  endfacet
  facet normal 1 0 0
    outer loop
      vertex -29.25 1.0580134541264516 -30.043769410125094
      vertex -29.25 20 -24.05
      vertex -29.25 0.8171828995311843 -29.89618825646094
    endloop
  endfacet
  facet normal 1 0 0
    outer loop
      vertex -29.25 1.2727922061357857 -30.227207793864213
      vertex -29.25 20 -24.05
      vertex -29.25 1.0580134541264516 -30.043769410125094
    endloop
  endfacet
  facet normal 1 0 0
    outer loop
      vertex -29.25 1.2727922061357857 -30.227207793864213
      vertex -29.25 20 -39
      vertex -29.25 20 -24.05
    endloop
  endfacet
  facet normal 0 0 -1
    outer loop
      vertex 29.25 -20 -24.05
      vertex -29.25 20 -24.05
      vertex 29.25 20 -24.05
    endloop
  endfacet
  facet normal -1 0 0
    outer loop
      vertex 29.25 0.5562305898749054 -29.788098270668723
      vertex 29.25 -20 -24.05
      vertex 29.25 20 -24.05
    endloop
  endfacet
  facet normal -1 0 0
    outer loop
      vertex 29.25 1.777839013071248 -31.781582037072415
      vertex 29.25 20 -39
      vertex 29.25 1.7119017293312764 -32.05623058987491
    endloop
  endfacet
  facet normal -1 0 0
    outer loop
      vertex 29.25 1.777839013071248 -31.781582037072415
      vertex 29.25 1.8 -31.5
      vertex 29.25 20 -39
    endloop
  endfacet
  facet normal -1 0 0
    outer loop
      vertex 29.25 1.8 -31.5
      vertex 29.25 1.777839013071248 -31.218417962927585
      vertex 29.25 20 -39
    endloop
  endfacet
  facet normal -1 0 0
    outer loop
      vertex 29.25 1.7119017293312764 -30.943769410125093
      vertex 29.25 1.6038117435390622 -30.682817100468817
      vertex 29.25 20 -39
    endloop
  endfacet
  facet normal -1 0 0
    outer loop
      vertex 29.25 1.777839013071248 -31.218417962927585
      vertex 29.25 1.7119017293312764 -30.943769410125093
      vertex 29.25 20 -39
    endloop
  endfacet
  facet normal -1 0 0
    outer loop
      vertex 29.25 0.5562305898749054 -29.788098270668723
      vertex 29.25 20 -24.05
      vertex 29.25 0.8171828995311843 -29.89618825646094
    endloop
  endfacet
  facet normal -1 0 0
    outer loop
      vertex 29.25 0.8171828995311843 -29.89618825646094
      vertex 29.25 20 -24.05
      vertex 29.25 1.0580134541264516 -30.043769410125094
    endloop
  endfacet
  facet normal -1 0 0
    outer loop
      vertex 29.25 1.0580134541264516 -30.043769410125094
      vertex 29.25 20 -24.05
      vertex 29.25 1.2727922061357857 -30.227207793864213
    endloop
  endfacet
  facet normal -1 0 0
    outer loop
      vertex 29.25 1.6038117435390622 -30.682817100468817
      vertex 29.25 1.4562305898749055 -30.441986545873547
      vertex 29.25 20 -24.05
    endloop
  endfacet
  facet normal -1 0 0
    outer loop
      vertex 29.25 1.4562305898749055 -30.441986545873547
      vertex 29.25 1.2727922061357857 -30.227207793864213
      vertex 29.25 20 -24.05
    endloop
  endfacet
  facet normal -1 0 0
    outer loop
      vertex 29.25 1.6038117435390622 -30.682817100468817
      vertex 29.25 20 -24.05
      vertex 29.25 20 -39
    endloop
  endfacet
endsolid OpenSCAD_Model
