solid OpenSCAD_Model
  facet normal 0.9723699203976768 0.2334453638559052 0
    outer loop
      vertex -7.08030134495222 -4.75029514406437 -6
      vertex -7.0216904260722455 -4.994427190999916 -12
      vertex -7.08030134495222 -4.75029514406437 -12
    endloop
  endfacet
  facet normal 0.923879532511287 0.382683432365089 0
    outer loop
      vertex -7.0216904260722455 -4.994427190999916 -6
      vertex -6.925610438701389 -5.226384799583275 -12
      vertex -7.0216904260722455 -4.994427190999916 -12
    endloop
  endfacet
  facet normal 0.8526401643540924 0.5224985647159485 0
    outer loop
      vertex -6.925610438701389 -5.226384799583275 -6
      vertex -6.794427190999916 -5.440456403667957 -12
      vertex -6.925610438701389 -5.226384799583275 -12
    endloop
  endfacet
  facet normal 0.9969173337331281 0.07845909572784458 0
    outer loop
      vertex -7.1 -4.5 -6
      vertex -7.08030134495222 -4.75029514406437 -12
      vertex -7.1 -4.5 -12
    endloop
  endfacet
  facet normal 0.9969173337331281 -0.07845909572784458 0
    outer loop
      vertex -7.08030134495222 -4.24970485593563 -6
      vertex -7.1 -4.5 -12
      vertex -7.08030134495222 -4.24970485593563 -12
    endloop
  endfacet
  facet normal 0.9723699203976768 -0.2334453638559052 0
    outer loop
      vertex -7.0216904260722455 -4.005572809000084 -6
      vertex -7.08030134495222 -4.24970485593563 -12
      vertex -7.0216904260722455 -4.005572809000084 -12
    endloop
  endfacet
  facet normal 0.9238795325112874 -0.38268343236508845 0
    outer loop
      vertex -6.925610438701389 -3.773615200416725 -6
      vertex -7.0216904260722455 -4.005572809000084 -12
      vertex -6.925610438701389 -3.773615200416725 -12
    endloop
  endfacet
  facet normal 0.760405965600032 0.6494480483301823 0
    outer loop
      vertex -6.794427190999916 -5.440456403667957 -6
      vertex -6.6313708498984765 -5.6313708498984765 -12
      vertex -6.794427190999916 -5.440456403667957 -12
    endloop
  endfacet
  facet normal 0.6494480483301823 0.760405965600032 0
    outer loop
      vertex -6.6313708498984765 -5.6313708498984765 -6
      vertex -6.440456403667957 -5.794427190999916 -12
      vertex -6.6313708498984765 -5.6313708498984765 -12
    endloop
  endfacet
  facet normal 0.8526401643540921 -0.5224985647159492 0
    outer loop
      vertex -6.794427190999916 -3.559543596332043 -6
      vertex -6.925610438701389 -3.773615200416725 -12
      vertex -6.794427190999916 -3.559543596332043 -12
    endloop
  endfacet
  facet normal 0.760405965600032 -0.6494480483301823 0
    outer loop
      vertex -6.6313708498984765 -3.3686291501015235 -6
      vertex -6.794427190999916 -3.559543596332043 -12
      vertex -6.6313708498984765 -3.3686291501015235 -12
    endloop
  endfacet
  facet normal 0.5224985647159485 0.8526401643540924 0
    outer loop
      vertex -6.440456403667957 -5.794427190999916 -6
      vertex -6.226384799583275 -5.925610438701389 -12
      vertex -6.440456403667957 -5.794427190999916 -12
    endloop
  endfacet
  facet normal 0.6494480483301823 -0.760405965600032 0
    outer loop
      vertex -6.440456403667957 -3.205572809000084 -6
      vertex -6.6313708498984765 -3.3686291501015235 -12
      vertex -6.440456403667957 -3.205572809000084 -12
    endloop
  endfacet
  facet normal 0.5224985647159485 -0.8526401643540924 0
    outer loop
      vertex -6.226384799583275 -3.074389561298611 -6
      vertex -6.440456403667957 -3.205572809000084 -12
      vertex -6.226384799583275 -3.074389561298611 -12
    endloop
  endfacet
  facet normal 0.382683432365089 0.923879532511287 0
    outer loop
      vertex -6.226384799583275 -5.925610438701389 -6
      vertex -5.994427190999916 -6.0216904260722455 -12
      vertex -6.226384799583275 -5.925610438701389 -12
    endloop
  endfacet
  facet normal 0.2334453638559052 0.9723699203976768 0
    outer loop
      vertex -5.994427190999916 -6.0216904260722455 -6
      vertex -5.75029514406437 -6.08030134495222 -12
      vertex -5.994427190999916 -6.0216904260722455 -12
    endloop
  endfacet
  facet normal 0.382683432365089 -0.923879532511287 0
    outer loop
      vertex -5.994427190999916 -2.9783095739277545 -6
      vertex -6.226384799583275 -3.074389561298611 -12
      vertex -5.994427190999916 -2.9783095739277545 -12
    endloop
  endfacet
  facet normal 0.07845909572784458 0.9969173337331281 0
    outer loop
      vertex -5.75029514406437 -6.08030134495222 -6
      vertex -5.5 -6.1 -12
      vertex -5.75029514406437 -6.08030134495222 -12
    endloop
  endfacet
  facet normal 0.23344536385590686 -0.9723699203976763 0
    outer loop
      vertex -5.75029514406437 -2.9196986550477795 -6
      vertex -5.994427190999916 -2.9783095739277545 -12
      vertex -5.75029514406437 -2.9196986550477795 -12
    endloop
  endfacet
  facet normal 0.07845909572784458 -0.9969173337331281 0
    outer loop
      vertex -5.5 -2.9 -6
      vertex -5.75029514406437 -2.9196986550477795 -12
      vertex -5.5 -2.9 -12
    endloop
  endfacet
  facet normal -0.07845909572784458 0.9969173337331281 0
    outer loop
      vertex -5.5 -6.1 -6
      vertex -5.24970485593563 -6.08030134495222 -12
      vertex -5.5 -6.1 -12
    endloop
  endfacet
  facet normal -0.2334453638559052 0.9723699203976768 0
    outer loop
      vertex -5.24970485593563 -6.08030134495222 -6
      vertex -5.005572809000084 -6.0216904260722455 -12
      vertex -5.24970485593563 -6.08030134495222 -12
    endloop
  endfacet
  facet normal -0.07845909572784458 -0.9969173337331281 0
    outer loop
      vertex -5.24970485593563 -2.9196986550477795 -6
      vertex -5.5 -2.9 -12
      vertex -5.24970485593563 -2.9196986550477795 -12
    endloop
  endfacet
  facet normal -0.382683432365089 0.923879532511287 0
    outer loop
      vertex -5.005572809000084 -6.0216904260722455 -6
      vertex -4.773615200416725 -5.925610438701389 -12
      vertex -5.005572809000084 -6.0216904260722455 -12
    endloop
  endfacet
  facet normal -0.23344536385590686 -0.9723699203976763 0
    outer loop
      vertex -5.005572809000084 -2.9783095739277545 -6
      vertex -5.24970485593563 -2.9196986550477795 -12
      vertex -5.005572809000084 -2.9783095739277545 -12
    endloop
  endfacet
  facet normal -0.382683432365089 -0.923879532511287 0
    outer loop
      vertex -4.773615200416725 -3.074389561298611 -6
      vertex -5.005572809000084 -2.9783095739277545 -12
      vertex -4.773615200416725 -3.074389561298611 -12
    endloop
  endfacet
  facet normal -0.5224985647159485 0.8526401643540924 0
    outer loop
      vertex -4.773615200416725 -5.925610438701389 -6
      vertex -4.559543596332043 -5.794427190999916 -12
      vertex -4.773615200416725 -5.925610438701389 -12
    endloop
  endfacet
  facet normal -0.6494480483301823 0.760405965600032 0
    outer loop
      vertex -4.559543596332043 -5.794427190999916 -6
      vertex -4.3686291501015235 -5.6313708498984765 -12
      vertex -4.559543596332043 -5.794427190999916 -12
    endloop
  endfacet
  facet normal -0.5224985647159485 -0.8526401643540924 0
    outer loop
      vertex -4.559543596332043 -3.205572809000084 -6
      vertex -4.773615200416725 -3.074389561298611 -12
      vertex -4.559543596332043 -3.205572809000084 -12
    endloop
  endfacet
  facet normal -0.760405965600032 0.6494480483301823 0
    outer loop
      vertex -4.3686291501015235 -5.6313708498984765 -6
      vertex -4.205572809000084 -5.440456403667957 -12
      vertex -4.3686291501015235 -5.6313708498984765 -12
    endloop
  endfacet
  facet normal -0.8526401643540924 0.5224985647159485 0
    outer loop
      vertex -4.205572809000084 -5.440456403667957 -6
      vertex -4.074389561298611 -5.226384799583275 -12
      vertex -4.205572809000084 -5.440456403667957 -12
    endloop
  endfacet
  facet normal -0.6494480483301823 -0.760405965600032 0
    outer loop
      vertex -4.3686291501015235 -3.3686291501015235 -6
      vertex -4.559543596332043 -3.205572809000084 -12
      vertex -4.3686291501015235 -3.3686291501015235 -12
    endloop
  endfacet
  facet normal -0.760405965600032 -0.6494480483301823 0
    outer loop
      vertex -4.205572809000084 -3.559543596332043 -6
      vertex -4.3686291501015235 -3.3686291501015235 -12
      vertex -4.205572809000084 -3.559543596332043 -12
    endloop
  endfacet
  facet normal -0.923879532511287 0.382683432365089 0
    outer loop
      vertex -4.074389561298611 -5.226384799583275 -6
      vertex -3.9783095739277545 -4.994427190999916 -12
      vertex -4.074389561298611 -5.226384799583275 -12
    endloop
  endfacet
  facet normal -0.9723699203976763 0.23344536385590686 0
    outer loop
      vertex -3.9783095739277545 -4.994427190999916 -6
      vertex -3.9196986550477795 -4.75029514406437 -12
      vertex -3.9783095739277545 -4.994427190999916 -12
    endloop
  endfacet
  facet normal -0.8526401643540921 -0.5224985647159492 0
    outer loop
      vertex -4.074389561298611 -3.773615200416725 -6
      vertex -4.205572809000084 -3.559543596332043 -12
      vertex -4.074389561298611 -3.773615200416725 -12
    endloop
  endfacet
  facet normal -0.9238795325112874 -0.38268343236508845 0
    outer loop
      vertex -3.9783095739277545 -4.005572809000084 -6
      vertex -4.074389561298611 -3.773615200416725 -12
      vertex -3.9783095739277545 -4.005572809000084 -12
    endloop
  endfacet
  facet normal -0.9969173337331281 0.07845909572784458 0
    outer loop
      vertex -3.9196986550477795 -4.75029514406437 -6
      vertex -3.9 -4.5 -12
      vertex -3.9196986550477795 -4.75029514406437 -12
    endloop
  endfacet
  facet normal -0.9723699203976763 -0.23344536385590686 0
    outer loop
      vertex -3.9196986550477795 -4.24970485593563 -6
      vertex -3.9783095739277545 -4.005572809000084 -12
      vertex -3.9196986550477795 -4.24970485593563 -12
    endloop
  endfacet
  facet normal -0.9969173337331281 -0.07845909572784458 0
    outer loop
      vertex -3.9 -4.5 -6
      vertex -3.9196986550477795 -4.24970485593563 -12
      vertex -3.9 -4.5 -12
    endloop
  endfacet
  facet normal 0.9723699203976768 0.2334453638559052 -1.865580664323453e-19
    outer loop
      vertex -7.08030134495222 -4.75029514406437 -6
      vertex -7.0216904260722455 -4.994427190999916 -6
      vertex -7.0216904260722455 -4.994427190999916 -12
    endloop
  endfacet
  facet normal 0.923879532511287 0.382683432365089 1.7720405791691894e-19
    outer loop
      vertex -7.0216904260722455 -4.994427190999916 -6
      vertex -6.925610438701389 -5.226384799583275 -6
      vertex -6.925610438701389 -5.226384799583275 -12
    endloop
  endfacet
  facet normal 0.9969173337331281 -0.07845909572784458 -3.468577627712994e-20
    outer loop
      vertex -7.08030134495222 -4.24970485593563 -6
      vertex -7.1 -4.5 -6
      vertex -7.1 -4.5 -12
    endloop
  endfacet
  facet normal 0.9969173337331281 0.07845909572784458 3.468577627712994e-20
    outer loop
      vertex -7.1 -4.5 -6
      vertex -7.08030134495222 -4.75029514406437 -6
      vertex -7.08030134495222 -4.75029514406437 -12
    endloop
  endfacet
  facet normal 0.9723699203976768 -0.2334453638559052 1.865580664323453e-19
    outer loop
      vertex -7.0216904260722455 -4.005572809000084 -6
      vertex -7.08030134495222 -4.24970485593563 -6
      vertex -7.08030134495222 -4.24970485593563 -12
    endloop
  endfacet
  facet normal 0.9238795325112874 -0.38268343236508845 5.096733956077927e-19
    outer loop
      vertex -6.925610438701389 -3.773615200416725 -6
      vertex -7.0216904260722455 -4.005572809000084 -6
      vertex -7.0216904260722455 -4.005572809000084 -12
    endloop
  endfacet
  facet normal 0.8526401643540921 -0.5224985647159492 9.26770652099229e-19
    outer loop
      vertex -6.794427190999916 -3.559543596332043 -6
      vertex -6.925610438701389 -3.773615200416725 -6
      vertex -6.925610438701389 -3.773615200416725 -12
    endloop
  endfacet
  facet normal 0.8526401643540924 0.5224985647159485 -4.46469048768971e-19
    outer loop
      vertex -6.925610438701389 -5.226384799583275 -6
      vertex -6.794427190999916 -5.440456403667957 -6
      vertex -6.794427190999916 -5.440456403667957 -12
    endloop
  endfacet
  facet normal 0.760405965600032 0.6494480483301823 9.922183954820626e-19
    outer loop
      vertex -6.794427190999916 -5.440456403667957 -6
      vertex -6.6313708498984765 -5.6313708498984765 -6
      vertex -6.6313708498984765 -5.6313708498984765 -12
    endloop
  endfacet
  facet normal 0.760405965600032 -0.6494480483301823 -9.922183954820626e-19
    outer loop
      vertex -6.6313708498984765 -3.3686291501015235 -6
      vertex -6.794427190999916 -3.559543596332043 -6
      vertex -6.794427190999916 -3.559543596332043 -12
    endloop
  endfacet
  facet normal 0.6494480483301823 -0.760405965600032 -9.922183954820626e-19
    outer loop
      vertex -6.440456403667957 -3.205572809000084 -6
      vertex -6.6313708498984765 -3.3686291501015235 -6
      vertex -6.6313708498984765 -3.3686291501015235 -12
    endloop
  endfacet
  facet normal 0.6494480483301823 0.760405965600032 9.922183954820626e-19
    outer loop
      vertex -6.6313708498984765 -5.6313708498984765 -6
      vertex -6.440456403667957 -5.794427190999916 -6
      vertex -6.440456403667957 -5.794427190999916 -12
    endloop
  endfacet
  facet normal 0.5224985647159485 0.8526401643540924 -4.46469048768971e-19
    outer loop
      vertex -6.440456403667957 -5.794427190999916 -6
      vertex -6.226384799583275 -5.925610438701389 -6
      vertex -6.226384799583275 -5.925610438701389 -12
    endloop
  endfacet
  facet normal 0.5224985647159485 -0.8526401643540924 4.46469048768971e-19
    outer loop
      vertex -6.226384799583275 -3.074389561298611 -6
      vertex -6.440456403667957 -3.205572809000084 -6
      vertex -6.440456403667957 -3.205572809000084 -12
    endloop
  endfacet
  facet normal 0.382683432365089 0.923879532511287 1.7720405791691894e-19
    outer loop
      vertex -6.226384799583275 -5.925610438701389 -6
      vertex -5.994427190999916 -6.0216904260722455 -6
      vertex -5.994427190999916 -6.0216904260722455 -12
    endloop
  endfacet
  facet normal 0.382683432365089 -0.923879532511287 -1.7720405791691894e-19
    outer loop
      vertex -5.994427190999916 -2.9783095739277545 -6
      vertex -6.226384799583275 -3.074389561298611 -6
      vertex -6.226384799583275 -3.074389561298611 -12
    endloop
  endfacet
  facet normal 0.23344536385590686 -0.9723699203976763 -3.9174961983978103e-19
    outer loop
      vertex -5.75029514406437 -2.9196986550477795 -6
      vertex -5.994427190999916 -2.9783095739277545 -6
      vertex -5.994427190999916 -2.9783095739277545 -12
    endloop
  endfacet
  facet normal 0.2334453638559052 0.9723699203976768 -1.865580664323453e-19
    outer loop
      vertex -5.994427190999916 -6.0216904260722455 -6
      vertex -5.75029514406437 -6.08030134495222 -6
      vertex -5.75029514406437 -6.08030134495222 -12
    endloop
  endfacet
  facet normal 0.07845909572784458 0.9969173337331281 3.468577627712994e-20
    outer loop
      vertex -5.75029514406437 -6.08030134495222 -6
      vertex -5.5 -6.1 -6
      vertex -5.5 -6.1 -12
    endloop
  endfacet
  facet normal 0.07845909572784458 -0.9969173337331281 -3.468577627712994e-20
    outer loop
      vertex -5.5 -2.9 -6
      vertex -5.75029514406437 -2.9196986550477795 -6
      vertex -5.75029514406437 -2.9196986550477795 -12
    endloop
  endfacet
  facet normal -0.07845909572784458 0.9969173337331281 -3.468577627712994e-20
    outer loop
      vertex -5.5 -6.1 -6
      vertex -5.24970485593563 -6.08030134495222 -6
      vertex -5.24970485593563 -6.08030134495222 -12
    endloop
  endfacet
  facet normal -0.07845909572784458 -0.9969173337331281 3.468577627712994e-20
    outer loop
      vertex -5.24970485593563 -2.9196986550477795 -6
      vertex -5.5 -2.9 -6
      vertex -5.5 -2.9 -12
    endloop
  endfacet
  facet normal -0.23344536385590686 -0.9723699203976763 3.9174961983978103e-19
    outer loop
      vertex -5.005572809000084 -2.9783095739277545 -6
      vertex -5.24970485593563 -2.9196986550477795 -6
      vertex -5.24970485593563 -2.9196986550477795 -12
    endloop
  endfacet
  facet normal -0.2334453638559052 0.9723699203976768 1.865580664323453e-19
    outer loop
      vertex -5.24970485593563 -6.08030134495222 -6
      vertex -5.005572809000084 -6.0216904260722455 -6
      vertex -5.005572809000084 -6.0216904260722455 -12
    endloop
  endfacet
  facet normal -0.382683432365089 0.923879532511287 -1.7720405791691894e-19
    outer loop
      vertex -5.005572809000084 -6.0216904260722455 -6
      vertex -4.773615200416725 -5.925610438701389 -6
      vertex -4.773615200416725 -5.925610438701389 -12
    endloop
  endfacet
  facet normal -0.382683432365089 -0.923879532511287 1.7720405791691894e-19
    outer loop
      vertex -4.773615200416725 -3.074389561298611 -6
      vertex -5.005572809000084 -2.9783095739277545 -6
      vertex -5.005572809000084 -2.9783095739277545 -12
    endloop
  endfacet
  facet normal -0.5224985647159485 0.8526401643540924 4.46469048768971e-19
    outer loop
      vertex -4.773615200416725 -5.925610438701389 -6
      vertex -4.559543596332043 -5.794427190999916 -6
      vertex -4.559543596332043 -5.794427190999916 -12
    endloop
  endfacet
  facet normal -0.5224985647159485 -0.8526401643540924 -4.46469048768971e-19
    outer loop
      vertex -4.559543596332043 -3.205572809000084 -6
      vertex -4.773615200416725 -3.074389561298611 -6
      vertex -4.773615200416725 -3.074389561298611 -12
    endloop
  endfacet
  facet normal -0.6494480483301823 -0.760405965600032 0
    outer loop
      vertex -4.559543596332043 -3.205572809000084 -6
      vertex -4.559543596332043 -3.205572809000084 -12
      vertex -4.3686291501015235 -3.3686291501015235 -6
    endloop
  endfacet
  facet normal -0.6494480483301823 0.760405965600032 -9.922183954820626e-19
    outer loop
      vertex -4.559543596332043 -5.794427190999916 -6
      vertex -4.3686291501015235 -5.6313708498984765 -6
      vertex -4.3686291501015235 -5.6313708498984765 -12
    endloop
  endfacet
  facet normal -0.760405965600032 0.6494480483301823 -9.922183954820626e-19
    outer loop
      vertex -4.3686291501015235 -5.6313708498984765 -6
      vertex -4.205572809000084 -5.440456403667957 -6
      vertex -4.205572809000084 -5.440456403667957 -12
    endloop
  endfacet
  facet normal -0.760405965600032 -0.6494480483301823 9.922183954820626e-19
    outer loop
      vertex -4.205572809000084 -3.559543596332043 -6
      vertex -4.3686291501015235 -3.3686291501015235 -6
      vertex -4.3686291501015235 -3.3686291501015235 -12
    endloop
  endfacet
  facet normal -0.8526401643540921 -0.5224985647159492 -9.26770652099229e-19
    outer loop
      vertex -4.074389561298611 -3.773615200416725 -6
      vertex -4.205572809000084 -3.559543596332043 -6
      vertex -4.205572809000084 -3.559543596332043 -12
    endloop
  endfacet
  facet normal -0.8526401643540924 0.5224985647159485 4.46469048768971e-19
    outer loop
      vertex -4.205572809000084 -5.440456403667957 -6
      vertex -4.074389561298611 -5.226384799583275 -6
      vertex -4.074389561298611 -5.226384799583275 -12
    endloop
  endfacet
  facet normal -0.923879532511287 0.382683432365089 -1.7720405791691894e-19
    outer loop
      vertex -4.074389561298611 -5.226384799583275 -6
      vertex -3.9783095739277545 -4.994427190999916 -6
      vertex -3.9783095739277545 -4.994427190999916 -12
    endloop
  endfacet
  facet normal -0.9723699203976763 0.23344536385590686 -3.9174961983978103e-19
    outer loop
      vertex -3.9783095739277545 -4.994427190999916 -6
      vertex -3.9196986550477795 -4.75029514406437 -6
      vertex -3.9196986550477795 -4.75029514406437 -12
    endloop
  endfacet
  facet normal -0.9238795325112874 -0.38268343236508845 -5.096733956077927e-19
    outer loop
      vertex -3.9783095739277545 -4.005572809000084 -6
      vertex -4.074389561298611 -3.773615200416725 -6
      vertex -4.074389561298611 -3.773615200416725 -12
    endloop
  endfacet
  facet normal -0.9723699203976763 -0.23344536385590686 3.9174961983978103e-19
    outer loop
      vertex -3.9196986550477795 -4.24970485593563 -6
      vertex -3.9783095739277545 -4.005572809000084 -6
      vertex -3.9783095739277545 -4.005572809000084 -12
    endloop
  endfacet
  facet normal -0.9969173337331281 -0.07845909572784458 3.468577627712994e-20
    outer loop
      vertex -3.9 -4.5 -6
      vertex -3.9196986550477795 -4.24970485593563 -6
      vertex -3.9196986550477795 -4.24970485593563 -12
    endloop
  endfacet
  facet normal -0.9969173337331281 0.07845909572784458 -3.468577627712994e-20
    outer loop
      vertex -3.9196986550477795 -4.75029514406437 -6
      vertex -3.9 -4.5 -6
      vertex -3.9 -4.5 -12
    endloop
  endfacet
  facet normal 0.9969173337331283 0.07845909572784097 -9.68773931544239e-20
    outer loop
      vertex -7.08030134495222 171.74970485593562 -12
      vertex -7.1 172 -12
      vertex -7.1 172 -6
    endloop
  endfacet
  facet normal 0.9723699203976739 0.23344536385591724 -3.4717116077853386e-20
    outer loop
      vertex -7.0216904260722455 171.50557280900009 -12
      vertex -7.08030134495222 171.74970485593562 -12
      vertex -7.08030134495222 171.74970485593562 -6
    endloop
  endfacet
  facet normal 0.9969173337331283 -0.07845909572784097 9.68773931544239e-20
    outer loop
      vertex -7.1 172 -12
      vertex -7.08030134495222 172.25029514406438 -12
      vertex -7.08030134495222 172.25029514406438 -6
    endloop
  endfacet
  facet normal 0.8526401643540741 0.5224985647159783 -2.7300571081058276e-19
    outer loop
      vertex -6.794427190999916 171.05954359633205 -12
      vertex -6.925610438701389 171.2736152004167 -12
      vertex -6.925610438701389 171.2736152004167 -6
    endloop
  endfacet
  facet normal 0.9238795325112948 0.3826834323650703 2.9892024974728057e-19
    outer loop
      vertex -6.925610438701389 171.2736152004167 -12
      vertex -7.0216904260722455 171.50557280900009 -12
      vertex -7.0216904260722455 171.50557280900009 -6
    endloop
  endfacet
  facet normal 0.9723699203976739 -0.23344536385591724 3.4717116077853386e-20
    outer loop
      vertex -7.08030134495222 172.25029514406438 -12
      vertex -7.0216904260722455 172.49442719099991 -12
      vertex -7.0216904260722455 172.49442719099991 -6
    endloop
  endfacet
  facet normal 0.9238795325112948 -0.3826834323650703 -2.9892024974728057e-19
    outer loop
      vertex -7.0216904260722455 172.49442719099991 -12
      vertex -6.925610438701389 172.7263847995833 -12
      vertex -6.925610438701389 172.7263847995833 -6
    endloop
  endfacet
  facet normal 0.7604059656000366 0.6494480483301771 4.687894068059762e-19
    outer loop
      vertex -6.6313708498984765 170.86862915010153 -12
      vertex -6.794427190999916 171.05954359633205 -12
      vertex -6.794427190999916 171.05954359633205 -6
    endloop
  endfacet
  facet normal 0.6494480483302111 0.7604059656000077 4.455156774990758e-19
    outer loop
      vertex -6.440456403667957 170.70557280900007 -12
      vertex -6.6313708498984765 170.86862915010153 -12
      vertex -6.6313708498984765 170.86862915010153 -6
    endloop
  endfacet
  facet normal 0.8526401643540741 -0.5224985647159783 2.7300571081058276e-19
    outer loop
      vertex -6.925610438701389 172.7263847995833 -12
      vertex -6.794427190999916 172.94045640366795 -12
      vertex -6.794427190999916 172.94045640366795 -6
    endloop
  endfacet
  facet normal 0.7604059656000366 -0.6494480483301771 -4.687894068059762e-19
    outer loop
      vertex -6.794427190999916 172.94045640366795 -12
      vertex -6.6313708498984765 173.13137084989847 -12
      vertex -6.6313708498984765 173.13137084989847 -6
    endloop
  endfacet
  facet normal 0.5224985647159459 0.8526401643540941 -9.017244091170089e-19
    outer loop
      vertex -6.226384799583275 170.5743895612986 -12
      vertex -6.440456403667957 170.70557280900007 -12
      vertex -6.440456403667957 170.70557280900007 -6
    endloop
  endfacet
  facet normal 0.6494480483302111 -0.7604059656000077 -4.455156774990758e-19
    outer loop
      vertex -6.6313708498984765 173.13137084989847 -12
      vertex -6.440456403667957 173.29442719099993 -12
      vertex -6.440456403667957 173.29442719099993 -6
    endloop
  endfacet
  facet normal 0.5224985647159459 -0.8526401643540941 9.017244091170089e-19
    outer loop
      vertex -6.440456403667957 173.29442719099993 -12
      vertex -6.226384799583275 173.4256104387014 -12
      vertex -6.226384799583275 173.4256104387014 -6
    endloop
  endfacet
  facet normal 0.3826834323650407 0.9238795325113071 4.0374945867328646e-19
    outer loop
      vertex -5.994427190999916 170.47830957392776 -12
      vertex -6.226384799583275 170.5743895612986 -12
      vertex -6.226384799583275 170.5743895612986 -6
    endloop
  endfacet
  facet normal 0.2334453638559721 0.9723699203976607 -8.540594618248464e-20
    outer loop
      vertex -5.75029514406437 170.41969865504777 -12
      vertex -5.994427190999916 170.47830957392776 -12
      vertex -5.994427190999916 170.47830957392776 -6
    endloop
  endfacet
  facet normal 0.3826834323650407 -0.9238795325113071 -4.0374945867328646e-19
    outer loop
      vertex -6.226384799583275 173.4256104387014 -12
      vertex -5.994427190999916 173.52169042607224 -12
      vertex -5.994427190999916 173.52169042607224 -6
    endloop
  endfacet
  facet normal 0.07845909572777425 0.9969173337331335 6.033697788560441e-20
    outer loop
      vertex -5.5 170.4 -12
      vertex -5.75029514406437 170.41969865504777 -12
      vertex -5.75029514406437 170.41969865504777 -6
    endloop
  endfacet
  facet normal 0.2334453638559721 -0.9723699203976607 8.540594618248464e-20
    outer loop
      vertex -5.994427190999916 173.52169042607224 -12
      vertex -5.75029514406437 173.58030134495223 -12
      vertex -5.75029514406437 173.58030134495223 -6
    endloop
  endfacet
  facet normal 0.07845909572777425 -0.9969173337331335 -6.033697788560441e-20
    outer loop
      vertex -5.75029514406437 173.58030134495223 -12
      vertex -5.5 173.6 -12
      vertex -5.5 173.6 -6
    endloop
  endfacet
  facet normal -0.07845909572777425 0.9969173337331335 -6.033697788560441e-20
    outer loop
      vertex -5.24970485593563 170.41969865504777 -12
      vertex -5.5 170.4 -12
      vertex -5.5 170.4 -6
    endloop
  endfacet
  facet normal -0.2334453638559721 0.9723699203976607 8.540594618248464e-20
    outer loop
      vertex -5.005572809000084 170.47830957392776 -12
      vertex -5.24970485593563 170.41969865504777 -12
      vertex -5.24970485593563 170.41969865504777 -6
    endloop
  endfacet
  facet normal -0.07845909572777425 -0.9969173337331335 6.033697788560441e-20
    outer loop
      vertex -5.5 173.6 -12
      vertex -5.24970485593563 173.58030134495223 -12
      vertex -5.24970485593563 173.58030134495223 -6
    endloop
  endfacet
  facet normal -0.3826834323650407 0.9238795325113071 -4.0374945867328646e-19
    outer loop
      vertex -4.773615200416725 170.5743895612986 -12
      vertex -5.005572809000084 170.47830957392776 -12
      vertex -5.005572809000084 170.47830957392776 -6
    endloop
  endfacet
  facet normal -0.2334453638559721 -0.9723699203976607 -8.540594618248464e-20
    outer loop
      vertex -5.24970485593563 173.58030134495223 -12
      vertex -5.005572809000084 173.52169042607224 -12
      vertex -5.005572809000084 173.52169042607224 -6
    endloop
  endfacet
  facet normal -0.3826834323650407 -0.9238795325113071 4.0374945867328646e-19
    outer loop
      vertex -5.005572809000084 173.52169042607224 -12
      vertex -4.773615200416725 173.4256104387014 -12
      vertex -4.773615200416725 173.4256104387014 -6
    endloop
  endfacet
  facet normal -0.5224985647159459 0.8526401643540941 9.017244091170089e-19
    outer loop
      vertex -4.559543596332043 170.70557280900007 -12
      vertex -4.773615200416725 170.5743895612986 -12
      vertex -4.773615200416725 170.5743895612986 -6
    endloop
  endfacet
  facet normal -0.6494480483302111 0.7604059656000077 0
    outer loop
      vertex -4.559543596332043 170.70557280900007 -12
      vertex -4.559543596332043 170.70557280900007 -6
      vertex -4.3686291501015235 170.86862915010153 -12
    endloop
  endfacet
  facet normal -0.5224985647159459 -0.8526401643540941 -9.017244091170089e-19
    outer loop
      vertex -4.773615200416725 173.4256104387014 -12
      vertex -4.559543596332043 173.29442719099993 -12
      vertex -4.559543596332043 173.29442719099993 -6
    endloop
  endfacet
  facet normal -0.7604059656000366 0.6494480483301771 -4.687894068059762e-19
    outer loop
      vertex -4.205572809000084 171.05954359633205 -12
      vertex -4.3686291501015235 170.86862915010153 -12
      vertex -4.3686291501015235 170.86862915010153 -6
    endloop
  endfacet
  facet normal -0.8526401643540741 0.5224985647159783 2.7300571081058276e-19
    outer loop
      vertex -4.074389561298611 171.2736152004167 -12
      vertex -4.205572809000084 171.05954359633205 -12
      vertex -4.205572809000084 171.05954359633205 -6
    endloop
  endfacet
  facet normal -0.6494480483302111 -0.7604059656000077 4.455156774990758e-19
    outer loop
      vertex -4.559543596332043 173.29442719099993 -12
      vertex -4.3686291501015235 173.13137084989847 -12
      vertex -4.3686291501015235 173.13137084989847 -6
    endloop
  endfacet
  facet normal -0.7604059656000366 -0.6494480483301771 4.687894068059762e-19
    outer loop
      vertex -4.3686291501015235 173.13137084989847 -12
      vertex -4.205572809000084 172.94045640366795 -12
      vertex -4.205572809000084 172.94045640366795 -6
    endloop
  endfacet
  facet normal -0.9238795325112948 0.3826834323650703 -2.9892024974728057e-19
    outer loop
      vertex -3.9783095739277545 171.50557280900009 -12
      vertex -4.074389561298611 171.2736152004167 -12
      vertex -4.074389561298611 171.2736152004167 -6
    endloop
  endfacet
  facet normal -0.8526401643540741 -0.5224985647159783 -2.7300571081058276e-19
    outer loop
      vertex -4.205572809000084 172.94045640366795 -12
      vertex -4.074389561298611 172.7263847995833 -12
      vertex -4.074389561298611 172.7263847995833 -6
    endloop
  endfacet
  facet normal -0.9723699203976734 0.2334453638559189 -5.435905701982302e-19
    outer loop
      vertex -3.9196986550477795 171.74970485593562 -12
      vertex -3.9783095739277545 171.50557280900009 -12
      vertex -3.9783095739277545 171.50557280900009 -6
    endloop
  endfacet
  facet normal -0.9238795325112948 -0.3826834323650703 2.9892024974728057e-19
    outer loop
      vertex -4.074389561298611 172.7263847995833 -12
      vertex -3.9783095739277545 172.49442719099991 -12
      vertex -3.9783095739277545 172.49442719099991 -6
    endloop
  endfacet
  facet normal -0.9969173337331283 0.07845909572784097 9.68773931544239e-20
    outer loop
      vertex -3.9 172 -12
      vertex -3.9196986550477795 171.74970485593562 -12
      vertex -3.9196986550477795 171.74970485593562 -6
    endloop
  endfacet
  facet normal -0.9723699203976734 -0.2334453638559189 5.435905701982302e-19
    outer loop
      vertex -3.9783095739277545 172.49442719099991 -12
      vertex -3.9196986550477795 172.25029514406438 -12
      vertex -3.9196986550477795 172.25029514406438 -6
    endloop
  endfacet
  facet normal -0.9969173337331283 -0.07845909572784097 -9.68773931544239e-20
    outer loop
      vertex -3.9196986550477795 172.25029514406438 -12
      vertex -3.9 172 -12
      vertex -3.9 172 -6
    endloop
  endfacet
  facet normal 0.9969173337331283 0.07845909572784097 0
    outer loop
      vertex -7.08030134495222 171.74970485593562 -12
      vertex -7.1 172 -6
      vertex -7.08030134495222 171.74970485593562 -6
    endloop
  endfacet
  facet normal 0.9969173337331283 -0.07845909572784097 0
    outer loop
      vertex -7.1 172 -12
      vertex -7.08030134495222 172.25029514406438 -6
      vertex -7.1 172 -6
    endloop
  endfacet
  facet normal 0.9723699203976739 -0.23344536385591724 0
    outer loop
      vertex -7.08030134495222 172.25029514406438 -12
      vertex -7.0216904260722455 172.49442719099991 -6
      vertex -7.08030134495222 172.25029514406438 -6
    endloop
  endfacet
  facet normal 0.9723699203976739 0.23344536385591724 0
    outer loop
      vertex -7.0216904260722455 171.50557280900009 -12
      vertex -7.08030134495222 171.74970485593562 -6
      vertex -7.0216904260722455 171.50557280900009 -6
    endloop
  endfacet
  facet normal 0.9238795325112948 -0.3826834323650703 0
    outer loop
      vertex -7.0216904260722455 172.49442719099991 -12
      vertex -6.925610438701389 172.7263847995833 -6
      vertex -7.0216904260722455 172.49442719099991 -6
    endloop
  endfacet
  facet normal 0.9238795325112948 0.3826834323650703 0
    outer loop
      vertex -6.925610438701389 171.2736152004167 -12
      vertex -7.0216904260722455 171.50557280900009 -6
      vertex -6.925610438701389 171.2736152004167 -6
    endloop
  endfacet
  facet normal 0.8526401643540741 -0.5224985647159783 0
    outer loop
      vertex -6.925610438701389 172.7263847995833 -12
      vertex -6.794427190999916 172.94045640366795 -6
      vertex -6.925610438701389 172.7263847995833 -6
    endloop
  endfacet
  facet normal 0.8526401643540741 0.5224985647159783 0
    outer loop
      vertex -6.794427190999916 171.05954359633205 -12
      vertex -6.925610438701389 171.2736152004167 -6
      vertex -6.794427190999916 171.05954359633205 -6
    endloop
  endfacet
  facet normal 0.7604059656000366 0.6494480483301771 0
    outer loop
      vertex -6.6313708498984765 170.86862915010153 -12
      vertex -6.794427190999916 171.05954359633205 -6
      vertex -6.6313708498984765 170.86862915010153 -6
    endloop
  endfacet
  facet normal 0.7604059656000366 -0.6494480483301771 0
    outer loop
      vertex -6.794427190999916 172.94045640366795 -12
      vertex -6.6313708498984765 173.13137084989847 -6
      vertex -6.794427190999916 172.94045640366795 -6
    endloop
  endfacet
  facet normal 0.6494480483302111 -0.7604059656000077 0
    outer loop
      vertex -6.6313708498984765 173.13137084989847 -12
      vertex -6.440456403667957 173.29442719099993 -6
      vertex -6.6313708498984765 173.13137084989847 -6
    endloop
  endfacet
  facet normal 0.6494480483302111 0.7604059656000077 0
    outer loop
      vertex -6.440456403667957 170.70557280900007 -12
      vertex -6.6313708498984765 170.86862915010153 -6
      vertex -6.440456403667957 170.70557280900007 -6
    endloop
  endfacet
  facet normal 0.5224985647159459 0.8526401643540941 0
    outer loop
      vertex -6.226384799583275 170.5743895612986 -12
      vertex -6.440456403667957 170.70557280900007 -6
      vertex -6.226384799583275 170.5743895612986 -6
    endloop
  endfacet
  facet normal 0.5224985647159459 -0.8526401643540941 0
    outer loop
      vertex -6.440456403667957 173.29442719099993 -12
      vertex -6.226384799583275 173.4256104387014 -6
      vertex -6.440456403667957 173.29442719099993 -6
    endloop
  endfacet
  facet normal 0.3826834323650407 0.9238795325113071 0
    outer loop
      vertex -5.994427190999916 170.47830957392776 -12
      vertex -6.226384799583275 170.5743895612986 -6
      vertex -5.994427190999916 170.47830957392776 -6
    endloop
  endfacet
  facet normal 0.3826834323650407 -0.9238795325113071 0
    outer loop
      vertex -6.226384799583275 173.4256104387014 -12
      vertex -5.994427190999916 173.52169042607224 -6
      vertex -6.226384799583275 173.4256104387014 -6
    endloop
  endfacet
  facet normal 0.2334453638559721 -0.9723699203976607 0
    outer loop
      vertex -5.994427190999916 173.52169042607224 -12
      vertex -5.75029514406437 173.58030134495223 -6
      vertex -5.994427190999916 173.52169042607224 -6
    endloop
  endfacet
  facet normal 0.2334453638559721 0.9723699203976607 0
    outer loop
      vertex -5.75029514406437 170.41969865504777 -12
      vertex -5.994427190999916 170.47830957392776 -6
      vertex -5.75029514406437 170.41969865504777 -6
    endloop
  endfacet
  facet normal 0.07845909572777425 0.9969173337331335 0
    outer loop
      vertex -5.5 170.4 -12
      vertex -5.75029514406437 170.41969865504777 -6
      vertex -5.5 170.4 -6
    endloop
  endfacet
  facet normal 0.07845909572777425 -0.9969173337331335 0
    outer loop
      vertex -5.75029514406437 173.58030134495223 -12
      vertex -5.5 173.6 -6
      vertex -5.75029514406437 173.58030134495223 -6
    endloop
  endfacet
  facet normal -0.07845909572777425 0.9969173337331335 0
    outer loop
      vertex -5.24970485593563 170.41969865504777 -12
      vertex -5.5 170.4 -6
      vertex -5.24970485593563 170.41969865504777 -6
    endloop
  endfacet
  facet normal -0.07845909572777425 -0.9969173337331335 0
    outer loop
      vertex -5.5 173.6 -12
      vertex -5.24970485593563 173.58030134495223 -6
      vertex -5.5 173.6 -6
    endloop
  endfacet
  facet normal -0.2334453638559721 -0.9723699203976607 0
    outer loop
      vertex -5.24970485593563 173.58030134495223 -12
      vertex -5.005572809000084 173.52169042607224 -6
      vertex -5.24970485593563 173.58030134495223 -6
    endloop
  endfacet
  facet normal -0.2334453638559721 0.9723699203976607 0
    outer loop
      vertex -5.005572809000084 170.47830957392776 -12
      vertex -5.24970485593563 170.41969865504777 -6
      vertex -5.005572809000084 170.47830957392776 -6
    endloop
  endfacet
  facet normal -0.3826834323650407 0.9238795325113071 0
    outer loop
      vertex -4.773615200416725 170.5743895612986 -12
      vertex -5.005572809000084 170.47830957392776 -6
      vertex -4.773615200416725 170.5743895612986 -6
    endloop
  endfacet
  facet normal -0.3826834323650407 -0.9238795325113071 0
    outer loop
      vertex -5.005572809000084 173.52169042607224 -12
      vertex -4.773615200416725 173.4256104387014 -6
      vertex -5.005572809000084 173.52169042607224 -6
    endloop
  endfacet
  facet normal -0.5224985647159459 0.8526401643540941 0
    outer loop
      vertex -4.559543596332043 170.70557280900007 -12
      vertex -4.773615200416725 170.5743895612986 -6
      vertex -4.559543596332043 170.70557280900007 -6
    endloop
  endfacet
  facet normal -0.5224985647159459 -0.8526401643540941 0
    outer loop
      vertex -4.773615200416725 173.4256104387014 -12
      vertex -4.559543596332043 173.29442719099993 -6
      vertex -4.773615200416725 173.4256104387014 -6
    endloop
  endfacet
  facet normal -0.6494480483302111 -0.7604059656000077 0
    outer loop
      vertex -4.559543596332043 173.29442719099993 -12
      vertex -4.3686291501015235 173.13137084989847 -6
      vertex -4.559543596332043 173.29442719099993 -6
    endloop
  endfacet
  facet normal -0.6494480483302111 0.7604059656000077 -4.455156774990758e-19
    outer loop
      vertex -4.559543596332043 170.70557280900007 -6
      vertex -4.3686291501015235 170.86862915010153 -6
      vertex -4.3686291501015235 170.86862915010153 -12
    endloop
  endfacet
  facet normal -0.7604059656000366 0.6494480483301771 0
    outer loop
      vertex -4.205572809000084 171.05954359633205 -12
      vertex -4.3686291501015235 170.86862915010153 -6
      vertex -4.205572809000084 171.05954359633205 -6
    endloop
  endfacet
  facet normal -0.7604059656000366 -0.6494480483301771 0
    outer loop
      vertex -4.3686291501015235 173.13137084989847 -12
      vertex -4.205572809000084 172.94045640366795 -6
      vertex -4.3686291501015235 173.13137084989847 -6
    endloop
  endfacet
  facet normal -0.8526401643540741 -0.5224985647159783 0
    outer loop
      vertex -4.205572809000084 172.94045640366795 -12
      vertex -4.074389561298611 172.7263847995833 -6
      vertex -4.205572809000084 172.94045640366795 -6
    endloop
  endfacet
  facet normal -0.8526401643540741 0.5224985647159783 0
    outer loop
      vertex -4.074389561298611 171.2736152004167 -12
      vertex -4.205572809000084 171.05954359633205 -6
      vertex -4.074389561298611 171.2736152004167 -6
    endloop
  endfacet
  facet normal -0.9238795325112948 -0.3826834323650703 0
    outer loop
      vertex -4.074389561298611 172.7263847995833 -12
      vertex -3.9783095739277545 172.49442719099991 -6
      vertex -4.074389561298611 172.7263847995833 -6
    endloop
  endfacet
  facet normal -0.9238795325112948 0.3826834323650703 0
    outer loop
      vertex -3.9783095739277545 171.50557280900009 -12
      vertex -4.074389561298611 171.2736152004167 -6
      vertex -3.9783095739277545 171.50557280900009 -6
    endloop
  endfacet
  facet normal -0.9723699203976734 -0.2334453638559189 0
    outer loop
      vertex -3.9783095739277545 172.49442719099991 -12
      vertex -3.9196986550477795 172.25029514406438 -6
      vertex -3.9783095739277545 172.49442719099991 -6
    endloop
  endfacet
  facet normal -0.9723699203976734 0.2334453638559189 0
    outer loop
      vertex -3.9196986550477795 171.74970485593562 -12
      vertex -3.9783095739277545 171.50557280900009 -6
      vertex -3.9196986550477795 171.74970485593562 -6
    endloop
  endfacet
  facet normal -0.9969173337331283 0.07845909572784097 0
    outer loop
      vertex -3.9 172 -12
      vertex -3.9196986550477795 171.74970485593562 -6
      vertex -3.9 172 -6
    endloop
  endfacet
  facet normal -0.9969173337331283 -0.07845909572784097 0
    outer loop
      vertex -3.9196986550477795 172.25029514406438 -12
      vertex -3.9 172 -6
      vertex -3.9196986550477795 172.25029514406438 -6
    endloop
  endfacet
  facet normal 0.9723699203976763 0.23344536385590686 3.9174961983978103e-19
    outer loop
      vertex 3.9783095739277545 -4.994427190999916 -12
      vertex 3.9196986550477795 -4.75029514406437 -12
      vertex 3.9196986550477795 -4.75029514406437 -6
    endloop
  endfacet
  facet normal 0.923879532511287 0.382683432365089 1.7720405791691894e-19
    outer loop
      vertex 4.074389561298611 -5.226384799583275 -12
      vertex 3.9783095739277545 -4.994427190999916 -12
      vertex 3.9783095739277545 -4.994427190999916 -6
    endloop
  endfacet
  facet normal 0.8526401643540924 0.5224985647159485 -4.46469048768971e-19
    outer loop
      vertex 4.205572809000084 -5.440456403667957 -12
      vertex 4.074389561298611 -5.226384799583275 -12
      vertex 4.074389561298611 -5.226384799583275 -6
    endloop
  endfacet
  facet normal 0.9969173337331281 0.07845909572784458 3.468577627712994e-20
    outer loop
      vertex 3.9196986550477795 -4.75029514406437 -12
      vertex 3.9 -4.5 -12
      vertex 3.9 -4.5 -6
    endloop
  endfacet
  facet normal 0.9969173337331281 -0.07845909572784458 -3.468577627712994e-20
    outer loop
      vertex 3.9 -4.5 -12
      vertex 3.9196986550477795 -4.24970485593563 -12
      vertex 3.9196986550477795 -4.24970485593563 -6
    endloop
  endfacet
  facet normal 0.9723699203976763 -0.23344536385590686 -3.9174961983978103e-19
    outer loop
      vertex 3.9196986550477795 -4.24970485593563 -12
      vertex 3.9783095739277545 -4.005572809000084 -12
      vertex 3.9783095739277545 -4.005572809000084 -6
    endloop
  endfacet
  facet normal 0.9238795325112874 -0.38268343236508845 5.096733956077927e-19
    outer loop
      vertex 3.9783095739277545 -4.005572809000084 -12
      vertex 4.074389561298611 -3.773615200416725 -12
      vertex 4.074389561298611 -3.773615200416725 -6
    endloop
  endfacet
  facet normal 0.760405965600032 0.6494480483301823 9.922183954820626e-19
    outer loop
      vertex 4.3686291501015235 -5.6313708498984765 -12
      vertex 4.205572809000084 -5.440456403667957 -12
      vertex 4.205572809000084 -5.440456403667957 -6
    endloop
  endfacet
  facet normal 0.6494480483301823 0.760405965600032 0
    outer loop
      vertex 4.3686291501015235 -5.6313708498984765 -6
      vertex 4.559543596332043 -5.794427190999916 -12
      vertex 4.3686291501015235 -5.6313708498984765 -12
    endloop
  endfacet
  facet normal 0.8526401643540921 -0.5224985647159492 9.26770652099229e-19
    outer loop
      vertex 4.074389561298611 -3.773615200416725 -12
      vertex 4.205572809000084 -3.559543596332043 -12
      vertex 4.205572809000084 -3.559543596332043 -6
    endloop
  endfacet
  facet normal 0.760405965600032 -0.6494480483301823 -9.922183954820626e-19
    outer loop
      vertex 4.205572809000084 -3.559543596332043 -12
      vertex 4.3686291501015235 -3.3686291501015235 -12
      vertex 4.3686291501015235 -3.3686291501015235 -6
    endloop
  endfacet
  facet normal 0.5224985647159485 0.8526401643540924 -4.46469048768971e-19
    outer loop
      vertex 4.773615200416725 -5.925610438701389 -12
      vertex 4.559543596332043 -5.794427190999916 -12
      vertex 4.559543596332043 -5.794427190999916 -6
    endloop
  endfacet
  facet normal 0.6494480483301823 -0.760405965600032 -9.922183954820626e-19
    outer loop
      vertex 4.3686291501015235 -3.3686291501015235 -12
      vertex 4.559543596332043 -3.205572809000084 -12
      vertex 4.559543596332043 -3.205572809000084 -6
    endloop
  endfacet
  facet normal 0.5224985647159485 -0.8526401643540924 4.46469048768971e-19
    outer loop
      vertex 4.559543596332043 -3.205572809000084 -12
      vertex 4.773615200416725 -3.074389561298611 -12
      vertex 4.773615200416725 -3.074389561298611 -6
    endloop
  endfacet
  facet normal 0.382683432365089 0.923879532511287 1.7720405791691894e-19
    outer loop
      vertex 5.005572809000084 -6.0216904260722455 -12
      vertex 4.773615200416725 -5.925610438701389 -12
      vertex 4.773615200416725 -5.925610438701389 -6
    endloop
  endfacet
  facet normal 0.2334453638559052 0.9723699203976768 -1.865580664323453e-19
    outer loop
      vertex 5.24970485593563 -6.08030134495222 -12
      vertex 5.005572809000084 -6.0216904260722455 -12
      vertex 5.005572809000084 -6.0216904260722455 -6
    endloop
  endfacet
  facet normal 0.382683432365089 -0.923879532511287 -1.7720405791691894e-19
    outer loop
      vertex 4.773615200416725 -3.074389561298611 -12
      vertex 5.005572809000084 -2.9783095739277545 -12
      vertex 5.005572809000084 -2.9783095739277545 -6
    endloop
  endfacet
  facet normal 0.07845909572784458 0.9969173337331281 3.468577627712994e-20
    outer loop
      vertex 5.5 -6.1 -12
      vertex 5.24970485593563 -6.08030134495222 -12
      vertex 5.24970485593563 -6.08030134495222 -6
    endloop
  endfacet
  facet normal 0.23344536385590686 -0.9723699203976763 -3.9174961983978103e-19
    outer loop
      vertex 5.005572809000084 -2.9783095739277545 -12
      vertex 5.24970485593563 -2.9196986550477795 -12
      vertex 5.24970485593563 -2.9196986550477795 -6
    endloop
  endfacet
  facet normal 0.07845909572784458 -0.9969173337331281 -3.468577627712994e-20
    outer loop
      vertex 5.24970485593563 -2.9196986550477795 -12
      vertex 5.5 -2.9 -12
      vertex 5.5 -2.9 -6
    endloop
  endfacet
  facet normal -0.07845909572784458 0.9969173337331281 -3.468577627712994e-20
    outer loop
      vertex 5.75029514406437 -6.08030134495222 -12
      vertex 5.5 -6.1 -12
      vertex 5.5 -6.1 -6
    endloop
  endfacet
  facet normal -0.2334453638559052 0.9723699203976768 1.865580664323453e-19
    outer loop
      vertex 5.994427190999916 -6.0216904260722455 -12
      vertex 5.75029514406437 -6.08030134495222 -12
      vertex 5.75029514406437 -6.08030134495222 -6
    endloop
  endfacet
  facet normal -0.07845909572784458 -0.9969173337331281 3.468577627712994e-20
    outer loop
      vertex 5.5 -2.9 -12
      vertex 5.75029514406437 -2.9196986550477795 -12
      vertex 5.75029514406437 -2.9196986550477795 -6
    endloop
  endfacet
  facet normal -0.382683432365089 0.923879532511287 -1.7720405791691894e-19
    outer loop
      vertex 6.226384799583275 -5.925610438701389 -12
      vertex 5.994427190999916 -6.0216904260722455 -12
      vertex 5.994427190999916 -6.0216904260722455 -6
    endloop
  endfacet
  facet normal -0.23344536385590686 -0.9723699203976763 3.9174961983978103e-19
    outer loop
      vertex 5.75029514406437 -2.9196986550477795 -12
      vertex 5.994427190999916 -2.9783095739277545 -12
      vertex 5.994427190999916 -2.9783095739277545 -6
    endloop
  endfacet
  facet normal -0.382683432365089 -0.923879532511287 1.7720405791691894e-19
    outer loop
      vertex 5.994427190999916 -2.9783095739277545 -12
      vertex 6.226384799583275 -3.074389561298611 -12
      vertex 6.226384799583275 -3.074389561298611 -6
    endloop
  endfacet
  facet normal -0.5224985647159485 0.8526401643540924 4.46469048768971e-19
    outer loop
      vertex 6.440456403667957 -5.794427190999916 -12
      vertex 6.226384799583275 -5.925610438701389 -12
      vertex 6.226384799583275 -5.925610438701389 -6
    endloop
  endfacet
  facet normal -0.6494480483301823 0.760405965600032 -9.922183954820626e-19
    outer loop
      vertex 6.6313708498984765 -5.6313708498984765 -12
      vertex 6.440456403667957 -5.794427190999916 -12
      vertex 6.440456403667957 -5.794427190999916 -6
    endloop
  endfacet
  facet normal -0.5224985647159485 -0.8526401643540924 -4.46469048768971e-19
    outer loop
      vertex 6.226384799583275 -3.074389561298611 -12
      vertex 6.440456403667957 -3.205572809000084 -12
      vertex 6.440456403667957 -3.205572809000084 -6
    endloop
  endfacet
  facet normal -0.760405965600032 0.6494480483301823 -9.922183954820626e-19
    outer loop
      vertex 6.794427190999916 -5.440456403667957 -12
      vertex 6.6313708498984765 -5.6313708498984765 -12
      vertex 6.6313708498984765 -5.6313708498984765 -6
    endloop
  endfacet
  facet normal -0.8526401643540924 0.5224985647159485 4.46469048768971e-19
    outer loop
      vertex 6.925610438701389 -5.226384799583275 -12
      vertex 6.794427190999916 -5.440456403667957 -12
      vertex 6.794427190999916 -5.440456403667957 -6
    endloop
  endfacet
  facet normal -0.6494480483301823 -0.760405965600032 9.922183954820626e-19
    outer loop
      vertex 6.440456403667957 -3.205572809000084 -12
      vertex 6.6313708498984765 -3.3686291501015235 -12
      vertex 6.6313708498984765 -3.3686291501015235 -6
    endloop
  endfacet
  facet normal -0.760405965600032 -0.6494480483301823 9.922183954820626e-19
    outer loop
      vertex 6.6313708498984765 -3.3686291501015235 -12
      vertex 6.794427190999916 -3.559543596332043 -12
      vertex 6.794427190999916 -3.559543596332043 -6
    endloop
  endfacet
  facet normal -0.923879532511287 0.382683432365089 -1.7720405791691894e-19
    outer loop
      vertex 7.0216904260722455 -4.994427190999916 -12
      vertex 6.925610438701389 -5.226384799583275 -12
      vertex 6.925610438701389 -5.226384799583275 -6
    endloop
  endfacet
  facet normal -0.9723699203976768 0.2334453638559052 1.865580664323453e-19
    outer loop
      vertex 7.08030134495222 -4.75029514406437 -12
      vertex 7.0216904260722455 -4.994427190999916 -12
      vertex 7.0216904260722455 -4.994427190999916 -6
    endloop
  endfacet
  facet normal -0.8526401643540921 -0.5224985647159492 -9.26770652099229e-19
    outer loop
      vertex 6.794427190999916 -3.559543596332043 -12
      vertex 6.925610438701389 -3.773615200416725 -12
      vertex 6.925610438701389 -3.773615200416725 -6
    endloop
  endfacet
  facet normal -0.9238795325112874 -0.38268343236508845 -5.096733956077927e-19
    outer loop
      vertex 6.925610438701389 -3.773615200416725 -12
      vertex 7.0216904260722455 -4.005572809000084 -12
      vertex 7.0216904260722455 -4.005572809000084 -6
    endloop
  endfacet
  facet normal -0.9969173337331281 0.07845909572784458 -3.468577627712994e-20
    outer loop
      vertex 7.1 -4.5 -12
      vertex 7.08030134495222 -4.75029514406437 -12
      vertex 7.08030134495222 -4.75029514406437 -6
    endloop
  endfacet
  facet normal -0.9723699203976768 -0.2334453638559052 -1.865580664323453e-19
    outer loop
      vertex 7.0216904260722455 -4.005572809000084 -12
      vertex 7.08030134495222 -4.24970485593563 -12
      vertex 7.08030134495222 -4.24970485593563 -6
    endloop
  endfacet
  facet normal -0.9969173337331281 -0.07845909572784458 3.468577627712994e-20
    outer loop
      vertex 7.08030134495222 -4.24970485593563 -12
      vertex 7.1 -4.5 -12
      vertex 7.1 -4.5 -6
    endloop
  endfacet
  facet normal 0.9723699203976763 0.23344536385590686 0
    outer loop
      vertex 3.9783095739277545 -4.994427190999916 -6
      vertex 3.9783095739277545 -4.994427190999916 -12
      vertex 3.9196986550477795 -4.75029514406437 -6
    endloop
  endfacet
  facet normal 0.923879532511287 0.382683432365089 0
    outer loop
      vertex 4.074389561298611 -5.226384799583275 -6
      vertex 4.074389561298611 -5.226384799583275 -12
      vertex 3.9783095739277545 -4.994427190999916 -6
    endloop
  endfacet
  facet normal 0.9969173337331281 -0.07845909572784458 0
    outer loop
      vertex 3.9 -4.5 -6
      vertex 3.9 -4.5 -12
      vertex 3.9196986550477795 -4.24970485593563 -6
    endloop
  endfacet
  facet normal 0.9969173337331281 0.07845909572784458 0
    outer loop
      vertex 3.9196986550477795 -4.75029514406437 -6
      vertex 3.9196986550477795 -4.75029514406437 -12
      vertex 3.9 -4.5 -6
    endloop
  endfacet
  facet normal 0.9723699203976763 -0.23344536385590686 0
    outer loop
      vertex 3.9196986550477795 -4.24970485593563 -6
      vertex 3.9196986550477795 -4.24970485593563 -12
      vertex 3.9783095739277545 -4.005572809000084 -6
    endloop
  endfacet
  facet normal 0.9238795325112874 -0.38268343236508845 0
    outer loop
      vertex 3.9783095739277545 -4.005572809000084 -6
      vertex 3.9783095739277545 -4.005572809000084 -12
      vertex 4.074389561298611 -3.773615200416725 -6
    endloop
  endfacet
  facet normal 0.8526401643540921 -0.5224985647159492 0
    outer loop
      vertex 4.074389561298611 -3.773615200416725 -6
      vertex 4.074389561298611 -3.773615200416725 -12
      vertex 4.205572809000084 -3.559543596332043 -6
    endloop
  endfacet
  facet normal 0.8526401643540924 0.5224985647159485 0
    outer loop
      vertex 4.205572809000084 -5.440456403667957 -6
      vertex 4.205572809000084 -5.440456403667957 -12
      vertex 4.074389561298611 -5.226384799583275 -6
    endloop
  endfacet
  facet normal 0.760405965600032 0.6494480483301823 0
    outer loop
      vertex 4.3686291501015235 -5.6313708498984765 -6
      vertex 4.3686291501015235 -5.6313708498984765 -12
      vertex 4.205572809000084 -5.440456403667957 -6
    endloop
  endfacet
  facet normal 0.760405965600032 -0.6494480483301823 0
    outer loop
      vertex 4.205572809000084 -3.559543596332043 -6
      vertex 4.205572809000084 -3.559543596332043 -12
      vertex 4.3686291501015235 -3.3686291501015235 -6
    endloop
  endfacet
  facet normal 0.6494480483301823 -0.760405965600032 0
    outer loop
      vertex 4.3686291501015235 -3.3686291501015235 -6
      vertex 4.3686291501015235 -3.3686291501015235 -12
      vertex 4.559543596332043 -3.205572809000084 -6
    endloop
  endfacet
  facet normal 0.6494480483301823 0.760405965600032 9.922183954820626e-19
    outer loop
      vertex 4.3686291501015235 -5.6313708498984765 -6
      vertex 4.559543596332043 -5.794427190999916 -6
      vertex 4.559543596332043 -5.794427190999916 -12
    endloop
  endfacet
  facet normal 0.5224985647159485 0.8526401643540924 0
    outer loop
      vertex 4.773615200416725 -5.925610438701389 -6
      vertex 4.773615200416725 -5.925610438701389 -12
      vertex 4.559543596332043 -5.794427190999916 -6
    endloop
  endfacet
  facet normal 0.5224985647159485 -0.8526401643540924 0
    outer loop
      vertex 4.559543596332043 -3.205572809000084 -6
      vertex 4.559543596332043 -3.205572809000084 -12
      vertex 4.773615200416725 -3.074389561298611 -6
    endloop
  endfacet
  facet normal 0.382683432365089 0.923879532511287 0
    outer loop
      vertex 5.005572809000084 -6.0216904260722455 -6
      vertex 5.005572809000084 -6.0216904260722455 -12
      vertex 4.773615200416725 -5.925610438701389 -6
    endloop
  endfacet
  facet normal 0.382683432365089 -0.923879532511287 0
    outer loop
      vertex 4.773615200416725 -3.074389561298611 -6
      vertex 4.773615200416725 -3.074389561298611 -12
      vertex 5.005572809000084 -2.9783095739277545 -6
    endloop
  endfacet
  facet normal 0.23344536385590686 -0.9723699203976763 0
    outer loop
      vertex 5.005572809000084 -2.9783095739277545 -6
      vertex 5.005572809000084 -2.9783095739277545 -12
      vertex 5.24970485593563 -2.9196986550477795 -6
    endloop
  endfacet
  facet normal 0.2334453638559052 0.9723699203976768 0
    outer loop
      vertex 5.24970485593563 -6.08030134495222 -6
      vertex 5.24970485593563 -6.08030134495222 -12
      vertex 5.005572809000084 -6.0216904260722455 -6
    endloop
  endfacet
  facet normal 0.07845909572784458 0.9969173337331281 0
    outer loop
      vertex 5.5 -6.1 -6
      vertex 5.5 -6.1 -12
      vertex 5.24970485593563 -6.08030134495222 -6
    endloop
  endfacet
  facet normal 0.07845909572784458 -0.9969173337331281 0
    outer loop
      vertex 5.24970485593563 -2.9196986550477795 -6
      vertex 5.24970485593563 -2.9196986550477795 -12
      vertex 5.5 -2.9 -6
    endloop
  endfacet
  facet normal -0.07845909572784458 0.9969173337331281 0
    outer loop
      vertex 5.75029514406437 -6.08030134495222 -6
      vertex 5.75029514406437 -6.08030134495222 -12
      vertex 5.5 -6.1 -6
    endloop
  endfacet
  facet normal -0.07845909572784458 -0.9969173337331281 0
    outer loop
      vertex 5.5 -2.9 -6
      vertex 5.5 -2.9 -12
      vertex 5.75029514406437 -2.9196986550477795 -6
    endloop
  endfacet
  facet normal -0.23344536385590686 -0.9723699203976763 0
    outer loop
      vertex 5.75029514406437 -2.9196986550477795 -6
      vertex 5.75029514406437 -2.9196986550477795 -12
      vertex 5.994427190999916 -2.9783095739277545 -6
    endloop
  endfacet
  facet normal -0.2334453638559052 0.9723699203976768 0
    outer loop
      vertex 5.994427190999916 -6.0216904260722455 -6
      vertex 5.994427190999916 -6.0216904260722455 -12
      vertex 5.75029514406437 -6.08030134495222 -6
    endloop
  endfacet
  facet normal -0.382683432365089 0.923879532511287 0
    outer loop
      vertex 6.226384799583275 -5.925610438701389 -6
      vertex 6.226384799583275 -5.925610438701389 -12
      vertex 5.994427190999916 -6.0216904260722455 -6
    endloop
  endfacet
  facet normal -0.382683432365089 -0.923879532511287 0
    outer loop
      vertex 5.994427190999916 -2.9783095739277545 -6
      vertex 5.994427190999916 -2.9783095739277545 -12
      vertex 6.226384799583275 -3.074389561298611 -6
    endloop
  endfacet
  facet normal -0.5224985647159485 0.8526401643540924 0
    outer loop
      vertex 6.440456403667957 -5.794427190999916 -6
      vertex 6.440456403667957 -5.794427190999916 -12
      vertex 6.226384799583275 -5.925610438701389 -6
    endloop
  endfacet
  facet normal -0.5224985647159485 -0.8526401643540924 0
    outer loop
      vertex 6.226384799583275 -3.074389561298611 -6
      vertex 6.226384799583275 -3.074389561298611 -12
      vertex 6.440456403667957 -3.205572809000084 -6
    endloop
  endfacet
  facet normal -0.6494480483301823 -0.760405965600032 0
    outer loop
      vertex 6.440456403667957 -3.205572809000084 -6
      vertex 6.440456403667957 -3.205572809000084 -12
      vertex 6.6313708498984765 -3.3686291501015235 -6
    endloop
  endfacet
  facet normal -0.6494480483301823 0.760405965600032 0
    outer loop
      vertex 6.6313708498984765 -5.6313708498984765 -6
      vertex 6.6313708498984765 -5.6313708498984765 -12
      vertex 6.440456403667957 -5.794427190999916 -6
    endloop
  endfacet
  facet normal -0.760405965600032 0.6494480483301823 0
    outer loop
      vertex 6.794427190999916 -5.440456403667957 -6
      vertex 6.794427190999916 -5.440456403667957 -12
      vertex 6.6313708498984765 -5.6313708498984765 -6
    endloop
  endfacet
  facet normal -0.760405965600032 -0.6494480483301823 0
    outer loop
      vertex 6.6313708498984765 -3.3686291501015235 -6
      vertex 6.6313708498984765 -3.3686291501015235 -12
      vertex 6.794427190999916 -3.559543596332043 -6
    endloop
  endfacet
  facet normal -0.8526401643540921 -0.5224985647159492 0
    outer loop
      vertex 6.794427190999916 -3.559543596332043 -6
      vertex 6.794427190999916 -3.559543596332043 -12
      vertex 6.925610438701389 -3.773615200416725 -6
    endloop
  endfacet
  facet normal -0.8526401643540924 0.5224985647159485 0
    outer loop
      vertex 6.925610438701389 -5.226384799583275 -6
      vertex 6.925610438701389 -5.226384799583275 -12
      vertex 6.794427190999916 -5.440456403667957 -6
    endloop
  endfacet
  facet normal -0.923879532511287 0.382683432365089 0
    outer loop
      vertex 7.0216904260722455 -4.994427190999916 -6
      vertex 7.0216904260722455 -4.994427190999916 -12
      vertex 6.925610438701389 -5.226384799583275 -6
    endloop
  endfacet
  facet normal -0.9723699203976768 0.2334453638559052 0
    outer loop
      vertex 7.08030134495222 -4.75029514406437 -6
      vertex 7.08030134495222 -4.75029514406437 -12
      vertex 7.0216904260722455 -4.994427190999916 -6
    endloop
  endfacet
  facet normal -0.9238795325112874 -0.38268343236508845 0
    outer loop
      vertex 6.925610438701389 -3.773615200416725 -6
      vertex 6.925610438701389 -3.773615200416725 -12
      vertex 7.0216904260722455 -4.005572809000084 -6
    endloop
  endfacet
  facet normal -0.9723699203976768 -0.2334453638559052 0
    outer loop
      vertex 7.0216904260722455 -4.005572809000084 -6
      vertex 7.0216904260722455 -4.005572809000084 -12
      vertex 7.08030134495222 -4.24970485593563 -6
    endloop
  endfacet
  facet normal -0.9969173337331281 -0.07845909572784458 0
    outer loop
      vertex 7.08030134495222 -4.24970485593563 -6
      vertex 7.08030134495222 -4.24970485593563 -12
      vertex 7.1 -4.5 -6
    endloop
  endfacet
  facet normal -0.9969173337331281 0.07845909572784458 0
    outer loop
      vertex 7.1 -4.5 -6
      vertex 7.1 -4.5 -12
      vertex 7.08030134495222 -4.75029514406437 -6
    endloop
  endfacet
  facet normal 0.9969173337331283 0.07845909572784097 -9.68773931544239e-20
    outer loop
      vertex 3.9196986550477795 171.74970485593562 -12
      vertex 3.9 172 -12
      vertex 3.9 172 -6
    endloop
  endfacet
  facet normal 0.9723699203976734 0.2334453638559189 5.435905701982302e-19
    outer loop
      vertex 3.9783095739277545 171.50557280900009 -12
      vertex 3.9196986550477795 171.74970485593562 -12
      vertex 3.9196986550477795 171.74970485593562 -6
    endloop
  endfacet
  facet normal 0.9969173337331283 -0.07845909572784097 9.68773931544239e-20
    outer loop
      vertex 3.9 172 -12
      vertex 3.9196986550477795 172.25029514406438 -12
      vertex 3.9196986550477795 172.25029514406438 -6
    endloop
  endfacet
  facet normal 0.8526401643540741 0.5224985647159783 -2.7300571081058276e-19
    outer loop
      vertex 4.205572809000084 171.05954359633205 -12
      vertex 4.074389561298611 171.2736152004167 -12
      vertex 4.074389561298611 171.2736152004167 -6
    endloop
  endfacet
  facet normal 0.9238795325112948 0.3826834323650703 2.9892024974728057e-19
    outer loop
      vertex 4.074389561298611 171.2736152004167 -12
      vertex 3.9783095739277545 171.50557280900009 -12
      vertex 3.9783095739277545 171.50557280900009 -6
    endloop
  endfacet
  facet normal 0.9723699203976734 -0.2334453638559189 -5.435905701982302e-19
    outer loop
      vertex 3.9196986550477795 172.25029514406438 -12
      vertex 3.9783095739277545 172.49442719099991 -12
      vertex 3.9783095739277545 172.49442719099991 -6
    endloop
  endfacet
  facet normal 0.9238795325112948 -0.3826834323650703 -2.9892024974728057e-19
    outer loop
      vertex 3.9783095739277545 172.49442719099991 -12
      vertex 4.074389561298611 172.7263847995833 -12
      vertex 4.074389561298611 172.7263847995833 -6
    endloop
  endfacet
  facet normal 0.7604059656000366 0.6494480483301771 4.687894068059762e-19
    outer loop
      vertex 4.3686291501015235 170.86862915010153 -12
      vertex 4.205572809000084 171.05954359633205 -12
      vertex 4.205572809000084 171.05954359633205 -6
    endloop
  endfacet
  facet normal 0.6494480483302111 0.7604059656000077 0
    outer loop
      vertex 4.3686291501015235 170.86862915010153 -12
      vertex 4.3686291501015235 170.86862915010153 -6
      vertex 4.559543596332043 170.70557280900007 -12
    endloop
  endfacet
  facet normal 0.8526401643540741 -0.5224985647159783 2.7300571081058276e-19
    outer loop
      vertex 4.074389561298611 172.7263847995833 -12
      vertex 4.205572809000084 172.94045640366795 -12
      vertex 4.205572809000084 172.94045640366795 -6
    endloop
  endfacet
  facet normal 0.7604059656000366 -0.6494480483301771 -4.687894068059762e-19
    outer loop
      vertex 4.205572809000084 172.94045640366795 -12
      vertex 4.3686291501015235 173.13137084989847 -12
      vertex 4.3686291501015235 173.13137084989847 -6
    endloop
  endfacet
  facet normal 0.5224985647159459 0.8526401643540941 -9.017244091170089e-19
    outer loop
      vertex 4.773615200416725 170.5743895612986 -12
      vertex 4.559543596332043 170.70557280900007 -12
      vertex 4.559543596332043 170.70557280900007 -6
    endloop
  endfacet
  facet normal 0.6494480483302111 -0.7604059656000077 -4.455156774990758e-19
    outer loop
      vertex 4.3686291501015235 173.13137084989847 -12
      vertex 4.559543596332043 173.29442719099993 -12
      vertex 4.559543596332043 173.29442719099993 -6
    endloop
  endfacet
  facet normal 0.5224985647159459 -0.8526401643540941 9.017244091170089e-19
    outer loop
      vertex 4.559543596332043 173.29442719099993 -12
      vertex 4.773615200416725 173.4256104387014 -12
      vertex 4.773615200416725 173.4256104387014 -6
    endloop
  endfacet
  facet normal 0.3826834323650407 0.9238795325113071 4.0374945867328646e-19
    outer loop
      vertex 5.005572809000084 170.47830957392776 -12
      vertex 4.773615200416725 170.5743895612986 -12
      vertex 4.773615200416725 170.5743895612986 -6
    endloop
  endfacet
  facet normal 0.2334453638559721 0.9723699203976607 -8.540594618248464e-20
    outer loop
      vertex 5.24970485593563 170.41969865504777 -12
      vertex 5.005572809000084 170.47830957392776 -12
      vertex 5.005572809000084 170.47830957392776 -6
    endloop
  endfacet
  facet normal 0.3826834323650407 -0.9238795325113071 -4.0374945867328646e-19
    outer loop
      vertex 4.773615200416725 173.4256104387014 -12
      vertex 5.005572809000084 173.52169042607224 -12
      vertex 5.005572809000084 173.52169042607224 -6
    endloop
  endfacet
  facet normal 0.07845909572777425 0.9969173337331335 6.033697788560441e-20
    outer loop
      vertex 5.5 170.4 -12
      vertex 5.24970485593563 170.41969865504777 -12
      vertex 5.24970485593563 170.41969865504777 -6
    endloop
  endfacet
  facet normal 0.2334453638559721 -0.9723699203976607 8.540594618248464e-20
    outer loop
      vertex 5.005572809000084 173.52169042607224 -12
      vertex 5.24970485593563 173.58030134495223 -12
      vertex 5.24970485593563 173.58030134495223 -6
    endloop
  endfacet
  facet normal 0.07845909572777425 -0.9969173337331335 -6.033697788560441e-20
    outer loop
      vertex 5.24970485593563 173.58030134495223 -12
      vertex 5.5 173.6 -12
      vertex 5.5 173.6 -6
    endloop
  endfacet
  facet normal -0.07845909572777425 0.9969173337331335 -6.033697788560441e-20
    outer loop
      vertex 5.75029514406437 170.41969865504777 -12
      vertex 5.5 170.4 -12
      vertex 5.5 170.4 -6
    endloop
  endfacet
  facet normal -0.2334453638559721 0.9723699203976607 8.540594618248464e-20
    outer loop
      vertex 5.994427190999916 170.47830957392776 -12
      vertex 5.75029514406437 170.41969865504777 -12
      vertex 5.75029514406437 170.41969865504777 -6
    endloop
  endfacet
  facet normal -0.07845909572777425 -0.9969173337331335 6.033697788560441e-20
    outer loop
      vertex 5.5 173.6 -12
      vertex 5.75029514406437 173.58030134495223 -12
      vertex 5.75029514406437 173.58030134495223 -6
    endloop
  endfacet
  facet normal -0.3826834323650407 0.9238795325113071 -4.0374945867328646e-19
    outer loop
      vertex 6.226384799583275 170.5743895612986 -12
      vertex 5.994427190999916 170.47830957392776 -12
      vertex 5.994427190999916 170.47830957392776 -6
    endloop
  endfacet
  facet normal -0.2334453638559721 -0.9723699203976607 -8.540594618248464e-20
    outer loop
      vertex 5.75029514406437 173.58030134495223 -12
      vertex 5.994427190999916 173.52169042607224 -12
      vertex 5.994427190999916 173.52169042607224 -6
    endloop
  endfacet
  facet normal -0.3826834323650407 -0.9238795325113071 4.0374945867328646e-19
    outer loop
      vertex 5.994427190999916 173.52169042607224 -12
      vertex 6.226384799583275 173.4256104387014 -12
      vertex 6.226384799583275 173.4256104387014 -6
    endloop
  endfacet
  facet normal -0.5224985647159459 0.8526401643540941 9.017244091170089e-19
    outer loop
      vertex 6.440456403667957 170.70557280900007 -12
      vertex 6.226384799583275 170.5743895612986 -12
      vertex 6.226384799583275 170.5743895612986 -6
    endloop
  endfacet
  facet normal -0.6494480483302111 0.7604059656000077 -4.455156774990758e-19
    outer loop
      vertex 6.6313708498984765 170.86862915010153 -12
      vertex 6.440456403667957 170.70557280900007 -12
      vertex 6.440456403667957 170.70557280900007 -6
    endloop
  endfacet
  facet normal -0.5224985647159459 -0.8526401643540941 -9.017244091170089e-19
    outer loop
      vertex 6.226384799583275 173.4256104387014 -12
      vertex 6.440456403667957 173.29442719099993 -12
      vertex 6.440456403667957 173.29442719099993 -6
    endloop
  endfacet
  facet normal -0.7604059656000366 0.6494480483301771 -4.687894068059762e-19
    outer loop
      vertex 6.794427190999916 171.05954359633205 -12
      vertex 6.6313708498984765 170.86862915010153 -12
      vertex 6.6313708498984765 170.86862915010153 -6
    endloop
  endfacet
  facet normal -0.8526401643540741 0.5224985647159783 2.7300571081058276e-19
    outer loop
      vertex 6.925610438701389 171.2736152004167 -12
      vertex 6.794427190999916 171.05954359633205 -12
      vertex 6.794427190999916 171.05954359633205 -6
    endloop
  endfacet
  facet normal -0.6494480483302111 -0.7604059656000077 4.455156774990758e-19
    outer loop
      vertex 6.440456403667957 173.29442719099993 -12
      vertex 6.6313708498984765 173.13137084989847 -12
      vertex 6.6313708498984765 173.13137084989847 -6
    endloop
  endfacet
  facet normal -0.7604059656000366 -0.6494480483301771 4.687894068059762e-19
    outer loop
      vertex 6.6313708498984765 173.13137084989847 -12
      vertex 6.794427190999916 172.94045640366795 -12
      vertex 6.794427190999916 172.94045640366795 -6
    endloop
  endfacet
  facet normal -0.9238795325112948 0.3826834323650703 -2.9892024974728057e-19
    outer loop
      vertex 7.0216904260722455 171.50557280900009 -12
      vertex 6.925610438701389 171.2736152004167 -12
      vertex 6.925610438701389 171.2736152004167 -6
    endloop
  endfacet
  facet normal -0.8526401643540741 -0.5224985647159783 -2.7300571081058276e-19
    outer loop
      vertex 6.794427190999916 172.94045640366795 -12
      vertex 6.925610438701389 172.7263847995833 -12
      vertex 6.925610438701389 172.7263847995833 -6
    endloop
  endfacet
  facet normal -0.9723699203976739 0.23344536385591724 3.4717116077853386e-20
    outer loop
      vertex 7.08030134495222 171.74970485593562 -12
      vertex 7.0216904260722455 171.50557280900009 -12
      vertex 7.0216904260722455 171.50557280900009 -6
    endloop
  endfacet
  facet normal -0.9238795325112948 -0.3826834323650703 2.9892024974728057e-19
    outer loop
      vertex 6.925610438701389 172.7263847995833 -12
      vertex 7.0216904260722455 172.49442719099991 -12
      vertex 7.0216904260722455 172.49442719099991 -6
    endloop
  endfacet
  facet normal -0.9969173337331283 0.07845909572784097 9.68773931544239e-20
    outer loop
      vertex 7.1 172 -12
      vertex 7.08030134495222 171.74970485593562 -12
      vertex 7.08030134495222 171.74970485593562 -6
    endloop
  endfacet
  facet normal -0.9723699203976739 -0.23344536385591724 -3.4717116077853386e-20
    outer loop
      vertex 7.0216904260722455 172.49442719099991 -12
      vertex 7.08030134495222 172.25029514406438 -12
      vertex 7.08030134495222 172.25029514406438 -6
    endloop
  endfacet
  facet normal -0.9969173337331283 -0.07845909572784097 -9.68773931544239e-20
    outer loop
      vertex 7.08030134495222 172.25029514406438 -12
      vertex 7.1 172 -12
      vertex 7.1 172 -6
    endloop
  endfacet
  facet normal 0.9969173337331283 0.07845909572784097 0
    outer loop
      vertex 3.9196986550477795 171.74970485593562 -12
      vertex 3.9 172 -6
      vertex 3.9196986550477795 171.74970485593562 -6
    endloop
  endfacet
  facet normal 0.9969173337331283 -0.07845909572784097 0
    outer loop
      vertex 3.9 172 -12
      vertex 3.9196986550477795 172.25029514406438 -6
      vertex 3.9 172 -6
    endloop
  endfacet
  facet normal 0.9723699203976734 -0.2334453638559189 0
    outer loop
      vertex 3.9196986550477795 172.25029514406438 -12
      vertex 3.9783095739277545 172.49442719099991 -6
      vertex 3.9196986550477795 172.25029514406438 -6
    endloop
  endfacet
  facet normal 0.9723699203976734 0.2334453638559189 0
    outer loop
      vertex 3.9783095739277545 171.50557280900009 -12
      vertex 3.9196986550477795 171.74970485593562 -6
      vertex 3.9783095739277545 171.50557280900009 -6
    endloop
  endfacet
  facet normal 0.9238795325112948 -0.3826834323650703 0
    outer loop
      vertex 3.9783095739277545 172.49442719099991 -12
      vertex 4.074389561298611 172.7263847995833 -6
      vertex 3.9783095739277545 172.49442719099991 -6
    endloop
  endfacet
  facet normal 0.9238795325112948 0.3826834323650703 0
    outer loop
      vertex 4.074389561298611 171.2736152004167 -12
      vertex 3.9783095739277545 171.50557280900009 -6
      vertex 4.074389561298611 171.2736152004167 -6
    endloop
  endfacet
  facet normal 0.8526401643540741 -0.5224985647159783 0
    outer loop
      vertex 4.074389561298611 172.7263847995833 -12
      vertex 4.205572809000084 172.94045640366795 -6
      vertex 4.074389561298611 172.7263847995833 -6
    endloop
  endfacet
  facet normal 0.8526401643540741 0.5224985647159783 0
    outer loop
      vertex 4.205572809000084 171.05954359633205 -12
      vertex 4.074389561298611 171.2736152004167 -6
      vertex 4.205572809000084 171.05954359633205 -6
    endloop
  endfacet
  facet normal 0.7604059656000366 0.6494480483301771 0
    outer loop
      vertex 4.3686291501015235 170.86862915010153 -12
      vertex 4.205572809000084 171.05954359633205 -6
      vertex 4.3686291501015235 170.86862915010153 -6
    endloop
  endfacet
  facet normal 0.7604059656000366 -0.6494480483301771 0
    outer loop
      vertex 4.205572809000084 172.94045640366795 -12
      vertex 4.3686291501015235 173.13137084989847 -6
      vertex 4.205572809000084 172.94045640366795 -6
    endloop
  endfacet
  facet normal 0.6494480483302111 -0.7604059656000077 0
    outer loop
      vertex 4.3686291501015235 173.13137084989847 -12
      vertex 4.559543596332043 173.29442719099993 -6
      vertex 4.3686291501015235 173.13137084989847 -6
    endloop
  endfacet
  facet normal 0.6494480483302111 0.7604059656000077 4.455156774990758e-19
    outer loop
      vertex 4.3686291501015235 170.86862915010153 -6
      vertex 4.559543596332043 170.70557280900007 -6
      vertex 4.559543596332043 170.70557280900007 -12
    endloop
  endfacet
  facet normal 0.5224985647159459 0.8526401643540941 0
    outer loop
      vertex 4.773615200416725 170.5743895612986 -12
      vertex 4.559543596332043 170.70557280900007 -6
      vertex 4.773615200416725 170.5743895612986 -6
    endloop
  endfacet
  facet normal 0.5224985647159459 -0.8526401643540941 0
    outer loop
      vertex 4.559543596332043 173.29442719099993 -12
      vertex 4.773615200416725 173.4256104387014 -6
      vertex 4.559543596332043 173.29442719099993 -6
    endloop
  endfacet
  facet normal 0.3826834323650407 0.9238795325113071 0
    outer loop
      vertex 5.005572809000084 170.47830957392776 -12
      vertex 4.773615200416725 170.5743895612986 -6
      vertex 5.005572809000084 170.47830957392776 -6
    endloop
  endfacet
  facet normal 0.3826834323650407 -0.9238795325113071 0
    outer loop
      vertex 4.773615200416725 173.4256104387014 -12
      vertex 5.005572809000084 173.52169042607224 -6
      vertex 4.773615200416725 173.4256104387014 -6
    endloop
  endfacet
  facet normal 0.2334453638559721 -0.9723699203976607 0
    outer loop
      vertex 5.005572809000084 173.52169042607224 -12
      vertex 5.24970485593563 173.58030134495223 -6
      vertex 5.005572809000084 173.52169042607224 -6
    endloop
  endfacet
  facet normal 0.2334453638559721 0.9723699203976607 0
    outer loop
      vertex 5.24970485593563 170.41969865504777 -12
      vertex 5.005572809000084 170.47830957392776 -6
      vertex 5.24970485593563 170.41969865504777 -6
    endloop
  endfacet
  facet normal 0.07845909572777425 0.9969173337331335 0
    outer loop
      vertex 5.5 170.4 -12
      vertex 5.24970485593563 170.41969865504777 -6
      vertex 5.5 170.4 -6
    endloop
  endfacet
  facet normal 0.07845909572777425 -0.9969173337331335 0
    outer loop
      vertex 5.24970485593563 173.58030134495223 -12
      vertex 5.5 173.6 -6
      vertex 5.24970485593563 173.58030134495223 -6
    endloop
  endfacet
  facet normal -0.07845909572777425 0.9969173337331335 0
    outer loop
      vertex 5.75029514406437 170.41969865504777 -12
      vertex 5.5 170.4 -6
      vertex 5.75029514406437 170.41969865504777 -6
    endloop
  endfacet
  facet normal -0.07845909572777425 -0.9969173337331335 0
    outer loop
      vertex 5.5 173.6 -12
      vertex 5.75029514406437 173.58030134495223 -6
      vertex 5.5 173.6 -6
    endloop
  endfacet
  facet normal -0.2334453638559721 -0.9723699203976607 0
    outer loop
      vertex 5.75029514406437 173.58030134495223 -12
      vertex 5.994427190999916 173.52169042607224 -6
      vertex 5.75029514406437 173.58030134495223 -6
    endloop
  endfacet
  facet normal -0.2334453638559721 0.9723699203976607 0
    outer loop
      vertex 5.994427190999916 170.47830957392776 -12
      vertex 5.75029514406437 170.41969865504777 -6
      vertex 5.994427190999916 170.47830957392776 -6
    endloop
  endfacet
  facet normal -0.3826834323650407 0.9238795325113071 0
    outer loop
      vertex 6.226384799583275 170.5743895612986 -12
      vertex 5.994427190999916 170.47830957392776 -6
      vertex 6.226384799583275 170.5743895612986 -6
    endloop
  endfacet
  facet normal -0.3826834323650407 -0.9238795325113071 0
    outer loop
      vertex 5.994427190999916 173.52169042607224 -12
      vertex 6.226384799583275 173.4256104387014 -6
      vertex 5.994427190999916 173.52169042607224 -6
    endloop
  endfacet
  facet normal -0.5224985647159459 0.8526401643540941 0
    outer loop
      vertex 6.440456403667957 170.70557280900007 -12
      vertex 6.226384799583275 170.5743895612986 -6
      vertex 6.440456403667957 170.70557280900007 -6
    endloop
  endfacet
  facet normal -0.5224985647159459 -0.8526401643540941 0
    outer loop
      vertex 6.226384799583275 173.4256104387014 -12
      vertex 6.440456403667957 173.29442719099993 -6
      vertex 6.226384799583275 173.4256104387014 -6
    endloop
  endfacet
  facet normal -0.6494480483302111 -0.7604059656000077 0
    outer loop
      vertex 6.440456403667957 173.29442719099993 -12
      vertex 6.6313708498984765 173.13137084989847 -6
      vertex 6.440456403667957 173.29442719099993 -6
    endloop
  endfacet
  facet normal -0.6494480483302111 0.7604059656000077 0
    outer loop
      vertex 6.6313708498984765 170.86862915010153 -12
      vertex 6.440456403667957 170.70557280900007 -6
      vertex 6.6313708498984765 170.86862915010153 -6
    endloop
  endfacet
  facet normal -0.7604059656000366 0.6494480483301771 0
    outer loop
      vertex 6.794427190999916 171.05954359633205 -12
      vertex 6.6313708498984765 170.86862915010153 -6
      vertex 6.794427190999916 171.05954359633205 -6
    endloop
  endfacet
  facet normal -0.7604059656000366 -0.6494480483301771 0
    outer loop
      vertex 6.6313708498984765 173.13137084989847 -12
      vertex 6.794427190999916 172.94045640366795 -6
      vertex 6.6313708498984765 173.13137084989847 -6
    endloop
  endfacet
  facet normal -0.8526401643540741 -0.5224985647159783 0
    outer loop
      vertex 6.794427190999916 172.94045640366795 -12
      vertex 6.925610438701389 172.7263847995833 -6
      vertex 6.794427190999916 172.94045640366795 -6
    endloop
  endfacet
  facet normal -0.8526401643540741 0.5224985647159783 0
    outer loop
      vertex 6.925610438701389 171.2736152004167 -12
      vertex 6.794427190999916 171.05954359633205 -6
      vertex 6.925610438701389 171.2736152004167 -6
    endloop
  endfacet
  facet normal -0.9238795325112948 -0.3826834323650703 0
    outer loop
      vertex 6.925610438701389 172.7263847995833 -12
      vertex 7.0216904260722455 172.49442719099991 -6
      vertex 6.925610438701389 172.7263847995833 -6
    endloop
  endfacet
  facet normal -0.9238795325112948 0.3826834323650703 0
    outer loop
      vertex 7.0216904260722455 171.50557280900009 -12
      vertex 6.925610438701389 171.2736152004167 -6
      vertex 7.0216904260722455 171.50557280900009 -6
    endloop
  endfacet
  facet normal -0.9723699203976739 -0.23344536385591724 0
    outer loop
      vertex 7.0216904260722455 172.49442719099991 -12
      vertex 7.08030134495222 172.25029514406438 -6
      vertex 7.0216904260722455 172.49442719099991 -6
    endloop
  endfacet
  facet normal -0.9723699203976739 0.23344536385591724 0
    outer loop
      vertex 7.08030134495222 171.74970485593562 -12
      vertex 7.0216904260722455 171.50557280900009 -6
      vertex 7.08030134495222 171.74970485593562 -6
    endloop
  endfacet
  facet normal -0.9969173337331283 0.07845909572784097 0
    outer loop
      vertex 7.1 172 -12
      vertex 7.08030134495222 171.74970485593562 -6
      vertex 7.1 172 -6
    endloop
  endfacet
  facet normal -0.9969173337331283 -0.07845909572784097 0
    outer loop
      vertex 7.08030134495222 172.25029514406438 -12
      vertex 7.1 172 -6
      vertex 7.08030134495222 172.25029514406438 -6
    endloop
  endfacet
  facet normal 0.9723699203976766 0.2334453638559052 0
    outer loop
      vertex -1.5803013449522205 68.74970485593563 -8.4
      vertex -1.5216904260722457 68.50557280900009 -12
      vertex -1.5803013449522205 68.74970485593563 -12
    endloop
  endfacet
  facet normal 0.9238795325112862 0.3826834323650911 0
    outer loop
      vertex -1.5216904260722457 68.50557280900009 -8.4
      vertex -1.4256104387013888 68.27361520041673 -12
      vertex -1.5216904260722457 68.50557280900009 -12
    endloop
  endfacet
  facet normal 0.8526401643540896 0.5224985647159532 0
    outer loop
      vertex -1.4256104387013888 68.27361520041673 -8.4
      vertex -1.294427190999916 68.05954359633205 -12
      vertex -1.4256104387013888 68.27361520041673 -12
    endloop
  endfacet
  facet normal 0.996917333733128 0.07845909572784539 0
    outer loop
      vertex -1.6 69 -8.4
      vertex -1.5803013449522205 68.74970485593563 -12
      vertex -1.6 69 -12
    endloop
  endfacet
  facet normal 0.760405965600036 0.6494480483301777 0
    outer loop
      vertex -1.294427190999916 68.05954359633205 -8.4
      vertex -1.1313708498984762 67.86862915010153 -12
      vertex -1.294427190999916 68.05954359633205 -12
    endloop
  endfacet
  facet normal 0.6494480483301787 0.7604059656000351 0
    outer loop
      vertex -1.1313708498984762 67.86862915010153 -8.4
      vertex -0.940456403667957 67.70557280900009 -12
      vertex -1.1313708498984762 67.86862915010153 -12
    endloop
  endfacet
  facet normal 0.5224985647159465 0.8526401643540937 0
    outer loop
      vertex -0.940456403667957 67.70557280900009 -8.4
      vertex -0.726384799583275 67.57438956129862 -12
      vertex -0.940456403667957 67.70557280900009 -12
    endloop
  endfacet
  facet normal 0.38268343236508795 0.9238795325112875 0
    outer loop
      vertex -0.726384799583275 67.57438956129862 -8.4
      vertex -0.49442719099991583 67.47830957392776 -12
      vertex -0.726384799583275 67.57438956129862 -12
    endloop
  endfacet
  facet normal 0.23344536385591869 0.9723699203976733 0
    outer loop
      vertex -0.49442719099991583 67.47830957392776 -8.4
      vertex -0.2502951440643694 67.41969865504778 -12
      vertex -0.49442719099991583 67.47830957392776 -12
    endloop
  endfacet
  facet normal 0.0784590957278306 0.9969173337331291 0
    outer loop
      vertex -0.2502951440643694 67.41969865504778 -8.4
      vertex 0 67.4 -12
      vertex -0.2502951440643694 67.41969865504778 -12
    endloop
  endfacet
  facet normal 0.9723699203976766 0.2334453638559052 -8.055097276432068e-19
    outer loop
      vertex -1.5803013449522205 68.74970485593563 -8.4
      vertex -1.5216904260722457 68.50557280900009 -8.4
      vertex -1.5216904260722457 68.50557280900009 -12
    endloop
  endfacet
  facet normal 0.9238795325112862 0.3826834323650911 -6.597242299044935e-19
    outer loop
      vertex -1.5216904260722457 68.50557280900009 -8.4
      vertex -1.4256104387013888 68.27361520041673 -8.4
      vertex -1.4256104387013888 68.27361520041673 -12
    endloop
  endfacet
  facet normal 0.996917333733128 0.07845909572784539 0
    outer loop
      vertex -1.5803013449522205 68.74970485593563 -8.4
      vertex -1.5803013449522205 68.74970485593563 -12
      vertex -1.6 69 -8.4
    endloop
  endfacet
  facet normal 1 0 0
    outer loop
      vertex -1.6 69 -8.4
      vertex -1.6 69 -12
      vertex -1.6 99 -8.4
    endloop
  endfacet
  facet normal 0.8526401643540896 0.5224985647159532 -1.708605226145001e-18
    outer loop
      vertex -1.4256104387013888 68.27361520041673 -8.4
      vertex -1.294427190999916 68.05954359633205 -8.4
      vertex -1.294427190999916 68.05954359633205 -12
    endloop
  endfacet
  facet normal 0.760405965600036 0.6494480483301777 -5.749649802477091e-20
    outer loop
      vertex -1.294427190999916 68.05954359633205 -8.4
      vertex -1.1313708498984762 67.86862915010153 -8.4
      vertex -1.1313708498984762 67.86862915010153 -12
    endloop
  endfacet
  facet normal 0.6494480483301787 0.7604059656000351 -1.4792986737428126e-18
    outer loop
      vertex -1.1313708498984762 67.86862915010153 -8.4
      vertex -0.940456403667957 67.70557280900009 -8.4
      vertex -0.940456403667957 67.70557280900009 -12
    endloop
  endfacet
  facet normal 0.5224985647159465 0.8526401643540937 7.756433969712407e-19
    outer loop
      vertex -0.940456403667957 67.70557280900009 -8.4
      vertex -0.726384799583275 67.57438956129862 -8.4
      vertex -0.726384799583275 67.57438956129862 -12
    endloop
  endfacet
  facet normal 0.38268343236508795 0.9238795325112875 -1.7080524762522084e-18
    outer loop
      vertex -0.726384799583275 67.57438956129862 -8.4
      vertex -0.49442719099991583 67.47830957392776 -8.4
      vertex -0.49442719099991583 67.47830957392776 -12
    endloop
  endfacet
  facet normal 0.23344536385591869 0.9723699203976733 9.254899559663317e-19
    outer loop
      vertex -0.49442719099991583 67.47830957392776 -8.4
      vertex -0.2502951440643694 67.41969865504778 -8.4
      vertex -0.2502951440643694 67.41969865504778 -12
    endloop
  endfacet
  facet normal 0.0784590957278306 0.9969173337331291 -4.100301932161919e-19
    outer loop
      vertex -0.2502951440643694 67.41969865504778 -8.4
      vertex 0 67.4 -8.4
      vertex 0 67.4 -12
    endloop
  endfacet
  facet normal 1 0 0
    outer loop
      vertex -1.6 99 -8.4
      vertex -1.6 69 -12
      vertex -1.6 99 -12
    endloop
  endfacet
  facet normal 0.996917333733128 -0.07845909572784539 0
    outer loop
      vertex -1.5803013449522205 99.25029514406437 -8.4
      vertex -1.6 99 -12
      vertex -1.5803013449522205 99.25029514406437 -12
    endloop
  endfacet
  facet normal 0.9723699203976766 -0.2334453638559052 0
    outer loop
      vertex -1.5216904260722457 99.49442719099991 -8.4
      vertex -1.5803013449522205 99.25029514406437 -12
      vertex -1.5216904260722457 99.49442719099991 -12
    endloop
  endfacet
  facet normal 0.9238795325112862 -0.3826834323650911 0
    outer loop
      vertex -1.4256104387013888 99.72638479958327 -8.4
      vertex -1.5216904260722457 99.49442719099991 -12
      vertex -1.4256104387013888 99.72638479958327 -12
    endloop
  endfacet
  facet normal 0.8526401643540896 -0.5224985647159532 0
    outer loop
      vertex -1.294427190999916 99.94045640366795 -8.4
      vertex -1.4256104387013888 99.72638479958327 -12
      vertex -1.294427190999916 99.94045640366795 -12
    endloop
  endfacet
  facet normal 0.760405965600036 -0.6494480483301777 0
    outer loop
      vertex -1.1313708498984762 100.13137084989847 -8.4
      vertex -1.294427190999916 99.94045640366795 -12
      vertex -1.1313708498984762 100.13137084989847 -12
    endloop
  endfacet
  facet normal 0.6494480483301787 -0.7604059656000351 0
    outer loop
      vertex -0.940456403667957 100.29442719099991 -8.4
      vertex -1.1313708498984762 100.13137084989847 -12
      vertex -0.940456403667957 100.29442719099991 -12
    endloop
  endfacet
  facet normal 0.5224985647159465 -0.8526401643540937 0
    outer loop
      vertex -0.726384799583275 100.42561043870138 -8.4
      vertex -0.940456403667957 100.29442719099991 -12
      vertex -0.726384799583275 100.42561043870138 -12
    endloop
  endfacet
  facet normal 0.38268343236508795 -0.9238795325112875 0
    outer loop
      vertex -0.49442719099991583 100.52169042607224 -8.4
      vertex -0.726384799583275 100.42561043870138 -12
      vertex -0.49442719099991583 100.52169042607224 -12
    endloop
  endfacet
  facet normal 0.23344536385591869 -0.9723699203976733 0
    outer loop
      vertex -0.2502951440643694 100.58030134495222 -8.4
      vertex -0.49442719099991583 100.52169042607224 -12
      vertex -0.2502951440643694 100.58030134495222 -12
    endloop
  endfacet
  facet normal 0.0784590957278306 -0.9969173337331291 0
    outer loop
      vertex 0 100.6 -8.4
      vertex -0.2502951440643694 100.58030134495222 -12
      vertex 0 100.6 -12
    endloop
  endfacet
  facet normal 0.996917333733128 -0.07845909572784539 0
    outer loop
      vertex -1.6 99 -8.4
      vertex -1.6 99 -12
      vertex -1.5803013449522205 99.25029514406437 -8.4
    endloop
  endfacet
  facet normal 0.9723699203976766 -0.2334453638559052 0
    outer loop
      vertex -1.5803013449522205 99.25029514406437 -8.4
      vertex -1.5803013449522205 99.25029514406437 -12
      vertex -1.5216904260722457 99.49442719099991 -8.4
    endloop
  endfacet
  facet normal 0.9238795325112862 -0.3826834323650911 0
    outer loop
      vertex -1.5216904260722457 99.49442719099991 -8.4
      vertex -1.5216904260722457 99.49442719099991 -12
      vertex -1.4256104387013888 99.72638479958327 -8.4
    endloop
  endfacet
  facet normal 0.8526401643540896 -0.5224985647159532 0
    outer loop
      vertex -1.4256104387013888 99.72638479958327 -8.4
      vertex -1.4256104387013888 99.72638479958327 -12
      vertex -1.294427190999916 99.94045640366795 -8.4
    endloop
  endfacet
  facet normal 0.760405965600036 -0.6494480483301777 0
    outer loop
      vertex -1.294427190999916 99.94045640366795 -8.4
      vertex -1.294427190999916 99.94045640366795 -12
      vertex -1.1313708498984762 100.13137084989847 -8.4
    endloop
  endfacet
  facet normal 0.6494480483301787 -0.7604059656000351 0
    outer loop
      vertex -1.1313708498984762 100.13137084989847 -8.4
      vertex -1.1313708498984762 100.13137084989847 -12
      vertex -0.940456403667957 100.29442719099991 -8.4
    endloop
  endfacet
  facet normal 0.5224985647159465 -0.8526401643540937 0
    outer loop
      vertex -0.940456403667957 100.29442719099991 -8.4
      vertex -0.940456403667957 100.29442719099991 -12
      vertex -0.726384799583275 100.42561043870138 -8.4
    endloop
  endfacet
  facet normal 0.38268343236508795 -0.9238795325112875 0
    outer loop
      vertex -0.726384799583275 100.42561043870138 -8.4
      vertex -0.726384799583275 100.42561043870138 -12
      vertex -0.49442719099991583 100.52169042607224 -8.4
    endloop
  endfacet
  facet normal 0.23344536385591869 -0.9723699203976733 0
    outer loop
      vertex -0.49442719099991583 100.52169042607224 -8.4
      vertex -0.49442719099991583 100.52169042607224 -12
      vertex -0.2502951440643694 100.58030134495222 -8.4
    endloop
  endfacet
  facet normal 0.0784590957278306 -0.9969173337331291 0
    outer loop
      vertex -0.2502951440643694 100.58030134495222 -8.4
      vertex -0.2502951440643694 100.58030134495222 -12
      vertex 0 100.6 -8.4
    endloop
  endfacet
  facet normal -0.0784590957278306 0.9969173337331291 0
    outer loop
      vertex 0 67.4 -8.4
      vertex 0.2502951440643694 67.41969865504778 -12
      vertex 0 67.4 -12
    endloop
  endfacet
  facet normal -0.23344536385591869 0.9723699203976733 0
    outer loop
      vertex 0.2502951440643694 67.41969865504778 -8.4
      vertex 0.49442719099991583 67.47830957392776 -12
      vertex 0.2502951440643694 67.41969865504778 -12
    endloop
  endfacet
  facet normal -0.38268343236508795 0.9238795325112875 0
    outer loop
      vertex 0.49442719099991583 67.47830957392776 -8.4
      vertex 0.726384799583275 67.57438956129862 -12
      vertex 0.49442719099991583 67.47830957392776 -12
    endloop
  endfacet
  facet normal -0.5224985647159465 0.8526401643540937 0
    outer loop
      vertex 0.726384799583275 67.57438956129862 -8.4
      vertex 0.940456403667957 67.70557280900009 -12
      vertex 0.726384799583275 67.57438956129862 -12
    endloop
  endfacet
  facet normal -0.6494480483301787 0.7604059656000351 0
    outer loop
      vertex 0.940456403667957 67.70557280900009 -8.4
      vertex 1.1313708498984762 67.86862915010153 -12
      vertex 0.940456403667957 67.70557280900009 -12
    endloop
  endfacet
  facet normal -0.760405965600036 0.6494480483301777 0
    outer loop
      vertex 1.1313708498984762 67.86862915010153 -8.4
      vertex 1.294427190999916 68.05954359633205 -12
      vertex 1.1313708498984762 67.86862915010153 -12
    endloop
  endfacet
  facet normal -0.8526401643540896 0.5224985647159532 0
    outer loop
      vertex 1.294427190999916 68.05954359633205 -8.4
      vertex 1.4256104387013888 68.27361520041673 -12
      vertex 1.294427190999916 68.05954359633205 -12
    endloop
  endfacet
  facet normal -0.9238795325112862 0.3826834323650911 0
    outer loop
      vertex 1.4256104387013888 68.27361520041673 -8.4
      vertex 1.5216904260722457 68.50557280900009 -12
      vertex 1.4256104387013888 68.27361520041673 -12
    endloop
  endfacet
  facet normal -0.9723699203976766 0.2334453638559052 0
    outer loop
      vertex 1.5216904260722457 68.50557280900009 -8.4
      vertex 1.5803013449522205 68.74970485593563 -12
      vertex 1.5216904260722457 68.50557280900009 -12
    endloop
  endfacet
  facet normal -0.996917333733128 0.07845909572784539 0
    outer loop
      vertex 1.5803013449522205 68.74970485593563 -8.4
      vertex 1.6 69 -12
      vertex 1.5803013449522205 68.74970485593563 -12
    endloop
  endfacet
  facet normal -1 0 0
    outer loop
      vertex 1.6 69 -8.4
      vertex 1.6 99 -12
      vertex 1.6 69 -12
    endloop
  endfacet
  facet normal -0.0784590957278306 0.9969173337331291 4.100301932161919e-19
    outer loop
      vertex 0 67.4 -8.4
      vertex 0.2502951440643694 67.41969865504778 -8.4
      vertex 0.2502951440643694 67.41969865504778 -12
    endloop
  endfacet
  facet normal -0.23344536385591869 0.9723699203976733 -9.254899559663317e-19
    outer loop
      vertex 0.2502951440643694 67.41969865504778 -8.4
      vertex 0.49442719099991583 67.47830957392776 -8.4
      vertex 0.49442719099991583 67.47830957392776 -12
    endloop
  endfacet
  facet normal -0.38268343236508795 0.9238795325112875 1.7080524762522084e-18
    outer loop
      vertex 0.49442719099991583 67.47830957392776 -8.4
      vertex 0.726384799583275 67.57438956129862 -8.4
      vertex 0.726384799583275 67.57438956129862 -12
    endloop
  endfacet
  facet normal -0.5224985647159465 0.8526401643540937 -7.756433969712407e-19
    outer loop
      vertex 0.726384799583275 67.57438956129862 -8.4
      vertex 0.940456403667957 67.70557280900009 -8.4
      vertex 0.940456403667957 67.70557280900009 -12
    endloop
  endfacet
  facet normal -0.6494480483301787 0.7604059656000351 1.4792986737428126e-18
    outer loop
      vertex 0.940456403667957 67.70557280900009 -8.4
      vertex 1.1313708498984762 67.86862915010153 -8.4
      vertex 1.1313708498984762 67.86862915010153 -12
    endloop
  endfacet
  facet normal -0.760405965600036 0.6494480483301777 5.749649802477091e-20
    outer loop
      vertex 1.1313708498984762 67.86862915010153 -8.4
      vertex 1.294427190999916 68.05954359633205 -8.4
      vertex 1.294427190999916 68.05954359633205 -12
    endloop
  endfacet
  facet normal -0.8526401643540896 0.5224985647159532 1.708605226145001e-18
    outer loop
      vertex 1.294427190999916 68.05954359633205 -8.4
      vertex 1.4256104387013888 68.27361520041673 -8.4
      vertex 1.4256104387013888 68.27361520041673 -12
    endloop
  endfacet
  facet normal -0.9238795325112862 0.3826834323650911 6.597242299044935e-19
    outer loop
      vertex 1.4256104387013888 68.27361520041673 -8.4
      vertex 1.5216904260722457 68.50557280900009 -8.4
      vertex 1.5216904260722457 68.50557280900009 -12
    endloop
  endfacet
  facet normal -0.9723699203976766 0.2334453638559052 8.055097276432068e-19
    outer loop
      vertex 1.5216904260722457 68.50557280900009 -8.4
      vertex 1.5803013449522205 68.74970485593563 -8.4
      vertex 1.5803013449522205 68.74970485593563 -12
    endloop
  endfacet
  facet normal -0.996917333733128 0.07845909572784539 4.0831379268767004e-19
    outer loop
      vertex 1.5803013449522205 68.74970485593563 -8.4
      vertex 1.6 69 -8.4
      vertex 1.6 69 -12
    endloop
  endfacet
  facet normal -0.0784590957278306 -0.9969173337331291 0
    outer loop
      vertex 0.2502951440643694 100.58030134495222 -8.4
      vertex 0 100.6 -12
      vertex 0.2502951440643694 100.58030134495222 -12
    endloop
  endfacet
  facet normal -0.23344536385591869 -0.9723699203976733 0
    outer loop
      vertex 0.49442719099991583 100.52169042607224 -8.4
      vertex 0.2502951440643694 100.58030134495222 -12
      vertex 0.49442719099991583 100.52169042607224 -12
    endloop
  endfacet
  facet normal -0.38268343236508795 -0.9238795325112875 0
    outer loop
      vertex 0.726384799583275 100.42561043870138 -8.4
      vertex 0.49442719099991583 100.52169042607224 -12
      vertex 0.726384799583275 100.42561043870138 -12
    endloop
  endfacet
  facet normal -0.5224985647159465 -0.8526401643540937 0
    outer loop
      vertex 0.940456403667957 100.29442719099991 -8.4
      vertex 0.726384799583275 100.42561043870138 -12
      vertex 0.940456403667957 100.29442719099991 -12
    endloop
  endfacet
  facet normal -0.6494480483301787 -0.7604059656000351 0
    outer loop
      vertex 1.1313708498984762 100.13137084989847 -8.4
      vertex 0.940456403667957 100.29442719099991 -12
      vertex 1.1313708498984762 100.13137084989847 -12
    endloop
  endfacet
  facet normal -0.760405965600036 -0.6494480483301777 0
    outer loop
      vertex 1.294427190999916 99.94045640366795 -8.4
      vertex 1.1313708498984762 100.13137084989847 -12
      vertex 1.294427190999916 99.94045640366795 -12
    endloop
  endfacet
  facet normal -0.996917333733128 -0.07845909572784539 0
    outer loop
      vertex 1.6 99 -8.4
      vertex 1.5803013449522205 99.25029514406437 -12
      vertex 1.6 99 -12
    endloop
  endfacet
  facet normal -0.8526401643540896 -0.5224985647159532 0
    outer loop
      vertex 1.4256104387013888 99.72638479958327 -8.4
      vertex 1.294427190999916 99.94045640366795 -12
      vertex 1.4256104387013888 99.72638479958327 -12
    endloop
  endfacet
  facet normal -0.9238795325112862 -0.3826834323650911 0
    outer loop
      vertex 1.5216904260722457 99.49442719099991 -8.4
      vertex 1.4256104387013888 99.72638479958327 -12
      vertex 1.5216904260722457 99.49442719099991 -12
    endloop
  endfacet
  facet normal -0.9723699203976766 -0.2334453638559052 0
    outer loop
      vertex 1.5803013449522205 99.25029514406437 -8.4
      vertex 1.5216904260722457 99.49442719099991 -12
      vertex 1.5803013449522205 99.25029514406437 -12
    endloop
  endfacet
  facet normal -0.0784590957278306 -0.9969173337331291 0
    outer loop
      vertex 0 100.6 -8.4
      vertex 0 100.6 -12
      vertex 0.2502951440643694 100.58030134495222 -8.4
    endloop
  endfacet
  facet normal -0.23344536385591869 -0.9723699203976733 0
    outer loop
      vertex 0.2502951440643694 100.58030134495222 -8.4
      vertex 0.2502951440643694 100.58030134495222 -12
      vertex 0.49442719099991583 100.52169042607224 -8.4
    endloop
  endfacet
  facet normal -0.38268343236508795 -0.9238795325112875 0
    outer loop
      vertex 0.49442719099991583 100.52169042607224 -8.4
      vertex 0.49442719099991583 100.52169042607224 -12
      vertex 0.726384799583275 100.42561043870138 -8.4
    endloop
  endfacet
  facet normal -0.5224985647159465 -0.8526401643540937 0
    outer loop
      vertex 0.726384799583275 100.42561043870138 -8.4
      vertex 0.726384799583275 100.42561043870138 -12
      vertex 0.940456403667957 100.29442719099991 -8.4
    endloop
  endfacet
  facet normal -0.6494480483301787 -0.7604059656000351 0
    outer loop
      vertex 0.940456403667957 100.29442719099991 -8.4
      vertex 0.940456403667957 100.29442719099991 -12
      vertex 1.1313708498984762 100.13137084989847 -8.4
    endloop
  endfacet
  facet normal -0.760405965600036 -0.6494480483301777 0
    outer loop
      vertex 1.1313708498984762 100.13137084989847 -8.4
      vertex 1.1313708498984762 100.13137084989847 -12
      vertex 1.294427190999916 99.94045640366795 -8.4
    endloop
  endfacet
  facet normal -0.8526401643540896 -0.5224985647159532 0
    outer loop
      vertex 1.294427190999916 99.94045640366795 -8.4
      vertex 1.294427190999916 99.94045640366795 -12
      vertex 1.4256104387013888 99.72638479958327 -8.4
    endloop
  endfacet
  facet normal -1 0 0
    outer loop
      vertex 1.6 69 -8.4
      vertex 1.6 99 -8.4
      vertex 1.6 99 -12
    endloop
  endfacet
  facet normal -0.996917333733128 -0.07845909572784539 -4.0831379268767004e-19
    outer loop
      vertex 1.6 99 -8.4
      vertex 1.5803013449522205 99.25029514406437 -8.4
      vertex 1.5803013449522205 99.25029514406437 -12
    endloop
  endfacet
  facet normal -0.9238795325112862 -0.3826834323650911 0
    outer loop
      vertex 1.4256104387013888 99.72638479958327 -8.4
      vertex 1.4256104387013888 99.72638479958327 -12
      vertex 1.5216904260722457 99.49442719099991 -8.4
    endloop
  endfacet
  facet normal -0.9723699203976766 -0.2334453638559052 0
    outer loop
      vertex 1.5216904260722457 99.49442719099991 -8.4
      vertex 1.5216904260722457 99.49442719099991 -12
      vertex 1.5803013449522205 99.25029514406437 -8.4
    endloop
  endfacet
  facet normal 0 0 1
    outer loop
      vertex -3.555678026142496 68.43683592585516 -8.4
      vertex -3.4238034586625528 67.88753882025019 -8.4
      vertex -3.6 69 -8.4
    endloop
  endfacet
  facet normal 0 0 1
    outer loop
      vertex -3.4238034586625528 67.88753882025019 -8.4
      vertex -3.2076234870781244 67.36563420093763 -8.4
      vertex -2.912461179749811 66.8839730917471 -8.4
    endloop
  endfacet
  facet normal 0 0 1
    outer loop
      vertex -3.6 69 -8.4
      vertex -3.4238034586625528 67.88753882025019 -8.4
      vertex -2.5455844122715714 66.45441558772843 -8.4
    endloop
  endfacet
  facet normal 0 0 1
    outer loop
      vertex -3.4238034586625528 67.88753882025019 -8.4
      vertex -2.912461179749811 66.8839730917471 -8.4
      vertex -2.5455844122715714 66.45441558772843 -8.4
    endloop
  endfacet
  facet normal 0.9969173337331282 0.07845909572784393 0
    outer loop
      vertex -3.555678026142496 68.43683592585516 -8.4
      vertex -3.6 69 -8.4
      vertex -3.555678026142496 68.43683592585516 -6
    endloop
  endfacet
  facet normal 0.9723699203976763 0.23344536385590656 0
    outer loop
      vertex -3.555678026142496 68.43683592585516 -8.4
      vertex -3.555678026142496 68.43683592585516 -6
      vertex -3.4238034586625528 67.88753882025019 -8.4
    endloop
  endfacet
  facet normal 0.9238795325112851 0.38268343236509383 -1.3245834051522524e-18
    outer loop
      vertex -3.4238034586625528 67.88753882025019 -8.4
      vertex -3.2076234870781244 67.36563420093763 -6
      vertex -3.2076234870781244 67.36563420093763 -8.4
    endloop
  endfacet
  facet normal 0.852640164354095 0.5224985647159445 0
    outer loop
      vertex -3.2076234870781244 67.36563420093763 -8.4
      vertex -3.2076234870781244 67.36563420093763 -6
      vertex -2.912461179749811 66.8839730917471 -8.4
    endloop
  endfacet
  facet normal 0.7604059656000256 0.64944804833019 0
    outer loop
      vertex -2.912461179749811 66.8839730917471 -8.4
      vertex -2.912461179749811 66.8839730917471 -6
      vertex -2.5455844122715714 66.45441558772843 -8.4
    endloop
  endfacet
  facet normal 1 0 0
    outer loop
      vertex -3.6 69 -8.4
      vertex -3.6 99 -8.4
      vertex -3.6 69 -6
    endloop
  endfacet
  facet normal 0 0 1
    outer loop
      vertex -2.5455844122715714 66.45441558772843 -8.4
      vertex -2.1160269082529033 66.08753882025019 -8.4
      vertex -1.6343657990623686 65.79237651292188 -8.4
    endloop
  endfacet
  facet normal 0 0 1
    outer loop
      vertex -3.6 69 -8.4
      vertex -1.4256104387013888 68.27361520041673 -8.4
      vertex -1.5216904260722457 68.50557280900009 -8.4
    endloop
  endfacet
  facet normal 0 0 1
    outer loop
      vertex -3.6 69 -8.4
      vertex -1.5803013449522205 68.74970485593563 -8.4
      vertex -1.6 69 -8.4
    endloop
  endfacet
  facet normal 0 0 1
    outer loop
      vertex -3.6 69 -8.4
      vertex -1.5216904260722457 68.50557280900009 -8.4
      vertex -1.5803013449522205 68.74970485593563 -8.4
    endloop
  endfacet
  facet normal 0 0 1
    outer loop
      vertex -3.6 69 -8.4
      vertex -2.5455844122715714 66.45441558772843 -8.4
      vertex 0 65.4 -8.4
    endloop
  endfacet
  facet normal 0 0 1
    outer loop
      vertex -3.6 69 -8.4
      vertex 0 65.4 -8.4
      vertex -1.4256104387013888 68.27361520041673 -8.4
    endloop
  endfacet
  facet normal 0 0 1
    outer loop
      vertex -2.5455844122715714 66.45441558772843 -8.4
      vertex -1.6343657990623686 65.79237651292188 -8.4
      vertex 0 65.4 -8.4
    endloop
  endfacet
  facet normal 0 0 1
    outer loop
      vertex -3.6 69 -8.4
      vertex -1.6 69 -8.4
      vertex -1.6 99 -8.4
    endloop
  endfacet
  facet normal 0 0 1
    outer loop
      vertex -1.6343657990623686 65.79237651292188 -8.4
      vertex -1.1124611797498107 65.57619654133745 -8.4
      vertex -0.5631640741448312 65.4443219738575 -8.4
    endloop
  endfacet
  facet normal 0 0 1
    outer loop
      vertex -1.6343657990623686 65.79237651292188 -8.4
      vertex -0.5631640741448312 65.4443219738575 -8.4
      vertex 0 65.4 -8.4
    endloop
  endfacet
  facet normal 0 0 1
    outer loop
      vertex -1.4256104387013888 68.27361520041673 -8.4
      vertex 0 65.4 -8.4
      vertex -1.294427190999916 68.05954359633205 -8.4
    endloop
  endfacet
  facet normal 0 0 1
    outer loop
      vertex -1.294427190999916 68.05954359633205 -8.4
      vertex 0 65.4 -8.4
      vertex -1.1313708498984762 67.86862915010153 -8.4
    endloop
  endfacet
  facet normal 0 0 1
    outer loop
      vertex -1.1313708498984762 67.86862915010153 -8.4
      vertex 0 65.4 -8.4
      vertex -0.940456403667957 67.70557280900009 -8.4
    endloop
  endfacet
  facet normal 0 0 1
    outer loop
      vertex -0.940456403667957 67.70557280900009 -8.4
      vertex 0 65.4 -8.4
      vertex -0.726384799583275 67.57438956129862 -8.4
    endloop
  endfacet
  facet normal 0 0 1
    outer loop
      vertex -0.726384799583275 67.57438956129862 -8.4
      vertex 0 65.4 -8.4
      vertex -0.49442719099991583 67.47830957392776 -8.4
    endloop
  endfacet
  facet normal 0 0 1
    outer loop
      vertex -0.49442719099991583 67.47830957392776 -8.4
      vertex 0 65.4 -8.4
      vertex -0.2502951440643694 67.41969865504778 -8.4
    endloop
  endfacet
  facet normal 0 0 1
    outer loop
      vertex -0.2502951440643694 67.41969865504778 -8.4
      vertex 0 65.4 -8.4
      vertex 0 67.4 -8.4
    endloop
  endfacet
  facet normal 0.6494480483301898 0.7604059656000257 9.106099814330062e-18
    outer loop
      vertex -2.5455844122715714 66.45441558772843 -8.4
      vertex -2.1160269082529033 66.08753882025019 -6
      vertex -2.1160269082529033 66.08753882025019 -8.4
    endloop
  endfacet
  facet normal 0.5224985647159464 0.8526401643540937 0
    outer loop
      vertex -2.1160269082529033 66.08753882025019 -8.4
      vertex -2.1160269082529033 66.08753882025019 -6
      vertex -1.6343657990623686 65.79237651292188 -8.4
    endloop
  endfacet
  facet normal 0.2334453638559246 0.972369920397672 0
    outer loop
      vertex -1.1124611797498107 65.57619654133745 -8.4
      vertex -1.1124611797498107 65.57619654133745 -6
      vertex -0.5631640741448312 65.4443219738575 -8.4
    endloop
  endfacet
  facet normal 0.3826834323650827 0.9238795325112896 2.0055448663718216e-18
    outer loop
      vertex -1.6343657990623686 65.79237651292188 -8.4
      vertex -1.1124611797498107 65.57619654133745 -6
      vertex -1.1124611797498107 65.57619654133745 -8.4
    endloop
  endfacet
  facet normal 0.07845909572782434 0.9969173337331296 0
    outer loop
      vertex -0.5631640741448312 65.4443219738575 -8.4
      vertex -0.5631640741448312 65.4443219738575 -6
      vertex 0 65.4 -8.4
    endloop
  endfacet
  facet normal 0.9723699203976763 0.23344536385590656 0
    outer loop
      vertex -3.4238034586625528 67.88753882025019 -8.4
      vertex -3.555678026142496 68.43683592585516 -6
      vertex -3.4238034586625528 67.88753882025019 -6
    endloop
  endfacet
  facet normal 0.9969173337331282 0.07845909572784393 0
    outer loop
      vertex -3.6 69 -8.4
      vertex -3.6 69 -6
      vertex -3.555678026142496 68.43683592585516 -6
    endloop
  endfacet
  facet normal 0.9238795325112851 0.38268343236509383 0
    outer loop
      vertex -3.4238034586625528 67.88753882025019 -8.4
      vertex -3.4238034586625528 67.88753882025019 -6
      vertex -3.2076234870781244 67.36563420093763 -6
    endloop
  endfacet
  facet normal 0.852640164354095 0.5224985647159445 0
    outer loop
      vertex -2.912461179749811 66.8839730917471 -8.4
      vertex -3.2076234870781244 67.36563420093763 -6
      vertex -2.912461179749811 66.8839730917471 -6
    endloop
  endfacet
  facet normal 0.7604059656000256 0.64944804833019 0
    outer loop
      vertex -2.5455844122715714 66.45441558772843 -8.4
      vertex -2.912461179749811 66.8839730917471 -6
      vertex -2.5455844122715714 66.45441558772843 -6
    endloop
  endfacet
  facet normal 0.6494480483301898 0.7604059656000257 0
    outer loop
      vertex -2.5455844122715714 66.45441558772843 -8.4
      vertex -2.5455844122715714 66.45441558772843 -6
      vertex -2.1160269082529033 66.08753882025019 -6
    endloop
  endfacet
  facet normal 0.5224985647159464 0.8526401643540937 0
    outer loop
      vertex -1.6343657990623686 65.79237651292188 -8.4
      vertex -2.1160269082529033 66.08753882025019 -6
      vertex -1.6343657990623686 65.79237651292188 -6
    endloop
  endfacet
  facet normal 0.3826834323650827 0.9238795325112896 0
    outer loop
      vertex -1.6343657990623686 65.79237651292188 -8.4
      vertex -1.6343657990623686 65.79237651292188 -6
      vertex -1.1124611797498107 65.57619654133745 -6
    endloop
  endfacet
  facet normal 0.2334453638559246 0.972369920397672 0
    outer loop
      vertex -0.5631640741448312 65.4443219738575 -8.4
      vertex -1.1124611797498107 65.57619654133745 -6
      vertex -0.5631640741448312 65.4443219738575 -6
    endloop
  endfacet
  facet normal 0.07845909572782434 0.9969173337331296 0
    outer loop
      vertex 0 65.4 -8.4
      vertex -0.5631640741448312 65.4443219738575 -6
      vertex 0 65.4 -6
    endloop
  endfacet
  facet normal 0 0 1
    outer loop
      vertex -3.6 69 -8.4
      vertex -3.555678026142496 99.56316407414484 -8.4
      vertex -3.6 99 -8.4
    endloop
  endfacet
  facet normal 0 0 1
    outer loop
      vertex -3.6 69 -8.4
      vertex -1.6 99 -8.4
      vertex -3.555678026142496 99.56316407414484 -8.4
    endloop
  endfacet
  facet normal 0 0 1
    outer loop
      vertex -3.555678026142496 99.56316407414484 -8.4
      vertex -3.2076234870781244 100.63436579906237 -8.4
      vertex -3.4238034586625528 100.11246117974981 -8.4
    endloop
  endfacet
  facet normal 0 0 1
    outer loop
      vertex -3.555678026142496 99.56316407414484 -8.4
      vertex -2.5455844122715714 101.54558441227157 -8.4
      vertex -3.2076234870781244 100.63436579906237 -8.4
    endloop
  endfacet
  facet normal 0 0 1
    outer loop
      vertex -3.2076234870781244 100.63436579906237 -8.4
      vertex -2.5455844122715714 101.54558441227157 -8.4
      vertex -2.912461179749811 101.1160269082529 -8.4
    endloop
  endfacet
  facet normal 0.9969173337331282 -0.07845909572784393 -5.790039304803428e-19
    outer loop
      vertex -3.6 99 -8.4
      vertex -3.555678026142496 99.56316407414484 -8.4
      vertex -3.555678026142496 99.56316407414484 -6
    endloop
  endfacet
  facet normal 0.9723699203976763 -0.23344536385590656 -2.919715005469267e-18
    outer loop
      vertex -3.555678026142496 99.56316407414484 -8.4
      vertex -3.4238034586625528 100.11246117974981 -8.4
      vertex -3.4238034586625528 100.11246117974981 -6
    endloop
  endfacet
  facet normal 0.9238795325112851 -0.38268343236509383 0
    outer loop
      vertex -3.4238034586625528 100.11246117974981 -8.4
      vertex -3.2076234870781244 100.63436579906237 -8.4
      vertex -3.4238034586625528 100.11246117974981 -6
    endloop
  endfacet
  facet normal 0.852640164354095 -0.5224985647159445 4.5824779937699495e-18
    outer loop
      vertex -3.2076234870781244 100.63436579906237 -8.4
      vertex -2.912461179749811 101.1160269082529 -8.4
      vertex -2.912461179749811 101.1160269082529 -6
    endloop
  endfacet
  facet normal 0 0 1
    outer loop
      vertex -3.555678026142496 99.56316407414484 -8.4
      vertex -1.6 99 -8.4
      vertex -1.5803013449522205 99.25029514406437 -8.4
    endloop
  endfacet
  facet normal 0 0 1
    outer loop
      vertex -3.555678026142496 99.56316407414484 -8.4
      vertex -1.5803013449522205 99.25029514406437 -8.4
      vertex -1.5216904260722457 99.49442719099991 -8.4
    endloop
  endfacet
  facet normal 0 0 1
    outer loop
      vertex -3.555678026142496 99.56316407414484 -8.4
      vertex -1.5216904260722457 99.49442719099991 -8.4
      vertex -1.4256104387013888 99.72638479958327 -8.4
    endloop
  endfacet
  facet normal 0 0 1
    outer loop
      vertex -3.555678026142496 99.56316407414484 -8.4
      vertex -1.4256104387013888 99.72638479958327 -8.4
      vertex -1.294427190999916 99.94045640366795 -8.4
    endloop
  endfacet
  facet normal 0 0 1
    outer loop
      vertex -2.5455844122715714 101.54558441227157 -8.4
      vertex -1.6343657990623686 102.20762348707812 -8.4
      vertex -2.1160269082529033 101.91246117974981 -8.4
    endloop
  endfacet
  facet normal 0 0 1
    outer loop
      vertex -3.555678026142496 99.56316407414484 -8.4
      vertex 0 102.6 -8.4
      vertex -2.5455844122715714 101.54558441227157 -8.4
    endloop
  endfacet
  facet normal 0 0 1
    outer loop
      vertex -3.555678026142496 99.56316407414484 -8.4
      vertex -1.294427190999916 99.94045640366795 -8.4
      vertex 0 102.6 -8.4
    endloop
  endfacet
  facet normal 0 0 1
    outer loop
      vertex -2.5455844122715714 101.54558441227157 -8.4
      vertex 0 102.6 -8.4
      vertex -1.6343657990623686 102.20762348707812 -8.4
    endloop
  endfacet
  facet normal 0 0 1
    outer loop
      vertex -1.294427190999916 99.94045640366795 -8.4
      vertex -1.1313708498984762 100.13137084989847 -8.4
      vertex 0 102.6 -8.4
    endloop
  endfacet
  facet normal 0 0 1
    outer loop
      vertex -1.1313708498984762 100.13137084989847 -8.4
      vertex -0.940456403667957 100.29442719099991 -8.4
      vertex 0 102.6 -8.4
    endloop
  endfacet
  facet normal 0 0 1
    outer loop
      vertex -1.6343657990623686 102.20762348707812 -8.4
      vertex -0.5631640741448312 102.5556780261425 -8.4
      vertex -1.1124611797498107 102.42380345866255 -8.4
    endloop
  endfacet
  facet normal 0 0 1
    outer loop
      vertex -1.6343657990623686 102.20762348707812 -8.4
      vertex 0 102.6 -8.4
      vertex -0.5631640741448312 102.5556780261425 -8.4
    endloop
  endfacet
  facet normal 0 0 1
    outer loop
      vertex -0.940456403667957 100.29442719099991 -8.4
      vertex -0.726384799583275 100.42561043870138 -8.4
      vertex 0 102.6 -8.4
    endloop
  endfacet
  facet normal 0 0 1
    outer loop
      vertex -0.726384799583275 100.42561043870138 -8.4
      vertex -0.49442719099991583 100.52169042607224 -8.4
      vertex 0 102.6 -8.4
    endloop
  endfacet
  facet normal 0 0 1
    outer loop
      vertex -0.49442719099991583 100.52169042607224 -8.4
      vertex -0.2502951440643694 100.58030134495222 -8.4
      vertex 0 102.6 -8.4
    endloop
  endfacet
  facet normal 0 0 1
    outer loop
      vertex -0.2502951440643694 100.58030134495222 -8.4
      vertex 0 100.6 -8.4
      vertex 0 102.6 -8.4
    endloop
  endfacet
  facet normal 0.7604059656000256 -0.64944804833019 -9.338697169121478e-18
    outer loop
      vertex -2.912461179749811 101.1160269082529 -8.4
      vertex -2.5455844122715714 101.54558441227157 -8.4
      vertex -2.5455844122715714 101.54558441227157 -6
    endloop
  endfacet
  facet normal 0.6494480483301898 -0.7604059656000257 -9.106099814330062e-18
    outer loop
      vertex -2.5455844122715714 101.54558441227157 -8.4
      vertex -2.1160269082529033 101.91246117974981 -8.4
      vertex -2.1160269082529033 101.91246117974981 -6
    endloop
  endfacet
  facet normal 0.5224985647159464 -0.8526401643540937 -5.6018783236547976e-18
    outer loop
      vertex -2.1160269082529033 101.91246117974981 -8.4
      vertex -1.6343657990623686 102.20762348707812 -8.4
      vertex -1.6343657990623686 102.20762348707812 -6
    endloop
  endfacet
  facet normal 0.3826834323650827 -0.9238795325112896 -2.0055448663718216e-18
    outer loop
      vertex -1.6343657990623686 102.20762348707812 -8.4
      vertex -1.1124611797498107 102.42380345866255 -8.4
      vertex -1.1124611797498107 102.42380345866255 -6
    endloop
  endfacet
  facet normal 0.2334453638559246 -0.972369920397672 0
    outer loop
      vertex -1.1124611797498107 102.42380345866255 -8.4
      vertex -0.5631640741448312 102.5556780261425 -8.4
      vertex -1.1124611797498107 102.42380345866255 -6
    endloop
  endfacet
  facet normal 0.07845909572782434 -0.9969173337331296 0
    outer loop
      vertex -0.5631640741448312 102.5556780261425 -8.4
      vertex 0 102.6 -8.4
      vertex -0.5631640741448312 102.5556780261425 -6
    endloop
  endfacet
  facet normal 1 0 0
    outer loop
      vertex -3.6 99 -8.4
      vertex -3.6 99 -6
      vertex -3.6 69 -6
    endloop
  endfacet
  facet normal 0.9969173337331282 -0.07845909572784393 0
    outer loop
      vertex -3.6 99 -8.4
      vertex -3.555678026142496 99.56316407414484 -6
      vertex -3.6 99 -6
    endloop
  endfacet
  facet normal 0.9723699203976763 -0.23344536385590656 0
    outer loop
      vertex -3.555678026142496 99.56316407414484 -8.4
      vertex -3.4238034586625528 100.11246117974981 -6
      vertex -3.555678026142496 99.56316407414484 -6
    endloop
  endfacet
  facet normal 0.9238795325112851 -0.38268343236509383 0
    outer loop
      vertex -3.2076234870781244 100.63436579906237 -8.4
      vertex -3.2076234870781244 100.63436579906237 -6
      vertex -3.4238034586625528 100.11246117974981 -6
    endloop
  endfacet
  facet normal 0.852640164354095 -0.5224985647159445 0
    outer loop
      vertex -3.2076234870781244 100.63436579906237 -8.4
      vertex -2.912461179749811 101.1160269082529 -6
      vertex -3.2076234870781244 100.63436579906237 -6
    endloop
  endfacet
  facet normal 0.7604059656000256 -0.64944804833019 0
    outer loop
      vertex -2.912461179749811 101.1160269082529 -8.4
      vertex -2.5455844122715714 101.54558441227157 -6
      vertex -2.912461179749811 101.1160269082529 -6
    endloop
  endfacet
  facet normal 0.6494480483301898 -0.7604059656000257 0
    outer loop
      vertex -2.5455844122715714 101.54558441227157 -8.4
      vertex -2.1160269082529033 101.91246117974981 -6
      vertex -2.5455844122715714 101.54558441227157 -6
    endloop
  endfacet
  facet normal 0.5224985647159464 -0.8526401643540937 0
    outer loop
      vertex -2.1160269082529033 101.91246117974981 -8.4
      vertex -1.6343657990623686 102.20762348707812 -6
      vertex -2.1160269082529033 101.91246117974981 -6
    endloop
  endfacet
  facet normal 0.3826834323650827 -0.9238795325112896 0
    outer loop
      vertex -1.6343657990623686 102.20762348707812 -8.4
      vertex -1.1124611797498107 102.42380345866255 -6
      vertex -1.6343657990623686 102.20762348707812 -6
    endloop
  endfacet
  facet normal 0.2334453638559246 -0.972369920397672 0
    outer loop
      vertex -0.5631640741448312 102.5556780261425 -8.4
      vertex -0.5631640741448312 102.5556780261425 -6
      vertex -1.1124611797498107 102.42380345866255 -6
    endloop
  endfacet
  facet normal 0.07845909572782434 -0.9969173337331296 0
    outer loop
      vertex 0 102.6 -8.4
      vertex 0 102.6 -6
      vertex -0.5631640741448312 102.5556780261425 -6
    endloop
  endfacet
  facet normal 0 0 1
    outer loop
      vertex 0 65.4 -8.4
      vertex 0.2502951440643694 67.41969865504778 -8.4
      vertex 0 67.4 -8.4
    endloop
  endfacet
  facet normal 0 0 1
    outer loop
      vertex 0 65.4 -8.4
      vertex 0.49442719099991583 67.47830957392776 -8.4
      vertex 0.2502951440643694 67.41969865504778 -8.4
    endloop
  endfacet
  facet normal 0 0 1
    outer loop
      vertex 0 65.4 -8.4
      vertex 0.726384799583275 67.57438956129862 -8.4
      vertex 0.49442719099991583 67.47830957392776 -8.4
    endloop
  endfacet
  facet normal 0 0 1
    outer loop
      vertex 0 65.4 -8.4
      vertex 0.5631640741448312 65.4443219738575 -8.4
      vertex 1.6343657990623686 65.79237651292188 -8.4
    endloop
  endfacet
  facet normal 0 0 1
    outer loop
      vertex 0.5631640741448312 65.4443219738575 -8.4
      vertex 1.1124611797498107 65.57619654133745 -8.4
      vertex 1.6343657990623686 65.79237651292188 -8.4
    endloop
  endfacet
  facet normal 0 0 1
    outer loop
      vertex 0 65.4 -8.4
      vertex 1.6343657990623686 65.79237651292188 -8.4
      vertex 2.5455844122715714 66.45441558772843 -8.4
    endloop
  endfacet
  facet normal 0 0 1
    outer loop
      vertex 0 65.4 -8.4
      vertex 3.6 69 -8.4
      vertex 0.726384799583275 67.57438956129862 -8.4
    endloop
  endfacet
  facet normal 0 0 1
    outer loop
      vertex 0.726384799583275 67.57438956129862 -8.4
      vertex 3.6 69 -8.4
      vertex 0.940456403667957 67.70557280900009 -8.4
    endloop
  endfacet
  facet normal 0 0 1
    outer loop
      vertex 0.940456403667957 67.70557280900009 -8.4
      vertex 3.6 69 -8.4
      vertex 1.1313708498984762 67.86862915010153 -8.4
    endloop
  endfacet
  facet normal 0 0 1
    outer loop
      vertex 0 65.4 -8.4
      vertex 2.5455844122715714 66.45441558772843 -8.4
      vertex 3.6 69 -8.4
    endloop
  endfacet
  facet normal 0 0 1
    outer loop
      vertex 1.1313708498984762 67.86862915010153 -8.4
      vertex 3.6 69 -8.4
      vertex 1.294427190999916 68.05954359633205 -8.4
    endloop
  endfacet
  facet normal 0 0 1
    outer loop
      vertex 1.6343657990623686 65.79237651292188 -8.4
      vertex 2.1160269082529033 66.08753882025019 -8.4
      vertex 2.5455844122715714 66.45441558772843 -8.4
    endloop
  endfacet
  facet normal 0 0 1
    outer loop
      vertex 1.294427190999916 68.05954359633205 -8.4
      vertex 3.6 69 -8.4
      vertex 1.4256104387013888 68.27361520041673 -8.4
    endloop
  endfacet
  facet normal 0 0 1
    outer loop
      vertex 1.4256104387013888 68.27361520041673 -8.4
      vertex 3.6 69 -8.4
      vertex 1.5216904260722457 68.50557280900009 -8.4
    endloop
  endfacet
  facet normal 0 0 1
    outer loop
      vertex 1.5216904260722457 68.50557280900009 -8.4
      vertex 3.6 69 -8.4
      vertex 1.5803013449522205 68.74970485593563 -8.4
    endloop
  endfacet
  facet normal 0 0 1
    outer loop
      vertex 1.5803013449522205 68.74970485593563 -8.4
      vertex 3.6 69 -8.4
      vertex 1.6 69 -8.4
    endloop
  endfacet
  facet normal -0.07845909572782434 0.9969173337331296 1.2415050045466079e-18
    outer loop
      vertex 0 65.4 -8.4
      vertex 0.5631640741448312 65.4443219738575 -6
      vertex 0.5631640741448312 65.4443219738575 -8.4
    endloop
  endfacet
  facet normal -0.2334453638559246 0.972369920397672 -1.9202349049776486e-18
    outer loop
      vertex 0.5631640741448312 65.4443219738575 -8.4
      vertex 1.1124611797498107 65.57619654133745 -6
      vertex 1.1124611797498107 65.57619654133745 -8.4
    endloop
  endfacet
  facet normal -0.3826834323650827 0.9238795325112896 0
    outer loop
      vertex 1.1124611797498107 65.57619654133745 -8.4
      vertex 1.1124611797498107 65.57619654133745 -6
      vertex 1.6343657990623686 65.79237651292188 -8.4
    endloop
  endfacet
  facet normal -0.5224985647159464 0.8526401643540937 -5.6018783236547976e-18
    outer loop
      vertex 1.6343657990623686 65.79237651292188 -8.4
      vertex 2.1160269082529033 66.08753882025019 -6
      vertex 2.1160269082529033 66.08753882025019 -8.4
    endloop
  endfacet
  facet normal -0.6494480483301898 0.7604059656000257 0
    outer loop
      vertex 2.1160269082529033 66.08753882025019 -8.4
      vertex 2.1160269082529033 66.08753882025019 -6
      vertex 2.5455844122715714 66.45441558772843 -8.4
    endloop
  endfacet
  facet normal 0 0 1
    outer loop
      vertex 2.5455844122715714 66.45441558772843 -8.4
      vertex 2.912461179749811 66.8839730917471 -8.4
      vertex 3.2076234870781244 67.36563420093763 -8.4
    endloop
  endfacet
  facet normal 0 0 1
    outer loop
      vertex 2.5455844122715714 66.45441558772843 -8.4
      vertex 3.2076234870781244 67.36563420093763 -8.4
      vertex 3.4238034586625528 67.88753882025019 -8.4
    endloop
  endfacet
  facet normal 0 0 1
    outer loop
      vertex 2.5455844122715714 66.45441558772843 -8.4
      vertex 3.4238034586625528 67.88753882025019 -8.4
      vertex 3.6 69 -8.4
    endloop
  endfacet
  facet normal 0 0 1
    outer loop
      vertex 3.4238034586625528 67.88753882025019 -8.4
      vertex 3.555678026142496 68.43683592585516 -8.4
      vertex 3.6 69 -8.4
    endloop
  endfacet
  facet normal 0 0 1
    outer loop
      vertex 1.6 69 -8.4
      vertex 3.6 69 -8.4
      vertex 3.555678026142496 99.56316407414484 -8.4
    endloop
  endfacet
  facet normal -0.7604059656000256 0.64944804833019 -9.338697169121478e-18
    outer loop
      vertex 2.5455844122715714 66.45441558772843 -8.4
      vertex 2.912461179749811 66.8839730917471 -6
      vertex 2.912461179749811 66.8839730917471 -8.4
    endloop
  endfacet
  facet normal -0.852640164354095 0.5224985647159445 0
    outer loop
      vertex 2.912461179749811 66.8839730917471 -8.4
      vertex 2.912461179749811 66.8839730917471 -6
      vertex 3.2076234870781244 67.36563420093763 -8.4
    endloop
  endfacet
  facet normal -0.9238795325112851 0.38268343236509383 1.3245834051522524e-18
    outer loop
      vertex 3.2076234870781244 67.36563420093763 -8.4
      vertex 3.4238034586625528 67.88753882025019 -6
      vertex 3.4238034586625528 67.88753882025019 -8.4
    endloop
  endfacet
  facet normal -0.9723699203976763 0.23344536385590656 -2.919715005469267e-18
    outer loop
      vertex 3.4238034586625528 67.88753882025019 -8.4
      vertex 3.555678026142496 68.43683592585516 -6
      vertex 3.555678026142496 68.43683592585516 -8.4
    endloop
  endfacet
  facet normal -0.9969173337331282 0.07845909572784393 0
    outer loop
      vertex 3.555678026142496 68.43683592585516 -8.4
      vertex 3.555678026142496 68.43683592585516 -6
      vertex 3.6 69 -8.4
    endloop
  endfacet
  facet normal -0.07845909572782434 0.9969173337331296 0
    outer loop
      vertex 0 65.4 -8.4
      vertex 0 65.4 -6
      vertex 0.5631640741448312 65.4443219738575 -6
    endloop
  endfacet
  facet normal -0.2334453638559246 0.972369920397672 0
    outer loop
      vertex 0.5631640741448312 65.4443219738575 -8.4
      vertex 0.5631640741448312 65.4443219738575 -6
      vertex 1.1124611797498107 65.57619654133745 -6
    endloop
  endfacet
  facet normal -0.3826834323650827 0.9238795325112896 0
    outer loop
      vertex 1.6343657990623686 65.79237651292188 -8.4
      vertex 1.1124611797498107 65.57619654133745 -6
      vertex 1.6343657990623686 65.79237651292188 -6
    endloop
  endfacet
  facet normal -0.5224985647159464 0.8526401643540937 0
    outer loop
      vertex 1.6343657990623686 65.79237651292188 -8.4
      vertex 1.6343657990623686 65.79237651292188 -6
      vertex 2.1160269082529033 66.08753882025019 -6
    endloop
  endfacet
  facet normal -0.6494480483301898 0.7604059656000257 0
    outer loop
      vertex 2.5455844122715714 66.45441558772843 -8.4
      vertex 2.1160269082529033 66.08753882025019 -6
      vertex 2.5455844122715714 66.45441558772843 -6
    endloop
  endfacet
  facet normal -0.7604059656000256 0.64944804833019 0
    outer loop
      vertex 2.5455844122715714 66.45441558772843 -8.4
      vertex 2.5455844122715714 66.45441558772843 -6
      vertex 2.912461179749811 66.8839730917471 -6
    endloop
  endfacet
  facet normal -0.852640164354095 0.5224985647159445 0
    outer loop
      vertex 3.2076234870781244 67.36563420093763 -8.4
      vertex 2.912461179749811 66.8839730917471 -6
      vertex 3.2076234870781244 67.36563420093763 -6
    endloop
  endfacet
  facet normal -0.9238795325112851 0.38268343236509383 0
    outer loop
      vertex 3.2076234870781244 67.36563420093763 -8.4
      vertex 3.2076234870781244 67.36563420093763 -6
      vertex 3.4238034586625528 67.88753882025019 -6
    endloop
  endfacet
  facet normal -0.9723699203976763 0.23344536385590656 0
    outer loop
      vertex 3.4238034586625528 67.88753882025019 -8.4
      vertex 3.4238034586625528 67.88753882025019 -6
      vertex 3.555678026142496 68.43683592585516 -6
    endloop
  endfacet
  facet normal -0.9969173337331282 0.07845909572784393 0
    outer loop
      vertex 3.6 69 -8.4
      vertex 3.555678026142496 68.43683592585516 -6
      vertex 3.6 69 -6
    endloop
  endfacet
  facet normal -1 0 0
    outer loop
      vertex 3.6 69 -8.4
      vertex 3.6 69 -6
      vertex 3.6 99 -6
    endloop
  endfacet
  facet normal 0 0 1
    outer loop
      vertex 0 100.6 -8.4
      vertex 0.2502951440643694 100.58030134495222 -8.4
      vertex 0 102.6 -8.4
    endloop
  endfacet
  facet normal 0 0 1
    outer loop
      vertex 0.2502951440643694 100.58030134495222 -8.4
      vertex 0.49442719099991583 100.52169042607224 -8.4
      vertex 0 102.6 -8.4
    endloop
  endfacet
  facet normal 0 0 1
    outer loop
      vertex 0.49442719099991583 100.52169042607224 -8.4
      vertex 0.726384799583275 100.42561043870138 -8.4
      vertex 0 102.6 -8.4
    endloop
  endfacet
  facet normal 0 0 1
    outer loop
      vertex 0 102.6 -8.4
      vertex 0.726384799583275 100.42561043870138 -8.4
      vertex 0.940456403667957 100.29442719099991 -8.4
    endloop
  endfacet
  facet normal 0 0 1
    outer loop
      vertex 0 102.6 -8.4
      vertex 1.1124611797498107 102.42380345866255 -8.4
      vertex 0.5631640741448312 102.5556780261425 -8.4
    endloop
  endfacet
  facet normal 0 0 1
    outer loop
      vertex 0 102.6 -8.4
      vertex 0.940456403667957 100.29442719099991 -8.4
      vertex 1.1313708498984762 100.13137084989847 -8.4
    endloop
  endfacet
  facet normal 0 0 1
    outer loop
      vertex 0 102.6 -8.4
      vertex 1.1313708498984762 100.13137084989847 -8.4
      vertex 1.294427190999916 99.94045640366795 -8.4
    endloop
  endfacet
  facet normal 0 0 1
    outer loop
      vertex 0 102.6 -8.4
      vertex 2.1160269082529033 101.91246117974981 -8.4
      vertex 1.1124611797498107 102.42380345866255 -8.4
    endloop
  endfacet
  facet normal 0 0 1
    outer loop
      vertex 1.6 69 -8.4
      vertex 3.555678026142496 99.56316407414484 -8.4
      vertex 1.6 99 -8.4
    endloop
  endfacet
  facet normal 0 0 1
    outer loop
      vertex 0 102.6 -8.4
      vertex 1.294427190999916 99.94045640366795 -8.4
      vertex 3.555678026142496 99.56316407414484 -8.4
    endloop
  endfacet
  facet normal 0 0 1
    outer loop
      vertex 1.1124611797498107 102.42380345866255 -8.4
      vertex 2.1160269082529033 101.91246117974981 -8.4
      vertex 1.6343657990623686 102.20762348707812 -8.4
    endloop
  endfacet
  facet normal 0 0 1
    outer loop
      vertex 0 102.6 -8.4
      vertex 3.555678026142496 99.56316407414484 -8.4
      vertex 2.1160269082529033 101.91246117974981 -8.4
    endloop
  endfacet
  facet normal 0 0 1
    outer loop
      vertex 1.6 99 -8.4
      vertex 3.555678026142496 99.56316407414484 -8.4
      vertex 1.5803013449522205 99.25029514406437 -8.4
    endloop
  endfacet
  facet normal 0 0 1
    outer loop
      vertex 1.294427190999916 99.94045640366795 -8.4
      vertex 1.4256104387013888 99.72638479958327 -8.4
      vertex 3.555678026142496 99.56316407414484 -8.4
    endloop
  endfacet
  facet normal 0 0 1
    outer loop
      vertex 1.4256104387013888 99.72638479958327 -8.4
      vertex 1.5216904260722457 99.49442719099991 -8.4
      vertex 3.555678026142496 99.56316407414484 -8.4
    endloop
  endfacet
  facet normal 0 0 1
    outer loop
      vertex 1.5216904260722457 99.49442719099991 -8.4
      vertex 1.5803013449522205 99.25029514406437 -8.4
      vertex 3.555678026142496 99.56316407414484 -8.4
    endloop
  endfacet
  facet normal 0 0 1
    outer loop
      vertex 2.1160269082529033 101.91246117974981 -8.4
      vertex 2.912461179749811 101.1160269082529 -8.4
      vertex 2.5455844122715714 101.54558441227157 -8.4
    endloop
  endfacet
  facet normal -0.07845909572782434 -0.9969173337331296 -1.2415050045466079e-18
    outer loop
      vertex 0 102.6 -8.4
      vertex 0.5631640741448312 102.5556780261425 -8.4
      vertex 0.5631640741448312 102.5556780261425 -6
    endloop
  endfacet
  facet normal -0.2334453638559246 -0.972369920397672 0
    outer loop
      vertex 0.5631640741448312 102.5556780261425 -8.4
      vertex 1.1124611797498107 102.42380345866255 -8.4
      vertex 0.5631640741448312 102.5556780261425 -6
    endloop
  endfacet
  facet normal -0.3826834323650827 -0.9238795325112896 2.0055448663718216e-18
    outer loop
      vertex 1.1124611797498107 102.42380345866255 -8.4
      vertex 1.6343657990623686 102.20762348707812 -8.4
      vertex 1.6343657990623686 102.20762348707812 -6
    endloop
  endfacet
  facet normal -0.5224985647159464 -0.8526401643540937 0
    outer loop
      vertex 1.6343657990623686 102.20762348707812 -8.4
      vertex 2.1160269082529033 101.91246117974981 -8.4
      vertex 1.6343657990623686 102.20762348707812 -6
    endloop
  endfacet
  facet normal -0.6494480483301898 -0.7604059656000257 9.106099814330062e-18
    outer loop
      vertex 2.1160269082529033 101.91246117974981 -8.4
      vertex 2.5455844122715714 101.54558441227157 -8.4
      vertex 2.5455844122715714 101.54558441227157 -6
    endloop
  endfacet
  facet normal -0.7604059656000256 -0.64944804833019 0
    outer loop
      vertex 2.5455844122715714 101.54558441227157 -8.4
      vertex 2.912461179749811 101.1160269082529 -8.4
      vertex 2.5455844122715714 101.54558441227157 -6
    endloop
  endfacet
  facet normal 0 0 1
    outer loop
      vertex 3.6 69 -8.4
      vertex 3.6 99 -8.4
      vertex 3.555678026142496 99.56316407414484 -8.4
    endloop
  endfacet
  facet normal 0 0 1
    outer loop
      vertex 2.1160269082529033 101.91246117974981 -8.4
      vertex 3.555678026142496 99.56316407414484 -8.4
      vertex 2.912461179749811 101.1160269082529 -8.4
    endloop
  endfacet
  facet normal 0 0 1
    outer loop
      vertex 3.2076234870781244 100.63436579906237 -8.4
      vertex 2.912461179749811 101.1160269082529 -8.4
      vertex 3.555678026142496 99.56316407414484 -8.4
    endloop
  endfacet
  facet normal 0 0 1
    outer loop
      vertex 3.2076234870781244 100.63436579906237 -8.4
      vertex 3.555678026142496 99.56316407414484 -8.4
      vertex 3.4238034586625528 100.11246117974981 -8.4
    endloop
  endfacet
  facet normal -1 0 0
    outer loop
      vertex 3.6 69 -8.4
      vertex 3.6 99 -6
      vertex 3.6 99 -8.4
    endloop
  endfacet
  facet normal -0.852640164354095 -0.5224985647159445 0
    outer loop
      vertex 3.2076234870781244 100.63436579906237 -8.4
      vertex 3.2076234870781244 100.63436579906237 -6
      vertex 2.912461179749811 101.1160269082529 -8.4
    endloop
  endfacet
  facet normal -0.9238795325112851 -0.38268343236509383 -1.3245834051522524e-18
    outer loop
      vertex 3.2076234870781244 100.63436579906237 -8.4
      vertex 3.4238034586625528 100.11246117974981 -8.4
      vertex 3.4238034586625528 100.11246117974981 -6
    endloop
  endfacet
  facet normal -0.9969173337331282 -0.07845909572784393 0
    outer loop
      vertex 3.6 99 -8.4
      vertex 3.6 99 -6
      vertex 3.555678026142496 99.56316407414484 -8.4
    endloop
  endfacet
  facet normal -0.9723699203976763 -0.23344536385590656 0
    outer loop
      vertex 3.4238034586625528 100.11246117974981 -8.4
      vertex 3.555678026142496 99.56316407414484 -8.4
      vertex 3.4238034586625528 100.11246117974981 -6
    endloop
  endfacet
  facet normal -0.07845909572782434 -0.9969173337331296 0
    outer loop
      vertex 0 102.6 -8.4
      vertex 0.5631640741448312 102.5556780261425 -6
      vertex 0 102.6 -6
    endloop
  endfacet
  facet normal -0.3826834323650827 -0.9238795325112896 0
    outer loop
      vertex 1.1124611797498107 102.42380345866255 -8.4
      vertex 1.6343657990623686 102.20762348707812 -6
      vertex 1.1124611797498107 102.42380345866255 -6
    endloop
  endfacet
  facet normal -0.2334453638559246 -0.972369920397672 0
    outer loop
      vertex 1.1124611797498107 102.42380345866255 -8.4
      vertex 1.1124611797498107 102.42380345866255 -6
      vertex 0.5631640741448312 102.5556780261425 -6
    endloop
  endfacet
  facet normal -0.5224985647159464 -0.8526401643540937 0
    outer loop
      vertex 2.1160269082529033 101.91246117974981 -8.4
      vertex 2.1160269082529033 101.91246117974981 -6
      vertex 1.6343657990623686 102.20762348707812 -6
    endloop
  endfacet
  facet normal -0.6494480483301898 -0.7604059656000257 0
    outer loop
      vertex 2.1160269082529033 101.91246117974981 -8.4
      vertex 2.5455844122715714 101.54558441227157 -6
      vertex 2.1160269082529033 101.91246117974981 -6
    endloop
  endfacet
  facet normal -0.7604059656000256 -0.64944804833019 0
    outer loop
      vertex 2.912461179749811 101.1160269082529 -8.4
      vertex 2.912461179749811 101.1160269082529 -6
      vertex 2.5455844122715714 101.54558441227157 -6
    endloop
  endfacet
  facet normal -0.852640164354095 -0.5224985647159445 0
    outer loop
      vertex 2.912461179749811 101.1160269082529 -8.4
      vertex 3.2076234870781244 100.63436579906237 -6
      vertex 2.912461179749811 101.1160269082529 -6
    endloop
  endfacet
  facet normal -0.9238795325112851 -0.38268343236509383 0
    outer loop
      vertex 3.2076234870781244 100.63436579906237 -8.4
      vertex 3.4238034586625528 100.11246117974981 -6
      vertex 3.2076234870781244 100.63436579906237 -6
    endloop
  endfacet
  facet normal -0.9723699203976763 -0.23344536385590656 0
    outer loop
      vertex 3.555678026142496 99.56316407414484 -8.4
      vertex 3.555678026142496 99.56316407414484 -6
      vertex 3.4238034586625528 100.11246117974981 -6
    endloop
  endfacet
  facet normal -0.9969173337331282 -0.07845909572784393 0
    outer loop
      vertex 3.555678026142496 99.56316407414484 -8.4
      vertex 3.6 99 -6
      vertex 3.555678026142496 99.56316407414484 -6
    endloop
  endfacet
  facet normal 0 0 -1
    outer loop
      vertex -11 -14 -12
      vertex -7.08030134495222 -4.75029514406437 -12
      vertex -7.0216904260722455 -4.994427190999916 -12
    endloop
  endfacet
  facet normal 0 0 -1
    outer loop
      vertex -11 -14 -12
      vertex -7.0216904260722455 -4.994427190999916 -12
      vertex -6.925610438701389 -5.226384799583275 -12
    endloop
  endfacet
  facet normal 0 0 -1
    outer loop
      vertex -11 -14 -12
      vertex -7.1 -4.5 -12
      vertex -7.08030134495222 -4.75029514406437 -12
    endloop
  endfacet
  facet normal 0 0 -1
    outer loop
      vertex -11 -14 -12
      vertex -6.925610438701389 -5.226384799583275 -12
      vertex -6.794427190999916 -5.440456403667957 -12
    endloop
  endfacet
  facet normal 0 0 -1
    outer loop
      vertex -11 -14 -12
      vertex -6.794427190999916 -5.440456403667957 -12
      vertex -6.6313708498984765 -5.6313708498984765 -12
    endloop
  endfacet
  facet normal 0 0 -1
    outer loop
      vertex -11 -14 -12
      vertex -6.6313708498984765 -5.6313708498984765 -12
      vertex -6.440456403667957 -5.794427190999916 -12
    endloop
  endfacet
  facet normal 0 0 -1
    outer loop
      vertex -11 -14 -12
      vertex -6.440456403667957 -5.794427190999916 -12
      vertex -6.226384799583275 -5.925610438701389 -12
    endloop
  endfacet
  facet normal 0 0 -1
    outer loop
      vertex -11 -14 -12
      vertex -6.226384799583275 -5.925610438701389 -12
      vertex -5.994427190999916 -6.0216904260722455 -12
    endloop
  endfacet
  facet normal 0 0 -1
    outer loop
      vertex -11 -14 -12
      vertex -5.994427190999916 -6.0216904260722455 -12
      vertex -5.75029514406437 -6.08030134495222 -12
    endloop
  endfacet
  facet normal 0 0 -1
    outer loop
      vertex -11 -14 -12
      vertex -5.75029514406437 -6.08030134495222 -12
      vertex -5.5 -6.1 -12
    endloop
  endfacet
  facet normal 0 0 -1
    outer loop
      vertex -11 -14 -12
      vertex -5.5 -6.1 -12
      vertex -5.24970485593563 -6.08030134495222 -12
    endloop
  endfacet
  facet normal 0 0 -1
    outer loop
      vertex -11 -14 -12
      vertex -1.6 69 -12
      vertex -7.1 -4.5 -12
    endloop
  endfacet
  facet normal 0 0 -1
    outer loop
      vertex -11 -14 -12
      vertex -11 182 -12
      vertex -1.6 69 -12
    endloop
  endfacet
  facet normal 0 0 -1
    outer loop
      vertex -7.1 -4.5 -12
      vertex -1.6 69 -12
      vertex -7.08030134495222 -4.24970485593563 -12
    endloop
  endfacet
  facet normal 0 0 -1
    outer loop
      vertex -1.5803013449522205 68.74970485593563 -12
      vertex -7.0216904260722455 -4.005572809000084 -12
      vertex -7.08030134495222 -4.24970485593563 -12
    endloop
  endfacet
  facet normal 0 0 -1
    outer loop
      vertex -1.5216904260722457 68.50557280900009 -12
      vertex -6.925610438701389 -3.773615200416725 -12
      vertex -7.0216904260722455 -4.005572809000084 -12
    endloop
  endfacet
  facet normal 0 0 -1
    outer loop
      vertex -1.4256104387013888 68.27361520041673 -12
      vertex -6.794427190999916 -3.559543596332043 -12
      vertex -6.925610438701389 -3.773615200416725 -12
    endloop
  endfacet
  facet normal 0 0 -1
    outer loop
      vertex -1.294427190999916 68.05954359633205 -12
      vertex -6.6313708498984765 -3.3686291501015235 -12
      vertex -6.794427190999916 -3.559543596332043 -12
    endloop
  endfacet
  facet normal 0 0 -1
    outer loop
      vertex -1.1313708498984762 67.86862915010153 -12
      vertex -6.440456403667957 -3.205572809000084 -12
      vertex -6.6313708498984765 -3.3686291501015235 -12
    endloop
  endfacet
  facet normal 0 0 -1
    outer loop
      vertex -0.940456403667957 67.70557280900009 -12
      vertex -6.226384799583275 -3.074389561298611 -12
      vertex -6.440456403667957 -3.205572809000084 -12
    endloop
  endfacet
  facet normal 0 0 -1
    outer loop
      vertex -0.726384799583275 67.57438956129862 -12
      vertex -5.994427190999916 -2.9783095739277545 -12
      vertex -6.226384799583275 -3.074389561298611 -12
    endloop
  endfacet
  facet normal 0 0 -1
    outer loop
      vertex -0.49442719099991583 67.47830957392776 -12
      vertex -5.75029514406437 -2.9196986550477795 -12
      vertex -5.994427190999916 -2.9783095739277545 -12
    endloop
  endfacet
  facet normal 0 0 -1
    outer loop
      vertex -0.2502951440643694 67.41969865504778 -12
      vertex -5.5 -2.9 -12
      vertex -5.75029514406437 -2.9196986550477795 -12
    endloop
  endfacet
  facet normal 0 0 -1
    outer loop
      vertex -5.5 -2.9 -12
      vertex 0 67.4 -12
      vertex -5.24970485593563 -2.9196986550477795 -12
    endloop
  endfacet
  facet normal 0 0 -1
    outer loop
      vertex -5.24970485593563 -2.9196986550477795 -12
      vertex 0.2502951440643694 67.41969865504778 -12
      vertex -5.005572809000084 -2.9783095739277545 -12
    endloop
  endfacet
  facet normal 0 0 -1
    outer loop
      vertex -5.005572809000084 -2.9783095739277545 -12
      vertex 0.49442719099991583 67.47830957392776 -12
      vertex -4.773615200416725 -3.074389561298611 -12
    endloop
  endfacet
  facet normal 0 0 -1
    outer loop
      vertex -4.773615200416725 -3.074389561298611 -12
      vertex 0.726384799583275 67.57438956129862 -12
      vertex -4.559543596332043 -3.205572809000084 -12
    endloop
  endfacet
  facet normal 0 0 -1
    outer loop
      vertex -11 -14 -12
      vertex -5.24970485593563 -6.08030134495222 -12
      vertex 11 -14 -12
    endloop
  endfacet
  facet normal 0 0 -1
    outer loop
      vertex -4.559543596332043 -5.794427190999916 -12
      vertex -4.3686291501015235 -5.6313708498984765 -12
      vertex 4.3686291501015235 -5.6313708498984765 -12
    endloop
  endfacet
  facet normal 0 0 -1
    outer loop
      vertex -4.3686291501015235 -5.6313708498984765 -12
      vertex -4.205572809000084 -5.440456403667957 -12
      vertex 4.205572809000084 -5.440456403667957 -12
    endloop
  endfacet
  facet normal 0 0 -1
    outer loop
      vertex -4.205572809000084 -5.440456403667957 -12
      vertex -4.074389561298611 -5.226384799583275 -12
      vertex 4.074389561298611 -5.226384799583275 -12
    endloop
  endfacet
  facet normal 0 0 -1
    outer loop
      vertex -4.3686291501015235 -3.3686291501015235 -12
      vertex 4.3686291501015235 -3.3686291501015235 -12
      vertex -4.205572809000084 -3.559543596332043 -12
    endloop
  endfacet
  facet normal 0 0 -1
    outer loop
      vertex -4.074389561298611 -5.226384799583275 -12
      vertex -3.9783095739277545 -4.994427190999916 -12
      vertex 3.9783095739277545 -4.994427190999916 -12
    endloop
  endfacet
  facet normal 0 0 -1
    outer loop
      vertex -3.9783095739277545 -4.994427190999916 -12
      vertex -3.9196986550477795 -4.75029514406437 -12
      vertex 3.9196986550477795 -4.75029514406437 -12
    endloop
  endfacet
  facet normal 0 0 -1
    outer loop
      vertex -3.9196986550477795 -4.75029514406437 -12
      vertex -3.9 -4.5 -12
      vertex 3.9 -4.5 -12
    endloop
  endfacet
  facet normal 0 0 -1
    outer loop
      vertex -3.9 -4.5 -12
      vertex -3.9196986550477795 -4.24970485593563 -12
      vertex 3.9196986550477795 -4.24970485593563 -12
    endloop
  endfacet
  facet normal 0 0 -1
    outer loop
      vertex -3.9783095739277545 -4.005572809000084 -12
      vertex 3.9783095739277545 -4.005572809000084 -12
      vertex -3.9196986550477795 -4.24970485593563 -12
    endloop
  endfacet
  facet normal 0 0 -1
    outer loop
      vertex -4.205572809000084 -3.559543596332043 -12
      vertex 4.205572809000084 -3.559543596332043 -12
      vertex -4.074389561298611 -3.773615200416725 -12
    endloop
  endfacet
  facet normal 0 0 -1
    outer loop
      vertex -4.074389561298611 -3.773615200416725 -12
      vertex 4.074389561298611 -3.773615200416725 -12
      vertex -3.9783095739277545 -4.005572809000084 -12
    endloop
  endfacet
  facet normal 0 0 -1
    outer loop
      vertex -4.559543596332043 -3.205572809000084 -12
      vertex 0.940456403667957 67.70557280900009 -12
      vertex -4.3686291501015235 -3.3686291501015235 -12
    endloop
  endfacet
  facet normal 0 0 -1
    outer loop
      vertex -1.5803013449522205 68.74970485593563 -12
      vertex -7.08030134495222 -4.24970485593563 -12
      vertex -1.6 69 -12
    endloop
  endfacet
  facet normal 0 0 -1
    outer loop
      vertex -1.5216904260722457 68.50557280900009 -12
      vertex -7.0216904260722455 -4.005572809000084 -12
      vertex -1.5803013449522205 68.74970485593563 -12
    endloop
  endfacet
  facet normal 0 0 -1
    outer loop
      vertex -1.4256104387013888 68.27361520041673 -12
      vertex -6.925610438701389 -3.773615200416725 -12
      vertex -1.5216904260722457 68.50557280900009 -12
    endloop
  endfacet
  facet normal 0 0 -1
    outer loop
      vertex -1.294427190999916 68.05954359633205 -12
      vertex -6.794427190999916 -3.559543596332043 -12
      vertex -1.4256104387013888 68.27361520041673 -12
    endloop
  endfacet
  facet normal 0 0 -1
    outer loop
      vertex -1.1313708498984762 67.86862915010153 -12
      vertex -6.6313708498984765 -3.3686291501015235 -12
      vertex -1.294427190999916 68.05954359633205 -12
    endloop
  endfacet
  facet normal 0 0 -1
    outer loop
      vertex -0.940456403667957 67.70557280900009 -12
      vertex -6.440456403667957 -3.205572809000084 -12
      vertex -1.1313708498984762 67.86862915010153 -12
    endloop
  endfacet
  facet normal 0 0 -1
    outer loop
      vertex -0.726384799583275 67.57438956129862 -12
      vertex -6.226384799583275 -3.074389561298611 -12
      vertex -0.940456403667957 67.70557280900009 -12
    endloop
  endfacet
  facet normal 0 0 -1
    outer loop
      vertex -0.49442719099991583 67.47830957392776 -12
      vertex -5.994427190999916 -2.9783095739277545 -12
      vertex -0.726384799583275 67.57438956129862 -12
    endloop
  endfacet
  facet normal 0 0 -1
    outer loop
      vertex -0.2502951440643694 67.41969865504778 -12
      vertex -5.75029514406437 -2.9196986550477795 -12
      vertex -0.49442719099991583 67.47830957392776 -12
    endloop
  endfacet
  facet normal 0 0 -1
    outer loop
      vertex -5.5 -2.9 -12
      vertex -0.2502951440643694 67.41969865504778 -12
      vertex 0 67.4 -12
    endloop
  endfacet
  facet normal 0 0 -1
    outer loop
      vertex -5.24970485593563 -2.9196986550477795 -12
      vertex 0 67.4 -12
      vertex 0.2502951440643694 67.41969865504778 -12
    endloop
  endfacet
  facet normal 0 0 -1
    outer loop
      vertex -5.005572809000084 -2.9783095739277545 -12
      vertex 0.2502951440643694 67.41969865504778 -12
      vertex 0.49442719099991583 67.47830957392776 -12
    endloop
  endfacet
  facet normal 0 0 -1
    outer loop
      vertex -4.773615200416725 -3.074389561298611 -12
      vertex 0.49442719099991583 67.47830957392776 -12
      vertex 0.726384799583275 67.57438956129862 -12
    endloop
  endfacet
  facet normal 0 0 -1
    outer loop
      vertex -4.559543596332043 -3.205572809000084 -12
      vertex 0.726384799583275 67.57438956129862 -12
      vertex 0.940456403667957 67.70557280900009 -12
    endloop
  endfacet
  facet normal 0 0 1
    outer loop
      vertex -11 -14 -6
      vertex -7.0216904260722455 -4.994427190999916 -6
      vertex -7.08030134495222 -4.75029514406437 -6
    endloop
  endfacet
  facet normal 0 0 1
    outer loop
      vertex -11 -14 -6
      vertex -6.925610438701389 -5.226384799583275 -6
      vertex -7.0216904260722455 -4.994427190999916 -6
    endloop
  endfacet
  facet normal 0 0 1
    outer loop
      vertex -11 -14 -6
      vertex -7.08030134495222 -4.75029514406437 -6
      vertex -7.1 -4.5 -6
    endloop
  endfacet
  facet normal 0 0 1
    outer loop
      vertex -11 -14 -6
      vertex -7.1 -4.5 -6
      vertex -7.08030134495222 -4.24970485593563 -6
    endloop
  endfacet
  facet normal 0 0 1
    outer loop
      vertex -11 -14 -6
      vertex -6.794427190999916 -5.440456403667957 -6
      vertex -6.925610438701389 -5.226384799583275 -6
    endloop
  endfacet
  facet normal 0 0 1
    outer loop
      vertex -11 -14 -6
      vertex -6.6313708498984765 -5.6313708498984765 -6
      vertex -6.794427190999916 -5.440456403667957 -6
    endloop
  endfacet
  facet normal 0 0 1
    outer loop
      vertex -11 -14 -6
      vertex -6.440456403667957 -5.794427190999916 -6
      vertex -6.6313708498984765 -5.6313708498984765 -6
    endloop
  endfacet
  facet normal 0 0 1
    outer loop
      vertex -11 -14 -6
      vertex -6.226384799583275 -5.925610438701389 -6
      vertex -6.440456403667957 -5.794427190999916 -6
    endloop
  endfacet
  facet normal 0 0 1
    outer loop
      vertex -11 -14 -6
      vertex -5.994427190999916 -6.0216904260722455 -6
      vertex -6.226384799583275 -5.925610438701389 -6
    endloop
  endfacet
  facet normal 0 0 1
    outer loop
      vertex -11 -14 -6
      vertex -5.75029514406437 -6.08030134495222 -6
      vertex -5.994427190999916 -6.0216904260722455 -6
    endloop
  endfacet
  facet normal 0 0 1
    outer loop
      vertex -11 -14 -6
      vertex -5.5 -6.1 -6
      vertex -5.75029514406437 -6.08030134495222 -6
    endloop
  endfacet
  facet normal 0 0 1
    outer loop
      vertex -11 -14 -6
      vertex -5.24970485593563 -6.08030134495222 -6
      vertex -5.5 -6.1 -6
    endloop
  endfacet
  facet normal 0 0 1
    outer loop
      vertex -11 -14 -6
      vertex -5.005572809000084 -6.0216904260722455 -6
      vertex -5.24970485593563 -6.08030134495222 -6
    endloop
  endfacet
  facet normal 0 0 1
    outer loop
      vertex -11 -14 -6
      vertex -4.773615200416725 -5.925610438701389 -6
      vertex -5.005572809000084 -6.0216904260722455 -6
    endloop
  endfacet
  facet normal 0 0 1
    outer loop
      vertex -11 -14 -6
      vertex -4.559543596332043 -5.794427190999916 -6
      vertex -4.773615200416725 -5.925610438701389 -6
    endloop
  endfacet
  facet normal 0 0 1
    outer loop
      vertex -11 -14 -6
      vertex -7.08030134495222 -4.24970485593563 -6
      vertex -3.555678026142496 68.43683592585516 -6
    endloop
  endfacet
  facet normal 0 0 1
    outer loop
      vertex -7.0216904260722455 -4.005572809000084 -6
      vertex -3.555678026142496 68.43683592585516 -6
      vertex -7.08030134495222 -4.24970485593563 -6
    endloop
  endfacet
  facet normal 0 0 1
    outer loop
      vertex -6.925610438701389 -3.773615200416725 -6
      vertex -3.4238034586625528 67.88753882025019 -6
      vertex -7.0216904260722455 -4.005572809000084 -6
    endloop
  endfacet
  facet normal 0 0 1
    outer loop
      vertex -6.794427190999916 -3.559543596332043 -6
      vertex -3.2076234870781244 67.36563420093763 -6
      vertex -6.925610438701389 -3.773615200416725 -6
    endloop
  endfacet
  facet normal -1 0 0
    outer loop
      vertex -11 -14 -12
      vertex -11 -14 -6
      vertex -11 182 -6
    endloop
  endfacet
  facet normal 0 0 1
    outer loop
      vertex -11 -14 -6
      vertex -3.555678026142496 68.43683592585516 -6
      vertex -3.6 69 -6
    endloop
  endfacet
  facet normal 0 0 1
    outer loop
      vertex -11 -14 -6
      vertex -3.6 69 -6
      vertex -3.6 99 -6
    endloop
  endfacet
  facet normal 0 -1 0
    outer loop
      vertex -11 -14 -12
      vertex 11 -14 -6
      vertex -11 -14 -6
    endloop
  endfacet
  facet normal 0 0 1
    outer loop
      vertex -11 -14 -6
      vertex 4.559543596332043 -5.794427190999916 -6
      vertex -4.559543596332043 -5.794427190999916 -6
    endloop
  endfacet
  facet normal 0 0 1
    outer loop
      vertex -6.6313708498984765 -3.3686291501015235 -6
      vertex -2.912461179749811 66.8839730917471 -6
      vertex -6.794427190999916 -3.559543596332043 -6
    endloop
  endfacet
  facet normal 0 0 1
    outer loop
      vertex -6.440456403667957 -3.205572809000084 -6
      vertex -2.5455844122715714 66.45441558772843 -6
      vertex -6.6313708498984765 -3.3686291501015235 -6
    endloop
  endfacet
  facet normal 0 0 1
    outer loop
      vertex -6.226384799583275 -3.074389561298611 -6
      vertex -2.1160269082529033 66.08753882025019 -6
      vertex -6.440456403667957 -3.205572809000084 -6
    endloop
  endfacet
  facet normal 0 0 1
    outer loop
      vertex -5.994427190999916 -2.9783095739277545 -6
      vertex -2.1160269082529033 66.08753882025019 -6
      vertex -6.226384799583275 -3.074389561298611 -6
    endloop
  endfacet
  facet normal 0 0 1
    outer loop
      vertex -5.75029514406437 -2.9196986550477795 -6
      vertex -2.1160269082529033 66.08753882025019 -6
      vertex -5.994427190999916 -2.9783095739277545 -6
    endloop
  endfacet
  facet normal 0 0 1
    outer loop
      vertex -5.5 -2.9 -6
      vertex -2.1160269082529033 66.08753882025019 -6
      vertex -5.75029514406437 -2.9196986550477795 -6
    endloop
  endfacet
  facet normal 0 0 1
    outer loop
      vertex -5.24970485593563 -2.9196986550477795 -6
      vertex -2.1160269082529033 66.08753882025019 -6
      vertex -5.5 -2.9 -6
    endloop
  endfacet
  facet normal 0 0 1
    outer loop
      vertex -5.005572809000084 -2.9783095739277545 -6
      vertex -2.1160269082529033 66.08753882025019 -6
      vertex -5.24970485593563 -2.9196986550477795 -6
    endloop
  endfacet
  facet normal 0 0 1
    outer loop
      vertex -4.773615200416725 -3.074389561298611 -6
      vertex -2.1160269082529033 66.08753882025019 -6
      vertex -5.005572809000084 -2.9783095739277545 -6
    endloop
  endfacet
  facet normal 0 0 1
    outer loop
      vertex -4.559543596332043 -3.205572809000084 -6
      vertex -2.1160269082529033 66.08753882025019 -6
      vertex -4.773615200416725 -3.074389561298611 -6
    endloop
  endfacet
  facet normal 0 0 1
    outer loop
      vertex -4.559543596332043 -3.205572809000084 -6
      vertex -4.3686291501015235 -3.3686291501015235 -6
      vertex -2.1160269082529033 66.08753882025019 -6
    endloop
  endfacet
  facet normal 0 0 1
    outer loop
      vertex -4.559543596332043 -5.794427190999916 -6
      vertex 4.3686291501015235 -5.6313708498984765 -6
      vertex -4.3686291501015235 -5.6313708498984765 -6
    endloop
  endfacet
  facet normal 0 0 1
    outer loop
      vertex -4.3686291501015235 -5.6313708498984765 -6
      vertex 4.205572809000084 -5.440456403667957 -6
      vertex -4.205572809000084 -5.440456403667957 -6
    endloop
  endfacet
  facet normal 0 0 1
    outer loop
      vertex -4.205572809000084 -5.440456403667957 -6
      vertex 4.074389561298611 -5.226384799583275 -6
      vertex -4.074389561298611 -5.226384799583275 -6
    endloop
  endfacet
  facet normal 0 0 1
    outer loop
      vertex -4.205572809000084 -3.559543596332043 -6
      vertex 4.3686291501015235 -3.3686291501015235 -6
      vertex -4.3686291501015235 -3.3686291501015235 -6
    endloop
  endfacet
  facet normal 0 0 1
    outer loop
      vertex -4.074389561298611 -5.226384799583275 -6
      vertex 3.9783095739277545 -4.994427190999916 -6
      vertex -3.9783095739277545 -4.994427190999916 -6
    endloop
  endfacet
  facet normal 0 0 1
    outer loop
      vertex -3.9783095739277545 -4.994427190999916 -6
      vertex 3.9196986550477795 -4.75029514406437 -6
      vertex -3.9196986550477795 -4.75029514406437 -6
    endloop
  endfacet
  facet normal 0 0 1
    outer loop
      vertex -3.9196986550477795 -4.75029514406437 -6
      vertex 3.9 -4.5 -6
      vertex -3.9 -4.5 -6
    endloop
  endfacet
  facet normal 0 0 1
    outer loop
      vertex -3.9 -4.5 -6
      vertex 3.9196986550477795 -4.24970485593563 -6
      vertex -3.9196986550477795 -4.24970485593563 -6
    endloop
  endfacet
  facet normal 0 0 1
    outer loop
      vertex -3.9196986550477795 -4.24970485593563 -6
      vertex 3.9783095739277545 -4.005572809000084 -6
      vertex -3.9783095739277545 -4.005572809000084 -6
    endloop
  endfacet
  facet normal 0 0 1
    outer loop
      vertex -4.074389561298611 -3.773615200416725 -6
      vertex 4.205572809000084 -3.559543596332043 -6
      vertex -4.205572809000084 -3.559543596332043 -6
    endloop
  endfacet
  facet normal 0 0 1
    outer loop
      vertex -3.9783095739277545 -4.005572809000084 -6
      vertex 4.074389561298611 -3.773615200416725 -6
      vertex -4.074389561298611 -3.773615200416725 -6
    endloop
  endfacet
  facet normal 0 0 1
    outer loop
      vertex -11 -14 -6
      vertex 4.773615200416725 -5.925610438701389 -6
      vertex 4.559543596332043 -5.794427190999916 -6
    endloop
  endfacet
  facet normal 0 0 1
    outer loop
      vertex -11 -14 -6
      vertex 5.005572809000084 -6.0216904260722455 -6
      vertex 4.773615200416725 -5.925610438701389 -6
    endloop
  endfacet
  facet normal 0 0 1
    outer loop
      vertex -11 -14 -6
      vertex 5.24970485593563 -6.08030134495222 -6
      vertex 5.005572809000084 -6.0216904260722455 -6
    endloop
  endfacet
  facet normal 0 0 1
    outer loop
      vertex -4.3686291501015235 -3.3686291501015235 -6
      vertex 4.3686291501015235 -3.3686291501015235 -6
      vertex -2.1160269082529033 66.08753882025019 -6
    endloop
  endfacet
  facet normal 0 0 1
    outer loop
      vertex -7.0216904260722455 -4.005572809000084 -6
      vertex -3.4238034586625528 67.88753882025019 -6
      vertex -3.555678026142496 68.43683592585516 -6
    endloop
  endfacet
  facet normal 0 0 1
    outer loop
      vertex -6.925610438701389 -3.773615200416725 -6
      vertex -3.2076234870781244 67.36563420093763 -6
      vertex -3.4238034586625528 67.88753882025019 -6
    endloop
  endfacet
  facet normal 0 0 1
    outer loop
      vertex -6.794427190999916 -3.559543596332043 -6
      vertex -2.912461179749811 66.8839730917471 -6
      vertex -3.2076234870781244 67.36563420093763 -6
    endloop
  endfacet
  facet normal 0 0 1
    outer loop
      vertex -6.6313708498984765 -3.3686291501015235 -6
      vertex -2.5455844122715714 66.45441558772843 -6
      vertex -2.912461179749811 66.8839730917471 -6
    endloop
  endfacet
  facet normal 0 0 1
    outer loop
      vertex -6.440456403667957 -3.205572809000084 -6
      vertex -2.1160269082529033 66.08753882025019 -6
      vertex -2.5455844122715714 66.45441558772843 -6
    endloop
  endfacet
  facet normal -1 0 0
    outer loop
      vertex -11 -14 -12
      vertex -11 182 -6
      vertex -11 182 -12
    endloop
  endfacet
  facet normal 0 0 -1
    outer loop
      vertex -11 182 -12
      vertex -7.08030134495222 172.25029514406438 -12
      vertex -7.1 172 -12
    endloop
  endfacet
  facet normal 0 0 -1
    outer loop
      vertex -11 182 -12
      vertex -7.0216904260722455 172.49442719099991 -12
      vertex -7.08030134495222 172.25029514406438 -12
    endloop
  endfacet
  facet normal 0 0 -1
    outer loop
      vertex -11 182 -12
      vertex -6.925610438701389 172.7263847995833 -12
      vertex -7.0216904260722455 172.49442719099991 -12
    endloop
  endfacet
  facet normal 0 0 -1
    outer loop
      vertex -11 182 -12
      vertex -7.1 172 -12
      vertex -1.6 99 -12
    endloop
  endfacet
  facet normal 0 0 -1
    outer loop
      vertex -11 182 -12
      vertex -6.794427190999916 172.94045640366795 -12
      vertex -6.925610438701389 172.7263847995833 -12
    endloop
  endfacet
  facet normal 0 0 -1
    outer loop
      vertex -11 182 -12
      vertex -6.6313708498984765 173.13137084989847 -12
      vertex -6.794427190999916 172.94045640366795 -12
    endloop
  endfacet
  facet normal 0 0 -1
    outer loop
      vertex -11 182 -12
      vertex -6.440456403667957 173.29442719099993 -12
      vertex -6.6313708498984765 173.13137084989847 -12
    endloop
  endfacet
  facet normal 0 0 -1
    outer loop
      vertex -11 182 -12
      vertex -6.226384799583275 173.4256104387014 -12
      vertex -6.440456403667957 173.29442719099993 -12
    endloop
  endfacet
  facet normal 0 0 -1
    outer loop
      vertex -11 182 -12
      vertex -5.994427190999916 173.52169042607224 -12
      vertex -6.226384799583275 173.4256104387014 -12
    endloop
  endfacet
  facet normal 0 0 -1
    outer loop
      vertex -11 182 -12
      vertex -5.75029514406437 173.58030134495223 -12
      vertex -5.994427190999916 173.52169042607224 -12
    endloop
  endfacet
  facet normal 0 0 -1
    outer loop
      vertex -11 182 -12
      vertex -5.5 173.6 -12
      vertex -5.75029514406437 173.58030134495223 -12
    endloop
  endfacet
  facet normal 0 0 -1
    outer loop
      vertex -11 182 -12
      vertex -5.24970485593563 173.58030134495223 -12
      vertex -5.5 173.6 -12
    endloop
  endfacet
  facet normal 0 0 -1
    outer loop
      vertex -11 182 -12
      vertex -1.6 99 -12
      vertex -1.6 69 -12
    endloop
  endfacet
  facet normal 0 0 -1
    outer loop
      vertex -1.6 99 -12
      vertex -6.925610438701389 171.2736152004167 -12
      vertex -1.5803013449522205 99.25029514406437 -12
    endloop
  endfacet
  facet normal 0 0 -1
    outer loop
      vertex -1.5803013449522205 99.25029514406437 -12
      vertex -6.794427190999916 171.05954359633205 -12
      vertex -1.5216904260722457 99.49442719099991 -12
    endloop
  endfacet
  facet normal 0 0 -1
    outer loop
      vertex -1.5216904260722457 99.49442719099991 -12
      vertex -6.6313708498984765 170.86862915010153 -12
      vertex -1.4256104387013888 99.72638479958327 -12
    endloop
  endfacet
  facet normal 0 0 -1
    outer loop
      vertex -1.4256104387013888 99.72638479958327 -12
      vertex -6.226384799583275 170.5743895612986 -12
      vertex -1.294427190999916 99.94045640366795 -12
    endloop
  endfacet
  facet normal 0 0 -1
    outer loop
      vertex -1.294427190999916 99.94045640366795 -12
      vertex -5.994427190999916 170.47830957392776 -12
      vertex -1.1313708498984762 100.13137084989847 -12
    endloop
  endfacet
  facet normal 0 0 -1
    outer loop
      vertex -7.1 172 -12
      vertex -7.08030134495222 171.74970485593562 -12
      vertex -1.6 99 -12
    endloop
  endfacet
  facet normal 0 0 -1
    outer loop
      vertex -7.08030134495222 171.74970485593562 -12
      vertex -7.0216904260722455 171.50557280900009 -12
      vertex -1.6 99 -12
    endloop
  endfacet
  facet normal 0 0 -1
    outer loop
      vertex -7.0216904260722455 171.50557280900009 -12
      vertex -6.925610438701389 171.2736152004167 -12
      vertex -1.6 99 -12
    endloop
  endfacet
  facet normal 0 0 -1
    outer loop
      vertex -6.925610438701389 171.2736152004167 -12
      vertex -6.794427190999916 171.05954359633205 -12
      vertex -1.5803013449522205 99.25029514406437 -12
    endloop
  endfacet
  facet normal 0 0 -1
    outer loop
      vertex -6.794427190999916 171.05954359633205 -12
      vertex -6.6313708498984765 170.86862915010153 -12
      vertex -1.5216904260722457 99.49442719099991 -12
    endloop
  endfacet
  facet normal 0 0 -1
    outer loop
      vertex -6.6313708498984765 170.86862915010153 -12
      vertex -6.440456403667957 170.70557280900007 -12
      vertex -1.4256104387013888 99.72638479958327 -12
    endloop
  endfacet
  facet normal 0 0 -1
    outer loop
      vertex -1.4256104387013888 99.72638479958327 -12
      vertex -6.440456403667957 170.70557280900007 -12
      vertex -6.226384799583275 170.5743895612986 -12
    endloop
  endfacet
  facet normal 0 0 -1
    outer loop
      vertex -6.226384799583275 170.5743895612986 -12
      vertex -5.994427190999916 170.47830957392776 -12
      vertex -1.294427190999916 99.94045640366795 -12
    endloop
  endfacet
  facet normal 0 0 -1
    outer loop
      vertex -5.994427190999916 170.47830957392776 -12
      vertex -5.75029514406437 170.41969865504777 -12
      vertex -1.1313708498984762 100.13137084989847 -12
    endloop
  endfacet
  facet normal 0 0 -1
    outer loop
      vertex -5.75029514406437 170.41969865504777 -12
      vertex -5.5 170.4 -12
      vertex -1.1313708498984762 100.13137084989847 -12
    endloop
  endfacet
  facet normal 0 0 -1
    outer loop
      vertex -5.5 170.4 -12
      vertex -5.24970485593563 170.41969865504777 -12
      vertex -1.1313708498984762 100.13137084989847 -12
    endloop
  endfacet
  facet normal 0 0 -1
    outer loop
      vertex -5.24970485593563 170.41969865504777 -12
      vertex -5.005572809000084 170.47830957392776 -12
      vertex -1.1313708498984762 100.13137084989847 -12
    endloop
  endfacet
  facet normal 0 0 -1
    outer loop
      vertex -5.005572809000084 170.47830957392776 -12
      vertex -4.773615200416725 170.5743895612986 -12
      vertex -1.1313708498984762 100.13137084989847 -12
    endloop
  endfacet
  facet normal 0 0 -1
    outer loop
      vertex -4.773615200416725 170.5743895612986 -12
      vertex -4.559543596332043 170.70557280900007 -12
      vertex -1.1313708498984762 100.13137084989847 -12
    endloop
  endfacet
  facet normal 0 0 -1
    outer loop
      vertex -4.559543596332043 170.70557280900007 -12
      vertex 4.559543596332043 170.70557280900007 -12
      vertex -1.1313708498984762 100.13137084989847 -12
    endloop
  endfacet
  facet normal 0 0 -1
    outer loop
      vertex -4.559543596332043 170.70557280900007 -12
      vertex -4.3686291501015235 170.86862915010153 -12
      vertex 4.3686291501015235 170.86862915010153 -12
    endloop
  endfacet
  facet normal 0 0 -1
    outer loop
      vertex -4.3686291501015235 170.86862915010153 -12
      vertex -4.205572809000084 171.05954359633205 -12
      vertex 4.205572809000084 171.05954359633205 -12
    endloop
  endfacet
  facet normal 0 0 -1
    outer loop
      vertex -4.205572809000084 171.05954359633205 -12
      vertex -4.074389561298611 171.2736152004167 -12
      vertex 4.074389561298611 171.2736152004167 -12
    endloop
  endfacet
  facet normal 0 0 -1
    outer loop
      vertex -4.3686291501015235 173.13137084989847 -12
      vertex 4.3686291501015235 173.13137084989847 -12
      vertex -4.205572809000084 172.94045640366795 -12
    endloop
  endfacet
  facet normal 0 0 -1
    outer loop
      vertex -11 182 -12
      vertex 11 182 -12
      vertex -5.24970485593563 173.58030134495223 -12
    endloop
  endfacet
  facet normal 0 0 -1
    outer loop
      vertex -4.074389561298611 171.2736152004167 -12
      vertex -3.9783095739277545 171.50557280900009 -12
      vertex 3.9783095739277545 171.50557280900009 -12
    endloop
  endfacet
  facet normal 0 0 -1
    outer loop
      vertex -3.9783095739277545 171.50557280900009 -12
      vertex -3.9196986550477795 171.74970485593562 -12
      vertex 3.9196986550477795 171.74970485593562 -12
    endloop
  endfacet
  facet normal 0 0 -1
    outer loop
      vertex -3.9196986550477795 171.74970485593562 -12
      vertex -3.9 172 -12
      vertex 3.9 172 -12
    endloop
  endfacet
  facet normal 0 0 -1
    outer loop
      vertex -3.9 172 -12
      vertex -3.9196986550477795 172.25029514406438 -12
      vertex 3.9196986550477795 172.25029514406438 -12
    endloop
  endfacet
  facet normal 0 0 -1
    outer loop
      vertex -3.9783095739277545 172.49442719099991 -12
      vertex 3.9783095739277545 172.49442719099991 -12
      vertex -3.9196986550477795 172.25029514406438 -12
    endloop
  endfacet
  facet normal 0 0 -1
    outer loop
      vertex -4.074389561298611 172.7263847995833 -12
      vertex 4.074389561298611 172.7263847995833 -12
      vertex -3.9783095739277545 172.49442719099991 -12
    endloop
  endfacet
  facet normal 0 0 -1
    outer loop
      vertex -4.205572809000084 172.94045640366795 -12
      vertex 4.205572809000084 172.94045640366795 -12
      vertex -4.074389561298611 172.7263847995833 -12
    endloop
  endfacet
  facet normal 0 1 0
    outer loop
      vertex -11 182 -12
      vertex -11 182 -6
      vertex 11 182 -12
    endloop
  endfacet
  facet normal 0 0 1
    outer loop
      vertex -11 -14 -6
      vertex -3.6 99 -6
      vertex -11 182 -6
    endloop
  endfacet
  facet normal 0 0 1
    outer loop
      vertex -11 182 -6
      vertex -3.6 99 -6
      vertex -3.555678026142496 99.56316407414484 -6
    endloop
  endfacet
  facet normal 0 0 1
    outer loop
      vertex -11 182 -6
      vertex -3.555678026142496 99.56316407414484 -6
      vertex -3.4238034586625528 100.11246117974981 -6
    endloop
  endfacet
  facet normal 0 0 1
    outer loop
      vertex -11 182 -6
      vertex -3.4238034586625528 100.11246117974981 -6
      vertex -3.2076234870781244 100.63436579906237 -6
    endloop
  endfacet
  facet normal 0 0 1
    outer loop
      vertex -11 182 -6
      vertex -3.2076234870781244 100.63436579906237 -6
      vertex -2.912461179749811 101.1160269082529 -6
    endloop
  endfacet
  facet normal 0 0 1
    outer loop
      vertex -11 182 -6
      vertex -7.08030134495222 171.74970485593562 -6
      vertex -7.1 172 -6
    endloop
  endfacet
  facet normal 0 0 1
    outer loop
      vertex -11 182 -6
      vertex -7.1 172 -6
      vertex -7.08030134495222 172.25029514406438 -6
    endloop
  endfacet
  facet normal 0 0 1
    outer loop
      vertex -11 182 -6
      vertex -7.08030134495222 172.25029514406438 -6
      vertex -7.0216904260722455 172.49442719099991 -6
    endloop
  endfacet
  facet normal 0 0 1
    outer loop
      vertex -11 182 -6
      vertex -7.0216904260722455 172.49442719099991 -6
      vertex -6.925610438701389 172.7263847995833 -6
    endloop
  endfacet
  facet normal 0 0 1
    outer loop
      vertex -11 182 -6
      vertex -6.925610438701389 172.7263847995833 -6
      vertex -6.794427190999916 172.94045640366795 -6
    endloop
  endfacet
  facet normal 0 0 1
    outer loop
      vertex -11 182 -6
      vertex -6.794427190999916 172.94045640366795 -6
      vertex -6.6313708498984765 173.13137084989847 -6
    endloop
  endfacet
  facet normal 0 0 1
    outer loop
      vertex -11 182 -6
      vertex -6.6313708498984765 173.13137084989847 -6
      vertex -6.440456403667957 173.29442719099993 -6
    endloop
  endfacet
  facet normal 0 0 1
    outer loop
      vertex -11 182 -6
      vertex -6.440456403667957 173.29442719099993 -6
      vertex -6.226384799583275 173.4256104387014 -6
    endloop
  endfacet
  facet normal 0 0 1
    outer loop
      vertex -11 182 -6
      vertex -6.226384799583275 173.4256104387014 -6
      vertex -5.994427190999916 173.52169042607224 -6
    endloop
  endfacet
  facet normal 0 0 1
    outer loop
      vertex -11 182 -6
      vertex -5.994427190999916 173.52169042607224 -6
      vertex -5.75029514406437 173.58030134495223 -6
    endloop
  endfacet
  facet normal 0 0 1
    outer loop
      vertex -11 182 -6
      vertex -5.75029514406437 173.58030134495223 -6
      vertex -5.5 173.6 -6
    endloop
  endfacet
  facet normal 0 0 1
    outer loop
      vertex -11 182 -6
      vertex -5.5 173.6 -6
      vertex -5.24970485593563 173.58030134495223 -6
    endloop
  endfacet
  facet normal 0 0 1
    outer loop
      vertex -11 182 -6
      vertex -5.24970485593563 173.58030134495223 -6
      vertex -5.005572809000084 173.52169042607224 -6
    endloop
  endfacet
  facet normal 0 0 1
    outer loop
      vertex -11 182 -6
      vertex -5.005572809000084 173.52169042607224 -6
      vertex -4.773615200416725 173.4256104387014 -6
    endloop
  endfacet
  facet normal 0 0 1
    outer loop
      vertex -11 182 -6
      vertex -4.773615200416725 173.4256104387014 -6
      vertex -4.559543596332043 173.29442719099993 -6
    endloop
  endfacet
  facet normal 0 0 1
    outer loop
      vertex -11 182 -6
      vertex -4.559543596332043 173.29442719099993 -6
      vertex -4.3686291501015235 173.13137084989847 -6
    endloop
  endfacet
  facet normal 0 0 1
    outer loop
      vertex -11 182 -6
      vertex -2.912461179749811 101.1160269082529 -6
      vertex -2.5455844122715714 101.54558441227157 -6
    endloop
  endfacet
  facet normal 0 0 1
    outer loop
      vertex -11 182 -6
      vertex -2.5455844122715714 101.54558441227157 -6
      vertex -2.1160269082529033 101.91246117974981 -6
    endloop
  endfacet
  facet normal 0 0 1
    outer loop
      vertex -11 182 -6
      vertex -2.1160269082529033 101.91246117974981 -6
      vertex -1.6343657990623686 102.20762348707812 -6
    endloop
  endfacet
  facet normal 0 0 1
    outer loop
      vertex -11 182 -6
      vertex -1.6343657990623686 102.20762348707812 -6
      vertex -1.1124611797498107 102.42380345866255 -6
    endloop
  endfacet
  facet normal 0 0 1
    outer loop
      vertex -11 182 -6
      vertex -1.1124611797498107 102.42380345866255 -6
      vertex -0.5631640741448312 102.5556780261425 -6
    endloop
  endfacet
  facet normal 0 0 1
    outer loop
      vertex -11 182 -6
      vertex -0.5631640741448312 102.5556780261425 -6
      vertex 0 102.6 -6
    endloop
  endfacet
  facet normal 0 0 1
    outer loop
      vertex -11 182 -6
      vertex 0 102.6 -6
      vertex 0.5631640741448312 102.5556780261425 -6
    endloop
  endfacet
  facet normal 0 0 1
    outer loop
      vertex -11 182 -6
      vertex 0.5631640741448312 102.5556780261425 -6
      vertex 1.1124611797498107 102.42380345866255 -6
    endloop
  endfacet
  facet normal 0 0 1
    outer loop
      vertex -11 182 -6
      vertex 1.1124611797498107 102.42380345866255 -6
      vertex 1.6343657990623686 102.20762348707812 -6
    endloop
  endfacet
  facet normal 0 0 1
    outer loop
      vertex -11 182 -6
      vertex 1.6343657990623686 102.20762348707812 -6
      vertex 2.1160269082529033 101.91246117974981 -6
    endloop
  endfacet
  facet normal 0 0 1
    outer loop
      vertex -11 182 -6
      vertex 2.1160269082529033 101.91246117974981 -6
      vertex 2.5455844122715714 101.54558441227157 -6
    endloop
  endfacet
  facet normal 0 0 1
    outer loop
      vertex -11 182 -6
      vertex 2.5455844122715714 101.54558441227157 -6
      vertex 2.912461179749811 101.1160269082529 -6
    endloop
  endfacet
  facet normal 0 0 1
    outer loop
      vertex -11 182 -6
      vertex 2.912461179749811 101.1160269082529 -6
      vertex 3.2076234870781244 100.63436579906237 -6
    endloop
  endfacet
  facet normal 0 0 1
    outer loop
      vertex -11 182 -6
      vertex 3.2076234870781244 100.63436579906237 -6
      vertex -7.08030134495222 171.74970485593562 -6
    endloop
  endfacet
  facet normal 0 0 1
    outer loop
      vertex -7.0216904260722455 171.50557280900009 -6
      vertex -7.08030134495222 171.74970485593562 -6
      vertex 3.2076234870781244 100.63436579906237 -6
    endloop
  endfacet
  facet normal 0 0 1
    outer loop
      vertex -6.925610438701389 171.2736152004167 -6
      vertex -7.0216904260722455 171.50557280900009 -6
      vertex 3.2076234870781244 100.63436579906237 -6
    endloop
  endfacet
  facet normal 0 0 1
    outer loop
      vertex -6.794427190999916 171.05954359633205 -6
      vertex -6.925610438701389 171.2736152004167 -6
      vertex 3.2076234870781244 100.63436579906237 -6
    endloop
  endfacet
  facet normal 0 0 1
    outer loop
      vertex -6.6313708498984765 170.86862915010153 -6
      vertex -6.794427190999916 171.05954359633205 -6
      vertex 3.2076234870781244 100.63436579906237 -6
    endloop
  endfacet
  facet normal 0 0 1
    outer loop
      vertex -6.440456403667957 170.70557280900007 -6
      vertex -6.6313708498984765 170.86862915010153 -6
      vertex 3.2076234870781244 100.63436579906237 -6
    endloop
  endfacet
  facet normal 0 0 1
    outer loop
      vertex -6.226384799583275 170.5743895612986 -6
      vertex -6.440456403667957 170.70557280900007 -6
      vertex 3.2076234870781244 100.63436579906237 -6
    endloop
  endfacet
  facet normal 0 0 1
    outer loop
      vertex -5.994427190999916 170.47830957392776 -6
      vertex -6.226384799583275 170.5743895612986 -6
      vertex 3.2076234870781244 100.63436579906237 -6
    endloop
  endfacet
  facet normal 0 0 1
    outer loop
      vertex -5.75029514406437 170.41969865504777 -6
      vertex -5.994427190999916 170.47830957392776 -6
      vertex 3.2076234870781244 100.63436579906237 -6
    endloop
  endfacet
  facet normal 0 0 1
    outer loop
      vertex -11 182 -6
      vertex -4.3686291501015235 173.13137084989847 -6
      vertex 4.3686291501015235 173.13137084989847 -6
    endloop
  endfacet
  facet normal 0 0 1
    outer loop
      vertex -5.5 170.4 -6
      vertex -5.75029514406437 170.41969865504777 -6
      vertex 3.2076234870781244 100.63436579906237 -6
    endloop
  endfacet
  facet normal 0 0 1
    outer loop
      vertex -5.24970485593563 170.41969865504777 -6
      vertex -5.5 170.4 -6
      vertex 3.2076234870781244 100.63436579906237 -6
    endloop
  endfacet
  facet normal 0 0 1
    outer loop
      vertex -5.005572809000084 170.47830957392776 -6
      vertex -5.24970485593563 170.41969865504777 -6
      vertex 3.2076234870781244 100.63436579906237 -6
    endloop
  endfacet
  facet normal 0 0 1
    outer loop
      vertex -4.773615200416725 170.5743895612986 -6
      vertex -5.005572809000084 170.47830957392776 -6
      vertex 4.773615200416725 170.5743895612986 -6
    endloop
  endfacet
  facet normal 0 0 1
    outer loop
      vertex -4.559543596332043 170.70557280900007 -6
      vertex -4.773615200416725 170.5743895612986 -6
      vertex 4.559543596332043 170.70557280900007 -6
    endloop
  endfacet
  facet normal 0 0 1
    outer loop
      vertex -4.559543596332043 170.70557280900007 -6
      vertex 4.3686291501015235 170.86862915010153 -6
      vertex -4.3686291501015235 170.86862915010153 -6
    endloop
  endfacet
  facet normal 0 0 1
    outer loop
      vertex -4.205572809000084 171.05954359633205 -6
      vertex -4.3686291501015235 170.86862915010153 -6
      vertex 4.205572809000084 171.05954359633205 -6
    endloop
  endfacet
  facet normal 0 0 1
    outer loop
      vertex -4.074389561298611 171.2736152004167 -6
      vertex -4.205572809000084 171.05954359633205 -6
      vertex 4.074389561298611 171.2736152004167 -6
    endloop
  endfacet
  facet normal 0 0 1
    outer loop
      vertex -4.3686291501015235 173.13137084989847 -6
      vertex -4.205572809000084 172.94045640366795 -6
      vertex 4.3686291501015235 173.13137084989847 -6
    endloop
  endfacet
  facet normal 0 0 1
    outer loop
      vertex -3.9783095739277545 171.50557280900009 -6
      vertex -4.074389561298611 171.2736152004167 -6
      vertex 3.9783095739277545 171.50557280900009 -6
    endloop
  endfacet
  facet normal 0 0 1
    outer loop
      vertex -3.9196986550477795 171.74970485593562 -6
      vertex -3.9783095739277545 171.50557280900009 -6
      vertex 3.9196986550477795 171.74970485593562 -6
    endloop
  endfacet
  facet normal 0 0 1
    outer loop
      vertex -3.9 172 -6
      vertex -3.9196986550477795 171.74970485593562 -6
      vertex 3.9 172 -6
    endloop
  endfacet
  facet normal 0 0 1
    outer loop
      vertex -3.9196986550477795 172.25029514406438 -6
      vertex -3.9 172 -6
      vertex 3.9196986550477795 172.25029514406438 -6
    endloop
  endfacet
  facet normal 0 0 1
    outer loop
      vertex -3.9783095739277545 172.49442719099991 -6
      vertex -3.9196986550477795 172.25029514406438 -6
      vertex 3.9783095739277545 172.49442719099991 -6
    endloop
  endfacet
  facet normal 0 0 1
    outer loop
      vertex -4.074389561298611 172.7263847995833 -6
      vertex -3.9783095739277545 172.49442719099991 -6
      vertex 4.074389561298611 172.7263847995833 -6
    endloop
  endfacet
  facet normal 0 0 1
    outer loop
      vertex -4.205572809000084 172.94045640366795 -6
      vertex -4.074389561298611 172.7263847995833 -6
      vertex 4.205572809000084 172.94045640366795 -6
    endloop
  endfacet
  facet normal 0 0 1
    outer loop
      vertex -11 182 -6
      vertex 4.3686291501015235 173.13137084989847 -6
      vertex 4.559543596332043 173.29442719099993 -6
    endloop
  endfacet
  facet normal 0 0 1
    outer loop
      vertex -11 182 -6
      vertex 4.559543596332043 173.29442719099993 -6
      vertex 4.773615200416725 173.4256104387014 -6
    endloop
  endfacet
  facet normal 0 0 1
    outer loop
      vertex -11 182 -6
      vertex 4.773615200416725 173.4256104387014 -6
      vertex 5.005572809000084 173.52169042607224 -6
    endloop
  endfacet
  facet normal 0 0 1
    outer loop
      vertex -11 182 -6
      vertex 5.005572809000084 173.52169042607224 -6
      vertex 5.24970485593563 173.58030134495223 -6
    endloop
  endfacet
  facet normal 0 0 -1
    outer loop
      vertex 11 -14 -12
      vertex -5.24970485593563 -6.08030134495222 -12
      vertex -5.005572809000084 -6.0216904260722455 -12
    endloop
  endfacet
  facet normal 0 0 -1
    outer loop
      vertex 11 -14 -12
      vertex -5.005572809000084 -6.0216904260722455 -12
      vertex -4.773615200416725 -5.925610438701389 -12
    endloop
  endfacet
  facet normal 0 0 -1
    outer loop
      vertex 11 -14 -12
      vertex -4.773615200416725 -5.925610438701389 -12
      vertex -4.559543596332043 -5.794427190999916 -12
    endloop
  endfacet
  facet normal 0 0 -1
    outer loop
      vertex -3.9783095739277545 -4.994427190999916 -12
      vertex 3.9196986550477795 -4.75029514406437 -12
      vertex 3.9783095739277545 -4.994427190999916 -12
    endloop
  endfacet
  facet normal 0 0 -1
    outer loop
      vertex -4.074389561298611 -5.226384799583275 -12
      vertex 3.9783095739277545 -4.994427190999916 -12
      vertex 4.074389561298611 -5.226384799583275 -12
    endloop
  endfacet
  facet normal 0 0 -1
    outer loop
      vertex -4.205572809000084 -5.440456403667957 -12
      vertex 4.074389561298611 -5.226384799583275 -12
      vertex 4.205572809000084 -5.440456403667957 -12
    endloop
  endfacet
  facet normal 0 0 -1
    outer loop
      vertex -3.9196986550477795 -4.75029514406437 -12
      vertex 3.9 -4.5 -12
      vertex 3.9196986550477795 -4.75029514406437 -12
    endloop
  endfacet
  facet normal 0 0 -1
    outer loop
      vertex -3.9 -4.5 -12
      vertex 3.9196986550477795 -4.24970485593563 -12
      vertex 3.9 -4.5 -12
    endloop
  endfacet
  facet normal 0 0 -1
    outer loop
      vertex -3.9196986550477795 -4.24970485593563 -12
      vertex 3.9783095739277545 -4.005572809000084 -12
      vertex 3.9196986550477795 -4.24970485593563 -12
    endloop
  endfacet
  facet normal 0 0 -1
    outer loop
      vertex -3.9783095739277545 -4.005572809000084 -12
      vertex 4.074389561298611 -3.773615200416725 -12
      vertex 3.9783095739277545 -4.005572809000084 -12
    endloop
  endfacet
  facet normal 0 0 -1
    outer loop
      vertex -4.559543596332043 -5.794427190999916 -12
      vertex 4.3686291501015235 -5.6313708498984765 -12
      vertex 4.559543596332043 -5.794427190999916 -12
    endloop
  endfacet
  facet normal 0 0 -1
    outer loop
      vertex -4.3686291501015235 -5.6313708498984765 -12
      vertex 4.205572809000084 -5.440456403667957 -12
      vertex 4.3686291501015235 -5.6313708498984765 -12
    endloop
  endfacet
  facet normal 0 0 -1
    outer loop
      vertex -4.074389561298611 -3.773615200416725 -12
      vertex 4.205572809000084 -3.559543596332043 -12
      vertex 4.074389561298611 -3.773615200416725 -12
    endloop
  endfacet
  facet normal 0 0 -1
    outer loop
      vertex -4.205572809000084 -3.559543596332043 -12
      vertex 4.3686291501015235 -3.3686291501015235 -12
      vertex 4.205572809000084 -3.559543596332043 -12
    endloop
  endfacet
  facet normal 0 0 -1
    outer loop
      vertex -4.3686291501015235 -3.3686291501015235 -12
      vertex 0.940456403667957 67.70557280900009 -12
      vertex 4.3686291501015235 -3.3686291501015235 -12
    endloop
  endfacet
  facet normal 0 0 -1
    outer loop
      vertex 11 -14 -12
      vertex -4.559543596332043 -5.794427190999916 -12
      vertex 4.559543596332043 -5.794427190999916 -12
    endloop
  endfacet
  facet normal 0 0 -1
    outer loop
      vertex 4.3686291501015235 -3.3686291501015235 -12
      vertex 0.940456403667957 67.70557280900009 -12
      vertex 4.559543596332043 -3.205572809000084 -12
    endloop
  endfacet
  facet normal 0 0 -1
    outer loop
      vertex 0.940456403667957 67.70557280900009 -12
      vertex 4.773615200416725 -3.074389561298611 -12
      vertex 4.559543596332043 -3.205572809000084 -12
    endloop
  endfacet
  facet normal 0 0 -1
    outer loop
      vertex 0.940456403667957 67.70557280900009 -12
      vertex 5.005572809000084 -2.9783095739277545 -12
      vertex 4.773615200416725 -3.074389561298611 -12
    endloop
  endfacet
  facet normal 0 0 -1
    outer loop
      vertex 0.940456403667957 67.70557280900009 -12
      vertex 5.24970485593563 -2.9196986550477795 -12
      vertex 5.005572809000084 -2.9783095739277545 -12
    endloop
  endfacet
  facet normal 0 0 -1
    outer loop
      vertex 0.940456403667957 67.70557280900009 -12
      vertex 5.5 -2.9 -12
      vertex 5.24970485593563 -2.9196986550477795 -12
    endloop
  endfacet
  facet normal 0 0 -1
    outer loop
      vertex 0.940456403667957 67.70557280900009 -12
      vertex 5.75029514406437 -2.9196986550477795 -12
      vertex 5.5 -2.9 -12
    endloop
  endfacet
  facet normal 0 0 -1
    outer loop
      vertex 0.940456403667957 67.70557280900009 -12
      vertex 5.994427190999916 -2.9783095739277545 -12
      vertex 5.75029514406437 -2.9196986550477795 -12
    endloop
  endfacet
  facet normal 0 0 -1
    outer loop
      vertex 0.940456403667957 67.70557280900009 -12
      vertex 6.226384799583275 -3.074389561298611 -12
      vertex 5.994427190999916 -2.9783095739277545 -12
    endloop
  endfacet
  facet normal 0 0 -1
    outer loop
      vertex 0.940456403667957 67.70557280900009 -12
      vertex 6.440456403667957 -3.205572809000084 -12
      vertex 6.226384799583275 -3.074389561298611 -12
    endloop
  endfacet
  facet normal 0 0 -1
    outer loop
      vertex 1.1313708498984762 67.86862915010153 -12
      vertex 6.6313708498984765 -3.3686291501015235 -12
      vertex 6.440456403667957 -3.205572809000084 -12
    endloop
  endfacet
  facet normal 0 0 -1
    outer loop
      vertex 1.294427190999916 68.05954359633205 -12
      vertex 6.794427190999916 -3.559543596332043 -12
      vertex 6.6313708498984765 -3.3686291501015235 -12
    endloop
  endfacet
  facet normal 0 0 -1
    outer loop
      vertex 1.294427190999916 68.05954359633205 -12
      vertex 6.925610438701389 -3.773615200416725 -12
      vertex 6.794427190999916 -3.559543596332043 -12
    endloop
  endfacet
  facet normal 0 0 -1
    outer loop
      vertex 1.294427190999916 68.05954359633205 -12
      vertex 7.0216904260722455 -4.005572809000084 -12
      vertex 6.925610438701389 -3.773615200416725 -12
    endloop
  endfacet
  facet normal 0 -1 0
    outer loop
      vertex -11 -14 -12
      vertex 11 -14 -12
      vertex 11 -14 -6
    endloop
  endfacet
  facet normal 0 0 -1
    outer loop
      vertex 1.1313708498984762 67.86862915010153 -12
      vertex 6.440456403667957 -3.205572809000084 -12
      vertex 0.940456403667957 67.70557280900009 -12
    endloop
  endfacet
  facet normal 0 0 -1
    outer loop
      vertex 1.294427190999916 68.05954359633205 -12
      vertex 6.6313708498984765 -3.3686291501015235 -12
      vertex 1.1313708498984762 67.86862915010153 -12
    endloop
  endfacet
  facet normal 0 0 -1
    outer loop
      vertex 11 -14 -12
      vertex 1.294427190999916 68.05954359633205 -12
      vertex 1.4256104387013888 68.27361520041673 -12
    endloop
  endfacet
  facet normal 0 0 -1
    outer loop
      vertex 11 -14 -12
      vertex 1.4256104387013888 68.27361520041673 -12
      vertex 1.5216904260722457 68.50557280900009 -12
    endloop
  endfacet
  facet normal 0 0 -1
    outer loop
      vertex 11 -14 -12
      vertex 1.5216904260722457 68.50557280900009 -12
      vertex 1.5803013449522205 68.74970485593563 -12
    endloop
  endfacet
  facet normal 0 0 -1
    outer loop
      vertex 11 -14 -12
      vertex 1.5803013449522205 68.74970485593563 -12
      vertex 1.6 69 -12
    endloop
  endfacet
  facet normal 0 0 -1
    outer loop
      vertex 11 -14 -12
      vertex 1.6 69 -12
      vertex 1.6 99 -12
    endloop
  endfacet
  facet normal 0 0 -1
    outer loop
      vertex 11 -14 -12
      vertex 4.559543596332043 -5.794427190999916 -12
      vertex 4.773615200416725 -5.925610438701389 -12
    endloop
  endfacet
  facet normal 0 0 -1
    outer loop
      vertex 11 -14 -12
      vertex 4.773615200416725 -5.925610438701389 -12
      vertex 5.005572809000084 -6.0216904260722455 -12
    endloop
  endfacet
  facet normal 0 0 -1
    outer loop
      vertex 11 -14 -12
      vertex 5.005572809000084 -6.0216904260722455 -12
      vertex 5.24970485593563 -6.08030134495222 -12
    endloop
  endfacet
  facet normal 0 0 -1
    outer loop
      vertex 11 -14 -12
      vertex 5.24970485593563 -6.08030134495222 -12
      vertex 5.5 -6.1 -12
    endloop
  endfacet
  facet normal 0 0 -1
    outer loop
      vertex 11 -14 -12
      vertex 5.5 -6.1 -12
      vertex 5.75029514406437 -6.08030134495222 -12
    endloop
  endfacet
  facet normal 0 0 -1
    outer loop
      vertex 11 -14 -12
      vertex 5.75029514406437 -6.08030134495222 -12
      vertex 5.994427190999916 -6.0216904260722455 -12
    endloop
  endfacet
  facet normal 0 0 -1
    outer loop
      vertex 11 -14 -12
      vertex 5.994427190999916 -6.0216904260722455 -12
      vertex 6.226384799583275 -5.925610438701389 -12
    endloop
  endfacet
  facet normal 0 0 -1
    outer loop
      vertex 11 -14 -12
      vertex 6.226384799583275 -5.925610438701389 -12
      vertex 6.440456403667957 -5.794427190999916 -12
    endloop
  endfacet
  facet normal 0 0 -1
    outer loop
      vertex 11 -14 -12
      vertex 6.440456403667957 -5.794427190999916 -12
      vertex 6.6313708498984765 -5.6313708498984765 -12
    endloop
  endfacet
  facet normal 0 0 -1
    outer loop
      vertex 11 -14 -12
      vertex 6.6313708498984765 -5.6313708498984765 -12
      vertex 6.794427190999916 -5.440456403667957 -12
    endloop
  endfacet
  facet normal 0 0 -1
    outer loop
      vertex 11 -14 -12
      vertex 6.794427190999916 -5.440456403667957 -12
      vertex 6.925610438701389 -5.226384799583275 -12
    endloop
  endfacet
  facet normal 0 0 -1
    outer loop
      vertex 11 -14 -12
      vertex 7.0216904260722455 -4.005572809000084 -12
      vertex 1.294427190999916 68.05954359633205 -12
    endloop
  endfacet
  facet normal 0 0 -1
    outer loop
      vertex 11 -14 -12
      vertex 6.925610438701389 -5.226384799583275 -12
      vertex 7.0216904260722455 -4.994427190999916 -12
    endloop
  endfacet
  facet normal 0 0 -1
    outer loop
      vertex 11 -14 -12
      vertex 7.0216904260722455 -4.994427190999916 -12
      vertex 7.08030134495222 -4.75029514406437 -12
    endloop
  endfacet
  facet normal 0 0 -1
    outer loop
      vertex 11 -14 -12
      vertex 7.08030134495222 -4.24970485593563 -12
      vertex 7.0216904260722455 -4.005572809000084 -12
    endloop
  endfacet
  facet normal 0 0 -1
    outer loop
      vertex 11 -14 -12
      vertex 7.08030134495222 -4.75029514406437 -12
      vertex 7.1 -4.5 -12
    endloop
  endfacet
  facet normal 0 0 -1
    outer loop
      vertex 11 -14 -12
      vertex 7.1 -4.5 -12
      vertex 7.08030134495222 -4.24970485593563 -12
    endloop
  endfacet
  facet normal 1 0 0
    outer loop
      vertex 11 -14 -12
      vertex 11 182 -12
      vertex 11 -14 -6
    endloop
  endfacet
  facet normal 0 0 1
    outer loop
      vertex -3.9783095739277545 -4.994427190999916 -6
      vertex 3.9783095739277545 -4.994427190999916 -6
      vertex 3.9196986550477795 -4.75029514406437 -6
    endloop
  endfacet
  facet normal 0 0 1
    outer loop
      vertex -4.074389561298611 -5.226384799583275 -6
      vertex 4.074389561298611 -5.226384799583275 -6
      vertex 3.9783095739277545 -4.994427190999916 -6
    endloop
  endfacet
  facet normal 0 0 1
    outer loop
      vertex -4.205572809000084 -5.440456403667957 -6
      vertex 4.205572809000084 -5.440456403667957 -6
      vertex 4.074389561298611 -5.226384799583275 -6
    endloop
  endfacet
  facet normal 0 0 1
    outer loop
      vertex -3.9196986550477795 -4.75029514406437 -6
      vertex 3.9196986550477795 -4.75029514406437 -6
      vertex 3.9 -4.5 -6
    endloop
  endfacet
  facet normal 0 0 1
    outer loop
      vertex -3.9 -4.5 -6
      vertex 3.9 -4.5 -6
      vertex 3.9196986550477795 -4.24970485593563 -6
    endloop
  endfacet
  facet normal 0 0 1
    outer loop
      vertex -3.9196986550477795 -4.24970485593563 -6
      vertex 3.9196986550477795 -4.24970485593563 -6
      vertex 3.9783095739277545 -4.005572809000084 -6
    endloop
  endfacet
  facet normal 0 0 1
    outer loop
      vertex -3.9783095739277545 -4.005572809000084 -6
      vertex 3.9783095739277545 -4.005572809000084 -6
      vertex 4.074389561298611 -3.773615200416725 -6
    endloop
  endfacet
  facet normal 0 0 1
    outer loop
      vertex -11 -14 -6
      vertex 11 -14 -6
      vertex 5.24970485593563 -6.08030134495222 -6
    endloop
  endfacet
  facet normal 0 0 1
    outer loop
      vertex -4.559543596332043 -5.794427190999916 -6
      vertex 4.559543596332043 -5.794427190999916 -6
      vertex 4.3686291501015235 -5.6313708498984765 -6
    endloop
  endfacet
  facet normal 0 0 1
    outer loop
      vertex -4.3686291501015235 -5.6313708498984765 -6
      vertex 4.3686291501015235 -5.6313708498984765 -6
      vertex 4.205572809000084 -5.440456403667957 -6
    endloop
  endfacet
  facet normal 0 0 1
    outer loop
      vertex -4.074389561298611 -3.773615200416725 -6
      vertex 4.074389561298611 -3.773615200416725 -6
      vertex 4.205572809000084 -3.559543596332043 -6
    endloop
  endfacet
  facet normal 0 0 1
    outer loop
      vertex -4.205572809000084 -3.559543596332043 -6
      vertex 4.205572809000084 -3.559543596332043 -6
      vertex 4.3686291501015235 -3.3686291501015235 -6
    endloop
  endfacet
  facet normal 0 0 1
    outer loop
      vertex -1.6343657990623686 65.79237651292188 -6
      vertex 4.3686291501015235 -3.3686291501015235 -6
      vertex 4.559543596332043 -3.205572809000084 -6
    endloop
  endfacet
  facet normal 0 0 1
    outer loop
      vertex -1.1124611797498107 65.57619654133745 -6
      vertex 4.559543596332043 -3.205572809000084 -6
      vertex 4.773615200416725 -3.074389561298611 -6
    endloop
  endfacet
  facet normal 0 0 1
    outer loop
      vertex -1.1124611797498107 65.57619654133745 -6
      vertex 4.773615200416725 -3.074389561298611 -6
      vertex 5.005572809000084 -2.9783095739277545 -6
    endloop
  endfacet
  facet normal 0 0 1
    outer loop
      vertex -0.5631640741448312 65.4443219738575 -6
      vertex 5.005572809000084 -2.9783095739277545 -6
      vertex 5.24970485593563 -2.9196986550477795 -6
    endloop
  endfacet
  facet normal 0 0 1
    outer loop
      vertex 0 65.4 -6
      vertex 5.24970485593563 -2.9196986550477795 -6
      vertex 5.5 -2.9 -6
    endloop
  endfacet
  facet normal 0 0 1
    outer loop
      vertex 0.5631640741448312 65.4443219738575 -6
      vertex 5.5 -2.9 -6
      vertex 5.75029514406437 -2.9196986550477795 -6
    endloop
  endfacet
  facet normal 0 0 1
    outer loop
      vertex 0.5631640741448312 65.4443219738575 -6
      vertex 5.75029514406437 -2.9196986550477795 -6
      vertex 5.994427190999916 -2.9783095739277545 -6
    endloop
  endfacet
  facet normal 0 0 1
    outer loop
      vertex 1.1124611797498107 65.57619654133745 -6
      vertex 5.994427190999916 -2.9783095739277545 -6
      vertex 6.226384799583275 -3.074389561298611 -6
    endloop
  endfacet
  facet normal 0 0 1
    outer loop
      vertex 1.1124611797498107 65.57619654133745 -6
      vertex 6.226384799583275 -3.074389561298611 -6
      vertex 6.440456403667957 -3.205572809000084 -6
    endloop
  endfacet
  facet normal 0 0 1
    outer loop
      vertex 1.6343657990623686 65.79237651292188 -6
      vertex 6.6313708498984765 -3.3686291501015235 -6
      vertex 6.794427190999916 -3.559543596332043 -6
    endloop
  endfacet
  facet normal 0 0 1
    outer loop
      vertex 1.6343657990623686 65.79237651292188 -6
      vertex 6.794427190999916 -3.559543596332043 -6
      vertex 6.925610438701389 -3.773615200416725 -6
    endloop
  endfacet
  facet normal 0 0 1
    outer loop
      vertex 1.6343657990623686 65.79237651292188 -6
      vertex 6.440456403667957 -3.205572809000084 -6
      vertex 6.6313708498984765 -3.3686291501015235 -6
    endloop
  endfacet
  facet normal 0 0 1
    outer loop
      vertex 1.6343657990623686 65.79237651292188 -6
      vertex 6.925610438701389 -3.773615200416725 -6
      vertex 7.0216904260722455 -4.005572809000084 -6
    endloop
  endfacet
  facet normal 0 0 1
    outer loop
      vertex 1.6343657990623686 65.79237651292188 -6
      vertex 7.0216904260722455 -4.005572809000084 -6
      vertex 7.08030134495222 -4.24970485593563 -6
    endloop
  endfacet
  facet normal 0 0 1
    outer loop
      vertex 1.6343657990623686 65.79237651292188 -6
      vertex 7.08030134495222 -4.24970485593563 -6
      vertex 7.1 -4.5 -6
    endloop
  endfacet
  facet normal 0 0 1
    outer loop
      vertex -2.1160269082529033 66.08753882025019 -6
      vertex 4.3686291501015235 -3.3686291501015235 -6
      vertex -1.6343657990623686 65.79237651292188 -6
    endloop
  endfacet
  facet normal 0 0 1
    outer loop
      vertex -1.6343657990623686 65.79237651292188 -6
      vertex 4.559543596332043 -3.205572809000084 -6
      vertex -1.1124611797498107 65.57619654133745 -6
    endloop
  endfacet
  facet normal 0 0 1
    outer loop
      vertex -1.1124611797498107 65.57619654133745 -6
      vertex 5.005572809000084 -2.9783095739277545 -6
      vertex -0.5631640741448312 65.4443219738575 -6
    endloop
  endfacet
  facet normal 0 0 1
    outer loop
      vertex -0.5631640741448312 65.4443219738575 -6
      vertex 5.24970485593563 -2.9196986550477795 -6
      vertex 0 65.4 -6
    endloop
  endfacet
  facet normal 0 0 1
    outer loop
      vertex 0 65.4 -6
      vertex 5.5 -2.9 -6
      vertex 0.5631640741448312 65.4443219738575 -6
    endloop
  endfacet
  facet normal 0 0 1
    outer loop
      vertex 0.5631640741448312 65.4443219738575 -6
      vertex 5.994427190999916 -2.9783095739277545 -6
      vertex 1.1124611797498107 65.57619654133745 -6
    endloop
  endfacet
  facet normal 0 0 1
    outer loop
      vertex 1.1124611797498107 65.57619654133745 -6
      vertex 6.440456403667957 -3.205572809000084 -6
      vertex 1.6343657990623686 65.79237651292188 -6
    endloop
  endfacet
  facet normal 0 0 1
    outer loop
      vertex 11 -14 -6
      vertex 2.1160269082529033 66.08753882025019 -6
      vertex 1.6343657990623686 65.79237651292188 -6
    endloop
  endfacet
  facet normal 0 0 1
    outer loop
      vertex 11 -14 -6
      vertex 2.5455844122715714 66.45441558772843 -6
      vertex 2.1160269082529033 66.08753882025019 -6
    endloop
  endfacet
  facet normal 0 0 1
    outer loop
      vertex 11 -14 -6
      vertex 2.912461179749811 66.8839730917471 -6
      vertex 2.5455844122715714 66.45441558772843 -6
    endloop
  endfacet
  facet normal 0 0 1
    outer loop
      vertex 11 -14 -6
      vertex 5.5 -6.1 -6
      vertex 5.24970485593563 -6.08030134495222 -6
    endloop
  endfacet
  facet normal 0 0 1
    outer loop
      vertex 11 -14 -6
      vertex 5.75029514406437 -6.08030134495222 -6
      vertex 5.5 -6.1 -6
    endloop
  endfacet
  facet normal 0 0 1
    outer loop
      vertex 11 -14 -6
      vertex 5.994427190999916 -6.0216904260722455 -6
      vertex 5.75029514406437 -6.08030134495222 -6
    endloop
  endfacet
  facet normal 0 0 1
    outer loop
      vertex 11 -14 -6
      vertex 6.226384799583275 -5.925610438701389 -6
      vertex 5.994427190999916 -6.0216904260722455 -6
    endloop
  endfacet
  facet normal 0 0 1
    outer loop
      vertex 11 -14 -6
      vertex 6.440456403667957 -5.794427190999916 -6
      vertex 6.226384799583275 -5.925610438701389 -6
    endloop
  endfacet
  facet normal 0 0 1
    outer loop
      vertex 11 -14 -6
      vertex 6.6313708498984765 -5.6313708498984765 -6
      vertex 6.440456403667957 -5.794427190999916 -6
    endloop
  endfacet
  facet normal 0 0 1
    outer loop
      vertex 11 -14 -6
      vertex 6.794427190999916 -5.440456403667957 -6
      vertex 6.6313708498984765 -5.6313708498984765 -6
    endloop
  endfacet
  facet normal 0 0 1
    outer loop
      vertex 11 -14 -6
      vertex 6.925610438701389 -5.226384799583275 -6
      vertex 6.794427190999916 -5.440456403667957 -6
    endloop
  endfacet
  facet normal 0 0 1
    outer loop
      vertex 11 -14 -6
      vertex 1.6343657990623686 65.79237651292188 -6
      vertex 7.1 -4.5 -6
    endloop
  endfacet
  facet normal 0 0 1
    outer loop
      vertex 11 -14 -6
      vertex 7.0216904260722455 -4.994427190999916 -6
      vertex 6.925610438701389 -5.226384799583275 -6
    endloop
  endfacet
  facet normal 0 0 1
    outer loop
      vertex 11 -14 -6
      vertex 7.08030134495222 -4.75029514406437 -6
      vertex 7.0216904260722455 -4.994427190999916 -6
    endloop
  endfacet
  facet normal 0 0 1
    outer loop
      vertex 11 -14 -6
      vertex 7.1 -4.5 -6
      vertex 7.08030134495222 -4.75029514406437 -6
    endloop
  endfacet
  facet normal 0 0 1
    outer loop
      vertex 11 -14 -6
      vertex 3.2076234870781244 67.36563420093763 -6
      vertex 2.912461179749811 66.8839730917471 -6
    endloop
  endfacet
  facet normal 0 0 1
    outer loop
      vertex 11 -14 -6
      vertex 3.4238034586625528 67.88753882025019 -6
      vertex 3.2076234870781244 67.36563420093763 -6
    endloop
  endfacet
  facet normal 0 0 1
    outer loop
      vertex 11 -14 -6
      vertex 3.555678026142496 68.43683592585516 -6
      vertex 3.4238034586625528 67.88753882025019 -6
    endloop
  endfacet
  facet normal 0 0 1
    outer loop
      vertex 11 -14 -6
      vertex 3.6 69 -6
      vertex 3.555678026142496 68.43683592585516 -6
    endloop
  endfacet
  facet normal 0 0 1
    outer loop
      vertex 11 -14 -6
      vertex 11 182 -6
      vertex 3.6 69 -6
    endloop
  endfacet
  facet normal 0 0 -1
    outer loop
      vertex 11 182 -12
      vertex -0.940456403667957 100.29442719099991 -12
      vertex -1.1313708498984762 100.13137084989847 -12
    endloop
  endfacet
  facet normal 0 0 -1
    outer loop
      vertex 11 182 -12
      vertex -0.726384799583275 100.42561043870138 -12
      vertex -0.940456403667957 100.29442719099991 -12
    endloop
  endfacet
  facet normal 0 0 -1
    outer loop
      vertex 11 182 -12
      vertex -0.49442719099991583 100.52169042607224 -12
      vertex -0.726384799583275 100.42561043870138 -12
    endloop
  endfacet
  facet normal 0 0 -1
    outer loop
      vertex 11 182 -12
      vertex -0.2502951440643694 100.58030134495222 -12
      vertex -0.49442719099991583 100.52169042607224 -12
    endloop
  endfacet
  facet normal 0 0 -1
    outer loop
      vertex 11 182 -12
      vertex 0 100.6 -12
      vertex -0.2502951440643694 100.58030134495222 -12
    endloop
  endfacet
  facet normal 0 0 -1
    outer loop
      vertex 11 182 -12
      vertex 0.2502951440643694 100.58030134495222 -12
      vertex 0 100.6 -12
    endloop
  endfacet
  facet normal 0 0 -1
    outer loop
      vertex 11 182 -12
      vertex 0.49442719099991583 100.52169042607224 -12
      vertex 0.2502951440643694 100.58030134495222 -12
    endloop
  endfacet
  facet normal 0 0 -1
    outer loop
      vertex 11 182 -12
      vertex 0.726384799583275 100.42561043870138 -12
      vertex 0.49442719099991583 100.52169042607224 -12
    endloop
  endfacet
  facet normal 0 0 -1
    outer loop
      vertex 11 182 -12
      vertex 1.6 99 -12
      vertex 1.5803013449522205 99.25029514406437 -12
    endloop
  endfacet
  facet normal 0 0 -1
    outer loop
      vertex 11 182 -12
      vertex 0.940456403667957 100.29442719099991 -12
      vertex 0.726384799583275 100.42561043870138 -12
    endloop
  endfacet
  facet normal 0 0 -1
    outer loop
      vertex 11 182 -12
      vertex 1.1313708498984762 100.13137084989847 -12
      vertex 0.940456403667957 100.29442719099991 -12
    endloop
  endfacet
  facet normal 0 0 -1
    outer loop
      vertex 11 182 -12
      vertex 1.294427190999916 99.94045640366795 -12
      vertex 1.1313708498984762 100.13137084989847 -12
    endloop
  endfacet
  facet normal 0 0 -1
    outer loop
      vertex 11 182 -12
      vertex 1.4256104387013888 99.72638479958327 -12
      vertex 1.294427190999916 99.94045640366795 -12
    endloop
  endfacet
  facet normal 0 0 -1
    outer loop
      vertex 11 182 -12
      vertex 1.5216904260722457 99.49442719099991 -12
      vertex 1.4256104387013888 99.72638479958327 -12
    endloop
  endfacet
  facet normal 0 0 -1
    outer loop
      vertex 11 182 -12
      vertex 1.5803013449522205 99.25029514406437 -12
      vertex 1.5216904260722457 99.49442719099991 -12
    endloop
  endfacet
  facet normal 0 0 -1
    outer loop
      vertex -1.1313708498984762 100.13137084989847 -12
      vertex 4.559543596332043 170.70557280900007 -12
      vertex 4.773615200416725 170.5743895612986 -12
    endloop
  endfacet
  facet normal 0 0 -1
    outer loop
      vertex 11 182 -12
      vertex -5.005572809000084 173.52169042607224 -12
      vertex -5.24970485593563 173.58030134495223 -12
    endloop
  endfacet
  facet normal 0 0 -1
    outer loop
      vertex 11 182 -12
      vertex -4.773615200416725 173.4256104387014 -12
      vertex -5.005572809000084 173.52169042607224 -12
    endloop
  endfacet
  facet normal 0 0 -1
    outer loop
      vertex 11 182 -12
      vertex -4.559543596332043 173.29442719099993 -12
      vertex -4.773615200416725 173.4256104387014 -12
    endloop
  endfacet
  facet normal 0 0 -1
    outer loop
      vertex -4.205572809000084 171.05954359633205 -12
      vertex 4.074389561298611 171.2736152004167 -12
      vertex 4.205572809000084 171.05954359633205 -12
    endloop
  endfacet
  facet normal 0 0 -1
    outer loop
      vertex -3.9783095739277545 171.50557280900009 -12
      vertex 3.9196986550477795 171.74970485593562 -12
      vertex 3.9783095739277545 171.50557280900009 -12
    endloop
  endfacet
  facet normal 0 0 -1
    outer loop
      vertex -4.074389561298611 171.2736152004167 -12
      vertex 3.9783095739277545 171.50557280900009 -12
      vertex 4.074389561298611 171.2736152004167 -12
    endloop
  endfacet
  facet normal 0 0 -1
    outer loop
      vertex -3.9196986550477795 171.74970485593562 -12
      vertex 3.9 172 -12
      vertex 3.9196986550477795 171.74970485593562 -12
    endloop
  endfacet
  facet normal 0 0 -1
    outer loop
      vertex -3.9 172 -12
      vertex 3.9196986550477795 172.25029514406438 -12
      vertex 3.9 172 -12
    endloop
  endfacet
  facet normal 0 0 -1
    outer loop
      vertex -3.9196986550477795 172.25029514406438 -12
      vertex 3.9783095739277545 172.49442719099991 -12
      vertex 3.9196986550477795 172.25029514406438 -12
    endloop
  endfacet
  facet normal 0 0 -1
    outer loop
      vertex -3.9783095739277545 172.49442719099991 -12
      vertex 4.074389561298611 172.7263847995833 -12
      vertex 3.9783095739277545 172.49442719099991 -12
    endloop
  endfacet
  facet normal 0 0 -1
    outer loop
      vertex 11 182 -12
      vertex -4.3686291501015235 173.13137084989847 -12
      vertex -4.559543596332043 173.29442719099993 -12
    endloop
  endfacet
  facet normal 0 0 -1
    outer loop
      vertex -4.3686291501015235 170.86862915010153 -12
      vertex 4.205572809000084 171.05954359633205 -12
      vertex 4.3686291501015235 170.86862915010153 -12
    endloop
  endfacet
  facet normal 0 0 -1
    outer loop
      vertex -4.559543596332043 170.70557280900007 -12
      vertex 4.3686291501015235 170.86862915010153 -12
      vertex 4.559543596332043 170.70557280900007 -12
    endloop
  endfacet
  facet normal 0 0 -1
    outer loop
      vertex -4.074389561298611 172.7263847995833 -12
      vertex 4.205572809000084 172.94045640366795 -12
      vertex 4.074389561298611 172.7263847995833 -12
    endloop
  endfacet
  facet normal 0 0 -1
    outer loop
      vertex -4.205572809000084 172.94045640366795 -12
      vertex 4.3686291501015235 173.13137084989847 -12
      vertex 4.205572809000084 172.94045640366795 -12
    endloop
  endfacet
  facet normal 0 0 -1
    outer loop
      vertex -1.1313708498984762 100.13137084989847 -12
      vertex 4.773615200416725 170.5743895612986 -12
      vertex 5.005572809000084 170.47830957392776 -12
    endloop
  endfacet
  facet normal 0 0 -1
    outer loop
      vertex -1.1313708498984762 100.13137084989847 -12
      vertex 5.005572809000084 170.47830957392776 -12
      vertex 5.24970485593563 170.41969865504777 -12
    endloop
  endfacet
  facet normal 0 0 -1
    outer loop
      vertex -1.1313708498984762 100.13137084989847 -12
      vertex 5.24970485593563 170.41969865504777 -12
      vertex 5.5 170.4 -12
    endloop
  endfacet
  facet normal 0 0 -1
    outer loop
      vertex -1.1313708498984762 100.13137084989847 -12
      vertex 5.5 170.4 -12
      vertex 5.75029514406437 170.41969865504777 -12
    endloop
  endfacet
  facet normal 0 0 -1
    outer loop
      vertex -1.1313708498984762 100.13137084989847 -12
      vertex 5.75029514406437 170.41969865504777 -12
      vertex 5.994427190999916 170.47830957392776 -12
    endloop
  endfacet
  facet normal 0 0 -1
    outer loop
      vertex -1.1313708498984762 100.13137084989847 -12
      vertex 5.994427190999916 170.47830957392776 -12
      vertex 6.226384799583275 170.5743895612986 -12
    endloop
  endfacet
  facet normal 0 0 -1
    outer loop
      vertex -1.1313708498984762 100.13137084989847 -12
      vertex 6.226384799583275 170.5743895612986 -12
      vertex 6.440456403667957 170.70557280900007 -12
    endloop
  endfacet
  facet normal 0 0 -1
    outer loop
      vertex -1.1313708498984762 100.13137084989847 -12
      vertex 6.440456403667957 170.70557280900007 -12
      vertex 6.6313708498984765 170.86862915010153 -12
    endloop
  endfacet
  facet normal 0 0 -1
    outer loop
      vertex -1.1313708498984762 100.13137084989847 -12
      vertex 6.6313708498984765 170.86862915010153 -12
      vertex 6.794427190999916 171.05954359633205 -12
    endloop
  endfacet
  facet normal 0 0 -1
    outer loop
      vertex -1.1313708498984762 100.13137084989847 -12
      vertex 6.794427190999916 171.05954359633205 -12
      vertex 6.925610438701389 171.2736152004167 -12
    endloop
  endfacet
  facet normal 0 0 -1
    outer loop
      vertex -1.1313708498984762 100.13137084989847 -12
      vertex 6.925610438701389 171.2736152004167 -12
      vertex 7.0216904260722455 171.50557280900009 -12
    endloop
  endfacet
  facet normal 0 0 -1
    outer loop
      vertex -1.1313708498984762 100.13137084989847 -12
      vertex 7.0216904260722455 171.50557280900009 -12
      vertex 7.08030134495222 171.74970485593562 -12
    endloop
  endfacet
  facet normal 0 0 -1
    outer loop
      vertex 11 182 -12
      vertex 4.3686291501015235 173.13137084989847 -12
      vertex -4.3686291501015235 173.13137084989847 -12
    endloop
  endfacet
  facet normal 0 0 -1
    outer loop
      vertex 11 -14 -12
      vertex 1.6 99 -12
      vertex 11 182 -12
    endloop
  endfacet
  facet normal 0 0 -1
    outer loop
      vertex 11 182 -12
      vertex -1.1313708498984762 100.13137084989847 -12
      vertex 7.08030134495222 171.74970485593562 -12
    endloop
  endfacet
  facet normal 0 0 -1
    outer loop
      vertex 11 182 -12
      vertex 4.559543596332043 173.29442719099993 -12
      vertex 4.3686291501015235 173.13137084989847 -12
    endloop
  endfacet
  facet normal 0 0 -1
    outer loop
      vertex 11 182 -12
      vertex 4.773615200416725 173.4256104387014 -12
      vertex 4.559543596332043 173.29442719099993 -12
    endloop
  endfacet
  facet normal 0 0 -1
    outer loop
      vertex 11 182 -12
      vertex 5.005572809000084 173.52169042607224 -12
      vertex 4.773615200416725 173.4256104387014 -12
    endloop
  endfacet
  facet normal 0 0 -1
    outer loop
      vertex 11 182 -12
      vertex 5.24970485593563 173.58030134495223 -12
      vertex 5.005572809000084 173.52169042607224 -12
    endloop
  endfacet
  facet normal 0 0 -1
    outer loop
      vertex 11 182 -12
      vertex 5.5 173.6 -12
      vertex 5.24970485593563 173.58030134495223 -12
    endloop
  endfacet
  facet normal 0 0 -1
    outer loop
      vertex 11 182 -12
      vertex 5.75029514406437 173.58030134495223 -12
      vertex 5.5 173.6 -12
    endloop
  endfacet
  facet normal 0 0 -1
    outer loop
      vertex 11 182 -12
      vertex 5.994427190999916 173.52169042607224 -12
      vertex 5.75029514406437 173.58030134495223 -12
    endloop
  endfacet
  facet normal 0 0 -1
    outer loop
      vertex 11 182 -12
      vertex 6.226384799583275 173.4256104387014 -12
      vertex 5.994427190999916 173.52169042607224 -12
    endloop
  endfacet
  facet normal 0 0 -1
    outer loop
      vertex 11 182 -12
      vertex 6.440456403667957 173.29442719099993 -12
      vertex 6.226384799583275 173.4256104387014 -12
    endloop
  endfacet
  facet normal 0 0 -1
    outer loop
      vertex 11 182 -12
      vertex 6.6313708498984765 173.13137084989847 -12
      vertex 6.440456403667957 173.29442719099993 -12
    endloop
  endfacet
  facet normal 0 0 -1
    outer loop
      vertex 11 182 -12
      vertex 6.794427190999916 172.94045640366795 -12
      vertex 6.6313708498984765 173.13137084989847 -12
    endloop
  endfacet
  facet normal 0 0 -1
    outer loop
      vertex 11 182 -12
      vertex 6.925610438701389 172.7263847995833 -12
      vertex 6.794427190999916 172.94045640366795 -12
    endloop
  endfacet
  facet normal 0 0 -1
    outer loop
      vertex 11 182 -12
      vertex 7.0216904260722455 172.49442719099991 -12
      vertex 6.925610438701389 172.7263847995833 -12
    endloop
  endfacet
  facet normal 0 0 -1
    outer loop
      vertex 11 182 -12
      vertex 7.08030134495222 172.25029514406438 -12
      vertex 7.0216904260722455 172.49442719099991 -12
    endloop
  endfacet
  facet normal 0 0 -1
    outer loop
      vertex 11 182 -12
      vertex 7.08030134495222 171.74970485593562 -12
      vertex 7.1 172 -12
    endloop
  endfacet
  facet normal 0 0 -1
    outer loop
      vertex 11 182 -12
      vertex 7.1 172 -12
      vertex 7.08030134495222 172.25029514406438 -12
    endloop
  endfacet
  facet normal 0 0 1
    outer loop
      vertex 3.555678026142496 99.56316407414484 -6
      vertex 7.0216904260722455 171.50557280900009 -6
      vertex 3.4238034586625528 100.11246117974981 -6
    endloop
  endfacet
  facet normal 0 0 1
    outer loop
      vertex 3.2076234870781244 100.63436579906237 -6
      vertex 3.4238034586625528 100.11246117974981 -6
      vertex 6.925610438701389 171.2736152004167 -6
    endloop
  endfacet
  facet normal 0 1 0
    outer loop
      vertex -11 182 -6
      vertex 11 182 -6
      vertex 11 182 -12
    endloop
  endfacet
  facet normal 0 0 1
    outer loop
      vertex -5.005572809000084 170.47830957392776 -6
      vertex 3.2076234870781244 100.63436579906237 -6
      vertex 5.005572809000084 170.47830957392776 -6
    endloop
  endfacet
  facet normal 0 0 1
    outer loop
      vertex -4.205572809000084 171.05954359633205 -6
      vertex 4.205572809000084 171.05954359633205 -6
      vertex 4.074389561298611 171.2736152004167 -6
    endloop
  endfacet
  facet normal 0 0 1
    outer loop
      vertex -3.9783095739277545 171.50557280900009 -6
      vertex 3.9783095739277545 171.50557280900009 -6
      vertex 3.9196986550477795 171.74970485593562 -6
    endloop
  endfacet
  facet normal 0 0 1
    outer loop
      vertex -4.074389561298611 171.2736152004167 -6
      vertex 4.074389561298611 171.2736152004167 -6
      vertex 3.9783095739277545 171.50557280900009 -6
    endloop
  endfacet
  facet normal 0 0 1
    outer loop
      vertex -3.9196986550477795 171.74970485593562 -6
      vertex 3.9196986550477795 171.74970485593562 -6
      vertex 3.9 172 -6
    endloop
  endfacet
  facet normal 0 0 1
    outer loop
      vertex -3.9 172 -6
      vertex 3.9 172 -6
      vertex 3.9196986550477795 172.25029514406438 -6
    endloop
  endfacet
  facet normal 0 0 1
    outer loop
      vertex -3.9196986550477795 172.25029514406438 -6
      vertex 3.9196986550477795 172.25029514406438 -6
      vertex 3.9783095739277545 172.49442719099991 -6
    endloop
  endfacet
  facet normal 0 0 1
    outer loop
      vertex -3.9783095739277545 172.49442719099991 -6
      vertex 3.9783095739277545 172.49442719099991 -6
      vertex 4.074389561298611 172.7263847995833 -6
    endloop
  endfacet
  facet normal 0 0 1
    outer loop
      vertex -4.3686291501015235 170.86862915010153 -6
      vertex 4.3686291501015235 170.86862915010153 -6
      vertex 4.205572809000084 171.05954359633205 -6
    endloop
  endfacet
  facet normal 0 0 1
    outer loop
      vertex -4.559543596332043 170.70557280900007 -6
      vertex 4.559543596332043 170.70557280900007 -6
      vertex 4.3686291501015235 170.86862915010153 -6
    endloop
  endfacet
  facet normal 0 0 1
    outer loop
      vertex -4.773615200416725 170.5743895612986 -6
      vertex 4.773615200416725 170.5743895612986 -6
      vertex 4.559543596332043 170.70557280900007 -6
    endloop
  endfacet
  facet normal 0 0 1
    outer loop
      vertex -4.074389561298611 172.7263847995833 -6
      vertex 4.074389561298611 172.7263847995833 -6
      vertex 4.205572809000084 172.94045640366795 -6
    endloop
  endfacet
  facet normal 0 0 1
    outer loop
      vertex -5.005572809000084 170.47830957392776 -6
      vertex 5.005572809000084 170.47830957392776 -6
      vertex 4.773615200416725 170.5743895612986 -6
    endloop
  endfacet
  facet normal 0 0 1
    outer loop
      vertex -4.205572809000084 172.94045640366795 -6
      vertex 4.205572809000084 172.94045640366795 -6
      vertex 4.3686291501015235 173.13137084989847 -6
    endloop
  endfacet
  facet normal 0 0 1
    outer loop
      vertex -11 182 -6
      vertex 5.24970485593563 173.58030134495223 -6
      vertex 11 182 -6
    endloop
  endfacet
  facet normal 0 0 1
    outer loop
      vertex 3.2076234870781244 100.63436579906237 -6
      vertex 5.24970485593563 170.41969865504777 -6
      vertex 5.005572809000084 170.47830957392776 -6
    endloop
  endfacet
  facet normal 0 0 1
    outer loop
      vertex 3.2076234870781244 100.63436579906237 -6
      vertex 5.5 170.4 -6
      vertex 5.24970485593563 170.41969865504777 -6
    endloop
  endfacet
  facet normal 0 0 1
    outer loop
      vertex 3.2076234870781244 100.63436579906237 -6
      vertex 5.75029514406437 170.41969865504777 -6
      vertex 5.5 170.4 -6
    endloop
  endfacet
  facet normal 0 0 1
    outer loop
      vertex 3.2076234870781244 100.63436579906237 -6
      vertex 5.994427190999916 170.47830957392776 -6
      vertex 5.75029514406437 170.41969865504777 -6
    endloop
  endfacet
  facet normal 0 0 1
    outer loop
      vertex 3.2076234870781244 100.63436579906237 -6
      vertex 6.226384799583275 170.5743895612986 -6
      vertex 5.994427190999916 170.47830957392776 -6
    endloop
  endfacet
  facet normal 0 0 1
    outer loop
      vertex 3.2076234870781244 100.63436579906237 -6
      vertex 6.440456403667957 170.70557280900007 -6
      vertex 6.226384799583275 170.5743895612986 -6
    endloop
  endfacet
  facet normal 0 0 1
    outer loop
      vertex 3.2076234870781244 100.63436579906237 -6
      vertex 6.6313708498984765 170.86862915010153 -6
      vertex 6.440456403667957 170.70557280900007 -6
    endloop
  endfacet
  facet normal 1 0 0
    outer loop
      vertex 11 -14 -6
      vertex 11 182 -12
      vertex 11 182 -6
    endloop
  endfacet
  facet normal 0 0 1
    outer loop
      vertex 11 182 -6
      vertex 3.6 99 -6
      vertex 3.6 69 -6
    endloop
  endfacet
  facet normal 0 0 1
    outer loop
      vertex 11 182 -6
      vertex 3.555678026142496 99.56316407414484 -6
      vertex 3.6 99 -6
    endloop
  endfacet
  facet normal 0 0 1
    outer loop
      vertex 3.2076234870781244 100.63436579906237 -6
      vertex 6.794427190999916 171.05954359633205 -6
      vertex 6.6313708498984765 170.86862915010153 -6
    endloop
  endfacet
  facet normal 0 0 1
    outer loop
      vertex 3.2076234870781244 100.63436579906237 -6
      vertex 6.925610438701389 171.2736152004167 -6
      vertex 6.794427190999916 171.05954359633205 -6
    endloop
  endfacet
  facet normal 0 0 1
    outer loop
      vertex 3.4238034586625528 100.11246117974981 -6
      vertex 7.0216904260722455 171.50557280900009 -6
      vertex 6.925610438701389 171.2736152004167 -6
    endloop
  endfacet
  facet normal 0 0 1
    outer loop
      vertex 3.555678026142496 99.56316407414484 -6
      vertex 7.08030134495222 171.74970485593562 -6
      vertex 7.0216904260722455 171.50557280900009 -6
    endloop
  endfacet
  facet normal 0 0 1
    outer loop
      vertex 11 182 -6
      vertex 7.08030134495222 171.74970485593562 -6
      vertex 3.555678026142496 99.56316407414484 -6
    endloop
  endfacet
  facet normal 0 0 1
    outer loop
      vertex 11 182 -6
      vertex 5.24970485593563 173.58030134495223 -6
      vertex 5.5 173.6 -6
    endloop
  endfacet
  facet normal 0 0 1
    outer loop
      vertex 11 182 -6
      vertex 5.5 173.6 -6
      vertex 5.75029514406437 173.58030134495223 -6
    endloop
  endfacet
  facet normal 0 0 1
    outer loop
      vertex 11 182 -6
      vertex 5.75029514406437 173.58030134495223 -6
      vertex 5.994427190999916 173.52169042607224 -6
    endloop
  endfacet
  facet normal 0 0 1
    outer loop
      vertex 11 182 -6
      vertex 5.994427190999916 173.52169042607224 -6
      vertex 6.226384799583275 173.4256104387014 -6
    endloop
  endfacet
  facet normal 0 0 1
    outer loop
      vertex 11 182 -6
      vertex 6.226384799583275 173.4256104387014 -6
      vertex 6.440456403667957 173.29442719099993 -6
    endloop
  endfacet
  facet normal 0 0 1
    outer loop
      vertex 11 182 -6
      vertex 6.440456403667957 173.29442719099993 -6
      vertex 6.6313708498984765 173.13137084989847 -6
    endloop
  endfacet
  facet normal 0 0 1
    outer loop
      vertex 11 182 -6
      vertex 6.6313708498984765 173.13137084989847 -6
      vertex 6.794427190999916 172.94045640366795 -6
    endloop
  endfacet
  facet normal 0 0 1
    outer loop
      vertex 11 182 -6
      vertex 6.794427190999916 172.94045640366795 -6
      vertex 6.925610438701389 172.7263847995833 -6
    endloop
  endfacet
  facet normal 0 0 1
    outer loop
      vertex 11 182 -6
      vertex 6.925610438701389 172.7263847995833 -6
      vertex 7.0216904260722455 172.49442719099991 -6
    endloop
  endfacet
  facet normal 0 0 1
    outer loop
      vertex 11 182 -6
      vertex 7.0216904260722455 172.49442719099991 -6
      vertex 7.08030134495222 172.25029514406438 -6
    endloop
  endfacet
  facet normal 0 0 1
    outer loop
      vertex 11 182 -6
      vertex 7.1 172 -6
      vertex 7.08030134495222 171.74970485593562 -6
    endloop
  endfacet
  facet normal 0 0 1
    outer loop
      vertex 11 182 -6
      vertex 7.08030134495222 172.25029514406438 -6
      vertex 7.1 172 -6
    endloop
  endfacet
endsolid OpenSCAD_Model
