solid OpenSCAD_Model
  facet normal -1 0 0
    outer loop
      vertex -90 -25 -57.5
      vertex -90 -13.7 -35
      vertex -90 -11.3 -35
    endloop
  endfacet
  facet normal 0 -1 0
    outer loop
      vertex -90 -25 -57.5
      vertex -68.3 -25 -1.35
      vertex -70.7 -25 -1.35
    endloop
  endfacet
  facet normal 0 -1 0
    outer loop
      vertex -90 -25 -57.5
      vertex -64.7 -25 -1.35
      vertex -68.3 -25 -1.35
    endloop
  endfacet
  facet normal 0 -1 0
    outer loop
      vertex -90 -25 -57.5
      vertex -62.3 -25 -1.35
      vertex -64.7 -25 -1.35
    endloop
  endfacet
  facet normal 0 -1 0
    outer loop
      vertex -90 -25 -57.5
      vertex -58.7 -25 -1.35
      vertex -62.3 -25 -1.35
    endloop
  endfacet
  facet normal 0 -1 0
    outer loop
      vertex -90 -25 -57.5
      vertex -56.3 -25 -1.35
      vertex -58.7 -25 -1.35
    endloop
  endfacet
  facet normal 0 -1 0
    outer loop
      vertex -90 -25 -57.5
      vertex -70.7 -25 -1.35
      vertex -90 -25 57.5
    endloop
  endfacet
  facet normal -1 0 0
    outer loop
      vertex -90 -25 -57.5
      vertex -90 -25 57.5
      vertex -90 -13.7 -35
    endloop
  endfacet
  facet normal 0 -1 0
    outer loop
      vertex -90 -25 -57.5
      vertex -52.7 -25 -1.35
      vertex -56.3 -25 -1.35
    endloop
  endfacet
  facet normal 0 -1 0
    outer loop
      vertex -90 -25 -57.5
      vertex -50.3 -25 -1.35
      vertex -52.7 -25 -1.35
    endloop
  endfacet
  facet normal 0 -1 0
    outer loop
      vertex -90 -25 -57.5
      vertex -46.7 -25 -1.35
      vertex -50.3 -25 -1.35
    endloop
  endfacet
  facet normal 0 -1 0
    outer loop
      vertex -90 -25 -57.5
      vertex -44.3 -25 -1.35
      vertex -46.7 -25 -1.35
    endloop
  endfacet
  facet normal 0 -1 0
    outer loop
      vertex -90 -25 -57.5
      vertex -40.7 -25 -1.35
      vertex -44.3 -25 -1.35
    endloop
  endfacet
  facet normal 0 -1 0
    outer loop
      vertex -90 -25 -57.5
      vertex -38.3 -25 -1.35
      vertex -40.7 -25 -1.35
    endloop
  endfacet
  facet normal 0 -1 0
    outer loop
      vertex -90 -25 -57.5
      vertex -34.7 -25 -1.35
      vertex -38.3 -25 -1.35
    endloop
  endfacet
  facet normal 0 -1 0
    outer loop
      vertex -90 -25 -57.5
      vertex -32.3 -25 -1.35
      vertex -34.7 -25 -1.35
    endloop
  endfacet
  facet normal 0 -1 0
    outer loop
      vertex -90 -25 -57.5
      vertex -26.3 -25 -1.35
      vertex -28.7 -25 -1.35
    endloop
  endfacet
  facet normal 0 -1 0
    outer loop
      vertex -90 -25 -57.5
      vertex -28.7 -25 1.35
      vertex -32.3 -25 -1.35
    endloop
  endfacet
  facet normal 0 -1 0
    outer loop
      vertex -90 -25 -57.5
      vertex -28.7 -25 -1.35
      vertex -28.7 -25 1.35
    endloop
  endfacet
  facet normal 0 -1 0
    outer loop
      vertex -90 -25 -57.5
      vertex -22.7 -25 1.35
      vertex -26.3 -25 -1.35
    endloop
  endfacet
  facet normal 0 -1 0
    outer loop
      vertex -90 -25 -57.5
      vertex -22.7 -25 -1.35
      vertex -22.7 -25 1.35
    endloop
  endfacet
  facet normal 0 -1 0
    outer loop
      vertex -68.3 -25 -1.35
      vertex -64.7 -25 -1.35
      vertex -64.7 -25 1.35
    endloop
  endfacet
  facet normal 0 -1 0
    outer loop
      vertex -62.3 -25 -1.35
      vertex -58.7 -25 -1.35
      vertex -58.7 -25 1.35
    endloop
  endfacet
  facet normal 0 -1 0
    outer loop
      vertex -56.3 -25 -1.35
      vertex -52.7 -25 -1.35
      vertex -52.7 -25 1.35
    endloop
  endfacet
  facet normal 0 -1 0
    outer loop
      vertex -50.3 -25 -1.35
      vertex -46.7 -25 -1.35
      vertex -46.7 -25 1.35
    endloop
  endfacet
  facet normal 0 0 -1
    outer loop
      vertex -90 -25 -57.5
      vertex -70.7 -2.85 -57.5
      vertex -68.3 -2.85 -57.5
    endloop
  endfacet
  facet normal 0 0 -1
    outer loop
      vertex -90 -25 -57.5
      vertex -70.7 -0.1499999999999999 -57.5
      vertex -70.7 -2.85 -57.5
    endloop
  endfacet
  facet normal 0 0 -1
    outer loop
      vertex -90 -25 -57.5
      vertex -68.3 -2.85 -57.5
      vertex -64.7 -2.85 -57.5
    endloop
  endfacet
  facet normal 0 0 -1
    outer loop
      vertex -90 -25 -57.5
      vertex -64.7 -2.85 -57.5
      vertex -62.3 -2.85 -57.5
    endloop
  endfacet
  facet normal 0 0 -1
    outer loop
      vertex -90 -25 -57.5
      vertex -62.3 -2.85 -57.5
      vertex -58.7 -2.85 -57.5
    endloop
  endfacet
  facet normal 0 0 -1
    outer loop
      vertex -90 -25 -57.5
      vertex -58.7 -2.85 -57.5
      vertex -56.3 -2.85 -57.5
    endloop
  endfacet
  facet normal -1 0 0
    outer loop
      vertex -90 -25 -57.5
      vertex -90 -11.3 -35
      vertex -90 22 -57.5
    endloop
  endfacet
  facet normal 0 0 -1
    outer loop
      vertex -90 -25 -57.5
      vertex -56.3 -2.85 -57.5
      vertex -52.7 -2.85 -57.5
    endloop
  endfacet
  facet normal 0 0 -1
    outer loop
      vertex -90 -25 -57.5
      vertex -52.7 -2.85 -57.5
      vertex -50.3 -2.85 -57.5
    endloop
  endfacet
  facet normal 0 0 -1
    outer loop
      vertex -90 -25 -57.5
      vertex -50.3 -2.85 -57.5
      vertex -46.7 -2.85 -57.5
    endloop
  endfacet
  facet normal 0 0 -1
    outer loop
      vertex -90 -25 -57.5
      vertex -46.7 -2.85 -57.5
      vertex -44.3 -2.85 -57.5
    endloop
  endfacet
  facet normal 0 0 -1
    outer loop
      vertex -90 -25 -57.5
      vertex -44.3 -2.85 -57.5
      vertex -40.7 -2.85 -57.5
    endloop
  endfacet
  facet normal 0 0 -1
    outer loop
      vertex -90 -25 -57.5
      vertex -40.7 -2.85 -57.5
      vertex -38.3 -2.85 -57.5
    endloop
  endfacet
  facet normal 0 0 -1
    outer loop
      vertex -90 -25 -57.5
      vertex -38.3 -2.85 -57.5
      vertex -34.7 -2.85 -57.5
    endloop
  endfacet
  facet normal 0 0 -1
    outer loop
      vertex -90 -25 -57.5
      vertex -34.7 -2.85 -57.5
      vertex -32.3 -2.85 -57.5
    endloop
  endfacet
  facet normal 0 0 -1
    outer loop
      vertex -90 -25 -57.5
      vertex -32.3 -2.85 -57.5
      vertex -28.7 -2.85 -57.5
    endloop
  endfacet
  facet normal 0 0 -1
    outer loop
      vertex -90 -25 -57.5
      vertex -28.7 -2.85 -57.5
      vertex -26.3 -2.85 -57.5
    endloop
  endfacet
  facet normal 0 0 -1
    outer loop
      vertex -90 -25 -57.5
      vertex -26.3 -2.85 -57.5
      vertex -22.7 -2.85 -57.5
    endloop
  endfacet
  facet normal 0 0 -1
    outer loop
      vertex -68.3 -2.85 -57.5
      vertex -68.3 -0.1499999999999999 -57.5
      vertex -64.7 -2.85 -57.5
    endloop
  endfacet
  facet normal 0 0 -1
    outer loop
      vertex -62.3 -2.85 -57.5
      vertex -62.3 -0.1499999999999999 -57.5
      vertex -58.7 -2.85 -57.5
    endloop
  endfacet
  facet normal 0 0 -1
    outer loop
      vertex -56.3 -2.85 -57.5
      vertex -56.3 -0.1499999999999999 -57.5
      vertex -52.7 -2.85 -57.5
    endloop
  endfacet
  facet normal 0 0 -1
    outer loop
      vertex -50.3 -2.85 -57.5
      vertex -50.3 -0.1499999999999999 -57.5
      vertex -46.7 -2.85 -57.5
    endloop
  endfacet
  facet normal -1 0 0
    outer loop
      vertex -90 -11.3 -35
      vertex -90 -6 -8
      vertex -90 -6 -12
    endloop
  endfacet
  facet normal -1 0 0
    outer loop
      vertex -90 -11.3 -35
      vertex -90 -6 -2
      vertex -90 -6 -8
    endloop
  endfacet
  facet normal -1 0 0
    outer loop
      vertex -90 -11.3 -35
      vertex -90 -11.3 35
      vertex -90 -6 -2
    endloop
  endfacet
  facet normal -1 0 0
    outer loop
      vertex -90 -6 -8
      vertex -90 -6 -2
      vertex -90 6 -2
    endloop
  endfacet
  facet normal 0 -1 0
    outer loop
      vertex -90 -25 -57.5
      vertex -20.3 -25 -1.35
      vertex -22.7 -25 -1.35
    endloop
  endfacet
  facet normal 0 -1 0
    outer loop
      vertex -90 -25 -57.5
      vertex -16.7 -25 1.35
      vertex -20.3 -25 -1.35
    endloop
  endfacet
  facet normal 0 -1 0
    outer loop
      vertex -90 -25 -57.5
      vertex -14.3 -25 -1.35
      vertex -16.7 -25 -1.35
    endloop
  endfacet
  facet normal 0 -1 0
    outer loop
      vertex -90 -25 -57.5
      vertex -16.7 -25 -1.35
      vertex -16.7 -25 1.35
    endloop
  endfacet
  facet normal 0 -1 0
    outer loop
      vertex -90 -25 -57.5
      vertex -10.7 -25 -1.35
      vertex -14.3 -25 -1.35
    endloop
  endfacet
  facet normal 0 -1 0
    outer loop
      vertex -90 -25 -57.5
      vertex -8.3 -25 -1.35
      vertex -10.7 -25 -1.35
    endloop
  endfacet
  facet normal 0 -1 0
    outer loop
      vertex -90 -25 -57.5
      vertex -4.7 -25 -1.35
      vertex -8.3 -25 -1.35
    endloop
  endfacet
  facet normal 0 -1 0
    outer loop
      vertex -90 -25 -57.5
      vertex -2.3 -25 -1.35
      vertex -4.7 -25 -1.35
    endloop
  endfacet
  facet normal 0 -1 0
    outer loop
      vertex -90 -25 -57.5
      vertex 1.3 -25 -1.35
      vertex -2.3 -25 -1.35
    endloop
  endfacet
  facet normal 0 -1 0
    outer loop
      vertex -90 -25 -57.5
      vertex 3.7 -25 -1.35
      vertex 1.3 -25 -1.35
    endloop
  endfacet
  facet normal 0 -1 0
    outer loop
      vertex -90 -25 -57.5
      vertex 7.3 -25 -1.35
      vertex 3.7 -25 -1.35
    endloop
  endfacet
  facet normal 0 -1 0
    outer loop
      vertex -44.3 -25 -1.35
      vertex -40.7 -25 -1.35
      vertex -40.7 -25 1.35
    endloop
  endfacet
  facet normal 0 -1 0
    outer loop
      vertex -38.3 -25 -1.35
      vertex -34.7 -25 -1.35
      vertex -34.7 -25 1.35
    endloop
  endfacet
  facet normal 0 -1 0
    outer loop
      vertex -14.3 -25 -1.35
      vertex -10.7 -25 -1.35
      vertex -10.7 -25 1.35
    endloop
  endfacet
  facet normal 0 -1 0
    outer loop
      vertex -8.3 -25 -1.35
      vertex -4.7 -25 -1.35
      vertex -8.3 -25 1.35
    endloop
  endfacet
  facet normal 0 -1 0
    outer loop
      vertex -2.3 -25 -1.35
      vertex 1.3 -25 -1.35
      vertex -2.3 -25 1.35
    endloop
  endfacet
  facet normal 0 0 -1
    outer loop
      vertex -90 -25 -57.5
      vertex -22.7 -2.85 -57.5
      vertex -20.3 -2.85 -57.5
    endloop
  endfacet
  facet normal 0 0 -1
    outer loop
      vertex -90 -25 -57.5
      vertex -20.3 -2.85 -57.5
      vertex -16.7 -2.85 -57.5
    endloop
  endfacet
  facet normal 0 0 -1
    outer loop
      vertex -90 -25 -57.5
      vertex -16.7 -2.85 -57.5
      vertex -14.3 -2.85 -57.5
    endloop
  endfacet
  facet normal 0 0 -1
    outer loop
      vertex -90 -25 -57.5
      vertex -14.3 -2.85 -57.5
      vertex -10.7 -2.85 -57.5
    endloop
  endfacet
  facet normal 0 0 -1
    outer loop
      vertex -90 -25 -57.5
      vertex -10.7 -2.85 -57.5
      vertex -8.3 -2.85 -57.5
    endloop
  endfacet
  facet normal 0 0 -1
    outer loop
      vertex -90 -25 -57.5
      vertex -8.3 -2.85 -57.5
      vertex -4.7 -2.85 -57.5
    endloop
  endfacet
  facet normal 0 0 -1
    outer loop
      vertex -90 -25 -57.5
      vertex -4.7 -2.85 -57.5
      vertex -2.3 -2.85 -57.5
    endloop
  endfacet
  facet normal 0 0 -1
    outer loop
      vertex -90 -25 -57.5
      vertex -2.3 -2.85 -57.5
      vertex 1.3 -2.85 -57.5
    endloop
  endfacet
  facet normal 0 0 -1
    outer loop
      vertex -90 -25 -57.5
      vertex 1.3 -2.85 -57.5
      vertex 3.7 -2.85 -57.5
    endloop
  endfacet
  facet normal 0 0 -1
    outer loop
      vertex -90 -25 -57.5
      vertex 3.7 -2.85 -57.5
      vertex 7.3 -2.85 -57.5
    endloop
  endfacet
  facet normal 0 0 -1
    outer loop
      vertex -90 -25 -57.5
      vertex 7.3 -2.85 -57.5
      vertex 9.7 -2.85 -57.5
    endloop
  endfacet
  facet normal 0 0 -1
    outer loop
      vertex -44.3 -2.85 -57.5
      vertex -44.3 -0.1499999999999999 -57.5
      vertex -40.7 -2.85 -57.5
    endloop
  endfacet
  facet normal 0 0 -1
    outer loop
      vertex -38.3 -2.85 -57.5
      vertex -38.3 -0.1499999999999999 -57.5
      vertex -34.7 -2.85 -57.5
    endloop
  endfacet
  facet normal 0 0 -1
    outer loop
      vertex -32.3 -2.85 -57.5
      vertex -32.3 -0.1499999999999999 -57.5
      vertex -28.7 -2.85 -57.5
    endloop
  endfacet
  facet normal 0 0 -1
    outer loop
      vertex -26.3 -2.85 -57.5
      vertex -26.3 -0.1499999999999999 -57.5
      vertex -22.7 -2.85 -57.5
    endloop
  endfacet
  facet normal 0 0 -1
    outer loop
      vertex -90 -25 -57.5
      vertex 9.7 -2.85 -57.5
      vertex 13.3 -2.85 -57.5
    endloop
  endfacet
  facet normal 0 0 -1
    outer loop
      vertex -90 -25 -57.5
      vertex 13.3 -2.85 -57.5
      vertex 15.7 -2.85 -57.5
    endloop
  endfacet
  facet normal 0 0 -1
    outer loop
      vertex -90 -25 -57.5
      vertex 15.7 -2.85 -57.5
      vertex 19.3 -2.85 -57.5
    endloop
  endfacet
  facet normal 0 0 -1
    outer loop
      vertex -90 -25 -57.5
      vertex 19.3 -2.85 -57.5
      vertex 21.7 -2.85 -57.5
    endloop
  endfacet
  facet normal 0 0 -1
    outer loop
      vertex -90 -25 -57.5
      vertex 21.7 -2.85 -57.5
      vertex 25.3 -2.85 -57.5
    endloop
  endfacet
  facet normal 0 0 -1
    outer loop
      vertex -90 -25 -57.5
      vertex 25.3 -2.85 -57.5
      vertex 27.7 -2.85 -57.5
    endloop
  endfacet
  facet normal 0 0 -1
    outer loop
      vertex -90 -25 -57.5
      vertex 27.7 -2.85 -57.5
      vertex 31.3 -2.85 -57.5
    endloop
  endfacet
  facet normal 0 0 -1
    outer loop
      vertex -90 -25 -57.5
      vertex 31.3 -2.85 -57.5
      vertex 33.7 -2.85 -57.5
    endloop
  endfacet
  facet normal 0 0 -1
    outer loop
      vertex -90 -25 -57.5
      vertex 33.7 -2.85 -57.5
      vertex 37.3 -2.85 -57.5
    endloop
  endfacet
  facet normal 0 0 -1
    outer loop
      vertex -90 -25 -57.5
      vertex 37.3 -2.85 -57.5
      vertex 39.7 -2.85 -57.5
    endloop
  endfacet
  facet normal 0 0 -1
    outer loop
      vertex -90 -25 -57.5
      vertex 39.7 -2.85 -57.5
      vertex 43.3 -2.85 -57.5
    endloop
  endfacet
  facet normal 0 0 -1
    outer loop
      vertex -20.3 -2.85 -57.5
      vertex -20.3 -0.1499999999999999 -57.5
      vertex -16.7 -2.85 -57.5
    endloop
  endfacet
  facet normal 0 0 -1
    outer loop
      vertex -14.3 -2.85 -57.5
      vertex -14.3 -0.1499999999999999 -57.5
      vertex -10.7 -2.85 -57.5
    endloop
  endfacet
  facet normal 0 0 -1
    outer loop
      vertex -8.3 -2.85 -57.5
      vertex -8.3 -0.1499999999999999 -57.5
      vertex -4.7 -2.85 -57.5
    endloop
  endfacet
  facet normal 0 0 -1
    outer loop
      vertex -2.3 -2.85 -57.5
      vertex -2.3 -0.1499999999999999 -57.5
      vertex 1.3 -2.85 -57.5
    endloop
  endfacet
  facet normal 0 -1 0
    outer loop
      vertex -70.7 -25 -1.35
      vertex -70.7 -25 1.35
      vertex -90 -25 57.5
    endloop
  endfacet
  facet normal 0 -1 0
    outer loop
      vertex -70.7 -25 1.35
      vertex -68.3 -25 1.35
      vertex -90 -25 57.5
    endloop
  endfacet
  facet normal 0 -1 0
    outer loop
      vertex -68.3 -25 1.35
      vertex -64.7 -25 1.35
      vertex -90 -25 57.5
    endloop
  endfacet
  facet normal 0 -1 0
    outer loop
      vertex -64.7 -25 1.35
      vertex -62.3 -25 1.35
      vertex -90 -25 57.5
    endloop
  endfacet
  facet normal 0 -1 0
    outer loop
      vertex -62.3 -25 1.35
      vertex -58.7 -25 1.35
      vertex -90 -25 57.5
    endloop
  endfacet
  facet normal 0 -1 0
    outer loop
      vertex -58.7 -25 1.35
      vertex -56.3 -25 1.35
      vertex -90 -25 57.5
    endloop
  endfacet
  facet normal -1 0 0
    outer loop
      vertex -90 -13.7 -35
      vertex -90 -25 57.5
      vertex -90 -13.7 35
    endloop
  endfacet
  facet normal 0 -1 0
    outer loop
      vertex -68.3 -25 -1.35
      vertex -64.7 -25 1.35
      vertex -68.3 -25 1.35
    endloop
  endfacet
  facet normal 0 -1 0
    outer loop
      vertex -62.3 -25 -1.35
      vertex -58.7 -25 1.35
      vertex -62.3 -25 1.35
    endloop
  endfacet
  facet normal 0 -1 0
    outer loop
      vertex -56.3 -25 -1.35
      vertex -52.7 -25 1.35
      vertex -56.3 -25 1.35
    endloop
  endfacet
  facet normal 0 -1 0
    outer loop
      vertex -50.3 -25 -1.35
      vertex -46.7 -25 1.35
      vertex -50.3 -25 1.35
    endloop
  endfacet
  facet normal 0 -1 0
    outer loop
      vertex -56.3 -25 1.35
      vertex -52.7 -25 1.35
      vertex -90 -25 57.5
    endloop
  endfacet
  facet normal 0 -1 0
    outer loop
      vertex -52.7 -25 1.35
      vertex -50.3 -25 1.35
      vertex -90 -25 57.5
    endloop
  endfacet
  facet normal 0 -1 0
    outer loop
      vertex -50.3 -25 1.35
      vertex -46.7 -25 1.35
      vertex -90 -25 57.5
    endloop
  endfacet
  facet normal 0 -1 0
    outer loop
      vertex -46.7 -25 1.35
      vertex -44.3 -25 1.35
      vertex -90 -25 57.5
    endloop
  endfacet
  facet normal 0 -1 0
    outer loop
      vertex -90 -25 57.5
      vertex -44.3 -25 1.35
      vertex -40.7 -25 1.35
    endloop
  endfacet
  facet normal 0 -1 0
    outer loop
      vertex -90 -25 57.5
      vertex -40.7 -25 1.35
      vertex -38.3 -25 1.35
    endloop
  endfacet
  facet normal 0 -1 0
    outer loop
      vertex -90 -25 57.5
      vertex -38.3 -25 1.35
      vertex -34.7 -25 1.35
    endloop
  endfacet
  facet normal 0 0 1
    outer loop
      vertex -90 -25 57.5
      vertex -49.5 -13.1 57.5
      vertex -51.25 -5.85 57.5
    endloop
  endfacet
  facet normal -1 0 0
    outer loop
      vertex -90 -6 -2
      vertex -90 -11.3 35
      vertex -90 -6 2
    endloop
  endfacet
  facet normal -1 0 0
    outer loop
      vertex -90 -6 2
      vertex -90 -11.3 35
      vertex -90 -6 8
    endloop
  endfacet
  facet normal -1 0 0
    outer loop
      vertex -90 -6 8
      vertex -90 -11.3 35
      vertex -90 -6 12
    endloop
  endfacet
  facet normal -1 0 0
    outer loop
      vertex -90 -6 2
      vertex -90 -6 8
      vertex -90 6 8
    endloop
  endfacet
  facet normal 0 0 1
    outer loop
      vertex -90 -25 57.5
      vertex -51.25 -5.85 57.5
      vertex -66.75 -5.85 57.5
    endloop
  endfacet
  facet normal -1 0 0
    outer loop
      vertex -90 -25 57.5
      vertex -90 22 57.5
      vertex -90 -13.7 35
    endloop
  endfacet
  facet normal 0 0 1
    outer loop
      vertex -90 -25 57.5
      vertex -66.75 -5.85 57.5
      vertex -90 22 57.5
    endloop
  endfacet
  facet normal 0 -1 0
    outer loop
      vertex -44.3 -25 -1.35
      vertex -40.7 -25 1.35
      vertex -44.3 -25 1.35
    endloop
  endfacet
  facet normal 0 -1 0
    outer loop
      vertex -38.3 -25 -1.35
      vertex -34.7 -25 1.35
      vertex -38.3 -25 1.35
    endloop
  endfacet
  facet normal 0 -1 0
    outer loop
      vertex -32.3 -25 -1.35
      vertex -28.7 -25 1.35
      vertex -32.3 -25 1.35
    endloop
  endfacet
  facet normal 0 -1 0
    outer loop
      vertex -26.3 -25 -1.35
      vertex -22.7 -25 1.35
      vertex -26.3 -25 1.35
    endloop
  endfacet
  facet normal 0 -1 0
    outer loop
      vertex -20.3 -25 -1.35
      vertex -16.7 -25 1.35
      vertex -20.3 -25 1.35
    endloop
  endfacet
  facet normal 0 -1 0
    outer loop
      vertex -14.3 -25 -1.35
      vertex -10.7 -25 1.35
      vertex -14.3 -25 1.35
    endloop
  endfacet
  facet normal 0 -1 0
    outer loop
      vertex -4.7 -25 -1.35
      vertex -4.7 -25 1.35
      vertex -8.3 -25 1.35
    endloop
  endfacet
  facet normal 0 -1 0
    outer loop
      vertex -90 -25 57.5
      vertex -34.7 -25 1.35
      vertex 90 -25 57.5
    endloop
  endfacet
  facet normal 0 0 1
    outer loop
      vertex -90 -25 57.5
      vertex 90 -25 57.5
      vertex -49.5 -13.1 57.5
    endloop
  endfacet
  facet normal 0 0 1
    outer loop
      vertex -32.5 -13.1 57.5
      vertex -21 -5.65 57.5
      vertex -27 -5.65 57.5
    endloop
  endfacet
  facet normal 0 0 1
    outer loop
      vertex -32.5 -13.1 57.5
      vertex -15.5 -5.9 57.5
      vertex -21 -5.65 57.5
    endloop
  endfacet
  facet normal 0 0 1
    outer loop
      vertex -32.5 -13.1 57.5
      vertex -27 -5.65 57.5
      vertex -27 12.85 57.5
    endloop
  endfacet
  facet normal 0 0 -1
    outer loop
      vertex -90 -25 -57.5
      vertex -90 22 -57.5
      vertex -70.7 -0.1499999999999999 -57.5
    endloop
  endfacet
  facet normal -1 0 0
    outer loop
      vertex -90 -11.3 -35
      vertex -90 -6 -12
      vertex -90 22 -57.5
    endloop
  endfacet
  facet normal 0 0 -1
    outer loop
      vertex -70.7 -0.1499999999999999 -57.5
      vertex -90 22 -57.5
      vertex -68.3 -0.1499999999999999 -57.5
    endloop
  endfacet
  facet normal 0 0 -1
    outer loop
      vertex -68.3 -0.1499999999999999 -57.5
      vertex -90 22 -57.5
      vertex -64.7 -0.1499999999999999 -57.5
    endloop
  endfacet
  facet normal 0 0 -1
    outer loop
      vertex -64.7 -0.1499999999999999 -57.5
      vertex -90 22 -57.5
      vertex -62.3 -0.1499999999999999 -57.5
    endloop
  endfacet
  facet normal 0 0 -1
    outer loop
      vertex -62.3 -0.1499999999999999 -57.5
      vertex -90 22 -57.5
      vertex -58.7 -0.1499999999999999 -57.5
    endloop
  endfacet
  facet normal 0 0 -1
    outer loop
      vertex -58.7 -0.1499999999999999 -57.5
      vertex -90 22 -57.5
      vertex -56.3 -0.1499999999999999 -57.5
    endloop
  endfacet
  facet normal 0 0 -1
    outer loop
      vertex -64.7 -2.85 -57.5
      vertex -68.3 -0.1499999999999999 -57.5
      vertex -64.7 -0.1499999999999999 -57.5
    endloop
  endfacet
  facet normal 0 0 -1
    outer loop
      vertex -58.7 -2.85 -57.5
      vertex -62.3 -0.1499999999999999 -57.5
      vertex -58.7 -0.1499999999999999 -57.5
    endloop
  endfacet
  facet normal 0 0 -1
    outer loop
      vertex -52.7 -2.85 -57.5
      vertex -56.3 -0.1499999999999999 -57.5
      vertex -52.7 -0.1499999999999999 -57.5
    endloop
  endfacet
  facet normal 0 0 -1
    outer loop
      vertex -46.7 -2.85 -57.5
      vertex -50.3 -0.1499999999999999 -57.5
      vertex -46.7 -0.1499999999999999 -57.5
    endloop
  endfacet
  facet normal 0 0 -1
    outer loop
      vertex -56.3 -0.1499999999999999 -57.5
      vertex -90 22 -57.5
      vertex -52.7 -0.1499999999999999 -57.5
    endloop
  endfacet
  facet normal 0 0 -1
    outer loop
      vertex -52.7 -0.1499999999999999 -57.5
      vertex -90 22 -57.5
      vertex -50.3 -0.1499999999999999 -57.5
    endloop
  endfacet
  facet normal 0 0 -1
    outer loop
      vertex -50.3 -0.1499999999999999 -57.5
      vertex -90 22 -57.5
      vertex -46.7 -0.1499999999999999 -57.5
    endloop
  endfacet
  facet normal 0 0 -1
    outer loop
      vertex -46.7 -0.1499999999999999 -57.5
      vertex -90 22 -57.5
      vertex -44.3 -0.1499999999999999 -57.5
    endloop
  endfacet
  facet normal -1 0 0
    outer loop
      vertex -90 -6 -8
      vertex -90 6 -2
      vertex -90 6 -8
    endloop
  endfacet
  facet normal -1 0 0
    outer loop
      vertex -90 -6 -12
      vertex -90 6 -12
      vertex -90 22 -57.5
    endloop
  endfacet
  facet normal -1 0 0
    outer loop
      vertex -90 6 -12
      vertex -90 22 57.5
      vertex -90 22 -57.5
    endloop
  endfacet
  facet normal 0 0 -1
    outer loop
      vertex -40.7 -2.85 -57.5
      vertex -44.3 -0.1499999999999999 -57.5
      vertex -40.7 -0.1499999999999999 -57.5
    endloop
  endfacet
  facet normal 0 0 -1
    outer loop
      vertex -34.7 -2.85 -57.5
      vertex -38.3 -0.1499999999999999 -57.5
      vertex -34.7 -0.1499999999999999 -57.5
    endloop
  endfacet
  facet normal 0 0 -1
    outer loop
      vertex -28.7 -2.85 -57.5
      vertex -32.3 -0.1499999999999999 -57.5
      vertex -28.7 -0.1499999999999999 -57.5
    endloop
  endfacet
  facet normal 0 0 -1
    outer loop
      vertex -22.7 -2.85 -57.5
      vertex -26.3 -0.1499999999999999 -57.5
      vertex -22.7 -0.1499999999999999 -57.5
    endloop
  endfacet
  facet normal 0 0 -1
    outer loop
      vertex -16.7 -2.85 -57.5
      vertex -20.3 -0.1499999999999999 -57.5
      vertex -16.7 -0.1499999999999999 -57.5
    endloop
  endfacet
  facet normal 0 0 -1
    outer loop
      vertex -10.7 -2.85 -57.5
      vertex -14.3 -0.1499999999999999 -57.5
      vertex -10.7 -0.1499999999999999 -57.5
    endloop
  endfacet
  facet normal 0 0 -1
    outer loop
      vertex -4.7 -2.85 -57.5
      vertex -8.3 -0.1499999999999999 -57.5
      vertex -4.7 -0.1499999999999999 -57.5
    endloop
  endfacet
  facet normal 0 0 -1
    outer loop
      vertex -90 22 -57.5
      vertex 90 22 -57.5
      vertex -44.3 -0.1499999999999999 -57.5
    endloop
  endfacet
  facet normal -1 0 0
    outer loop
      vertex -90 -6 2
      vertex -90 6 8
      vertex -90 6 2
    endloop
  endfacet
  facet normal -1 0 0
    outer loop
      vertex -90 -6 12
      vertex -90 22 57.5
      vertex -90 6 12
    endloop
  endfacet
  facet normal -1 0 0
    outer loop
      vertex -90 -13.7 35
      vertex -90 22 57.5
      vertex -90 -11.3 35
    endloop
  endfacet
  facet normal -1 0 0
    outer loop
      vertex -90 -6 12
      vertex -90 -11.3 35
      vertex -90 22 57.5
    endloop
  endfacet
  facet normal 0 0 1
    outer loop
      vertex -66.75 -5.85 57.5
      vertex -66.75 11.65 57.5
      vertex -90 22 57.5
    endloop
  endfacet
  facet normal 0 0 1
    outer loop
      vertex -49.5 -13.1 57.5
      vertex -49.5 18.9 57.5
      vertex -51.25 -5.85 57.5
    endloop
  endfacet
  facet normal 0 0 1
    outer loop
      vertex -51.25 -5.85 57.5
      vertex -49.5 18.9 57.5
      vertex -51.25 11.65 57.5
    endloop
  endfacet
  facet normal -1 0 0
    outer loop
      vertex -90 6 -12
      vertex -90 6 -8
      vertex -90 22 57.5
    endloop
  endfacet
  facet normal -1 0 0
    outer loop
      vertex -90 6 -8
      vertex -90 6 -2
      vertex -90 22 57.5
    endloop
  endfacet
  facet normal -1 0 0
    outer loop
      vertex -90 6 -2
      vertex -90 6 2
      vertex -90 22 57.5
    endloop
  endfacet
  facet normal -1 0 0
    outer loop
      vertex -90 6 2
      vertex -90 6 8
      vertex -90 22 57.5
    endloop
  endfacet
  facet normal -1 0 0
    outer loop
      vertex -90 6 8
      vertex -90 6 12
      vertex -90 22 57.5
    endloop
  endfacet
  facet normal 0 0 1
    outer loop
      vertex -90 22 57.5
      vertex -66.75 11.65 57.5
      vertex -51.25 11.65 57.5
    endloop
  endfacet
  facet normal 0 0 1
    outer loop
      vertex -90 22 57.5
      vertex -51.25 11.65 57.5
      vertex -49.5 18.9 57.5
    endloop
  endfacet
  facet normal 0 0 1
    outer loop
      vertex -90 22 57.5
      vertex -49.5 18.9 57.5
      vertex -32.5 18.9 57.5
    endloop
  endfacet
  facet normal 0 0 1
    outer loop
      vertex -32.5 -13.1 57.5
      vertex -27 12.85 57.5
      vertex -32.5 18.9 57.5
    endloop
  endfacet
  facet normal 0 0 1
    outer loop
      vertex -21 -5.65 57.5
      vertex -15.5 -5.9 57.5
      vertex -15.5 9.1 57.5
    endloop
  endfacet
  facet normal 0 0 1
    outer loop
      vertex -21 -5.65 57.5
      vertex -15.5 9.1 57.5
      vertex -21 12.85 57.5
    endloop
  endfacet
  facet normal 0 0 1
    outer loop
      vertex -8.6 12 57.5
      vertex 1.5 9.1 57.5
      vertex 4.5 9.1 57.5
    endloop
  endfacet
  facet normal 0 0 1
    outer loop
      vertex -27 12.85 57.5
      vertex -21 12.85 57.5
      vertex -32.5 18.9 57.5
    endloop
  endfacet
  facet normal 0 0 1
    outer loop
      vertex -90 22 57.5
      vertex -32.5 18.9 57.5
      vertex -8.6 20 57.5
    endloop
  endfacet
  facet normal 0 0 1
    outer loop
      vertex -90 22 57.5
      vertex -8.6 20 57.5
      vertex 8.6 20 57.5
    endloop
  endfacet
  facet normal 0 0 1
    outer loop
      vertex -15.5 9.1 57.5
      vertex 1.5 9.1 57.5
      vertex -21 12.85 57.5
    endloop
  endfacet
  facet normal 0 0 1
    outer loop
      vertex -21 12.85 57.5
      vertex -8.6 12 57.5
      vertex -8.6 20 57.5
    endloop
  endfacet
  facet normal 0 0 1
    outer loop
      vertex -21 12.85 57.5
      vertex 1.5 9.1 57.5
      vertex -8.6 12 57.5
    endloop
  endfacet
  facet normal 0 0 1
    outer loop
      vertex -32.5 18.9 57.5
      vertex -21 12.85 57.5
      vertex -8.6 20 57.5
    endloop
  endfacet
  facet normal 0 -1 0
    outer loop
      vertex -90 -25 -57.5
      vertex 90 -25 -57.5
      vertex 7.3 -25 -1.35
    endloop
  endfacet
  facet normal 0 0 -1
    outer loop
      vertex -90 -25 -57.5
      vertex 43.3 -2.85 -57.5
      vertex 90 -25 -57.5
    endloop
  endfacet
  facet normal 0 -1 0
    outer loop
      vertex 3.7 -25 -1.35
      vertex 7.3 -25 -1.35
      vertex 3.7 -25 1.35
    endloop
  endfacet
  facet normal 0 -1 0
    outer loop
      vertex 9.7 -25 -1.35
      vertex 13.3 -25 -1.35
      vertex 13.3 -25 1.35
    endloop
  endfacet
  facet normal 0 -1 0
    outer loop
      vertex 15.7 -25 -1.35
      vertex 19.3 -25 -1.35
      vertex 19.3 -25 1.35
    endloop
  endfacet
  facet normal 0 -1 0
    outer loop
      vertex 7.3 -25 -1.35
      vertex 90 -25 -57.5
      vertex 9.7 -25 -1.35
    endloop
  endfacet
  facet normal 0 -1 0
    outer loop
      vertex 9.7 -25 -1.35
      vertex 90 -25 -57.5
      vertex 13.3 -25 -1.35
    endloop
  endfacet
  facet normal 0 -1 0
    outer loop
      vertex 13.3 -25 -1.35
      vertex 90 -25 -57.5
      vertex 15.7 -25 -1.35
    endloop
  endfacet
  facet normal 0 -1 0
    outer loop
      vertex 15.7 -25 -1.35
      vertex 90 -25 -57.5
      vertex 19.3 -25 -1.35
    endloop
  endfacet
  facet normal 0 -1 0
    outer loop
      vertex 19.3 -25 -1.35
      vertex 90 -25 -57.5
      vertex 21.7 -25 -1.35
    endloop
  endfacet
  facet normal 0 -1 0
    outer loop
      vertex 21.7 -25 -1.35
      vertex 25.3 -25 -1.35
      vertex 25.3 -25 1.35
    endloop
  endfacet
  facet normal 0 -1 0
    outer loop
      vertex 27.7 -25 -1.35
      vertex 31.3 -25 -1.35
      vertex 31.3 -25 1.35
    endloop
  endfacet
  facet normal 0 -1 0
    outer loop
      vertex 33.7 -25 -1.35
      vertex 37.3 -25 -1.35
      vertex 37.3 -25 1.35
    endloop
  endfacet
  facet normal 0 -1 0
    outer loop
      vertex 39.7 -25 -1.35
      vertex 43.3 -25 -1.35
      vertex 43.3 -25 1.35
    endloop
  endfacet
  facet normal 0 0 -1
    outer loop
      vertex 3.7 -2.85 -57.5
      vertex 3.7 -0.1499999999999999 -57.5
      vertex 7.3 -2.85 -57.5
    endloop
  endfacet
  facet normal 0 0 -1
    outer loop
      vertex 9.7 -2.85 -57.5
      vertex 9.7 -0.1499999999999999 -57.5
      vertex 13.3 -2.85 -57.5
    endloop
  endfacet
  facet normal 0 0 -1
    outer loop
      vertex 15.7 -2.85 -57.5
      vertex 15.7 -0.1499999999999999 -57.5
      vertex 19.3 -2.85 -57.5
    endloop
  endfacet
  facet normal 0 0 -1
    outer loop
      vertex 21.7 -2.85 -57.5
      vertex 21.7 -0.1499999999999999 -57.5
      vertex 25.3 -2.85 -57.5
    endloop
  endfacet
  facet normal 0 0 -1
    outer loop
      vertex 27.7 -2.85 -57.5
      vertex 27.7 -0.1499999999999999 -57.5
      vertex 31.3 -2.85 -57.5
    endloop
  endfacet
  facet normal 0 0 -1
    outer loop
      vertex 33.7 -2.85 -57.5
      vertex 33.7 -0.1499999999999999 -57.5
      vertex 37.3 -2.85 -57.5
    endloop
  endfacet
  facet normal 0 0 -1
    outer loop
      vertex 39.7 -2.85 -57.5
      vertex 39.7 -0.1499999999999999 -57.5
      vertex 43.3 -2.85 -57.5
    endloop
  endfacet
  facet normal 0 -1 0
    outer loop
      vertex 21.7 -25 -1.35
      vertex 90 -25 -57.5
      vertex 25.3 -25 -1.35
    endloop
  endfacet
  facet normal 0 -1 0
    outer loop
      vertex 25.3 -25 -1.35
      vertex 90 -25 -57.5
      vertex 27.7 -25 -1.35
    endloop
  endfacet
  facet normal 0 -1 0
    outer loop
      vertex 27.7 -25 -1.35
      vertex 90 -25 -57.5
      vertex 31.3 -25 -1.35
    endloop
  endfacet
  facet normal 0 -1 0
    outer loop
      vertex 31.3 -25 -1.35
      vertex 90 -25 -57.5
      vertex 33.7 -25 -1.35
    endloop
  endfacet
  facet normal 0 -1 0
    outer loop
      vertex 33.7 -25 -1.35
      vertex 90 -25 -57.5
      vertex 37.3 -25 -1.35
    endloop
  endfacet
  facet normal 0 -1 0
    outer loop
      vertex 37.3 -25 -1.35
      vertex 90 -25 -57.5
      vertex 39.7 -25 -1.35
    endloop
  endfacet
  facet normal 0 -1 0
    outer loop
      vertex 39.7 -25 -1.35
      vertex 90 -25 -57.5
      vertex 43.3 -25 -1.35
    endloop
  endfacet
  facet normal 0 -1 0
    outer loop
      vertex 43.3 -25 -1.35
      vertex 90 -25 -57.5
      vertex 45.7 -25 -1.35
    endloop
  endfacet
  facet normal 0 -1 0
    outer loop
      vertex 90 -25 -57.5
      vertex 49.3 -25 -1.35
      vertex 45.7 -25 -1.35
    endloop
  endfacet
  facet normal 0 -1 0
    outer loop
      vertex 90 -25 -57.5
      vertex 51.7 -25 -1.35
      vertex 49.3 -25 -1.35
    endloop
  endfacet
  facet normal 0 -1 0
    outer loop
      vertex 90 -25 -57.5
      vertex 55.3 -25 -1.35
      vertex 51.7 -25 -1.35
    endloop
  endfacet
  facet normal 0 -1 0
    outer loop
      vertex 45.7 -25 -1.35
      vertex 49.3 -25 -1.35
      vertex 49.3 -25 1.35
    endloop
  endfacet
  facet normal 0 -1 0
    outer loop
      vertex 51.7 -25 -1.35
      vertex 55.3 -25 -1.35
      vertex 55.3 -25 1.35
    endloop
  endfacet
  facet normal 0 -1 0
    outer loop
      vertex 57.7 -25 -1.35
      vertex 61.3 -25 -1.35
      vertex 61.3 -25 1.35
    endloop
  endfacet
  facet normal 0 -1 0
    outer loop
      vertex 90 -25 -57.5
      vertex 57.7 -25 -1.35
      vertex 55.3 -25 -1.35
    endloop
  endfacet
  facet normal 0 -1 0
    outer loop
      vertex 90 -25 -57.5
      vertex 61.3 -25 -1.35
      vertex 57.7 -25 -1.35
    endloop
  endfacet
  facet normal 0 -1 0
    outer loop
      vertex 90 -25 -57.5
      vertex 63.7 -25 -1.35
      vertex 61.3 -25 -1.35
    endloop
  endfacet
  facet normal 0 -1 0
    outer loop
      vertex 90 -25 -57.5
      vertex 90 -25 57.5
      vertex 63.7 -25 -1.35
    endloop
  endfacet
  facet normal 1 0 0
    outer loop
      vertex 90 -25 -57.5
      vertex 90 -13.7 -35
      vertex 90 -13.7 35
    endloop
  endfacet
  facet normal 0 0 -1
    outer loop
      vertex 43.3 -2.85 -57.5
      vertex 45.7 -2.85 -57.5
      vertex 90 -25 -57.5
    endloop
  endfacet
  facet normal 0 0 -1
    outer loop
      vertex 90 -25 -57.5
      vertex 45.7 -2.85 -57.5
      vertex 49.3 -2.85 -57.5
    endloop
  endfacet
  facet normal 0 0 -1
    outer loop
      vertex 90 -25 -57.5
      vertex 49.3 -2.85 -57.5
      vertex 51.7 -2.85 -57.5
    endloop
  endfacet
  facet normal 0 0 -1
    outer loop
      vertex 90 -25 -57.5
      vertex 51.7 -2.85 -57.5
      vertex 55.3 -2.85 -57.5
    endloop
  endfacet
  facet normal 0 0 -1
    outer loop
      vertex 45.7 -2.85 -57.5
      vertex 45.7 -0.1499999999999999 -57.5
      vertex 49.3 -2.85 -57.5
    endloop
  endfacet
  facet normal 0 0 -1
    outer loop
      vertex 51.7 -2.85 -57.5
      vertex 51.7 -0.1499999999999999 -57.5
      vertex 55.3 -2.85 -57.5
    endloop
  endfacet
  facet normal 0 0 -1
    outer loop
      vertex 57.7 -2.85 -57.5
      vertex 57.7 -0.1499999999999999 -57.5
      vertex 61.3 -2.85 -57.5
    endloop
  endfacet
  facet normal 0 0 -1
    outer loop
      vertex 90 -25 -57.5
      vertex 55.3 -2.85 -57.5
      vertex 57.7 -2.85 -57.5
    endloop
  endfacet
  facet normal 0 0 -1
    outer loop
      vertex 90 -25 -57.5
      vertex 57.7 -2.85 -57.5
      vertex 61.3 -2.85 -57.5
    endloop
  endfacet
  facet normal 0 0 -1
    outer loop
      vertex 90 -25 -57.5
      vertex 61.3 -2.85 -57.5
      vertex 63.7 -2.85 -57.5
    endloop
  endfacet
  facet normal 0 0 -1
    outer loop
      vertex 90 -25 -57.5
      vertex 63.7 -2.85 -57.5
      vertex 63.7 -0.1499999999999999 -57.5
    endloop
  endfacet
  facet normal 1 0 0
    outer loop
      vertex 90 -25 -57.5
      vertex 90 22 -57.5
      vertex 90 -13.7 -35
    endloop
  endfacet
  facet normal 1 0 0
    outer loop
      vertex 90 -11.3 -35
      vertex 90 -6 -12
      vertex 90 -6 -8
    endloop
  endfacet
  facet normal 1 0 0
    outer loop
      vertex 90 -11.3 -35
      vertex 90 -6 -8
      vertex 90 -6 -2
    endloop
  endfacet
  facet normal 1 0 0
    outer loop
      vertex 90 -11.3 -35
      vertex 90 -6 -2
      vertex 90 -6 2
    endloop
  endfacet
  facet normal 1 0 0
    outer loop
      vertex 90 -6 -8
      vertex 90 6 -8
      vertex 90 -6 -2
    endloop
  endfacet
  facet normal 0 -1 0
    outer loop
      vertex -2.3 -25 1.35
      vertex 1.3 -25 -1.35
      vertex 1.3 -25 1.35
    endloop
  endfacet
  facet normal 0 -1 0
    outer loop
      vertex 7.3 -25 -1.35
      vertex 7.3 -25 1.35
      vertex 3.7 -25 1.35
    endloop
  endfacet
  facet normal 0 -1 0
    outer loop
      vertex 9.7 -25 -1.35
      vertex 13.3 -25 1.35
      vertex 9.7 -25 1.35
    endloop
  endfacet
  facet normal 0 -1 0
    outer loop
      vertex 15.7 -25 -1.35
      vertex 19.3 -25 1.35
      vertex 15.7 -25 1.35
    endloop
  endfacet
  facet normal 0 -1 0
    outer loop
      vertex -34.7 -25 1.35
      vertex -32.3 -25 1.35
      vertex 90 -25 57.5
    endloop
  endfacet
  facet normal 0 -1 0
    outer loop
      vertex -32.3 -25 1.35
      vertex -28.7 -25 1.35
      vertex 90 -25 57.5
    endloop
  endfacet
  facet normal 0 -1 0
    outer loop
      vertex -28.7 -25 1.35
      vertex -26.3 -25 1.35
      vertex 90 -25 57.5
    endloop
  endfacet
  facet normal 0 -1 0
    outer loop
      vertex -26.3 -25 1.35
      vertex -22.7 -25 1.35
      vertex 90 -25 57.5
    endloop
  endfacet
  facet normal 0 -1 0
    outer loop
      vertex -22.7 -25 1.35
      vertex -20.3 -25 1.35
      vertex 90 -25 57.5
    endloop
  endfacet
  facet normal 0 -1 0
    outer loop
      vertex -20.3 -25 1.35
      vertex -16.7 -25 1.35
      vertex 90 -25 57.5
    endloop
  endfacet
  facet normal 0 -1 0
    outer loop
      vertex -16.7 -25 1.35
      vertex -14.3 -25 1.35
      vertex 90 -25 57.5
    endloop
  endfacet
  facet normal 0 -1 0
    outer loop
      vertex -14.3 -25 1.35
      vertex -10.7 -25 1.35
      vertex 90 -25 57.5
    endloop
  endfacet
  facet normal 0 -1 0
    outer loop
      vertex 21.7 -25 -1.35
      vertex 25.3 -25 1.35
      vertex 21.7 -25 1.35
    endloop
  endfacet
  facet normal 0 -1 0
    outer loop
      vertex 27.7 -25 -1.35
      vertex 31.3 -25 1.35
      vertex 27.7 -25 1.35
    endloop
  endfacet
  facet normal 0 -1 0
    outer loop
      vertex 33.7 -25 -1.35
      vertex 37.3 -25 1.35
      vertex 33.7 -25 1.35
    endloop
  endfacet
  facet normal 0 -1 0
    outer loop
      vertex 39.7 -25 -1.35
      vertex 43.3 -25 1.35
      vertex 39.7 -25 1.35
    endloop
  endfacet
  facet normal 0 -1 0
    outer loop
      vertex -10.7 -25 1.35
      vertex -8.3 -25 1.35
      vertex 90 -25 57.5
    endloop
  endfacet
  facet normal 0 -1 0
    outer loop
      vertex -8.3 -25 1.35
      vertex -4.7 -25 1.35
      vertex 90 -25 57.5
    endloop
  endfacet
  facet normal 0 -1 0
    outer loop
      vertex -4.7 -25 1.35
      vertex -2.3 -25 1.35
      vertex 90 -25 57.5
    endloop
  endfacet
  facet normal 0 -1 0
    outer loop
      vertex -2.3 -25 1.35
      vertex 1.3 -25 1.35
      vertex 90 -25 57.5
    endloop
  endfacet
  facet normal 0 -1 0
    outer loop
      vertex 1.3 -25 1.35
      vertex 3.7 -25 1.35
      vertex 90 -25 57.5
    endloop
  endfacet
  facet normal 0 -1 0
    outer loop
      vertex 3.7 -25 1.35
      vertex 7.3 -25 1.35
      vertex 90 -25 57.5
    endloop
  endfacet
  facet normal 0 -1 0
    outer loop
      vertex 7.3 -25 1.35
      vertex 9.7 -25 1.35
      vertex 90 -25 57.5
    endloop
  endfacet
  facet normal 0 -1 0
    outer loop
      vertex 9.7 -25 1.35
      vertex 13.3 -25 1.35
      vertex 90 -25 57.5
    endloop
  endfacet
  facet normal 0 -1 0
    outer loop
      vertex 13.3 -25 1.35
      vertex 15.7 -25 1.35
      vertex 90 -25 57.5
    endloop
  endfacet
  facet normal 0 -1 0
    outer loop
      vertex 15.7 -25 1.35
      vertex 19.3 -25 1.35
      vertex 90 -25 57.5
    endloop
  endfacet
  facet normal 0 -1 0
    outer loop
      vertex 19.3 -25 1.35
      vertex 21.7 -25 1.35
      vertex 90 -25 57.5
    endloop
  endfacet
  facet normal 0 0 1
    outer loop
      vertex -49.5 -13.1 57.5
      vertex 90 -25 57.5
      vertex -32.5 -13.1 57.5
    endloop
  endfacet
  facet normal 0 0 1
    outer loop
      vertex -32.5 -13.1 57.5
      vertex 90 -25 57.5
      vertex -15.5 -5.9 57.5
    endloop
  endfacet
  facet normal 0 0 1
    outer loop
      vertex -15.5 -5.9 57.5
      vertex 90 -25 57.5
      vertex 1.5 -5.9 57.5
    endloop
  endfacet
  facet normal 0 0 1
    outer loop
      vertex 1.5 -5.9 57.5
      vertex 90 -25 57.5
      vertex 4.5 -5.9 57.5
    endloop
  endfacet
  facet normal 0 0 1
    outer loop
      vertex 4.5 -5.9 57.5
      vertex 90 -25 57.5
      vertex 21.5 -5.9 57.5
    endloop
  endfacet
  facet normal 0 0 1
    outer loop
      vertex 21.5 -5.9 57.5
      vertex 25.055504184431392 -6.21014364305891 57.5
      vertex 24.525126265847085 -5.7748737341529175 57.5
    endloop
  endfacet
  facet normal 0 0 1
    outer loop
      vertex 21.5 -5.9 57.5
      vertex 26.317183872943552 -6.732748481411307 57.5
      vertex 25.660607986722187 -6.533578363789504 57.5
    endloop
  endfacet
  facet normal 0 0 1
    outer loop
      vertex 21.5 -5.9 57.5
      vertex 25.660607986722187 -6.533578363789504 57.5
      vertex 25.055504184431392 -6.21014364305891 57.5
    endloop
  endfacet
  facet normal 0 0 1
    outer loop
      vertex 21.5 -5.9 57.5
      vertex 24.525126265847085 -5.7748737341529175 57.5
      vertex 24.08985635694109 -5.244495815568609 57.5
    endloop
  endfacet
  facet normal 0 0 1
    outer loop
      vertex 21.5 -5.9 57.5
      vertex 24.08985635694109 -5.244495815568609 57.5
      vertex 23.766421636210495 -4.639392013277815 57.5
    endloop
  endfacet
  facet normal 0 0 1
    outer loop
      vertex 21.5 -5.9 57.5
      vertex 23.766421636210495 -4.639392013277815 57.5
      vertex 23.567251518588694 -3.9828161270564495 57.5
    endloop
  endfacet
  facet normal 0 0 1
    outer loop
      vertex 28.339392013277813 -6.533578363789504 57.5
      vertex 42.5 -5.65 57.5
      vertex 28.944495815568608 -6.21014364305891 57.5
    endloop
  endfacet
  facet normal 0 0 1
    outer loop
      vertex 28.944495815568608 -6.21014364305891 57.5
      vertex 36.02164570954364 -4.454849415639109 57.5
      vertex 29.474873734152915 -5.7748737341529175 57.5
    endloop
  endfacet
  facet normal 0 0 1
    outer loop
      vertex 29.474873734152915 -5.7748737341529175 57.5
      vertex 35.8055372087255 -4.339337015378183 57.5
      vertex 29.91014364305891 -5.244495815568609 57.5
    endloop
  endfacet
  facet normal 0 0 1
    outer loop
      vertex 29.91014364305891 -5.244495815568609 57.5
      vertex 35.616116523516816 -4.183883476483185 57.5
      vertex 30.233578363789505 -4.639392013277815 57.5
    endloop
  endfacet
  facet normal 0 0 1
    outer loop
      vertex 28.944495815568608 -6.21014364305891 57.5
      vertex 36.25613709747984 -4.525981600504039 57.5
      vertex 36.02164570954364 -4.454849415639109 57.5
    endloop
  endfacet
  facet normal 0 0 1
    outer loop
      vertex 21.5 -5.9 57.5
      vertex 23.567251518588694 -3.9828161270564495 57.5
      vertex 23.5 -3.3000000000000007 57.5
    endloop
  endfacet
  facet normal 0 0 1
    outer loop
      vertex 21.5 -5.9 57.5
      vertex 23.5 -3.3000000000000007 57.5
      vertex 23.567251518588694 -2.617183872943552 57.5
    endloop
  endfacet
  facet normal 0 0 1
    outer loop
      vertex 21.5 -5.9 57.5
      vertex 23.567251518588694 -2.617183872943552 57.5
      vertex 23.766421636210495 -1.9606079867221864 57.5
    endloop
  endfacet
  facet normal 0 0 1
    outer loop
      vertex 21.5 -5.9 57.5
      vertex 23.766421636210495 -1.9606079867221864 57.5
      vertex 24.08985635694109 -1.355504184431393 57.5
    endloop
  endfacet
  facet normal 0 0 1
    outer loop
      vertex 30.233578363789505 -4.639392013277815 57.5
      vertex 35.345150584360894 -3.778354290456363 57.5
      vertex 30.432748481411306 -3.9828161270564495 57.5
    endloop
  endfacet
  facet normal 0 0 1
    outer loop
      vertex 30.233578363789505 -4.639392013277815 57.5
      vertex 35.46066298462182 -3.994462791274503 57.5
      vertex 35.345150584360894 -3.778354290456363 57.5
    endloop
  endfacet
  facet normal 0 0 1
    outer loop
      vertex 30.432748481411306 -3.9828161270564495 57.5
      vertex 35.345150584360894 -3.778354290456363 57.5
      vertex 35.274018399495965 -3.543862902520161 57.5
    endloop
  endfacet
  facet normal 0 0 1
    outer loop
      vertex 30.432748481411306 -3.9828161270564495 57.5
      vertex 35.25 -3.3000000000000007 57.5
      vertex 30.5 -3.3000000000000007 57.5
    endloop
  endfacet
  facet normal 0 0 1
    outer loop
      vertex 30.5 -3.3000000000000007 57.5
      vertex 35.274018399495965 -3.0561370974798403 57.5
      vertex 30.432748481411306 -2.617183872943552 57.5
    endloop
  endfacet
  facet normal 0 0 1
    outer loop
      vertex 30.432748481411306 -3.9828161270564495 57.5
      vertex 35.274018399495965 -3.543862902520161 57.5
      vertex 35.25 -3.3000000000000007 57.5
    endloop
  endfacet
  facet normal 0 0 1
    outer loop
      vertex 30.5 -3.3000000000000007 57.5
      vertex 35.25 -3.3000000000000007 57.5
      vertex 35.274018399495965 -3.0561370974798403 57.5
    endloop
  endfacet
  facet normal 0 0 1
    outer loop
      vertex 30.432748481411306 -2.617183872943552 57.5
      vertex 35.345150584360894 -2.8216457095436382 57.5
      vertex 30.233578363789505 -1.9606079867221864 57.5
    endloop
  endfacet
  facet normal 0 0 1
    outer loop
      vertex 30.432748481411306 -2.617183872943552 57.5
      vertex 35.274018399495965 -3.0561370974798403 57.5
      vertex 35.345150584360894 -2.8216457095436382 57.5
    endloop
  endfacet
  facet normal 0 0 1
    outer loop
      vertex 30.233578363789505 -1.9606079867221864 57.5
      vertex 35.345150584360894 -2.8216457095436382 57.5
      vertex 35.46066298462182 -2.605537208725498 57.5
    endloop
  endfacet
  facet normal 0 0 1
    outer loop
      vertex 30.233578363789505 -1.9606079867221864 57.5
      vertex 35.616116523516816 -2.4161165235168163 57.5
      vertex 29.91014364305891 -1.355504184431393 57.5
    endloop
  endfacet
  facet normal 0 0 1
    outer loop
      vertex 28.944495815568608 -6.21014364305891 57.5
      vertex 42.5 -5.65 57.5
      vertex 36.5 -4.550000000000001 57.5
    endloop
  endfacet
  facet normal 0 0 1
    outer loop
      vertex 28.944495815568608 -6.21014364305891 57.5
      vertex 36.5 -4.550000000000001 57.5
      vertex 36.25613709747984 -4.525981600504039 57.5
    endloop
  endfacet
  facet normal 0 0 1
    outer loop
      vertex 29.474873734152915 -5.7748737341529175 57.5
      vertex 36.02164570954364 -4.454849415639109 57.5
      vertex 35.8055372087255 -4.339337015378183 57.5
    endloop
  endfacet
  facet normal 0 0 1
    outer loop
      vertex 29.91014364305891 -5.244495815568609 57.5
      vertex 35.8055372087255 -4.339337015378183 57.5
      vertex 35.616116523516816 -4.183883476483185 57.5
    endloop
  endfacet
  facet normal 0 0 1
    outer loop
      vertex 36.5 -4.550000000000001 57.5
      vertex 42.5 -5.65 57.5
      vertex 36.74386290252016 -4.525981600504039 57.5
    endloop
  endfacet
  facet normal 0 0 1
    outer loop
      vertex 36.74386290252016 -4.525981600504039 57.5
      vertex 42.5 -5.65 57.5
      vertex 36.97835429045636 -4.454849415639109 57.5
    endloop
  endfacet
  facet normal 0 0 1
    outer loop
      vertex 36.97835429045636 -4.454849415639109 57.5
      vertex 42.5 -5.65 57.5
      vertex 37.1944627912745 -4.339337015378183 57.5
    endloop
  endfacet
  facet normal 0 0 1
    outer loop
      vertex 42.5 -5.65 57.5
      vertex 37.383883476483184 -4.183883476483185 57.5
      vertex 37.1944627912745 -4.339337015378183 57.5
    endloop
  endfacet
  facet normal 0 0 1
    outer loop
      vertex 42.5 -5.65 57.5
      vertex 37.53933701537818 -3.994462791274503 57.5
      vertex 37.383883476483184 -4.183883476483185 57.5
    endloop
  endfacet
  facet normal 0 0 1
    outer loop
      vertex 42.5 -5.65 57.5
      vertex 37.654849415639106 -3.778354290456363 57.5
      vertex 37.53933701537818 -3.994462791274503 57.5
    endloop
  endfacet
  facet normal 0 0 1
    outer loop
      vertex 30.233578363789505 -4.639392013277815 57.5
      vertex 35.616116523516816 -4.183883476483185 57.5
      vertex 35.46066298462182 -3.994462791274503 57.5
    endloop
  endfacet
  facet normal 0 0 1
    outer loop
      vertex 42.5 -5.65 57.5
      vertex 37.725981600504035 -3.543862902520161 57.5
      vertex 37.654849415639106 -3.778354290456363 57.5
    endloop
  endfacet
  facet normal 0 0 1
    outer loop
      vertex 42.5 -5.65 57.5
      vertex 37.75 -3.3000000000000007 57.5
      vertex 37.725981600504035 -3.543862902520161 57.5
    endloop
  endfacet
  facet normal 0 0 1
    outer loop
      vertex 30.233578363789505 -1.9606079867221864 57.5
      vertex 35.46066298462182 -2.605537208725498 57.5
      vertex 35.616116523516816 -2.4161165235168163 57.5
    endloop
  endfacet
  facet normal 0 0 1
    outer loop
      vertex 35.616116523516816 -2.4161165235168163 57.5
      vertex 35.8055372087255 -2.260662984621819 57.5
      vertex 29.91014364305891 -1.355504184431393 57.5
    endloop
  endfacet
  facet normal 0 0 1
    outer loop
      vertex 35.8055372087255 -2.260662984621819 57.5
      vertex 36.02164570954364 -2.1451505843608922 57.5
      vertex 29.474873734152915 -0.8251262658470844 57.5
    endloop
  endfacet
  facet normal 0 0 1
    outer loop
      vertex 36.02164570954364 -2.1451505843608922 57.5
      vertex 36.25613709747984 -2.0740183994959627 57.5
      vertex 29.474873734152915 -0.8251262658470844 57.5
    endloop
  endfacet
  facet normal 0 0 1
    outer loop
      vertex 36.25613709747984 -2.0740183994959627 57.5
      vertex 36.5 -2.0500000000000007 57.5
      vertex 28.944495815568608 -0.3898563569410922 57.5
    endloop
  endfacet
  facet normal 0 0 1
    outer loop
      vertex 37.75 -3.3000000000000007 57.5
      vertex 42.5 -1.1500000000000004 57.5
      vertex 37.725981600504035 -3.0561370974798403 57.5
    endloop
  endfacet
  facet normal 0 0 1
    outer loop
      vertex 37.725981600504035 -3.0561370974798403 57.5
      vertex 42.5 -1.1500000000000004 57.5
      vertex 37.654849415639106 -2.8216457095436382 57.5
    endloop
  endfacet
  facet normal 0 0 1
    outer loop
      vertex 37.654849415639106 -2.8216457095436382 57.5
      vertex 42.5 -1.1500000000000004 57.5
      vertex 37.53933701537818 -2.605537208725498 57.5
    endloop
  endfacet
  facet normal 0 0 1
    outer loop
      vertex 37.53933701537818 -2.605537208725498 57.5
      vertex 42.5 -1.1500000000000004 57.5
      vertex 37.383883476483184 -2.4161165235168163 57.5
    endloop
  endfacet
  facet normal 0 0 1
    outer loop
      vertex 37.1944627912745 -2.260662984621819 57.5
      vertex 37.383883476483184 -2.4161165235168163 57.5
      vertex 42.5 -1.1500000000000004 57.5
    endloop
  endfacet
  facet normal 0 0 1
    outer loop
      vertex 36.5 -2.0500000000000007 57.5
      vertex 36.74386290252016 -2.0740183994959627 57.5
      vertex 42.5 -1.1500000000000004 57.5
    endloop
  endfacet
  facet normal 0 0 1
    outer loop
      vertex 36.74386290252016 -2.0740183994959627 57.5
      vertex 36.97835429045636 -2.1451505843608922 57.5
      vertex 42.5 -1.1500000000000004 57.5
    endloop
  endfacet
  facet normal 0 0 1
    outer loop
      vertex 37.1944627912745 -2.260662984621819 57.5
      vertex 42.5 -1.1500000000000004 57.5
      vertex 36.97835429045636 -2.1451505843608922 57.5
    endloop
  endfacet
  facet normal 0 0 1
    outer loop
      vertex 42.5 -5.65 57.5
      vertex 42.5 -1.1500000000000004 57.5
      vertex 37.75 -3.3000000000000007 57.5
    endloop
  endfacet
  facet normal 0 -1 0
    outer loop
      vertex 45.7 -25 -1.35
      vertex 49.3 -25 1.35
      vertex 45.7 -25 1.35
    endloop
  endfacet
  facet normal 0 -1 0
    outer loop
      vertex 51.7 -25 -1.35
      vertex 55.3 -25 1.35
      vertex 51.7 -25 1.35
    endloop
  endfacet
  facet normal 0 -1 0
    outer loop
      vertex 57.7 -25 -1.35
      vertex 61.3 -25 1.35
      vertex 57.7 -25 1.35
    endloop
  endfacet
  facet normal 0 -1 0
    outer loop
      vertex 21.7 -25 1.35
      vertex 25.3 -25 1.35
      vertex 90 -25 57.5
    endloop
  endfacet
  facet normal 0 -1 0
    outer loop
      vertex 25.3 -25 1.35
      vertex 27.7 -25 1.35
      vertex 90 -25 57.5
    endloop
  endfacet
  facet normal 0 -1 0
    outer loop
      vertex 27.7 -25 1.35
      vertex 31.3 -25 1.35
      vertex 90 -25 57.5
    endloop
  endfacet
  facet normal 0 -1 0
    outer loop
      vertex 31.3 -25 1.35
      vertex 33.7 -25 1.35
      vertex 90 -25 57.5
    endloop
  endfacet
  facet normal 0 -1 0
    outer loop
      vertex 33.7 -25 1.35
      vertex 37.3 -25 1.35
      vertex 90 -25 57.5
    endloop
  endfacet
  facet normal 0 -1 0
    outer loop
      vertex 37.3 -25 1.35
      vertex 39.7 -25 1.35
      vertex 90 -25 57.5
    endloop
  endfacet
  facet normal 0 -1 0
    outer loop
      vertex 39.7 -25 1.35
      vertex 43.3 -25 1.35
      vertex 90 -25 57.5
    endloop
  endfacet
  facet normal 0 -1 0
    outer loop
      vertex 43.3 -25 1.35
      vertex 45.7 -25 1.35
      vertex 90 -25 57.5
    endloop
  endfacet
  facet normal 0 -1 0
    outer loop
      vertex 45.7 -25 1.35
      vertex 49.3 -25 1.35
      vertex 90 -25 57.5
    endloop
  endfacet
  facet normal 0 -1 0
    outer loop
      vertex 49.3 -25 1.35
      vertex 51.7 -25 1.35
      vertex 90 -25 57.5
    endloop
  endfacet
  facet normal 0 -1 0
    outer loop
      vertex 51.7 -25 1.35
      vertex 55.3 -25 1.35
      vertex 90 -25 57.5
    endloop
  endfacet
  facet normal 1 0 0
    outer loop
      vertex 90 -25 -57.5
      vertex 90 -13.7 35
      vertex 90 -25 57.5
    endloop
  endfacet
  facet normal 0 -1 0
    outer loop
      vertex 55.3 -25 1.35
      vertex 57.7 -25 1.35
      vertex 90 -25 57.5
    endloop
  endfacet
  facet normal 0 -1 0
    outer loop
      vertex 57.7 -25 1.35
      vertex 61.3 -25 1.35
      vertex 90 -25 57.5
    endloop
  endfacet
  facet normal 0 -1 0
    outer loop
      vertex 63.7 -25 -1.35
      vertex 90 -25 57.5
      vertex 63.7 -25 1.35
    endloop
  endfacet
  facet normal 0 -1 0
    outer loop
      vertex 61.3 -25 1.35
      vertex 63.7 -25 1.35
      vertex 90 -25 57.5
    endloop
  endfacet
  facet normal 1 0 0
    outer loop
      vertex 90 -25 57.5
      vertex 90 -13.7 35
      vertex 90 -11.3 35
    endloop
  endfacet
  facet normal 1 0 0
    outer loop
      vertex 90 -11.3 -35
      vertex 90 -6 2
      vertex 90 -11.3 35
    endloop
  endfacet
  facet normal 1 0 0
    outer loop
      vertex 90 -6 2
      vertex 90 -6 8
      vertex 90 -11.3 35
    endloop
  endfacet
  facet normal 1 0 0
    outer loop
      vertex 90 -6 8
      vertex 90 -6 12
      vertex 90 -11.3 35
    endloop
  endfacet
  facet normal 1 0 0
    outer loop
      vertex 90 -6 2
      vertex 90 6 2
      vertex 90 -6 8
    endloop
  endfacet
  facet normal 0 0 1
    outer loop
      vertex 21.5 -5.9 57.5
      vertex 90 -25 57.5
      vertex 26.317183872943552 -6.732748481411307 57.5
    endloop
  endfacet
  facet normal 0 0 1
    outer loop
      vertex 26.317183872943552 -6.732748481411307 57.5
      vertex 90 -25 57.5
      vertex 27 -6.800000000000001 57.5
    endloop
  endfacet
  facet normal 0 0 1
    outer loop
      vertex 27 -6.800000000000001 57.5
      vertex 90 -25 57.5
      vertex 27.682816127056448 -6.732748481411307 57.5
    endloop
  endfacet
  facet normal 0 0 1
    outer loop
      vertex 27.682816127056448 -6.732748481411307 57.5
      vertex 90 -25 57.5
      vertex 28.339392013277813 -6.533578363789504 57.5
    endloop
  endfacet
  facet normal 0 0 1
    outer loop
      vertex 28.339392013277813 -6.533578363789504 57.5
      vertex 90 -25 57.5
      vertex 42.5 -5.65 57.5
    endloop
  endfacet
  facet normal 0 0 1
    outer loop
      vertex 42.5 -5.65 57.5
      vertex 90 -25 57.5
      vertex 52.5 -5.65 57.5
    endloop
  endfacet
  facet normal 0 0 1
    outer loop
      vertex 52.5 -5.65 57.5
      vertex 58.07685887838708 -3.180361288064513 57.5
      vertex 58 -2.4000000000000004 57.5
    endloop
  endfacet
  facet normal 0 0 1
    outer loop
      vertex 52.5 -5.65 57.5
      vertex 58 -2.4000000000000004 57.5
      vertex 52.5 -1.1500000000000004 57.5
    endloop
  endfacet
  facet normal 0 0 1
    outer loop
      vertex 58 -2.4000000000000004 57.5
      vertex 58.07685887838708 -1.6196387119354874 57.5
      vertex 52.5 -1.1500000000000004 57.5
    endloop
  endfacet
  facet normal 0 0 1
    outer loop
      vertex 52.5 -5.65 57.5
      vertex 60.46926627053964 -6.095518130045147 57.5
      vertex 59.777719067921595 -5.725878449210182 57.5
    endloop
  endfacet
  facet normal 0 0 1
    outer loop
      vertex 52.5 -5.65 57.5
      vertex 59.777719067921595 -5.725878449210182 57.5
      vertex 59.17157287525381 -5.22842712474619 57.5
    endloop
  endfacet
  facet normal 0 0 1
    outer loop
      vertex 52.5 -5.65 57.5
      vertex 59.17157287525381 -5.22842712474619 57.5
      vertex 58.67412155078982 -4.622280932078409 57.5
    endloop
  endfacet
  facet normal 0 0 1
    outer loop
      vertex 52.5 -5.65 57.5
      vertex 58.67412155078982 -4.622280932078409 57.5
      vertex 58.304481869954856 -3.9307337294603597 57.5
    endloop
  endfacet
  facet normal 0 0 1
    outer loop
      vertex 52.5 -5.65 57.5
      vertex 58.304481869954856 -3.9307337294603597 57.5
      vertex 58.07685887838708 -3.180361288064513 57.5
    endloop
  endfacet
  facet normal 0 0 1
    outer loop
      vertex 90 -25 57.5
      vertex 60.46926627053964 -6.095518130045147 57.5
      vertex 52.5 -5.65 57.5
    endloop
  endfacet
  facet normal 0 0 1
    outer loop
      vertex 90 -25 57.5
      vertex 62 -6.4 57.5
      vertex 61.21963871193549 -6.323141121612922 57.5
    endloop
  endfacet
  facet normal 0 0 1
    outer loop
      vertex 90 -25 57.5
      vertex 62.78036128806451 -6.323141121612922 57.5
      vertex 62 -6.4 57.5
    endloop
  endfacet
  facet normal 0 0 1
    outer loop
      vertex 90 -25 57.5
      vertex 61.21963871193549 -6.323141121612922 57.5
      vertex 60.46926627053964 -6.095518130045147 57.5
    endloop
  endfacet
  facet normal 0 0 1
    outer loop
      vertex 90 -25 57.5
      vertex 63.53073372946036 -6.095518130045147 57.5
      vertex 62.78036128806451 -6.323141121612922 57.5
    endloop
  endfacet
  facet normal 0 0 1
    outer loop
      vertex 90 -25 57.5
      vertex 64.2222809320784 -5.725878449210182 57.5
      vertex 63.53073372946036 -6.095518130045147 57.5
    endloop
  endfacet
  facet normal 0 0 1
    outer loop
      vertex 90 -25 57.5
      vertex 64.82842712474618 -5.22842712474619 57.5
      vertex 64.2222809320784 -5.725878449210182 57.5
    endloop
  endfacet
  facet normal 0 0 1
    outer loop
      vertex 90 -25 57.5
      vertex 65.32587844921018 -4.622280932078409 57.5
      vertex 64.82842712474618 -5.22842712474619 57.5
    endloop
  endfacet
  facet normal 0 0 1
    outer loop
      vertex 90 -25 57.5
      vertex 65.69551813004514 -3.9307337294603597 57.5
      vertex 65.32587844921018 -4.622280932078409 57.5
    endloop
  endfacet
  facet normal 0 0 1
    outer loop
      vertex 90 -25 57.5
      vertex 65.92314112161293 -3.180361288064513 57.5
      vertex 65.69551813004514 -3.9307337294603597 57.5
    endloop
  endfacet
  facet normal 0 0 1
    outer loop
      vertex 90 -25 57.5
      vertex 66 -2.4000000000000004 57.5
      vertex 65.92314112161293 -3.180361288064513 57.5
    endloop
  endfacet
  facet normal 1 0 0
    outer loop
      vertex 90 -25 57.5
      vertex 90 -11.3 35
      vertex 90 22 57.5
    endloop
  endfacet
  facet normal 0 0 1
    outer loop
      vertex 90 -25 57.5
      vertex 90 22 57.5
      vertex 66 -2.4000000000000004 57.5
    endloop
  endfacet
  facet normal 0 0 -1
    outer loop
      vertex -2.3 -0.1499999999999999 -57.5
      vertex 1.3 -0.1499999999999999 -57.5
      vertex 1.3 -2.85 -57.5
    endloop
  endfacet
  facet normal 0 0 -1
    outer loop
      vertex 7.3 -2.85 -57.5
      vertex 3.7 -0.1499999999999999 -57.5
      vertex 7.3 -0.1499999999999999 -57.5
    endloop
  endfacet
  facet normal 0 0 -1
    outer loop
      vertex 13.3 -2.85 -57.5
      vertex 9.7 -0.1499999999999999 -57.5
      vertex 13.3 -0.1499999999999999 -57.5
    endloop
  endfacet
  facet normal 0 0 -1
    outer loop
      vertex 19.3 -2.85 -57.5
      vertex 15.7 -0.1499999999999999 -57.5
      vertex 19.3 -0.1499999999999999 -57.5
    endloop
  endfacet
  facet normal 0 0 -1
    outer loop
      vertex -44.3 -0.1499999999999999 -57.5
      vertex 90 22 -57.5
      vertex -40.7 -0.1499999999999999 -57.5
    endloop
  endfacet
  facet normal 0 0 -1
    outer loop
      vertex -40.7 -0.1499999999999999 -57.5
      vertex 90 22 -57.5
      vertex -38.3 -0.1499999999999999 -57.5
    endloop
  endfacet
  facet normal 0 0 -1
    outer loop
      vertex -38.3 -0.1499999999999999 -57.5
      vertex 90 22 -57.5
      vertex -34.7 -0.1499999999999999 -57.5
    endloop
  endfacet
  facet normal 0 0 -1
    outer loop
      vertex -34.7 -0.1499999999999999 -57.5
      vertex 90 22 -57.5
      vertex -32.3 -0.1499999999999999 -57.5
    endloop
  endfacet
  facet normal 0 0 -1
    outer loop
      vertex -32.3 -0.1499999999999999 -57.5
      vertex 90 22 -57.5
      vertex -28.7 -0.1499999999999999 -57.5
    endloop
  endfacet
  facet normal 0 0 -1
    outer loop
      vertex -28.7 -0.1499999999999999 -57.5
      vertex 90 22 -57.5
      vertex -26.3 -0.1499999999999999 -57.5
    endloop
  endfacet
  facet normal 0 0 -1
    outer loop
      vertex -26.3 -0.1499999999999999 -57.5
      vertex 90 22 -57.5
      vertex -22.7 -0.1499999999999999 -57.5
    endloop
  endfacet
  facet normal 0 0 -1
    outer loop
      vertex -22.7 -0.1499999999999999 -57.5
      vertex 90 22 -57.5
      vertex -20.3 -0.1499999999999999 -57.5
    endloop
  endfacet
  facet normal 0 0 -1
    outer loop
      vertex -20.3 -0.1499999999999999 -57.5
      vertex 90 22 -57.5
      vertex -16.7 -0.1499999999999999 -57.5
    endloop
  endfacet
  facet normal 0 0 -1
    outer loop
      vertex -16.7 -0.1499999999999999 -57.5
      vertex 90 22 -57.5
      vertex -14.3 -0.1499999999999999 -57.5
    endloop
  endfacet
  facet normal 0 0 -1
    outer loop
      vertex -14.3 -0.1499999999999999 -57.5
      vertex 90 22 -57.5
      vertex -10.7 -0.1499999999999999 -57.5
    endloop
  endfacet
  facet normal 0 0 -1
    outer loop
      vertex 25.3 -2.85 -57.5
      vertex 21.7 -0.1499999999999999 -57.5
      vertex 25.3 -0.1499999999999999 -57.5
    endloop
  endfacet
  facet normal 0 0 -1
    outer loop
      vertex 31.3 -2.85 -57.5
      vertex 27.7 -0.1499999999999999 -57.5
      vertex 31.3 -0.1499999999999999 -57.5
    endloop
  endfacet
  facet normal 0 0 -1
    outer loop
      vertex 37.3 -2.85 -57.5
      vertex 33.7 -0.1499999999999999 -57.5
      vertex 37.3 -0.1499999999999999 -57.5
    endloop
  endfacet
  facet normal 0 0 -1
    outer loop
      vertex 43.3 -2.85 -57.5
      vertex 39.7 -0.1499999999999999 -57.5
      vertex 43.3 -0.1499999999999999 -57.5
    endloop
  endfacet
  facet normal 0 0 -1
    outer loop
      vertex -10.7 -0.1499999999999999 -57.5
      vertex 90 22 -57.5
      vertex -8.3 -0.1499999999999999 -57.5
    endloop
  endfacet
  facet normal 0 0 -1
    outer loop
      vertex -8.3 -0.1499999999999999 -57.5
      vertex 90 22 -57.5
      vertex -4.7 -0.1499999999999999 -57.5
    endloop
  endfacet
  facet normal 0 0 -1
    outer loop
      vertex -4.7 -0.1499999999999999 -57.5
      vertex 90 22 -57.5
      vertex -2.3 -0.1499999999999999 -57.5
    endloop
  endfacet
  facet normal 0 0 -1
    outer loop
      vertex -2.3 -0.1499999999999999 -57.5
      vertex 90 22 -57.5
      vertex 1.3 -0.1499999999999999 -57.5
    endloop
  endfacet
  facet normal 0 0 -1
    outer loop
      vertex 1.3 -0.1499999999999999 -57.5
      vertex 90 22 -57.5
      vertex 3.7 -0.1499999999999999 -57.5
    endloop
  endfacet
  facet normal 0 0 -1
    outer loop
      vertex 3.7 -0.1499999999999999 -57.5
      vertex 90 22 -57.5
      vertex 7.3 -0.1499999999999999 -57.5
    endloop
  endfacet
  facet normal 0 0 -1
    outer loop
      vertex 7.3 -0.1499999999999999 -57.5
      vertex 90 22 -57.5
      vertex 9.7 -0.1499999999999999 -57.5
    endloop
  endfacet
  facet normal 0 0 -1
    outer loop
      vertex 9.7 -0.1499999999999999 -57.5
      vertex 90 22 -57.5
      vertex 13.3 -0.1499999999999999 -57.5
    endloop
  endfacet
  facet normal 0 0 -1
    outer loop
      vertex 13.3 -0.1499999999999999 -57.5
      vertex 90 22 -57.5
      vertex 15.7 -0.1499999999999999 -57.5
    endloop
  endfacet
  facet normal 0 0 -1
    outer loop
      vertex 15.7 -0.1499999999999999 -57.5
      vertex 90 22 -57.5
      vertex 19.3 -0.1499999999999999 -57.5
    endloop
  endfacet
  facet normal 0 0 -1
    outer loop
      vertex 19.3 -0.1499999999999999 -57.5
      vertex 90 22 -57.5
      vertex 21.7 -0.1499999999999999 -57.5
    endloop
  endfacet
  facet normal 0 0 -1
    outer loop
      vertex 49.3 -2.85 -57.5
      vertex 45.7 -0.1499999999999999 -57.5
      vertex 49.3 -0.1499999999999999 -57.5
    endloop
  endfacet
  facet normal 0 0 -1
    outer loop
      vertex 55.3 -2.85 -57.5
      vertex 51.7 -0.1499999999999999 -57.5
      vertex 55.3 -0.1499999999999999 -57.5
    endloop
  endfacet
  facet normal 0 0 -1
    outer loop
      vertex 61.3 -2.85 -57.5
      vertex 57.7 -0.1499999999999999 -57.5
      vertex 61.3 -0.1499999999999999 -57.5
    endloop
  endfacet
  facet normal 0 0 -1
    outer loop
      vertex 21.7 -0.1499999999999999 -57.5
      vertex 90 22 -57.5
      vertex 25.3 -0.1499999999999999 -57.5
    endloop
  endfacet
  facet normal 0 0 -1
    outer loop
      vertex 25.3 -0.1499999999999999 -57.5
      vertex 90 22 -57.5
      vertex 27.7 -0.1499999999999999 -57.5
    endloop
  endfacet
  facet normal 0 0 -1
    outer loop
      vertex 27.7 -0.1499999999999999 -57.5
      vertex 90 22 -57.5
      vertex 31.3 -0.1499999999999999 -57.5
    endloop
  endfacet
  facet normal 0 0 -1
    outer loop
      vertex 31.3 -0.1499999999999999 -57.5
      vertex 90 22 -57.5
      vertex 33.7 -0.1499999999999999 -57.5
    endloop
  endfacet
  facet normal 0 0 -1
    outer loop
      vertex 33.7 -0.1499999999999999 -57.5
      vertex 90 22 -57.5
      vertex 37.3 -0.1499999999999999 -57.5
    endloop
  endfacet
  facet normal 0 0 -1
    outer loop
      vertex 37.3 -0.1499999999999999 -57.5
      vertex 90 22 -57.5
      vertex 39.7 -0.1499999999999999 -57.5
    endloop
  endfacet
  facet normal 0 0 -1
    outer loop
      vertex 39.7 -0.1499999999999999 -57.5
      vertex 90 22 -57.5
      vertex 43.3 -0.1499999999999999 -57.5
    endloop
  endfacet
  facet normal 0 0 -1
    outer loop
      vertex 43.3 -0.1499999999999999 -57.5
      vertex 90 22 -57.5
      vertex 45.7 -0.1499999999999999 -57.5
    endloop
  endfacet
  facet normal 0 0 -1
    outer loop
      vertex 45.7 -0.1499999999999999 -57.5
      vertex 90 22 -57.5
      vertex 49.3 -0.1499999999999999 -57.5
    endloop
  endfacet
  facet normal 0 0 -1
    outer loop
      vertex 49.3 -0.1499999999999999 -57.5
      vertex 90 22 -57.5
      vertex 51.7 -0.1499999999999999 -57.5
    endloop
  endfacet
  facet normal 0 0 -1
    outer loop
      vertex 51.7 -0.1499999999999999 -57.5
      vertex 90 22 -57.5
      vertex 55.3 -0.1499999999999999 -57.5
    endloop
  endfacet
  facet normal 0 0 -1
    outer loop
      vertex 90 -25 -57.5
      vertex 63.7 -0.1499999999999999 -57.5
      vertex 90 22 -57.5
    endloop
  endfacet
  facet normal 1 0 0
    outer loop
      vertex 90 -13.7 -35
      vertex 90 22 -57.5
      vertex 90 -11.3 -35
    endloop
  endfacet
  facet normal 1 0 0
    outer loop
      vertex 90 -11.3 -35
      vertex 90 22 -57.5
      vertex 90 -6 -12
    endloop
  endfacet
  facet normal 0 0 -1
    outer loop
      vertex 55.3 -0.1499999999999999 -57.5
      vertex 90 22 -57.5
      vertex 57.7 -0.1499999999999999 -57.5
    endloop
  endfacet
  facet normal 0 0 -1
    outer loop
      vertex 57.7 -0.1499999999999999 -57.5
      vertex 90 22 -57.5
      vertex 61.3 -0.1499999999999999 -57.5
    endloop
  endfacet
  facet normal 0 0 -1
    outer loop
      vertex 61.3 -0.1499999999999999 -57.5
      vertex 90 22 -57.5
      vertex 63.7 -0.1499999999999999 -57.5
    endloop
  endfacet
  facet normal 1 0 0
    outer loop
      vertex 90 -6 -2
      vertex 90 6 -8
      vertex 90 6 -2
    endloop
  endfacet
  facet normal 1 0 0
    outer loop
      vertex 90 -6 -12
      vertex 90 22 -57.5
      vertex 90 6 -12
    endloop
  endfacet
  facet normal 1 0 0
    outer loop
      vertex 90 6 -12
      vertex 90 22 -57.5
      vertex 90 6 -8
    endloop
  endfacet
  facet normal 1 0 0
    outer loop
      vertex 90 6 -8
      vertex 90 22 -57.5
      vertex 90 6 -2
    endloop
  endfacet
  facet normal 1 0 0
    outer loop
      vertex 90 6 -2
      vertex 90 22 -57.5
      vertex 90 6 2
    endloop
  endfacet
  facet normal 1 0 0
    outer loop
      vertex 90 22 -57.5
      vertex 90 6 8
      vertex 90 6 2
    endloop
  endfacet
  facet normal 1 0 0
    outer loop
      vertex 90 22 -57.5
      vertex 90 6 12
      vertex 90 6 8
    endloop
  endfacet
  facet normal 0 0 1
    outer loop
      vertex 1.5 -5.9 57.5
      vertex 4.5 -5.9 57.5
      vertex 4.5 9.1 57.5
    endloop
  endfacet
  facet normal 0 0 1
    outer loop
      vertex 1.5 -5.9 57.5
      vertex 4.5 9.1 57.5
      vertex 1.5 9.1 57.5
    endloop
  endfacet
  facet normal 0 0 1
    outer loop
      vertex 21.5 -5.9 57.5
      vertex 24.08985635694109 -1.355504184431393 57.5
      vertex 21.5 9.1 57.5
    endloop
  endfacet
  facet normal 0 0 1
    outer loop
      vertex 4.5 9.1 57.5
      vertex 21.5 9.1 57.5
      vertex 8.6 12 57.5
    endloop
  endfacet
  facet normal 0 0 1
    outer loop
      vertex 35.8055372087255 -2.260662984621819 57.5
      vertex 29.474873734152915 -0.8251262658470844 57.5
      vertex 29.91014364305891 -1.355504184431393 57.5
    endloop
  endfacet
  facet normal 0 0 1
    outer loop
      vertex 36.25613709747984 -2.0740183994959627 57.5
      vertex 28.944495815568608 -0.3898563569410922 57.5
      vertex 29.474873734152915 -0.8251262658470844 57.5
    endloop
  endfacet
  facet normal 0 0 1
    outer loop
      vertex 36.5 -2.0500000000000007 57.5
      vertex 28.339392013277813 -0.06642163621049724 57.5
      vertex 28.944495815568608 -0.3898563569410922 57.5
    endloop
  endfacet
  facet normal 0 0 1
    outer loop
      vertex 27.682816127056448 0.1327484814113058 57.5
      vertex 28.339392013277813 -0.06642163621049724 57.5
      vertex 42.5 -1.1500000000000004 57.5
    endloop
  endfacet
  facet normal 0 0 1
    outer loop
      vertex 21.5 9.1 57.5
      vertex 24.08985635694109 -1.355504184431393 57.5
      vertex 24.525126265847085 -0.8251262658470844 57.5
    endloop
  endfacet
  facet normal 0 0 1
    outer loop
      vertex 21.5 9.1 57.5
      vertex 24.525126265847085 -0.8251262658470844 57.5
      vertex 25.055504184431392 -0.3898563569410922 57.5
    endloop
  endfacet
  facet normal 0 0 1
    outer loop
      vertex 21.5 9.1 57.5
      vertex 25.055504184431392 -0.3898563569410922 57.5
      vertex 25.660607986722187 -0.06642163621049724 57.5
    endloop
  endfacet
  facet normal 0 0 1
    outer loop
      vertex 21.5 9.1 57.5
      vertex 25.660607986722187 -0.06642163621049724 57.5
      vertex 26.317183872943552 0.1327484814113058 57.5
    endloop
  endfacet
  facet normal 0 0 1
    outer loop
      vertex 21.5 9.1 57.5
      vertex 26.317183872943552 0.1327484814113058 57.5
      vertex 27 0.1999999999999993 57.5
    endloop
  endfacet
  facet normal 0 0 1
    outer loop
      vertex 21.5 9.1 57.5
      vertex 27 0.1999999999999993 57.5
      vertex 27.682816127056448 0.1327484814113058 57.5
    endloop
  endfacet
  facet normal 0 0 1
    outer loop
      vertex 21.5 9.1 57.5
      vertex 27.682816127056448 0.1327484814113058 57.5
      vertex 42.5 -1.1500000000000004 57.5
    endloop
  endfacet
  facet normal 0 0 1
    outer loop
      vertex 36.5 -2.0500000000000007 57.5
      vertex 42.5 -1.1500000000000004 57.5
      vertex 28.339392013277813 -0.06642163621049724 57.5
    endloop
  endfacet
  facet normal 0 0 1
    outer loop
      vertex 21.5 9.1 57.5
      vertex 42.5 -1.1500000000000004 57.5
      vertex 52.5 -1.1500000000000004 57.5
    endloop
  endfacet
  facet normal 0 0 1
    outer loop
      vertex 21.5 9.1 57.5
      vertex 52.5 -1.1500000000000004 57.5
      vertex 59.777719067921595 0.9258784492101806 57.5
    endloop
  endfacet
  facet normal 0 0 1
    outer loop
      vertex 21.5 9.1 57.5
      vertex 59.777719067921595 0.9258784492101806 57.5
      vertex 8.6 12 57.5
    endloop
  endfacet
  facet normal 0 0 1
    outer loop
      vertex 8.6 12 57.5
      vertex 59.777719067921595 0.9258784492101806 57.5
      vertex 60.46926627053964 1.2955181300451466 57.5
    endloop
  endfacet
  facet normal 0 0 1
    outer loop
      vertex 8.6 12 57.5
      vertex 60.46926627053964 1.2955181300451466 57.5
      vertex 61.21963871193549 1.5231411216129214 57.5
    endloop
  endfacet
  facet normal 0 0 1
    outer loop
      vertex -8.6 12 57.5
      vertex 4.5 9.1 57.5
      vertex 8.6 12 57.5
    endloop
  endfacet
  facet normal 0 0 1
    outer loop
      vertex -90 22 57.5
      vertex 8.6 20 57.5
      vertex 90 22 57.5
    endloop
  endfacet
  facet normal 0 0 1
    outer loop
      vertex 8.6 12 57.5
      vertex 90 22 57.5
      vertex 8.6 20 57.5
    endloop
  endfacet
  facet normal 1 0 0
    outer loop
      vertex 90 -6 8
      vertex 90 6 2
      vertex 90 6 8
    endloop
  endfacet
  facet normal 1 0 0
    outer loop
      vertex 90 -6 12
      vertex 90 6 12
      vertex 90 22 57.5
    endloop
  endfacet
  facet normal 0 0 1
    outer loop
      vertex 58.07685887838708 -1.6196387119354874 57.5
      vertex 58.304481869954856 -0.8692662705396412 57.5
      vertex 52.5 -1.1500000000000004 57.5
    endloop
  endfacet
  facet normal 0 0 1
    outer loop
      vertex 52.5 -1.1500000000000004 57.5
      vertex 58.304481869954856 -0.8692662705396412 57.5
      vertex 58.67412155078982 -0.17771906792159164 57.5
    endloop
  endfacet
  facet normal 0 0 1
    outer loop
      vertex 52.5 -1.1500000000000004 57.5
      vertex 58.67412155078982 -0.17771906792159164 57.5
      vertex 59.17157287525381 0.42842712474618994 57.5
    endloop
  endfacet
  facet normal 0 0 1
    outer loop
      vertex 52.5 -1.1500000000000004 57.5
      vertex 59.17157287525381 0.42842712474618994 57.5
      vertex 59.777719067921595 0.9258784492101806 57.5
    endloop
  endfacet
  facet normal 1 0 0
    outer loop
      vertex 90 -6 12
      vertex 90 22 57.5
      vertex 90 -11.3 35
    endloop
  endfacet
  facet normal 0 0 1
    outer loop
      vertex 66 -2.4000000000000004 57.5
      vertex 90 22 57.5
      vertex 65.92314112161293 -1.6196387119354874 57.5
    endloop
  endfacet
  facet normal 0 0 1
    outer loop
      vertex 65.92314112161293 -1.6196387119354874 57.5
      vertex 90 22 57.5
      vertex 65.69551813004514 -0.8692662705396412 57.5
    endloop
  endfacet
  facet normal 0 0 1
    outer loop
      vertex 65.69551813004514 -0.8692662705396412 57.5
      vertex 90 22 57.5
      vertex 65.32587844921018 -0.17771906792159164 57.5
    endloop
  endfacet
  facet normal 0 0 1
    outer loop
      vertex 64.2222809320784 0.9258784492101806 57.5
      vertex 64.82842712474618 0.42842712474618994 57.5
      vertex 90 22 57.5
    endloop
  endfacet
  facet normal 0 0 1
    outer loop
      vertex 61.21963871193549 1.5231411216129214 57.5
      vertex 62 1.5999999999999996 57.5
      vertex 90 22 57.5
    endloop
  endfacet
  facet normal 0 0 1
    outer loop
      vertex 62 1.5999999999999996 57.5
      vertex 62.78036128806451 1.5231411216129214 57.5
      vertex 90 22 57.5
    endloop
  endfacet
  facet normal 0 0 1
    outer loop
      vertex 63.53073372946036 1.2955181300451466 57.5
      vertex 90 22 57.5
      vertex 62.78036128806451 1.5231411216129214 57.5
    endloop
  endfacet
  facet normal 0 0 1
    outer loop
      vertex 64.2222809320784 0.9258784492101806 57.5
      vertex 90 22 57.5
      vertex 63.53073372946036 1.2955181300451466 57.5
    endloop
  endfacet
  facet normal 0 0 1
    outer loop
      vertex 65.32587844921018 -0.17771906792159164 57.5
      vertex 90 22 57.5
      vertex 64.82842712474618 0.42842712474618994 57.5
    endloop
  endfacet
  facet normal 1 0 0
    outer loop
      vertex 90 22 -57.5
      vertex 90 22 57.5
      vertex 90 6 12
    endloop
  endfacet
  facet normal 0 0 1
    outer loop
      vertex 8.6 12 57.5
      vertex 61.21963871193549 1.5231411216129214 57.5
      vertex 90 22 57.5
    endloop
  endfacet
  facet normal 0 1 0
    outer loop
      vertex -90 22 -57.5
      vertex -87.5 22 -55
      vertex -76.5 22 -55
    endloop
  endfacet
  facet normal 0 1 0
    outer loop
      vertex -90 22 -57.5
      vertex -87.5 22 -44
      vertex -87.5 22 -55
    endloop
  endfacet
  facet normal 0 1 0
    outer loop
      vertex -90 22 -57.5
      vertex -87.5 22 44
      vertex -87.5 22 -44
    endloop
  endfacet
  facet normal 0 1 0
    outer loop
      vertex -90 22 -57.5
      vertex -76.5 22 -55
      vertex 76.5 22 -55
    endloop
  endfacet
  facet normal 0 1 0
    outer loop
      vertex -90 22 -57.5
      vertex -87.5 22 55
      vertex -87.5 22 44
    endloop
  endfacet
  facet normal 0 1 0
    outer loop
      vertex -90 22 -57.5
      vertex -90 22 57.5
      vertex -87.5 22 55
    endloop
  endfacet
  facet normal 0 1 0
    outer loop
      vertex -87.5 22 55
      vertex -90 22 57.5
      vertex 90 22 57.5
    endloop
  endfacet
  facet normal 0 1 0
    outer loop
      vertex -87.5 22 55
      vertex 90 22 57.5
      vertex -76.5 22 55
    endloop
  endfacet
  facet normal 0 1 0
    outer loop
      vertex -90 22 -57.5
      vertex 76.5 22 -55
      vertex 87.5 22 -55
    endloop
  endfacet
  facet normal 0 1 0
    outer loop
      vertex -90 22 -57.5
      vertex 87.5 22 -55
      vertex 90 22 -57.5
    endloop
  endfacet
  facet normal 0 1 0
    outer loop
      vertex 90 22 -57.5
      vertex 87.5 22 -55
      vertex 90 22 57.5
    endloop
  endfacet
  facet normal 0 1 0
    outer loop
      vertex 87.5 22 -55
      vertex 87.5 22 -44
      vertex 90 22 57.5
    endloop
  endfacet
  facet normal 0 1 0
    outer loop
      vertex -76.5 22 55
      vertex 90 22 57.5
      vertex 76.5 22 55
    endloop
  endfacet
  facet normal 0 1 0
    outer loop
      vertex 87.5 22 -44
      vertex 87.5 22 44
      vertex 90 22 57.5
    endloop
  endfacet
  facet normal 0 1 0
    outer loop
      vertex 87.5 22 44
      vertex 87.5 22 55
      vertex 90 22 57.5
    endloop
  endfacet
  facet normal 0 1 0
    outer loop
      vertex 76.5 22 55
      vertex 90 22 57.5
      vertex 87.5 22 55
    endloop
  endfacet
  facet normal 0 1 0
    outer loop
      vertex -87.5 -22.5 -55
      vertex -73.69551813004514 -22.5 -31.53073372946036
      vertex -73.32587844921018 -22.5 -32.222280932078405
    endloop
  endfacet
  facet normal 0 1 0
    outer loop
      vertex -87.5 -22.5 -55
      vertex -73.32587844921018 -22.5 -32.222280932078405
      vertex -72.82842712474618 -22.5 -32.82842712474619
    endloop
  endfacet
  facet normal 0 1 0
    outer loop
      vertex -87.5 -22.5 -55
      vertex -72.82842712474618 -22.5 -32.82842712474619
      vertex -72.2222809320784 -22.5 -33.32587844921018
    endloop
  endfacet
  facet normal 0 1 0
    outer loop
      vertex -87.5 -22.5 -55
      vertex -72.2222809320784 -22.5 -33.32587844921018
      vertex -71.53073372946037 -22.5 -33.695518130045144
    endloop
  endfacet
  facet normal 0 1 0
    outer loop
      vertex -87.5 -22.5 -55
      vertex -70.78036128806451 -22.5 -33.92314112161292
      vertex -70 -22.5 -34
    endloop
  endfacet
  facet normal 0 1 0
    outer loop
      vertex -87.5 -22.5 -55
      vertex -71.53073372946037 -22.5 -33.695518130045144
      vertex -70.78036128806451 -22.5 -33.92314112161292
    endloop
  endfacet
  facet normal 0 1 0
    outer loop
      vertex -87.5 -22.5 -55
      vertex -70 -22.5 -34
      vertex -69.21963871193549 -22.5 -33.92314112161292
    endloop
  endfacet
  facet normal 0 1 0
    outer loop
      vertex -87.5 -22.5 -55
      vertex -69.21963871193549 -22.5 -33.92314112161292
      vertex -68.46926627053963 -22.5 -33.695518130045144
    endloop
  endfacet
  facet normal 0 1 0
    outer loop
      vertex -87.5 -22.5 -55
      vertex -68.46926627053963 -22.5 -33.695518130045144
      vertex -67.7777190679216 -22.5 -33.32587844921018
    endloop
  endfacet
  facet normal 0 1 0
    outer loop
      vertex -87.5 -22.5 -55
      vertex -67.7777190679216 -22.5 -33.32587844921018
      vertex -67.17157287525382 -22.5 -32.82842712474619
    endloop
  endfacet
  facet normal 0 1 0
    outer loop
      vertex -87.5 -22.5 -55
      vertex -73.92314112161293 -22.5 -30.780361288064512
      vertex -73.69551813004514 -22.5 -31.53073372946036
    endloop
  endfacet
  facet normal 0 1 0
    outer loop
      vertex -87.5 -22.5 -55
      vertex -74 -22.5 -30
      vertex -73.92314112161293 -22.5 -30.780361288064512
    endloop
  endfacet
  facet normal 0 1 0
    outer loop
      vertex -87.5 -22.5 -55
      vertex -73.92314112161293 -22.5 -29.219638711935488
      vertex -74 -22.5 -30
    endloop
  endfacet
  facet normal 0 1 0
    outer loop
      vertex -87.5 -22.5 -55
      vertex -73.69551813004514 -22.5 -28.46926627053964
      vertex -73.92314112161293 -22.5 -29.219638711935488
    endloop
  endfacet
  facet normal 0 1 0
    outer loop
      vertex -70.84852813742386 -22.5 -30.848528137423855
      vertex -70.99776353476305 -22.5 -30.666684279623524
      vertex -69.76589161358065 -22.5 -28.823057663516124
    endloop
  endfacet
  facet normal 0 1 0
    outer loop
      vertex -70.99776353476305 -22.5 -30.666684279623524
      vertex -71.10865543901355 -22.5 -30.459220118838108
      vertex -70 -22.5 -28.8
    endloop
  endfacet
  facet normal 0 1 0
    outer loop
      vertex -71.10865543901355 -22.5 -30.459220118838108
      vertex -71.17694233648388 -22.5 -30.234108386419354
      vertex -70.23410838641935 -22.5 -28.823057663516124
    endloop
  endfacet
  facet normal 0 1 0
    outer loop
      vertex -71.17694233648388 -22.5 -30.234108386419354
      vertex -71.2 -22.5 -30
      vertex -70.4592201188381 -22.5 -28.891344560986457
    endloop
  endfacet
  facet normal 0 1 0
    outer loop
      vertex -71.17694233648388 -22.5 -29.765891613580646
      vertex -71.10865543901355 -22.5 -29.540779881161892
      vertex -70.99776353476305 -22.5 -29.333315720376476
    endloop
  endfacet
  facet normal 0 1 0
    outer loop
      vertex -71.17694233648388 -22.5 -29.765891613580646
      vertex -70.4592201188381 -22.5 -28.891344560986457
      vertex -71.2 -22.5 -30
    endloop
  endfacet
  facet normal 0 1 0
    outer loop
      vertex -71.17694233648388 -22.5 -29.765891613580646
      vertex -70.99776353476305 -22.5 -29.333315720376476
      vertex -70.84852813742386 -22.5 -29.151471862576145
    endloop
  endfacet
  facet normal 0 1 0
    outer loop
      vertex -71.17694233648388 -22.5 -29.765891613580646
      vertex -70.84852813742386 -22.5 -29.151471862576145
      vertex -70.66668427962352 -22.5 -29.002236465236948
    endloop
  endfacet
  facet normal 0 1 0
    outer loop
      vertex -71.17694233648388 -22.5 -29.765891613580646
      vertex -70.66668427962352 -22.5 -29.002236465236948
      vertex -70.4592201188381 -22.5 -28.891344560986457
    endloop
  endfacet
  facet normal 0 1 0
    outer loop
      vertex -71.17694233648388 -22.5 -30.234108386419354
      vertex -70.4592201188381 -22.5 -28.891344560986457
      vertex -70.23410838641935 -22.5 -28.823057663516124
    endloop
  endfacet
  facet normal 0 1 0
    outer loop
      vertex -71.10865543901355 -22.5 -30.459220118838108
      vertex -70.23410838641935 -22.5 -28.823057663516124
      vertex -70 -22.5 -28.8
    endloop
  endfacet
  facet normal 0 1 0
    outer loop
      vertex -70.23410838641935 -22.5 -31.176942336483876
      vertex -69.5407798811619 -22.5 -31.108655439013543
      vertex -70 -22.5 -31.2
    endloop
  endfacet
  facet normal 0 1 0
    outer loop
      vertex -70.23410838641935 -22.5 -31.176942336483876
      vertex -70.4592201188381 -22.5 -31.108655439013543
      vertex -69.15147186257614 -22.5 -30.848528137423855
    endloop
  endfacet
  facet normal 0 1 0
    outer loop
      vertex -70 -22.5 -31.2
      vertex -69.5407798811619 -22.5 -31.108655439013543
      vertex -69.76589161358065 -22.5 -31.176942336483876
    endloop
  endfacet
  facet normal 0 1 0
    outer loop
      vertex -70.23410838641935 -22.5 -31.176942336483876
      vertex -69.33331572037648 -22.5 -30.997763534763052
      vertex -69.5407798811619 -22.5 -31.108655439013543
    endloop
  endfacet
  facet normal 0 1 0
    outer loop
      vertex -70.23410838641935 -22.5 -31.176942336483876
      vertex -69.15147186257614 -22.5 -30.848528137423855
      vertex -69.33331572037648 -22.5 -30.997763534763052
    endloop
  endfacet
  facet normal 0 1 0
    outer loop
      vertex -70.4592201188381 -22.5 -31.108655439013543
      vertex -69.00223646523695 -22.5 -30.666684279623524
      vertex -69.15147186257614 -22.5 -30.848528137423855
    endloop
  endfacet
  facet normal 0 1 0
    outer loop
      vertex -70.4592201188381 -22.5 -31.108655439013543
      vertex -68.89134456098645 -22.5 -30.459220118838108
      vertex -69.00223646523695 -22.5 -30.666684279623524
    endloop
  endfacet
  facet normal 0 1 0
    outer loop
      vertex -70.4592201188381 -22.5 -31.108655439013543
      vertex -68.82305766351612 -22.5 -30.234108386419354
      vertex -68.89134456098645 -22.5 -30.459220118838108
    endloop
  endfacet
  facet normal 0 1 0
    outer loop
      vertex -70.66668427962352 -22.5 -30.997763534763052
      vertex -69.00223646523695 -22.5 -29.333315720376476
      vertex -70.4592201188381 -22.5 -31.108655439013543
    endloop
  endfacet
  facet normal 0 1 0
    outer loop
      vertex -70.84852813742386 -22.5 -30.848528137423855
      vertex -69.33331572037648 -22.5 -29.002236465236948
      vertex -70.66668427962352 -22.5 -30.997763534763052
    endloop
  endfacet
  facet normal 0 1 0
    outer loop
      vertex -70.66668427962352 -22.5 -30.997763534763052
      vertex -69.33331572037648 -22.5 -29.002236465236948
      vertex -69.15147186257614 -22.5 -29.151471862576145
    endloop
  endfacet
  facet normal 0 1 0
    outer loop
      vertex -70.4592201188381 -22.5 -31.108655439013543
      vertex -68.8 -22.5 -30
      vertex -68.82305766351612 -22.5 -30.234108386419354
    endloop
  endfacet
  facet normal 0 1 0
    outer loop
      vertex -70.4592201188381 -22.5 -31.108655439013543
      vertex -68.82305766351612 -22.5 -29.765891613580646
      vertex -68.8 -22.5 -30
    endloop
  endfacet
  facet normal 0 1 0
    outer loop
      vertex -70.4592201188381 -22.5 -31.108655439013543
      vertex -68.89134456098645 -22.5 -29.540779881161892
      vertex -68.82305766351612 -22.5 -29.765891613580646
    endloop
  endfacet
  facet normal 0 1 0
    outer loop
      vertex -70.4592201188381 -22.5 -31.108655439013543
      vertex -69.00223646523695 -22.5 -29.333315720376476
      vertex -68.89134456098645 -22.5 -29.540779881161892
    endloop
  endfacet
  facet normal 0 1 0
    outer loop
      vertex -70.66668427962352 -22.5 -30.997763534763052
      vertex -69.15147186257614 -22.5 -29.151471862576145
      vertex -69.00223646523695 -22.5 -29.333315720376476
    endloop
  endfacet
  facet normal 0 1 0
    outer loop
      vertex -70.99776353476305 -22.5 -30.666684279623524
      vertex -70 -22.5 -28.8
      vertex -69.76589161358065 -22.5 -28.823057663516124
    endloop
  endfacet
  facet normal 0 1 0
    outer loop
      vertex -70.84852813742386 -22.5 -30.848528137423855
      vertex -69.76589161358065 -22.5 -28.823057663516124
      vertex -69.5407798811619 -22.5 -28.891344560986457
    endloop
  endfacet
  facet normal 0 1 0
    outer loop
      vertex -69.33331572037648 -22.5 -29.002236465236948
      vertex -70.84852813742386 -22.5 -30.848528137423855
      vertex -69.5407798811619 -22.5 -28.891344560986457
    endloop
  endfacet
  facet normal 0 1 0
    outer loop
      vertex -87.5 -22.5 -55
      vertex -67.17157287525382 -22.5 -32.82842712474619
      vertex -38.3 -22.5 -1.35
    endloop
  endfacet
  facet normal 0 1 0
    outer loop
      vertex -87.5 -22.5 -55
      vertex -62.3 -22.5 -1.35
      vertex -73.69551813004514 -22.5 -28.46926627053964
    endloop
  endfacet
  facet normal 0 1 0
    outer loop
      vertex -87.5 -22.5 -55
      vertex -70.7 -22.5 1.35
      vertex -70.7 -22.5 -1.35
    endloop
  endfacet
  facet normal 0 1 0
    outer loop
      vertex -87.5 -22.5 -55
      vertex -70.7 -22.5 -1.35
      vertex -68.3 -22.5 -1.35
    endloop
  endfacet
  facet normal 0 1 0
    outer loop
      vertex -87.5 -22.5 -55
      vertex -68.3 -22.5 -1.35
      vertex -64.7 -22.5 -1.35
    endloop
  endfacet
  facet normal 0 1 0
    outer loop
      vertex -87.5 -22.5 -55
      vertex -64.7 -22.5 -1.35
      vertex -62.3 -22.5 -1.35
    endloop
  endfacet
  facet normal 0 1 0
    outer loop
      vertex -62.3 -22.5 -1.35
      vertex -73.32587844921018 -22.5 -27.77771906792159
      vertex -73.69551813004514 -22.5 -28.46926627053964
    endloop
  endfacet
  facet normal 0 1 0
    outer loop
      vertex -62.3 -22.5 -1.35
      vertex -72.82842712474618 -22.5 -27.17157287525381
      vertex -73.32587844921018 -22.5 -27.77771906792159
    endloop
  endfacet
  facet normal 0 1 0
    outer loop
      vertex -58.7 -22.5 -1.35
      vertex -72.2222809320784 -22.5 -26.67412155078982
      vertex -72.82842712474618 -22.5 -27.17157287525381
    endloop
  endfacet
  facet normal 1 0 0
    outer loop
      vertex -87.5 -22.5 -55
      vertex -87.5 -13.7 -35
      vertex -87.5 -13.7 35
    endloop
  endfacet
  facet normal 0 1 0
    outer loop
      vertex -38.3 -22.5 -1.35
      vertex -67.17157287525382 -22.5 -32.82842712474619
      vertex -66.67412155078982 -22.5 -32.222280932078405
    endloop
  endfacet
  facet normal 0 1 0
    outer loop
      vertex -38.3 -22.5 -1.35
      vertex -66.67412155078982 -22.5 -32.222280932078405
      vertex -66.30448186995486 -22.5 -31.53073372946036
    endloop
  endfacet
  facet normal 0 1 0
    outer loop
      vertex -58.7 -22.5 -1.35
      vertex -71.53073372946037 -22.5 -26.304481869954852
      vertex -72.2222809320784 -22.5 -26.67412155078982
    endloop
  endfacet
  facet normal 0 1 0
    outer loop
      vertex -50.3 -22.5 -1.35
      vertex -67.7777190679216 -22.5 -26.67412155078982
      vertex -68.46926627053963 -22.5 -26.304481869954852
    endloop
  endfacet
  facet normal 0 1 0
    outer loop
      vertex -58.7 -22.5 -1.35
      vertex -70.78036128806451 -22.5 -26.07685887838708
      vertex -71.53073372946037 -22.5 -26.304481869954852
    endloop
  endfacet
  facet normal 0 1 0
    outer loop
      vertex -56.3 -22.5 -1.35
      vertex -70 -22.5 -26
      vertex -70.78036128806451 -22.5 -26.07685887838708
    endloop
  endfacet
  facet normal 0 1 0
    outer loop
      vertex -56.3 -22.5 -1.35
      vertex -69.21963871193549 -22.5 -26.07685887838708
      vertex -70 -22.5 -26
    endloop
  endfacet
  facet normal 0 1 0
    outer loop
      vertex -52.7 -22.5 -1.35
      vertex -68.46926627053963 -22.5 -26.304481869954852
      vertex -69.21963871193549 -22.5 -26.07685887838708
    endloop
  endfacet
  facet normal 0 1 0
    outer loop
      vertex -50.3 -22.5 -1.35
      vertex -67.17157287525382 -22.5 -27.17157287525381
      vertex -67.7777190679216 -22.5 -26.67412155078982
    endloop
  endfacet
  facet normal 0 1 0
    outer loop
      vertex -46.7 -22.5 -1.35
      vertex -66.30448186995486 -22.5 -28.46926627053964
      vertex -66.67412155078982 -22.5 -27.77771906792159
    endloop
  endfacet
  facet normal 0 1 0
    outer loop
      vertex -46.7 -22.5 -1.35
      vertex -66.67412155078982 -22.5 -27.77771906792159
      vertex -67.17157287525382 -22.5 -27.17157287525381
    endloop
  endfacet
  facet normal 0 1 0
    outer loop
      vertex -44.3 -22.5 -1.35
      vertex -66 -22.5 -30
      vertex -66.07685887838707 -22.5 -29.219638711935488
    endloop
  endfacet
  facet normal 0 1 0
    outer loop
      vertex -38.3 -22.5 -1.35
      vertex -66.30448186995486 -22.5 -31.53073372946036
      vertex -66.07685887838707 -22.5 -30.780361288064512
    endloop
  endfacet
  facet normal 0 1 0
    outer loop
      vertex -38.3 -22.5 -1.35
      vertex -66.07685887838707 -22.5 -30.780361288064512
      vertex -66 -22.5 -30
    endloop
  endfacet
  facet normal 0 1 0
    outer loop
      vertex -44.3 -22.5 -1.35
      vertex -66.07685887838707 -22.5 -29.219638711935488
      vertex -66.30448186995486 -22.5 -28.46926627053964
    endloop
  endfacet
  facet normal 0 1 0
    outer loop
      vertex -87.5 -22.5 -55
      vertex -38.3 -22.5 -1.35
      vertex -34.7 -22.5 -1.35
    endloop
  endfacet
  facet normal 0 1 0
    outer loop
      vertex -87.5 -22.5 -55
      vertex -34.7 -22.5 -1.35
      vertex -32.3 -22.5 -1.35
    endloop
  endfacet
  facet normal 0 1 0
    outer loop
      vertex -87.5 -22.5 -55
      vertex -32.3 -22.5 -1.35
      vertex -28.7 -22.5 -1.35
    endloop
  endfacet
  facet normal 0 1 0
    outer loop
      vertex -87.5 -22.5 -55
      vertex -28.7 -22.5 -1.35
      vertex -26.3 -22.5 -1.35
    endloop
  endfacet
  facet normal 0 1 0
    outer loop
      vertex -87.5 -22.5 -55
      vertex -26.3 -22.5 -1.35
      vertex -22.7 -22.5 -1.35
    endloop
  endfacet
  facet normal 0 1 0
    outer loop
      vertex -62.3 -22.5 -1.35
      vertex -58.7 -22.5 -1.35
      vertex -72.82842712474618 -22.5 -27.17157287525381
    endloop
  endfacet
  facet normal 0 1 0
    outer loop
      vertex -58.7 -22.5 -1.35
      vertex -56.3 -22.5 -1.35
      vertex -70.78036128806451 -22.5 -26.07685887838708
    endloop
  endfacet
  facet normal 0 1 0
    outer loop
      vertex -56.3 -22.5 -1.35
      vertex -52.7 -22.5 -1.35
      vertex -69.21963871193549 -22.5 -26.07685887838708
    endloop
  endfacet
  facet normal 0 1 0
    outer loop
      vertex -52.7 -22.5 -1.35
      vertex -50.3 -22.5 -1.35
      vertex -68.46926627053963 -22.5 -26.304481869954852
    endloop
  endfacet
  facet normal 0 1 0
    outer loop
      vertex -68.3 -22.5 -1.35
      vertex -68.3 -22.5 1.35
      vertex -64.7 -22.5 -1.35
    endloop
  endfacet
  facet normal 0 1 0
    outer loop
      vertex -62.3 -22.5 -1.35
      vertex -62.3 -22.5 1.35
      vertex -58.7 -22.5 -1.35
    endloop
  endfacet
  facet normal 0 1 0
    outer loop
      vertex -50.3 -22.5 -1.35
      vertex -46.7 -22.5 -1.35
      vertex -67.17157287525382 -22.5 -27.17157287525381
    endloop
  endfacet
  facet normal 0 1 0
    outer loop
      vertex -46.7 -22.5 -1.35
      vertex -44.3 -22.5 -1.35
      vertex -66.30448186995486 -22.5 -28.46926627053964
    endloop
  endfacet
  facet normal 0 1 0
    outer loop
      vertex -44.3 -22.5 -1.35
      vertex -40.7 -22.5 -1.35
      vertex -66 -22.5 -30
    endloop
  endfacet
  facet normal 0 1 0
    outer loop
      vertex -40.7 -22.5 -1.35
      vertex -38.3 -22.5 -1.35
      vertex -66 -22.5 -30
    endloop
  endfacet
  facet normal 0 1 0
    outer loop
      vertex -56.3 -22.5 -1.35
      vertex -56.3 -22.5 1.35
      vertex -52.7 -22.5 -1.35
    endloop
  endfacet
  facet normal 0 1 0
    outer loop
      vertex -50.3 -22.5 -1.35
      vertex -50.3 -22.5 1.35
      vertex -46.7 -22.5 -1.35
    endloop
  endfacet
  facet normal 1 0 0
    outer loop
      vertex -87.5 -22.5 -55
      vertex -87.5 14 -44
      vertex -87.5 -13.7 -35
    endloop
  endfacet
  facet normal 0 0 1
    outer loop
      vertex -87.5 -22.5 -55
      vertex -68.3 -2.85 -55
      vertex -70.7 -2.85 -55
    endloop
  endfacet
  facet normal 0 0 1
    outer loop
      vertex -87.5 -22.5 -55
      vertex -64.7 -2.85 -55
      vertex -68.3 -2.85 -55
    endloop
  endfacet
  facet normal 0 0 1
    outer loop
      vertex -87.5 -22.5 -55
      vertex -62.3 -2.85 -55
      vertex -64.7 -2.85 -55
    endloop
  endfacet
  facet normal 0 0 1
    outer loop
      vertex -87.5 -22.5 -55
      vertex -58.7 -2.85 -55
      vertex -62.3 -2.85 -55
    endloop
  endfacet
  facet normal 0 0 1
    outer loop
      vertex -87.5 -22.5 -55
      vertex -70.7 -2.85 -55
      vertex -76.5 14 -55
    endloop
  endfacet
  facet normal 1 0 0
    outer loop
      vertex -87.5 -13.7 -35
      vertex -87.5 14 -44
      vertex -87.5 -11.3 -35
    endloop
  endfacet
  facet normal 1 0 0
    outer loop
      vertex -87.5 -11.3 -35
      vertex -87.5 14 -44
      vertex -87.5 -11 -26.5
    endloop
  endfacet
  facet normal 0 0 1
    outer loop
      vertex -87.5 -22.5 -55
      vertex -56.3 -2.85 -55
      vertex -58.7 -2.85 -55
    endloop
  endfacet
  facet normal 0 0 1
    outer loop
      vertex -87.5 -22.5 -55
      vertex -52.7 -2.85 -55
      vertex -56.3 -2.85 -55
    endloop
  endfacet
  facet normal 0 0 1
    outer loop
      vertex -87.5 -22.5 -55
      vertex -50.3 -2.85 -55
      vertex -52.7 -2.85 -55
    endloop
  endfacet
  facet normal 0 0 1
    outer loop
      vertex -87.5 -22.5 -55
      vertex -46.7 -2.85 -55
      vertex -50.3 -2.85 -55
    endloop
  endfacet
  facet normal 0 0 1
    outer loop
      vertex -87.5 -22.5 -55
      vertex -44.3 -2.85 -55
      vertex -46.7 -2.85 -55
    endloop
  endfacet
  facet normal 0 0 1
    outer loop
      vertex -87.5 -22.5 -55
      vertex -40.7 -2.85 -55
      vertex -44.3 -2.85 -55
    endloop
  endfacet
  facet normal 0 0 1
    outer loop
      vertex -87.5 -22.5 -55
      vertex -38.3 -2.85 -55
      vertex -40.7 -2.85 -55
    endloop
  endfacet
  facet normal 0 0 1
    outer loop
      vertex -87.5 -22.5 -55
      vertex -34.7 -2.85 -55
      vertex -38.3 -2.85 -55
    endloop
  endfacet
  facet normal 0 0 1
    outer loop
      vertex -87.5 -22.5 -55
      vertex -32.3 -2.85 -55
      vertex -34.7 -2.85 -55
    endloop
  endfacet
  facet normal 0 0 1
    outer loop
      vertex -87.5 -22.5 -55
      vertex -28.7 -2.85 -55
      vertex -32.3 -2.85 -55
    endloop
  endfacet
  facet normal 0 0 1
    outer loop
      vertex -87.5 -22.5 -55
      vertex -26.3 -2.85 -55
      vertex -28.7 -2.85 -55
    endloop
  endfacet
  facet normal 0 0 1
    outer loop
      vertex -87.5 -22.5 -55
      vertex -22.7 -2.85 -55
      vertex -26.3 -2.85 -55
    endloop
  endfacet
  facet normal 0 0 1
    outer loop
      vertex -68.3 -2.85 -55
      vertex -64.7 -2.85 -55
      vertex -64.7 -0.1499999999999999 -55
    endloop
  endfacet
  facet normal 0 0 1
    outer loop
      vertex -62.3 -2.85 -55
      vertex -58.7 -2.85 -55
      vertex -58.7 -0.1499999999999999 -55
    endloop
  endfacet
  facet normal 0 0 1
    outer loop
      vertex -56.3 -2.85 -55
      vertex -52.7 -2.85 -55
      vertex -52.7 -0.1499999999999999 -55
    endloop
  endfacet
  facet normal 0 0 1
    outer loop
      vertex -50.3 -2.85 -55
      vertex -46.7 -2.85 -55
      vertex -46.7 -0.1499999999999999 -55
    endloop
  endfacet
  facet normal 1 0 0
    outer loop
      vertex -87.5 -11.3 -35
      vertex -87.5 -11 -26.5
      vertex -87.5 -11 26.5
    endloop
  endfacet
  facet normal 0 1 0
    outer loop
      vertex -87.5 -22.5 -55
      vertex -22.7 -22.5 -1.35
      vertex -20.3 -22.5 -1.35
    endloop
  endfacet
  facet normal 0 1 0
    outer loop
      vertex -87.5 -22.5 -55
      vertex -20.3 -22.5 -1.35
      vertex -16.7 -22.5 -1.35
    endloop
  endfacet
  facet normal 0 1 0
    outer loop
      vertex -87.5 -22.5 -55
      vertex -16.7 -22.5 -1.35
      vertex -14.3 -22.5 -1.35
    endloop
  endfacet
  facet normal 0 1 0
    outer loop
      vertex -87.5 -22.5 -55
      vertex -14.3 -22.5 -1.35
      vertex -10.7 -22.5 -1.35
    endloop
  endfacet
  facet normal 0 1 0
    outer loop
      vertex -87.5 -22.5 -55
      vertex -10.7 -22.5 -1.35
      vertex -8.3 -22.5 -1.35
    endloop
  endfacet
  facet normal 0 1 0
    outer loop
      vertex -87.5 -22.5 -55
      vertex -8.3 -22.5 -1.35
      vertex -4.7 -22.5 -1.35
    endloop
  endfacet
  facet normal 0 1 0
    outer loop
      vertex -87.5 -22.5 -55
      vertex -4.7 -22.5 -1.35
      vertex -2.3 -22.5 -1.35
    endloop
  endfacet
  facet normal 0 1 0
    outer loop
      vertex -87.5 -22.5 -55
      vertex -2.3 -22.5 -1.35
      vertex 1.3 -22.5 -1.35
    endloop
  endfacet
  facet normal 0 1 0
    outer loop
      vertex -87.5 -22.5 -55
      vertex 1.3 -22.5 -1.35
      vertex 3.7 -22.5 -1.35
    endloop
  endfacet
  facet normal 0 1 0
    outer loop
      vertex -87.5 -22.5 -55
      vertex 3.7 -22.5 -1.35
      vertex 7.3 -22.5 -1.35
    endloop
  endfacet
  facet normal 0 1 0
    outer loop
      vertex -87.5 -22.5 -55
      vertex 7.3 -22.5 -1.35
      vertex 9.7 -22.5 -1.35
    endloop
  endfacet
  facet normal 0 1 0
    outer loop
      vertex -44.3 -22.5 -1.35
      vertex -44.3 -22.5 1.35
      vertex -40.7 -22.5 -1.35
    endloop
  endfacet
  facet normal 0 1 0
    outer loop
      vertex -38.3 -22.5 -1.35
      vertex -38.3 -22.5 1.35
      vertex -34.7 -22.5 -1.35
    endloop
  endfacet
  facet normal 0 1 0
    outer loop
      vertex -32.3 -22.5 -1.35
      vertex -32.3 -22.5 1.35
      vertex -28.7 -22.5 -1.35
    endloop
  endfacet
  facet normal 0 1 0
    outer loop
      vertex -26.3 -22.5 -1.35
      vertex -26.3 -22.5 1.35
      vertex -22.7 -22.5 -1.35
    endloop
  endfacet
  facet normal 0 1 0
    outer loop
      vertex -87.5 -22.5 -55
      vertex 9.7 -22.5 -1.35
      vertex 13.3 -22.5 -1.35
    endloop
  endfacet
  facet normal 0 1 0
    outer loop
      vertex -87.5 -22.5 -55
      vertex 13.3 -22.5 -1.35
      vertex 15.7 -22.5 -1.35
    endloop
  endfacet
  facet normal 0 1 0
    outer loop
      vertex -87.5 -22.5 -55
      vertex 15.7 -22.5 -1.35
      vertex 19.3 -22.5 -1.35
    endloop
  endfacet
  facet normal 0 1 0
    outer loop
      vertex -87.5 -22.5 -55
      vertex 19.3 -22.5 -1.35
      vertex 21.7 -22.5 -1.35
    endloop
  endfacet
  facet normal 0 1 0
    outer loop
      vertex -87.5 -22.5 -55
      vertex 21.7 -22.5 -1.35
      vertex 25.3 -22.5 -1.35
    endloop
  endfacet
  facet normal 0 1 0
    outer loop
      vertex -87.5 -22.5 -55
      vertex 25.3 -22.5 -1.35
      vertex 27.7 -22.5 -1.35
    endloop
  endfacet
  facet normal 0 1 0
    outer loop
      vertex -87.5 -22.5 -55
      vertex 27.7 -22.5 -1.35
      vertex 31.3 -22.5 -1.35
    endloop
  endfacet
  facet normal 0 1 0
    outer loop
      vertex -87.5 -22.5 -55
      vertex 31.3 -22.5 -1.35
      vertex 33.7 -22.5 -1.35
    endloop
  endfacet
  facet normal 0 1 0
    outer loop
      vertex -20.3 -22.5 -1.35
      vertex -20.3 -22.5 1.35
      vertex -16.7 -22.5 -1.35
    endloop
  endfacet
  facet normal 0 1 0
    outer loop
      vertex -14.3 -22.5 -1.35
      vertex -14.3 -22.5 1.35
      vertex -10.7 -22.5 -1.35
    endloop
  endfacet
  facet normal 0 1 0
    outer loop
      vertex -8.3 -22.5 -1.35
      vertex -8.3 -22.5 1.35
      vertex -4.7 -22.5 -1.35
    endloop
  endfacet
  facet normal 0 1 0
    outer loop
      vertex -2.3 -22.5 -1.35
      vertex -2.3 -22.5 1.35
      vertex 1.3 -22.5 -1.35
    endloop
  endfacet
  facet normal 0 0 1
    outer loop
      vertex -87.5 -22.5 -55
      vertex -20.3 -2.85 -55
      vertex -22.7 -2.85 -55
    endloop
  endfacet
  facet normal 0 0 1
    outer loop
      vertex -87.5 -22.5 -55
      vertex -16.7 -2.85 -55
      vertex -20.3 -2.85 -55
    endloop
  endfacet
  facet normal 0 0 1
    outer loop
      vertex -87.5 -22.5 -55
      vertex -14.3 -2.85 -55
      vertex -16.7 -2.85 -55
    endloop
  endfacet
  facet normal 0 0 1
    outer loop
      vertex -87.5 -22.5 -55
      vertex -10.7 -2.85 -55
      vertex -14.3 -2.85 -55
    endloop
  endfacet
  facet normal 0 0 1
    outer loop
      vertex -87.5 -22.5 -55
      vertex -8.3 -2.85 -55
      vertex -10.7 -2.85 -55
    endloop
  endfacet
  facet normal 0 0 1
    outer loop
      vertex -87.5 -22.5 -55
      vertex -4.7 -2.85 -55
      vertex -8.3 -2.85 -55
    endloop
  endfacet
  facet normal 0 0 1
    outer loop
      vertex -87.5 -22.5 -55
      vertex -2.3 -2.85 -55
      vertex -4.7 -2.85 -55
    endloop
  endfacet
  facet normal 0 0 1
    outer loop
      vertex -87.5 -22.5 -55
      vertex 1.3 -2.85 -55
      vertex -2.3 -2.85 -55
    endloop
  endfacet
  facet normal 0 0 1
    outer loop
      vertex -87.5 -22.5 -55
      vertex 3.7 -2.85 -55
      vertex 1.3 -2.85 -55
    endloop
  endfacet
  facet normal 0 0 1
    outer loop
      vertex -87.5 -22.5 -55
      vertex 7.3 -2.85 -55
      vertex 3.7 -2.85 -55
    endloop
  endfacet
  facet normal 0 0 1
    outer loop
      vertex -87.5 -22.5 -55
      vertex 9.7 -2.85 -55
      vertex 7.3 -2.85 -55
    endloop
  endfacet
  facet normal 0 0 1
    outer loop
      vertex -44.3 -2.85 -55
      vertex -40.7 -2.85 -55
      vertex -40.7 -0.1499999999999999 -55
    endloop
  endfacet
  facet normal 0 0 1
    outer loop
      vertex -38.3 -2.85 -55
      vertex -34.7 -2.85 -55
      vertex -34.7 -0.1499999999999999 -55
    endloop
  endfacet
  facet normal 0 0 1
    outer loop
      vertex -32.3 -2.85 -55
      vertex -28.7 -2.85 -55
      vertex -28.7 -0.1499999999999999 -55
    endloop
  endfacet
  facet normal 0 0 1
    outer loop
      vertex -26.3 -2.85 -55
      vertex -22.7 -2.85 -55
      vertex -22.7 -0.1499999999999999 -55
    endloop
  endfacet
  facet normal 0 0 1
    outer loop
      vertex -87.5 -22.5 -55
      vertex 13.3 -2.85 -55
      vertex 9.7 -2.85 -55
    endloop
  endfacet
  facet normal 0 0 1
    outer loop
      vertex -87.5 -22.5 -55
      vertex 15.7 -2.85 -55
      vertex 13.3 -2.85 -55
    endloop
  endfacet
  facet normal 0 0 1
    outer loop
      vertex -87.5 -22.5 -55
      vertex 19.3 -2.85 -55
      vertex 15.7 -2.85 -55
    endloop
  endfacet
  facet normal 0 0 1
    outer loop
      vertex -87.5 -22.5 -55
      vertex 21.7 -2.85 -55
      vertex 19.3 -2.85 -55
    endloop
  endfacet
  facet normal 0 0 1
    outer loop
      vertex -87.5 -22.5 -55
      vertex 25.3 -2.85 -55
      vertex 21.7 -2.85 -55
    endloop
  endfacet
  facet normal 0 0 1
    outer loop
      vertex -87.5 -22.5 -55
      vertex 27.7 -2.85 -55
      vertex 25.3 -2.85 -55
    endloop
  endfacet
  facet normal 0 0 1
    outer loop
      vertex -87.5 -22.5 -55
      vertex 31.3 -2.85 -55
      vertex 27.7 -2.85 -55
    endloop
  endfacet
  facet normal 0 0 1
    outer loop
      vertex -87.5 -22.5 -55
      vertex 33.7 -2.85 -55
      vertex 31.3 -2.85 -55
    endloop
  endfacet
  facet normal 0 0 1
    outer loop
      vertex -87.5 -22.5 -55
      vertex 37.3 -2.85 -55
      vertex 33.7 -2.85 -55
    endloop
  endfacet
  facet normal 0 0 1
    outer loop
      vertex -87.5 -22.5 -55
      vertex 39.7 -2.85 -55
      vertex 37.3 -2.85 -55
    endloop
  endfacet
  facet normal 0 0 1
    outer loop
      vertex -87.5 -22.5 -55
      vertex 43.3 -2.85 -55
      vertex 39.7 -2.85 -55
    endloop
  endfacet
  facet normal 0 0 1
    outer loop
      vertex -20.3 -2.85 -55
      vertex -16.7 -2.85 -55
      vertex -16.7 -0.1499999999999999 -55
    endloop
  endfacet
  facet normal 0 0 1
    outer loop
      vertex -14.3 -2.85 -55
      vertex -10.7 -2.85 -55
      vertex -10.7 -0.1499999999999999 -55
    endloop
  endfacet
  facet normal 0 0 1
    outer loop
      vertex -8.3 -2.85 -55
      vertex -4.7 -2.85 -55
      vertex -4.7 -0.1499999999999999 -55
    endloop
  endfacet
  facet normal 0 1 0
    outer loop
      vertex -87.5 -22.5 -55
      vertex -87.5 -22.5 55
      vertex -70.7 -22.5 1.35
    endloop
  endfacet
  facet normal 1 0 0
    outer loop
      vertex -87.5 -22.5 -55
      vertex -87.5 -13.7 35
      vertex -87.5 -22.5 55
    endloop
  endfacet
  facet normal 0 1 0
    outer loop
      vertex -70.7 -22.5 1.35
      vertex -87.5 -22.5 55
      vertex -68.3 -22.5 1.35
    endloop
  endfacet
  facet normal 0 1 0
    outer loop
      vertex -68.3 -22.5 1.35
      vertex -87.5 -22.5 55
      vertex -64.7 -22.5 1.35
    endloop
  endfacet
  facet normal 0 1 0
    outer loop
      vertex -64.7 -22.5 1.35
      vertex -87.5 -22.5 55
      vertex -62.3 -22.5 1.35
    endloop
  endfacet
  facet normal 0 1 0
    outer loop
      vertex -62.3 -22.5 1.35
      vertex -87.5 -22.5 55
      vertex -58.7 -22.5 1.35
    endloop
  endfacet
  facet normal 0 1 0
    outer loop
      vertex -64.7 -22.5 -1.35
      vertex -68.3 -22.5 1.35
      vertex -64.7 -22.5 1.35
    endloop
  endfacet
  facet normal 0 1 0
    outer loop
      vertex -58.7 -22.5 -1.35
      vertex -62.3 -22.5 1.35
      vertex -58.7 -22.5 1.35
    endloop
  endfacet
  facet normal 0 1 0
    outer loop
      vertex -52.7 -22.5 -1.35
      vertex -56.3 -22.5 1.35
      vertex -52.7 -22.5 1.35
    endloop
  endfacet
  facet normal 0 1 0
    outer loop
      vertex -46.7 -22.5 -1.35
      vertex -50.3 -22.5 1.35
      vertex -46.7 -22.5 1.35
    endloop
  endfacet
  facet normal 0 1 0
    outer loop
      vertex -58.7 -22.5 1.35
      vertex -87.5 -22.5 55
      vertex -56.3 -22.5 1.35
    endloop
  endfacet
  facet normal 0 1 0
    outer loop
      vertex -56.3 -22.5 1.35
      vertex -87.5 -22.5 55
      vertex -52.7 -22.5 1.35
    endloop
  endfacet
  facet normal 0 1 0
    outer loop
      vertex -52.7 -22.5 1.35
      vertex -87.5 -22.5 55
      vertex -50.3 -22.5 1.35
    endloop
  endfacet
  facet normal 0 1 0
    outer loop
      vertex -50.3 -22.5 1.35
      vertex -87.5 -22.5 55
      vertex -46.7 -22.5 1.35
    endloop
  endfacet
  facet normal 0 1 0
    outer loop
      vertex -46.7 -22.5 1.35
      vertex -87.5 -22.5 55
      vertex -44.3 -22.5 1.35
    endloop
  endfacet
  facet normal 0 1 0
    outer loop
      vertex -87.5 -22.5 55
      vertex -40.7 -22.5 1.35
      vertex -44.3 -22.5 1.35
    endloop
  endfacet
  facet normal 0 1 0
    outer loop
      vertex -87.5 -22.5 55
      vertex -38.3 -22.5 1.35
      vertex -40.7 -22.5 1.35
    endloop
  endfacet
  facet normal 0 1 0
    outer loop
      vertex -87.5 -22.5 55
      vertex -34.7 -22.5 1.35
      vertex -38.3 -22.5 1.35
    endloop
  endfacet
  facet normal 0 1 0
    outer loop
      vertex -87.5 -22.5 55
      vertex -32.3 -22.5 1.35
      vertex -34.7 -22.5 1.35
    endloop
  endfacet
  facet normal 0 1 0
    outer loop
      vertex -87.5 -22.5 55
      vertex -28.7 -22.5 1.35
      vertex -32.3 -22.5 1.35
    endloop
  endfacet
  facet normal 0 1 0
    outer loop
      vertex -87.5 -22.5 55
      vertex -26.3 -22.5 1.35
      vertex -28.7 -22.5 1.35
    endloop
  endfacet
  facet normal 0 1 0
    outer loop
      vertex -87.5 -22.5 55
      vertex -22.7 -22.5 1.35
      vertex -26.3 -22.5 1.35
    endloop
  endfacet
  facet normal 0 1 0
    outer loop
      vertex -87.5 -22.5 55
      vertex -72.82842712474618 -22.5 47.17157287525381
      vertex -72.2222809320784 -22.5 46.67412155078982
    endloop
  endfacet
  facet normal 0 1 0
    outer loop
      vertex -87.5 -22.5 55
      vertex -73.32587844921018 -22.5 47.777719067921595
      vertex -72.82842712474618 -22.5 47.17157287525381
    endloop
  endfacet
  facet normal 0 1 0
    outer loop
      vertex -70.66668427962352 -22.5 49.00223646523695
      vertex -70.84852813742386 -22.5 49.151471862576145
      vertex -71.17694233648388 -22.5 49.76589161358065
    endloop
  endfacet
  facet normal 0 1 0
    outer loop
      vertex -70.66668427962352 -22.5 49.00223646523695
      vertex -71.17694233648388 -22.5 49.76589161358065
      vertex -70.4592201188381 -22.5 48.891344560986454
    endloop
  endfacet
  facet normal 0 1 0
    outer loop
      vertex -71.17694233648388 -22.5 49.76589161358065
      vertex -70.23410838641935 -22.5 48.823057663516124
      vertex -70.4592201188381 -22.5 48.891344560986454
    endloop
  endfacet
  facet normal 0 1 0
    outer loop
      vertex -71.17694233648388 -22.5 49.76589161358065
      vertex -70 -22.5 48.8
      vertex -70.23410838641935 -22.5 48.823057663516124
    endloop
  endfacet
  facet normal 0 1 0
    outer loop
      vertex -71.17694233648388 -22.5 49.76589161358065
      vertex -69.76589161358065 -22.5 48.823057663516124
      vertex -70 -22.5 48.8
    endloop
  endfacet
  facet normal 0 1 0
    outer loop
      vertex -71.10865543901355 -22.5 49.54077988116189
      vertex -71.17694233648388 -22.5 49.76589161358065
      vertex -70.99776353476305 -22.5 49.333315720376476
    endloop
  endfacet
  facet normal 0 1 0
    outer loop
      vertex -71.17694233648388 -22.5 49.76589161358065
      vertex -70.84852813742386 -22.5 49.151471862576145
      vertex -70.99776353476305 -22.5 49.333315720376476
    endloop
  endfacet
  facet normal 0 1 0
    outer loop
      vertex -71.17694233648388 -22.5 49.76589161358065
      vertex -71.2 -22.5 50
      vertex -68.82305766351612 -22.5 50.23410838641935
    endloop
  endfacet
  facet normal 0 1 0
    outer loop
      vertex -71.2 -22.5 50
      vertex -71.17694233648388 -22.5 50.23410838641935
      vertex -68.82305766351612 -22.5 50.23410838641935
    endloop
  endfacet
  facet normal 0 1 0
    outer loop
      vertex -71.17694233648388 -22.5 49.76589161358065
      vertex -69.5407798811619 -22.5 48.891344560986454
      vertex -69.76589161358065 -22.5 48.823057663516124
    endloop
  endfacet
  facet normal 0 1 0
    outer loop
      vertex -71.17694233648388 -22.5 49.76589161358065
      vertex -69.33331572037648 -22.5 49.00223646523695
      vertex -69.5407798811619 -22.5 48.891344560986454
    endloop
  endfacet
  facet normal 0 1 0
    outer loop
      vertex -71.17694233648388 -22.5 49.76589161358065
      vertex -69.15147186257614 -22.5 49.151471862576145
      vertex -69.33331572037648 -22.5 49.00223646523695
    endloop
  endfacet
  facet normal 0 1 0
    outer loop
      vertex -71.17694233648388 -22.5 49.76589161358065
      vertex -69.00223646523695 -22.5 49.333315720376476
      vertex -69.15147186257614 -22.5 49.151471862576145
    endloop
  endfacet
  facet normal 0 1 0
    outer loop
      vertex -71.17694233648388 -22.5 49.76589161358065
      vertex -68.89134456098645 -22.5 49.54077988116189
      vertex -69.00223646523695 -22.5 49.333315720376476
    endloop
  endfacet
  facet normal 0 1 0
    outer loop
      vertex -71.17694233648388 -22.5 49.76589161358065
      vertex -68.82305766351612 -22.5 49.76589161358065
      vertex -68.89134456098645 -22.5 49.54077988116189
    endloop
  endfacet
  facet normal 0 1 0
    outer loop
      vertex -71.17694233648388 -22.5 50.23410838641935
      vertex -68.89134456098645 -22.5 50.45922011883811
      vertex -68.82305766351612 -22.5 50.23410838641935
    endloop
  endfacet
  facet normal 0 1 0
    outer loop
      vertex -71.17694233648388 -22.5 49.76589161358065
      vertex -68.8 -22.5 50
      vertex -68.82305766351612 -22.5 49.76589161358065
    endloop
  endfacet
  facet normal 0 1 0
    outer loop
      vertex -71.17694233648388 -22.5 49.76589161358065
      vertex -68.82305766351612 -22.5 50.23410838641935
      vertex -68.8 -22.5 50
    endloop
  endfacet
  facet normal 0 1 0
    outer loop
      vertex -87.5 -22.5 55
      vertex -73.69551813004514 -22.5 48.46926627053964
      vertex -73.32587844921018 -22.5 47.777719067921595
    endloop
  endfacet
  facet normal 0 1 0
    outer loop
      vertex -87.5 -22.5 55
      vertex -73.92314112161293 -22.5 49.21963871193549
      vertex -73.69551813004514 -22.5 48.46926627053964
    endloop
  endfacet
  facet normal 0 1 0
    outer loop
      vertex -87.5 -22.5 55
      vertex -74 -22.5 50
      vertex -73.92314112161293 -22.5 49.21963871193549
    endloop
  endfacet
  facet normal 0 1 0
    outer loop
      vertex -87.5 -22.5 55
      vertex -73.92314112161293 -22.5 50.78036128806451
      vertex -74 -22.5 50
    endloop
  endfacet
  facet normal 0 1 0
    outer loop
      vertex -87.5 -22.5 55
      vertex -73.69551813004514 -22.5 51.53073372946036
      vertex -73.92314112161293 -22.5 50.78036128806451
    endloop
  endfacet
  facet normal 0 1 0
    outer loop
      vertex -87.5 -22.5 55
      vertex -73.32587844921018 -22.5 52.222280932078405
      vertex -73.69551813004514 -22.5 51.53073372946036
    endloop
  endfacet
  facet normal 0 1 0
    outer loop
      vertex -87.5 -22.5 55
      vertex -72.82842712474618 -22.5 52.82842712474619
      vertex -73.32587844921018 -22.5 52.222280932078405
    endloop
  endfacet
  facet normal 0 1 0
    outer loop
      vertex -87.5 -22.5 55
      vertex -72.2222809320784 -22.5 53.32587844921018
      vertex -72.82842712474618 -22.5 52.82842712474619
    endloop
  endfacet
  facet normal 0 1 0
    outer loop
      vertex -87.5 -22.5 55
      vertex -71.53073372946037 -22.5 53.695518130045144
      vertex -72.2222809320784 -22.5 53.32587844921018
    endloop
  endfacet
  facet normal 0 1 0
    outer loop
      vertex -87.5 -22.5 55
      vertex -70.78036128806451 -22.5 53.92314112161292
      vertex -71.53073372946037 -22.5 53.695518130045144
    endloop
  endfacet
  facet normal 0 1 0
    outer loop
      vertex -87.5 -22.5 55
      vertex -70 -22.5 54
      vertex -70.78036128806451 -22.5 53.92314112161292
    endloop
  endfacet
  facet normal 0 1 0
    outer loop
      vertex -71.17694233648388 -22.5 50.23410838641935
      vertex -71.10865543901355 -22.5 50.45922011883811
      vertex -70.23410838641935 -22.5 51.176942336483876
    endloop
  endfacet
  facet normal 0 1 0
    outer loop
      vertex -71.10865543901355 -22.5 50.45922011883811
      vertex -70.99776353476305 -22.5 50.666684279623524
      vertex -70.23410838641935 -22.5 51.176942336483876
    endloop
  endfacet
  facet normal 0 1 0
    outer loop
      vertex -70.99776353476305 -22.5 50.666684279623524
      vertex -70.84852813742386 -22.5 50.848528137423855
      vertex -70.23410838641935 -22.5 51.176942336483876
    endloop
  endfacet
  facet normal 0 1 0
    outer loop
      vertex -71.17694233648388 -22.5 50.23410838641935
      vertex -70 -22.5 51.2
      vertex -69.76589161358065 -22.5 51.176942336483876
    endloop
  endfacet
  facet normal 0 1 0
    outer loop
      vertex -71.17694233648388 -22.5 50.23410838641935
      vertex -70.23410838641935 -22.5 51.176942336483876
      vertex -70 -22.5 51.2
    endloop
  endfacet
  facet normal 0 1 0
    outer loop
      vertex -70.84852813742386 -22.5 50.848528137423855
      vertex -70.66668427962352 -22.5 50.99776353476305
      vertex -70.23410838641935 -22.5 51.176942336483876
    endloop
  endfacet
  facet normal 0 1 0
    outer loop
      vertex -70.66668427962352 -22.5 50.99776353476305
      vertex -70.4592201188381 -22.5 51.108655439013546
      vertex -70.23410838641935 -22.5 51.176942336483876
    endloop
  endfacet
  facet normal 0 1 0
    outer loop
      vertex -71.17694233648388 -22.5 50.23410838641935
      vertex -69.00223646523695 -22.5 50.666684279623524
      vertex -68.89134456098645 -22.5 50.45922011883811
    endloop
  endfacet
  facet normal 0 1 0
    outer loop
      vertex -71.17694233648388 -22.5 50.23410838641935
      vertex -69.33331572037648 -22.5 50.99776353476305
      vertex -69.15147186257614 -22.5 50.848528137423855
    endloop
  endfacet
  facet normal 0 1 0
    outer loop
      vertex -71.17694233648388 -22.5 50.23410838641935
      vertex -69.15147186257614 -22.5 50.848528137423855
      vertex -69.00223646523695 -22.5 50.666684279623524
    endloop
  endfacet
  facet normal 0 1 0
    outer loop
      vertex -71.17694233648388 -22.5 50.23410838641935
      vertex -69.76589161358065 -22.5 51.176942336483876
      vertex -69.5407798811619 -22.5 51.108655439013546
    endloop
  endfacet
  facet normal 0 1 0
    outer loop
      vertex -71.17694233648388 -22.5 50.23410838641935
      vertex -69.5407798811619 -22.5 51.108655439013546
      vertex -69.33331572037648 -22.5 50.99776353476305
    endloop
  endfacet
  facet normal 0 1 0
    outer loop
      vertex -87.5 -22.5 55
      vertex -72.2222809320784 -22.5 46.67412155078982
      vertex -2.3 -22.5 1.35
    endloop
  endfacet
  facet normal 0 1 0
    outer loop
      vertex -2.3 -22.5 1.35
      vertex -72.2222809320784 -22.5 46.67412155078982
      vertex -71.53073372946037 -22.5 46.304481869954856
    endloop
  endfacet
  facet normal 0 1 0
    outer loop
      vertex -2.3 -22.5 1.35
      vertex -71.53073372946037 -22.5 46.304481869954856
      vertex -70.78036128806451 -22.5 46.07685887838708
    endloop
  endfacet
  facet normal 0 1 0
    outer loop
      vertex -2.3 -22.5 1.35
      vertex -70.78036128806451 -22.5 46.07685887838708
      vertex -70 -22.5 46
    endloop
  endfacet
  facet normal 0 1 0
    outer loop
      vertex -2.3 -22.5 1.35
      vertex -70 -22.5 46
      vertex -69.21963871193549 -22.5 46.07685887838708
    endloop
  endfacet
  facet normal 0 0 -1
    outer loop
      vertex -87.5 -22.5 55
      vertex -51.25 -5.85 55
      vertex -49.5 -13.1 55
    endloop
  endfacet
  facet normal 1 0 0
    outer loop
      vertex -87.5 -11.3 -35
      vertex -87.5 -11 26.5
      vertex -87.5 -11.3 35
    endloop
  endfacet
  facet normal 1 0 0
    outer loop
      vertex -87.5 -22.5 55
      vertex -87.5 -13.7 35
      vertex -87.5 14 44
    endloop
  endfacet
  facet normal 0 0 -1
    outer loop
      vertex -87.5 -22.5 55
      vertex -66.75 -5.85 55
      vertex -51.25 -5.85 55
    endloop
  endfacet
  facet normal 1 0 0
    outer loop
      vertex -87.5 -11 26.5
      vertex -87.5 14 44
      vertex -87.5 -11.3 35
    endloop
  endfacet
  facet normal 1 0 0
    outer loop
      vertex -87.5 -13.7 35
      vertex -87.5 -11.3 35
      vertex -87.5 14 44
    endloop
  endfacet
  facet normal 0 0 -1
    outer loop
      vertex -87.5 -22.5 55
      vertex -87.5 14 55
      vertex -66.75 -5.85 55
    endloop
  endfacet
  facet normal 0 0 -1
    outer loop
      vertex -49.5 -13.1 55
      vertex -51.25 -5.85 55
      vertex -51.25 11.65 55
    endloop
  endfacet
  facet normal 0 1 0
    outer loop
      vertex -40.7 -22.5 -1.35
      vertex -44.3 -22.5 1.35
      vertex -40.7 -22.5 1.35
    endloop
  endfacet
  facet normal 0 1 0
    outer loop
      vertex -34.7 -22.5 -1.35
      vertex -38.3 -22.5 1.35
      vertex -34.7 -22.5 1.35
    endloop
  endfacet
  facet normal 0 1 0
    outer loop
      vertex -28.7 -22.5 -1.35
      vertex -32.3 -22.5 1.35
      vertex -28.7 -22.5 1.35
    endloop
  endfacet
  facet normal 0 1 0
    outer loop
      vertex -22.7 -22.5 -1.35
      vertex -26.3 -22.5 1.35
      vertex -22.7 -22.5 1.35
    endloop
  endfacet
  facet normal 0 1 0
    outer loop
      vertex -87.5 -22.5 55
      vertex -20.3 -22.5 1.35
      vertex -22.7 -22.5 1.35
    endloop
  endfacet
  facet normal 0 1 0
    outer loop
      vertex -87.5 -22.5 55
      vertex -16.7 -22.5 1.35
      vertex -20.3 -22.5 1.35
    endloop
  endfacet
  facet normal 0 1 0
    outer loop
      vertex -87.5 -22.5 55
      vertex -14.3 -22.5 1.35
      vertex -16.7 -22.5 1.35
    endloop
  endfacet
  facet normal 0 1 0
    outer loop
      vertex -87.5 -22.5 55
      vertex -10.7 -22.5 1.35
      vertex -14.3 -22.5 1.35
    endloop
  endfacet
  facet normal 0 1 0
    outer loop
      vertex -87.5 -22.5 55
      vertex -8.3 -22.5 1.35
      vertex -10.7 -22.5 1.35
    endloop
  endfacet
  facet normal 0 1 0
    outer loop
      vertex -87.5 -22.5 55
      vertex -4.7 -22.5 1.35
      vertex -8.3 -22.5 1.35
    endloop
  endfacet
  facet normal 0 1 0
    outer loop
      vertex -87.5 -22.5 55
      vertex -2.3 -22.5 1.35
      vertex -4.7 -22.5 1.35
    endloop
  endfacet
  facet normal 0 1 0
    outer loop
      vertex -16.7 -22.5 -1.35
      vertex -20.3 -22.5 1.35
      vertex -16.7 -22.5 1.35
    endloop
  endfacet
  facet normal 0 1 0
    outer loop
      vertex -10.7 -22.5 -1.35
      vertex -14.3 -22.5 1.35
      vertex -10.7 -22.5 1.35
    endloop
  endfacet
  facet normal 0 1 0
    outer loop
      vertex -4.7 -22.5 -1.35
      vertex -8.3 -22.5 1.35
      vertex -4.7 -22.5 1.35
    endloop
  endfacet
  facet normal 0 1 0
    outer loop
      vertex -69.21963871193549 -22.5 46.07685887838708
      vertex -68.46926627053963 -22.5 46.304481869954856
      vertex 68.46926627053963 -22.5 46.304481869954856
    endloop
  endfacet
  facet normal 0 1 0
    outer loop
      vertex -68.46926627053963 -22.5 46.304481869954856
      vertex -67.7777190679216 -22.5 46.67412155078982
      vertex 67.7777190679216 -22.5 46.67412155078982
    endloop
  endfacet
  facet normal 0 1 0
    outer loop
      vertex -67.7777190679216 -22.5 46.67412155078982
      vertex -67.17157287525382 -22.5 47.17157287525381
      vertex 67.17157287525382 -22.5 47.17157287525381
    endloop
  endfacet
  facet normal 0 1 0
    outer loop
      vertex -68.46926627053963 -22.5 53.695518130045144
      vertex 68.46926627053963 -22.5 53.695518130045144
      vertex -67.7777190679216 -22.5 53.32587844921018
    endloop
  endfacet
  facet normal 0 1 0
    outer loop
      vertex -69.21963871193549 -22.5 53.92314112161292
      vertex 69.21963871193549 -22.5 53.92314112161292
      vertex -68.46926627053963 -22.5 53.695518130045144
    endloop
  endfacet
  facet normal 0 1 0
    outer loop
      vertex -87.5 -22.5 55
      vertex 87.5 -22.5 55
      vertex -70 -22.5 54
    endloop
  endfacet
  facet normal 0 1 0
    outer loop
      vertex -70 -22.5 54
      vertex 70 -22.5 54
      vertex -69.21963871193549 -22.5 53.92314112161292
    endloop
  endfacet
  facet normal 0 1 0
    outer loop
      vertex -2.3 -22.5 1.35
      vertex -69.21963871193549 -22.5 46.07685887838708
      vertex 69.21963871193549 -22.5 46.07685887838708
    endloop
  endfacet
  facet normal 0 1 0
    outer loop
      vertex -67.17157287525382 -22.5 47.17157287525381
      vertex -66.67412155078982 -22.5 47.777719067921595
      vertex 66.67412155078982 -22.5 47.777719067921595
    endloop
  endfacet
  facet normal 0 1 0
    outer loop
      vertex -66.67412155078982 -22.5 47.777719067921595
      vertex -66.30448186995486 -22.5 48.46926627053964
      vertex 66.67412155078982 -22.5 47.777719067921595
    endloop
  endfacet
  facet normal 0 1 0
    outer loop
      vertex -66.30448186995486 -22.5 48.46926627053964
      vertex -66.07685887838707 -22.5 49.21963871193549
      vertex 66.30448186995486 -22.5 48.46926627053964
    endloop
  endfacet
  facet normal 0 1 0
    outer loop
      vertex -66.07685887838707 -22.5 49.21963871193549
      vertex -66 -22.5 50
      vertex 66.07685887838707 -22.5 49.21963871193549
    endloop
  endfacet
  facet normal 0 1 0
    outer loop
      vertex -66 -22.5 50
      vertex -66.07685887838707 -22.5 50.78036128806451
      vertex 66.07685887838707 -22.5 50.78036128806451
    endloop
  endfacet
  facet normal 0 1 0
    outer loop
      vertex -66.07685887838707 -22.5 50.78036128806451
      vertex -66.30448186995486 -22.5 51.53073372946036
      vertex 66.30448186995486 -22.5 51.53073372946036
    endloop
  endfacet
  facet normal 0 1 0
    outer loop
      vertex -66.30448186995486 -22.5 51.53073372946036
      vertex -66.67412155078982 -22.5 52.222280932078405
      vertex 66.67412155078982 -22.5 52.222280932078405
    endloop
  endfacet
  facet normal 0 1 0
    outer loop
      vertex -67.17157287525382 -22.5 52.82842712474619
      vertex 67.17157287525382 -22.5 52.82842712474619
      vertex -66.67412155078982 -22.5 52.222280932078405
    endloop
  endfacet
  facet normal 0 1 0
    outer loop
      vertex -67.17157287525382 -22.5 52.82842712474619
      vertex -67.7777190679216 -22.5 53.32587844921018
      vertex 67.7777190679216 -22.5 53.32587844921018
    endloop
  endfacet
  facet normal 0 0 -1
    outer loop
      vertex -87.5 -22.5 55
      vertex -49.5 -13.1 55
      vertex 87.5 -22.5 55
    endloop
  endfacet
  facet normal 0 0 -1
    outer loop
      vertex -32.5 -13.1 55
      vertex -27 -5.65 55
      vertex -21 -5.65 55
    endloop
  endfacet
  facet normal 0 0 -1
    outer loop
      vertex -32.5 -13.1 55
      vertex -21 -5.65 55
      vertex -15.5 -5.9 55
    endloop
  endfacet
  facet normal 0 0 -1
    outer loop
      vertex -32.5 -13.1 55
      vertex -15.5 -5.9 55
      vertex 1.5 -5.9 55
    endloop
  endfacet
  facet normal 1 0 0
    outer loop
      vertex -87.5 -22.5 -55
      vertex -87.5 14 -55
      vertex -87.5 14 -44
    endloop
  endfacet
  facet normal 0 0 1
    outer loop
      vertex -87.5 -22.5 -55
      vertex -76.5 14 -55
      vertex -87.5 14 -55
    endloop
  endfacet
  facet normal 0 0 1
    outer loop
      vertex -70.7 -2.85 -55
      vertex -70.7 -0.1499999999999999 -55
      vertex -76.5 14 -55
    endloop
  endfacet
  facet normal 0 0 1
    outer loop
      vertex -70.7 -0.1499999999999999 -55
      vertex -68.3 -0.1499999999999999 -55
      vertex -76.5 14 -55
    endloop
  endfacet
  facet normal 0 0 1
    outer loop
      vertex -68.3 -0.1499999999999999 -55
      vertex -64.7 -0.1499999999999999 -55
      vertex -76.5 14 -55
    endloop
  endfacet
  facet normal 0 0 1
    outer loop
      vertex -64.7 -0.1499999999999999 -55
      vertex -62.3 -0.1499999999999999 -55
      vertex -76.5 14 -55
    endloop
  endfacet
  facet normal 1 0 0
    outer loop
      vertex -87.5 -11 -26.5
      vertex -87.5 14 -44
      vertex -87.5 11 -26.5
    endloop
  endfacet
  facet normal 0 0 1
    outer loop
      vertex -68.3 -2.85 -55
      vertex -64.7 -0.1499999999999999 -55
      vertex -68.3 -0.1499999999999999 -55
    endloop
  endfacet
  facet normal 0 0 1
    outer loop
      vertex -62.3 -2.85 -55
      vertex -58.7 -0.1499999999999999 -55
      vertex -62.3 -0.1499999999999999 -55
    endloop
  endfacet
  facet normal 0 0 1
    outer loop
      vertex -56.3 -2.85 -55
      vertex -52.7 -0.1499999999999999 -55
      vertex -56.3 -0.1499999999999999 -55
    endloop
  endfacet
  facet normal 0 0 1
    outer loop
      vertex -50.3 -2.85 -55
      vertex -46.7 -0.1499999999999999 -55
      vertex -50.3 -0.1499999999999999 -55
    endloop
  endfacet
  facet normal 0 0 1
    outer loop
      vertex -62.3 -0.1499999999999999 -55
      vertex -58.7 -0.1499999999999999 -55
      vertex -76.5 14 -55
    endloop
  endfacet
  facet normal 0 0 1
    outer loop
      vertex -58.7 -0.1499999999999999 -55
      vertex -56.3 -0.1499999999999999 -55
      vertex -76.5 14 -55
    endloop
  endfacet
  facet normal 0 0 1
    outer loop
      vertex -56.3 -0.1499999999999999 -55
      vertex -52.7 -0.1499999999999999 -55
      vertex -76.5 14 -55
    endloop
  endfacet
  facet normal 0 0 1
    outer loop
      vertex -52.7 -0.1499999999999999 -55
      vertex -50.3 -0.1499999999999999 -55
      vertex -76.5 14 -55
    endloop
  endfacet
  facet normal 0 0 1
    outer loop
      vertex -50.3 -0.1499999999999999 -55
      vertex -46.7 -0.1499999999999999 -55
      vertex -76.5 14 -55
    endloop
  endfacet
  facet normal 0 0 1
    outer loop
      vertex -46.7 -0.1499999999999999 -55
      vertex -44.3 -0.1499999999999999 -55
      vertex -76.5 14 -55
    endloop
  endfacet
  facet normal 0 0 1
    outer loop
      vertex -76.5 14 -55
      vertex -44.3 -0.1499999999999999 -55
      vertex -40.7 -0.1499999999999999 -55
    endloop
  endfacet
  facet normal 0 0 1
    outer loop
      vertex -76.5 14 -55
      vertex -40.7 -0.1499999999999999 -55
      vertex -38.3 -0.1499999999999999 -55
    endloop
  endfacet
  facet normal 0 0 1
    outer loop
      vertex -76.5 14 -55
      vertex -38.3 -0.1499999999999999 -55
      vertex -34.7 -0.1499999999999999 -55
    endloop
  endfacet
  facet normal 1 0 0
    outer loop
      vertex -87.5 14 -44
      vertex -87.5 22 -44
      vertex -87.5 11 -26.5
    endloop
  endfacet
  facet normal 1 0 0
    outer loop
      vertex -87.5 22 -44
      vertex -87.5 11 26.5
      vertex -87.5 11 -26.5
    endloop
  endfacet
  facet normal 0 0 1
    outer loop
      vertex -44.3 -2.85 -55
      vertex -40.7 -0.1499999999999999 -55
      vertex -44.3 -0.1499999999999999 -55
    endloop
  endfacet
  facet normal 0 0 1
    outer loop
      vertex -38.3 -2.85 -55
      vertex -34.7 -0.1499999999999999 -55
      vertex -38.3 -0.1499999999999999 -55
    endloop
  endfacet
  facet normal 0 0 1
    outer loop
      vertex -32.3 -2.85 -55
      vertex -28.7 -0.1499999999999999 -55
      vertex -32.3 -0.1499999999999999 -55
    endloop
  endfacet
  facet normal 0 0 1
    outer loop
      vertex -26.3 -2.85 -55
      vertex -22.7 -0.1499999999999999 -55
      vertex -26.3 -0.1499999999999999 -55
    endloop
  endfacet
  facet normal 0 0 1
    outer loop
      vertex -20.3 -2.85 -55
      vertex -16.7 -0.1499999999999999 -55
      vertex -20.3 -0.1499999999999999 -55
    endloop
  endfacet
  facet normal 0 0 1
    outer loop
      vertex -14.3 -2.85 -55
      vertex -10.7 -0.1499999999999999 -55
      vertex -14.3 -0.1499999999999999 -55
    endloop
  endfacet
  facet normal 0 0 1
    outer loop
      vertex -8.3 -2.85 -55
      vertex -4.7 -0.1499999999999999 -55
      vertex -8.3 -0.1499999999999999 -55
    endloop
  endfacet
  facet normal 0 0 1
    outer loop
      vertex -2.3 -2.85 -55
      vertex 1.3 -0.1499999999999999 -55
      vertex -2.3 -0.1499999999999999 -55
    endloop
  endfacet
  facet normal 0 0 1
    outer loop
      vertex -76.5 14 -55
      vertex -34.7 -0.1499999999999999 -55
      vertex 76.5 14 -55
    endloop
  endfacet
  facet normal 0 0 1
    outer loop
      vertex -76.5 14 -55
      vertex 76.5 14 -55
      vertex -76.5 22 -55
    endloop
  endfacet
  facet normal 1 0 0
    outer loop
      vertex -87.5 -22.5 55
      vertex -87.5 14 44
      vertex -87.5 14 55
    endloop
  endfacet
  facet normal 1 0 0
    outer loop
      vertex -87.5 -11 26.5
      vertex -87.5 11 26.5
      vertex -87.5 14 44
    endloop
  endfacet
  facet normal 0 0 -1
    outer loop
      vertex -66.75 -5.85 55
      vertex -76.5 14 55
      vertex -66.75 11.65 55
    endloop
  endfacet
  facet normal 0 0 -1
    outer loop
      vertex -66.75 -5.85 55
      vertex -87.5 14 55
      vertex -76.5 14 55
    endloop
  endfacet
  facet normal 0 0 -1
    outer loop
      vertex -49.5 -13.1 55
      vertex -51.25 11.65 55
      vertex -49.5 18.9 55
    endloop
  endfacet
  facet normal 1 0 0
    outer loop
      vertex -87.5 22 -44
      vertex -87.5 22 44
      vertex -87.5 11 26.5
    endloop
  endfacet
  facet normal 1 0 0
    outer loop
      vertex -87.5 11 26.5
      vertex -87.5 22 44
      vertex -87.5 14 44
    endloop
  endfacet
  facet normal 0 0 -1
    outer loop
      vertex -76.5 14 55
      vertex -49.5 18.9 55
      vertex -66.75 11.65 55
    endloop
  endfacet
  facet normal 0 0 -1
    outer loop
      vertex -66.75 11.65 55
      vertex -49.5 18.9 55
      vertex -51.25 11.65 55
    endloop
  endfacet
  facet normal 0 0 -1
    outer loop
      vertex -76.5 14 55
      vertex -76.5 22 55
      vertex -49.5 18.9 55
    endloop
  endfacet
  facet normal 0 0 -1
    outer loop
      vertex -76.5 22 55
      vertex -32.5 18.9 55
      vertex -49.5 18.9 55
    endloop
  endfacet
  facet normal 0 0 -1
    outer loop
      vertex -32.5 -13.1 55
      vertex -32.5 18.9 55
      vertex -27 -5.65 55
    endloop
  endfacet
  facet normal 0 0 -1
    outer loop
      vertex -27 -5.65 55
      vertex -32.5 18.9 55
      vertex -27 12.85 55
    endloop
  endfacet
  facet normal 0 0 -1
    outer loop
      vertex -21 -5.65 55
      vertex -21 12.85 55
      vertex -15.5 -5.9 55
    endloop
  endfacet
  facet normal 0 0 -1
    outer loop
      vertex -15.5 -5.9 55
      vertex -21 12.85 55
      vertex -15.5 9.1 55
    endloop
  endfacet
  facet normal 0 0 -1
    outer loop
      vertex -15.5 9.1 55
      vertex 8.6 12 55
      vertex 1.5 9.1 55
    endloop
  endfacet
  facet normal 0 0 -1
    outer loop
      vertex -76.5 22 55
      vertex -8.6 20 55
      vertex -32.5 18.9 55
    endloop
  endfacet
  facet normal 0 0 -1
    outer loop
      vertex -27 12.85 55
      vertex -32.5 18.9 55
      vertex -8.6 20 55
    endloop
  endfacet
  facet normal 0 0 -1
    outer loop
      vertex -76.5 22 55
      vertex 8.6 20 55
      vertex -8.6 20 55
    endloop
  endfacet
  facet normal 0 0 -1
    outer loop
      vertex -15.5 9.1 55
      vertex -21 12.85 55
      vertex -8.6 12 55
    endloop
  endfacet
  facet normal 0 0 -1
    outer loop
      vertex -27 12.85 55
      vertex -8.6 20 55
      vertex -21 12.85 55
    endloop
  endfacet
  facet normal 0 0 -1
    outer loop
      vertex -21 12.85 55
      vertex -8.6 20 55
      vertex -8.6 12 55
    endloop
  endfacet
  facet normal 0 0 -1
    outer loop
      vertex -15.5 9.1 55
      vertex -8.6 12 55
      vertex 8.6 12 55
    endloop
  endfacet
  facet normal 0 1 0
    outer loop
      vertex -87.5 -22.5 -55
      vertex 33.7 -22.5 -1.35
      vertex 87.5 -22.5 -55
    endloop
  endfacet
  facet normal 0 0 1
    outer loop
      vertex -87.5 -22.5 -55
      vertex 87.5 -22.5 -55
      vertex 51.7 -2.85 -55
    endloop
  endfacet
  facet normal 0 1 0
    outer loop
      vertex 3.7 -22.5 -1.35
      vertex 3.7 -22.5 1.35
      vertex 7.3 -22.5 -1.35
    endloop
  endfacet
  facet normal 0 1 0
    outer loop
      vertex 9.7 -22.5 -1.35
      vertex 9.7 -22.5 1.35
      vertex 13.3 -22.5 -1.35
    endloop
  endfacet
  facet normal 0 1 0
    outer loop
      vertex 15.7 -22.5 -1.35
      vertex 15.7 -22.5 1.35
      vertex 19.3 -22.5 -1.35
    endloop
  endfacet
  facet normal 0 1 0
    outer loop
      vertex 21.7 -22.5 -1.35
      vertex 21.7 -22.5 1.35
      vertex 25.3 -22.5 -1.35
    endloop
  endfacet
  facet normal 0 1 0
    outer loop
      vertex 27.7 -22.5 -1.35
      vertex 27.7 -22.5 1.35
      vertex 31.3 -22.5 -1.35
    endloop
  endfacet
  facet normal 0 1 0
    outer loop
      vertex 33.7 -22.5 -1.35
      vertex 33.7 -22.5 1.35
      vertex 37.3 -22.5 -1.35
    endloop
  endfacet
  facet normal 0 1 0
    outer loop
      vertex 39.7 -22.5 -1.35
      vertex 39.7 -22.5 1.35
      vertex 43.3 -22.5 -1.35
    endloop
  endfacet
  facet normal 0 0 1
    outer loop
      vertex -87.5 -22.5 -55
      vertex 45.7 -2.85 -55
      vertex 43.3 -2.85 -55
    endloop
  endfacet
  facet normal 0 0 1
    outer loop
      vertex -87.5 -22.5 -55
      vertex 49.3 -2.85 -55
      vertex 45.7 -2.85 -55
    endloop
  endfacet
  facet normal 0 0 1
    outer loop
      vertex -87.5 -22.5 -55
      vertex 51.7 -2.85 -55
      vertex 49.3 -2.85 -55
    endloop
  endfacet
  facet normal 0 0 1
    outer loop
      vertex -2.3 -2.85 -55
      vertex 1.3 -2.85 -55
      vertex 1.3 -0.1499999999999999 -55
    endloop
  endfacet
  facet normal 0 0 1
    outer loop
      vertex 3.7 -2.85 -55
      vertex 7.3 -2.85 -55
      vertex 7.3 -0.1499999999999999 -55
    endloop
  endfacet
  facet normal 0 0 1
    outer loop
      vertex 9.7 -2.85 -55
      vertex 13.3 -2.85 -55
      vertex 13.3 -0.1499999999999999 -55
    endloop
  endfacet
  facet normal 0 0 1
    outer loop
      vertex 15.7 -2.85 -55
      vertex 19.3 -2.85 -55
      vertex 19.3 -0.1499999999999999 -55
    endloop
  endfacet
  facet normal 0 0 1
    outer loop
      vertex 21.7 -2.85 -55
      vertex 25.3 -2.85 -55
      vertex 25.3 -0.1499999999999999 -55
    endloop
  endfacet
  facet normal 0 0 1
    outer loop
      vertex 27.7 -2.85 -55
      vertex 31.3 -2.85 -55
      vertex 31.3 -0.1499999999999999 -55
    endloop
  endfacet
  facet normal 0 0 1
    outer loop
      vertex 33.7 -2.85 -55
      vertex 37.3 -2.85 -55
      vertex 37.3 -0.1499999999999999 -55
    endloop
  endfacet
  facet normal 0 0 1
    outer loop
      vertex 39.7 -2.85 -55
      vertex 43.3 -2.85 -55
      vertex 43.3 -0.1499999999999999 -55
    endloop
  endfacet
  facet normal 0 1 0
    outer loop
      vertex 37.3 -22.5 -1.35
      vertex 67.17157287525382 -22.5 -32.82842712474619
      vertex 87.5 -22.5 -55
    endloop
  endfacet
  facet normal 0 1 0
    outer loop
      vertex 87.5 -22.5 -55
      vertex 67.17157287525382 -22.5 -32.82842712474619
      vertex 67.7777190679216 -22.5 -33.32587844921018
    endloop
  endfacet
  facet normal 0 1 0
    outer loop
      vertex 87.5 -22.5 -55
      vertex 67.7777190679216 -22.5 -33.32587844921018
      vertex 68.46926627053963 -22.5 -33.695518130045144
    endloop
  endfacet
  facet normal 0 1 0
    outer loop
      vertex 87.5 -22.5 -55
      vertex 68.46926627053963 -22.5 -33.695518130045144
      vertex 69.21963871193549 -22.5 -33.92314112161292
    endloop
  endfacet
  facet normal 0 1 0
    outer loop
      vertex 87.5 -22.5 -55
      vertex 69.21963871193549 -22.5 -33.92314112161292
      vertex 70 -22.5 -34
    endloop
  endfacet
  facet normal 0 1 0
    outer loop
      vertex 87.5 -22.5 -55
      vertex 70 -22.5 -34
      vertex 70.78036128806451 -22.5 -33.92314112161292
    endloop
  endfacet
  facet normal 0 1 0
    outer loop
      vertex 87.5 -22.5 -55
      vertex 70.78036128806451 -22.5 -33.92314112161292
      vertex 71.53073372946037 -22.5 -33.695518130045144
    endloop
  endfacet
  facet normal 0 1 0
    outer loop
      vertex 87.5 -22.5 -55
      vertex 71.53073372946037 -22.5 -33.695518130045144
      vertex 72.2222809320784 -22.5 -33.32587844921018
    endloop
  endfacet
  facet normal 0 1 0
    outer loop
      vertex 87.5 -22.5 -55
      vertex 72.2222809320784 -22.5 -33.32587844921018
      vertex 72.82842712474618 -22.5 -32.82842712474619
    endloop
  endfacet
  facet normal 0 1 0
    outer loop
      vertex 87.5 -22.5 -55
      vertex 72.82842712474618 -22.5 -32.82842712474619
      vertex 73.32587844921018 -22.5 -32.222280932078405
    endloop
  endfacet
  facet normal 0 1 0
    outer loop
      vertex 87.5 -22.5 -55
      vertex 73.32587844921018 -22.5 -32.222280932078405
      vertex 73.69551813004514 -22.5 -31.53073372946036
    endloop
  endfacet
  facet normal 0 1 0
    outer loop
      vertex 87.5 -22.5 -55
      vertex 73.69551813004514 -22.5 -31.53073372946036
      vertex 73.92314112161293 -22.5 -30.780361288064512
    endloop
  endfacet
  facet normal 0 1 0
    outer loop
      vertex 87.5 -22.5 -55
      vertex 73.92314112161293 -22.5 -30.780361288064512
      vertex 74 -22.5 -30
    endloop
  endfacet
  facet normal 0 1 0
    outer loop
      vertex 87.5 -22.5 -55
      vertex 74 -22.5 -30
      vertex 73.92314112161293 -22.5 -29.219638711935488
    endloop
  endfacet
  facet normal 0 1 0
    outer loop
      vertex 87.5 -22.5 -55
      vertex 73.92314112161293 -22.5 -29.219638711935488
      vertex 73.69551813004514 -22.5 -28.46926627053964
    endloop
  endfacet
  facet normal 0 1 0
    outer loop
      vertex 69.33331572037648 -22.5 -30.997763534763052
      vertex 69.15147186257614 -22.5 -30.848528137423855
      vertex 70.23410838641935 -22.5 -31.176942336483876
    endloop
  endfacet
  facet normal 0 1 0
    outer loop
      vertex 69.00223646523695 -22.5 -30.666684279623524
      vertex 70.4592201188381 -22.5 -31.108655439013543
      vertex 69.15147186257614 -22.5 -30.848528137423855
    endloop
  endfacet
  facet normal 0 1 0
    outer loop
      vertex 68.89134456098645 -22.5 -30.459220118838108
      vertex 68.82305766351612 -22.5 -30.234108386419354
      vertex 70.4592201188381 -22.5 -31.108655439013543
    endloop
  endfacet
  facet normal 0 1 0
    outer loop
      vertex 69.00223646523695 -22.5 -30.666684279623524
      vertex 68.89134456098645 -22.5 -30.459220118838108
      vertex 70.4592201188381 -22.5 -31.108655439013543
    endloop
  endfacet
  facet normal 0 1 0
    outer loop
      vertex 69.33331572037648 -22.5 -30.997763534763052
      vertex 70.23410838641935 -22.5 -31.176942336483876
      vertex 69.5407798811619 -22.5 -31.108655439013543
    endloop
  endfacet
  facet normal 0 1 0
    outer loop
      vertex 69.5407798811619 -22.5 -31.108655439013543
      vertex 70.23410838641935 -22.5 -31.176942336483876
      vertex 69.76589161358065 -22.5 -31.176942336483876
    endloop
  endfacet
  facet normal 0 1 0
    outer loop
      vertex 69.15147186257614 -22.5 -30.848528137423855
      vertex 70.4592201188381 -22.5 -31.108655439013543
      vertex 70.23410838641935 -22.5 -31.176942336483876
    endloop
  endfacet
  facet normal 0 1 0
    outer loop
      vertex 69.76589161358065 -22.5 -31.176942336483876
      vertex 70.23410838641935 -22.5 -31.176942336483876
      vertex 70 -22.5 -31.2
    endloop
  endfacet
  facet normal 0 1 0
    outer loop
      vertex 68.82305766351612 -22.5 -30.234108386419354
      vertex 68.8 -22.5 -30
      vertex 70.4592201188381 -22.5 -31.108655439013543
    endloop
  endfacet
  facet normal 0 1 0
    outer loop
      vertex 68.8 -22.5 -30
      vertex 68.82305766351612 -22.5 -29.765891613580646
      vertex 70.4592201188381 -22.5 -31.108655439013543
    endloop
  endfacet
  facet normal 0 1 0
    outer loop
      vertex 68.82305766351612 -22.5 -29.765891613580646
      vertex 68.89134456098645 -22.5 -29.540779881161892
      vertex 70.4592201188381 -22.5 -31.108655439013543
    endloop
  endfacet
  facet normal 0 1 0
    outer loop
      vertex 68.89134456098645 -22.5 -29.540779881161892
      vertex 69.00223646523695 -22.5 -29.333315720376476
      vertex 70.4592201188381 -22.5 -31.108655439013543
    endloop
  endfacet
  facet normal 0 1 0
    outer loop
      vertex 69.15147186257614 -22.5 -29.151471862576145
      vertex 70.4592201188381 -22.5 -31.108655439013543
      vertex 69.00223646523695 -22.5 -29.333315720376476
    endloop
  endfacet
  facet normal 0 1 0
    outer loop
      vertex 69.15147186257614 -22.5 -29.151471862576145
      vertex 70.66668427962352 -22.5 -30.997763534763052
      vertex 70.4592201188381 -22.5 -31.108655439013543
    endloop
  endfacet
  facet normal 0 1 0
    outer loop
      vertex 69.15147186257614 -22.5 -29.151471862576145
      vertex 70.84852813742386 -22.5 -30.848528137423855
      vertex 70.66668427962352 -22.5 -30.997763534763052
    endloop
  endfacet
  facet normal 0 1 0
    outer loop
      vertex 69.15147186257614 -22.5 -29.151471862576145
      vertex 69.33331572037648 -22.5 -29.002236465236948
      vertex 70.84852813742386 -22.5 -30.848528137423855
    endloop
  endfacet
  facet normal 0 1 0
    outer loop
      vertex 70.84852813742386 -22.5 -30.848528137423855
      vertex 69.33331572037648 -22.5 -29.002236465236948
      vertex 69.5407798811619 -22.5 -28.891344560986457
    endloop
  endfacet
  facet normal 0 1 0
    outer loop
      vertex 70.84852813742386 -22.5 -30.848528137423855
      vertex 69.5407798811619 -22.5 -28.891344560986457
      vertex 69.76589161358065 -22.5 -28.823057663516124
    endloop
  endfacet
  facet normal 0 1 0
    outer loop
      vertex 70.99776353476305 -22.5 -30.666684279623524
      vertex 69.76589161358065 -22.5 -28.823057663516124
      vertex 70 -22.5 -28.8
    endloop
  endfacet
  facet normal 0 1 0
    outer loop
      vertex 70.84852813742386 -22.5 -30.848528137423855
      vertex 69.76589161358065 -22.5 -28.823057663516124
      vertex 70.99776353476305 -22.5 -30.666684279623524
    endloop
  endfacet
  facet normal 0 1 0
    outer loop
      vertex 70.99776353476305 -22.5 -30.666684279623524
      vertex 70 -22.5 -28.8
      vertex 71.10865543901355 -22.5 -30.459220118838108
    endloop
  endfacet
  facet normal 0 1 0
    outer loop
      vertex 71.10865543901355 -22.5 -30.459220118838108
      vertex 70.23410838641935 -22.5 -28.823057663516124
      vertex 71.17694233648388 -22.5 -30.234108386419354
    endloop
  endfacet
  facet normal 0 1 0
    outer loop
      vertex 71.17694233648388 -22.5 -30.234108386419354
      vertex 70.23410838641935 -22.5 -28.823057663516124
      vertex 71.2 -22.5 -30
    endloop
  endfacet
  facet normal 0 1 0
    outer loop
      vertex 70.23410838641935 -22.5 -28.823057663516124
      vertex 71.10865543901355 -22.5 -30.459220118838108
      vertex 70 -22.5 -28.8
    endloop
  endfacet
  facet normal 0 1 0
    outer loop
      vertex 71.2 -22.5 -30
      vertex 70.23410838641935 -22.5 -28.823057663516124
      vertex 71.17694233648388 -22.5 -29.765891613580646
    endloop
  endfacet
  facet normal 0 1 0
    outer loop
      vertex 70.23410838641935 -22.5 -28.823057663516124
      vertex 70.99776353476305 -22.5 -29.333315720376476
      vertex 71.10865543901355 -22.5 -29.540779881161892
    endloop
  endfacet
  facet normal 0 1 0
    outer loop
      vertex 70.23410838641935 -22.5 -28.823057663516124
      vertex 71.10865543901355 -22.5 -29.540779881161892
      vertex 71.17694233648388 -22.5 -29.765891613580646
    endloop
  endfacet
  facet normal 0 1 0
    outer loop
      vertex 70.4592201188381 -22.5 -28.891344560986457
      vertex 70.66668427962352 -22.5 -29.002236465236948
      vertex 70.84852813742386 -22.5 -29.151471862576145
    endloop
  endfacet
  facet normal 0 1 0
    outer loop
      vertex 70.23410838641935 -22.5 -28.823057663516124
      vertex 70.4592201188381 -22.5 -28.891344560986457
      vertex 70.84852813742386 -22.5 -29.151471862576145
    endloop
  endfacet
  facet normal 0 1 0
    outer loop
      vertex 70.23410838641935 -22.5 -28.823057663516124
      vertex 70.84852813742386 -22.5 -29.151471862576145
      vertex 70.99776353476305 -22.5 -29.333315720376476
    endloop
  endfacet
  facet normal 0 1 0
    outer loop
      vertex 33.7 -22.5 -1.35
      vertex 37.3 -22.5 -1.35
      vertex 87.5 -22.5 -55
    endloop
  endfacet
  facet normal 0 1 0
    outer loop
      vertex 37.3 -22.5 -1.35
      vertex 66.30448186995486 -22.5 -31.53073372946036
      vertex 66.67412155078982 -22.5 -32.222280932078405
    endloop
  endfacet
  facet normal 0 1 0
    outer loop
      vertex 37.3 -22.5 -1.35
      vertex 66.67412155078982 -22.5 -32.222280932078405
      vertex 67.17157287525382 -22.5 -32.82842712474619
    endloop
  endfacet
  facet normal 0 1 0
    outer loop
      vertex 43.3 -22.5 -1.35
      vertex 66.07685887838707 -22.5 -30.780361288064512
      vertex 66.30448186995486 -22.5 -31.53073372946036
    endloop
  endfacet
  facet normal 0 1 0
    outer loop
      vertex 43.3 -22.5 -1.35
      vertex 66 -22.5 -30
      vertex 66.07685887838707 -22.5 -30.780361288064512
    endloop
  endfacet
  facet normal 0 1 0
    outer loop
      vertex 43.3 -22.5 -1.35
      vertex 66.07685887838707 -22.5 -29.219638711935488
      vertex 66 -22.5 -30
    endloop
  endfacet
  facet normal 0 1 0
    outer loop
      vertex 45.7 -22.5 -1.35
      vertex 66.30448186995486 -22.5 -28.46926627053964
      vertex 66.07685887838707 -22.5 -29.219638711935488
    endloop
  endfacet
  facet normal 0 1 0
    outer loop
      vertex 49.3 -22.5 -1.35
      vertex 66.67412155078982 -22.5 -27.77771906792159
      vertex 66.30448186995486 -22.5 -28.46926627053964
    endloop
  endfacet
  facet normal 0 1 0
    outer loop
      vertex 49.3 -22.5 -1.35
      vertex 67.17157287525382 -22.5 -27.17157287525381
      vertex 66.67412155078982 -22.5 -27.77771906792159
    endloop
  endfacet
  facet normal 0 1 0
    outer loop
      vertex 51.7 -22.5 -1.35
      vertex 67.7777190679216 -22.5 -26.67412155078982
      vertex 67.17157287525382 -22.5 -27.17157287525381
    endloop
  endfacet
  facet normal 0 1 0
    outer loop
      vertex 55.3 -22.5 -1.35
      vertex 68.46926627053963 -22.5 -26.304481869954852
      vertex 67.7777190679216 -22.5 -26.67412155078982
    endloop
  endfacet
  facet normal 0 1 0
    outer loop
      vertex 55.3 -22.5 -1.35
      vertex 69.21963871193549 -22.5 -26.07685887838708
      vertex 68.46926627053963 -22.5 -26.304481869954852
    endloop
  endfacet
  facet normal 0 1 0
    outer loop
      vertex 55.3 -22.5 -1.35
      vertex 70 -22.5 -26
      vertex 69.21963871193549 -22.5 -26.07685887838708
    endloop
  endfacet
  facet normal 0 1 0
    outer loop
      vertex 57.7 -22.5 -1.35
      vertex 70.78036128806451 -22.5 -26.07685887838708
      vertex 70 -22.5 -26
    endloop
  endfacet
  facet normal 0 1 0
    outer loop
      vertex 57.7 -22.5 -1.35
      vertex 71.53073372946037 -22.5 -26.304481869954852
      vertex 70.78036128806451 -22.5 -26.07685887838708
    endloop
  endfacet
  facet normal 0 1 0
    outer loop
      vertex 37.3 -22.5 -1.35
      vertex 39.7 -22.5 -1.35
      vertex 66.30448186995486 -22.5 -31.53073372946036
    endloop
  endfacet
  facet normal 0 1 0
    outer loop
      vertex 39.7 -22.5 -1.35
      vertex 43.3 -22.5 -1.35
      vertex 66.30448186995486 -22.5 -31.53073372946036
    endloop
  endfacet
  facet normal 0 1 0
    outer loop
      vertex 43.3 -22.5 -1.35
      vertex 45.7 -22.5 -1.35
      vertex 66.07685887838707 -22.5 -29.219638711935488
    endloop
  endfacet
  facet normal 0 1 0
    outer loop
      vertex 45.7 -22.5 -1.35
      vertex 49.3 -22.5 -1.35
      vertex 66.30448186995486 -22.5 -28.46926627053964
    endloop
  endfacet
  facet normal 0 1 0
    outer loop
      vertex 49.3 -22.5 -1.35
      vertex 51.7 -22.5 -1.35
      vertex 67.17157287525382 -22.5 -27.17157287525381
    endloop
  endfacet
  facet normal 0 1 0
    outer loop
      vertex 45.7 -22.5 -1.35
      vertex 45.7 -22.5 1.35
      vertex 49.3 -22.5 -1.35
    endloop
  endfacet
  facet normal 0 1 0
    outer loop
      vertex 51.7 -22.5 -1.35
      vertex 51.7 -22.5 1.35
      vertex 55.3 -22.5 -1.35
    endloop
  endfacet
  facet normal 0 1 0
    outer loop
      vertex 51.7 -22.5 -1.35
      vertex 55.3 -22.5 -1.35
      vertex 67.7777190679216 -22.5 -26.67412155078982
    endloop
  endfacet
  facet normal 0 1 0
    outer loop
      vertex 55.3 -22.5 -1.35
      vertex 57.7 -22.5 -1.35
      vertex 70 -22.5 -26
    endloop
  endfacet
  facet normal 0 1 0
    outer loop
      vertex 57.7 -22.5 -1.35
      vertex 61.3 -22.5 -1.35
      vertex 71.53073372946037 -22.5 -26.304481869954852
    endloop
  endfacet
  facet normal 0 1 0
    outer loop
      vertex 57.7 -22.5 -1.35
      vertex 57.7 -22.5 1.35
      vertex 61.3 -22.5 -1.35
    endloop
  endfacet
  facet normal 0 1 0
    outer loop
      vertex 87.5 -22.5 -55
      vertex 73.69551813004514 -22.5 -28.46926627053964
      vertex 61.3 -22.5 -1.35
    endloop
  endfacet
  facet normal 0 1 0
    outer loop
      vertex 61.3 -22.5 -1.35
      vertex 72.2222809320784 -22.5 -26.67412155078982
      vertex 71.53073372946037 -22.5 -26.304481869954852
    endloop
  endfacet
  facet normal 0 1 0
    outer loop
      vertex 61.3 -22.5 -1.35
      vertex 72.82842712474618 -22.5 -27.17157287525381
      vertex 72.2222809320784 -22.5 -26.67412155078982
    endloop
  endfacet
  facet normal 0 1 0
    outer loop
      vertex 61.3 -22.5 -1.35
      vertex 73.69551813004514 -22.5 -28.46926627053964
      vertex 73.32587844921018 -22.5 -27.77771906792159
    endloop
  endfacet
  facet normal 0 1 0
    outer loop
      vertex 61.3 -22.5 -1.35
      vertex 73.32587844921018 -22.5 -27.77771906792159
      vertex 72.82842712474618 -22.5 -27.17157287525381
    endloop
  endfacet
  facet normal 0 1 0
    outer loop
      vertex 87.5 -22.5 -55
      vertex 61.3 -22.5 -1.35
      vertex 63.7 -22.5 -1.35
    endloop
  endfacet
  facet normal 0 1 0
    outer loop
      vertex 87.5 -22.5 -55
      vertex 63.7 -22.5 -1.35
      vertex 63.7 -22.5 1.35
    endloop
  endfacet
  facet normal -1 0 0
    outer loop
      vertex 87.5 -22.5 -55
      vertex 87.5 -22.5 55
      vertex 87.5 -13.7 -35
    endloop
  endfacet
  facet normal 0 0 1
    outer loop
      vertex 87.5 -22.5 -55
      vertex 55.3 -2.85 -55
      vertex 51.7 -2.85 -55
    endloop
  endfacet
  facet normal 0 0 1
    outer loop
      vertex 87.5 -22.5 -55
      vertex 57.7 -2.85 -55
      vertex 55.3 -2.85 -55
    endloop
  endfacet
  facet normal 0 0 1
    outer loop
      vertex 45.7 -2.85 -55
      vertex 49.3 -2.85 -55
      vertex 49.3 -0.1499999999999999 -55
    endloop
  endfacet
  facet normal 0 0 1
    outer loop
      vertex 51.7 -2.85 -55
      vertex 55.3 -2.85 -55
      vertex 55.3 -0.1499999999999999 -55
    endloop
  endfacet
  facet normal 0 0 1
    outer loop
      vertex 57.7 -2.85 -55
      vertex 61.3 -2.85 -55
      vertex 61.3 -0.1499999999999999 -55
    endloop
  endfacet
  facet normal 0 0 1
    outer loop
      vertex 87.5 -22.5 -55
      vertex 61.3 -2.85 -55
      vertex 57.7 -2.85 -55
    endloop
  endfacet
  facet normal 0 0 1
    outer loop
      vertex 87.5 -22.5 -55
      vertex 63.7 -2.85 -55
      vertex 61.3 -2.85 -55
    endloop
  endfacet
  facet normal 0 0 1
    outer loop
      vertex 87.5 -22.5 -55
      vertex 63.7 -0.1499999999999999 -55
      vertex 63.7 -2.85 -55
    endloop
  endfacet
  facet normal -1 0 0
    outer loop
      vertex 87.5 -22.5 -55
      vertex 87.5 -13.7 -35
      vertex 87.5 14 -44
    endloop
  endfacet
  facet normal 0 0 1
    outer loop
      vertex 87.5 -22.5 -55
      vertex 87.5 14 -55
      vertex 63.7 -0.1499999999999999 -55
    endloop
  endfacet
  facet normal -1 0 0
    outer loop
      vertex 87.5 -13.7 -35
      vertex 87.5 -11.3 -35
      vertex 87.5 14 -44
    endloop
  endfacet
  facet normal -1 0 0
    outer loop
      vertex 87.5 -11.3 -35
      vertex 87.5 -11 -26.5
      vertex 87.5 14 -44
    endloop
  endfacet
  facet normal -1 0 0
    outer loop
      vertex 87.5 -11.3 -35
      vertex 87.5 -11.3 35
      vertex 87.5 -11 -26.5
    endloop
  endfacet
  facet normal 0 1 0
    outer loop
      vertex -2.3 -22.5 1.35
      vertex 1.3 -22.5 1.35
      vertex 1.3 -22.5 -1.35
    endloop
  endfacet
  facet normal 0 1 0
    outer loop
      vertex 7.3 -22.5 -1.35
      vertex 3.7 -22.5 1.35
      vertex 7.3 -22.5 1.35
    endloop
  endfacet
  facet normal 0 1 0
    outer loop
      vertex 13.3 -22.5 -1.35
      vertex 9.7 -22.5 1.35
      vertex 13.3 -22.5 1.35
    endloop
  endfacet
  facet normal 0 1 0
    outer loop
      vertex 19.3 -22.5 -1.35
      vertex 15.7 -22.5 1.35
      vertex 19.3 -22.5 1.35
    endloop
  endfacet
  facet normal 0 1 0
    outer loop
      vertex 25.3 -22.5 -1.35
      vertex 21.7 -22.5 1.35
      vertex 25.3 -22.5 1.35
    endloop
  endfacet
  facet normal 0 1 0
    outer loop
      vertex 31.3 -22.5 -1.35
      vertex 27.7 -22.5 1.35
      vertex 31.3 -22.5 1.35
    endloop
  endfacet
  facet normal 0 1 0
    outer loop
      vertex 37.3 -22.5 -1.35
      vertex 33.7 -22.5 1.35
      vertex 37.3 -22.5 1.35
    endloop
  endfacet
  facet normal 0 1 0
    outer loop
      vertex 43.3 -22.5 -1.35
      vertex 39.7 -22.5 1.35
      vertex 43.3 -22.5 1.35
    endloop
  endfacet
  facet normal 0 1 0
    outer loop
      vertex -2.3 -22.5 1.35
      vertex 87.5 -22.5 55
      vertex 1.3 -22.5 1.35
    endloop
  endfacet
  facet normal 0 1 0
    outer loop
      vertex 1.3 -22.5 1.35
      vertex 87.5 -22.5 55
      vertex 3.7 -22.5 1.35
    endloop
  endfacet
  facet normal 0 1 0
    outer loop
      vertex 3.7 -22.5 1.35
      vertex 87.5 -22.5 55
      vertex 7.3 -22.5 1.35
    endloop
  endfacet
  facet normal 0 1 0
    outer loop
      vertex 7.3 -22.5 1.35
      vertex 87.5 -22.5 55
      vertex 9.7 -22.5 1.35
    endloop
  endfacet
  facet normal 0 1 0
    outer loop
      vertex 9.7 -22.5 1.35
      vertex 87.5 -22.5 55
      vertex 13.3 -22.5 1.35
    endloop
  endfacet
  facet normal 0 1 0
    outer loop
      vertex 13.3 -22.5 1.35
      vertex 87.5 -22.5 55
      vertex 15.7 -22.5 1.35
    endloop
  endfacet
  facet normal 0 1 0
    outer loop
      vertex 15.7 -22.5 1.35
      vertex 87.5 -22.5 55
      vertex 19.3 -22.5 1.35
    endloop
  endfacet
  facet normal 0 1 0
    outer loop
      vertex 19.3 -22.5 1.35
      vertex 87.5 -22.5 55
      vertex 21.7 -22.5 1.35
    endloop
  endfacet
  facet normal 0 1 0
    outer loop
      vertex 21.7 -22.5 1.35
      vertex 87.5 -22.5 55
      vertex 25.3 -22.5 1.35
    endloop
  endfacet
  facet normal 0 1 0
    outer loop
      vertex -67.7777190679216 -22.5 46.67412155078982
      vertex 67.17157287525382 -22.5 47.17157287525381
      vertex 67.7777190679216 -22.5 46.67412155078982
    endloop
  endfacet
  facet normal 0 1 0
    outer loop
      vertex -67.17157287525382 -22.5 47.17157287525381
      vertex 66.67412155078982 -22.5 47.777719067921595
      vertex 67.17157287525382 -22.5 47.17157287525381
    endloop
  endfacet
  facet normal 0 1 0
    outer loop
      vertex -66.30448186995486 -22.5 48.46926627053964
      vertex 66.30448186995486 -22.5 48.46926627053964
      vertex 66.67412155078982 -22.5 47.777719067921595
    endloop
  endfacet
  facet normal 0 1 0
    outer loop
      vertex -66.07685887838707 -22.5 49.21963871193549
      vertex 66.07685887838707 -22.5 49.21963871193549
      vertex 66.30448186995486 -22.5 48.46926627053964
    endloop
  endfacet
  facet normal 0 1 0
    outer loop
      vertex -66 -22.5 50
      vertex 66 -22.5 50
      vertex 66.07685887838707 -22.5 49.21963871193549
    endloop
  endfacet
  facet normal 0 1 0
    outer loop
      vertex -66 -22.5 50
      vertex 66.07685887838707 -22.5 50.78036128806451
      vertex 66 -22.5 50
    endloop
  endfacet
  facet normal 0 1 0
    outer loop
      vertex -66.07685887838707 -22.5 50.78036128806451
      vertex 66.30448186995486 -22.5 51.53073372946036
      vertex 66.07685887838707 -22.5 50.78036128806451
    endloop
  endfacet
  facet normal 0 1 0
    outer loop
      vertex -66.30448186995486 -22.5 51.53073372946036
      vertex 66.67412155078982 -22.5 52.222280932078405
      vertex 66.30448186995486 -22.5 51.53073372946036
    endloop
  endfacet
  facet normal 0 1 0
    outer loop
      vertex -66.67412155078982 -22.5 52.222280932078405
      vertex 67.17157287525382 -22.5 52.82842712474619
      vertex 66.67412155078982 -22.5 52.222280932078405
    endloop
  endfacet
  facet normal 0 0 -1
    outer loop
      vertex -49.5 -13.1 55
      vertex -32.5 -13.1 55
      vertex 87.5 -22.5 55
    endloop
  endfacet
  facet normal 0 0 -1
    outer loop
      vertex -32.5 -13.1 55
      vertex 1.5 -5.9 55
      vertex 87.5 -22.5 55
    endloop
  endfacet
  facet normal 0 1 0
    outer loop
      vertex -69.21963871193549 -22.5 46.07685887838708
      vertex 68.46926627053963 -22.5 46.304481869954856
      vertex 69.21963871193549 -22.5 46.07685887838708
    endloop
  endfacet
  facet normal 0 1 0
    outer loop
      vertex -68.46926627053963 -22.5 46.304481869954856
      vertex 67.7777190679216 -22.5 46.67412155078982
      vertex 68.46926627053963 -22.5 46.304481869954856
    endloop
  endfacet
  facet normal 0 1 0
    outer loop
      vertex -67.17157287525382 -22.5 52.82842712474619
      vertex 67.7777190679216 -22.5 53.32587844921018
      vertex 67.17157287525382 -22.5 52.82842712474619
    endloop
  endfacet
  facet normal 0 1 0
    outer loop
      vertex -67.7777190679216 -22.5 53.32587844921018
      vertex 68.46926627053963 -22.5 53.695518130045144
      vertex 67.7777190679216 -22.5 53.32587844921018
    endloop
  endfacet
  facet normal 0 1 0
    outer loop
      vertex -68.46926627053963 -22.5 53.695518130045144
      vertex 69.21963871193549 -22.5 53.92314112161292
      vertex 68.46926627053963 -22.5 53.695518130045144
    endloop
  endfacet
  facet normal 0 1 0
    outer loop
      vertex -69.21963871193549 -22.5 53.92314112161292
      vertex 70 -22.5 54
      vertex 69.21963871193549 -22.5 53.92314112161292
    endloop
  endfacet
  facet normal 0 1 0
    outer loop
      vertex 87.5 -22.5 55
      vertex 70 -22.5 54
      vertex -70 -22.5 54
    endloop
  endfacet
  facet normal 0 0 -1
    outer loop
      vertex 1.5 -5.9 55
      vertex 4.5 -5.9 55
      vertex 87.5 -22.5 55
    endloop
  endfacet
  facet normal 0 0 -1
    outer loop
      vertex 4.5 -5.9 55
      vertex 21.5 -5.9 55
      vertex 87.5 -22.5 55
    endloop
  endfacet
  facet normal 0 0 -1
    outer loop
      vertex 21.5 -5.9 55
      vertex 24.525126265847085 -5.7748737341529175 55
      vertex 25.055504184431392 -6.21014364305891 55
    endloop
  endfacet
  facet normal 0 0 -1
    outer loop
      vertex 21.5 -5.9 55
      vertex 25.660607986722187 -6.533578363789504 55
      vertex 26.317183872943552 -6.732748481411307 55
    endloop
  endfacet
  facet normal 0 0 -1
    outer loop
      vertex 21.5 -5.9 55
      vertex 25.055504184431392 -6.21014364305891 55
      vertex 25.660607986722187 -6.533578363789504 55
    endloop
  endfacet
  facet normal 0 0 -1
    outer loop
      vertex 21.5 -5.9 55
      vertex 24.08985635694109 -5.244495815568609 55
      vertex 24.525126265847085 -5.7748737341529175 55
    endloop
  endfacet
  facet normal 0 0 -1
    outer loop
      vertex 21.5 -5.9 55
      vertex 23.766421636210495 -4.639392013277815 55
      vertex 24.08985635694109 -5.244495815568609 55
    endloop
  endfacet
  facet normal 0 0 -1
    outer loop
      vertex 21.5 -5.9 55
      vertex 23.567251518588694 -3.9828161270564495 55
      vertex 23.766421636210495 -4.639392013277815 55
    endloop
  endfacet
  facet normal 0 0 -1
    outer loop
      vertex 28.339392013277813 -6.533578363789504 55
      vertex 28.944495815568608 -6.21014364305891 55
      vertex 42.5 -5.65 55
    endloop
  endfacet
  facet normal 0 0 -1
    outer loop
      vertex 28.944495815568608 -6.21014364305891 55
      vertex 29.474873734152915 -5.7748737341529175 55
      vertex 42.5 -5.65 55
    endloop
  endfacet
  facet normal 0 0 -1
    outer loop
      vertex 29.474873734152915 -5.7748737341529175 55
      vertex 29.91014364305891 -5.244495815568609 55
      vertex 35.8055372087255 -4.339337015378183 55
    endloop
  endfacet
  facet normal 0 0 -1
    outer loop
      vertex 29.91014364305891 -5.244495815568609 55
      vertex 30.233578363789505 -4.639392013277815 55
      vertex 35.616116523516816 -4.183883476483185 55
    endloop
  endfacet
  facet normal 0 0 -1
    outer loop
      vertex 21.5 -5.9 55
      vertex 23.5 -3.3000000000000007 55
      vertex 23.567251518588694 -3.9828161270564495 55
    endloop
  endfacet
  facet normal 0 0 -1
    outer loop
      vertex 30.233578363789505 -4.639392013277815 55
      vertex 30.432748481411306 -3.9828161270564495 55
      vertex 35.345150584360894 -3.778354290456363 55
    endloop
  endfacet
  facet normal 0 0 -1
    outer loop
      vertex 30.233578363789505 -4.639392013277815 55
      vertex 35.345150584360894 -3.778354290456363 55
      vertex 35.46066298462182 -3.994462791274503 55
    endloop
  endfacet
  facet normal 0 0 -1
    outer loop
      vertex 30.432748481411306 -3.9828161270564495 55
      vertex 35.274018399495965 -3.543862902520161 55
      vertex 35.345150584360894 -3.778354290456363 55
    endloop
  endfacet
  facet normal 0 0 -1
    outer loop
      vertex 30.432748481411306 -3.9828161270564495 55
      vertex 30.5 -3.3000000000000007 55
      vertex 35.274018399495965 -3.543862902520161 55
    endloop
  endfacet
  facet normal 0 0 -1
    outer loop
      vertex 30.5 -3.3000000000000007 55
      vertex 30.432748481411306 -2.617183872943552 55
      vertex 35.25 -3.3000000000000007 55
    endloop
  endfacet
  facet normal 0 0 -1
    outer loop
      vertex 30.5 -3.3000000000000007 55
      vertex 35.25 -3.3000000000000007 55
      vertex 35.274018399495965 -3.543862902520161 55
    endloop
  endfacet
  facet normal 0 0 -1
    outer loop
      vertex 30.432748481411306 -2.617183872943552 55
      vertex 35.274018399495965 -3.0561370974798403 55
      vertex 35.25 -3.3000000000000007 55
    endloop
  endfacet
  facet normal 0 0 -1
    outer loop
      vertex 30.432748481411306 -2.617183872943552 55
      vertex 30.233578363789505 -1.9606079867221864 55
      vertex 35.345150584360894 -2.8216457095436382 55
    endloop
  endfacet
  facet normal 0 0 -1
    outer loop
      vertex 30.432748481411306 -2.617183872943552 55
      vertex 35.345150584360894 -2.8216457095436382 55
      vertex 35.274018399495965 -3.0561370974798403 55
    endloop
  endfacet
  facet normal 0 0 -1
    outer loop
      vertex 30.233578363789505 -1.9606079867221864 55
      vertex 35.46066298462182 -2.605537208725498 55
      vertex 35.345150584360894 -2.8216457095436382 55
    endloop
  endfacet
  facet normal 0 0 -1
    outer loop
      vertex 30.233578363789505 -1.9606079867221864 55
      vertex 29.91014364305891 -1.355504184431393 55
      vertex 35.616116523516816 -2.4161165235168163 55
    endloop
  endfacet
  facet normal 0 0 -1
    outer loop
      vertex 36.02164570954364 -2.1451505843608922 55
      vertex 28.944495815568608 -0.3898563569410922 55
      vertex 36.25613709747984 -2.0740183994959627 55
    endloop
  endfacet
  facet normal 0 0 -1
    outer loop
      vertex 29.474873734152915 -5.7748737341529175 55
      vertex 36.25613709747984 -4.525981600504039 55
      vertex 42.5 -5.65 55
    endloop
  endfacet
  facet normal 0 0 -1
    outer loop
      vertex 29.474873734152915 -5.7748737341529175 55
      vertex 36.02164570954364 -4.454849415639109 55
      vertex 36.25613709747984 -4.525981600504039 55
    endloop
  endfacet
  facet normal 0 0 -1
    outer loop
      vertex 29.474873734152915 -5.7748737341529175 55
      vertex 35.8055372087255 -4.339337015378183 55
      vertex 36.02164570954364 -4.454849415639109 55
    endloop
  endfacet
  facet normal 0 0 -1
    outer loop
      vertex 29.91014364305891 -5.244495815568609 55
      vertex 35.616116523516816 -4.183883476483185 55
      vertex 35.8055372087255 -4.339337015378183 55
    endloop
  endfacet
  facet normal 0 0 -1
    outer loop
      vertex 36.5 -4.550000000000001 55
      vertex 42.5 -5.65 55
      vertex 36.25613709747984 -4.525981600504039 55
    endloop
  endfacet
  facet normal 0 0 -1
    outer loop
      vertex 36.5 -4.550000000000001 55
      vertex 36.74386290252016 -4.525981600504039 55
      vertex 42.5 -5.65 55
    endloop
  endfacet
  facet normal 0 0 -1
    outer loop
      vertex 36.74386290252016 -4.525981600504039 55
      vertex 36.97835429045636 -4.454849415639109 55
      vertex 42.5 -5.65 55
    endloop
  endfacet
  facet normal 0 0 -1
    outer loop
      vertex 36.97835429045636 -4.454849415639109 55
      vertex 37.1944627912745 -4.339337015378183 55
      vertex 42.5 -5.65 55
    endloop
  endfacet
  facet normal 0 0 -1
    outer loop
      vertex 42.5 -5.65 55
      vertex 37.1944627912745 -4.339337015378183 55
      vertex 37.383883476483184 -4.183883476483185 55
    endloop
  endfacet
  facet normal 0 0 -1
    outer loop
      vertex 42.5 -5.65 55
      vertex 37.383883476483184 -4.183883476483185 55
      vertex 37.53933701537818 -3.994462791274503 55
    endloop
  endfacet
  facet normal 0 0 -1
    outer loop
      vertex 42.5 -5.65 55
      vertex 37.53933701537818 -3.994462791274503 55
      vertex 37.654849415639106 -3.778354290456363 55
    endloop
  endfacet
  facet normal 0 0 -1
    outer loop
      vertex 30.233578363789505 -4.639392013277815 55
      vertex 35.46066298462182 -3.994462791274503 55
      vertex 35.616116523516816 -4.183883476483185 55
    endloop
  endfacet
  facet normal 0 0 -1
    outer loop
      vertex 42.5 -5.65 55
      vertex 37.654849415639106 -3.778354290456363 55
      vertex 37.725981600504035 -3.543862902520161 55
    endloop
  endfacet
  facet normal 0 0 -1
    outer loop
      vertex 42.5 -5.65 55
      vertex 37.725981600504035 -3.543862902520161 55
      vertex 37.75 -3.3000000000000007 55
    endloop
  endfacet
  facet normal 0 0 -1
    outer loop
      vertex 30.233578363789505 -1.9606079867221864 55
      vertex 35.616116523516816 -2.4161165235168163 55
      vertex 35.46066298462182 -2.605537208725498 55
    endloop
  endfacet
  facet normal 0 0 -1
    outer loop
      vertex 35.616116523516816 -2.4161165235168163 55
      vertex 29.91014364305891 -1.355504184431393 55
      vertex 35.8055372087255 -2.260662984621819 55
    endloop
  endfacet
  facet normal 0 0 -1
    outer loop
      vertex 35.8055372087255 -2.260662984621819 55
      vertex 29.474873734152915 -0.8251262658470844 55
      vertex 36.02164570954364 -2.1451505843608922 55
    endloop
  endfacet
  facet normal 0 0 -1
    outer loop
      vertex 37.75 -3.3000000000000007 55
      vertex 37.725981600504035 -3.0561370974798403 55
      vertex 42.5 -1.1500000000000004 55
    endloop
  endfacet
  facet normal 0 0 -1
    outer loop
      vertex 37.725981600504035 -3.0561370974798403 55
      vertex 37.654849415639106 -2.8216457095436382 55
      vertex 42.5 -1.1500000000000004 55
    endloop
  endfacet
  facet normal 0 0 -1
    outer loop
      vertex 37.654849415639106 -2.8216457095436382 55
      vertex 37.53933701537818 -2.605537208725498 55
      vertex 42.5 -1.1500000000000004 55
    endloop
  endfacet
  facet normal 0 0 -1
    outer loop
      vertex 37.53933701537818 -2.605537208725498 55
      vertex 37.383883476483184 -2.4161165235168163 55
      vertex 42.5 -1.1500000000000004 55
    endloop
  endfacet
  facet normal 0 0 -1
    outer loop
      vertex 37.1944627912745 -2.260662984621819 55
      vertex 42.5 -1.1500000000000004 55
      vertex 37.383883476483184 -2.4161165235168163 55
    endloop
  endfacet
  facet normal 0 0 -1
    outer loop
      vertex 36.74386290252016 -2.0740183994959627 55
      vertex 42.5 -1.1500000000000004 55
      vertex 36.97835429045636 -2.1451505843608922 55
    endloop
  endfacet
  facet normal 0 0 -1
    outer loop
      vertex 37.1944627912745 -2.260662984621819 55
      vertex 36.97835429045636 -2.1451505843608922 55
      vertex 42.5 -1.1500000000000004 55
    endloop
  endfacet
  facet normal 0 0 -1
    outer loop
      vertex 42.5 -5.65 55
      vertex 37.75 -3.3000000000000007 55
      vertex 42.5 -1.1500000000000004 55
    endloop
  endfacet
  facet normal 0 1 0
    outer loop
      vertex 49.3 -22.5 -1.35
      vertex 45.7 -22.5 1.35
      vertex 49.3 -22.5 1.35
    endloop
  endfacet
  facet normal 0 1 0
    outer loop
      vertex 55.3 -22.5 -1.35
      vertex 51.7 -22.5 1.35
      vertex 55.3 -22.5 1.35
    endloop
  endfacet
  facet normal 0 1 0
    outer loop
      vertex 61.3 -22.5 -1.35
      vertex 57.7 -22.5 1.35
      vertex 61.3 -22.5 1.35
    endloop
  endfacet
  facet normal 0 1 0
    outer loop
      vertex 25.3 -22.5 1.35
      vertex 87.5 -22.5 55
      vertex 27.7 -22.5 1.35
    endloop
  endfacet
  facet normal 0 1 0
    outer loop
      vertex 27.7 -22.5 1.35
      vertex 87.5 -22.5 55
      vertex 31.3 -22.5 1.35
    endloop
  endfacet
  facet normal 0 1 0
    outer loop
      vertex 31.3 -22.5 1.35
      vertex 87.5 -22.5 55
      vertex 33.7 -22.5 1.35
    endloop
  endfacet
  facet normal 0 1 0
    outer loop
      vertex 33.7 -22.5 1.35
      vertex 87.5 -22.5 55
      vertex 37.3 -22.5 1.35
    endloop
  endfacet
  facet normal 0 1 0
    outer loop
      vertex 37.3 -22.5 1.35
      vertex 87.5 -22.5 55
      vertex 39.7 -22.5 1.35
    endloop
  endfacet
  facet normal 0 1 0
    outer loop
      vertex 39.7 -22.5 1.35
      vertex 87.5 -22.5 55
      vertex 43.3 -22.5 1.35
    endloop
  endfacet
  facet normal 0 1 0
    outer loop
      vertex 43.3 -22.5 1.35
      vertex 87.5 -22.5 55
      vertex 45.7 -22.5 1.35
    endloop
  endfacet
  facet normal 0 1 0
    outer loop
      vertex 45.7 -22.5 1.35
      vertex 87.5 -22.5 55
      vertex 49.3 -22.5 1.35
    endloop
  endfacet
  facet normal 0 1 0
    outer loop
      vertex 49.3 -22.5 1.35
      vertex 87.5 -22.5 55
      vertex 51.7 -22.5 1.35
    endloop
  endfacet
  facet normal 0 1 0
    outer loop
      vertex 51.7 -22.5 1.35
      vertex 87.5 -22.5 55
      vertex 55.3 -22.5 1.35
    endloop
  endfacet
  facet normal 0 1 0
    outer loop
      vertex 55.3 -22.5 1.35
      vertex 87.5 -22.5 55
      vertex 57.7 -22.5 1.35
    endloop
  endfacet
  facet normal 0 1 0
    outer loop
      vertex 87.5 -22.5 -55
      vertex 63.7 -22.5 1.35
      vertex 87.5 -22.5 55
    endloop
  endfacet
  facet normal 0 1 0
    outer loop
      vertex 57.7 -22.5 1.35
      vertex 87.5 -22.5 55
      vertex 61.3 -22.5 1.35
    endloop
  endfacet
  facet normal 0 1 0
    outer loop
      vertex 61.3 -22.5 1.35
      vertex 87.5 -22.5 55
      vertex 63.7 -22.5 1.35
    endloop
  endfacet
  facet normal -1 0 0
    outer loop
      vertex 87.5 -13.7 -35
      vertex 87.5 -22.5 55
      vertex 87.5 -13.7 35
    endloop
  endfacet
  facet normal 0 1 0
    outer loop
      vertex -2.3 -22.5 1.35
      vertex 69.21963871193549 -22.5 46.07685887838708
      vertex 70 -22.5 46
    endloop
  endfacet
  facet normal 0 1 0
    outer loop
      vertex -2.3 -22.5 1.35
      vertex 70 -22.5 46
      vertex 70.78036128806451 -22.5 46.07685887838708
    endloop
  endfacet
  facet normal 0 1 0
    outer loop
      vertex -2.3 -22.5 1.35
      vertex 70.78036128806451 -22.5 46.07685887838708
      vertex 71.53073372946037 -22.5 46.304481869954856
    endloop
  endfacet
  facet normal 0 1 0
    outer loop
      vertex -2.3 -22.5 1.35
      vertex 71.53073372946037 -22.5 46.304481869954856
      vertex 72.2222809320784 -22.5 46.67412155078982
    endloop
  endfacet
  facet normal 0 1 0
    outer loop
      vertex -2.3 -22.5 1.35
      vertex 72.2222809320784 -22.5 46.67412155078982
      vertex 87.5 -22.5 55
    endloop
  endfacet
  facet normal 0 1 0
    outer loop
      vertex 69.00223646523695 -22.5 49.333315720376476
      vertex 68.89134456098645 -22.5 49.54077988116189
      vertex 68.82305766351612 -22.5 49.76589161358065
    endloop
  endfacet
  facet normal 0 1 0
    outer loop
      vertex 69.33331572037648 -22.5 49.00223646523695
      vertex 68.82305766351612 -22.5 49.76589161358065
      vertex 69.5407798811619 -22.5 48.891344560986454
    endloop
  endfacet
  facet normal 0 1 0
    outer loop
      vertex 69.33331572037648 -22.5 49.00223646523695
      vertex 69.15147186257614 -22.5 49.151471862576145
      vertex 68.82305766351612 -22.5 49.76589161358065
    endloop
  endfacet
  facet normal 0 1 0
    outer loop
      vertex 68.82305766351612 -22.5 49.76589161358065
      vertex 69.76589161358065 -22.5 48.823057663516124
      vertex 69.5407798811619 -22.5 48.891344560986454
    endloop
  endfacet
  facet normal 0 1 0
    outer loop
      vertex 68.82305766351612 -22.5 49.76589161358065
      vertex 70 -22.5 48.8
      vertex 69.76589161358065 -22.5 48.823057663516124
    endloop
  endfacet
  facet normal 0 1 0
    outer loop
      vertex 68.82305766351612 -22.5 49.76589161358065
      vertex 70.23410838641935 -22.5 48.823057663516124
      vertex 70 -22.5 48.8
    endloop
  endfacet
  facet normal 0 1 0
    outer loop
      vertex 68.82305766351612 -22.5 49.76589161358065
      vertex 70.4592201188381 -22.5 48.891344560986454
      vertex 70.23410838641935 -22.5 48.823057663516124
    endloop
  endfacet
  facet normal 0 1 0
    outer loop
      vertex 68.82305766351612 -22.5 49.76589161358065
      vertex 70.66668427962352 -22.5 49.00223646523695
      vertex 70.4592201188381 -22.5 48.891344560986454
    endloop
  endfacet
  facet normal 0 1 0
    outer loop
      vertex 68.82305766351612 -22.5 49.76589161358065
      vertex 70.84852813742386 -22.5 49.151471862576145
      vertex 70.66668427962352 -22.5 49.00223646523695
    endloop
  endfacet
  facet normal 0 1 0
    outer loop
      vertex 69.00223646523695 -22.5 49.333315720376476
      vertex 68.82305766351612 -22.5 49.76589161358065
      vertex 69.15147186257614 -22.5 49.151471862576145
    endloop
  endfacet
  facet normal 0 1 0
    outer loop
      vertex 68.82305766351612 -22.5 49.76589161358065
      vertex 68.8 -22.5 50
      vertex 71.17694233648388 -22.5 50.23410838641935
    endloop
  endfacet
  facet normal 0 1 0
    outer loop
      vertex 68.8 -22.5 50
      vertex 68.82305766351612 -22.5 50.23410838641935
      vertex 71.17694233648388 -22.5 50.23410838641935
    endloop
  endfacet
  facet normal 0 1 0
    outer loop
      vertex 68.82305766351612 -22.5 49.76589161358065
      vertex 70.99776353476305 -22.5 49.333315720376476
      vertex 70.84852813742386 -22.5 49.151471862576145
    endloop
  endfacet
  facet normal 0 1 0
    outer loop
      vertex 68.82305766351612 -22.5 49.76589161358065
      vertex 71.10865543901355 -22.5 49.54077988116189
      vertex 70.99776353476305 -22.5 49.333315720376476
    endloop
  endfacet
  facet normal 0 1 0
    outer loop
      vertex 68.82305766351612 -22.5 49.76589161358065
      vertex 71.17694233648388 -22.5 49.76589161358065
      vertex 71.10865543901355 -22.5 49.54077988116189
    endloop
  endfacet
  facet normal 0 1 0
    outer loop
      vertex 68.82305766351612 -22.5 49.76589161358065
      vertex 71.2 -22.5 50
      vertex 71.17694233648388 -22.5 49.76589161358065
    endloop
  endfacet
  facet normal 0 1 0
    outer loop
      vertex 68.82305766351612 -22.5 49.76589161358065
      vertex 71.17694233648388 -22.5 50.23410838641935
      vertex 71.2 -22.5 50
    endloop
  endfacet
  facet normal 0 1 0
    outer loop
      vertex 68.82305766351612 -22.5 50.23410838641935
      vertex 71.10865543901355 -22.5 50.45922011883811
      vertex 71.17694233648388 -22.5 50.23410838641935
    endloop
  endfacet
  facet normal 0 1 0
    outer loop
      vertex 87.5 -22.5 55
      vertex 72.2222809320784 -22.5 46.67412155078982
      vertex 72.82842712474618 -22.5 47.17157287525381
    endloop
  endfacet
  facet normal 0 1 0
    outer loop
      vertex 87.5 -22.5 55
      vertex 72.82842712474618 -22.5 47.17157287525381
      vertex 73.32587844921018 -22.5 47.777719067921595
    endloop
  endfacet
  facet normal 0 1 0
    outer loop
      vertex 68.82305766351612 -22.5 50.23410838641935
      vertex 68.89134456098645 -22.5 50.45922011883811
      vertex 69.76589161358065 -22.5 51.176942336483876
    endloop
  endfacet
  facet normal 0 1 0
    outer loop
      vertex 68.89134456098645 -22.5 50.45922011883811
      vertex 69.00223646523695 -22.5 50.666684279623524
      vertex 69.76589161358065 -22.5 51.176942336483876
    endloop
  endfacet
  facet normal 0 1 0
    outer loop
      vertex 69.00223646523695 -22.5 50.666684279623524
      vertex 69.15147186257614 -22.5 50.848528137423855
      vertex 69.76589161358065 -22.5 51.176942336483876
    endloop
  endfacet
  facet normal 0 1 0
    outer loop
      vertex 68.82305766351612 -22.5 50.23410838641935
      vertex 69.76589161358065 -22.5 51.176942336483876
      vertex 70 -22.5 51.2
    endloop
  endfacet
  facet normal 0 1 0
    outer loop
      vertex 69.15147186257614 -22.5 50.848528137423855
      vertex 69.33331572037648 -22.5 50.99776353476305
      vertex 69.76589161358065 -22.5 51.176942336483876
    endloop
  endfacet
  facet normal 0 1 0
    outer loop
      vertex 69.33331572037648 -22.5 50.99776353476305
      vertex 69.5407798811619 -22.5 51.108655439013546
      vertex 69.76589161358065 -22.5 51.176942336483876
    endloop
  endfacet
  facet normal 0 1 0
    outer loop
      vertex 68.82305766351612 -22.5 50.23410838641935
      vertex 70.99776353476305 -22.5 50.666684279623524
      vertex 71.10865543901355 -22.5 50.45922011883811
    endloop
  endfacet
  facet normal 0 1 0
    outer loop
      vertex 68.82305766351612 -22.5 50.23410838641935
      vertex 70.66668427962352 -22.5 50.99776353476305
      vertex 70.84852813742386 -22.5 50.848528137423855
    endloop
  endfacet
  facet normal 0 1 0
    outer loop
      vertex 68.82305766351612 -22.5 50.23410838641935
      vertex 70.84852813742386 -22.5 50.848528137423855
      vertex 70.99776353476305 -22.5 50.666684279623524
    endloop
  endfacet
  facet normal 0 1 0
    outer loop
      vertex 68.82305766351612 -22.5 50.23410838641935
      vertex 70 -22.5 51.2
      vertex 70.23410838641935 -22.5 51.176942336483876
    endloop
  endfacet
  facet normal 0 1 0
    outer loop
      vertex 68.82305766351612 -22.5 50.23410838641935
      vertex 70.23410838641935 -22.5 51.176942336483876
      vertex 70.4592201188381 -22.5 51.108655439013546
    endloop
  endfacet
  facet normal 0 1 0
    outer loop
      vertex 68.82305766351612 -22.5 50.23410838641935
      vertex 70.4592201188381 -22.5 51.108655439013546
      vertex 70.66668427962352 -22.5 50.99776353476305
    endloop
  endfacet
  facet normal 0 1 0
    outer loop
      vertex 87.5 -22.5 55
      vertex 73.32587844921018 -22.5 47.777719067921595
      vertex 73.69551813004514 -22.5 48.46926627053964
    endloop
  endfacet
  facet normal 0 1 0
    outer loop
      vertex 87.5 -22.5 55
      vertex 73.69551813004514 -22.5 48.46926627053964
      vertex 73.92314112161293 -22.5 49.21963871193549
    endloop
  endfacet
  facet normal 0 1 0
    outer loop
      vertex 87.5 -22.5 55
      vertex 73.92314112161293 -22.5 49.21963871193549
      vertex 74 -22.5 50
    endloop
  endfacet
  facet normal 0 1 0
    outer loop
      vertex 87.5 -22.5 55
      vertex 74 -22.5 50
      vertex 73.92314112161293 -22.5 50.78036128806451
    endloop
  endfacet
  facet normal 0 1 0
    outer loop
      vertex 87.5 -22.5 55
      vertex 73.92314112161293 -22.5 50.78036128806451
      vertex 73.69551813004514 -22.5 51.53073372946036
    endloop
  endfacet
  facet normal 0 1 0
    outer loop
      vertex 87.5 -22.5 55
      vertex 73.69551813004514 -22.5 51.53073372946036
      vertex 73.32587844921018 -22.5 52.222280932078405
    endloop
  endfacet
  facet normal 0 1 0
    outer loop
      vertex 87.5 -22.5 55
      vertex 73.32587844921018 -22.5 52.222280932078405
      vertex 72.82842712474618 -22.5 52.82842712474619
    endloop
  endfacet
  facet normal 0 1 0
    outer loop
      vertex 87.5 -22.5 55
      vertex 72.82842712474618 -22.5 52.82842712474619
      vertex 72.2222809320784 -22.5 53.32587844921018
    endloop
  endfacet
  facet normal 0 1 0
    outer loop
      vertex 87.5 -22.5 55
      vertex 70.78036128806451 -22.5 53.92314112161292
      vertex 70 -22.5 54
    endloop
  endfacet
  facet normal 0 1 0
    outer loop
      vertex 87.5 -22.5 55
      vertex 71.53073372946037 -22.5 53.695518130045144
      vertex 70.78036128806451 -22.5 53.92314112161292
    endloop
  endfacet
  facet normal 0 1 0
    outer loop
      vertex 87.5 -22.5 55
      vertex 72.2222809320784 -22.5 53.32587844921018
      vertex 71.53073372946037 -22.5 53.695518130045144
    endloop
  endfacet
  facet normal -1 0 0
    outer loop
      vertex 87.5 -11 -26.5
      vertex 87.5 -11.3 35
      vertex 87.5 -11 26.5
    endloop
  endfacet
  facet normal 0 0 -1
    outer loop
      vertex 26.317183872943552 -6.732748481411307 55
      vertex 27 -6.800000000000001 55
      vertex 87.5 -22.5 55
    endloop
  endfacet
  facet normal 0 0 -1
    outer loop
      vertex 27 -6.800000000000001 55
      vertex 27.682816127056448 -6.732748481411307 55
      vertex 87.5 -22.5 55
    endloop
  endfacet
  facet normal 0 0 -1
    outer loop
      vertex 27.682816127056448 -6.732748481411307 55
      vertex 28.339392013277813 -6.533578363789504 55
      vertex 87.5 -22.5 55
    endloop
  endfacet
  facet normal 0 0 -1
    outer loop
      vertex 21.5 -5.9 55
      vertex 26.317183872943552 -6.732748481411307 55
      vertex 87.5 -22.5 55
    endloop
  endfacet
  facet normal 0 0 -1
    outer loop
      vertex 28.339392013277813 -6.533578363789504 55
      vertex 42.5 -5.65 55
      vertex 87.5 -22.5 55
    endloop
  endfacet
  facet normal 0 0 -1
    outer loop
      vertex 42.5 -5.65 55
      vertex 52.5 -5.65 55
      vertex 87.5 -22.5 55
    endloop
  endfacet
  facet normal 0 0 -1
    outer loop
      vertex 87.5 -22.5 55
      vertex 52.5 -5.65 55
      vertex 60.46926627053964 -6.095518130045147 55
    endloop
  endfacet
  facet normal 0 0 -1
    outer loop
      vertex 52.5 -5.65 55
      vertex 52.5 -1.1500000000000004 55
      vertex 58.07685887838708 -3.180361288064513 55
    endloop
  endfacet
  facet normal 0 0 -1
    outer loop
      vertex 58.07685887838708 -3.180361288064513 55
      vertex 52.5 -1.1500000000000004 55
      vertex 58 -2.4000000000000004 55
    endloop
  endfacet
  facet normal 0 0 -1
    outer loop
      vertex 58 -2.4000000000000004 55
      vertex 52.5 -1.1500000000000004 55
      vertex 58.07685887838708 -1.6196387119354874 55
    endloop
  endfacet
  facet normal 0 0 -1
    outer loop
      vertex 52.5 -5.65 55
      vertex 59.777719067921595 -5.725878449210182 55
      vertex 60.46926627053964 -6.095518130045147 55
    endloop
  endfacet
  facet normal 0 0 -1
    outer loop
      vertex 52.5 -5.65 55
      vertex 59.17157287525381 -5.22842712474619 55
      vertex 59.777719067921595 -5.725878449210182 55
    endloop
  endfacet
  facet normal 0 0 -1
    outer loop
      vertex 52.5 -5.65 55
      vertex 58.67412155078982 -4.622280932078409 55
      vertex 59.17157287525381 -5.22842712474619 55
    endloop
  endfacet
  facet normal 0 0 -1
    outer loop
      vertex 52.5 -5.65 55
      vertex 58.304481869954856 -3.9307337294603597 55
      vertex 58.67412155078982 -4.622280932078409 55
    endloop
  endfacet
  facet normal 0 0 -1
    outer loop
      vertex 52.5 -5.65 55
      vertex 58.07685887838708 -3.180361288064513 55
      vertex 58.304481869954856 -3.9307337294603597 55
    endloop
  endfacet
  facet normal 0 0 -1
    outer loop
      vertex 87.5 -22.5 55
      vertex 60.46926627053964 -6.095518130045147 55
      vertex 61.21963871193549 -6.323141121612922 55
    endloop
  endfacet
  facet normal 0 0 -1
    outer loop
      vertex 87.5 -22.5 55
      vertex 61.21963871193549 -6.323141121612922 55
      vertex 62 -6.4 55
    endloop
  endfacet
  facet normal 0 0 -1
    outer loop
      vertex 87.5 -22.5 55
      vertex 62 -6.4 55
      vertex 62.78036128806451 -6.323141121612922 55
    endloop
  endfacet
  facet normal 0 0 -1
    outer loop
      vertex 87.5 -22.5 55
      vertex 62.78036128806451 -6.323141121612922 55
      vertex 63.53073372946036 -6.095518130045147 55
    endloop
  endfacet
  facet normal 0 0 -1
    outer loop
      vertex 87.5 -22.5 55
      vertex 63.53073372946036 -6.095518130045147 55
      vertex 64.2222809320784 -5.725878449210182 55
    endloop
  endfacet
  facet normal 0 0 -1
    outer loop
      vertex 87.5 -22.5 55
      vertex 64.2222809320784 -5.725878449210182 55
      vertex 64.82842712474618 -5.22842712474619 55
    endloop
  endfacet
  facet normal 0 0 -1
    outer loop
      vertex 87.5 -22.5 55
      vertex 64.82842712474618 -5.22842712474619 55
      vertex 65.32587844921018 -4.622280932078409 55
    endloop
  endfacet
  facet normal 0 0 -1
    outer loop
      vertex 87.5 -22.5 55
      vertex 65.32587844921018 -4.622280932078409 55
      vertex 65.69551813004514 -3.9307337294603597 55
    endloop
  endfacet
  facet normal 0 0 -1
    outer loop
      vertex 87.5 -22.5 55
      vertex 65.69551813004514 -3.9307337294603597 55
      vertex 65.92314112161293 -3.180361288064513 55
    endloop
  endfacet
  facet normal 0 0 -1
    outer loop
      vertex 87.5 -22.5 55
      vertex 65.92314112161293 -1.6196387119354874 55
      vertex 65.69551813004514 -0.8692662705396412 55
    endloop
  endfacet
  facet normal 0 0 -1
    outer loop
      vertex 87.5 -22.5 55
      vertex 65.69551813004514 -0.8692662705396412 55
      vertex 65.32587844921018 -0.17771906792159164 55
    endloop
  endfacet
  facet normal 0 0 -1
    outer loop
      vertex 87.5 -22.5 55
      vertex 65.92314112161293 -3.180361288064513 55
      vertex 66 -2.4000000000000004 55
    endloop
  endfacet
  facet normal 0 0 -1
    outer loop
      vertex 87.5 -22.5 55
      vertex 66 -2.4000000000000004 55
      vertex 65.92314112161293 -1.6196387119354874 55
    endloop
  endfacet
  facet normal -1 0 0
    outer loop
      vertex 87.5 -22.5 55
      vertex 87.5 14 44
      vertex 87.5 -13.7 35
    endloop
  endfacet
  facet normal -1 0 0
    outer loop
      vertex 87.5 -11 26.5
      vertex 87.5 -11.3 35
      vertex 87.5 14 44
    endloop
  endfacet
  facet normal -1 0 0
    outer loop
      vertex 87.5 -13.7 35
      vertex 87.5 14 44
      vertex 87.5 -11.3 35
    endloop
  endfacet
  facet normal 0 0 -1
    outer loop
      vertex 87.5 -22.5 55
      vertex 65.32587844921018 -0.17771906792159164 55
      vertex 76.5 14 55
    endloop
  endfacet
  facet normal 0 0 1
    outer loop
      vertex 3.7 -2.85 -55
      vertex 7.3 -0.1499999999999999 -55
      vertex 3.7 -0.1499999999999999 -55
    endloop
  endfacet
  facet normal 0 0 1
    outer loop
      vertex 9.7 -2.85 -55
      vertex 13.3 -0.1499999999999999 -55
      vertex 9.7 -0.1499999999999999 -55
    endloop
  endfacet
  facet normal 0 0 1
    outer loop
      vertex 15.7 -2.85 -55
      vertex 19.3 -0.1499999999999999 -55
      vertex 15.7 -0.1499999999999999 -55
    endloop
  endfacet
  facet normal 0 0 1
    outer loop
      vertex -34.7 -0.1499999999999999 -55
      vertex -32.3 -0.1499999999999999 -55
      vertex 76.5 14 -55
    endloop
  endfacet
  facet normal 0 0 1
    outer loop
      vertex -32.3 -0.1499999999999999 -55
      vertex -28.7 -0.1499999999999999 -55
      vertex 76.5 14 -55
    endloop
  endfacet
  facet normal 0 0 1
    outer loop
      vertex -28.7 -0.1499999999999999 -55
      vertex -26.3 -0.1499999999999999 -55
      vertex 76.5 14 -55
    endloop
  endfacet
  facet normal 0 0 1
    outer loop
      vertex -26.3 -0.1499999999999999 -55
      vertex -22.7 -0.1499999999999999 -55
      vertex 76.5 14 -55
    endloop
  endfacet
  facet normal 0 0 1
    outer loop
      vertex -22.7 -0.1499999999999999 -55
      vertex -20.3 -0.1499999999999999 -55
      vertex 76.5 14 -55
    endloop
  endfacet
  facet normal 0 0 1
    outer loop
      vertex -20.3 -0.1499999999999999 -55
      vertex -16.7 -0.1499999999999999 -55
      vertex 76.5 14 -55
    endloop
  endfacet
  facet normal 0 0 1
    outer loop
      vertex -16.7 -0.1499999999999999 -55
      vertex -14.3 -0.1499999999999999 -55
      vertex 76.5 14 -55
    endloop
  endfacet
  facet normal 0 0 1
    outer loop
      vertex -14.3 -0.1499999999999999 -55
      vertex -10.7 -0.1499999999999999 -55
      vertex 76.5 14 -55
    endloop
  endfacet
  facet normal 0 0 1
    outer loop
      vertex -10.7 -0.1499999999999999 -55
      vertex -8.3 -0.1499999999999999 -55
      vertex 76.5 14 -55
    endloop
  endfacet
  facet normal 0 0 1
    outer loop
      vertex -8.3 -0.1499999999999999 -55
      vertex -4.7 -0.1499999999999999 -55
      vertex 76.5 14 -55
    endloop
  endfacet
  facet normal 0 0 1
    outer loop
      vertex 21.7 -2.85 -55
      vertex 25.3 -0.1499999999999999 -55
      vertex 21.7 -0.1499999999999999 -55
    endloop
  endfacet
  facet normal 0 0 1
    outer loop
      vertex 27.7 -2.85 -55
      vertex 31.3 -0.1499999999999999 -55
      vertex 27.7 -0.1499999999999999 -55
    endloop
  endfacet
  facet normal 0 0 1
    outer loop
      vertex 33.7 -2.85 -55
      vertex 37.3 -0.1499999999999999 -55
      vertex 33.7 -0.1499999999999999 -55
    endloop
  endfacet
  facet normal 0 0 1
    outer loop
      vertex 39.7 -2.85 -55
      vertex 43.3 -0.1499999999999999 -55
      vertex 39.7 -0.1499999999999999 -55
    endloop
  endfacet
  facet normal 0 0 1
    outer loop
      vertex -4.7 -0.1499999999999999 -55
      vertex -2.3 -0.1499999999999999 -55
      vertex 76.5 14 -55
    endloop
  endfacet
  facet normal 0 0 1
    outer loop
      vertex -2.3 -0.1499999999999999 -55
      vertex 1.3 -0.1499999999999999 -55
      vertex 76.5 14 -55
    endloop
  endfacet
  facet normal 0 0 1
    outer loop
      vertex 1.3 -0.1499999999999999 -55
      vertex 3.7 -0.1499999999999999 -55
      vertex 76.5 14 -55
    endloop
  endfacet
  facet normal 0 0 1
    outer loop
      vertex 3.7 -0.1499999999999999 -55
      vertex 7.3 -0.1499999999999999 -55
      vertex 76.5 14 -55
    endloop
  endfacet
  facet normal 0 0 1
    outer loop
      vertex 7.3 -0.1499999999999999 -55
      vertex 9.7 -0.1499999999999999 -55
      vertex 76.5 14 -55
    endloop
  endfacet
  facet normal 0 0 1
    outer loop
      vertex 9.7 -0.1499999999999999 -55
      vertex 13.3 -0.1499999999999999 -55
      vertex 76.5 14 -55
    endloop
  endfacet
  facet normal 0 0 1
    outer loop
      vertex 13.3 -0.1499999999999999 -55
      vertex 15.7 -0.1499999999999999 -55
      vertex 76.5 14 -55
    endloop
  endfacet
  facet normal 0 0 1
    outer loop
      vertex 15.7 -0.1499999999999999 -55
      vertex 19.3 -0.1499999999999999 -55
      vertex 76.5 14 -55
    endloop
  endfacet
  facet normal 0 0 1
    outer loop
      vertex 19.3 -0.1499999999999999 -55
      vertex 21.7 -0.1499999999999999 -55
      vertex 76.5 14 -55
    endloop
  endfacet
  facet normal 0 0 1
    outer loop
      vertex 21.7 -0.1499999999999999 -55
      vertex 25.3 -0.1499999999999999 -55
      vertex 87.5 14 -55
    endloop
  endfacet
  facet normal 0 0 1
    outer loop
      vertex -76.5 22 -55
      vertex 76.5 14 -55
      vertex 76.5 22 -55
    endloop
  endfacet
  facet normal 0 0 1
    outer loop
      vertex 45.7 -2.85 -55
      vertex 49.3 -0.1499999999999999 -55
      vertex 45.7 -0.1499999999999999 -55
    endloop
  endfacet
  facet normal 0 0 1
    outer loop
      vertex 51.7 -2.85 -55
      vertex 55.3 -0.1499999999999999 -55
      vertex 51.7 -0.1499999999999999 -55
    endloop
  endfacet
  facet normal 0 0 1
    outer loop
      vertex 57.7 -2.85 -55
      vertex 61.3 -0.1499999999999999 -55
      vertex 57.7 -0.1499999999999999 -55
    endloop
  endfacet
  facet normal 0 0 1
    outer loop
      vertex 25.3 -0.1499999999999999 -55
      vertex 27.7 -0.1499999999999999 -55
      vertex 87.5 14 -55
    endloop
  endfacet
  facet normal 0 0 1
    outer loop
      vertex 27.7 -0.1499999999999999 -55
      vertex 31.3 -0.1499999999999999 -55
      vertex 87.5 14 -55
    endloop
  endfacet
  facet normal 0 0 1
    outer loop
      vertex 31.3 -0.1499999999999999 -55
      vertex 33.7 -0.1499999999999999 -55
      vertex 87.5 14 -55
    endloop
  endfacet
  facet normal 0 0 1
    outer loop
      vertex 33.7 -0.1499999999999999 -55
      vertex 37.3 -0.1499999999999999 -55
      vertex 87.5 14 -55
    endloop
  endfacet
  facet normal 0 0 1
    outer loop
      vertex 37.3 -0.1499999999999999 -55
      vertex 39.7 -0.1499999999999999 -55
      vertex 87.5 14 -55
    endloop
  endfacet
  facet normal 0 0 1
    outer loop
      vertex 39.7 -0.1499999999999999 -55
      vertex 43.3 -0.1499999999999999 -55
      vertex 87.5 14 -55
    endloop
  endfacet
  facet normal 0 0 1
    outer loop
      vertex 43.3 -0.1499999999999999 -55
      vertex 45.7 -0.1499999999999999 -55
      vertex 87.5 14 -55
    endloop
  endfacet
  facet normal 0 0 1
    outer loop
      vertex 45.7 -0.1499999999999999 -55
      vertex 49.3 -0.1499999999999999 -55
      vertex 87.5 14 -55
    endloop
  endfacet
  facet normal 0 0 1
    outer loop
      vertex 49.3 -0.1499999999999999 -55
      vertex 51.7 -0.1499999999999999 -55
      vertex 87.5 14 -55
    endloop
  endfacet
  facet normal 0 0 1
    outer loop
      vertex 51.7 -0.1499999999999999 -55
      vertex 55.3 -0.1499999999999999 -55
      vertex 87.5 14 -55
    endloop
  endfacet
  facet normal 0 0 1
    outer loop
      vertex 55.3 -0.1499999999999999 -55
      vertex 57.7 -0.1499999999999999 -55
      vertex 87.5 14 -55
    endloop
  endfacet
  facet normal 0 0 1
    outer loop
      vertex 21.7 -0.1499999999999999 -55
      vertex 87.5 14 -55
      vertex 76.5 14 -55
    endloop
  endfacet
  facet normal -1 0 0
    outer loop
      vertex 87.5 -22.5 -55
      vertex 87.5 14 -44
      vertex 87.5 14 -55
    endloop
  endfacet
  facet normal 0 0 1
    outer loop
      vertex 57.7 -0.1499999999999999 -55
      vertex 61.3 -0.1499999999999999 -55
      vertex 87.5 14 -55
    endloop
  endfacet
  facet normal 0 0 1
    outer loop
      vertex 61.3 -0.1499999999999999 -55
      vertex 63.7 -0.1499999999999999 -55
      vertex 87.5 14 -55
    endloop
  endfacet
  facet normal -1 0 0
    outer loop
      vertex 87.5 -11 -26.5
      vertex 87.5 11 -26.5
      vertex 87.5 14 -44
    endloop
  endfacet
  facet normal -1 0 0
    outer loop
      vertex 87.5 14 -44
      vertex 87.5 11 -26.5
      vertex 87.5 22 -44
    endloop
  endfacet
  facet normal -1 0 0
    outer loop
      vertex 87.5 22 -44
      vertex 87.5 11 -26.5
      vertex 87.5 22 44
    endloop
  endfacet
  facet normal 0 0 -1
    outer loop
      vertex 1.5 -5.9 55
      vertex 1.5 9.1 55
      vertex 4.5 -5.9 55
    endloop
  endfacet
  facet normal 0 0 -1
    outer loop
      vertex 4.5 -5.9 55
      vertex 1.5 9.1 55
      vertex 4.5 9.1 55
    endloop
  endfacet
  facet normal 0 0 -1
    outer loop
      vertex 21.5 -5.9 55
      vertex 21.5 9.1 55
      vertex 23.5 -3.3000000000000007 55
    endloop
  endfacet
  facet normal 0 0 -1
    outer loop
      vertex 1.5 9.1 55
      vertex 8.6 12 55
      vertex 4.5 9.1 55
    endloop
  endfacet
  facet normal 0 0 -1
    outer loop
      vertex 23.5 -3.3000000000000007 55
      vertex 21.5 9.1 55
      vertex 23.567251518588694 -2.617183872943552 55
    endloop
  endfacet
  facet normal 0 0 -1
    outer loop
      vertex 35.8055372087255 -2.260662984621819 55
      vertex 29.91014364305891 -1.355504184431393 55
      vertex 29.474873734152915 -0.8251262658470844 55
    endloop
  endfacet
  facet normal 0 0 -1
    outer loop
      vertex 36.02164570954364 -2.1451505843608922 55
      vertex 29.474873734152915 -0.8251262658470844 55
      vertex 28.944495815568608 -0.3898563569410922 55
    endloop
  endfacet
  facet normal 0 0 -1
    outer loop
      vertex 23.567251518588694 -2.617183872943552 55
      vertex 21.5 9.1 55
      vertex 23.766421636210495 -1.9606079867221864 55
    endloop
  endfacet
  facet normal 0 0 -1
    outer loop
      vertex 23.766421636210495 -1.9606079867221864 55
      vertex 21.5 9.1 55
      vertex 24.08985635694109 -1.355504184431393 55
    endloop
  endfacet
  facet normal 0 0 -1
    outer loop
      vertex 21.5 9.1 55
      vertex 24.525126265847085 -0.8251262658470844 55
      vertex 24.08985635694109 -1.355504184431393 55
    endloop
  endfacet
  facet normal 0 0 -1
    outer loop
      vertex 21.5 9.1 55
      vertex 25.055504184431392 -0.3898563569410922 55
      vertex 24.525126265847085 -0.8251262658470844 55
    endloop
  endfacet
  facet normal 0 0 -1
    outer loop
      vertex 21.5 9.1 55
      vertex 25.660607986722187 -0.06642163621049724 55
      vertex 25.055504184431392 -0.3898563569410922 55
    endloop
  endfacet
  facet normal 0 0 -1
    outer loop
      vertex 21.5 9.1 55
      vertex 26.317183872943552 0.1327484814113058 55
      vertex 25.660607986722187 -0.06642163621049724 55
    endloop
  endfacet
  facet normal 0 0 -1
    outer loop
      vertex 21.5 9.1 55
      vertex 27 0.1999999999999993 55
      vertex 26.317183872943552 0.1327484814113058 55
    endloop
  endfacet
  facet normal 0 0 -1
    outer loop
      vertex 21.5 9.1 55
      vertex 28.339392013277813 -0.06642163621049724 55
      vertex 27.682816127056448 0.1327484814113058 55
    endloop
  endfacet
  facet normal 0 0 -1
    outer loop
      vertex 21.5 9.1 55
      vertex 27.682816127056448 0.1327484814113058 55
      vertex 27 0.1999999999999993 55
    endloop
  endfacet
  facet normal 0 0 -1
    outer loop
      vertex 28.339392013277813 -0.06642163621049724 55
      vertex 76.5 14 55
      vertex 28.944495815568608 -0.3898563569410922 55
    endloop
  endfacet
  facet normal 0 0 -1
    outer loop
      vertex 21.5 9.1 55
      vertex 76.5 14 55
      vertex 28.339392013277813 -0.06642163621049724 55
    endloop
  endfacet
  facet normal 0 0 -1
    outer loop
      vertex -76.5 22 55
      vertex 76.5 22 55
      vertex 8.6 20 55
    endloop
  endfacet
  facet normal 0 0 -1
    outer loop
      vertex 4.5 9.1 55
      vertex 8.6 12 55
      vertex 76.5 14 55
    endloop
  endfacet
  facet normal 0 0 -1
    outer loop
      vertex 8.6 12 55
      vertex 8.6 20 55
      vertex 76.5 14 55
    endloop
  endfacet
  facet normal 0 0 -1
    outer loop
      vertex 4.5 9.1 55
      vertex 76.5 14 55
      vertex 21.5 9.1 55
    endloop
  endfacet
  facet normal 0 0 -1
    outer loop
      vertex 36.25613709747984 -2.0740183994959627 55
      vertex 28.944495815568608 -0.3898563569410922 55
      vertex 76.5 14 55
    endloop
  endfacet
  facet normal 0 0 -1
    outer loop
      vertex 36.25613709747984 -2.0740183994959627 55
      vertex 76.5 14 55
      vertex 36.5 -2.0500000000000007 55
    endloop
  endfacet
  facet normal 0 0 -1
    outer loop
      vertex 36.5 -2.0500000000000007 55
      vertex 76.5 14 55
      vertex 36.74386290252016 -2.0740183994959627 55
    endloop
  endfacet
  facet normal 0 0 -1
    outer loop
      vertex 36.74386290252016 -2.0740183994959627 55
      vertex 76.5 14 55
      vertex 42.5 -1.1500000000000004 55
    endloop
  endfacet
  facet normal 0 0 -1
    outer loop
      vertex 58.07685887838708 -1.6196387119354874 55
      vertex 52.5 -1.1500000000000004 55
      vertex 58.304481869954856 -0.8692662705396412 55
    endloop
  endfacet
  facet normal 0 0 -1
    outer loop
      vertex 52.5 -1.1500000000000004 55
      vertex 58.67412155078982 -0.17771906792159164 55
      vertex 58.304481869954856 -0.8692662705396412 55
    endloop
  endfacet
  facet normal 0 0 -1
    outer loop
      vertex 52.5 -1.1500000000000004 55
      vertex 59.17157287525381 0.42842712474618994 55
      vertex 58.67412155078982 -0.17771906792159164 55
    endloop
  endfacet
  facet normal 0 0 -1
    outer loop
      vertex 52.5 -1.1500000000000004 55
      vertex 59.777719067921595 0.9258784492101806 55
      vertex 59.17157287525381 0.42842712474618994 55
    endloop
  endfacet
  facet normal 0 0 -1
    outer loop
      vertex 42.5 -1.1500000000000004 55
      vertex 76.5 14 55
      vertex 52.5 -1.1500000000000004 55
    endloop
  endfacet
  facet normal 0 0 -1
    outer loop
      vertex 52.5 -1.1500000000000004 55
      vertex 76.5 14 55
      vertex 59.777719067921595 0.9258784492101806 55
    endloop
  endfacet
  facet normal 0 0 -1
    outer loop
      vertex 59.777719067921595 0.9258784492101806 55
      vertex 76.5 14 55
      vertex 60.46926627053964 1.2955181300451466 55
    endloop
  endfacet
  facet normal 0 0 -1
    outer loop
      vertex 60.46926627053964 1.2955181300451466 55
      vertex 76.5 14 55
      vertex 61.21963871193549 1.5231411216129214 55
    endloop
  endfacet
  facet normal 0 0 -1
    outer loop
      vertex 61.21963871193549 1.5231411216129214 55
      vertex 76.5 14 55
      vertex 62 1.5999999999999996 55
    endloop
  endfacet
  facet normal 0 0 -1
    outer loop
      vertex 62 1.5999999999999996 55
      vertex 76.5 14 55
      vertex 62.78036128806451 1.5231411216129214 55
    endloop
  endfacet
  facet normal 0 0 -1
    outer loop
      vertex 87.5 -22.5 55
      vertex 76.5 14 55
      vertex 87.5 14 55
    endloop
  endfacet
  facet normal -1 0 0
    outer loop
      vertex 87.5 -22.5 55
      vertex 87.5 14 55
      vertex 87.5 14 44
    endloop
  endfacet
  facet normal -1 0 0
    outer loop
      vertex 87.5 -11 26.5
      vertex 87.5 14 44
      vertex 87.5 11 26.5
    endloop
  endfacet
  facet normal 0 0 -1
    outer loop
      vertex 65.32587844921018 -0.17771906792159164 55
      vertex 64.82842712474618 0.42842712474618994 55
      vertex 76.5 14 55
    endloop
  endfacet
  facet normal 0 0 -1
    outer loop
      vertex 64.2222809320784 0.9258784492101806 55
      vertex 63.53073372946036 1.2955181300451466 55
      vertex 76.5 14 55
    endloop
  endfacet
  facet normal 0 0 -1
    outer loop
      vertex 64.2222809320784 0.9258784492101806 55
      vertex 76.5 14 55
      vertex 64.82842712474618 0.42842712474618994 55
    endloop
  endfacet
  facet normal 0 0 -1
    outer loop
      vertex 63.53073372946036 1.2955181300451466 55
      vertex 62.78036128806451 1.5231411216129214 55
      vertex 76.5 14 55
    endloop
  endfacet
  facet normal -1 0 0
    outer loop
      vertex 87.5 11 -26.5
      vertex 87.5 11 26.5
      vertex 87.5 22 44
    endloop
  endfacet
  facet normal 0 0 -1
    outer loop
      vertex 8.6 20 55
      vertex 76.5 22 55
      vertex 76.5 14 55
    endloop
  endfacet
  facet normal -1 0 0
    outer loop
      vertex 87.5 11 26.5
      vertex 87.5 14 44
      vertex 87.5 22 44
    endloop
  endfacet
  facet normal 1 0 0
    outer loop
      vertex -82.5 -11 -26.5
      vertex -82.5 -8.09433962264151 -19.5
      vertex -82.5 -10.25 -19.5
    endloop
  endfacet
  facet normal 0 -1 0
    outer loop
      vertex -87.5 -11 -26.5
      vertex -82.5 -11 -26.5
      vertex -82.5 -11 26.5
    endloop
  endfacet
  facet normal 1 0 0
    outer loop
      vertex -82.5 -11 -26.5
      vertex -82.5 -10.25 -19.5
      vertex -82.5 -11 26.5
    endloop
  endfacet
  facet normal 1 0 0
    outer loop
      vertex -82.5 -11 -26.5
      vertex -82.5 -2.059649088846784 -22.90968967623387
      vertex -82.5 -8.09433962264151 -19.5
    endloop
  endfacet
  facet normal 1 0 0
    outer loop
      vertex -82.5 -11 -26.5
      vertex -82.5 -1.7460861858353451 -23.666697489341164
      vertex -82.5 -1.9401470182737022 -23.30363520796669
    endloop
  endfacet
  facet normal 1 0 0
    outer loop
      vertex -82.5 -11 -26.5
      vertex -82.5 -1.9401470182737022 -23.30363520796669
      vertex -82.5 -2.059649088846784 -22.90968967623387
    endloop
  endfacet
  facet normal 1 0 0
    outer loop
      vertex -82.5 -11 -26.5
      vertex -82.5 -1.48492424049175 -23.98492424049175
      vertex -82.5 -1.7460861858353451 -23.666697489341164
    endloop
  endfacet
  facet normal 1 0 0
    outer loop
      vertex -82.5 -11 -26.5
      vertex -82.5 -1.1666974893411646 -24.246086185835345
      vertex -82.5 -1.48492424049175 -23.98492424049175
    endloop
  endfacet
  facet normal 0 0 -1
    outer loop
      vertex -87.5 -11 -26.5
      vertex -87.5 11 -26.5
      vertex -82.5 -11 -26.5
    endloop
  endfacet
  facet normal 1 0 0
    outer loop
      vertex -82.5 -11 -26.5
      vertex -82.5 -0.4096896762338693 -24.559649088846783
      vertex -82.5 -0.8036352079666885 -24.440147018273702
    endloop
  endfacet
  facet normal 1 0 0
    outer loop
      vertex -82.5 -11 -26.5
      vertex -82.5 0 -24.6
      vertex -82.5 -0.4096896762338693 -24.559649088846783
    endloop
  endfacet
  facet normal 1 0 0
    outer loop
      vertex -82.5 -11 -26.5
      vertex -82.5 0.4096896762338693 -24.559649088846783
      vertex -82.5 0 -24.6
    endloop
  endfacet
  facet normal 1 0 0
    outer loop
      vertex -82.5 -11 -26.5
      vertex -82.5 -0.8036352079666885 -24.440147018273702
      vertex -82.5 -1.1666974893411646 -24.246086185835345
    endloop
  endfacet
  facet normal 1 0 0
    outer loop
      vertex -82.5 -8.09433962264151 -19.5
      vertex -82.5 -2.059649088846784 -22.90968967623387
      vertex -82.5 -2.1 -22.5
    endloop
  endfacet
  facet normal 1 0 0
    outer loop
      vertex -82.5 -8.09433962264151 -19.5
      vertex -82.5 -2.1 -22.5
      vertex -82.5 -2.059649088846784 -22.09031032376613
    endloop
  endfacet
  facet normal 1 0 0
    outer loop
      vertex -82.5 -8.09433962264151 -19.5
      vertex -82.5 -2.059649088846784 -22.09031032376613
      vertex -82.5 -1.9401470182737022 -21.69636479203331
    endloop
  endfacet
  facet normal 1 0 0
    outer loop
      vertex -82.5 -8.09433962264151 -19.5
      vertex -82.5 -1.9401470182737022 -21.69636479203331
      vertex -82.5 -1.7460861858353451 -21.333302510658836
    endloop
  endfacet
  facet normal 1 0 0
    outer loop
      vertex -82.5 -8.09433962264151 -19.5
      vertex -82.5 -1.7460861858353451 -21.333302510658836
      vertex -82.5 -1.48492424049175 -21.01507575950825
    endloop
  endfacet
  facet normal 1 0 0
    outer loop
      vertex -82.5 -8.09433962264151 -19.5
      vertex -82.5 -1.48492424049175 -21.01507575950825
      vertex -82.5 -1.1666974893411646 -20.753913814164655
    endloop
  endfacet
  facet normal 1 0 0
    outer loop
      vertex -82.5 -8.09433962264151 -19.5
      vertex -82.5 -1.1666974893411646 -20.753913814164655
      vertex -82.5 -0.8036352079666885 -20.559852981726298
    endloop
  endfacet
  facet normal 1 0 0
    outer loop
      vertex -82.5 -8.09433962264151 -19.5
      vertex -82.5 -0.8036352079666885 -20.559852981726298
      vertex -82.5 -0.4096896762338693 -20.440350911153217
    endloop
  endfacet
  facet normal 1 0 0
    outer loop
      vertex -82.5 -8.09433962264151 -19.5
      vertex -82.5 -0.4096896762338693 -20.440350911153217
      vertex -82.5 0 -20.4
    endloop
  endfacet
  facet normal 1 0 0
    outer loop
      vertex -82.5 -8.09433962264151 -19.5
      vertex -82.5 0 -20.4
      vertex -82.5 0.4096896762338693 -20.440350911153217
    endloop
  endfacet
  facet normal 0 -1 0
    outer loop
      vertex -87.5 -11 -26.5
      vertex -82.5 -11 26.5
      vertex -87.5 -11 26.5
    endloop
  endfacet
  facet normal 1 0 0
    outer loop
      vertex -82.5 -10.25 -19.5
      vertex -82.5 -10.25 19.5
      vertex -82.5 -11 26.5
    endloop
  endfacet
  facet normal 1 0 0
    outer loop
      vertex -82.5 -11 26.5
      vertex -82.5 -10.25 19.5
      vertex -82.5 -2.059649088846784 22.90968967623387
    endloop
  endfacet
  facet normal 1 0 0
    outer loop
      vertex -82.5 -10.25 19.5
      vertex -82.5 -1.48492424049175 21.01507575950825
      vertex -82.5 -1.7460861858353451 21.333302510658836
    endloop
  endfacet
  facet normal 1 0 0
    outer loop
      vertex -82.5 -10.25 19.5
      vertex -82.5 -1.9401470182737022 21.69636479203331
      vertex -82.5 -2.059649088846784 22.09031032376613
    endloop
  endfacet
  facet normal 1 0 0
    outer loop
      vertex -82.5 -10.25 19.5
      vertex -82.5 -1.7460861858353451 21.333302510658836
      vertex -82.5 -1.9401470182737022 21.69636479203331
    endloop
  endfacet
  facet normal 1 0 0
    outer loop
      vertex -82.5 -10.25 19.5
      vertex -82.5 -2.059649088846784 22.09031032376613
      vertex -82.5 -2.1 22.5
    endloop
  endfacet
  facet normal 1 0 0
    outer loop
      vertex -82.5 -10.25 19.5
      vertex -82.5 -2.1 22.5
      vertex -82.5 -2.059649088846784 22.90968967623387
    endloop
  endfacet
  facet normal 1 0 0
    outer loop
      vertex -82.5 -11 26.5
      vertex -82.5 -2.059649088846784 22.90968967623387
      vertex -82.5 -1.9401470182737022 23.30363520796669
    endloop
  endfacet
  facet normal 1 0 0
    outer loop
      vertex -82.5 -11 26.5
      vertex -82.5 -1.9401470182737022 23.30363520796669
      vertex -82.5 -1.7460861858353451 23.666697489341164
    endloop
  endfacet
  facet normal 1 0 0
    outer loop
      vertex -82.5 -11 26.5
      vertex -82.5 -1.7460861858353451 23.666697489341164
      vertex -82.5 -1.48492424049175 23.98492424049175
    endloop
  endfacet
  facet normal 1 0 0
    outer loop
      vertex -82.5 -11 26.5
      vertex -82.5 -1.48492424049175 23.98492424049175
      vertex -82.5 -1.1666974893411646 24.246086185835345
    endloop
  endfacet
  facet normal 1 0 0
    outer loop
      vertex -82.5 -10.25 19.5
      vertex -82.5 -1.1666974893411646 20.753913814164655
      vertex -82.5 -1.48492424049175 21.01507575950825
    endloop
  endfacet
  facet normal 1 0 0
    outer loop
      vertex -82.5 -10.25 19.5
      vertex -82.5 -0.8036352079666885 20.559852981726298
      vertex -82.5 -1.1666974893411646 20.753913814164655
    endloop
  endfacet
  facet normal 1 0 0
    outer loop
      vertex -82.5 -10.25 19.5
      vertex -82.5 -0.4096896762338693 20.440350911153217
      vertex -82.5 -0.8036352079666885 20.559852981726298
    endloop
  endfacet
  facet normal 0 0 1
    outer loop
      vertex -87.5 -11 26.5
      vertex -82.5 -11 26.5
      vertex -87.5 11 26.5
    endloop
  endfacet
  facet normal 1 0 0
    outer loop
      vertex -82.5 -11 26.5
      vertex -82.5 -1.1666974893411646 24.246086185835345
      vertex -82.5 -0.8036352079666885 24.440147018273702
    endloop
  endfacet
  facet normal 1 0 0
    outer loop
      vertex -82.5 -11 26.5
      vertex -82.5 -0.8036352079666885 24.440147018273702
      vertex -82.5 -0.4096896762338693 24.559649088846783
    endloop
  endfacet
  facet normal 1 0 0
    outer loop
      vertex -82.5 -11 26.5
      vertex -82.5 -0.4096896762338693 24.559649088846783
      vertex -82.5 0 24.6
    endloop
  endfacet
  facet normal 1 0 0
    outer loop
      vertex -82.5 -11 26.5
      vertex -82.5 0 24.6
      vertex -82.5 0.4096896762338693 24.559649088846783
    endloop
  endfacet
  facet normal 1 0 0
    outer loop
      vertex -82.5 -11 -26.5
      vertex -82.5 11 -26.5
      vertex -82.5 0.4096896762338693 -24.559649088846783
    endloop
  endfacet
  facet normal 1 0 0
    outer loop
      vertex -82.5 -8.09433962264151 -19.5
      vertex -82.5 0.4096896762338693 -20.440350911153217
      vertex -82.5 10.25 -19.5
    endloop
  endfacet
  facet normal 0 0 -1
    outer loop
      vertex -82.5 -11 -26.5
      vertex -87.5 11 -26.5
      vertex -82.5 11 -26.5
    endloop
  endfacet
  facet normal 1 0 0
    outer loop
      vertex -82.5 0.4096896762338693 -24.559649088846783
      vertex -82.5 11 -26.5
      vertex -82.5 0.8036352079666885 -24.440147018273702
    endloop
  endfacet
  facet normal 1 0 0
    outer loop
      vertex -82.5 0.8036352079666885 -24.440147018273702
      vertex -82.5 11 -26.5
      vertex -82.5 1.1666974893411646 -24.246086185835345
    endloop
  endfacet
  facet normal 1 0 0
    outer loop
      vertex -82.5 0.4096896762338693 -20.440350911153217
      vertex -82.5 0.8036352079666885 -20.559852981726298
      vertex -82.5 10.25 -19.5
    endloop
  endfacet
  facet normal 1 0 0
    outer loop
      vertex -82.5 0.8036352079666885 -20.559852981726298
      vertex -82.5 1.1666974893411646 -20.753913814164655
      vertex -82.5 10.25 -19.5
    endloop
  endfacet
  facet normal 1 0 0
    outer loop
      vertex -82.5 1.1666974893411646 -20.753913814164655
      vertex -82.5 1.48492424049175 -21.01507575950825
      vertex -82.5 10.25 -19.5
    endloop
  endfacet
  facet normal 1 0 0
    outer loop
      vertex -82.5 1.1666974893411646 -24.246086185835345
      vertex -82.5 11 -26.5
      vertex -82.5 1.48492424049175 -23.98492424049175
    endloop
  endfacet
  facet normal 1 0 0
    outer loop
      vertex -82.5 1.48492424049175 -23.98492424049175
      vertex -82.5 11 -26.5
      vertex -82.5 1.7460861858353451 -23.666697489341164
    endloop
  endfacet
  facet normal 1 0 0
    outer loop
      vertex -82.5 1.7460861858353451 -23.666697489341164
      vertex -82.5 11 -26.5
      vertex -82.5 1.9401470182737022 -23.30363520796669
    endloop
  endfacet
  facet normal 1 0 0
    outer loop
      vertex -82.5 1.9401470182737022 -23.30363520796669
      vertex -82.5 11 -26.5
      vertex -82.5 2.059649088846784 -22.90968967623387
    endloop
  endfacet
  facet normal 1 0 0
    outer loop
      vertex -82.5 2.059649088846784 -22.90968967623387
      vertex -82.5 11 -26.5
      vertex -82.5 2.1 -22.5
    endloop
  endfacet
  facet normal 1 0 0
    outer loop
      vertex -82.5 2.1 -22.5
      vertex -82.5 11 -26.5
      vertex -82.5 2.059649088846784 -22.09031032376613
    endloop
  endfacet
  facet normal 1 0 0
    outer loop
      vertex -82.5 1.9401470182737022 -21.69636479203331
      vertex -82.5 10.25 -19.5
      vertex -82.5 1.7460861858353451 -21.333302510658836
    endloop
  endfacet
  facet normal 1 0 0
    outer loop
      vertex -82.5 1.48492424049175 -21.01507575950825
      vertex -82.5 1.7460861858353451 -21.333302510658836
      vertex -82.5 10.25 -19.5
    endloop
  endfacet
  facet normal 1 0 0
    outer loop
      vertex -82.5 1.9401470182737022 -21.69636479203331
      vertex -82.5 2.059649088846784 -22.09031032376613
      vertex -82.5 10.25 -19.5
    endloop
  endfacet
  facet normal 1 0 0
    outer loop
      vertex -82.5 2.059649088846784 -22.09031032376613
      vertex -82.5 11 -26.5
      vertex -82.5 10.25 -19.5
    endloop
  endfacet
  facet normal 1 0 0
    outer loop
      vertex -82.5 11 -26.5
      vertex -82.5 10.25 19.5
      vertex -82.5 10.25 -19.5
    endloop
  endfacet
  facet normal 0 1 0
    outer loop
      vertex -87.5 11 -26.5
      vertex -82.5 11 26.5
      vertex -82.5 11 -26.5
    endloop
  endfacet
  facet normal 1 0 0
    outer loop
      vertex -82.5 -10.25 19.5
      vertex -82.5 8.09433962264151 19.5
      vertex -82.5 -0.4096896762338693 20.440350911153217
    endloop
  endfacet
  facet normal 1 0 0
    outer loop
      vertex -82.5 -11 26.5
      vertex -82.5 0.4096896762338693 24.559649088846783
      vertex -82.5 11 26.5
    endloop
  endfacet
  facet normal 1 0 0
    outer loop
      vertex -82.5 -0.4096896762338693 20.440350911153217
      vertex -82.5 8.09433962264151 19.5
      vertex -82.5 0 20.4
    endloop
  endfacet
  facet normal 1 0 0
    outer loop
      vertex -82.5 0 20.4
      vertex -82.5 8.09433962264151 19.5
      vertex -82.5 0.4096896762338693 20.440350911153217
    endloop
  endfacet
  facet normal 1 0 0
    outer loop
      vertex -82.5 0.4096896762338693 20.440350911153217
      vertex -82.5 8.09433962264151 19.5
      vertex -82.5 0.8036352079666885 20.559852981726298
    endloop
  endfacet
  facet normal 1 0 0
    outer loop
      vertex -82.5 0.8036352079666885 20.559852981726298
      vertex -82.5 8.09433962264151 19.5
      vertex -82.5 1.1666974893411646 20.753913814164655
    endloop
  endfacet
  facet normal 1 0 0
    outer loop
      vertex -82.5 1.1666974893411646 20.753913814164655
      vertex -82.5 8.09433962264151 19.5
      vertex -82.5 1.48492424049175 21.01507575950825
    endloop
  endfacet
  facet normal 1 0 0
    outer loop
      vertex -82.5 1.48492424049175 21.01507575950825
      vertex -82.5 8.09433962264151 19.5
      vertex -82.5 1.7460861858353451 21.333302510658836
    endloop
  endfacet
  facet normal 1 0 0
    outer loop
      vertex -82.5 1.7460861858353451 21.333302510658836
      vertex -82.5 8.09433962264151 19.5
      vertex -82.5 1.9401470182737022 21.69636479203331
    endloop
  endfacet
  facet normal 1 0 0
    outer loop
      vertex -82.5 1.9401470182737022 21.69636479203331
      vertex -82.5 8.09433962264151 19.5
      vertex -82.5 2.059649088846784 22.09031032376613
    endloop
  endfacet
  facet normal 1 0 0
    outer loop
      vertex -82.5 2.059649088846784 22.09031032376613
      vertex -82.5 8.09433962264151 19.5
      vertex -82.5 2.1 22.5
    endloop
  endfacet
  facet normal 1 0 0
    outer loop
      vertex -82.5 0.8036352079666885 24.440147018273702
      vertex -82.5 1.1666974893411646 24.246086185835345
      vertex -82.5 11 26.5
    endloop
  endfacet
  facet normal 0 0 1
    outer loop
      vertex -82.5 -11 26.5
      vertex -82.5 11 26.5
      vertex -87.5 11 26.5
    endloop
  endfacet
  facet normal 1 0 0
    outer loop
      vertex -82.5 0.4096896762338693 24.559649088846783
      vertex -82.5 0.8036352079666885 24.440147018273702
      vertex -82.5 11 26.5
    endloop
  endfacet
  facet normal 1 0 0
    outer loop
      vertex -82.5 1.1666974893411646 24.246086185835345
      vertex -82.5 1.48492424049175 23.98492424049175
      vertex -82.5 11 26.5
    endloop
  endfacet
  facet normal 1 0 0
    outer loop
      vertex -82.5 1.9401470182737022 23.30363520796669
      vertex -82.5 2.059649088846784 22.90968967623387
      vertex -82.5 11 26.5
    endloop
  endfacet
  facet normal 1 0 0
    outer loop
      vertex -82.5 2.059649088846784 22.90968967623387
      vertex -82.5 2.1 22.5
      vertex -82.5 11 26.5
    endloop
  endfacet
  facet normal 1 0 0
    outer loop
      vertex -82.5 1.9401470182737022 23.30363520796669
      vertex -82.5 11 26.5
      vertex -82.5 1.7460861858353451 23.666697489341164
    endloop
  endfacet
  facet normal 1 0 0
    outer loop
      vertex -82.5 1.48492424049175 23.98492424049175
      vertex -82.5 1.7460861858353451 23.666697489341164
      vertex -82.5 11 26.5
    endloop
  endfacet
  facet normal 1 0 0
    outer loop
      vertex -82.5 2.1 22.5
      vertex -82.5 8.09433962264151 19.5
      vertex -82.5 11 26.5
    endloop
  endfacet
  facet normal 1 0 0
    outer loop
      vertex -82.5 8.09433962264151 19.5
      vertex -82.5 10.25 19.5
      vertex -82.5 11 26.5
    endloop
  endfacet
  facet normal 1 0 0
    outer loop
      vertex -82.5 11 -26.5
      vertex -82.5 11 26.5
      vertex -82.5 10.25 19.5
    endloop
  endfacet
  facet normal 0 1 0
    outer loop
      vertex -87.5 11 -26.5
      vertex -87.5 11 26.5
      vertex -82.5 11 26.5
    endloop
  endfacet
  facet normal -1 0 0
    outer loop
      vertex 82.5 -11 -26.5
      vertex 82.5 -10.25 -19.5
      vertex 82.5 -2.059649088846784 -22.09031032376613
    endloop
  endfacet
  facet normal -1 0 0
    outer loop
      vertex 82.5 -11 -26.5
      vertex 82.5 -10.25 19.5
      vertex 82.5 -10.25 -19.5
    endloop
  endfacet
  facet normal 0 -1 0
    outer loop
      vertex 82.5 -11 -26.5
      vertex 87.5 -11 -26.5
      vertex 87.5 -11 26.5
    endloop
  endfacet
  facet normal -1 0 0
    outer loop
      vertex 82.5 -11 -26.5
      vertex 82.5 -1.9401470182737022 -23.30363520796669
      vertex 82.5 -1.7460861858353451 -23.666697489341164
    endloop
  endfacet
  facet normal -1 0 0
    outer loop
      vertex 82.5 -11 -26.5
      vertex 82.5 -2.059649088846784 -22.90968967623387
      vertex 82.5 -1.9401470182737022 -23.30363520796669
    endloop
  endfacet
  facet normal -1 0 0
    outer loop
      vertex 82.5 -11 -26.5
      vertex 82.5 -2.1 -22.5
      vertex 82.5 -2.059649088846784 -22.90968967623387
    endloop
  endfacet
  facet normal -1 0 0
    outer loop
      vertex 82.5 -11 -26.5
      vertex 82.5 -2.059649088846784 -22.09031032376613
      vertex 82.5 -2.1 -22.5
    endloop
  endfacet
  facet normal -1 0 0
    outer loop
      vertex 82.5 -11 -26.5
      vertex 82.5 -1.7460861858353451 -23.666697489341164
      vertex 82.5 -1.48492424049175 -23.98492424049175
    endloop
  endfacet
  facet normal -1 0 0
    outer loop
      vertex 82.5 -11 -26.5
      vertex 82.5 -1.48492424049175 -23.98492424049175
      vertex 82.5 -1.1666974893411646 -24.246086185835345
    endloop
  endfacet
  facet normal -1 0 0
    outer loop
      vertex 82.5 -10.25 -19.5
      vertex 82.5 -1.9401470182737022 -21.69636479203331
      vertex 82.5 -2.059649088846784 -22.09031032376613
    endloop
  endfacet
  facet normal -1 0 0
    outer loop
      vertex 82.5 -10.25 -19.5
      vertex 82.5 -1.7460861858353451 -21.333302510658836
      vertex 82.5 -1.9401470182737022 -21.69636479203331
    endloop
  endfacet
  facet normal -1 0 0
    outer loop
      vertex 82.5 -10.25 -19.5
      vertex 82.5 -1.48492424049175 -21.01507575950825
      vertex 82.5 -1.7460861858353451 -21.333302510658836
    endloop
  endfacet
  facet normal -1 0 0
    outer loop
      vertex 82.5 -11 -26.5
      vertex 82.5 -0.8036352079666885 -24.440147018273702
      vertex 82.5 -0.4096896762338693 -24.559649088846783
    endloop
  endfacet
  facet normal 0 0 -1
    outer loop
      vertex 82.5 -11 -26.5
      vertex 82.5 11 -26.5
      vertex 87.5 -11 -26.5
    endloop
  endfacet
  facet normal -1 0 0
    outer loop
      vertex 82.5 -11 -26.5
      vertex 82.5 -1.1666974893411646 -24.246086185835345
      vertex 82.5 -0.8036352079666885 -24.440147018273702
    endloop
  endfacet
  facet normal -1 0 0
    outer loop
      vertex 82.5 -10.25 -19.5
      vertex 82.5 -1.1666974893411646 -20.753913814164655
      vertex 82.5 -1.48492424049175 -21.01507575950825
    endloop
  endfacet
  facet normal -1 0 0
    outer loop
      vertex 82.5 -10.25 -19.5
      vertex 82.5 -0.8036352079666885 -20.559852981726298
      vertex 82.5 -1.1666974893411646 -20.753913814164655
    endloop
  endfacet
  facet normal -1 0 0
    outer loop
      vertex 82.5 -10.25 -19.5
      vertex 82.5 -0.4096896762338693 -20.440350911153217
      vertex 82.5 -0.8036352079666885 -20.559852981726298
    endloop
  endfacet
  facet normal -1 0 0
    outer loop
      vertex 82.5 -11 -26.5
      vertex 82.5 -11 26.5
      vertex 82.5 -10.25 19.5
    endloop
  endfacet
  facet normal 0 -1 0
    outer loop
      vertex 82.5 -11 -26.5
      vertex 87.5 -11 26.5
      vertex 82.5 -11 26.5
    endloop
  endfacet
  facet normal -1 0 0
    outer loop
      vertex 82.5 -11 26.5
      vertex 82.5 -8.09433962264151 19.5
      vertex 82.5 -10.25 19.5
    endloop
  endfacet
  facet normal -1 0 0
    outer loop
      vertex 82.5 -11 26.5
      vertex 82.5 -2.1 22.5
      vertex 82.5 -8.09433962264151 19.5
    endloop
  endfacet
  facet normal -1 0 0
    outer loop
      vertex 82.5 -11 26.5
      vertex 82.5 -2.059649088846784 22.90968967623387
      vertex 82.5 -2.1 22.5
    endloop
  endfacet
  facet normal -1 0 0
    outer loop
      vertex 82.5 -11 26.5
      vertex 82.5 -1.9401470182737022 23.30363520796669
      vertex 82.5 -2.059649088846784 22.90968967623387
    endloop
  endfacet
  facet normal -1 0 0
    outer loop
      vertex 82.5 -11 26.5
      vertex 82.5 -1.7460861858353451 23.666697489341164
      vertex 82.5 -1.9401470182737022 23.30363520796669
    endloop
  endfacet
  facet normal -1 0 0
    outer loop
      vertex 82.5 -11 26.5
      vertex 82.5 -1.48492424049175 23.98492424049175
      vertex 82.5 -1.7460861858353451 23.666697489341164
    endloop
  endfacet
  facet normal -1 0 0
    outer loop
      vertex 82.5 -11 26.5
      vertex 82.5 -1.1666974893411646 24.246086185835345
      vertex 82.5 -1.48492424049175 23.98492424049175
    endloop
  endfacet
  facet normal -1 0 0
    outer loop
      vertex 82.5 -8.09433962264151 19.5
      vertex 82.5 -2.1 22.5
      vertex 82.5 -2.059649088846784 22.09031032376613
    endloop
  endfacet
  facet normal -1 0 0
    outer loop
      vertex 82.5 -8.09433962264151 19.5
      vertex 82.5 -1.7460861858353451 21.333302510658836
      vertex 82.5 -1.48492424049175 21.01507575950825
    endloop
  endfacet
  facet normal -1 0 0
    outer loop
      vertex 82.5 -8.09433962264151 19.5
      vertex 82.5 -2.059649088846784 22.09031032376613
      vertex 82.5 -1.9401470182737022 21.69636479203331
    endloop
  endfacet
  facet normal -1 0 0
    outer loop
      vertex 82.5 -8.09433962264151 19.5
      vertex 82.5 -1.9401470182737022 21.69636479203331
      vertex 82.5 -1.7460861858353451 21.333302510658836
    endloop
  endfacet
  facet normal -1 0 0
    outer loop
      vertex 82.5 -8.09433962264151 19.5
      vertex 82.5 -1.48492424049175 21.01507575950825
      vertex 82.5 -1.1666974893411646 20.753913814164655
    endloop
  endfacet
  facet normal -1 0 0
    outer loop
      vertex 82.5 -8.09433962264151 19.5
      vertex 82.5 -1.1666974893411646 20.753913814164655
      vertex 82.5 -0.8036352079666885 20.559852981726298
    endloop
  endfacet
  facet normal -1 0 0
    outer loop
      vertex 82.5 -8.09433962264151 19.5
      vertex 82.5 -0.8036352079666885 20.559852981726298
      vertex 82.5 -0.4096896762338693 20.440350911153217
    endloop
  endfacet
  facet normal -1 0 0
    outer loop
      vertex 82.5 -8.09433962264151 19.5
      vertex 82.5 -0.4096896762338693 20.440350911153217
      vertex 82.5 0 20.4
    endloop
  endfacet
  facet normal -1 0 0
    outer loop
      vertex 82.5 -8.09433962264151 19.5
      vertex 82.5 0 20.4
      vertex 82.5 0.4096896762338693 20.440350911153217
    endloop
  endfacet
  facet normal -1 0 0
    outer loop
      vertex 82.5 -11 26.5
      vertex 82.5 -0.8036352079666885 24.440147018273702
      vertex 82.5 -1.1666974893411646 24.246086185835345
    endloop
  endfacet
  facet normal -1 0 0
    outer loop
      vertex 82.5 -11 26.5
      vertex 82.5 -0.4096896762338693 24.559649088846783
      vertex 82.5 -0.8036352079666885 24.440147018273702
    endloop
  endfacet
  facet normal 0 0 1
    outer loop
      vertex 82.5 -11 26.5
      vertex 87.5 -11 26.5
      vertex 87.5 11 26.5
    endloop
  endfacet
  facet normal -1 0 0
    outer loop
      vertex 82.5 -11 -26.5
      vertex 82.5 -0.4096896762338693 -24.559649088846783
      vertex 82.5 11 -26.5
    endloop
  endfacet
  facet normal -1 0 0
    outer loop
      vertex 82.5 -10.25 -19.5
      vertex 82.5 8.09433962264151 -19.5
      vertex 82.5 -0.4096896762338693 -20.440350911153217
    endloop
  endfacet
  facet normal -1 0 0
    outer loop
      vertex 82.5 -0.4096896762338693 -24.559649088846783
      vertex 82.5 0 -24.6
      vertex 82.5 11 -26.5
    endloop
  endfacet
  facet normal -1 0 0
    outer loop
      vertex 82.5 0 -24.6
      vertex 82.5 0.4096896762338693 -24.559649088846783
      vertex 82.5 11 -26.5
    endloop
  endfacet
  facet normal -1 0 0
    outer loop
      vertex 82.5 0.4096896762338693 -24.559649088846783
      vertex 82.5 0.8036352079666885 -24.440147018273702
      vertex 82.5 11 -26.5
    endloop
  endfacet
  facet normal -1 0 0
    outer loop
      vertex 82.5 0.8036352079666885 -24.440147018273702
      vertex 82.5 1.1666974893411646 -24.246086185835345
      vertex 82.5 11 -26.5
    endloop
  endfacet
  facet normal -1 0 0
    outer loop
      vertex 82.5 2.059649088846784 -22.90968967623387
      vertex 82.5 2.1 -22.5
      vertex 82.5 8.09433962264151 -19.5
    endloop
  endfacet
  facet normal 0 0 -1
    outer loop
      vertex 87.5 -11 -26.5
      vertex 82.5 11 -26.5
      vertex 87.5 11 -26.5
    endloop
  endfacet
  facet normal -1 0 0
    outer loop
      vertex 82.5 -0.4096896762338693 -20.440350911153217
      vertex 82.5 8.09433962264151 -19.5
      vertex 82.5 0 -20.4
    endloop
  endfacet
  facet normal -1 0 0
    outer loop
      vertex 82.5 0 -20.4
      vertex 82.5 8.09433962264151 -19.5
      vertex 82.5 0.4096896762338693 -20.440350911153217
    endloop
  endfacet
  facet normal -1 0 0
    outer loop
      vertex 82.5 0.4096896762338693 -20.440350911153217
      vertex 82.5 8.09433962264151 -19.5
      vertex 82.5 0.8036352079666885 -20.559852981726298
    endloop
  endfacet
  facet normal -1 0 0
    outer loop
      vertex 82.5 0.8036352079666885 -20.559852981726298
      vertex 82.5 8.09433962264151 -19.5
      vertex 82.5 1.1666974893411646 -20.753913814164655
    endloop
  endfacet
  facet normal -1 0 0
    outer loop
      vertex 82.5 1.1666974893411646 -20.753913814164655
      vertex 82.5 8.09433962264151 -19.5
      vertex 82.5 1.48492424049175 -21.01507575950825
    endloop
  endfacet
  facet normal -1 0 0
    outer loop
      vertex 82.5 1.9401470182737022 -21.69636479203331
      vertex 82.5 1.7460861858353451 -21.333302510658836
      vertex 82.5 8.09433962264151 -19.5
    endloop
  endfacet
  facet normal -1 0 0
    outer loop
      vertex 82.5 1.48492424049175 -21.01507575950825
      vertex 82.5 8.09433962264151 -19.5
      vertex 82.5 1.7460861858353451 -21.333302510658836
    endloop
  endfacet
  facet normal -1 0 0
    outer loop
      vertex 82.5 2.1 -22.5
      vertex 82.5 2.059649088846784 -22.09031032376613
      vertex 82.5 8.09433962264151 -19.5
    endloop
  endfacet
  facet normal -1 0 0
    outer loop
      vertex 82.5 1.9401470182737022 -21.69636479203331
      vertex 82.5 8.09433962264151 -19.5
      vertex 82.5 2.059649088846784 -22.09031032376613
    endloop
  endfacet
  facet normal -1 0 0
    outer loop
      vertex 82.5 1.1666974893411646 -24.246086185835345
      vertex 82.5 1.48492424049175 -23.98492424049175
      vertex 82.5 11 -26.5
    endloop
  endfacet
  facet normal -1 0 0
    outer loop
      vertex 82.5 1.48492424049175 -23.98492424049175
      vertex 82.5 1.7460861858353451 -23.666697489341164
      vertex 82.5 11 -26.5
    endloop
  endfacet
  facet normal -1 0 0
    outer loop
      vertex 82.5 1.7460861858353451 -23.666697489341164
      vertex 82.5 1.9401470182737022 -23.30363520796669
      vertex 82.5 11 -26.5
    endloop
  endfacet
  facet normal -1 0 0
    outer loop
      vertex 82.5 1.9401470182737022 -23.30363520796669
      vertex 82.5 2.059649088846784 -22.90968967623387
      vertex 82.5 11 -26.5
    endloop
  endfacet
  facet normal -1 0 0
    outer loop
      vertex 82.5 2.059649088846784 -22.90968967623387
      vertex 82.5 8.09433962264151 -19.5
      vertex 82.5 11 -26.5
    endloop
  endfacet
  facet normal -1 0 0
    outer loop
      vertex 82.5 8.09433962264151 -19.5
      vertex 82.5 10.25 -19.5
      vertex 82.5 11 -26.5
    endloop
  endfacet
  facet normal 0 1 0
    outer loop
      vertex 82.5 11 -26.5
      vertex 87.5 11 26.5
      vertex 87.5 11 -26.5
    endloop
  endfacet
  facet normal -1 0 0
    outer loop
      vertex 82.5 11 -26.5
      vertex 82.5 10.25 -19.5
      vertex 82.5 11 26.5
    endloop
  endfacet
  facet normal -1 0 0
    outer loop
      vertex 82.5 -8.09433962264151 19.5
      vertex 82.5 0.4096896762338693 20.440350911153217
      vertex 82.5 10.25 19.5
    endloop
  endfacet
  facet normal -1 0 0
    outer loop
      vertex 82.5 -11 26.5
      vertex 82.5 11 26.5
      vertex 82.5 -0.4096896762338693 24.559649088846783
    endloop
  endfacet
  facet normal -1 0 0
    outer loop
      vertex 82.5 0.4096896762338693 20.440350911153217
      vertex 82.5 0.8036352079666885 20.559852981726298
      vertex 82.5 10.25 19.5
    endloop
  endfacet
  facet normal -1 0 0
    outer loop
      vertex 82.5 0.8036352079666885 20.559852981726298
      vertex 82.5 1.1666974893411646 20.753913814164655
      vertex 82.5 10.25 19.5
    endloop
  endfacet
  facet normal -1 0 0
    outer loop
      vertex 82.5 1.1666974893411646 20.753913814164655
      vertex 82.5 1.48492424049175 21.01507575950825
      vertex 82.5 10.25 19.5
    endloop
  endfacet
  facet normal -1 0 0
    outer loop
      vertex 82.5 0.8036352079666885 24.440147018273702
      vertex 82.5 11 26.5
      vertex 82.5 1.1666974893411646 24.246086185835345
    endloop
  endfacet
  facet normal -1 0 0
    outer loop
      vertex 82.5 -0.4096896762338693 24.559649088846783
      vertex 82.5 11 26.5
      vertex 82.5 0 24.6
    endloop
  endfacet
  facet normal -1 0 0
    outer loop
      vertex 82.5 0 24.6
      vertex 82.5 11 26.5
      vertex 82.5 0.4096896762338693 24.559649088846783
    endloop
  endfacet
  facet normal -1 0 0
    outer loop
      vertex 82.5 0.4096896762338693 24.559649088846783
      vertex 82.5 11 26.5
      vertex 82.5 0.8036352079666885 24.440147018273702
    endloop
  endfacet
  facet normal 0 0 1
    outer loop
      vertex 82.5 -11 26.5
      vertex 87.5 11 26.5
      vertex 82.5 11 26.5
    endloop
  endfacet
  facet normal -1 0 0
    outer loop
      vertex 82.5 1.48492424049175 21.01507575950825
      vertex 82.5 1.7460861858353451 21.333302510658836
      vertex 82.5 10.25 19.5
    endloop
  endfacet
  facet normal -1 0 0
    outer loop
      vertex 82.5 1.7460861858353451 21.333302510658836
      vertex 82.5 1.9401470182737022 21.69636479203331
      vertex 82.5 10.25 19.5
    endloop
  endfacet
  facet normal -1 0 0
    outer loop
      vertex 82.5 1.9401470182737022 21.69636479203331
      vertex 82.5 2.059649088846784 22.09031032376613
      vertex 82.5 10.25 19.5
    endloop
  endfacet
  facet normal -1 0 0
    outer loop
      vertex 82.5 2.059649088846784 22.09031032376613
      vertex 82.5 2.1 22.5
      vertex 82.5 10.25 19.5
    endloop
  endfacet
  facet normal -1 0 0
    outer loop
      vertex 82.5 2.059649088846784 22.90968967623387
      vertex 82.5 10.25 19.5
      vertex 82.5 2.1 22.5
    endloop
  endfacet
  facet normal -1 0 0
    outer loop
      vertex 82.5 1.1666974893411646 24.246086185835345
      vertex 82.5 11 26.5
      vertex 82.5 1.48492424049175 23.98492424049175
    endloop
  endfacet
  facet normal -1 0 0
    outer loop
      vertex 82.5 1.9401470182737022 23.30363520796669
      vertex 82.5 11 26.5
      vertex 82.5 2.059649088846784 22.90968967623387
    endloop
  endfacet
  facet normal -1 0 0
    outer loop
      vertex 82.5 1.9401470182737022 23.30363520796669
      vertex 82.5 1.7460861858353451 23.666697489341164
      vertex 82.5 11 26.5
    endloop
  endfacet
  facet normal -1 0 0
    outer loop
      vertex 82.5 1.48492424049175 23.98492424049175
      vertex 82.5 11 26.5
      vertex 82.5 1.7460861858353451 23.666697489341164
    endloop
  endfacet
  facet normal -1 0 0
    outer loop
      vertex 82.5 2.059649088846784 22.90968967623387
      vertex 82.5 11 26.5
      vertex 82.5 10.25 19.5
    endloop
  endfacet
  facet normal -1 0 0
    outer loop
      vertex 82.5 10.25 -19.5
      vertex 82.5 10.25 19.5
      vertex 82.5 11 26.5
    endloop
  endfacet
  facet normal 0 1 0
    outer loop
      vertex 82.5 11 -26.5
      vertex 82.5 11 26.5
      vertex 87.5 11 26.5
    endloop
  endfacet
  facet normal 0 -1 0
    outer loop
      vertex -87.5 14 -55
      vertex -81.5 14 -52.377499074759314
      vertex -84.425 14 -50.68874953737966
    endloop
  endfacet
  facet normal 0 -1 0
    outer loop
      vertex -87.5 14 -55
      vertex -84.425 14 -50.68874953737966
      vertex -84.425 14 -47.31125046262034
    endloop
  endfacet
  facet normal 0 -1 0
    outer loop
      vertex -87.5 14 -55
      vertex -76.5 14 -55
      vertex -81.5 14 -52.377499074759314
    endloop
  endfacet
  facet normal 0 -1 0
    outer loop
      vertex -81.5 14 -52.377499074759314
      vertex -76.5 14 -55
      vertex -78.575 14 -50.68874953737966
    endloop
  endfacet
  facet normal 0 -1 0
    outer loop
      vertex -87.5 14 -55
      vertex -84.425 14 -47.31125046262034
      vertex -87.5 14 -44
    endloop
  endfacet
  facet normal 0 -1 0
    outer loop
      vertex -84.425 14 -47.31125046262034
      vertex -81.5 14 -45.622500925240686
      vertex -87.5 14 -44
    endloop
  endfacet
  facet normal 0 -1 0
    outer loop
      vertex -87.5 14 -44
      vertex -81.5 14 -45.622500925240686
      vertex -76.5 14 -44
    endloop
  endfacet
  facet normal 0 -1 0
    outer loop
      vertex -81.5 14 -45.622500925240686
      vertex -78.575 14 -47.31125046262034
      vertex -76.5 14 -44
    endloop
  endfacet
  facet normal 0 -1 0
    outer loop
      vertex -76.5 14 -55
      vertex -76.5 14 -44
      vertex -78.575 14 -50.68874953737966
    endloop
  endfacet
  facet normal 0 -1 0
    outer loop
      vertex -78.575 14 -50.68874953737966
      vertex -76.5 14 -44
      vertex -78.575 14 -47.31125046262034
    endloop
  endfacet
  facet normal 0 0 1
    outer loop
      vertex -87.5 14 -44
      vertex -76.5 14 -44
      vertex -76.5 22 -44
    endloop
  endfacet
  facet normal 0 1 0
    outer loop
      vertex -87.5 22 -55
      vertex -82.97820725201805 22 -49.61229349178414
      vertex -82.83035137968407 22 -49.88891237283136
    endloop
  endfacet
  facet normal 0 1 0
    outer loop
      vertex -87.5 22 -55
      vertex -82.11229349178414 22 -50.47820725201806
      vertex -76.5 22 -55
    endloop
  endfacet
  facet normal 0 1 0
    outer loop
      vertex -87.5 22 -55
      vertex -82.83035137968407 22 -49.88891237283136
      vertex -82.63137084989847 22 -50.131370849898474
    endloop
  endfacet
  facet normal 0 1 0
    outer loop
      vertex -87.5 22 -55
      vertex -82.63137084989847 22 -50.131370849898474
      vertex -82.38891237283136 22 -50.330351379684075
    endloop
  endfacet
  facet normal 0 1 0
    outer loop
      vertex -87.5 22 -55
      vertex -82.38891237283136 22 -50.330351379684075
      vertex -82.11229349178414 22 -50.47820725201806
    endloop
  endfacet
  facet normal 0 1 0
    outer loop
      vertex -82.11229349178414 22 -50.47820725201806
      vertex -81.81214451522581 22 -50.56925644864517
      vertex -76.5 22 -55
    endloop
  endfacet
  facet normal 0 1 0
    outer loop
      vertex -81.81214451522581 22 -50.56925644864517
      vertex -81.5 22 -50.6
      vertex -76.5 22 -55
    endloop
  endfacet
  facet normal 0 1 0
    outer loop
      vertex -81.5 22 -50.6
      vertex -81.18785548477419 22 -50.56925644864517
      vertex -76.5 22 -55
    endloop
  endfacet
  facet normal 0 1 0
    outer loop
      vertex -81.18785548477419 22 -50.56925644864517
      vertex -80.88770650821586 22 -50.47820725201806
      vertex -76.5 22 -55
    endloop
  endfacet
  facet normal 0 1 0
    outer loop
      vertex -80.88770650821586 22 -50.47820725201806
      vertex -80.61108762716864 22 -50.330351379684075
      vertex -76.5 22 -55
    endloop
  endfacet
  facet normal 0 1 0
    outer loop
      vertex -80.61108762716864 22 -50.330351379684075
      vertex -80.36862915010153 22 -50.131370849898474
      vertex -76.5 22 -55
    endloop
  endfacet
  facet normal 0 1 0
    outer loop
      vertex -80.36862915010153 22 -50.131370849898474
      vertex -80.16964862031593 22 -49.88891237283136
      vertex -76.5 22 -55
    endloop
  endfacet
  facet normal 0 1 0
    outer loop
      vertex -80.16964862031593 22 -49.88891237283136
      vertex -80.02179274798195 22 -49.61229349178414
      vertex -76.5 22 -55
    endloop
  endfacet
  facet normal 0 1 0
    outer loop
      vertex -87.5 22 -55
      vertex -87.5 22 -44
      vertex -82.97820725201805 22 -49.61229349178414
    endloop
  endfacet
  facet normal 0 1 0
    outer loop
      vertex -87.5 22 -44
      vertex -83.06925644864516 22 -49.3121445152258
      vertex -82.97820725201805 22 -49.61229349178414
    endloop
  endfacet
  facet normal 0 1 0
    outer loop
      vertex -87.5 22 -44
      vertex -83.1 22 -49
      vertex -83.06925644864516 22 -49.3121445152258
    endloop
  endfacet
  facet normal 0 1 0
    outer loop
      vertex -87.5 22 -44
      vertex -83.06925644864516 22 -48.6878554847742
      vertex -83.1 22 -49
    endloop
  endfacet
  facet normal 0 1 0
    outer loop
      vertex -87.5 22 -44
      vertex -82.97820725201805 22 -48.38770650821586
      vertex -83.06925644864516 22 -48.6878554847742
    endloop
  endfacet
  facet normal 0 1 0
    outer loop
      vertex -87.5 22 -44
      vertex -82.83035137968407 22 -48.11108762716864
      vertex -82.97820725201805 22 -48.38770650821586
    endloop
  endfacet
  facet normal 0 0 1
    outer loop
      vertex -87.5 14 -44
      vertex -76.5 22 -44
      vertex -87.5 22 -44
    endloop
  endfacet
  facet normal 0 1 0
    outer loop
      vertex -80.02179274798195 22 -49.61229349178414
      vertex -79.93074355135484 22 -49.3121445152258
      vertex -76.5 22 -44
    endloop
  endfacet
  facet normal 0 1 0
    outer loop
      vertex -79.93074355135484 22 -49.3121445152258
      vertex -79.9 22 -49
      vertex -76.5 22 -44
    endloop
  endfacet
  facet normal 0 1 0
    outer loop
      vertex -79.9 22 -49
      vertex -79.93074355135484 22 -48.6878554847742
      vertex -76.5 22 -44
    endloop
  endfacet
  facet normal 0 1 0
    outer loop
      vertex -79.93074355135484 22 -48.6878554847742
      vertex -80.02179274798195 22 -48.38770650821586
      vertex -76.5 22 -44
    endloop
  endfacet
  facet normal 0 1 0
    outer loop
      vertex -80.16964862031593 22 -48.11108762716864
      vertex -76.5 22 -44
      vertex -80.02179274798195 22 -48.38770650821586
    endloop
  endfacet
  facet normal 0 1 0
    outer loop
      vertex -87.5 22 -44
      vertex -82.63137084989847 22 -47.868629150101526
      vertex -82.83035137968407 22 -48.11108762716864
    endloop
  endfacet
  facet normal 0 1 0
    outer loop
      vertex -87.5 22 -44
      vertex -82.38891237283136 22 -47.669648620315925
      vertex -82.63137084989847 22 -47.868629150101526
    endloop
  endfacet
  facet normal 0 1 0
    outer loop
      vertex -87.5 22 -44
      vertex -82.11229349178414 22 -47.52179274798194
      vertex -82.38891237283136 22 -47.669648620315925
    endloop
  endfacet
  facet normal 0 1 0
    outer loop
      vertex -87.5 22 -44
      vertex -76.5 22 -44
      vertex -82.11229349178414 22 -47.52179274798194
    endloop
  endfacet
  facet normal 0 1 0
    outer loop
      vertex -82.11229349178414 22 -47.52179274798194
      vertex -76.5 22 -44
      vertex -81.81214451522581 22 -47.43074355135483
    endloop
  endfacet
  facet normal 0 1 0
    outer loop
      vertex -81.81214451522581 22 -47.43074355135483
      vertex -76.5 22 -44
      vertex -81.5 22 -47.4
    endloop
  endfacet
  facet normal 0 1 0
    outer loop
      vertex -81.5 22 -47.4
      vertex -76.5 22 -44
      vertex -81.18785548477419 22 -47.43074355135483
    endloop
  endfacet
  facet normal 0 1 0
    outer loop
      vertex -81.18785548477419 22 -47.43074355135483
      vertex -76.5 22 -44
      vertex -80.88770650821586 22 -47.52179274798194
    endloop
  endfacet
  facet normal 0 1 0
    outer loop
      vertex -80.61108762716864 22 -47.669648620315925
      vertex -76.5 22 -44
      vertex -80.36862915010153 22 -47.868629150101526
    endloop
  endfacet
  facet normal 0 1 0
    outer loop
      vertex -80.61108762716864 22 -47.669648620315925
      vertex -80.88770650821586 22 -47.52179274798194
      vertex -76.5 22 -44
    endloop
  endfacet
  facet normal 0 1 0
    outer loop
      vertex -80.16964862031593 22 -48.11108762716864
      vertex -80.36862915010153 22 -47.868629150101526
      vertex -76.5 22 -44
    endloop
  endfacet
  facet normal 1 0 0
    outer loop
      vertex -76.5 14 -55
      vertex -76.5 22 -55
      vertex -76.5 14 -44
    endloop
  endfacet
  facet normal 1 0 0
    outer loop
      vertex -76.5 14 -44
      vertex -76.5 22 -55
      vertex -76.5 22 -44
    endloop
  endfacet
  facet normal 0 1 0
    outer loop
      vertex -80.02179274798195 22 -49.61229349178414
      vertex -76.5 22 -44
      vertex -76.5 22 -55
    endloop
  endfacet
  facet normal 0 -1 0
    outer loop
      vertex -87.5 14 44
      vertex -81.5 14 45.622500925240686
      vertex -84.425 14 47.31125046262034
    endloop
  endfacet
  facet normal 0 -1 0
    outer loop
      vertex -87.5 14 44
      vertex -84.425 14 47.31125046262034
      vertex -84.425 14 50.68874953737966
    endloop
  endfacet
  facet normal 0 -1 0
    outer loop
      vertex -87.5 14 44
      vertex -84.425 14 50.68874953737966
      vertex -87.5 14 55
    endloop
  endfacet
  facet normal 0 -1 0
    outer loop
      vertex -87.5 14 44
      vertex -76.5 14 44
      vertex -81.5 14 45.622500925240686
    endloop
  endfacet
  facet normal 0 -1 0
    outer loop
      vertex -81.5 14 45.622500925240686
      vertex -76.5 14 44
      vertex -78.575 14 47.31125046262034
    endloop
  endfacet
  facet normal 0 -1 0
    outer loop
      vertex -84.425 14 50.68874953737966
      vertex -81.5 14 52.377499074759314
      vertex -87.5 14 55
    endloop
  endfacet
  facet normal 0 -1 0
    outer loop
      vertex -81.5 14 52.377499074759314
      vertex -78.575 14 50.68874953737966
      vertex -76.5 14 55
    endloop
  endfacet
  facet normal 0 -1 0
    outer loop
      vertex -87.5 14 55
      vertex -81.5 14 52.377499074759314
      vertex -76.5 14 55
    endloop
  endfacet
  facet normal 0 -1 0
    outer loop
      vertex -76.5 14 44
      vertex -76.5 14 55
      vertex -78.575 14 47.31125046262034
    endloop
  endfacet
  facet normal 0 -1 0
    outer loop
      vertex -78.575 14 47.31125046262034
      vertex -76.5 14 55
      vertex -78.575 14 50.68874953737966
    endloop
  endfacet
  facet normal 0 0 -1
    outer loop
      vertex -87.5 14 44
      vertex -87.5 22 44
      vertex -76.5 14 44
    endloop
  endfacet
  facet normal 0 1 0
    outer loop
      vertex -87.5 22 44
      vertex -82.97820725201805 22 48.38770650821586
      vertex -82.83035137968407 22 48.11108762716864
    endloop
  endfacet
  facet normal 0 1 0
    outer loop
      vertex -87.5 22 44
      vertex -83.06925644864516 22 48.6878554847742
      vertex -82.97820725201805 22 48.38770650821586
    endloop
  endfacet
  facet normal 0 1 0
    outer loop
      vertex -87.5 22 44
      vertex -83.1 22 49
      vertex -83.06925644864516 22 48.6878554847742
    endloop
  endfacet
  facet normal 0 1 0
    outer loop
      vertex -87.5 22 44
      vertex -83.06925644864516 22 49.3121445152258
      vertex -83.1 22 49
    endloop
  endfacet
  facet normal 0 1 0
    outer loop
      vertex -87.5 22 44
      vertex -82.97820725201805 22 49.61229349178414
      vertex -83.06925644864516 22 49.3121445152258
    endloop
  endfacet
  facet normal 0 1 0
    outer loop
      vertex -87.5 22 44
      vertex -87.5 22 55
      vertex -82.97820725201805 22 49.61229349178414
    endloop
  endfacet
  facet normal 0 0 -1
    outer loop
      vertex -76.5 14 44
      vertex -87.5 22 44
      vertex -76.5 22 44
    endloop
  endfacet
  facet normal 0 1 0
    outer loop
      vertex -87.5 22 44
      vertex -82.83035137968407 22 48.11108762716864
      vertex -82.63137084989847 22 47.868629150101526
    endloop
  endfacet
  facet normal 0 1 0
    outer loop
      vertex -87.5 22 44
      vertex -82.63137084989847 22 47.868629150101526
      vertex -82.38891237283136 22 47.669648620315925
    endloop
  endfacet
  facet normal 0 1 0
    outer loop
      vertex -87.5 22 44
      vertex -82.38891237283136 22 47.669648620315925
      vertex -82.11229349178414 22 47.52179274798194
    endloop
  endfacet
  facet normal 0 1 0
    outer loop
      vertex -87.5 22 44
      vertex -82.11229349178414 22 47.52179274798194
      vertex -76.5 22 44
    endloop
  endfacet
  facet normal 0 1 0
    outer loop
      vertex -82.11229349178414 22 47.52179274798194
      vertex -81.81214451522581 22 47.43074355135483
      vertex -76.5 22 44
    endloop
  endfacet
  facet normal 0 1 0
    outer loop
      vertex -81.81214451522581 22 47.43074355135483
      vertex -81.5 22 47.4
      vertex -76.5 22 44
    endloop
  endfacet
  facet normal 0 1 0
    outer loop
      vertex -81.5 22 47.4
      vertex -81.18785548477419 22 47.43074355135483
      vertex -76.5 22 44
    endloop
  endfacet
  facet normal 0 1 0
    outer loop
      vertex -81.18785548477419 22 47.43074355135483
      vertex -80.88770650821586 22 47.52179274798194
      vertex -76.5 22 44
    endloop
  endfacet
  facet normal 0 1 0
    outer loop
      vertex -80.88770650821586 22 47.52179274798194
      vertex -80.61108762716864 22 47.669648620315925
      vertex -76.5 22 44
    endloop
  endfacet
  facet normal 0 1 0
    outer loop
      vertex -80.61108762716864 22 47.669648620315925
      vertex -80.36862915010153 22 47.868629150101526
      vertex -76.5 22 44
    endloop
  endfacet
  facet normal 0 1 0
    outer loop
      vertex -80.36862915010153 22 47.868629150101526
      vertex -80.16964862031593 22 48.11108762716864
      vertex -76.5 22 44
    endloop
  endfacet
  facet normal 0 1 0
    outer loop
      vertex -80.16964862031593 22 48.11108762716864
      vertex -80.02179274798195 22 48.38770650821586
      vertex -76.5 22 44
    endloop
  endfacet
  facet normal 0 1 0
    outer loop
      vertex -80.02179274798195 22 48.38770650821586
      vertex -79.93074355135484 22 48.6878554847742
      vertex -76.5 22 44
    endloop
  endfacet
  facet normal 0 1 0
    outer loop
      vertex -79.93074355135484 22 48.6878554847742
      vertex -79.9 22 49
      vertex -76.5 22 44
    endloop
  endfacet
  facet normal 0 1 0
    outer loop
      vertex -79.9 22 49
      vertex -79.93074355135484 22 49.3121445152258
      vertex -76.5 22 44
    endloop
  endfacet
  facet normal 0 1 0
    outer loop
      vertex -79.93074355135484 22 49.3121445152258
      vertex -80.02179274798195 22 49.61229349178414
      vertex -76.5 22 44
    endloop
  endfacet
  facet normal 0 1 0
    outer loop
      vertex -82.97820725201805 22 49.61229349178414
      vertex -87.5 22 55
      vertex -82.83035137968407 22 49.88891237283136
    endloop
  endfacet
  facet normal 0 1 0
    outer loop
      vertex -82.83035137968407 22 49.88891237283136
      vertex -87.5 22 55
      vertex -82.63137084989847 22 50.131370849898474
    endloop
  endfacet
  facet normal 0 1 0
    outer loop
      vertex -82.63137084989847 22 50.131370849898474
      vertex -87.5 22 55
      vertex -82.38891237283136 22 50.330351379684075
    endloop
  endfacet
  facet normal 0 1 0
    outer loop
      vertex -87.5 22 55
      vertex -82.11229349178414 22 50.47820725201806
      vertex -82.38891237283136 22 50.330351379684075
    endloop
  endfacet
  facet normal 0 1 0
    outer loop
      vertex -87.5 22 55
      vertex -76.5 22 55
      vertex -82.11229349178414 22 50.47820725201806
    endloop
  endfacet
  facet normal 0 1 0
    outer loop
      vertex -82.11229349178414 22 50.47820725201806
      vertex -76.5 22 55
      vertex -81.81214451522581 22 50.56925644864517
    endloop
  endfacet
  facet normal 0 1 0
    outer loop
      vertex -81.81214451522581 22 50.56925644864517
      vertex -76.5 22 55
      vertex -81.5 22 50.6
    endloop
  endfacet
  facet normal 0 1 0
    outer loop
      vertex -81.5 22 50.6
      vertex -76.5 22 55
      vertex -81.18785548477419 22 50.56925644864517
    endloop
  endfacet
  facet normal 0 1 0
    outer loop
      vertex -80.88770650821586 22 50.47820725201806
      vertex -81.18785548477419 22 50.56925644864517
      vertex -76.5 22 55
    endloop
  endfacet
  facet normal 0 1 0
    outer loop
      vertex -80.16964862031593 22 49.88891237283136
      vertex -76.5 22 55
      vertex -80.02179274798195 22 49.61229349178414
    endloop
  endfacet
  facet normal 0 1 0
    outer loop
      vertex -80.36862915010153 22 50.131370849898474
      vertex -80.61108762716864 22 50.330351379684075
      vertex -76.5 22 55
    endloop
  endfacet
  facet normal 0 1 0
    outer loop
      vertex -80.88770650821586 22 50.47820725201806
      vertex -76.5 22 55
      vertex -80.61108762716864 22 50.330351379684075
    endloop
  endfacet
  facet normal 0 1 0
    outer loop
      vertex -80.16964862031593 22 49.88891237283136
      vertex -80.36862915010153 22 50.131370849898474
      vertex -76.5 22 55
    endloop
  endfacet
  facet normal 1 0 0
    outer loop
      vertex -76.5 14 44
      vertex -76.5 22 44
      vertex -76.5 14 55
    endloop
  endfacet
  facet normal 0 1 0
    outer loop
      vertex -80.02179274798195 22 49.61229349178414
      vertex -76.5 22 55
      vertex -76.5 22 44
    endloop
  endfacet
  facet normal 1 0 0
    outer loop
      vertex -76.5 14 55
      vertex -76.5 22 44
      vertex -76.5 22 55
    endloop
  endfacet
  facet normal 0 -1 0
    outer loop
      vertex 76.5 14 -55
      vertex 78.575 14 -50.68874953737966
      vertex 78.575 14 -47.31125046262034
    endloop
  endfacet
  facet normal 0 -1 0
    outer loop
      vertex 76.5 14 -55
      vertex 78.575 14 -47.31125046262034
      vertex 76.5 14 -44
    endloop
  endfacet
  facet normal 0 -1 0
    outer loop
      vertex 76.5 14 -55
      vertex 87.5 14 -55
      vertex 81.5 14 -52.377499074759314
    endloop
  endfacet
  facet normal 0 -1 0
    outer loop
      vertex 76.5 14 -55
      vertex 81.5 14 -52.377499074759314
      vertex 78.575 14 -50.68874953737966
    endloop
  endfacet
  facet normal 0 -1 0
    outer loop
      vertex 81.5 14 -52.377499074759314
      vertex 87.5 14 -55
      vertex 84.425 14 -50.68874953737966
    endloop
  endfacet
  facet normal 0 -1 0
    outer loop
      vertex 78.575 14 -47.31125046262034
      vertex 81.5 14 -45.622500925240686
      vertex 76.5 14 -44
    endloop
  endfacet
  facet normal 0 -1 0
    outer loop
      vertex 76.5 14 -44
      vertex 81.5 14 -45.622500925240686
      vertex 87.5 14 -44
    endloop
  endfacet
  facet normal 0 -1 0
    outer loop
      vertex 87.5 14 -55
      vertex 87.5 14 -44
      vertex 84.425 14 -50.68874953737966
    endloop
  endfacet
  facet normal 0 -1 0
    outer loop
      vertex 84.425 14 -50.68874953737966
      vertex 87.5 14 -44
      vertex 84.425 14 -47.31125046262034
    endloop
  endfacet
  facet normal 0 -1 0
    outer loop
      vertex 81.5 14 -45.622500925240686
      vertex 84.425 14 -47.31125046262034
      vertex 87.5 14 -44
    endloop
  endfacet
  facet normal -1 0 0
    outer loop
      vertex 76.5 14 -55
      vertex 76.5 14 -44
      vertex 76.5 22 -44
    endloop
  endfacet
  facet normal -1 0 0
    outer loop
      vertex 76.5 14 -55
      vertex 76.5 22 -44
      vertex 76.5 22 -55
    endloop
  endfacet
  facet normal 0 1 0
    outer loop
      vertex 76.5 22 -55
      vertex 76.5 22 -44
      vertex 80.02179274798195 22 -49.61229349178414
    endloop
  endfacet
  facet normal 0 0 1
    outer loop
      vertex 76.5 14 -44
      vertex 87.5 14 -44
      vertex 87.5 22 -44
    endloop
  endfacet
  facet normal 0 1 0
    outer loop
      vertex 76.5 22 -55
      vertex 80.16964862031593 22 -49.88891237283136
      vertex 80.36862915010153 22 -50.131370849898474
    endloop
  endfacet
  facet normal 0 1 0
    outer loop
      vertex 76.5 22 -55
      vertex 80.61108762716864 22 -50.330351379684075
      vertex 80.88770650821586 22 -50.47820725201806
    endloop
  endfacet
  facet normal 0 1 0
    outer loop
      vertex 76.5 22 -55
      vertex 80.36862915010153 22 -50.131370849898474
      vertex 80.61108762716864 22 -50.330351379684075
    endloop
  endfacet
  facet normal 0 1 0
    outer loop
      vertex 76.5 22 -55
      vertex 80.02179274798195 22 -49.61229349178414
      vertex 80.16964862031593 22 -49.88891237283136
    endloop
  endfacet
  facet normal 0 1 0
    outer loop
      vertex 76.5 22 -55
      vertex 80.88770650821586 22 -50.47820725201806
      vertex 81.18785548477419 22 -50.56925644864517
    endloop
  endfacet
  facet normal 0 1 0
    outer loop
      vertex 76.5 22 -55
      vertex 81.18785548477419 22 -50.56925644864517
      vertex 81.5 22 -50.6
    endloop
  endfacet
  facet normal 0 1 0
    outer loop
      vertex 76.5 22 -55
      vertex 81.5 22 -50.6
      vertex 81.81214451522581 22 -50.56925644864517
    endloop
  endfacet
  facet normal 0 1 0
    outer loop
      vertex 76.5 22 -55
      vertex 81.81214451522581 22 -50.56925644864517
      vertex 82.11229349178414 22 -50.47820725201806
    endloop
  endfacet
  facet normal 0 1 0
    outer loop
      vertex 76.5 22 -55
      vertex 82.11229349178414 22 -50.47820725201806
      vertex 87.5 22 -55
    endloop
  endfacet
  facet normal 0 1 0
    outer loop
      vertex 82.11229349178414 22 -50.47820725201806
      vertex 82.38891237283136 22 -50.330351379684075
      vertex 87.5 22 -55
    endloop
  endfacet
  facet normal 0 1 0
    outer loop
      vertex 82.38891237283136 22 -50.330351379684075
      vertex 82.63137084989847 22 -50.131370849898474
      vertex 87.5 22 -55
    endloop
  endfacet
  facet normal 0 1 0
    outer loop
      vertex 87.5 22 -55
      vertex 82.63137084989847 22 -50.131370849898474
      vertex 82.83035137968407 22 -49.88891237283136
    endloop
  endfacet
  facet normal 0 1 0
    outer loop
      vertex 87.5 22 -55
      vertex 82.83035137968407 22 -49.88891237283136
      vertex 82.97820725201805 22 -49.61229349178414
    endloop
  endfacet
  facet normal 0 0 1
    outer loop
      vertex 76.5 14 -44
      vertex 87.5 22 -44
      vertex 76.5 22 -44
    endloop
  endfacet
  facet normal 0 1 0
    outer loop
      vertex 76.5 22 -44
      vertex 79.93074355135484 22 -49.3121445152258
      vertex 80.02179274798195 22 -49.61229349178414
    endloop
  endfacet
  facet normal 0 1 0
    outer loop
      vertex 76.5 22 -44
      vertex 79.9 22 -49
      vertex 79.93074355135484 22 -49.3121445152258
    endloop
  endfacet
  facet normal 0 1 0
    outer loop
      vertex 76.5 22 -44
      vertex 79.93074355135484 22 -48.6878554847742
      vertex 79.9 22 -49
    endloop
  endfacet
  facet normal 0 1 0
    outer loop
      vertex 76.5 22 -44
      vertex 80.02179274798195 22 -48.38770650821586
      vertex 79.93074355135484 22 -48.6878554847742
    endloop
  endfacet
  facet normal 0 1 0
    outer loop
      vertex 76.5 22 -44
      vertex 80.16964862031593 22 -48.11108762716864
      vertex 80.02179274798195 22 -48.38770650821586
    endloop
  endfacet
  facet normal 0 1 0
    outer loop
      vertex 76.5 22 -44
      vertex 80.36862915010153 22 -47.868629150101526
      vertex 80.16964862031593 22 -48.11108762716864
    endloop
  endfacet
  facet normal 0 1 0
    outer loop
      vertex 76.5 22 -44
      vertex 80.61108762716864 22 -47.669648620315925
      vertex 80.36862915010153 22 -47.868629150101526
    endloop
  endfacet
  facet normal 0 1 0
    outer loop
      vertex 76.5 22 -44
      vertex 80.88770650821586 22 -47.52179274798194
      vertex 80.61108762716864 22 -47.669648620315925
    endloop
  endfacet
  facet normal 0 1 0
    outer loop
      vertex 76.5 22 -44
      vertex 81.18785548477419 22 -47.43074355135483
      vertex 80.88770650821586 22 -47.52179274798194
    endloop
  endfacet
  facet normal 0 1 0
    outer loop
      vertex 76.5 22 -44
      vertex 81.5 22 -47.4
      vertex 81.18785548477419 22 -47.43074355135483
    endloop
  endfacet
  facet normal 0 1 0
    outer loop
      vertex 76.5 22 -44
      vertex 81.81214451522581 22 -47.43074355135483
      vertex 81.5 22 -47.4
    endloop
  endfacet
  facet normal 0 1 0
    outer loop
      vertex 76.5 22 -44
      vertex 82.11229349178414 22 -47.52179274798194
      vertex 81.81214451522581 22 -47.43074355135483
    endloop
  endfacet
  facet normal 0 1 0
    outer loop
      vertex 76.5 22 -44
      vertex 87.5 22 -44
      vertex 82.11229349178414 22 -47.52179274798194
    endloop
  endfacet
  facet normal 0 1 0
    outer loop
      vertex 82.38891237283136 22 -47.669648620315925
      vertex 82.11229349178414 22 -47.52179274798194
      vertex 87.5 22 -44
    endloop
  endfacet
  facet normal 0 1 0
    outer loop
      vertex 82.38891237283136 22 -47.669648620315925
      vertex 87.5 22 -44
      vertex 82.63137084989847 22 -47.868629150101526
    endloop
  endfacet
  facet normal 0 1 0
    outer loop
      vertex 82.83035137968407 22 -48.11108762716864
      vertex 82.63137084989847 22 -47.868629150101526
      vertex 87.5 22 -44
    endloop
  endfacet
  facet normal 0 1 0
    outer loop
      vertex 87.5 22 -55
      vertex 82.97820725201805 22 -49.61229349178414
      vertex 87.5 22 -44
    endloop
  endfacet
  facet normal 0 1 0
    outer loop
      vertex 82.97820725201805 22 -49.61229349178414
      vertex 83.06925644864516 22 -49.3121445152258
      vertex 87.5 22 -44
    endloop
  endfacet
  facet normal 0 1 0
    outer loop
      vertex 83.06925644864516 22 -49.3121445152258
      vertex 83.1 22 -49
      vertex 87.5 22 -44
    endloop
  endfacet
  facet normal 0 1 0
    outer loop
      vertex 83.1 22 -49
      vertex 83.06925644864516 22 -48.6878554847742
      vertex 87.5 22 -44
    endloop
  endfacet
  facet normal 0 1 0
    outer loop
      vertex 83.06925644864516 22 -48.6878554847742
      vertex 82.97820725201805 22 -48.38770650821586
      vertex 87.5 22 -44
    endloop
  endfacet
  facet normal 0 1 0
    outer loop
      vertex 82.83035137968407 22 -48.11108762716864
      vertex 87.5 22 -44
      vertex 82.97820725201805 22 -48.38770650821586
    endloop
  endfacet
  facet normal 0 -1 0
    outer loop
      vertex 76.5 14 44
      vertex 78.575 14 47.31125046262034
      vertex 78.575 14 50.68874953737966
    endloop
  endfacet
  facet normal 0 -1 0
    outer loop
      vertex 76.5 14 44
      vertex 78.575 14 50.68874953737966
      vertex 76.5 14 55
    endloop
  endfacet
  facet normal 0 -1 0
    outer loop
      vertex 76.5 14 44
      vertex 81.5 14 45.622500925240686
      vertex 78.575 14 47.31125046262034
    endloop
  endfacet
  facet normal 0 -1 0
    outer loop
      vertex 76.5 14 44
      vertex 87.5 14 44
      vertex 81.5 14 45.622500925240686
    endloop
  endfacet
  facet normal 0 -1 0
    outer loop
      vertex 81.5 14 45.622500925240686
      vertex 87.5 14 44
      vertex 84.425 14 47.31125046262034
    endloop
  endfacet
  facet normal 0 -1 0
    outer loop
      vertex 87.5 14 44
      vertex 87.5 14 55
      vertex 84.425 14 47.31125046262034
    endloop
  endfacet
  facet normal 0 -1 0
    outer loop
      vertex 78.575 14 50.68874953737966
      vertex 81.5 14 52.377499074759314
      vertex 76.5 14 55
    endloop
  endfacet
  facet normal 0 -1 0
    outer loop
      vertex 76.5 14 55
      vertex 81.5 14 52.377499074759314
      vertex 87.5 14 55
    endloop
  endfacet
  facet normal 0 -1 0
    outer loop
      vertex 84.425 14 47.31125046262034
      vertex 87.5 14 55
      vertex 84.425 14 50.68874953737966
    endloop
  endfacet
  facet normal 0 -1 0
    outer loop
      vertex 81.5 14 52.377499074759314
      vertex 84.425 14 50.68874953737966
      vertex 87.5 14 55
    endloop
  endfacet
  facet normal -1 0 0
    outer loop
      vertex 76.5 14 44
      vertex 76.5 14 55
      vertex 76.5 22 55
    endloop
  endfacet
  facet normal -1 0 0
    outer loop
      vertex 76.5 14 44
      vertex 76.5 22 55
      vertex 76.5 22 44
    endloop
  endfacet
  facet normal 0 1 0
    outer loop
      vertex 76.5 22 44
      vertex 76.5 22 55
      vertex 80.02179274798195 22 49.61229349178414
    endloop
  endfacet
  facet normal 0 0 -1
    outer loop
      vertex 76.5 14 44
      vertex 76.5 22 44
      vertex 87.5 14 44
    endloop
  endfacet
  facet normal 0 0 -1
    outer loop
      vertex 87.5 14 44
      vertex 76.5 22 44
      vertex 87.5 22 44
    endloop
  endfacet
  facet normal 0 1 0
    outer loop
      vertex 76.5 22 44
      vertex 80.16964862031593 22 48.11108762716864
      vertex 80.36862915010153 22 47.868629150101526
    endloop
  endfacet
  facet normal 0 1 0
    outer loop
      vertex 76.5 22 44
      vertex 80.61108762716864 22 47.669648620315925
      vertex 80.88770650821586 22 47.52179274798194
    endloop
  endfacet
  facet normal 0 1 0
    outer loop
      vertex 76.5 22 44
      vertex 80.36862915010153 22 47.868629150101526
      vertex 80.61108762716864 22 47.669648620315925
    endloop
  endfacet
  facet normal 0 1 0
    outer loop
      vertex 76.5 22 44
      vertex 80.88770650821586 22 47.52179274798194
      vertex 81.18785548477419 22 47.43074355135483
    endloop
  endfacet
  facet normal 0 1 0
    outer loop
      vertex 76.5 22 44
      vertex 81.18785548477419 22 47.43074355135483
      vertex 81.5 22 47.4
    endloop
  endfacet
  facet normal 0 1 0
    outer loop
      vertex 76.5 22 44
      vertex 81.5 22 47.4
      vertex 81.81214451522581 22 47.43074355135483
    endloop
  endfacet
  facet normal 0 1 0
    outer loop
      vertex 76.5 22 44
      vertex 81.81214451522581 22 47.43074355135483
      vertex 82.11229349178414 22 47.52179274798194
    endloop
  endfacet
  facet normal 0 1 0
    outer loop
      vertex 76.5 22 44
      vertex 82.11229349178414 22 47.52179274798194
      vertex 87.5 22 44
    endloop
  endfacet
  facet normal 0 1 0
    outer loop
      vertex 82.11229349178414 22 47.52179274798194
      vertex 82.38891237283136 22 47.669648620315925
      vertex 87.5 22 44
    endloop
  endfacet
  facet normal 0 1 0
    outer loop
      vertex 82.38891237283136 22 47.669648620315925
      vertex 82.63137084989847 22 47.868629150101526
      vertex 87.5 22 44
    endloop
  endfacet
  facet normal 0 1 0
    outer loop
      vertex 82.63137084989847 22 47.868629150101526
      vertex 82.83035137968407 22 48.11108762716864
      vertex 87.5 22 44
    endloop
  endfacet
  facet normal 0 1 0
    outer loop
      vertex 76.5 22 44
      vertex 80.02179274798195 22 48.38770650821586
      vertex 80.16964862031593 22 48.11108762716864
    endloop
  endfacet
  facet normal 0 1 0
    outer loop
      vertex 76.5 22 44
      vertex 79.93074355135484 22 48.6878554847742
      vertex 80.02179274798195 22 48.38770650821586
    endloop
  endfacet
  facet normal 0 1 0
    outer loop
      vertex 76.5 22 44
      vertex 79.9 22 49
      vertex 79.93074355135484 22 48.6878554847742
    endloop
  endfacet
  facet normal 0 1 0
    outer loop
      vertex 76.5 22 44
      vertex 79.93074355135484 22 49.3121445152258
      vertex 79.9 22 49
    endloop
  endfacet
  facet normal 0 1 0
    outer loop
      vertex 76.5 22 44
      vertex 80.02179274798195 22 49.61229349178414
      vertex 79.93074355135484 22 49.3121445152258
    endloop
  endfacet
  facet normal 0 1 0
    outer loop
      vertex 82.83035137968407 22 48.11108762716864
      vertex 82.97820725201805 22 48.38770650821586
      vertex 87.5 22 44
    endloop
  endfacet
  facet normal 0 1 0
    outer loop
      vertex 82.97820725201805 22 48.38770650821586
      vertex 83.06925644864516 22 48.6878554847742
      vertex 87.5 22 44
    endloop
  endfacet
  facet normal 0 1 0
    outer loop
      vertex 83.06925644864516 22 48.6878554847742
      vertex 83.1 22 49
      vertex 87.5 22 44
    endloop
  endfacet
  facet normal 0 1 0
    outer loop
      vertex 83.1 22 49
      vertex 83.06925644864516 22 49.3121445152258
      vertex 87.5 22 44
    endloop
  endfacet
  facet normal 0 1 0
    outer loop
      vertex 83.06925644864516 22 49.3121445152258
      vertex 82.97820725201805 22 49.61229349178414
      vertex 87.5 22 44
    endloop
  endfacet
  facet normal 0 1 0
    outer loop
      vertex 82.97820725201805 22 49.61229349178414
      vertex 87.5 22 55
      vertex 87.5 22 44
    endloop
  endfacet
  facet normal 0 1 0
    outer loop
      vertex 76.5 22 55
      vertex 80.16964862031593 22 49.88891237283136
      vertex 80.02179274798195 22 49.61229349178414
    endloop
  endfacet
  facet normal 0 1 0
    outer loop
      vertex 76.5 22 55
      vertex 80.36862915010153 22 50.131370849898474
      vertex 80.16964862031593 22 49.88891237283136
    endloop
  endfacet
  facet normal 0 1 0
    outer loop
      vertex 76.5 22 55
      vertex 80.61108762716864 22 50.330351379684075
      vertex 80.36862915010153 22 50.131370849898474
    endloop
  endfacet
  facet normal 0 1 0
    outer loop
      vertex 76.5 22 55
      vertex 80.88770650821586 22 50.47820725201806
      vertex 80.61108762716864 22 50.330351379684075
    endloop
  endfacet
  facet normal 0 1 0
    outer loop
      vertex 76.5 22 55
      vertex 81.18785548477419 22 50.56925644864517
      vertex 80.88770650821586 22 50.47820725201806
    endloop
  endfacet
  facet normal 0 1 0
    outer loop
      vertex 76.5 22 55
      vertex 81.5 22 50.6
      vertex 81.18785548477419 22 50.56925644864517
    endloop
  endfacet
  facet normal 0 1 0
    outer loop
      vertex 76.5 22 55
      vertex 81.81214451522581 22 50.56925644864517
      vertex 81.5 22 50.6
    endloop
  endfacet
  facet normal 0 1 0
    outer loop
      vertex 76.5 22 55
      vertex 82.11229349178414 22 50.47820725201806
      vertex 81.81214451522581 22 50.56925644864517
    endloop
  endfacet
  facet normal 0 1 0
    outer loop
      vertex 82.11229349178414 22 50.47820725201806
      vertex 87.5 22 55
      vertex 82.38891237283136 22 50.330351379684075
    endloop
  endfacet
  facet normal 0 1 0
    outer loop
      vertex 82.63137084989847 22 50.131370849898474
      vertex 82.38891237283136 22 50.330351379684075
      vertex 87.5 22 55
    endloop
  endfacet
  facet normal 0 1 0
    outer loop
      vertex 82.83035137968407 22 49.88891237283136
      vertex 82.63137084989847 22 50.131370849898474
      vertex 87.5 22 55
    endloop
  endfacet
  facet normal 0 1 0
    outer loop
      vertex 76.5 22 55
      vertex 87.5 22 55
      vertex 82.11229349178414 22 50.47820725201806
    endloop
  endfacet
  facet normal 0 1 0
    outer loop
      vertex 82.83035137968407 22 49.88891237283136
      vertex 87.5 22 55
      vertex 82.97820725201805 22 49.61229349178414
    endloop
  endfacet
  facet normal 0.4713967368259988 0.8819212643483544 0
    outer loop
      vertex 60.46926627053964 -6.095518130045147 55
      vertex 59.777719067921595 -5.725878449210182 57.5
      vertex 60.46926627053964 -6.095518130045147 57.5
    endloop
  endfacet
  facet normal 0.09801714032956084 0.9951847266721968 0
    outer loop
      vertex 61.21963871193549 -6.323141121612922 55
      vertex 61.21963871193549 -6.323141121612922 57.5
      vertex 62 -6.4 55
    endloop
  endfacet
  facet normal 0.09801714032956084 0.9951847266721968 -1.1743327150139196e-18
    outer loop
      vertex 61.21963871193549 -6.323141121612922 57.5
      vertex 62 -6.4 57.5
      vertex 62 -6.4 55
    endloop
  endfacet
  facet normal 0.29028467725446216 0.9569403357322089 -7.07044208848258e-18
    outer loop
      vertex 61.21963871193549 -6.323141121612922 55
      vertex 60.46926627053964 -6.095518130045147 55
      vertex 60.46926627053964 -6.095518130045147 57.5
    endloop
  endfacet
  facet normal 0.29028467725446216 0.9569403357322089 0
    outer loop
      vertex 61.21963871193549 -6.323141121612922 55
      vertex 60.46926627053964 -6.095518130045147 57.5
      vertex 61.21963871193549 -6.323141121612922 57.5
    endloop
  endfacet
  facet normal 0.7730104533627387 0.6343932841636434 0
    outer loop
      vertex 58.67412155078982 -4.622280932078409 55
      vertex 58.67412155078982 -4.622280932078409 57.5
      vertex 59.17157287525381 -5.22842712474619 55
    endloop
  endfacet
  facet normal 0.7730104533627387 0.6343932841636434 6.715866945102241e-19
    outer loop
      vertex 58.67412155078982 -4.622280932078409 57.5
      vertex 59.17157287525381 -5.22842712474619 57.5
      vertex 59.17157287525381 -5.22842712474619 55
    endloop
  endfacet
  facet normal 0.4713967368259988 0.8819212643483544 7.252179268477418e-18
    outer loop
      vertex 60.46926627053964 -6.095518130045147 55
      vertex 59.777719067921595 -5.725878449210182 55
      vertex 59.777719067921595 -5.725878449210182 57.5
    endloop
  endfacet
  facet normal 0.6343932841636427 0.7730104533627392 0
    outer loop
      vertex 59.777719067921595 -5.725878449210182 55
      vertex 59.17157287525381 -5.22842712474619 57.5
      vertex 59.777719067921595 -5.725878449210182 57.5
    endloop
  endfacet
  facet normal 0.6343932841636427 0.7730104533627392 1.3451545154097967e-17
    outer loop
      vertex 59.777719067921595 -5.725878449210182 55
      vertex 59.17157287525381 -5.22842712474619 55
      vertex 59.17157287525381 -5.22842712474619 57.5
    endloop
  endfacet
  facet normal -0.09801714032956084 0.9951847266721968 0
    outer loop
      vertex 62 -6.4 55
      vertex 62 -6.4 57.5
      vertex 62.78036128806451 -6.323141121612922 55
    endloop
  endfacet
  facet normal -0.09801714032956084 0.9951847266721968 0
    outer loop
      vertex 62.78036128806451 -6.323141121612922 55
      vertex 62 -6.4 57.5
      vertex 62.78036128806451 -6.323141121612922 57.5
    endloop
  endfacet
  facet normal -0.29028467725446216 0.9569403357322089 0
    outer loop
      vertex 62.78036128806451 -6.323141121612922 55
      vertex 62.78036128806451 -6.323141121612922 57.5
      vertex 63.53073372946036 -6.095518130045147 55
    endloop
  endfacet
  facet normal -0.29028467725446216 0.9569403357322089 0
    outer loop
      vertex 63.53073372946036 -6.095518130045147 55
      vertex 62.78036128806451 -6.323141121612922 57.5
      vertex 63.53073372946036 -6.095518130045147 57.5
    endloop
  endfacet
  facet normal -0.4713967368259988 0.8819212643483544 0
    outer loop
      vertex 63.53073372946036 -6.095518130045147 55
      vertex 63.53073372946036 -6.095518130045147 57.5
      vertex 64.2222809320784 -5.725878449210182 55
    endloop
  endfacet
  facet normal -0.6343932841636472 0.7730104533627356 0
    outer loop
      vertex 64.2222809320784 -5.725878449210182 55
      vertex 64.2222809320784 -5.725878449210182 57.5
      vertex 64.82842712474618 -5.22842712474619 55
    endloop
  endfacet
  facet normal -0.4713967368259988 0.8819212643483544 -7.252179268477418e-18
    outer loop
      vertex 63.53073372946036 -6.095518130045147 57.5
      vertex 64.2222809320784 -5.725878449210182 57.5
      vertex 64.2222809320784 -5.725878449210182 55
    endloop
  endfacet
  facet normal -0.6343932841636472 0.7730104533627356 -4.2136563428584915e-18
    outer loop
      vertex 64.2222809320784 -5.725878449210182 57.5
      vertex 64.82842712474618 -5.22842712474619 57.5
      vertex 64.82842712474618 -5.22842712474619 55
    endloop
  endfacet
  facet normal -0.7730104533627342 0.6343932841636487 0
    outer loop
      vertex 64.82842712474618 -5.22842712474619 55
      vertex 64.82842712474618 -5.22842712474619 57.5
      vertex 65.32587844921018 -4.622280932078409 55
    endloop
  endfacet
  facet normal -0.7730104533627342 0.6343932841636487 -1.2374670396826487e-17
    outer loop
      vertex 64.82842712474618 -5.22842712474619 57.5
      vertex 65.32587844921018 -4.622280932078409 57.5
      vertex 65.32587844921018 -4.622280932078409 55
    endloop
  endfacet
  facet normal 0.8819212643483556 0.4713967368259965 -1.194535784796561e-17
    outer loop
      vertex 58.67412155078982 -4.622280932078409 55
      vertex 58.304481869954856 -3.9307337294603597 55
      vertex 58.304481869954856 -3.9307337294603597 57.5
    endloop
  endfacet
  facet normal 0.8819212643483556 0.4713967368259965 0
    outer loop
      vertex 58.67412155078982 -4.622280932078409 55
      vertex 58.304481869954856 -3.9307337294603597 57.5
      vertex 58.67412155078982 -4.622280932078409 57.5
    endloop
  endfacet
  facet normal 0.9569403357322079 0.2902846772544653 6.581860097880893e-18
    outer loop
      vertex 58.304481869954856 -3.9307337294603597 55
      vertex 58.07685887838708 -3.180361288064513 55
      vertex 58.07685887838708 -3.180361288064513 57.5
    endloop
  endfacet
  facet normal 0.9569403357322079 0.2902846772544653 0
    outer loop
      vertex 58.304481869954856 -3.9307337294603597 55
      vertex 58.07685887838708 -3.180361288064513 57.5
      vertex 58.304481869954856 -3.9307337294603597 57.5
    endloop
  endfacet
  facet normal 0.9951847266721969 0.09801714032956074 -6.006871824407531e-19
    outer loop
      vertex 58.07685887838708 -3.180361288064513 55
      vertex 58 -2.4000000000000004 55
      vertex 58 -2.4000000000000004 57.5
    endloop
  endfacet
  facet normal 0.9951847266721969 0.09801714032956074 0
    outer loop
      vertex 58.07685887838708 -3.180361288064513 55
      vertex 58 -2.4000000000000004 57.5
      vertex 58.07685887838708 -3.180361288064513 57.5
    endloop
  endfacet
  facet normal 0.9951847266721968 -0.0980171403295607 -1.3125406533598894e-18
    outer loop
      vertex 58 -2.4000000000000004 55
      vertex 58.07685887838708 -1.6196387119354874 55
      vertex 58.07685887838708 -1.6196387119354874 57.5
    endloop
  endfacet
  facet normal 0.9951847266721968 -0.0980171403295607 0
    outer loop
      vertex 58 -2.4000000000000004 55
      vertex 58.07685887838708 -1.6196387119354874 57.5
      vertex 58 -2.4000000000000004 57.5
    endloop
  endfacet
  facet normal -0.8819212643483556 0.4713967368259965 0
    outer loop
      vertex 65.32587844921018 -4.622280932078409 55
      vertex 65.32587844921018 -4.622280932078409 57.5
      vertex 65.69551813004514 -3.9307337294603597 55
    endloop
  endfacet
  facet normal -0.8819212643483556 0.4713967368259965 1.194535784796561e-17
    outer loop
      vertex 65.32587844921018 -4.622280932078409 57.5
      vertex 65.69551813004514 -3.9307337294603597 57.5
      vertex 65.69551813004514 -3.9307337294603597 55
    endloop
  endfacet
  facet normal -0.9569403357322055 0.29028467725447354 0
    outer loop
      vertex 65.69551813004514 -3.9307337294603597 55
      vertex 65.69551813004514 -3.9307337294603597 57.5
      vertex 65.92314112161293 -3.180361288064513 55
    endloop
  endfacet
  facet normal -0.9569403357322055 0.29028467725447354 -5.231914938160035e-18
    outer loop
      vertex 65.69551813004514 -3.9307337294603597 57.5
      vertex 65.92314112161293 -3.180361288064513 57.5
      vertex 65.92314112161293 -3.180361288064513 55
    endloop
  endfacet
  facet normal -0.9951847266721978 0.09801714032955176 0
    outer loop
      vertex 65.92314112161293 -3.180361288064513 55
      vertex 65.92314112161293 -3.180361288064513 57.5
      vertex 66 -2.4000000000000004 55
    endloop
  endfacet
  facet normal -0.9951847266721978 0.09801714032955176 2.8226542356728247e-19
    outer loop
      vertex 65.92314112161293 -3.180361288064513 57.5
      vertex 66 -2.4000000000000004 57.5
      vertex 66 -2.4000000000000004 55
    endloop
  endfacet
  facet normal -0.9951847266721978 -0.09801714032955175 0
    outer loop
      vertex 66 -2.4000000000000004 55
      vertex 66 -2.4000000000000004 57.5
      vertex 65.92314112161293 -1.6196387119354874 55
    endloop
  endfacet
  facet normal -0.9951847266721978 -0.09801714032955175 1.6309624122341666e-18
    outer loop
      vertex 66 -2.4000000000000004 57.5
      vertex 65.92314112161293 -1.6196387119354874 57.5
      vertex 65.92314112161293 -1.6196387119354874 55
    endloop
  endfacet
  facet normal 0.9569403357322079 -0.29028467725446544 0
    outer loop
      vertex 58.07685887838708 -1.6196387119354874 55
      vertex 58.304481869954856 -0.8692662705396412 57.5
      vertex 58.07685887838708 -1.6196387119354874 57.5
    endloop
  endfacet
  facet normal 0.9569403357322079 -0.29028467725446544 -1.512650794252131e-18
    outer loop
      vertex 58.07685887838708 -1.6196387119354874 55
      vertex 58.304481869954856 -0.8692662705396412 55
      vertex 58.304481869954856 -0.8692662705396412 57.5
    endloop
  endfacet
  facet normal 0.8819212643483557 -0.4713967368259964 -2.8203277604787544e-18
    outer loop
      vertex 58.304481869954856 -0.8692662705396412 55
      vertex 58.67412155078982 -0.17771906792159164 55
      vertex 58.67412155078982 -0.17771906792159164 57.5
    endloop
  endfacet
  facet normal 0.8819212643483557 -0.4713967368259964 0
    outer loop
      vertex 58.304481869954856 -0.8692662705396412 55
      vertex 58.67412155078982 -0.17771906792159164 57.5
      vertex 58.304481869954856 -0.8692662705396412 57.5
    endloop
  endfacet
  facet normal 0.7730104533627389 -0.634393284163643 -1.2489547452135021e-18
    outer loop
      vertex 58.67412155078982 -0.17771906792159164 55
      vertex 59.17157287525381 0.42842712474618994 55
      vertex 59.17157287525381 0.42842712474618994 57.5
    endloop
  endfacet
  facet normal 0.7730104533627389 -0.634393284163643 0
    outer loop
      vertex 58.67412155078982 -0.17771906792159164 55
      vertex 59.17157287525381 0.42842712474618994 57.5
      vertex 58.67412155078982 -0.17771906792159164 57.5
    endloop
  endfacet
  facet normal 0.634393284163642 -0.7730104533627398 0
    outer loop
      vertex 59.17157287525381 0.42842712474618994 55
      vertex 59.777719067921595 0.9258784492101806 57.5
      vertex 59.17157287525381 0.42842712474618994 57.5
    endloop
  endfacet
  facet normal 0.634393284163642 -0.7730104533627398 -4.909393880681492e-18
    outer loop
      vertex 59.17157287525381 0.42842712474618994 55
      vertex 59.777719067921595 0.9258784492101806 55
      vertex 59.777719067921595 0.9258784492101806 57.5
    endloop
  endfacet
  facet normal 0.47139673682599925 -0.8819212643483543 0
    outer loop
      vertex 59.777719067921595 0.9258784492101806 55
      vertex 60.46926627053964 1.2955181300451466 57.5
      vertex 59.777719067921595 0.9258784492101806 57.5
    endloop
  endfacet
  facet normal 0.47139673682599925 -0.8819212643483543 7.823191492705535e-18
    outer loop
      vertex 59.777719067921595 0.9258784492101806 55
      vertex 60.46926627053964 1.2955181300451466 55
      vertex 60.46926627053964 1.2955181300451466 57.5
    endloop
  endfacet
  facet normal 0.29028467725446216 -0.9569403357322089 0
    outer loop
      vertex 60.46926627053964 1.2955181300451466 55
      vertex 61.21963871193549 1.5231411216129214 57.5
      vertex 60.46926627053964 1.2955181300451466 57.5
    endloop
  endfacet
  facet normal -0.9569403357322054 -0.2902846772544737 0
    outer loop
      vertex 65.92314112161293 -1.6196387119354874 55
      vertex 65.92314112161293 -1.6196387119354874 57.5
      vertex 65.69551813004514 -0.8692662705396412 55
    endloop
  endfacet
  facet normal -0.9569403357322054 -0.2902846772544737 1.6270563453289568e-19
    outer loop
      vertex 65.92314112161293 -1.6196387119354874 57.5
      vertex 65.69551813004514 -0.8692662705396412 57.5
      vertex 65.69551813004514 -0.8692662705396412 55
    endloop
  endfacet
  facet normal -0.8819212643483557 -0.4713967368259964 0
    outer loop
      vertex 65.69551813004514 -0.8692662705396412 55
      vertex 65.69551813004514 -0.8692662705396412 57.5
      vertex 65.32587844921018 -0.17771906792159164 55
    endloop
  endfacet
  facet normal -0.8819212643483557 -0.4713967368259964 2.8203277604787544e-18
    outer loop
      vertex 65.69551813004514 -0.8692662705396412 57.5
      vertex 65.32587844921018 -0.17771906792159164 57.5
      vertex 65.32587844921018 -0.17771906792159164 55
    endloop
  endfacet
  facet normal -0.6343932841636465 -0.7730104533627361 -4.328494930561268e-18
    outer loop
      vertex 64.2222809320784 0.9258784492101806 55
      vertex 64.82842712474618 0.42842712474618994 55
      vertex 64.82842712474618 0.42842712474618994 57.5
    endloop
  endfacet
  facet normal -0.29028467725446216 -0.9569403357322089 0
    outer loop
      vertex 63.53073372946036 1.2955181300451466 55
      vertex 63.53073372946036 1.2955181300451466 57.5
      vertex 62.78036128806451 1.5231411216129214 55
    endloop
  endfacet
  facet normal -0.47139673682599925 -0.8819212643483543 0
    outer loop
      vertex 64.2222809320784 0.9258784492101806 55
      vertex 64.2222809320784 0.9258784492101806 57.5
      vertex 63.53073372946036 1.2955181300451466 55
    endloop
  endfacet
  facet normal -0.6343932841636465 -0.7730104533627361 0
    outer loop
      vertex 64.2222809320784 0.9258784492101806 55
      vertex 64.82842712474618 0.42842712474618994 57.5
      vertex 64.2222809320784 0.9258784492101806 57.5
    endloop
  endfacet
  facet normal -0.47139673682599925 -0.8819212643483543 0
    outer loop
      vertex 63.53073372946036 1.2955181300451466 55
      vertex 64.2222809320784 0.9258784492101806 57.5
      vertex 63.53073372946036 1.2955181300451466 57.5
    endloop
  endfacet
  facet normal -0.7730104533627344 -0.6343932841636485 0
    outer loop
      vertex 65.32587844921018 -0.17771906792159164 55
      vertex 65.32587844921018 -0.17771906792159164 57.5
      vertex 64.82842712474618 0.42842712474618994 55
    endloop
  endfacet
  facet normal -0.7730104533627344 -0.6343932841636485 1.2952038447528147e-17
    outer loop
      vertex 65.32587844921018 -0.17771906792159164 57.5
      vertex 64.82842712474618 0.42842712474618994 57.5
      vertex 64.82842712474618 0.42842712474618994 55
    endloop
  endfacet
  facet normal 0.29028467725446216 -0.9569403357322089 7.07044208848258e-18
    outer loop
      vertex 60.46926627053964 1.2955181300451466 55
      vertex 61.21963871193549 1.5231411216129214 55
      vertex 61.21963871193549 1.5231411216129214 57.5
    endloop
  endfacet
  facet normal 0.09801714032956084 -0.9951847266721968 1.1743327150139196e-18
    outer loop
      vertex 61.21963871193549 1.5231411216129214 55
      vertex 62 1.5999999999999996 55
      vertex 62 1.5999999999999996 57.5
    endloop
  endfacet
  facet normal 0.09801714032956084 -0.9951847266721968 0
    outer loop
      vertex 61.21963871193549 1.5231411216129214 55
      vertex 62 1.5999999999999996 57.5
      vertex 61.21963871193549 1.5231411216129214 57.5
    endloop
  endfacet
  facet normal -0.09801714032956084 -0.9951847266721968 -1.1743327150139196e-18
    outer loop
      vertex 62 1.5999999999999996 55
      vertex 62.78036128806451 1.5231411216129214 55
      vertex 62.78036128806451 1.5231411216129214 57.5
    endloop
  endfacet
  facet normal -0.09801714032956084 -0.9951847266721968 0
    outer loop
      vertex 62 1.5999999999999996 55
      vertex 62.78036128806451 1.5231411216129214 57.5
      vertex 62 1.5999999999999996 57.5
    endloop
  endfacet
  facet normal -0.29028467725446216 -0.9569403357322089 -7.07044208848258e-18
    outer loop
      vertex 63.53073372946036 1.2955181300451466 57.5
      vertex 62.78036128806451 1.5231411216129214 57.5
      vertex 62.78036128806451 1.5231411216129214 55
    endloop
  endfacet
  facet normal 1 0 0
    outer loop
      vertex 42.5 -5.65 55
      vertex 42.5 -1.1500000000000004 57.5
      vertex 42.5 -5.65 57.5
    endloop
  endfacet
  facet normal 1 0 0
    outer loop
      vertex 42.5 -5.65 55
      vertex 42.5 -1.1500000000000004 55
      vertex 42.5 -1.1500000000000004 57.5
    endloop
  endfacet
  facet normal 0 1 0
    outer loop
      vertex 42.5 -5.65 55
      vertex 42.5 -5.65 57.5
      vertex 52.5 -5.65 55
    endloop
  endfacet
  facet normal 0 1 0
    outer loop
      vertex 42.5 -5.65 57.5
      vertex 52.5 -5.65 57.5
      vertex 52.5 -5.65 55
    endloop
  endfacet
  facet normal -1 0 0
    outer loop
      vertex 52.5 -5.65 55
      vertex 52.5 -5.65 57.5
      vertex 52.5 -1.1500000000000004 55
    endloop
  endfacet
  facet normal -1 0 0
    outer loop
      vertex 52.5 -5.65 57.5
      vertex 52.5 -1.1500000000000004 57.5
      vertex 52.5 -1.1500000000000004 55
    endloop
  endfacet
  facet normal 0 -1 0
    outer loop
      vertex 42.5 -1.1500000000000004 55
      vertex 52.5 -1.1500000000000004 57.5
      vertex 42.5 -1.1500000000000004 57.5
    endloop
  endfacet
  facet normal 0 -1 0
    outer loop
      vertex 42.5 -1.1500000000000004 55
      vertex 52.5 -1.1500000000000004 55
      vertex 52.5 -1.1500000000000004 57.5
    endloop
  endfacet
  facet normal 0.29028467725447116 0.9569403357322062 0
    outer loop
      vertex 36.02164570954364 -4.454849415639109 55
      vertex 36.02164570954364 -4.454849415639109 57.5
      vertex 36.25613709747984 -4.525981600504039 55
    endloop
  endfacet
  facet normal 0.09801714032955763 0.9951847266721972 -5.744839282539405e-19
    outer loop
      vertex 36.5 -4.550000000000001 55
      vertex 36.25613709747984 -4.525981600504039 55
      vertex 36.25613709747984 -4.525981600504039 57.5
    endloop
  endfacet
  facet normal 0.29028467725447116 0.9569403357322062 0
    outer loop
      vertex 36.25613709747984 -4.525981600504039 55
      vertex 36.02164570954364 -4.454849415639109 57.5
      vertex 36.25613709747984 -4.525981600504039 57.5
    endloop
  endfacet
  facet normal 0.09801714032955763 0.9951847266721972 0
    outer loop
      vertex 36.5 -4.550000000000001 55
      vertex 36.25613709747984 -4.525981600504039 57.5
      vertex 36.5 -4.550000000000001 57.5
    endloop
  endfacet
  facet normal -0.09801714032955763 0.9951847266721972 0
    outer loop
      vertex 36.5 -4.550000000000001 55
      vertex 36.5 -4.550000000000001 57.5
      vertex 36.74386290252016 -4.525981600504039 55
    endloop
  endfacet
  facet normal -0.29028467725447116 0.9569403357322062 0
    outer loop
      vertex 36.74386290252016 -4.525981600504039 55
      vertex 36.74386290252016 -4.525981600504039 57.5
      vertex 36.97835429045636 -4.454849415639109 55
    endloop
  endfacet
  facet normal -0.09801714032955763 0.9951847266721972 5.744839282539405e-19
    outer loop
      vertex 36.5 -4.550000000000001 57.5
      vertex 36.74386290252016 -4.525981600504039 57.5
      vertex 36.74386290252016 -4.525981600504039 55
    endloop
  endfacet
  facet normal -0.29028467725447116 0.9569403357322062 0
    outer loop
      vertex 36.97835429045636 -4.454849415639109 55
      vertex 36.74386290252016 -4.525981600504039 57.5
      vertex 36.97835429045636 -4.454849415639109 57.5
    endloop
  endfacet
  facet normal 0.6343932841636477 0.7730104533627351 2.744378844435275e-18
    outer loop
      vertex 35.8055372087255 -4.339337015378183 55
      vertex 35.616116523516816 -4.183883476483185 55
      vertex 35.616116523516816 -4.183883476483185 57.5
    endloop
  endfacet
  facet normal 0.4713967368259896 0.8819212643483592 2.3921498712061987e-18
    outer loop
      vertex 36.02164570954364 -4.454849415639109 55
      vertex 35.8055372087255 -4.339337015378183 55
      vertex 35.8055372087255 -4.339337015378183 57.5
    endloop
  endfacet
  facet normal 0.6343932841636477 0.7730104533627351 0
    outer loop
      vertex 35.8055372087255 -4.339337015378183 55
      vertex 35.616116523516816 -4.183883476483185 57.5
      vertex 35.8055372087255 -4.339337015378183 57.5
    endloop
  endfacet
  facet normal 0.7730104533627401 0.6343932841636416 0
    outer loop
      vertex 35.616116523516816 -4.183883476483185 55
      vertex 35.46066298462182 -3.994462791274503 57.5
      vertex 35.616116523516816 -4.183883476483185 57.5
    endloop
  endfacet
  facet normal 0.4713967368259896 0.8819212643483592 0
    outer loop
      vertex 36.02164570954364 -4.454849415639109 55
      vertex 35.8055372087255 -4.339337015378183 57.5
      vertex 36.02164570954364 -4.454849415639109 57.5
    endloop
  endfacet
  facet normal 0.7730104533627401 0.6343932841636416 -1.8583623039899805e-18
    outer loop
      vertex 35.616116523516816 -4.183883476483185 55
      vertex 35.46066298462182 -3.994462791274503 55
      vertex 35.46066298462182 -3.994462791274503 57.5
    endloop
  endfacet
  facet normal 0.8819212643483567 0.4713967368259943 -2.2538389441521856e-18
    outer loop
      vertex 35.46066298462182 -3.994462791274503 55
      vertex 35.345150584360894 -3.778354290456363 55
      vertex 35.345150584360894 -3.778354290456363 57.5
    endloop
  endfacet
  facet normal 0.8819212643483567 0.4713967368259943 0
    outer loop
      vertex 35.46066298462182 -3.994462791274503 55
      vertex 35.345150584360894 -3.778354290456363 57.5
      vertex 35.46066298462182 -3.994462791274503 57.5
    endloop
  endfacet
  facet normal 0.9569403357322095 0.2902846772544603 2.1329643527697056e-18
    outer loop
      vertex 35.345150584360894 -3.778354290456363 55
      vertex 35.274018399495965 -3.543862902520161 55
      vertex 35.274018399495965 -3.543862902520161 57.5
    endloop
  endfacet
  facet normal 0.9951847266721956 0.09801714032957323 -2.6371113797968863e-19
    outer loop
      vertex 35.274018399495965 -3.543862902520161 55
      vertex 35.25 -3.3000000000000007 55
      vertex 35.25 -3.3000000000000007 57.5
    endloop
  endfacet
  facet normal 0.9569403357322095 0.2902846772544603 0
    outer loop
      vertex 35.345150584360894 -3.778354290456363 55
      vertex 35.274018399495965 -3.543862902520161 57.5
      vertex 35.345150584360894 -3.778354290456363 57.5
    endloop
  endfacet
  facet normal 0.9951847266721956 0.09801714032957323 0
    outer loop
      vertex 35.274018399495965 -3.543862902520161 55
      vertex 35.25 -3.3000000000000007 57.5
      vertex 35.274018399495965 -3.543862902520161 57.5
    endloop
  endfacet
  facet normal 0.9951847266721956 -0.09801714032957323 2.6371113797968863e-19
    outer loop
      vertex 35.25 -3.3000000000000007 55
      vertex 35.274018399495965 -3.0561370974798403 55
      vertex 35.274018399495965 -3.0561370974798403 57.5
    endloop
  endfacet
  facet normal 0.9951847266721956 -0.09801714032957323 0
    outer loop
      vertex 35.25 -3.3000000000000007 55
      vertex 35.274018399495965 -3.0561370974798403 57.5
      vertex 35.25 -3.3000000000000007 57.5
    endloop
  endfacet
  facet normal 0.9569403357322095 -0.2902846772544603 0
    outer loop
      vertex 35.274018399495965 -3.0561370974798403 55
      vertex 35.345150584360894 -2.8216457095436382 57.5
      vertex 35.274018399495965 -3.0561370974798403 57.5
    endloop
  endfacet
  facet normal -0.4713967368259896 0.8819212643483592 0
    outer loop
      vertex 36.97835429045636 -4.454849415639109 55
      vertex 36.97835429045636 -4.454849415639109 57.5
      vertex 37.1944627912745 -4.339337015378183 55
    endloop
  endfacet
  facet normal -0.6343932841636477 0.7730104533627351 0
    outer loop
      vertex 37.1944627912745 -4.339337015378183 55
      vertex 37.1944627912745 -4.339337015378183 57.5
      vertex 37.383883476483184 -4.183883476483185 55
    endloop
  endfacet
  facet normal -0.7730104533627401 0.6343932841636416 0
    outer loop
      vertex 37.383883476483184 -4.183883476483185 55
      vertex 37.383883476483184 -4.183883476483185 57.5
      vertex 37.53933701537818 -3.994462791274503 55
    endloop
  endfacet
  facet normal -0.4713967368259896 0.8819212643483592 -2.3921498712061987e-18
    outer loop
      vertex 36.97835429045636 -4.454849415639109 57.5
      vertex 37.1944627912745 -4.339337015378183 57.5
      vertex 37.1944627912745 -4.339337015378183 55
    endloop
  endfacet
  facet normal -0.6343932841636477 0.7730104533627351 0
    outer loop
      vertex 37.383883476483184 -4.183883476483185 55
      vertex 37.1944627912745 -4.339337015378183 57.5
      vertex 37.383883476483184 -4.183883476483185 57.5
    endloop
  endfacet
  facet normal -0.8819212643483567 0.4713967368259943 0
    outer loop
      vertex 37.53933701537818 -3.994462791274503 55
      vertex 37.53933701537818 -3.994462791274503 57.5
      vertex 37.654849415639106 -3.778354290456363 55
    endloop
  endfacet
  facet normal -0.7730104533627401 0.6343932841636416 0
    outer loop
      vertex 37.53933701537818 -3.994462791274503 55
      vertex 37.383883476483184 -4.183883476483185 57.5
      vertex 37.53933701537818 -3.994462791274503 57.5
    endloop
  endfacet
  facet normal -0.8819212643483567 0.4713967368259943 0
    outer loop
      vertex 37.654849415639106 -3.778354290456363 55
      vertex 37.53933701537818 -3.994462791274503 57.5
      vertex 37.654849415639106 -3.778354290456363 57.5
    endloop
  endfacet
  facet normal -0.9569403357322095 0.2902846772544603 0
    outer loop
      vertex 37.654849415639106 -3.778354290456363 55
      vertex 37.654849415639106 -3.778354290456363 57.5
      vertex 37.725981600504035 -3.543862902520161 55
    endloop
  endfacet
  facet normal -0.9951847266721956 0.09801714032957323 0
    outer loop
      vertex 37.725981600504035 -3.543862902520161 55
      vertex 37.725981600504035 -3.543862902520161 57.5
      vertex 37.75 -3.3000000000000007 55
    endloop
  endfacet
  facet normal -0.9569403357322095 0.2902846772544603 -2.1329643527697056e-18
    outer loop
      vertex 37.654849415639106 -3.778354290456363 57.5
      vertex 37.725981600504035 -3.543862902520161 57.5
      vertex 37.725981600504035 -3.543862902520161 55
    endloop
  endfacet
  facet normal -0.9951847266721956 0.09801714032957323 0
    outer loop
      vertex 37.75 -3.3000000000000007 55
      vertex 37.725981600504035 -3.543862902520161 57.5
      vertex 37.75 -3.3000000000000007 57.5
    endloop
  endfacet
  facet normal -0.9951847266721956 -0.09801714032957323 0
    outer loop
      vertex 37.75 -3.3000000000000007 55
      vertex 37.75 -3.3000000000000007 57.5
      vertex 37.725981600504035 -3.0561370974798403 55
    endloop
  endfacet
  facet normal -0.9569403357322095 -0.2902846772544603 0
    outer loop
      vertex 37.725981600504035 -3.0561370974798403 55
      vertex 37.725981600504035 -3.0561370974798403 57.5
      vertex 37.654849415639106 -2.8216457095436382 55
    endloop
  endfacet
  facet normal -0.9951847266721956 -0.09801714032957323 0
    outer loop
      vertex 37.725981600504035 -3.0561370974798403 55
      vertex 37.75 -3.3000000000000007 57.5
      vertex 37.725981600504035 -3.0561370974798403 57.5
    endloop
  endfacet
  facet normal 0.9569403357322095 -0.2902846772544603 -2.1329643527697056e-18
    outer loop
      vertex 35.274018399495965 -3.0561370974798403 55
      vertex 35.345150584360894 -2.8216457095436382 55
      vertex 35.345150584360894 -2.8216457095436382 57.5
    endloop
  endfacet
  facet normal 0.8819212643483567 -0.4713967368259943 2.2538389441521856e-18
    outer loop
      vertex 35.345150584360894 -2.8216457095436382 55
      vertex 35.46066298462182 -2.605537208725498 55
      vertex 35.46066298462182 -2.605537208725498 57.5
    endloop
  endfacet
  facet normal 0.8819212643483567 -0.4713967368259943 0
    outer loop
      vertex 35.345150584360894 -2.8216457095436382 55
      vertex 35.46066298462182 -2.605537208725498 57.5
      vertex 35.345150584360894 -2.8216457095436382 57.5
    endloop
  endfacet
  facet normal 0.7730104533627401 -0.6343932841636416 1.8583623039899805e-18
    outer loop
      vertex 35.46066298462182 -2.605537208725498 55
      vertex 35.616116523516816 -2.4161165235168163 55
      vertex 35.616116523516816 -2.4161165235168163 57.5
    endloop
  endfacet
  facet normal 0.6343932841636466 -0.7730104533627361 1.526696792274603e-18
    outer loop
      vertex 35.616116523516816 -2.4161165235168163 55
      vertex 35.8055372087255 -2.260662984621819 55
      vertex 35.8055372087255 -2.260662984621819 57.5
    endloop
  endfacet
  facet normal 0.7730104533627401 -0.6343932841636416 0
    outer loop
      vertex 35.46066298462182 -2.605537208725498 55
      vertex 35.616116523516816 -2.4161165235168163 57.5
      vertex 35.46066298462182 -2.605537208725498 57.5
    endloop
  endfacet
  facet normal 0.6343932841636466 -0.7730104533627361 0
    outer loop
      vertex 35.616116523516816 -2.4161165235168163 55
      vertex 35.8055372087255 -2.260662984621819 57.5
      vertex 35.616116523516816 -2.4161165235168163 57.5
    endloop
  endfacet
  facet normal 0.47139673682599104 -0.8819212643483586 1.3563955929731424e-18
    outer loop
      vertex 35.8055372087255 -2.260662984621819 55
      vertex 36.02164570954364 -2.1451505843608922 55
      vertex 36.02164570954364 -2.1451505843608922 57.5
    endloop
  endfacet
  facet normal 0.2902846772544695 -0.9569403357322067 3.651823436082803e-19
    outer loop
      vertex 36.02164570954364 -2.1451505843608922 55
      vertex 36.25613709747984 -2.0740183994959627 55
      vertex 36.25613709747984 -2.0740183994959627 57.5
    endloop
  endfacet
  facet normal 0.09801714032955942 -0.9951847266721969 3.731582316037403e-19
    outer loop
      vertex 36.25613709747984 -2.0740183994959627 55
      vertex 36.5 -2.0500000000000007 55
      vertex 36.5 -2.0500000000000007 57.5
    endloop
  endfacet
  facet normal 0.47139673682599104 -0.8819212643483586 0
    outer loop
      vertex 35.8055372087255 -2.260662984621819 55
      vertex 36.02164570954364 -2.1451505843608922 57.5
      vertex 35.8055372087255 -2.260662984621819 57.5
    endloop
  endfacet
  facet normal 0.2902846772544695 -0.9569403357322067 0
    outer loop
      vertex 36.02164570954364 -2.1451505843608922 55
      vertex 36.25613709747984 -2.0740183994959627 57.5
      vertex 36.02164570954364 -2.1451505843608922 57.5
    endloop
  endfacet
  facet normal 0.09801714032955942 -0.9951847266721969 0
    outer loop
      vertex 36.25613709747984 -2.0740183994959627 55
      vertex 36.5 -2.0500000000000007 57.5
      vertex 36.25613709747984 -2.0740183994959627 57.5
    endloop
  endfacet
  facet normal -0.8819212643483567 -0.4713967368259943 0
    outer loop
      vertex 37.654849415639106 -2.8216457095436382 55
      vertex 37.654849415639106 -2.8216457095436382 57.5
      vertex 37.53933701537818 -2.605537208725498 55
    endloop
  endfacet
  facet normal -0.9569403357322095 -0.2902846772544603 2.1329643527697056e-18
    outer loop
      vertex 37.725981600504035 -3.0561370974798403 57.5
      vertex 37.654849415639106 -2.8216457095436382 57.5
      vertex 37.654849415639106 -2.8216457095436382 55
    endloop
  endfacet
  facet normal -0.8819212643483567 -0.4713967368259943 0
    outer loop
      vertex 37.53933701537818 -2.605537208725498 55
      vertex 37.654849415639106 -2.8216457095436382 57.5
      vertex 37.53933701537818 -2.605537208725498 57.5
    endloop
  endfacet
  facet normal -0.7730104533627401 -0.6343932841636416 0
    outer loop
      vertex 37.53933701537818 -2.605537208725498 55
      vertex 37.53933701537818 -2.605537208725498 57.5
      vertex 37.383883476483184 -2.4161165235168163 55
    endloop
  endfacet
  facet normal -0.6343932841636466 -0.7730104533627361 -1.526696792274603e-18
    outer loop
      vertex 37.1944627912745 -2.260662984621819 55
      vertex 37.383883476483184 -2.4161165235168163 55
      vertex 37.383883476483184 -2.4161165235168163 57.5
    endloop
  endfacet
  facet normal -0.6343932841636466 -0.7730104533627361 0
    outer loop
      vertex 37.1944627912745 -2.260662984621819 55
      vertex 37.383883476483184 -2.4161165235168163 57.5
      vertex 37.1944627912745 -2.260662984621819 57.5
    endloop
  endfacet
  facet normal -0.7730104533627401 -0.6343932841636416 0
    outer loop
      vertex 37.383883476483184 -2.4161165235168163 55
      vertex 37.53933701537818 -2.605537208725498 57.5
      vertex 37.383883476483184 -2.4161165235168163 57.5
    endloop
  endfacet
  facet normal -0.09801714032955942 -0.9951847266721969 -3.731582316037403e-19
    outer loop
      vertex 36.5 -2.0500000000000007 55
      vertex 36.74386290252016 -2.0740183994959627 55
      vertex 36.74386290252016 -2.0740183994959627 57.5
    endloop
  endfacet
  facet normal -0.2902846772544695 -0.9569403357322067 -3.651823436082803e-19
    outer loop
      vertex 36.74386290252016 -2.0740183994959627 55
      vertex 36.97835429045636 -2.1451505843608922 55
      vertex 36.97835429045636 -2.1451505843608922 57.5
    endloop
  endfacet
  facet normal -0.47139673682599104 -0.8819212643483586 0
    outer loop
      vertex 37.1944627912745 -2.260662984621819 55
      vertex 37.1944627912745 -2.260662984621819 57.5
      vertex 36.97835429045636 -2.1451505843608922 55
    endloop
  endfacet
  facet normal -0.09801714032955942 -0.9951847266721969 0
    outer loop
      vertex 36.5 -2.0500000000000007 55
      vertex 36.74386290252016 -2.0740183994959627 57.5
      vertex 36.5 -2.0500000000000007 57.5
    endloop
  endfacet
  facet normal -0.2902846772544695 -0.9569403357322067 0
    outer loop
      vertex 36.74386290252016 -2.0740183994959627 55
      vertex 36.97835429045636 -2.1451505843608922 57.5
      vertex 36.74386290252016 -2.0740183994959627 57.5
    endloop
  endfacet
  facet normal -0.47139673682599104 -0.8819212643483586 -1.3563955929731424e-18
    outer loop
      vertex 37.1944627912745 -2.260662984621819 57.5
      vertex 36.97835429045636 -2.1451505843608922 57.5
      vertex 36.97835429045636 -2.1451505843608922 55
    endloop
  endfacet
  facet normal 0.47139673682599526 0.8819212643483564 0
    outer loop
      vertex 25.055504184431392 -6.21014364305891 55
      vertex 25.055504184431392 -6.21014364305891 57.5
      vertex 25.660607986722187 -6.533578363789504 55
    endloop
  endfacet
  facet normal 0.6343932841636468 0.7730104533627359 -1.5954500239414723e-18
    outer loop
      vertex 25.055504184431392 -6.21014364305891 55
      vertex 24.525126265847085 -5.7748737341529175 55
      vertex 24.525126265847085 -5.7748737341529175 57.5
    endloop
  endfacet
  facet normal 0.6343932841636468 0.7730104533627359 0
    outer loop
      vertex 25.055504184431392 -6.21014364305891 55
      vertex 24.525126265847085 -5.7748737341529175 57.5
      vertex 25.055504184431392 -6.21014364305891 57.5
    endloop
  endfacet
  facet normal 0.09801714032956084 0.9951847266721968 0
    outer loop
      vertex 26.317183872943552 -6.732748481411307 55
      vertex 26.317183872943552 -6.732748481411307 57.5
      vertex 27 -6.800000000000001 55
    endloop
  endfacet
  facet normal 0.2902846772544633 0.9569403357322085 0
    outer loop
      vertex 26.317183872943552 -6.732748481411307 55
      vertex 25.660607986722187 -6.533578363789504 57.5
      vertex 26.317183872943552 -6.732748481411307 57.5
    endloop
  endfacet
  facet normal -0.09801714032956084 0.9951847266721968 0
    outer loop
      vertex 27 -6.800000000000001 55
      vertex 27 -6.800000000000001 57.5
      vertex 27.682816127056448 -6.732748481411307 55
    endloop
  endfacet
  facet normal -0.2902846772544633 0.9569403357322085 0
    outer loop
      vertex 27.682816127056448 -6.732748481411307 55
      vertex 27.682816127056448 -6.732748481411307 57.5
      vertex 28.339392013277813 -6.533578363789504 55
    endloop
  endfacet
  facet normal 0.09801714032956084 0.9951847266721968 0
    outer loop
      vertex 27 -6.800000000000001 55
      vertex 26.317183872943552 -6.732748481411307 57.5
      vertex 27 -6.800000000000001 57.5
    endloop
  endfacet
  facet normal -0.09801714032956084 0.9951847266721968 0
    outer loop
      vertex 27.682816127056448 -6.732748481411307 55
      vertex 27 -6.800000000000001 57.5
      vertex 27.682816127056448 -6.732748481411307 57.5
    endloop
  endfacet
  facet normal 0.2902846772544633 0.9569403357322085 5.818601218837069e-18
    outer loop
      vertex 26.317183872943552 -6.732748481411307 55
      vertex 25.660607986722187 -6.533578363789504 55
      vertex 25.660607986722187 -6.533578363789504 57.5
    endloop
  endfacet
  facet normal 0.47139673682599526 0.8819212643483564 -3.672901551474511e-18
    outer loop
      vertex 25.055504184431392 -6.21014364305891 57.5
      vertex 25.660607986722187 -6.533578363789504 57.5
      vertex 25.660607986722187 -6.533578363789504 55
    endloop
  endfacet
  facet normal -0.2902846772544633 0.9569403357322085 -5.818601218837069e-18
    outer loop
      vertex 27.682816127056448 -6.732748481411307 57.5
      vertex 28.339392013277813 -6.533578363789504 57.5
      vertex 28.339392013277813 -6.533578363789504 55
    endloop
  endfacet
  facet normal 0.7730104533627357 0.634393284163647 0
    outer loop
      vertex 24.525126265847085 -5.7748737341529175 55
      vertex 24.08985635694109 -5.244495815568609 57.5
      vertex 24.525126265847085 -5.7748737341529175 57.5
    endloop
  endfacet
  facet normal 0.7730104533627357 0.634393284163647 1.6171457299821793e-18
    outer loop
      vertex 24.525126265847085 -5.7748737341529175 55
      vertex 24.08985635694109 -5.244495815568609 55
      vertex 24.08985635694109 -5.244495815568609 57.5
    endloop
  endfacet
  facet normal 0.8819212643483547 0.4713967368259983 -4.106900510795757e-18
    outer loop
      vertex 24.08985635694109 -5.244495815568609 55
      vertex 23.766421636210495 -4.639392013277815 55
      vertex 23.766421636210495 -4.639392013277815 57.5
    endloop
  endfacet
  facet normal 0.8819212643483547 0.4713967368259983 0
    outer loop
      vertex 24.08985635694109 -5.244495815568609 55
      vertex 23.766421636210495 -4.639392013277815 57.5
      vertex 24.08985635694109 -5.244495815568609 57.5
    endloop
  endfacet
  facet normal -0.47139673682599526 0.8819212643483564 0
    outer loop
      vertex 28.339392013277813 -6.533578363789504 55
      vertex 28.339392013277813 -6.533578363789504 57.5
      vertex 28.944495815568608 -6.21014364305891 55
    endloop
  endfacet
  facet normal -0.47139673682599526 0.8819212643483564 0
    outer loop
      vertex 28.944495815568608 -6.21014364305891 55
      vertex 28.339392013277813 -6.533578363789504 57.5
      vertex 28.944495815568608 -6.21014364305891 57.5
    endloop
  endfacet
  facet normal -0.6343932841636468 0.7730104533627359 0
    outer loop
      vertex 28.944495815568608 -6.21014364305891 55
      vertex 28.944495815568608 -6.21014364305891 57.5
      vertex 29.474873734152915 -5.7748737341529175 55
    endloop
  endfacet
  facet normal -0.6343932841636468 0.7730104533627359 1.5954500239414723e-18
    outer loop
      vertex 28.944495815568608 -6.21014364305891 57.5
      vertex 29.474873734152915 -5.7748737341529175 57.5
      vertex 29.474873734152915 -5.7748737341529175 55
    endloop
  endfacet
  facet normal -0.7730104533627357 0.634393284163647 0
    outer loop
      vertex 29.474873734152915 -5.7748737341529175 55
      vertex 29.474873734152915 -5.7748737341529175 57.5
      vertex 29.91014364305891 -5.244495815568609 55
    endloop
  endfacet
  facet normal -0.7730104533627357 0.634393284163647 0
    outer loop
      vertex 29.91014364305891 -5.244495815568609 55
      vertex 29.474873734152915 -5.7748737341529175 57.5
      vertex 29.91014364305891 -5.244495815568609 57.5
    endloop
  endfacet
  facet normal -0.8819212643483547 0.4713967368259983 0
    outer loop
      vertex 29.91014364305891 -5.244495815568609 55
      vertex 29.91014364305891 -5.244495815568609 57.5
      vertex 30.233578363789505 -4.639392013277815 55
    endloop
  endfacet
  facet normal -0.8819212643483547 0.4713967368259983 4.106900510795757e-18
    outer loop
      vertex 29.91014364305891 -5.244495815568609 57.5
      vertex 30.233578363789505 -4.639392013277815 57.5
      vertex 30.233578363789505 -4.639392013277815 55
    endloop
  endfacet
  facet normal 0.9569403357322098 0.2902846772544594 2.820702652664951e-19
    outer loop
      vertex 23.766421636210495 -4.639392013277815 55
      vertex 23.567251518588694 -3.9828161270564495 55
      vertex 23.567251518588694 -3.9828161270564495 57.5
    endloop
  endfacet
  facet normal 0.9569403357322098 0.2902846772544594 0
    outer loop
      vertex 23.766421636210495 -4.639392013277815 55
      vertex 23.567251518588694 -3.9828161270564495 57.5
      vertex 23.766421636210495 -4.639392013277815 57.5
    endloop
  endfacet
  facet normal 0.9951847266721968 0.098017140329562 0
    outer loop
      vertex 23.567251518588694 -3.9828161270564495 55
      vertex 23.5 -3.3000000000000007 57.5
      vertex 23.567251518588694 -3.9828161270564495 57.5
    endloop
  endfacet
  facet normal 0.9951847266721968 0.098017140329562 -3.0407512156710965e-19
    outer loop
      vertex 23.567251518588694 -3.9828161270564495 55
      vertex 23.5 -3.3000000000000007 55
      vertex 23.5 -3.3000000000000007 57.5
    endloop
  endfacet
  facet normal 0.9951847266721968 -0.098017140329562 0
    outer loop
      vertex 23.5 -3.3000000000000007 55
      vertex 23.567251518588694 -2.617183872943552 57.5
      vertex 23.5 -3.3000000000000007 57.5
    endloop
  endfacet
  facet normal 0.9951847266721968 -0.098017140329562 3.0407512156710965e-19
    outer loop
      vertex 23.5 -3.3000000000000007 55
      vertex 23.567251518588694 -2.617183872943552 55
      vertex 23.567251518588694 -2.617183872943552 57.5
    endloop
  endfacet
  facet normal 0.9569403357322098 -0.29028467725445944 0
    outer loop
      vertex 23.567251518588694 -2.617183872943552 55
      vertex 23.766421636210495 -1.9606079867221864 57.5
      vertex 23.567251518588694 -2.617183872943552 57.5
    endloop
  endfacet
  facet normal 0.9569403357322098 -0.29028467725445944 6.297829135479556e-18
    outer loop
      vertex 23.567251518588694 -2.617183872943552 55
      vertex 23.766421636210495 -1.9606079867221864 55
      vertex 23.766421636210495 -1.9606079867221864 57.5
    endloop
  endfacet
  facet normal 0.8819212643483546 -0.4713967368259984 0
    outer loop
      vertex 23.766421636210495 -1.9606079867221864 55
      vertex 24.08985635694109 -1.355504184431393 57.5
      vertex 23.766421636210495 -1.9606079867221864 57.5
    endloop
  endfacet
  facet normal 0.8819212643483546 -0.4713967368259984 -5.399182374346653e-18
    outer loop
      vertex 23.766421636210495 -1.9606079867221864 55
      vertex 24.08985635694109 -1.355504184431393 55
      vertex 24.08985635694109 -1.355504184431393 57.5
    endloop
  endfacet
  facet normal -0.9569403357322098 0.2902846772544594 0
    outer loop
      vertex 30.233578363789505 -4.639392013277815 55
      vertex 30.233578363789505 -4.639392013277815 57.5
      vertex 30.432748481411306 -3.9828161270564495 55
    endloop
  endfacet
  facet normal -0.9569403357322098 0.2902846772544594 -2.820702652664951e-19
    outer loop
      vertex 30.233578363789505 -4.639392013277815 57.5
      vertex 30.432748481411306 -3.9828161270564495 57.5
      vertex 30.432748481411306 -3.9828161270564495 55
    endloop
  endfacet
  facet normal -0.9951847266721968 0.098017140329562 0
    outer loop
      vertex 30.432748481411306 -3.9828161270564495 55
      vertex 30.432748481411306 -3.9828161270564495 57.5
      vertex 30.5 -3.3000000000000007 55
    endloop
  endfacet
  facet normal -0.9951847266721968 0.098017140329562 3.0407512156710965e-19
    outer loop
      vertex 30.432748481411306 -3.9828161270564495 57.5
      vertex 30.5 -3.3000000000000007 57.5
      vertex 30.5 -3.3000000000000007 55
    endloop
  endfacet
  facet normal -0.9951847266721968 -0.098017140329562 0
    outer loop
      vertex 30.5 -3.3000000000000007 55
      vertex 30.5 -3.3000000000000007 57.5
      vertex 30.432748481411306 -2.617183872943552 55
    endloop
  endfacet
  facet normal -0.9951847266721968 -0.098017140329562 -3.0407512156710965e-19
    outer loop
      vertex 30.5 -3.3000000000000007 57.5
      vertex 30.432748481411306 -2.617183872943552 57.5
      vertex 30.432748481411306 -2.617183872943552 55
    endloop
  endfacet
  facet normal -0.9569403357322098 -0.29028467725445944 0
    outer loop
      vertex 30.432748481411306 -2.617183872943552 55
      vertex 30.432748481411306 -2.617183872943552 57.5
      vertex 30.233578363789505 -1.9606079867221864 55
    endloop
  endfacet
  facet normal -0.9569403357322098 -0.29028467725445944 -6.297829135479556e-18
    outer loop
      vertex 30.432748481411306 -2.617183872943552 57.5
      vertex 30.233578363789505 -1.9606079867221864 57.5
      vertex 30.233578363789505 -1.9606079867221864 55
    endloop
  endfacet
  facet normal -0.8819212643483546 -0.4713967368259984 0
    outer loop
      vertex 30.233578363789505 -1.9606079867221864 55
      vertex 30.233578363789505 -1.9606079867221864 57.5
      vertex 29.91014364305891 -1.355504184431393 55
    endloop
  endfacet
  facet normal -0.8819212643483546 -0.4713967368259984 5.399182374346653e-18
    outer loop
      vertex 30.233578363789505 -1.9606079867221864 57.5
      vertex 29.91014364305891 -1.355504184431393 57.5
      vertex 29.91014364305891 -1.355504184431393 55
    endloop
  endfacet
  facet normal 0.7730104533627357 -0.634393284163647 0
    outer loop
      vertex 24.08985635694109 -1.355504184431393 55
      vertex 24.525126265847085 -0.8251262658470844 57.5
      vertex 24.08985635694109 -1.355504184431393 57.5
    endloop
  endfacet
  facet normal 0.7730104533627357 -0.634393284163647 -1.6171457299821793e-18
    outer loop
      vertex 24.08985635694109 -1.355504184431393 55
      vertex 24.525126265847085 -0.8251262658470844 55
      vertex 24.525126265847085 -0.8251262658470844 57.5
    endloop
  endfacet
  facet normal 0.6343932841636468 -0.7730104533627359 1.5954500239414723e-18
    outer loop
      vertex 24.525126265847085 -0.8251262658470844 55
      vertex 25.055504184431392 -0.3898563569410922 55
      vertex 25.055504184431392 -0.3898563569410922 57.5
    endloop
  endfacet
  facet normal 0.6343932841636468 -0.7730104533627359 0
    outer loop
      vertex 24.525126265847085 -0.8251262658470844 55
      vertex 25.055504184431392 -0.3898563569410922 57.5
      vertex 24.525126265847085 -0.8251262658470844 57.5
    endloop
  endfacet
  facet normal 0.47139673682599625 -0.8819212643483558 0
    outer loop
      vertex 25.055504184431392 -0.3898563569410922 55
      vertex 25.660607986722187 -0.06642163621049724 57.5
      vertex 25.055504184431392 -0.3898563569410922 57.5
    endloop
  endfacet
  facet normal 0.47139673682599625 -0.8819212643483558 -6.629304415468257e-18
    outer loop
      vertex 25.055504184431392 -0.3898563569410922 55
      vertex 25.660607986722187 -0.06642163621049724 55
      vertex 25.660607986722187 -0.06642163621049724 57.5
    endloop
  endfacet
  facet normal 0.29028467725446266 -0.9569403357322088 2.1876167065427865e-18
    outer loop
      vertex 25.660607986722187 -0.06642163621049724 55
      vertex 26.317183872943552 0.1327484814113058 55
      vertex 26.317183872943552 0.1327484814113058 57.5
    endloop
  endfacet
  facet normal 0.29028467725446266 -0.9569403357322088 0
    outer loop
      vertex 25.660607986722187 -0.06642163621049724 55
      vertex 26.317183872943552 0.1327484814113058 57.5
      vertex 25.660607986722187 -0.06642163621049724 57.5
    endloop
  endfacet
  facet normal 0.09801714032956084 -0.9951847266721968 0
    outer loop
      vertex 26.317183872943552 0.1327484814113058 55
      vertex 27 0.1999999999999993 57.5
      vertex 26.317183872943552 0.1327484814113058 57.5
    endloop
  endfacet
  facet normal 0.09801714032956084 -0.9951847266721968 2.690483602125996e-19
    outer loop
      vertex 26.317183872943552 0.1327484814113058 55
      vertex 27 0.1999999999999993 55
      vertex 27 0.1999999999999993 57.5
    endloop
  endfacet
  facet normal -0.29028467725446266 -0.9569403357322088 -2.1876167065427865e-18
    outer loop
      vertex 27.682816127056448 0.1327484814113058 55
      vertex 28.339392013277813 -0.06642163621049724 55
      vertex 28.339392013277813 -0.06642163621049724 57.5
    endloop
  endfacet
  facet normal -0.09801714032956084 -0.9951847266721968 -2.690483602125996e-19
    outer loop
      vertex 27 0.1999999999999993 55
      vertex 27.682816127056448 0.1327484814113058 55
      vertex 27.682816127056448 0.1327484814113058 57.5
    endloop
  endfacet
  facet normal -0.09801714032956084 -0.9951847266721968 0
    outer loop
      vertex 27 0.1999999999999993 55
      vertex 27.682816127056448 0.1327484814113058 57.5
      vertex 27 0.1999999999999993 57.5
    endloop
  endfacet
  facet normal -0.29028467725446266 -0.9569403357322088 0
    outer loop
      vertex 27.682816127056448 0.1327484814113058 55
      vertex 28.339392013277813 -0.06642163621049724 57.5
      vertex 27.682816127056448 0.1327484814113058 57.5
    endloop
  endfacet
  facet normal -0.7730104533627357 -0.634393284163647 1.6171457299821793e-18
    outer loop
      vertex 29.474873734152915 -0.8251262658470844 55
      vertex 29.91014364305891 -1.355504184431393 55
      vertex 29.91014364305891 -1.355504184431393 57.5
    endloop
  endfacet
  facet normal -0.7730104533627357 -0.634393284163647 0
    outer loop
      vertex 29.474873734152915 -0.8251262658470844 55
      vertex 29.91014364305891 -1.355504184431393 57.5
      vertex 29.474873734152915 -0.8251262658470844 57.5
    endloop
  endfacet
  facet normal -0.6343932841636468 -0.7730104533627359 0
    outer loop
      vertex 29.474873734152915 -0.8251262658470844 55
      vertex 29.474873734152915 -0.8251262658470844 57.5
      vertex 28.944495815568608 -0.3898563569410922 55
    endloop
  endfacet
  facet normal -0.6343932841636468 -0.7730104533627359 -1.5954500239414723e-18
    outer loop
      vertex 29.474873734152915 -0.8251262658470844 57.5
      vertex 28.944495815568608 -0.3898563569410922 57.5
      vertex 28.944495815568608 -0.3898563569410922 55
    endloop
  endfacet
  facet normal -0.47139673682599625 -0.8819212643483558 6.629304415468257e-18
    outer loop
      vertex 28.339392013277813 -0.06642163621049724 55
      vertex 28.944495815568608 -0.3898563569410922 55
      vertex 28.944495815568608 -0.3898563569410922 57.5
    endloop
  endfacet
  facet normal -0.47139673682599625 -0.8819212643483558 0
    outer loop
      vertex 28.339392013277813 -0.06642163621049724 55
      vertex 28.944495815568608 -0.3898563569410922 57.5
      vertex 28.339392013277813 -0.06642163621049724 57.5
    endloop
  endfacet
  facet normal 0 1 0
    outer loop
      vertex 4.5 -5.9 55
      vertex 4.5 -5.9 57.5
      vertex 21.5 -5.9 55
    endloop
  endfacet
  facet normal 0 1 0
    outer loop
      vertex 4.5 -5.9 57.5
      vertex 21.5 -5.9 57.5
      vertex 21.5 -5.9 55
    endloop
  endfacet
  facet normal 1 0 0
    outer loop
      vertex 4.5 -5.9 55
      vertex 4.5 9.1 57.5
      vertex 4.5 -5.9 57.5
    endloop
  endfacet
  facet normal 1 0 0
    outer loop
      vertex 4.5 -5.9 55
      vertex 4.5 9.1 55
      vertex 4.5 9.1 57.5
    endloop
  endfacet
  facet normal -1 0 0
    outer loop
      vertex 21.5 -5.9 55
      vertex 21.5 -5.9 57.5
      vertex 21.5 9.1 55
    endloop
  endfacet
  facet normal -1 0 0
    outer loop
      vertex 21.5 -5.9 57.5
      vertex 21.5 9.1 57.5
      vertex 21.5 9.1 55
    endloop
  endfacet
  facet normal 0 -1 0
    outer loop
      vertex 4.5 9.1 55
      vertex 21.5 9.1 57.5
      vertex 4.5 9.1 57.5
    endloop
  endfacet
  facet normal 0 -1 0
    outer loop
      vertex 4.5 9.1 55
      vertex 21.5 9.1 55
      vertex 21.5 9.1 57.5
    endloop
  endfacet
  facet normal 0 1 0
    outer loop
      vertex -15.5 -5.9 55
      vertex -15.5 -5.9 57.5
      vertex 1.5 -5.9 55
    endloop
  endfacet
  facet normal 0 1 0
    outer loop
      vertex -15.5 -5.9 57.5
      vertex 1.5 -5.9 57.5
      vertex 1.5 -5.9 55
    endloop
  endfacet
  facet normal 1 0 0
    outer loop
      vertex -15.5 -5.9 55
      vertex -15.5 9.1 57.5
      vertex -15.5 -5.9 57.5
    endloop
  endfacet
  facet normal 1 0 0
    outer loop
      vertex -15.5 -5.9 55
      vertex -15.5 9.1 55
      vertex -15.5 9.1 57.5
    endloop
  endfacet
  facet normal 0 -1 0
    outer loop
      vertex -15.5 9.1 55
      vertex 1.5 9.1 57.5
      vertex -15.5 9.1 57.5
    endloop
  endfacet
  facet normal 0 -1 0
    outer loop
      vertex -15.5 9.1 55
      vertex 1.5 9.1 55
      vertex 1.5 9.1 57.5
    endloop
  endfacet
  facet normal -1 0 0
    outer loop
      vertex 1.5 -5.9 55
      vertex 1.5 -5.9 57.5
      vertex 1.5 9.1 55
    endloop
  endfacet
  facet normal -1 0 0
    outer loop
      vertex 1.5 -5.9 57.5
      vertex 1.5 9.1 57.5
      vertex 1.5 9.1 55
    endloop
  endfacet
  facet normal 0 1 0
    outer loop
      vertex -27 -5.65 55
      vertex -27 -5.65 57.5
      vertex -21 -5.65 55
    endloop
  endfacet
  facet normal 0 1 0
    outer loop
      vertex -27 -5.65 57.5
      vertex -21 -5.65 57.5
      vertex -21 -5.65 55
    endloop
  endfacet
  facet normal 1 0 0
    outer loop
      vertex -27 -5.65 55
      vertex -27 12.85 57.5
      vertex -27 -5.65 57.5
    endloop
  endfacet
  facet normal 1 0 0
    outer loop
      vertex -27 -5.65 55
      vertex -27 12.85 55
      vertex -27 12.85 57.5
    endloop
  endfacet
  facet normal -1 0 0
    outer loop
      vertex -21 -5.65 55
      vertex -21 -5.65 57.5
      vertex -21 12.85 55
    endloop
  endfacet
  facet normal -1 0 0
    outer loop
      vertex -21 -5.65 57.5
      vertex -21 12.85 57.5
      vertex -21 12.85 55
    endloop
  endfacet
  facet normal 0 -1 0
    outer loop
      vertex -27 12.85 55
      vertex -21 12.85 57.5
      vertex -27 12.85 57.5
    endloop
  endfacet
  facet normal 0 -1 0
    outer loop
      vertex -27 12.85 55
      vertex -21 12.85 55
      vertex -21 12.85 57.5
    endloop
  endfacet
  facet normal 1 0 0
    outer loop
      vertex -49.5 -13.1 55
      vertex -49.5 18.9 57.5
      vertex -49.5 -13.1 57.5
    endloop
  endfacet
  facet normal 0 1 0
    outer loop
      vertex -49.5 -13.1 55
      vertex -49.5 -13.1 57.5
      vertex -32.5 -13.1 55
    endloop
  endfacet
  facet normal 0 1 0
    outer loop
      vertex -49.5 -13.1 57.5
      vertex -32.5 -13.1 57.5
      vertex -32.5 -13.1 55
    endloop
  endfacet
  facet normal -1 0 0
    outer loop
      vertex -32.5 -13.1 55
      vertex -32.5 -13.1 57.5
      vertex -32.5 18.9 55
    endloop
  endfacet
  facet normal 1 0 0
    outer loop
      vertex -49.5 -13.1 55
      vertex -49.5 18.9 55
      vertex -49.5 18.9 57.5
    endloop
  endfacet
  facet normal -1 0 0
    outer loop
      vertex -32.5 -13.1 57.5
      vertex -32.5 18.9 57.5
      vertex -32.5 18.9 55
    endloop
  endfacet
  facet normal 0 -1 0
    outer loop
      vertex -49.5 18.9 55
      vertex -32.5 18.9 57.5
      vertex -49.5 18.9 57.5
    endloop
  endfacet
  facet normal 0 -1 0
    outer loop
      vertex -49.5 18.9 55
      vertex -32.5 18.9 55
      vertex -32.5 18.9 57.5
    endloop
  endfacet
  facet normal 0 1 0
    outer loop
      vertex -66.75 -5.85 55
      vertex -66.75 -5.85 57.5
      vertex -51.25 -5.85 55
    endloop
  endfacet
  facet normal 0 1 0
    outer loop
      vertex -66.75 -5.85 57.5
      vertex -51.25 -5.85 57.5
      vertex -51.25 -5.85 55
    endloop
  endfacet
  facet normal 1 0 0
    outer loop
      vertex -66.75 -5.85 55
      vertex -66.75 11.65 57.5
      vertex -66.75 -5.85 57.5
    endloop
  endfacet
  facet normal -1 0 0
    outer loop
      vertex -51.25 -5.85 55
      vertex -51.25 -5.85 57.5
      vertex -51.25 11.65 55
    endloop
  endfacet
  facet normal 1 0 0
    outer loop
      vertex -66.75 -5.85 55
      vertex -66.75 11.65 55
      vertex -66.75 11.65 57.5
    endloop
  endfacet
  facet normal -1 0 0
    outer loop
      vertex -51.25 -5.85 57.5
      vertex -51.25 11.65 57.5
      vertex -51.25 11.65 55
    endloop
  endfacet
  facet normal 0 -1 0
    outer loop
      vertex -66.75 11.65 55
      vertex -51.25 11.65 57.5
      vertex -66.75 11.65 57.5
    endloop
  endfacet
  facet normal 0 -1 0
    outer loop
      vertex -66.75 11.65 55
      vertex -51.25 11.65 55
      vertex -51.25 11.65 57.5
    endloop
  endfacet
  facet normal 0 0.7730104533627382 0.634393284163644
    outer loop
      vertex -88.5 -1.7460861858353451 21.333302510658836
      vertex -82.5 -1.7460861858353451 21.333302510658836
      vertex -88.5 -1.48492424049175 21.01507575950825
    endloop
  endfacet
  facet normal 0 0.8819212643483546 0.4713967368259985
    outer loop
      vertex -88.5 -1.7460861858353451 21.333302510658836
      vertex -82.5 -1.9401470182737022 21.69636479203331
      vertex -82.5 -1.7460861858353451 21.333302510658836
    endloop
  endfacet
  facet normal -7.331498971108728e-19 0.7730104533627382 0.634393284163644
    outer loop
      vertex -82.5 -1.7460861858353451 21.333302510658836
      vertex -82.5 -1.48492424049175 21.01507575950825
      vertex -88.5 -1.48492424049175 21.01507575950825
    endloop
  endfacet
  facet normal 1 0 0
    outer loop
      vertex -88.5 -2.059649088846784 22.09031032376613
      vertex -88.5 -1.9401470182737022 21.69636479203331
      vertex -88.5 -1.9401470182737022 23.30363520796669
    endloop
  endfacet
  facet normal 1 0 0
    outer loop
      vertex -88.5 -2.059649088846784 22.09031032376613
      vertex -88.5 -2.059649088846784 22.90968967623387
      vertex -88.5 -2.1 22.5
    endloop
  endfacet
  facet normal 1 0 0
    outer loop
      vertex -88.5 -2.059649088846784 22.09031032376613
      vertex -88.5 -1.9401470182737022 23.30363520796669
      vertex -88.5 -2.059649088846784 22.90968967623387
    endloop
  endfacet
  facet normal 1 0 0
    outer loop
      vertex -88.5 -1.9401470182737022 21.69636479203331
      vertex -88.5 -1.7460861858353451 23.666697489341164
      vertex -88.5 -1.9401470182737022 23.30363520796669
    endloop
  endfacet
  facet normal 1 0 0
    outer loop
      vertex -88.5 -1.7460861858353451 21.333302510658836
      vertex -88.5 -1.7460861858353451 23.666697489341164
      vertex -88.5 -1.9401470182737022 21.69636479203331
    endloop
  endfacet
  facet normal 1 0 0
    outer loop
      vertex -88.5 -1.7460861858353451 21.333302510658836
      vertex -88.5 -1.48492424049175 21.01507575950825
      vertex -88.5 -1.48492424049175 23.98492424049175
    endloop
  endfacet
  facet normal 1 0 0
    outer loop
      vertex -88.5 -1.7460861858353451 21.333302510658836
      vertex -88.5 -1.48492424049175 23.98492424049175
      vertex -88.5 -1.7460861858353451 23.666697489341164
    endloop
  endfacet
  facet normal 3.3782949464788536e-19 0.9951847266721968 0.09801714032956033
    outer loop
      vertex -88.5 -2.059649088846784 22.09031032376613
      vertex -88.5 -2.1 22.5
      vertex -82.5 -2.1 22.5
    endloop
  endfacet
  facet normal 0 0.9569403357322087 0.29028467725446316
    outer loop
      vertex -88.5 -2.059649088846784 22.09031032376613
      vertex -82.5 -2.059649088846784 22.09031032376613
      vertex -88.5 -1.9401470182737022 21.69636479203331
    endloop
  endfacet
  facet normal -1.905092136873644e-18 0.8819212643483546 0.4713967368259985
    outer loop
      vertex -88.5 -1.7460861858353451 21.333302510658836
      vertex -88.5 -1.9401470182737022 21.69636479203331
      vertex -82.5 -1.9401470182737022 21.69636479203331
    endloop
  endfacet
  facet normal -3.3782949464788536e-19 0.9951847266721968 -0.09801714032956033
    outer loop
      vertex -88.5 -2.1 22.5
      vertex -88.5 -2.059649088846784 22.90968967623387
      vertex -82.5 -2.059649088846784 22.90968967623387
    endloop
  endfacet
  facet normal 2.181901925350969e-19 0.9569403357322087 -0.29028467725446316
    outer loop
      vertex -88.5 -2.059649088846784 22.90968967623387
      vertex -88.5 -1.9401470182737022 23.30363520796669
      vertex -82.5 -1.9401470182737022 23.30363520796669
    endloop
  endfacet
  facet normal 0 0.9951847266721968 0.09801714032956033
    outer loop
      vertex -88.5 -2.059649088846784 22.09031032376613
      vertex -82.5 -2.1 22.5
      vertex -82.5 -2.059649088846784 22.09031032376613
    endloop
  endfacet
  facet normal 0 0.9569403357322087 0.29028467725446316
    outer loop
      vertex -88.5 -1.9401470182737022 21.69636479203331
      vertex -82.5 -2.059649088846784 22.09031032376613
      vertex -82.5 -1.9401470182737022 21.69636479203331
    endloop
  endfacet
  facet normal 0 0.9951847266721968 -0.09801714032956033
    outer loop
      vertex -88.5 -2.1 22.5
      vertex -82.5 -2.059649088846784 22.90968967623387
      vertex -82.5 -2.1 22.5
    endloop
  endfacet
  facet normal 0 0.9569403357322087 -0.29028467725446316
    outer loop
      vertex -88.5 -2.059649088846784 22.90968967623387
      vertex -82.5 -1.9401470182737022 23.30363520796669
      vertex -82.5 -2.059649088846784 22.90968967623387
    endloop
  endfacet
  facet normal 1.905092136873644e-18 0.8819212643483546 -0.4713967368259985
    outer loop
      vertex -88.5 -1.9401470182737022 23.30363520796669
      vertex -88.5 -1.7460861858353451 23.666697489341164
      vertex -82.5 -1.7460861858353451 23.666697489341164
    endloop
  endfacet
  facet normal 7.331498971108728e-19 0.7730104533627382 -0.634393284163644
    outer loop
      vertex -88.5 -1.7460861858353451 23.666697489341164
      vertex -88.5 -1.48492424049175 23.98492424049175
      vertex -82.5 -1.48492424049175 23.98492424049175
    endloop
  endfacet
  facet normal 0 0.8819212643483546 -0.4713967368259985
    outer loop
      vertex -88.5 -1.9401470182737022 23.30363520796669
      vertex -82.5 -1.7460861858353451 23.666697489341164
      vertex -82.5 -1.9401470182737022 23.30363520796669
    endloop
  endfacet
  facet normal 0 0.7730104533627382 -0.634393284163644
    outer loop
      vertex -88.5 -1.7460861858353451 23.666697489341164
      vertex -82.5 -1.48492424049175 23.98492424049175
      vertex -82.5 -1.7460861858353451 23.666697489341164
    endloop
  endfacet
  facet normal -1.8231741172239756e-18 0.6343932841636448 0.7730104533627375
    outer loop
      vertex -88.5 -1.48492424049175 21.01507575950825
      vertex -82.5 -1.1666974893411646 20.753913814164655
      vertex -88.5 -1.1666974893411646 20.753913814164655
    endloop
  endfacet
  facet normal 2.7954087006925747e-18 0.47139673682599703 0.8819212643483554
    outer loop
      vertex -88.5 -1.1666974893411646 20.753913814164655
      vertex -82.5 -0.8036352079666885 20.559852981726298
      vertex -88.5 -0.8036352079666885 20.559852981726298
    endloop
  endfacet
  facet normal 0 0.6343932841636448 0.7730104533627375
    outer loop
      vertex -88.5 -1.48492424049175 21.01507575950825
      vertex -82.5 -1.48492424049175 21.01507575950825
      vertex -82.5 -1.1666974893411646 20.753913814164655
    endloop
  endfacet
  facet normal 0 0.47139673682599703 0.8819212643483554
    outer loop
      vertex -88.5 -1.1666974893411646 20.753913814164655
      vertex -82.5 -1.1666974893411646 20.753913814164655
      vertex -82.5 -0.8036352079666885 20.559852981726298
    endloop
  endfacet
  facet normal 9.876557913243545e-19 0.2902846772544595 0.9569403357322098
    outer loop
      vertex -88.5 -0.8036352079666885 20.559852981726298
      vertex -82.5 -0.4096896762338693 20.440350911153217
      vertex -88.5 -0.4096896762338693 20.440350911153217
    endloop
  endfacet
  facet normal -4.550246097227268e-19 0.09801714032956713 0.9951847266721963
    outer loop
      vertex -88.5 -0.4096896762338693 20.440350911153217
      vertex -82.5 0 20.4
      vertex -88.5 0 20.4
    endloop
  endfacet
  facet normal 0 0.2902846772544595 0.9569403357322098
    outer loop
      vertex -88.5 -0.8036352079666885 20.559852981726298
      vertex -82.5 -0.8036352079666885 20.559852981726298
      vertex -82.5 -0.4096896762338693 20.440350911153217
    endloop
  endfacet
  facet normal 0 0.09801714032956713 0.9951847266721963
    outer loop
      vertex -88.5 -0.4096896762338693 20.440350911153217
      vertex -82.5 -0.4096896762338693 20.440350911153217
      vertex -82.5 0 20.4
    endloop
  endfacet
  facet normal 4.550246097227268e-19 -0.09801714032956713 0.9951847266721963
    outer loop
      vertex -88.5 0 20.4
      vertex -82.5 0.4096896762338693 20.440350911153217
      vertex -88.5 0.4096896762338693 20.440350911153217
    endloop
  endfacet
  facet normal -9.876557913243545e-19 -0.2902846772544595 0.9569403357322098
    outer loop
      vertex -88.5 0.4096896762338693 20.440350911153217
      vertex -82.5 0.8036352079666885 20.559852981726298
      vertex -88.5 0.8036352079666885 20.559852981726298
    endloop
  endfacet
  facet normal 0 -0.09801714032956713 0.9951847266721963
    outer loop
      vertex -88.5 0 20.4
      vertex -82.5 0 20.4
      vertex -82.5 0.4096896762338693 20.440350911153217
    endloop
  endfacet
  facet normal 0 -0.2902846772544595 0.9569403357322098
    outer loop
      vertex -88.5 0.4096896762338693 20.440350911153217
      vertex -82.5 0.4096896762338693 20.440350911153217
      vertex -82.5 0.8036352079666885 20.559852981726298
    endloop
  endfacet
  facet normal -2.7954087006925747e-18 -0.47139673682599703 0.8819212643483554
    outer loop
      vertex -88.5 0.8036352079666885 20.559852981726298
      vertex -82.5 1.1666974893411646 20.753913814164655
      vertex -88.5 1.1666974893411646 20.753913814164655
    endloop
  endfacet
  facet normal 1.8231741172239756e-18 -0.6343932841636448 0.7730104533627375
    outer loop
      vertex -88.5 1.1666974893411646 20.753913814164655
      vertex -82.5 1.48492424049175 21.01507575950825
      vertex -88.5 1.48492424049175 21.01507575950825
    endloop
  endfacet
  facet normal 0 -0.47139673682599703 0.8819212643483554
    outer loop
      vertex -88.5 0.8036352079666885 20.559852981726298
      vertex -82.5 0.8036352079666885 20.559852981726298
      vertex -82.5 1.1666974893411646 20.753913814164655
    endloop
  endfacet
  facet normal 0 -0.6343932841636448 0.7730104533627375
    outer loop
      vertex -88.5 1.1666974893411646 20.753913814164655
      vertex -82.5 1.1666974893411646 20.753913814164655
      vertex -82.5 1.48492424049175 21.01507575950825
    endloop
  endfacet
  facet normal 1 0 0
    outer loop
      vertex -88.5 -1.48492424049175 21.01507575950825
      vertex -88.5 -1.1666974893411646 20.753913814164655
      vertex -88.5 -1.1666974893411646 24.246086185835345
    endloop
  endfacet
  facet normal 1 0 0
    outer loop
      vertex -88.5 -1.48492424049175 21.01507575950825
      vertex -88.5 -1.1666974893411646 24.246086185835345
      vertex -88.5 -1.48492424049175 23.98492424049175
    endloop
  endfacet
  facet normal 1 0 0
    outer loop
      vertex -88.5 -1.1666974893411646 20.753913814164655
      vertex -88.5 -0.8036352079666885 20.559852981726298
      vertex -88.5 -0.8036352079666885 24.440147018273702
    endloop
  endfacet
  facet normal 1 0 0
    outer loop
      vertex -88.5 -1.1666974893411646 20.753913814164655
      vertex -88.5 -0.8036352079666885 24.440147018273702
      vertex -88.5 -1.1666974893411646 24.246086185835345
    endloop
  endfacet
  facet normal 1 0 0
    outer loop
      vertex -88.5 -0.8036352079666885 20.559852981726298
      vertex -88.5 -0.4096896762338693 20.440350911153217
      vertex -88.5 -0.4096896762338693 24.559649088846783
    endloop
  endfacet
  facet normal 1 0 0
    outer loop
      vertex -88.5 -0.8036352079666885 20.559852981726298
      vertex -88.5 -0.4096896762338693 24.559649088846783
      vertex -88.5 -0.8036352079666885 24.440147018273702
    endloop
  endfacet
  facet normal 1 0 0
    outer loop
      vertex -88.5 -0.4096896762338693 20.440350911153217
      vertex -88.5 0 20.4
      vertex -88.5 0 24.6
    endloop
  endfacet
  facet normal 1 0 0
    outer loop
      vertex -88.5 -0.4096896762338693 20.440350911153217
      vertex -88.5 0 24.6
      vertex -88.5 -0.4096896762338693 24.559649088846783
    endloop
  endfacet
  facet normal 0 0.6343932841636448 -0.7730104533627375
    outer loop
      vertex -88.5 -1.48492424049175 23.98492424049175
      vertex -88.5 -1.1666974893411646 24.246086185835345
      vertex -82.5 -1.48492424049175 23.98492424049175
    endloop
  endfacet
  facet normal 0 0.47139673682599703 -0.8819212643483554
    outer loop
      vertex -88.5 -1.1666974893411646 24.246086185835345
      vertex -88.5 -0.8036352079666885 24.440147018273702
      vertex -82.5 -1.1666974893411646 24.246086185835345
    endloop
  endfacet
  facet normal 0 0.6343932841636448 -0.7730104533627375
    outer loop
      vertex -88.5 -1.1666974893411646 24.246086185835345
      vertex -82.5 -1.1666974893411646 24.246086185835345
      vertex -82.5 -1.48492424049175 23.98492424049175
    endloop
  endfacet
  facet normal 0 0.47139673682599703 -0.8819212643483554
    outer loop
      vertex -88.5 -0.8036352079666885 24.440147018273702
      vertex -82.5 -0.8036352079666885 24.440147018273702
      vertex -82.5 -1.1666974893411646 24.246086185835345
    endloop
  endfacet
  facet normal 0 0.2902846772544595 -0.9569403357322098
    outer loop
      vertex -88.5 -0.8036352079666885 24.440147018273702
      vertex -88.5 -0.4096896762338693 24.559649088846783
      vertex -82.5 -0.8036352079666885 24.440147018273702
    endloop
  endfacet
  facet normal 0 0.09801714032956713 -0.9951847266721963
    outer loop
      vertex -88.5 -0.4096896762338693 24.559649088846783
      vertex -88.5 0 24.6
      vertex -82.5 -0.4096896762338693 24.559649088846783
    endloop
  endfacet
  facet normal 0 0.2902846772544595 -0.9569403357322098
    outer loop
      vertex -88.5 -0.4096896762338693 24.559649088846783
      vertex -82.5 -0.4096896762338693 24.559649088846783
      vertex -82.5 -0.8036352079666885 24.440147018273702
    endloop
  endfacet
  facet normal 0 0.09801714032956713 -0.9951847266721963
    outer loop
      vertex -88.5 0 24.6
      vertex -82.5 0 24.6
      vertex -82.5 -0.4096896762338693 24.559649088846783
    endloop
  endfacet
  facet normal 1 0 0
    outer loop
      vertex -88.5 0 20.4
      vertex -88.5 0.4096896762338693 20.440350911153217
      vertex -88.5 0.4096896762338693 24.559649088846783
    endloop
  endfacet
  facet normal 1 0 0
    outer loop
      vertex -88.5 0 20.4
      vertex -88.5 0.4096896762338693 24.559649088846783
      vertex -88.5 0 24.6
    endloop
  endfacet
  facet normal 1 0 0
    outer loop
      vertex -88.5 0.4096896762338693 20.440350911153217
      vertex -88.5 0.8036352079666885 20.559852981726298
      vertex -88.5 0.8036352079666885 24.440147018273702
    endloop
  endfacet
  facet normal 1 0 0
    outer loop
      vertex -88.5 0.4096896762338693 20.440350911153217
      vertex -88.5 0.8036352079666885 24.440147018273702
      vertex -88.5 0.4096896762338693 24.559649088846783
    endloop
  endfacet
  facet normal 1 0 0
    outer loop
      vertex -88.5 0.8036352079666885 20.559852981726298
      vertex -88.5 1.1666974893411646 20.753913814164655
      vertex -88.5 1.1666974893411646 24.246086185835345
    endloop
  endfacet
  facet normal 1 0 0
    outer loop
      vertex -88.5 0.8036352079666885 20.559852981726298
      vertex -88.5 1.1666974893411646 24.246086185835345
      vertex -88.5 0.8036352079666885 24.440147018273702
    endloop
  endfacet
  facet normal 1 0 0
    outer loop
      vertex -88.5 1.1666974893411646 20.753913814164655
      vertex -88.5 1.48492424049175 21.01507575950825
      vertex -88.5 1.48492424049175 23.98492424049175
    endloop
  endfacet
  facet normal 1 0 0
    outer loop
      vertex -88.5 1.1666974893411646 20.753913814164655
      vertex -88.5 1.48492424049175 23.98492424049175
      vertex -88.5 1.1666974893411646 24.246086185835345
    endloop
  endfacet
  facet normal 0 -0.09801714032956713 -0.9951847266721963
    outer loop
      vertex -88.5 0 24.6
      vertex -88.5 0.4096896762338693 24.559649088846783
      vertex -82.5 0 24.6
    endloop
  endfacet
  facet normal 0 -0.2902846772544595 -0.9569403357322098
    outer loop
      vertex -88.5 0.4096896762338693 24.559649088846783
      vertex -88.5 0.8036352079666885 24.440147018273702
      vertex -82.5 0.4096896762338693 24.559649088846783
    endloop
  endfacet
  facet normal 0 -0.09801714032956713 -0.9951847266721963
    outer loop
      vertex -88.5 0.4096896762338693 24.559649088846783
      vertex -82.5 0.4096896762338693 24.559649088846783
      vertex -82.5 0 24.6
    endloop
  endfacet
  facet normal 0 -0.2902846772544595 -0.9569403357322098
    outer loop
      vertex -88.5 0.8036352079666885 24.440147018273702
      vertex -82.5 0.8036352079666885 24.440147018273702
      vertex -82.5 0.4096896762338693 24.559649088846783
    endloop
  endfacet
  facet normal 0 -0.47139673682599703 -0.8819212643483554
    outer loop
      vertex -88.5 0.8036352079666885 24.440147018273702
      vertex -88.5 1.1666974893411646 24.246086185835345
      vertex -82.5 0.8036352079666885 24.440147018273702
    endloop
  endfacet
  facet normal 0 -0.6343932841636448 -0.7730104533627375
    outer loop
      vertex -88.5 1.1666974893411646 24.246086185835345
      vertex -88.5 1.48492424049175 23.98492424049175
      vertex -82.5 1.1666974893411646 24.246086185835345
    endloop
  endfacet
  facet normal 0 -0.47139673682599703 -0.8819212643483554
    outer loop
      vertex -88.5 1.1666974893411646 24.246086185835345
      vertex -82.5 1.1666974893411646 24.246086185835345
      vertex -82.5 0.8036352079666885 24.440147018273702
    endloop
  endfacet
  facet normal -1.8231741172239756e-18 -0.6343932841636448 -0.7730104533627375
    outer loop
      vertex -82.5 1.1666974893411646 24.246086185835345
      vertex -88.5 1.48492424049175 23.98492424049175
      vertex -82.5 1.48492424049175 23.98492424049175
    endloop
  endfacet
  facet normal 0 -0.7730104533627382 0.634393284163644
    outer loop
      vertex -88.5 1.48492424049175 21.01507575950825
      vertex -82.5 1.48492424049175 21.01507575950825
      vertex -88.5 1.7460861858353451 21.333302510658836
    endloop
  endfacet
  facet normal 0 -0.8819212643483546 0.4713967368259985
    outer loop
      vertex -88.5 1.7460861858353451 21.333302510658836
      vertex -82.5 1.7460861858353451 21.333302510658836
      vertex -88.5 1.9401470182737022 21.69636479203331
    endloop
  endfacet
  facet normal 0 -0.7730104533627382 0.634393284163644
    outer loop
      vertex -88.5 1.7460861858353451 21.333302510658836
      vertex -82.5 1.48492424049175 21.01507575950825
      vertex -82.5 1.7460861858353451 21.333302510658836
    endloop
  endfacet
  facet normal 1 0 0
    outer loop
      vertex -88.5 1.48492424049175 21.01507575950825
      vertex -88.5 1.7460861858353451 21.333302510658836
      vertex -88.5 1.7460861858353451 23.666697489341164
    endloop
  endfacet
  facet normal 1 0 0
    outer loop
      vertex -88.5 1.48492424049175 21.01507575950825
      vertex -88.5 1.7460861858353451 23.666697489341164
      vertex -88.5 1.48492424049175 23.98492424049175
    endloop
  endfacet
  facet normal 1 0 0
    outer loop
      vertex -88.5 1.7460861858353451 21.333302510658836
      vertex -88.5 1.9401470182737022 21.69636479203331
      vertex -88.5 1.9401470182737022 23.30363520796669
    endloop
  endfacet
  facet normal 1 0 0
    outer loop
      vertex -88.5 1.9401470182737022 21.69636479203331
      vertex -88.5 2.059649088846784 22.09031032376613
      vertex -88.5 2.059649088846784 22.90968967623387
    endloop
  endfacet
  facet normal 1 0 0
    outer loop
      vertex -88.5 1.7460861858353451 21.333302510658836
      vertex -88.5 1.9401470182737022 23.30363520796669
      vertex -88.5 1.7460861858353451 23.666697489341164
    endloop
  endfacet
  facet normal 1 0 0
    outer loop
      vertex -88.5 1.9401470182737022 21.69636479203331
      vertex -88.5 2.059649088846784 22.90968967623387
      vertex -88.5 1.9401470182737022 23.30363520796669
    endloop
  endfacet
  facet normal 1 0 0
    outer loop
      vertex -88.5 2.059649088846784 22.09031032376613
      vertex -88.5 2.1 22.5
      vertex -88.5 2.059649088846784 22.90968967623387
    endloop
  endfacet
  facet normal 0 -0.9569403357322087 0.29028467725446316
    outer loop
      vertex -88.5 1.9401470182737022 21.69636479203331
      vertex -82.5 1.9401470182737022 21.69636479203331
      vertex -88.5 2.059649088846784 22.09031032376613
    endloop
  endfacet
  facet normal 0 -0.9951847266721968 0.09801714032956033
    outer loop
      vertex -88.5 2.059649088846784 22.09031032376613
      vertex -82.5 2.059649088846784 22.09031032376613
      vertex -88.5 2.1 22.5
    endloop
  endfacet
  facet normal 3.3782949464788536e-19 -0.9951847266721968 -0.09801714032956033
    outer loop
      vertex -88.5 2.059649088846784 22.90968967623387
      vertex -88.5 2.1 22.5
      vertex -82.5 2.1 22.5
    endloop
  endfacet
  facet normal -2.181901925350969e-19 -0.9569403357322087 -0.29028467725446316
    outer loop
      vertex -88.5 1.9401470182737022 23.30363520796669
      vertex -88.5 2.059649088846784 22.90968967623387
      vertex -82.5 2.059649088846784 22.90968967623387
    endloop
  endfacet
  facet normal 1.905092136873644e-18 -0.8819212643483546 0.4713967368259985
    outer loop
      vertex -82.5 1.7460861858353451 21.333302510658836
      vertex -82.5 1.9401470182737022 21.69636479203331
      vertex -88.5 1.9401470182737022 21.69636479203331
    endloop
  endfacet
  facet normal 0 -0.9569403357322087 0.29028467725446316
    outer loop
      vertex -88.5 2.059649088846784 22.09031032376613
      vertex -82.5 1.9401470182737022 21.69636479203331
      vertex -82.5 2.059649088846784 22.09031032376613
    endloop
  endfacet
  facet normal 0 -0.9951847266721968 0.09801714032956033
    outer loop
      vertex -88.5 2.1 22.5
      vertex -82.5 2.059649088846784 22.09031032376613
      vertex -82.5 2.1 22.5
    endloop
  endfacet
  facet normal 0 -0.9569403357322087 -0.29028467725446316
    outer loop
      vertex -88.5 1.9401470182737022 23.30363520796669
      vertex -82.5 2.059649088846784 22.90968967623387
      vertex -82.5 1.9401470182737022 23.30363520796669
    endloop
  endfacet
  facet normal 0 -0.9951847266721968 -0.09801714032956033
    outer loop
      vertex -88.5 2.059649088846784 22.90968967623387
      vertex -82.5 2.1 22.5
      vertex -82.5 2.059649088846784 22.90968967623387
    endloop
  endfacet
  facet normal -7.331498971108728e-19 -0.7730104533627382 -0.634393284163644
    outer loop
      vertex -88.5 1.48492424049175 23.98492424049175
      vertex -88.5 1.7460861858353451 23.666697489341164
      vertex -82.5 1.7460861858353451 23.666697489341164
    endloop
  endfacet
  facet normal 0 -0.8819212643483546 -0.4713967368259985
    outer loop
      vertex -88.5 1.9401470182737022 23.30363520796669
      vertex -82.5 1.9401470182737022 23.30363520796669
      vertex -88.5 1.7460861858353451 23.666697489341164
    endloop
  endfacet
  facet normal 0 -0.7730104533627382 -0.634393284163644
    outer loop
      vertex -88.5 1.48492424049175 23.98492424049175
      vertex -82.5 1.7460861858353451 23.666697489341164
      vertex -82.5 1.48492424049175 23.98492424049175
    endloop
  endfacet
  facet normal 0 -0.8819212643483546 -0.4713967368259985
    outer loop
      vertex -88.5 1.7460861858353451 23.666697489341164
      vertex -82.5 1.9401470182737022 23.30363520796669
      vertex -82.5 1.7460861858353451 23.666697489341164
    endloop
  endfacet
  facet normal 1 0 0
    outer loop
      vertex -88.5 -2.059649088846784 -22.90968967623387
      vertex -88.5 -2.059649088846784 -22.09031032376613
      vertex -88.5 -2.1 -22.5
    endloop
  endfacet
  facet normal 1 0 0
    outer loop
      vertex -88.5 -2.059649088846784 -22.90968967623387
      vertex -88.5 -1.9401470182737022 -23.30363520796669
      vertex -88.5 -1.9401470182737022 -21.69636479203331
    endloop
  endfacet
  facet normal 1 0 0
    outer loop
      vertex -88.5 -2.059649088846784 -22.90968967623387
      vertex -88.5 -1.9401470182737022 -21.69636479203331
      vertex -88.5 -2.059649088846784 -22.09031032376613
    endloop
  endfacet
  facet normal 1 0 0
    outer loop
      vertex -88.5 -1.9401470182737022 -23.30363520796669
      vertex -88.5 -1.7460861858353451 -21.333302510658836
      vertex -88.5 -1.9401470182737022 -21.69636479203331
    endloop
  endfacet
  facet normal 1 0 0
    outer loop
      vertex -88.5 -1.7460861858353451 -23.666697489341164
      vertex -88.5 -1.7460861858353451 -21.333302510658836
      vertex -88.5 -1.9401470182737022 -23.30363520796669
    endloop
  endfacet
  facet normal 1 0 0
    outer loop
      vertex -88.5 -1.7460861858353451 -23.666697489341164
      vertex -88.5 -1.48492424049175 -23.98492424049175
      vertex -88.5 -1.48492424049175 -21.01507575950825
    endloop
  endfacet
  facet normal 1 0 0
    outer loop
      vertex -88.5 -1.7460861858353451 -23.666697489341164
      vertex -88.5 -1.48492424049175 -21.01507575950825
      vertex -88.5 -1.7460861858353451 -21.333302510658836
    endloop
  endfacet
  facet normal -1.905092136873644e-18 0.8819212643483546 0.4713967368259985
    outer loop
      vertex -88.5 -1.7460861858353451 -23.666697489341164
      vertex -88.5 -1.9401470182737022 -23.30363520796669
      vertex -82.5 -1.9401470182737022 -23.30363520796669
    endloop
  endfacet
  facet normal 0 0.7730104533627382 0.634393284163644
    outer loop
      vertex -88.5 -1.7460861858353451 -23.666697489341164
      vertex -82.5 -1.7460861858353451 -23.666697489341164
      vertex -88.5 -1.48492424049175 -23.98492424049175
    endloop
  endfacet
  facet normal 0 0.8819212643483546 0.4713967368259985
    outer loop
      vertex -88.5 -1.7460861858353451 -23.666697489341164
      vertex -82.5 -1.9401470182737022 -23.30363520796669
      vertex -82.5 -1.7460861858353451 -23.666697489341164
    endloop
  endfacet
  facet normal -7.331498971108728e-19 0.7730104533627382 0.634393284163644
    outer loop
      vertex -82.5 -1.7460861858353451 -23.666697489341164
      vertex -82.5 -1.48492424049175 -23.98492424049175
      vertex -88.5 -1.48492424049175 -23.98492424049175
    endloop
  endfacet
  facet normal 3.3782949464788536e-19 0.9951847266721968 0.09801714032956033
    outer loop
      vertex -88.5 -2.059649088846784 -22.90968967623387
      vertex -88.5 -2.1 -22.5
      vertex -82.5 -2.1 -22.5
    endloop
  endfacet
  facet normal 0 0.9569403357322087 0.29028467725446316
    outer loop
      vertex -88.5 -2.059649088846784 -22.90968967623387
      vertex -82.5 -2.059649088846784 -22.90968967623387
      vertex -88.5 -1.9401470182737022 -23.30363520796669
    endloop
  endfacet
  facet normal -3.3782949464788536e-19 0.9951847266721968 -0.09801714032956033
    outer loop
      vertex -88.5 -2.1 -22.5
      vertex -88.5 -2.059649088846784 -22.09031032376613
      vertex -82.5 -2.059649088846784 -22.09031032376613
    endloop
  endfacet
  facet normal 2.181901925350969e-19 0.9569403357322087 -0.29028467725446316
    outer loop
      vertex -88.5 -2.059649088846784 -22.09031032376613
      vertex -88.5 -1.9401470182737022 -21.69636479203331
      vertex -82.5 -1.9401470182737022 -21.69636479203331
    endloop
  endfacet
  facet normal 0 0.9951847266721968 0.09801714032956033
    outer loop
      vertex -88.5 -2.059649088846784 -22.90968967623387
      vertex -82.5 -2.1 -22.5
      vertex -82.5 -2.059649088846784 -22.90968967623387
    endloop
  endfacet
  facet normal 0 0.9569403357322087 0.29028467725446316
    outer loop
      vertex -88.5 -1.9401470182737022 -23.30363520796669
      vertex -82.5 -2.059649088846784 -22.90968967623387
      vertex -82.5 -1.9401470182737022 -23.30363520796669
    endloop
  endfacet
  facet normal 0 0.9951847266721968 -0.09801714032956033
    outer loop
      vertex -88.5 -2.1 -22.5
      vertex -82.5 -2.059649088846784 -22.09031032376613
      vertex -82.5 -2.1 -22.5
    endloop
  endfacet
  facet normal 0 0.9569403357322087 -0.29028467725446316
    outer loop
      vertex -88.5 -2.059649088846784 -22.09031032376613
      vertex -82.5 -1.9401470182737022 -21.69636479203331
      vertex -82.5 -2.059649088846784 -22.09031032376613
    endloop
  endfacet
  facet normal 0 0.8819212643483546 -0.4713967368259985
    outer loop
      vertex -88.5 -1.9401470182737022 -21.69636479203331
      vertex -82.5 -1.7460861858353451 -21.333302510658836
      vertex -82.5 -1.9401470182737022 -21.69636479203331
    endloop
  endfacet
  facet normal 1.905092136873644e-18 0.8819212643483546 -0.4713967368259985
    outer loop
      vertex -88.5 -1.9401470182737022 -21.69636479203331
      vertex -88.5 -1.7460861858353451 -21.333302510658836
      vertex -82.5 -1.7460861858353451 -21.333302510658836
    endloop
  endfacet
  facet normal 7.331498971108728e-19 0.7730104533627382 -0.634393284163644
    outer loop
      vertex -88.5 -1.7460861858353451 -21.333302510658836
      vertex -88.5 -1.48492424049175 -21.01507575950825
      vertex -82.5 -1.48492424049175 -21.01507575950825
    endloop
  endfacet
  facet normal 0 0.7730104533627382 -0.634393284163644
    outer loop
      vertex -88.5 -1.7460861858353451 -21.333302510658836
      vertex -82.5 -1.48492424049175 -21.01507575950825
      vertex -82.5 -1.7460861858353451 -21.333302510658836
    endloop
  endfacet
  facet normal 1 0 0
    outer loop
      vertex -88.5 -1.48492424049175 -23.98492424049175
      vertex -88.5 -1.1666974893411646 -24.246086185835345
      vertex -88.5 -1.1666974893411646 -20.753913814164655
    endloop
  endfacet
  facet normal 1 0 0
    outer loop
      vertex -88.5 -1.48492424049175 -23.98492424049175
      vertex -88.5 -1.1666974893411646 -20.753913814164655
      vertex -88.5 -1.48492424049175 -21.01507575950825
    endloop
  endfacet
  facet normal 1 0 0
    outer loop
      vertex -88.5 -1.1666974893411646 -24.246086185835345
      vertex -88.5 -0.8036352079666885 -24.440147018273702
      vertex -88.5 -0.8036352079666885 -20.559852981726298
    endloop
  endfacet
  facet normal 1 0 0
    outer loop
      vertex -88.5 -1.1666974893411646 -24.246086185835345
      vertex -88.5 -0.8036352079666885 -20.559852981726298
      vertex -88.5 -1.1666974893411646 -20.753913814164655
    endloop
  endfacet
  facet normal 1 0 0
    outer loop
      vertex -88.5 -0.8036352079666885 -24.440147018273702
      vertex -88.5 -0.4096896762338693 -24.559649088846783
      vertex -88.5 -0.4096896762338693 -20.440350911153217
    endloop
  endfacet
  facet normal 1 0 0
    outer loop
      vertex -88.5 -0.8036352079666885 -24.440147018273702
      vertex -88.5 -0.4096896762338693 -20.440350911153217
      vertex -88.5 -0.8036352079666885 -20.559852981726298
    endloop
  endfacet
  facet normal 1 0 0
    outer loop
      vertex -88.5 -0.4096896762338693 -24.559649088846783
      vertex -88.5 0 -24.6
      vertex -88.5 0 -20.4
    endloop
  endfacet
  facet normal 1 0 0
    outer loop
      vertex -88.5 -0.4096896762338693 -24.559649088846783
      vertex -88.5 0 -20.4
      vertex -88.5 -0.4096896762338693 -20.440350911153217
    endloop
  endfacet
  facet normal -1.8231741172239756e-18 0.6343932841636448 0.7730104533627375
    outer loop
      vertex -88.5 -1.48492424049175 -23.98492424049175
      vertex -82.5 -1.1666974893411646 -24.246086185835345
      vertex -88.5 -1.1666974893411646 -24.246086185835345
    endloop
  endfacet
  facet normal 2.7954087006925747e-18 0.47139673682599703 0.8819212643483554
    outer loop
      vertex -88.5 -1.1666974893411646 -24.246086185835345
      vertex -82.5 -0.8036352079666885 -24.440147018273702
      vertex -88.5 -0.8036352079666885 -24.440147018273702
    endloop
  endfacet
  facet normal 0 0.6343932841636448 0.7730104533627375
    outer loop
      vertex -88.5 -1.48492424049175 -23.98492424049175
      vertex -82.5 -1.48492424049175 -23.98492424049175
      vertex -82.5 -1.1666974893411646 -24.246086185835345
    endloop
  endfacet
  facet normal 0 0.47139673682599703 0.8819212643483554
    outer loop
      vertex -88.5 -1.1666974893411646 -24.246086185835345
      vertex -82.5 -1.1666974893411646 -24.246086185835345
      vertex -82.5 -0.8036352079666885 -24.440147018273702
    endloop
  endfacet
  facet normal 9.876557913243545e-19 0.2902846772544595 0.9569403357322098
    outer loop
      vertex -88.5 -0.8036352079666885 -24.440147018273702
      vertex -82.5 -0.4096896762338693 -24.559649088846783
      vertex -88.5 -0.4096896762338693 -24.559649088846783
    endloop
  endfacet
  facet normal -4.550246097227268e-19 0.09801714032956713 0.9951847266721963
    outer loop
      vertex -88.5 -0.4096896762338693 -24.559649088846783
      vertex -82.5 0 -24.6
      vertex -88.5 0 -24.6
    endloop
  endfacet
  facet normal 0 0.2902846772544595 0.9569403357322098
    outer loop
      vertex -88.5 -0.8036352079666885 -24.440147018273702
      vertex -82.5 -0.8036352079666885 -24.440147018273702
      vertex -82.5 -0.4096896762338693 -24.559649088846783
    endloop
  endfacet
  facet normal 0 0.09801714032956713 0.9951847266721963
    outer loop
      vertex -88.5 -0.4096896762338693 -24.559649088846783
      vertex -82.5 -0.4096896762338693 -24.559649088846783
      vertex -82.5 0 -24.6
    endloop
  endfacet
  facet normal 1 0 0
    outer loop
      vertex -88.5 0 -24.6
      vertex -88.5 0.4096896762338693 -24.559649088846783
      vertex -88.5 0.4096896762338693 -20.440350911153217
    endloop
  endfacet
  facet normal 1 0 0
    outer loop
      vertex -88.5 0 -24.6
      vertex -88.5 0.4096896762338693 -20.440350911153217
      vertex -88.5 0 -20.4
    endloop
  endfacet
  facet normal 1 0 0
    outer loop
      vertex -88.5 0.4096896762338693 -24.559649088846783
      vertex -88.5 0.8036352079666885 -24.440147018273702
      vertex -88.5 0.8036352079666885 -20.559852981726298
    endloop
  endfacet
  facet normal 1 0 0
    outer loop
      vertex -88.5 0.4096896762338693 -24.559649088846783
      vertex -88.5 0.8036352079666885 -20.559852981726298
      vertex -88.5 0.4096896762338693 -20.440350911153217
    endloop
  endfacet
  facet normal 1 0 0
    outer loop
      vertex -88.5 0.8036352079666885 -24.440147018273702
      vertex -88.5 1.1666974893411646 -24.246086185835345
      vertex -88.5 1.1666974893411646 -20.753913814164655
    endloop
  endfacet
  facet normal 1 0 0
    outer loop
      vertex -88.5 0.8036352079666885 -24.440147018273702
      vertex -88.5 1.1666974893411646 -20.753913814164655
      vertex -88.5 0.8036352079666885 -20.559852981726298
    endloop
  endfacet
  facet normal 1 0 0
    outer loop
      vertex -88.5 1.1666974893411646 -24.246086185835345
      vertex -88.5 1.48492424049175 -23.98492424049175
      vertex -88.5 1.48492424049175 -21.01507575950825
    endloop
  endfacet
  facet normal 1 0 0
    outer loop
      vertex -88.5 1.1666974893411646 -24.246086185835345
      vertex -88.5 1.48492424049175 -21.01507575950825
      vertex -88.5 1.1666974893411646 -20.753913814164655
    endloop
  endfacet
  facet normal 4.550246097227268e-19 -0.09801714032956713 0.9951847266721963
    outer loop
      vertex -88.5 0 -24.6
      vertex -82.5 0.4096896762338693 -24.559649088846783
      vertex -88.5 0.4096896762338693 -24.559649088846783
    endloop
  endfacet
  facet normal -9.876557913243545e-19 -0.2902846772544595 0.9569403357322098
    outer loop
      vertex -88.5 0.4096896762338693 -24.559649088846783
      vertex -82.5 0.8036352079666885 -24.440147018273702
      vertex -88.5 0.8036352079666885 -24.440147018273702
    endloop
  endfacet
  facet normal 0 -0.09801714032956713 0.9951847266721963
    outer loop
      vertex -88.5 0 -24.6
      vertex -82.5 0 -24.6
      vertex -82.5 0.4096896762338693 -24.559649088846783
    endloop
  endfacet
  facet normal 0 -0.2902846772544595 0.9569403357322098
    outer loop
      vertex -88.5 0.4096896762338693 -24.559649088846783
      vertex -82.5 0.4096896762338693 -24.559649088846783
      vertex -82.5 0.8036352079666885 -24.440147018273702
    endloop
  endfacet
  facet normal -2.7954087006925747e-18 -0.47139673682599703 0.8819212643483554
    outer loop
      vertex -88.5 0.8036352079666885 -24.440147018273702
      vertex -82.5 1.1666974893411646 -24.246086185835345
      vertex -88.5 1.1666974893411646 -24.246086185835345
    endloop
  endfacet
  facet normal 1.8231741172239756e-18 -0.6343932841636448 0.7730104533627375
    outer loop
      vertex -88.5 1.1666974893411646 -24.246086185835345
      vertex -82.5 1.48492424049175 -23.98492424049175
      vertex -88.5 1.48492424049175 -23.98492424049175
    endloop
  endfacet
  facet normal 0 -0.47139673682599703 0.8819212643483554
    outer loop
      vertex -88.5 0.8036352079666885 -24.440147018273702
      vertex -82.5 0.8036352079666885 -24.440147018273702
      vertex -82.5 1.1666974893411646 -24.246086185835345
    endloop
  endfacet
  facet normal 0 -0.6343932841636448 0.7730104533627375
    outer loop
      vertex -88.5 1.1666974893411646 -24.246086185835345
      vertex -82.5 1.1666974893411646 -24.246086185835345
      vertex -82.5 1.48492424049175 -23.98492424049175
    endloop
  endfacet
  facet normal 0 0.6343932841636448 -0.7730104533627375
    outer loop
      vertex -88.5 -1.48492424049175 -21.01507575950825
      vertex -88.5 -1.1666974893411646 -20.753913814164655
      vertex -82.5 -1.48492424049175 -21.01507575950825
    endloop
  endfacet
  facet normal 0 0.47139673682599703 -0.8819212643483554
    outer loop
      vertex -88.5 -1.1666974893411646 -20.753913814164655
      vertex -88.5 -0.8036352079666885 -20.559852981726298
      vertex -82.5 -1.1666974893411646 -20.753913814164655
    endloop
  endfacet
  facet normal 0 0.6343932841636448 -0.7730104533627375
    outer loop
      vertex -88.5 -1.1666974893411646 -20.753913814164655
      vertex -82.5 -1.1666974893411646 -20.753913814164655
      vertex -82.5 -1.48492424049175 -21.01507575950825
    endloop
  endfacet
  facet normal 0 0.47139673682599703 -0.8819212643483554
    outer loop
      vertex -88.5 -0.8036352079666885 -20.559852981726298
      vertex -82.5 -0.8036352079666885 -20.559852981726298
      vertex -82.5 -1.1666974893411646 -20.753913814164655
    endloop
  endfacet
  facet normal 0 0.2902846772544595 -0.9569403357322098
    outer loop
      vertex -88.5 -0.8036352079666885 -20.559852981726298
      vertex -88.5 -0.4096896762338693 -20.440350911153217
      vertex -82.5 -0.8036352079666885 -20.559852981726298
    endloop
  endfacet
  facet normal 0 0.09801714032956713 -0.9951847266721963
    outer loop
      vertex -88.5 -0.4096896762338693 -20.440350911153217
      vertex -88.5 0 -20.4
      vertex -82.5 -0.4096896762338693 -20.440350911153217
    endloop
  endfacet
  facet normal 0 0.2902846772544595 -0.9569403357322098
    outer loop
      vertex -88.5 -0.4096896762338693 -20.440350911153217
      vertex -82.5 -0.4096896762338693 -20.440350911153217
      vertex -82.5 -0.8036352079666885 -20.559852981726298
    endloop
  endfacet
  facet normal 0 0.09801714032956713 -0.9951847266721963
    outer loop
      vertex -88.5 0 -20.4
      vertex -82.5 0 -20.4
      vertex -82.5 -0.4096896762338693 -20.440350911153217
    endloop
  endfacet
  facet normal 0 -0.09801714032956713 -0.9951847266721963
    outer loop
      vertex -88.5 0 -20.4
      vertex -88.5 0.4096896762338693 -20.440350911153217
      vertex -82.5 0 -20.4
    endloop
  endfacet
  facet normal 0 -0.2902846772544595 -0.9569403357322098
    outer loop
      vertex -88.5 0.4096896762338693 -20.440350911153217
      vertex -88.5 0.8036352079666885 -20.559852981726298
      vertex -82.5 0.4096896762338693 -20.440350911153217
    endloop
  endfacet
  facet normal 0 -0.09801714032956713 -0.9951847266721963
    outer loop
      vertex -88.5 0.4096896762338693 -20.440350911153217
      vertex -82.5 0.4096896762338693 -20.440350911153217
      vertex -82.5 0 -20.4
    endloop
  endfacet
  facet normal 0 -0.2902846772544595 -0.9569403357322098
    outer loop
      vertex -88.5 0.8036352079666885 -20.559852981726298
      vertex -82.5 0.8036352079666885 -20.559852981726298
      vertex -82.5 0.4096896762338693 -20.440350911153217
    endloop
  endfacet
  facet normal 0 -0.47139673682599703 -0.8819212643483554
    outer loop
      vertex -88.5 0.8036352079666885 -20.559852981726298
      vertex -88.5 1.1666974893411646 -20.753913814164655
      vertex -82.5 0.8036352079666885 -20.559852981726298
    endloop
  endfacet
  facet normal 0 -0.6343932841636448 -0.7730104533627375
    outer loop
      vertex -88.5 1.1666974893411646 -20.753913814164655
      vertex -88.5 1.48492424049175 -21.01507575950825
      vertex -82.5 1.1666974893411646 -20.753913814164655
    endloop
  endfacet
  facet normal 0 -0.47139673682599703 -0.8819212643483554
    outer loop
      vertex -88.5 1.1666974893411646 -20.753913814164655
      vertex -82.5 1.1666974893411646 -20.753913814164655
      vertex -82.5 0.8036352079666885 -20.559852981726298
    endloop
  endfacet
  facet normal -1.8231741172239756e-18 -0.6343932841636448 -0.7730104533627375
    outer loop
      vertex -82.5 1.1666974893411646 -20.753913814164655
      vertex -88.5 1.48492424049175 -21.01507575950825
      vertex -82.5 1.48492424049175 -21.01507575950825
    endloop
  endfacet
  facet normal 1 0 0
    outer loop
      vertex -88.5 1.48492424049175 -23.98492424049175
      vertex -88.5 1.7460861858353451 -23.666697489341164
      vertex -88.5 1.7460861858353451 -21.333302510658836
    endloop
  endfacet
  facet normal 1 0 0
    outer loop
      vertex -88.5 1.48492424049175 -23.98492424049175
      vertex -88.5 1.7460861858353451 -21.333302510658836
      vertex -88.5 1.48492424049175 -21.01507575950825
    endloop
  endfacet
  facet normal 1 0 0
    outer loop
      vertex -88.5 1.7460861858353451 -23.666697489341164
      vertex -88.5 1.9401470182737022 -23.30363520796669
      vertex -88.5 1.9401470182737022 -21.69636479203331
    endloop
  endfacet
  facet normal 1 0 0
    outer loop
      vertex -88.5 1.9401470182737022 -23.30363520796669
      vertex -88.5 2.059649088846784 -22.90968967623387
      vertex -88.5 2.059649088846784 -22.09031032376613
    endloop
  endfacet
  facet normal 1 0 0
    outer loop
      vertex -88.5 2.059649088846784 -22.90968967623387
      vertex -88.5 2.1 -22.5
      vertex -88.5 2.059649088846784 -22.09031032376613
    endloop
  endfacet
  facet normal 1 0 0
    outer loop
      vertex -88.5 1.7460861858353451 -23.666697489341164
      vertex -88.5 1.9401470182737022 -21.69636479203331
      vertex -88.5 1.7460861858353451 -21.333302510658836
    endloop
  endfacet
  facet normal 1 0 0
    outer loop
      vertex -88.5 1.9401470182737022 -23.30363520796669
      vertex -88.5 2.059649088846784 -22.09031032376613
      vertex -88.5 1.9401470182737022 -21.69636479203331
    endloop
  endfacet
  facet normal 0 -0.7730104533627382 0.634393284163644
    outer loop
      vertex -88.5 1.48492424049175 -23.98492424049175
      vertex -82.5 1.48492424049175 -23.98492424049175
      vertex -88.5 1.7460861858353451 -23.666697489341164
    endloop
  endfacet
  facet normal 0 -0.8819212643483546 0.4713967368259985
    outer loop
      vertex -88.5 1.7460861858353451 -23.666697489341164
      vertex -82.5 1.7460861858353451 -23.666697489341164
      vertex -88.5 1.9401470182737022 -23.30363520796669
    endloop
  endfacet
  facet normal 0 -0.7730104533627382 0.634393284163644
    outer loop
      vertex -88.5 1.7460861858353451 -23.666697489341164
      vertex -82.5 1.48492424049175 -23.98492424049175
      vertex -82.5 1.7460861858353451 -23.666697489341164
    endloop
  endfacet
  facet normal 0 -0.8819212643483546 0.4713967368259985
    outer loop
      vertex -88.5 1.9401470182737022 -23.30363520796669
      vertex -82.5 1.7460861858353451 -23.666697489341164
      vertex -82.5 1.9401470182737022 -23.30363520796669
    endloop
  endfacet
  facet normal 0 -0.9569403357322087 0.29028467725446316
    outer loop
      vertex -88.5 1.9401470182737022 -23.30363520796669
      vertex -82.5 1.9401470182737022 -23.30363520796669
      vertex -88.5 2.059649088846784 -22.90968967623387
    endloop
  endfacet
  facet normal 0 -0.9951847266721968 0.09801714032956033
    outer loop
      vertex -88.5 2.059649088846784 -22.90968967623387
      vertex -82.5 2.059649088846784 -22.90968967623387
      vertex -88.5 2.1 -22.5
    endloop
  endfacet
  facet normal 0 -0.8819212643483546 -0.4713967368259985
    outer loop
      vertex -88.5 1.9401470182737022 -21.69636479203331
      vertex -82.5 1.9401470182737022 -21.69636479203331
      vertex -88.5 1.7460861858353451 -21.333302510658836
    endloop
  endfacet
  facet normal 0 -0.9951847266721968 -0.09801714032956033
    outer loop
      vertex -88.5 2.1 -22.5
      vertex -82.5 2.1 -22.5
      vertex -88.5 2.059649088846784 -22.09031032376613
    endloop
  endfacet
  facet normal -2.181901925350969e-19 -0.9569403357322087 -0.29028467725446316
    outer loop
      vertex -88.5 1.9401470182737022 -21.69636479203331
      vertex -88.5 2.059649088846784 -22.09031032376613
      vertex -82.5 2.059649088846784 -22.09031032376613
    endloop
  endfacet
  facet normal 0 -0.9569403357322087 0.29028467725446316
    outer loop
      vertex -88.5 2.059649088846784 -22.90968967623387
      vertex -82.5 1.9401470182737022 -23.30363520796669
      vertex -82.5 2.059649088846784 -22.90968967623387
    endloop
  endfacet
  facet normal 0 -0.9951847266721968 0.09801714032956033
    outer loop
      vertex -88.5 2.1 -22.5
      vertex -82.5 2.059649088846784 -22.90968967623387
      vertex -82.5 2.1 -22.5
    endloop
  endfacet
  facet normal 0 -0.9569403357322087 -0.29028467725446316
    outer loop
      vertex -88.5 1.9401470182737022 -21.69636479203331
      vertex -82.5 2.059649088846784 -22.09031032376613
      vertex -82.5 1.9401470182737022 -21.69636479203331
    endloop
  endfacet
  facet normal 0 -0.9951847266721968 -0.09801714032956033
    outer loop
      vertex -88.5 2.059649088846784 -22.09031032376613
      vertex -82.5 2.1 -22.5
      vertex -82.5 2.059649088846784 -22.09031032376613
    endloop
  endfacet
  facet normal -7.331498971108728e-19 -0.7730104533627382 -0.634393284163644
    outer loop
      vertex -88.5 1.48492424049175 -21.01507575950825
      vertex -88.5 1.7460861858353451 -21.333302510658836
      vertex -82.5 1.7460861858353451 -21.333302510658836
    endloop
  endfacet
  facet normal 0 -0.7730104533627382 -0.634393284163644
    outer loop
      vertex -88.5 1.48492424049175 -21.01507575950825
      vertex -82.5 1.7460861858353451 -21.333302510658836
      vertex -82.5 1.48492424049175 -21.01507575950825
    endloop
  endfacet
  facet normal -1.905092136873644e-18 -0.8819212643483546 -0.4713967368259985
    outer loop
      vertex -82.5 1.9401470182737022 -21.69636479203331
      vertex -82.5 1.7460861858353451 -21.333302510658836
      vertex -88.5 1.7460861858353451 -21.333302510658836
    endloop
  endfacet
  facet normal 0 1 0
    outer loop
      vertex -90 -6 -12
      vertex -90 -6 -8
      vertex -86.6 -6 -8
    endloop
  endfacet
  facet normal 0 1 0
    outer loop
      vertex -90 -6 -12
      vertex -86.6 -6 -8
      vertex -86.6 -6 -12
    endloop
  endfacet
  facet normal 0 0 1
    outer loop
      vertex -90 -6 -12
      vertex -86.6 -6 -12
      vertex -90 6 -12
    endloop
  endfacet
  facet normal 0 0 -1
    outer loop
      vertex -90 -6 -8
      vertex -86.6 6 -8
      vertex -86.6 -6 -8
    endloop
  endfacet
  facet normal 0 0 1
    outer loop
      vertex -86.6 -6 -12
      vertex -86.6 6 -12
      vertex -90 6 -12
    endloop
  endfacet
  facet normal 0 0 -1
    outer loop
      vertex -90 -6 -8
      vertex -90 6 -8
      vertex -86.6 6 -8
    endloop
  endfacet
  facet normal 0 -1 0
    outer loop
      vertex -90 6 -12
      vertex -86.6 6 -12
      vertex -90 6 -8
    endloop
  endfacet
  facet normal 0 -1 0
    outer loop
      vertex -86.6 6 -12
      vertex -86.6 6 -8
      vertex -90 6 -8
    endloop
  endfacet
  facet normal 0 1 0
    outer loop
      vertex -90 -6 -2
      vertex -86.6 -6 2
      vertex -86.6 -6 -2
    endloop
  endfacet
  facet normal 0 0 1
    outer loop
      vertex -90 -6 -2
      vertex -86.6 -6 -2
      vertex -90 6 -2
    endloop
  endfacet
  facet normal 0 1 0
    outer loop
      vertex -90 -6 -2
      vertex -90 -6 2
      vertex -86.6 -6 2
    endloop
  endfacet
  facet normal 0 0 -1
    outer loop
      vertex -90 -6 2
      vertex -86.6 6 2
      vertex -86.6 -6 2
    endloop
  endfacet
  facet normal 0 0 1
    outer loop
      vertex -86.6 -6 -2
      vertex -86.6 6 -2
      vertex -90 6 -2
    endloop
  endfacet
  facet normal 0 -1 0
    outer loop
      vertex -90 6 -2
      vertex -86.6 6 -2
      vertex -90 6 2
    endloop
  endfacet
  facet normal 0 0 -1
    outer loop
      vertex -90 -6 2
      vertex -90 6 2
      vertex -86.6 6 2
    endloop
  endfacet
  facet normal 0 -1 0
    outer loop
      vertex -86.6 6 -2
      vertex -86.6 6 2
      vertex -90 6 2
    endloop
  endfacet
  facet normal 0 1 0
    outer loop
      vertex -90 -6 8
      vertex -90 -6 12
      vertex -86.6 -6 12
    endloop
  endfacet
  facet normal 0 1 0
    outer loop
      vertex -90 -6 8
      vertex -86.6 -6 12
      vertex -86.6 -6 8
    endloop
  endfacet
  facet normal 0 0 1
    outer loop
      vertex -90 -6 8
      vertex -86.6 -6 8
      vertex -90 6 8
    endloop
  endfacet
  facet normal 0 0 -1
    outer loop
      vertex -90 -6 12
      vertex -86.6 6 12
      vertex -86.6 -6 12
    endloop
  endfacet
  facet normal 0 0 1
    outer loop
      vertex -86.6 -6 8
      vertex -86.6 6 8
      vertex -90 6 8
    endloop
  endfacet
  facet normal 0 0 -1
    outer loop
      vertex -90 -6 12
      vertex -90 6 12
      vertex -86.6 6 12
    endloop
  endfacet
  facet normal 0 -1 0
    outer loop
      vertex -90 6 8
      vertex -86.6 6 8
      vertex -90 6 12
    endloop
  endfacet
  facet normal 0 -1 0
    outer loop
      vertex -86.6 6 8
      vertex -86.6 6 12
      vertex -90 6 12
    endloop
  endfacet
  facet normal 0 0 1
    outer loop
      vertex -86.6 -10.25 -19.5
      vertex -82.5 -10.25 -19.5
      vertex -82.5 -8.09433962264151 -19.5
    endloop
  endfacet
  facet normal 1 0 0
    outer loop
      vertex -86.6 -10.25 -19.5
      vertex -86.6 -6 -12
      vertex -86.6 -6 -8
    endloop
  endfacet
  facet normal 1 0 0
    outer loop
      vertex -86.6 -10.25 -19.5
      vertex -86.6 -6 -8
      vertex -86.6 -6 -2
    endloop
  endfacet
  facet normal 1 0 0
    outer loop
      vertex -86.6 -10.25 -19.5
      vertex -86.6 -6 -2
      vertex -86.6 -10.25 19.5
    endloop
  endfacet
  facet normal 0 1 0
    outer loop
      vertex -86.6 -10.25 -19.5
      vertex -82.5 -10.25 19.5
      vertex -82.5 -10.25 -19.5
    endloop
  endfacet
  facet normal 1 0 0
    outer loop
      vertex -86.6 -10.25 -19.5
      vertex -86.6 10.25 -19.5
      vertex -86.6 -6 -12
    endloop
  endfacet
  facet normal 0 0 1
    outer loop
      vertex -86.6 -10.25 -19.5
      vertex -82.5 -8.09433962264151 -19.5
      vertex -82.5 10.25 -19.5
    endloop
  endfacet
  facet normal 1 0 0
    outer loop
      vertex -86.6 -6 -8
      vertex -86.6 6 -8
      vertex -86.6 -6 -2
    endloop
  endfacet
  facet normal 0 1 0
    outer loop
      vertex -86.6 -10.25 -19.5
      vertex -86.6 -10.25 19.5
      vertex -82.5 -10.25 19.5
    endloop
  endfacet
  facet normal 1 0 0
    outer loop
      vertex -86.6 -6 -2
      vertex -86.6 -6 2
      vertex -86.6 -10.25 19.5
    endloop
  endfacet
  facet normal 1 0 0
    outer loop
      vertex -86.6 -10.25 19.5
      vertex -86.6 -6 2
      vertex -86.6 -6 8
    endloop
  endfacet
  facet normal 1 0 0
    outer loop
      vertex -86.6 -10.25 19.5
      vertex -86.6 -6 8
      vertex -86.6 -6 12
    endloop
  endfacet
  facet normal 1 0 0
    outer loop
      vertex -86.6 -6 2
      vertex -86.6 6 2
      vertex -86.6 -6 8
    endloop
  endfacet
  facet normal 1 0 0
    outer loop
      vertex -86.6 -10.25 19.5
      vertex -86.6 -6 12
      vertex -86.6 6 12
    endloop
  endfacet
  facet normal 0 0 -1
    outer loop
      vertex -86.6 -10.25 19.5
      vertex -86.6 10.25 19.5
      vertex -82.5 -10.25 19.5
    endloop
  endfacet
  facet normal 0 0 1
    outer loop
      vertex -86.6 -10.25 -19.5
      vertex -82.5 10.25 -19.5
      vertex -86.6 10.25 -19.5
    endloop
  endfacet
  facet normal 1 0 0
    outer loop
      vertex -86.6 -6 -12
      vertex -86.6 10.25 -19.5
      vertex -86.6 6 -12
    endloop
  endfacet
  facet normal 1 0 0
    outer loop
      vertex -86.6 -6 -2
      vertex -86.6 6 -8
      vertex -86.6 6 -2
    endloop
  endfacet
  facet normal 1 0 0
    outer loop
      vertex -86.6 6 -12
      vertex -86.6 10.25 -19.5
      vertex -86.6 6 -8
    endloop
  endfacet
  facet normal 1 0 0
    outer loop
      vertex -86.6 6 -8
      vertex -86.6 10.25 -19.5
      vertex -86.6 6 -2
    endloop
  endfacet
  facet normal 1 0 0
    outer loop
      vertex -86.6 6 -2
      vertex -86.6 10.25 -19.5
      vertex -86.6 6 2
    endloop
  endfacet
  facet normal 0 -1 0
    outer loop
      vertex -86.6 10.25 -19.5
      vertex -82.5 10.25 -19.5
      vertex -86.6 10.25 19.5
    endloop
  endfacet
  facet normal 1 0 0
    outer loop
      vertex -86.6 -6 8
      vertex -86.6 6 2
      vertex -86.6 6 8
    endloop
  endfacet
  facet normal 1 0 0
    outer loop
      vertex -86.6 -10.25 19.5
      vertex -86.6 6 12
      vertex -86.6 10.25 19.5
    endloop
  endfacet
  facet normal 0 0 -1
    outer loop
      vertex -82.5 -10.25 19.5
      vertex -86.6 10.25 19.5
      vertex -82.5 8.09433962264151 19.5
    endloop
  endfacet
  facet normal 1 0 0
    outer loop
      vertex -86.6 10.25 -19.5
      vertex -86.6 10.25 19.5
      vertex -86.6 6 2
    endloop
  endfacet
  facet normal 1 0 0
    outer loop
      vertex -86.6 6 2
      vertex -86.6 10.25 19.5
      vertex -86.6 6 8
    endloop
  endfacet
  facet normal 1 0 0
    outer loop
      vertex -86.6 6 8
      vertex -86.6 10.25 19.5
      vertex -86.6 6 12
    endloop
  endfacet
  facet normal 0 0 -1
    outer loop
      vertex -82.5 8.09433962264151 19.5
      vertex -86.6 10.25 19.5
      vertex -82.5 10.25 19.5
    endloop
  endfacet
  facet normal 0 -1 0
    outer loop
      vertex -82.5 10.25 -19.5
      vertex -82.5 10.25 19.5
      vertex -86.6 10.25 19.5
    endloop
  endfacet
  facet normal 0 0.7730104533627382 0.634393284163644
    outer loop
      vertex 82.5 -1.7460861858353451 21.333302510658836
      vertex 88.5 -1.7460861858353451 21.333302510658836
      vertex 82.5 -1.48492424049175 21.01507575950825
    endloop
  endfacet
  facet normal 0 0.8819212643483546 0.4713967368259985
    outer loop
      vertex 82.5 -1.7460861858353451 21.333302510658836
      vertex 88.5 -1.9401470182737022 21.69636479203331
      vertex 88.5 -1.7460861858353451 21.333302510658836
    endloop
  endfacet
  facet normal -7.331498971108728e-19 0.7730104533627382 0.634393284163644
    outer loop
      vertex 88.5 -1.7460861858353451 21.333302510658836
      vertex 88.5 -1.48492424049175 21.01507575950825
      vertex 82.5 -1.48492424049175 21.01507575950825
    endloop
  endfacet
  facet normal 3.3782949464788536e-19 0.9951847266721968 0.09801714032956033
    outer loop
      vertex 82.5 -2.059649088846784 22.09031032376613
      vertex 82.5 -2.1 22.5
      vertex 88.5 -2.1 22.5
    endloop
  endfacet
  facet normal 0 0.9569403357322087 0.29028467725446316
    outer loop
      vertex 82.5 -2.059649088846784 22.09031032376613
      vertex 88.5 -2.059649088846784 22.09031032376613
      vertex 82.5 -1.9401470182737022 21.69636479203331
    endloop
  endfacet
  facet normal -1.905092136873644e-18 0.8819212643483546 0.4713967368259985
    outer loop
      vertex 82.5 -1.7460861858353451 21.333302510658836
      vertex 82.5 -1.9401470182737022 21.69636479203331
      vertex 88.5 -1.9401470182737022 21.69636479203331
    endloop
  endfacet
  facet normal -3.3782949464788536e-19 0.9951847266721968 -0.09801714032956033
    outer loop
      vertex 82.5 -2.1 22.5
      vertex 82.5 -2.059649088846784 22.90968967623387
      vertex 88.5 -2.059649088846784 22.90968967623387
    endloop
  endfacet
  facet normal 2.181901925350969e-19 0.9569403357322087 -0.29028467725446316
    outer loop
      vertex 82.5 -2.059649088846784 22.90968967623387
      vertex 82.5 -1.9401470182737022 23.30363520796669
      vertex 88.5 -1.9401470182737022 23.30363520796669
    endloop
  endfacet
  facet normal 0 0.9951847266721968 0.09801714032956033
    outer loop
      vertex 82.5 -2.059649088846784 22.09031032376613
      vertex 88.5 -2.1 22.5
      vertex 88.5 -2.059649088846784 22.09031032376613
    endloop
  endfacet
  facet normal 0 0.9569403357322087 0.29028467725446316
    outer loop
      vertex 82.5 -1.9401470182737022 21.69636479203331
      vertex 88.5 -2.059649088846784 22.09031032376613
      vertex 88.5 -1.9401470182737022 21.69636479203331
    endloop
  endfacet
  facet normal 0 0.9951847266721968 -0.09801714032956033
    outer loop
      vertex 82.5 -2.1 22.5
      vertex 88.5 -2.059649088846784 22.90968967623387
      vertex 88.5 -2.1 22.5
    endloop
  endfacet
  facet normal 0 0.9569403357322087 -0.29028467725446316
    outer loop
      vertex 82.5 -2.059649088846784 22.90968967623387
      vertex 88.5 -1.9401470182737022 23.30363520796669
      vertex 88.5 -2.059649088846784 22.90968967623387
    endloop
  endfacet
  facet normal 1.905092136873644e-18 0.8819212643483546 -0.4713967368259985
    outer loop
      vertex 82.5 -1.9401470182737022 23.30363520796669
      vertex 82.5 -1.7460861858353451 23.666697489341164
      vertex 88.5 -1.7460861858353451 23.666697489341164
    endloop
  endfacet
  facet normal 7.331498971108728e-19 0.7730104533627382 -0.634393284163644
    outer loop
      vertex 82.5 -1.7460861858353451 23.666697489341164
      vertex 82.5 -1.48492424049175 23.98492424049175
      vertex 88.5 -1.48492424049175 23.98492424049175
    endloop
  endfacet
  facet normal 0 0.8819212643483546 -0.4713967368259985
    outer loop
      vertex 82.5 -1.9401470182737022 23.30363520796669
      vertex 88.5 -1.7460861858353451 23.666697489341164
      vertex 88.5 -1.9401470182737022 23.30363520796669
    endloop
  endfacet
  facet normal 0 0.7730104533627382 -0.634393284163644
    outer loop
      vertex 82.5 -1.7460861858353451 23.666697489341164
      vertex 88.5 -1.48492424049175 23.98492424049175
      vertex 88.5 -1.7460861858353451 23.666697489341164
    endloop
  endfacet
  facet normal -1 0 0
    outer loop
      vertex 88.5 -2.059649088846784 22.09031032376613
      vertex 88.5 -2.059649088846784 22.90968967623387
      vertex 88.5 -1.9401470182737022 21.69636479203331
    endloop
  endfacet
  facet normal -1 0 0
    outer loop
      vertex 88.5 -1.7460861858353451 21.333302510658836
      vertex 88.5 -1.9401470182737022 21.69636479203331
      vertex 88.5 -1.9401470182737022 23.30363520796669
    endloop
  endfacet
  facet normal -1 0 0
    outer loop
      vertex 88.5 -2.059649088846784 22.09031032376613
      vertex 88.5 -2.1 22.5
      vertex 88.5 -2.059649088846784 22.90968967623387
    endloop
  endfacet
  facet normal -1 0 0
    outer loop
      vertex 88.5 -1.9401470182737022 21.69636479203331
      vertex 88.5 -2.059649088846784 22.90968967623387
      vertex 88.5 -1.9401470182737022 23.30363520796669
    endloop
  endfacet
  facet normal -1 0 0
    outer loop
      vertex 88.5 -1.7460861858353451 21.333302510658836
      vertex 88.5 -1.7460861858353451 23.666697489341164
      vertex 88.5 -1.48492424049175 21.01507575950825
    endloop
  endfacet
  facet normal -1 0 0
    outer loop
      vertex 88.5 -1.7460861858353451 21.333302510658836
      vertex 88.5 -1.9401470182737022 23.30363520796669
      vertex 88.5 -1.7460861858353451 23.666697489341164
    endloop
  endfacet
  facet normal -1 0 0
    outer loop
      vertex 88.5 -1.7460861858353451 23.666697489341164
      vertex 88.5 -1.48492424049175 23.98492424049175
      vertex 88.5 -1.48492424049175 21.01507575950825
    endloop
  endfacet
  facet normal -1.8231741172239756e-18 0.6343932841636448 0.7730104533627375
    outer loop
      vertex 82.5 -1.48492424049175 21.01507575950825
      vertex 88.5 -1.1666974893411646 20.753913814164655
      vertex 82.5 -1.1666974893411646 20.753913814164655
    endloop
  endfacet
  facet normal 2.7954087006925747e-18 0.47139673682599703 0.8819212643483554
    outer loop
      vertex 82.5 -1.1666974893411646 20.753913814164655
      vertex 88.5 -0.8036352079666885 20.559852981726298
      vertex 82.5 -0.8036352079666885 20.559852981726298
    endloop
  endfacet
  facet normal 0 0.6343932841636448 0.7730104533627375
    outer loop
      vertex 82.5 -1.48492424049175 21.01507575950825
      vertex 88.5 -1.48492424049175 21.01507575950825
      vertex 88.5 -1.1666974893411646 20.753913814164655
    endloop
  endfacet
  facet normal 0 0.47139673682599703 0.8819212643483554
    outer loop
      vertex 82.5 -1.1666974893411646 20.753913814164655
      vertex 88.5 -1.1666974893411646 20.753913814164655
      vertex 88.5 -0.8036352079666885 20.559852981726298
    endloop
  endfacet
  facet normal 9.876557913243545e-19 0.2902846772544595 0.9569403357322098
    outer loop
      vertex 82.5 -0.8036352079666885 20.559852981726298
      vertex 88.5 -0.4096896762338693 20.440350911153217
      vertex 82.5 -0.4096896762338693 20.440350911153217
    endloop
  endfacet
  facet normal -4.550246097227268e-19 0.09801714032956713 0.9951847266721963
    outer loop
      vertex 82.5 -0.4096896762338693 20.440350911153217
      vertex 88.5 0 20.4
      vertex 82.5 0 20.4
    endloop
  endfacet
  facet normal 0 0.2902846772544595 0.9569403357322098
    outer loop
      vertex 82.5 -0.8036352079666885 20.559852981726298
      vertex 88.5 -0.8036352079666885 20.559852981726298
      vertex 88.5 -0.4096896762338693 20.440350911153217
    endloop
  endfacet
  facet normal 0 0.09801714032956713 0.9951847266721963
    outer loop
      vertex 82.5 -0.4096896762338693 20.440350911153217
      vertex 88.5 -0.4096896762338693 20.440350911153217
      vertex 88.5 0 20.4
    endloop
  endfacet
  facet normal 4.550246097227268e-19 -0.09801714032956713 0.9951847266721963
    outer loop
      vertex 82.5 0 20.4
      vertex 88.5 0.4096896762338693 20.440350911153217
      vertex 82.5 0.4096896762338693 20.440350911153217
    endloop
  endfacet
  facet normal -9.876557913243545e-19 -0.2902846772544595 0.9569403357322098
    outer loop
      vertex 82.5 0.4096896762338693 20.440350911153217
      vertex 88.5 0.8036352079666885 20.559852981726298
      vertex 82.5 0.8036352079666885 20.559852981726298
    endloop
  endfacet
  facet normal 0 -0.09801714032956713 0.9951847266721963
    outer loop
      vertex 82.5 0 20.4
      vertex 88.5 0 20.4
      vertex 88.5 0.4096896762338693 20.440350911153217
    endloop
  endfacet
  facet normal 0 -0.2902846772544595 0.9569403357322098
    outer loop
      vertex 82.5 0.4096896762338693 20.440350911153217
      vertex 88.5 0.4096896762338693 20.440350911153217
      vertex 88.5 0.8036352079666885 20.559852981726298
    endloop
  endfacet
  facet normal -2.7954087006925747e-18 -0.47139673682599703 0.8819212643483554
    outer loop
      vertex 82.5 0.8036352079666885 20.559852981726298
      vertex 88.5 1.1666974893411646 20.753913814164655
      vertex 82.5 1.1666974893411646 20.753913814164655
    endloop
  endfacet
  facet normal 1.8231741172239756e-18 -0.6343932841636448 0.7730104533627375
    outer loop
      vertex 82.5 1.1666974893411646 20.753913814164655
      vertex 88.5 1.48492424049175 21.01507575950825
      vertex 82.5 1.48492424049175 21.01507575950825
    endloop
  endfacet
  facet normal 0 -0.47139673682599703 0.8819212643483554
    outer loop
      vertex 82.5 0.8036352079666885 20.559852981726298
      vertex 88.5 0.8036352079666885 20.559852981726298
      vertex 88.5 1.1666974893411646 20.753913814164655
    endloop
  endfacet
  facet normal 0 -0.6343932841636448 0.7730104533627375
    outer loop
      vertex 82.5 1.1666974893411646 20.753913814164655
      vertex 88.5 1.1666974893411646 20.753913814164655
      vertex 88.5 1.48492424049175 21.01507575950825
    endloop
  endfacet
  facet normal 0 0.6343932841636448 -0.7730104533627375
    outer loop
      vertex 82.5 -1.48492424049175 23.98492424049175
      vertex 82.5 -1.1666974893411646 24.246086185835345
      vertex 88.5 -1.48492424049175 23.98492424049175
    endloop
  endfacet
  facet normal 0 0.47139673682599703 -0.8819212643483554
    outer loop
      vertex 82.5 -1.1666974893411646 24.246086185835345
      vertex 82.5 -0.8036352079666885 24.440147018273702
      vertex 88.5 -1.1666974893411646 24.246086185835345
    endloop
  endfacet
  facet normal 0 0.6343932841636448 -0.7730104533627375
    outer loop
      vertex 82.5 -1.1666974893411646 24.246086185835345
      vertex 88.5 -1.1666974893411646 24.246086185835345
      vertex 88.5 -1.48492424049175 23.98492424049175
    endloop
  endfacet
  facet normal 0 0.47139673682599703 -0.8819212643483554
    outer loop
      vertex 82.5 -0.8036352079666885 24.440147018273702
      vertex 88.5 -0.8036352079666885 24.440147018273702
      vertex 88.5 -1.1666974893411646 24.246086185835345
    endloop
  endfacet
  facet normal 0 0.2902846772544595 -0.9569403357322098
    outer loop
      vertex 82.5 -0.8036352079666885 24.440147018273702
      vertex 82.5 -0.4096896762338693 24.559649088846783
      vertex 88.5 -0.8036352079666885 24.440147018273702
    endloop
  endfacet
  facet normal 0 0.09801714032956713 -0.9951847266721963
    outer loop
      vertex 82.5 -0.4096896762338693 24.559649088846783
      vertex 82.5 0 24.6
      vertex 88.5 -0.4096896762338693 24.559649088846783
    endloop
  endfacet
  facet normal 0 0.2902846772544595 -0.9569403357322098
    outer loop
      vertex 82.5 -0.4096896762338693 24.559649088846783
      vertex 88.5 -0.4096896762338693 24.559649088846783
      vertex 88.5 -0.8036352079666885 24.440147018273702
    endloop
  endfacet
  facet normal 0 0.09801714032956713 -0.9951847266721963
    outer loop
      vertex 82.5 0 24.6
      vertex 88.5 0 24.6
      vertex 88.5 -0.4096896762338693 24.559649088846783
    endloop
  endfacet
  facet normal -1 0 0
    outer loop
      vertex 88.5 -1.48492424049175 21.01507575950825
      vertex 88.5 -1.48492424049175 23.98492424049175
      vertex 88.5 -1.1666974893411646 20.753913814164655
    endloop
  endfacet
  facet normal -1 0 0
    outer loop
      vertex 88.5 -1.1666974893411646 20.753913814164655
      vertex 88.5 -1.48492424049175 23.98492424049175
      vertex 88.5 -1.1666974893411646 24.246086185835345
    endloop
  endfacet
  facet normal -1 0 0
    outer loop
      vertex 88.5 -1.1666974893411646 20.753913814164655
      vertex 88.5 -1.1666974893411646 24.246086185835345
      vertex 88.5 -0.8036352079666885 20.559852981726298
    endloop
  endfacet
  facet normal -1 0 0
    outer loop
      vertex 88.5 -0.8036352079666885 20.559852981726298
      vertex 88.5 -1.1666974893411646 24.246086185835345
      vertex 88.5 -0.8036352079666885 24.440147018273702
    endloop
  endfacet
  facet normal -1 0 0
    outer loop
      vertex 88.5 -0.8036352079666885 20.559852981726298
      vertex 88.5 -0.8036352079666885 24.440147018273702
      vertex 88.5 -0.4096896762338693 20.440350911153217
    endloop
  endfacet
  facet normal -1 0 0
    outer loop
      vertex 88.5 -0.4096896762338693 20.440350911153217
      vertex 88.5 -0.8036352079666885 24.440147018273702
      vertex 88.5 -0.4096896762338693 24.559649088846783
    endloop
  endfacet
  facet normal -1 0 0
    outer loop
      vertex 88.5 -0.4096896762338693 20.440350911153217
      vertex 88.5 -0.4096896762338693 24.559649088846783
      vertex 88.5 0 20.4
    endloop
  endfacet
  facet normal -1 0 0
    outer loop
      vertex 88.5 0 20.4
      vertex 88.5 -0.4096896762338693 24.559649088846783
      vertex 88.5 0 24.6
    endloop
  endfacet
  facet normal 0 -0.09801714032956713 -0.9951847266721963
    outer loop
      vertex 82.5 0 24.6
      vertex 82.5 0.4096896762338693 24.559649088846783
      vertex 88.5 0 24.6
    endloop
  endfacet
  facet normal 0 -0.2902846772544595 -0.9569403357322098
    outer loop
      vertex 82.5 0.4096896762338693 24.559649088846783
      vertex 82.5 0.8036352079666885 24.440147018273702
      vertex 88.5 0.4096896762338693 24.559649088846783
    endloop
  endfacet
  facet normal 0 -0.09801714032956713 -0.9951847266721963
    outer loop
      vertex 82.5 0.4096896762338693 24.559649088846783
      vertex 88.5 0.4096896762338693 24.559649088846783
      vertex 88.5 0 24.6
    endloop
  endfacet
  facet normal 0 -0.2902846772544595 -0.9569403357322098
    outer loop
      vertex 82.5 0.8036352079666885 24.440147018273702
      vertex 88.5 0.8036352079666885 24.440147018273702
      vertex 88.5 0.4096896762338693 24.559649088846783
    endloop
  endfacet
  facet normal 0 -0.47139673682599703 -0.8819212643483554
    outer loop
      vertex 82.5 0.8036352079666885 24.440147018273702
      vertex 82.5 1.1666974893411646 24.246086185835345
      vertex 88.5 0.8036352079666885 24.440147018273702
    endloop
  endfacet
  facet normal 0 -0.6343932841636448 -0.7730104533627375
    outer loop
      vertex 82.5 1.1666974893411646 24.246086185835345
      vertex 82.5 1.48492424049175 23.98492424049175
      vertex 88.5 1.1666974893411646 24.246086185835345
    endloop
  endfacet
  facet normal 0 -0.47139673682599703 -0.8819212643483554
    outer loop
      vertex 82.5 1.1666974893411646 24.246086185835345
      vertex 88.5 1.1666974893411646 24.246086185835345
      vertex 88.5 0.8036352079666885 24.440147018273702
    endloop
  endfacet
  facet normal -1.8231741172239756e-18 -0.6343932841636448 -0.7730104533627375
    outer loop
      vertex 88.5 1.1666974893411646 24.246086185835345
      vertex 82.5 1.48492424049175 23.98492424049175
      vertex 88.5 1.48492424049175 23.98492424049175
    endloop
  endfacet
  facet normal -1 0 0
    outer loop
      vertex 88.5 0 20.4
      vertex 88.5 0 24.6
      vertex 88.5 0.4096896762338693 20.440350911153217
    endloop
  endfacet
  facet normal -1 0 0
    outer loop
      vertex 88.5 0.4096896762338693 20.440350911153217
      vertex 88.5 0 24.6
      vertex 88.5 0.4096896762338693 24.559649088846783
    endloop
  endfacet
  facet normal -1 0 0
    outer loop
      vertex 88.5 0.4096896762338693 20.440350911153217
      vertex 88.5 0.4096896762338693 24.559649088846783
      vertex 88.5 0.8036352079666885 20.559852981726298
    endloop
  endfacet
  facet normal -1 0 0
    outer loop
      vertex 88.5 0.8036352079666885 20.559852981726298
      vertex 88.5 0.4096896762338693 24.559649088846783
      vertex 88.5 0.8036352079666885 24.440147018273702
    endloop
  endfacet
  facet normal -1 0 0
    outer loop
      vertex 88.5 0.8036352079666885 20.559852981726298
      vertex 88.5 0.8036352079666885 24.440147018273702
      vertex 88.5 1.1666974893411646 20.753913814164655
    endloop
  endfacet
  facet normal -1 0 0
    outer loop
      vertex 88.5 1.1666974893411646 20.753913814164655
      vertex 88.5 0.8036352079666885 24.440147018273702
      vertex 88.5 1.1666974893411646 24.246086185835345
    endloop
  endfacet
  facet normal -1 0 0
    outer loop
      vertex 88.5 1.1666974893411646 20.753913814164655
      vertex 88.5 1.1666974893411646 24.246086185835345
      vertex 88.5 1.48492424049175 21.01507575950825
    endloop
  endfacet
  facet normal -1 0 0
    outer loop
      vertex 88.5 1.1666974893411646 24.246086185835345
      vertex 88.5 1.48492424049175 23.98492424049175
      vertex 88.5 1.48492424049175 21.01507575950825
    endloop
  endfacet
  facet normal 0 -0.7730104533627382 0.634393284163644
    outer loop
      vertex 82.5 1.48492424049175 21.01507575950825
      vertex 88.5 1.48492424049175 21.01507575950825
      vertex 82.5 1.7460861858353451 21.333302510658836
    endloop
  endfacet
  facet normal 0 -0.8819212643483546 0.4713967368259985
    outer loop
      vertex 82.5 1.7460861858353451 21.333302510658836
      vertex 88.5 1.7460861858353451 21.333302510658836
      vertex 82.5 1.9401470182737022 21.69636479203331
    endloop
  endfacet
  facet normal 0 -0.7730104533627382 0.634393284163644
    outer loop
      vertex 82.5 1.7460861858353451 21.333302510658836
      vertex 88.5 1.48492424049175 21.01507575950825
      vertex 88.5 1.7460861858353451 21.333302510658836
    endloop
  endfacet
  facet normal 0 -0.9569403357322087 0.29028467725446316
    outer loop
      vertex 82.5 1.9401470182737022 21.69636479203331
      vertex 88.5 1.9401470182737022 21.69636479203331
      vertex 82.5 2.059649088846784 22.09031032376613
    endloop
  endfacet
  facet normal 0 -0.9951847266721968 0.09801714032956033
    outer loop
      vertex 82.5 2.059649088846784 22.09031032376613
      vertex 88.5 2.059649088846784 22.09031032376613
      vertex 82.5 2.1 22.5
    endloop
  endfacet
  facet normal 3.3782949464788536e-19 -0.9951847266721968 -0.09801714032956033
    outer loop
      vertex 82.5 2.059649088846784 22.90968967623387
      vertex 82.5 2.1 22.5
      vertex 88.5 2.1 22.5
    endloop
  endfacet
  facet normal -2.181901925350969e-19 -0.9569403357322087 -0.29028467725446316
    outer loop
      vertex 82.5 1.9401470182737022 23.30363520796669
      vertex 82.5 2.059649088846784 22.90968967623387
      vertex 88.5 2.059649088846784 22.90968967623387
    endloop
  endfacet
  facet normal 1.905092136873644e-18 -0.8819212643483546 0.4713967368259985
    outer loop
      vertex 88.5 1.7460861858353451 21.333302510658836
      vertex 88.5 1.9401470182737022 21.69636479203331
      vertex 82.5 1.9401470182737022 21.69636479203331
    endloop
  endfacet
  facet normal 0 -0.9569403357322087 0.29028467725446316
    outer loop
      vertex 82.5 2.059649088846784 22.09031032376613
      vertex 88.5 1.9401470182737022 21.69636479203331
      vertex 88.5 2.059649088846784 22.09031032376613
    endloop
  endfacet
  facet normal 0 -0.9951847266721968 0.09801714032956033
    outer loop
      vertex 82.5 2.1 22.5
      vertex 88.5 2.059649088846784 22.09031032376613
      vertex 88.5 2.1 22.5
    endloop
  endfacet
  facet normal 0 -0.9569403357322087 -0.29028467725446316
    outer loop
      vertex 82.5 1.9401470182737022 23.30363520796669
      vertex 88.5 2.059649088846784 22.90968967623387
      vertex 88.5 1.9401470182737022 23.30363520796669
    endloop
  endfacet
  facet normal 0 -0.9951847266721968 -0.09801714032956033
    outer loop
      vertex 82.5 2.059649088846784 22.90968967623387
      vertex 88.5 2.1 22.5
      vertex 88.5 2.059649088846784 22.90968967623387
    endloop
  endfacet
  facet normal -7.331498971108728e-19 -0.7730104533627382 -0.634393284163644
    outer loop
      vertex 82.5 1.48492424049175 23.98492424049175
      vertex 82.5 1.7460861858353451 23.666697489341164
      vertex 88.5 1.7460861858353451 23.666697489341164
    endloop
  endfacet
  facet normal 0 -0.8819212643483546 -0.4713967368259985
    outer loop
      vertex 82.5 1.9401470182737022 23.30363520796669
      vertex 88.5 1.9401470182737022 23.30363520796669
      vertex 82.5 1.7460861858353451 23.666697489341164
    endloop
  endfacet
  facet normal 0 -0.7730104533627382 -0.634393284163644
    outer loop
      vertex 82.5 1.48492424049175 23.98492424049175
      vertex 88.5 1.7460861858353451 23.666697489341164
      vertex 88.5 1.48492424049175 23.98492424049175
    endloop
  endfacet
  facet normal 0 -0.8819212643483546 -0.4713967368259985
    outer loop
      vertex 82.5 1.7460861858353451 23.666697489341164
      vertex 88.5 1.9401470182737022 23.30363520796669
      vertex 88.5 1.7460861858353451 23.666697489341164
    endloop
  endfacet
  facet normal -1 0 0
    outer loop
      vertex 88.5 1.48492424049175 21.01507575950825
      vertex 88.5 1.48492424049175 23.98492424049175
      vertex 88.5 1.7460861858353451 21.333302510658836
    endloop
  endfacet
  facet normal -1 0 0
    outer loop
      vertex 88.5 1.7460861858353451 21.333302510658836
      vertex 88.5 1.48492424049175 23.98492424049175
      vertex 88.5 1.7460861858353451 23.666697489341164
    endloop
  endfacet
  facet normal -1 0 0
    outer loop
      vertex 88.5 1.7460861858353451 21.333302510658836
      vertex 88.5 1.7460861858353451 23.666697489341164
      vertex 88.5 1.9401470182737022 21.69636479203331
    endloop
  endfacet
  facet normal -1 0 0
    outer loop
      vertex 88.5 1.9401470182737022 21.69636479203331
      vertex 88.5 1.9401470182737022 23.30363520796669
      vertex 88.5 2.059649088846784 22.09031032376613
    endloop
  endfacet
  facet normal -1 0 0
    outer loop
      vertex 88.5 1.9401470182737022 21.69636479203331
      vertex 88.5 1.7460861858353451 23.666697489341164
      vertex 88.5 1.9401470182737022 23.30363520796669
    endloop
  endfacet
  facet normal -1 0 0
    outer loop
      vertex 88.5 2.059649088846784 22.09031032376613
      vertex 88.5 2.059649088846784 22.90968967623387
      vertex 88.5 2.1 22.5
    endloop
  endfacet
  facet normal -1 0 0
    outer loop
      vertex 88.5 2.059649088846784 22.09031032376613
      vertex 88.5 1.9401470182737022 23.30363520796669
      vertex 88.5 2.059649088846784 22.90968967623387
    endloop
  endfacet
  facet normal -1.905092136873644e-18 0.8819212643483546 0.4713967368259985
    outer loop
      vertex 82.5 -1.7460861858353451 -23.666697489341164
      vertex 82.5 -1.9401470182737022 -23.30363520796669
      vertex 88.5 -1.9401470182737022 -23.30363520796669
    endloop
  endfacet
  facet normal 0 0.7730104533627382 0.634393284163644
    outer loop
      vertex 82.5 -1.7460861858353451 -23.666697489341164
      vertex 88.5 -1.7460861858353451 -23.666697489341164
      vertex 82.5 -1.48492424049175 -23.98492424049175
    endloop
  endfacet
  facet normal 0 0.8819212643483546 0.4713967368259985
    outer loop
      vertex 82.5 -1.7460861858353451 -23.666697489341164
      vertex 88.5 -1.9401470182737022 -23.30363520796669
      vertex 88.5 -1.7460861858353451 -23.666697489341164
    endloop
  endfacet
  facet normal -7.331498971108728e-19 0.7730104533627382 0.634393284163644
    outer loop
      vertex 88.5 -1.7460861858353451 -23.666697489341164
      vertex 88.5 -1.48492424049175 -23.98492424049175
      vertex 82.5 -1.48492424049175 -23.98492424049175
    endloop
  endfacet
  facet normal 3.3782949464788536e-19 0.9951847266721968 0.09801714032956033
    outer loop
      vertex 82.5 -2.059649088846784 -22.90968967623387
      vertex 82.5 -2.1 -22.5
      vertex 88.5 -2.1 -22.5
    endloop
  endfacet
  facet normal 0 0.9569403357322087 0.29028467725446316
    outer loop
      vertex 82.5 -2.059649088846784 -22.90968967623387
      vertex 88.5 -2.059649088846784 -22.90968967623387
      vertex 82.5 -1.9401470182737022 -23.30363520796669
    endloop
  endfacet
  facet normal -3.3782949464788536e-19 0.9951847266721968 -0.09801714032956033
    outer loop
      vertex 82.5 -2.1 -22.5
      vertex 82.5 -2.059649088846784 -22.09031032376613
      vertex 88.5 -2.059649088846784 -22.09031032376613
    endloop
  endfacet
  facet normal 2.181901925350969e-19 0.9569403357322087 -0.29028467725446316
    outer loop
      vertex 82.5 -2.059649088846784 -22.09031032376613
      vertex 82.5 -1.9401470182737022 -21.69636479203331
      vertex 88.5 -1.9401470182737022 -21.69636479203331
    endloop
  endfacet
  facet normal 0 0.9951847266721968 0.09801714032956033
    outer loop
      vertex 82.5 -2.059649088846784 -22.90968967623387
      vertex 88.5 -2.1 -22.5
      vertex 88.5 -2.059649088846784 -22.90968967623387
    endloop
  endfacet
  facet normal 0 0.9569403357322087 0.29028467725446316
    outer loop
      vertex 82.5 -1.9401470182737022 -23.30363520796669
      vertex 88.5 -2.059649088846784 -22.90968967623387
      vertex 88.5 -1.9401470182737022 -23.30363520796669
    endloop
  endfacet
  facet normal 0 0.9951847266721968 -0.09801714032956033
    outer loop
      vertex 82.5 -2.1 -22.5
      vertex 88.5 -2.059649088846784 -22.09031032376613
      vertex 88.5 -2.1 -22.5
    endloop
  endfacet
  facet normal 0 0.9569403357322087 -0.29028467725446316
    outer loop
      vertex 82.5 -2.059649088846784 -22.09031032376613
      vertex 88.5 -1.9401470182737022 -21.69636479203331
      vertex 88.5 -2.059649088846784 -22.09031032376613
    endloop
  endfacet
  facet normal 0 0.8819212643483546 -0.4713967368259985
    outer loop
      vertex 82.5 -1.9401470182737022 -21.69636479203331
      vertex 88.5 -1.7460861858353451 -21.333302510658836
      vertex 88.5 -1.9401470182737022 -21.69636479203331
    endloop
  endfacet
  facet normal -1 0 0
    outer loop
      vertex 88.5 -2.059649088846784 -22.90968967623387
      vertex 88.5 -2.1 -22.5
      vertex 88.5 -2.059649088846784 -22.09031032376613
    endloop
  endfacet
  facet normal -1 0 0
    outer loop
      vertex 88.5 -2.059649088846784 -22.90968967623387
      vertex 88.5 -2.059649088846784 -22.09031032376613
      vertex 88.5 -1.9401470182737022 -23.30363520796669
    endloop
  endfacet
  facet normal -1 0 0
    outer loop
      vertex 88.5 -1.7460861858353451 -23.666697489341164
      vertex 88.5 -1.9401470182737022 -23.30363520796669
      vertex 88.5 -1.9401470182737022 -21.69636479203331
    endloop
  endfacet
  facet normal -1 0 0
    outer loop
      vertex 88.5 -1.9401470182737022 -23.30363520796669
      vertex 88.5 -2.059649088846784 -22.09031032376613
      vertex 88.5 -1.9401470182737022 -21.69636479203331
    endloop
  endfacet
  facet normal -1 0 0
    outer loop
      vertex 88.5 -1.7460861858353451 -23.666697489341164
      vertex 88.5 -1.7460861858353451 -21.333302510658836
      vertex 88.5 -1.48492424049175 -23.98492424049175
    endloop
  endfacet
  facet normal -1 0 0
    outer loop
      vertex 88.5 -1.7460861858353451 -23.666697489341164
      vertex 88.5 -1.9401470182737022 -21.69636479203331
      vertex 88.5 -1.7460861858353451 -21.333302510658836
    endloop
  endfacet
  facet normal -1 0 0
    outer loop
      vertex 88.5 -1.7460861858353451 -21.333302510658836
      vertex 88.5 -1.48492424049175 -21.01507575950825
      vertex 88.5 -1.48492424049175 -23.98492424049175
    endloop
  endfacet
  facet normal 1.905092136873644e-18 0.8819212643483546 -0.4713967368259985
    outer loop
      vertex 82.5 -1.9401470182737022 -21.69636479203331
      vertex 82.5 -1.7460861858353451 -21.333302510658836
      vertex 88.5 -1.7460861858353451 -21.333302510658836
    endloop
  endfacet
  facet normal 7.331498971108728e-19 0.7730104533627382 -0.634393284163644
    outer loop
      vertex 82.5 -1.7460861858353451 -21.333302510658836
      vertex 82.5 -1.48492424049175 -21.01507575950825
      vertex 88.5 -1.48492424049175 -21.01507575950825
    endloop
  endfacet
  facet normal 0 0.7730104533627382 -0.634393284163644
    outer loop
      vertex 82.5 -1.7460861858353451 -21.333302510658836
      vertex 88.5 -1.48492424049175 -21.01507575950825
      vertex 88.5 -1.7460861858353451 -21.333302510658836
    endloop
  endfacet
  facet normal -1.8231741172239756e-18 0.6343932841636448 0.7730104533627375
    outer loop
      vertex 82.5 -1.48492424049175 -23.98492424049175
      vertex 88.5 -1.1666974893411646 -24.246086185835345
      vertex 82.5 -1.1666974893411646 -24.246086185835345
    endloop
  endfacet
  facet normal 2.7954087006925747e-18 0.47139673682599703 0.8819212643483554
    outer loop
      vertex 82.5 -1.1666974893411646 -24.246086185835345
      vertex 88.5 -0.8036352079666885 -24.440147018273702
      vertex 82.5 -0.8036352079666885 -24.440147018273702
    endloop
  endfacet
  facet normal 0 0.6343932841636448 0.7730104533627375
    outer loop
      vertex 82.5 -1.48492424049175 -23.98492424049175
      vertex 88.5 -1.48492424049175 -23.98492424049175
      vertex 88.5 -1.1666974893411646 -24.246086185835345
    endloop
  endfacet
  facet normal 0 0.47139673682599703 0.8819212643483554
    outer loop
      vertex 82.5 -1.1666974893411646 -24.246086185835345
      vertex 88.5 -1.1666974893411646 -24.246086185835345
      vertex 88.5 -0.8036352079666885 -24.440147018273702
    endloop
  endfacet
  facet normal 9.876557913243545e-19 0.2902846772544595 0.9569403357322098
    outer loop
      vertex 82.5 -0.8036352079666885 -24.440147018273702
      vertex 88.5 -0.4096896762338693 -24.559649088846783
      vertex 82.5 -0.4096896762338693 -24.559649088846783
    endloop
  endfacet
  facet normal -4.550246097227268e-19 0.09801714032956713 0.9951847266721963
    outer loop
      vertex 82.5 -0.4096896762338693 -24.559649088846783
      vertex 88.5 0 -24.6
      vertex 82.5 0 -24.6
    endloop
  endfacet
  facet normal 0 0.2902846772544595 0.9569403357322098
    outer loop
      vertex 82.5 -0.8036352079666885 -24.440147018273702
      vertex 88.5 -0.8036352079666885 -24.440147018273702
      vertex 88.5 -0.4096896762338693 -24.559649088846783
    endloop
  endfacet
  facet normal 0 0.09801714032956713 0.9951847266721963
    outer loop
      vertex 82.5 -0.4096896762338693 -24.559649088846783
      vertex 88.5 -0.4096896762338693 -24.559649088846783
      vertex 88.5 0 -24.6
    endloop
  endfacet
  facet normal -1 0 0
    outer loop
      vertex 88.5 -1.48492424049175 -23.98492424049175
      vertex 88.5 -1.48492424049175 -21.01507575950825
      vertex 88.5 -1.1666974893411646 -24.246086185835345
    endloop
  endfacet
  facet normal -1 0 0
    outer loop
      vertex 88.5 -1.1666974893411646 -24.246086185835345
      vertex 88.5 -1.48492424049175 -21.01507575950825
      vertex 88.5 -1.1666974893411646 -20.753913814164655
    endloop
  endfacet
  facet normal -1 0 0
    outer loop
      vertex 88.5 -1.1666974893411646 -24.246086185835345
      vertex 88.5 -1.1666974893411646 -20.753913814164655
      vertex 88.5 -0.8036352079666885 -24.440147018273702
    endloop
  endfacet
  facet normal -1 0 0
    outer loop
      vertex 88.5 -0.8036352079666885 -24.440147018273702
      vertex 88.5 -1.1666974893411646 -20.753913814164655
      vertex 88.5 -0.8036352079666885 -20.559852981726298
    endloop
  endfacet
  facet normal -1 0 0
    outer loop
      vertex 88.5 -0.8036352079666885 -24.440147018273702
      vertex 88.5 -0.8036352079666885 -20.559852981726298
      vertex 88.5 -0.4096896762338693 -24.559649088846783
    endloop
  endfacet
  facet normal -1 0 0
    outer loop
      vertex 88.5 -0.4096896762338693 -24.559649088846783
      vertex 88.5 -0.8036352079666885 -20.559852981726298
      vertex 88.5 -0.4096896762338693 -20.440350911153217
    endloop
  endfacet
  facet normal -1 0 0
    outer loop
      vertex 88.5 -0.4096896762338693 -24.559649088846783
      vertex 88.5 -0.4096896762338693 -20.440350911153217
      vertex 88.5 0 -24.6
    endloop
  endfacet
  facet normal -1 0 0
    outer loop
      vertex 88.5 0 -24.6
      vertex 88.5 -0.4096896762338693 -20.440350911153217
      vertex 88.5 0 -20.4
    endloop
  endfacet
  facet normal 4.550246097227268e-19 -0.09801714032956713 0.9951847266721963
    outer loop
      vertex 82.5 0 -24.6
      vertex 88.5 0.4096896762338693 -24.559649088846783
      vertex 82.5 0.4096896762338693 -24.559649088846783
    endloop
  endfacet
  facet normal -9.876557913243545e-19 -0.2902846772544595 0.9569403357322098
    outer loop
      vertex 82.5 0.4096896762338693 -24.559649088846783
      vertex 88.5 0.8036352079666885 -24.440147018273702
      vertex 82.5 0.8036352079666885 -24.440147018273702
    endloop
  endfacet
  facet normal 0 -0.09801714032956713 0.9951847266721963
    outer loop
      vertex 82.5 0 -24.6
      vertex 88.5 0 -24.6
      vertex 88.5 0.4096896762338693 -24.559649088846783
    endloop
  endfacet
  facet normal 0 -0.2902846772544595 0.9569403357322098
    outer loop
      vertex 82.5 0.4096896762338693 -24.559649088846783
      vertex 88.5 0.4096896762338693 -24.559649088846783
      vertex 88.5 0.8036352079666885 -24.440147018273702
    endloop
  endfacet
  facet normal -2.7954087006925747e-18 -0.47139673682599703 0.8819212643483554
    outer loop
      vertex 82.5 0.8036352079666885 -24.440147018273702
      vertex 88.5 1.1666974893411646 -24.246086185835345
      vertex 82.5 1.1666974893411646 -24.246086185835345
    endloop
  endfacet
  facet normal 1.8231741172239756e-18 -0.6343932841636448 0.7730104533627375
    outer loop
      vertex 82.5 1.1666974893411646 -24.246086185835345
      vertex 88.5 1.48492424049175 -23.98492424049175
      vertex 82.5 1.48492424049175 -23.98492424049175
    endloop
  endfacet
  facet normal 0 -0.47139673682599703 0.8819212643483554
    outer loop
      vertex 82.5 0.8036352079666885 -24.440147018273702
      vertex 88.5 0.8036352079666885 -24.440147018273702
      vertex 88.5 1.1666974893411646 -24.246086185835345
    endloop
  endfacet
  facet normal 0 -0.6343932841636448 0.7730104533627375
    outer loop
      vertex 82.5 1.1666974893411646 -24.246086185835345
      vertex 88.5 1.1666974893411646 -24.246086185835345
      vertex 88.5 1.48492424049175 -23.98492424049175
    endloop
  endfacet
  facet normal -1 0 0
    outer loop
      vertex 88.5 0 -24.6
      vertex 88.5 0 -20.4
      vertex 88.5 0.4096896762338693 -24.559649088846783
    endloop
  endfacet
  facet normal -1 0 0
    outer loop
      vertex 88.5 0.4096896762338693 -24.559649088846783
      vertex 88.5 0 -20.4
      vertex 88.5 0.4096896762338693 -20.440350911153217
    endloop
  endfacet
  facet normal -1 0 0
    outer loop
      vertex 88.5 0.4096896762338693 -24.559649088846783
      vertex 88.5 0.4096896762338693 -20.440350911153217
      vertex 88.5 0.8036352079666885 -24.440147018273702
    endloop
  endfacet
  facet normal -1 0 0
    outer loop
      vertex 88.5 0.8036352079666885 -24.440147018273702
      vertex 88.5 0.4096896762338693 -20.440350911153217
      vertex 88.5 0.8036352079666885 -20.559852981726298
    endloop
  endfacet
  facet normal -1 0 0
    outer loop
      vertex 88.5 0.8036352079666885 -24.440147018273702
      vertex 88.5 0.8036352079666885 -20.559852981726298
      vertex 88.5 1.1666974893411646 -24.246086185835345
    endloop
  endfacet
  facet normal -1 0 0
    outer loop
      vertex 88.5 1.1666974893411646 -24.246086185835345
      vertex 88.5 0.8036352079666885 -20.559852981726298
      vertex 88.5 1.1666974893411646 -20.753913814164655
    endloop
  endfacet
  facet normal -1 0 0
    outer loop
      vertex 88.5 1.1666974893411646 -24.246086185835345
      vertex 88.5 1.1666974893411646 -20.753913814164655
      vertex 88.5 1.48492424049175 -23.98492424049175
    endloop
  endfacet
  facet normal -1 0 0
    outer loop
      vertex 88.5 1.1666974893411646 -20.753913814164655
      vertex 88.5 1.48492424049175 -21.01507575950825
      vertex 88.5 1.48492424049175 -23.98492424049175
    endloop
  endfacet
  facet normal 0 0.6343932841636448 -0.7730104533627375
    outer loop
      vertex 82.5 -1.48492424049175 -21.01507575950825
      vertex 82.5 -1.1666974893411646 -20.753913814164655
      vertex 88.5 -1.48492424049175 -21.01507575950825
    endloop
  endfacet
  facet normal 0 0.47139673682599703 -0.8819212643483554
    outer loop
      vertex 82.5 -1.1666974893411646 -20.753913814164655
      vertex 82.5 -0.8036352079666885 -20.559852981726298
      vertex 88.5 -1.1666974893411646 -20.753913814164655
    endloop
  endfacet
  facet normal 0 0.6343932841636448 -0.7730104533627375
    outer loop
      vertex 82.5 -1.1666974893411646 -20.753913814164655
      vertex 88.5 -1.1666974893411646 -20.753913814164655
      vertex 88.5 -1.48492424049175 -21.01507575950825
    endloop
  endfacet
  facet normal 0 0.47139673682599703 -0.8819212643483554
    outer loop
      vertex 82.5 -0.8036352079666885 -20.559852981726298
      vertex 88.5 -0.8036352079666885 -20.559852981726298
      vertex 88.5 -1.1666974893411646 -20.753913814164655
    endloop
  endfacet
  facet normal 0 0.2902846772544595 -0.9569403357322098
    outer loop
      vertex 82.5 -0.8036352079666885 -20.559852981726298
      vertex 82.5 -0.4096896762338693 -20.440350911153217
      vertex 88.5 -0.8036352079666885 -20.559852981726298
    endloop
  endfacet
  facet normal 0 0.09801714032956713 -0.9951847266721963
    outer loop
      vertex 82.5 -0.4096896762338693 -20.440350911153217
      vertex 82.5 0 -20.4
      vertex 88.5 -0.4096896762338693 -20.440350911153217
    endloop
  endfacet
  facet normal 0 0.2902846772544595 -0.9569403357322098
    outer loop
      vertex 82.5 -0.4096896762338693 -20.440350911153217
      vertex 88.5 -0.4096896762338693 -20.440350911153217
      vertex 88.5 -0.8036352079666885 -20.559852981726298
    endloop
  endfacet
  facet normal 0 0.09801714032956713 -0.9951847266721963
    outer loop
      vertex 82.5 0 -20.4
      vertex 88.5 0 -20.4
      vertex 88.5 -0.4096896762338693 -20.440350911153217
    endloop
  endfacet
  facet normal 0 -0.09801714032956713 -0.9951847266721963
    outer loop
      vertex 82.5 0 -20.4
      vertex 82.5 0.4096896762338693 -20.440350911153217
      vertex 88.5 0 -20.4
    endloop
  endfacet
  facet normal 0 -0.2902846772544595 -0.9569403357322098
    outer loop
      vertex 82.5 0.4096896762338693 -20.440350911153217
      vertex 82.5 0.8036352079666885 -20.559852981726298
      vertex 88.5 0.4096896762338693 -20.440350911153217
    endloop
  endfacet
  facet normal 0 -0.09801714032956713 -0.9951847266721963
    outer loop
      vertex 82.5 0.4096896762338693 -20.440350911153217
      vertex 88.5 0.4096896762338693 -20.440350911153217
      vertex 88.5 0 -20.4
    endloop
  endfacet
  facet normal 0 -0.2902846772544595 -0.9569403357322098
    outer loop
      vertex 82.5 0.8036352079666885 -20.559852981726298
      vertex 88.5 0.8036352079666885 -20.559852981726298
      vertex 88.5 0.4096896762338693 -20.440350911153217
    endloop
  endfacet
  facet normal 0 -0.47139673682599703 -0.8819212643483554
    outer loop
      vertex 82.5 0.8036352079666885 -20.559852981726298
      vertex 82.5 1.1666974893411646 -20.753913814164655
      vertex 88.5 0.8036352079666885 -20.559852981726298
    endloop
  endfacet
  facet normal 0 -0.6343932841636448 -0.7730104533627375
    outer loop
      vertex 82.5 1.1666974893411646 -20.753913814164655
      vertex 82.5 1.48492424049175 -21.01507575950825
      vertex 88.5 1.1666974893411646 -20.753913814164655
    endloop
  endfacet
  facet normal 0 -0.47139673682599703 -0.8819212643483554
    outer loop
      vertex 82.5 1.1666974893411646 -20.753913814164655
      vertex 88.5 1.1666974893411646 -20.753913814164655
      vertex 88.5 0.8036352079666885 -20.559852981726298
    endloop
  endfacet
  facet normal -1.8231741172239756e-18 -0.6343932841636448 -0.7730104533627375
    outer loop
      vertex 88.5 1.1666974893411646 -20.753913814164655
      vertex 82.5 1.48492424049175 -21.01507575950825
      vertex 88.5 1.48492424049175 -21.01507575950825
    endloop
  endfacet
  facet normal 0 -0.7730104533627382 0.634393284163644
    outer loop
      vertex 82.5 1.48492424049175 -23.98492424049175
      vertex 88.5 1.48492424049175 -23.98492424049175
      vertex 82.5 1.7460861858353451 -23.666697489341164
    endloop
  endfacet
  facet normal 0 -0.8819212643483546 0.4713967368259985
    outer loop
      vertex 82.5 1.7460861858353451 -23.666697489341164
      vertex 88.5 1.7460861858353451 -23.666697489341164
      vertex 82.5 1.9401470182737022 -23.30363520796669
    endloop
  endfacet
  facet normal 0 -0.7730104533627382 0.634393284163644
    outer loop
      vertex 82.5 1.7460861858353451 -23.666697489341164
      vertex 88.5 1.48492424049175 -23.98492424049175
      vertex 88.5 1.7460861858353451 -23.666697489341164
    endloop
  endfacet
  facet normal 0 -0.8819212643483546 0.4713967368259985
    outer loop
      vertex 82.5 1.9401470182737022 -23.30363520796669
      vertex 88.5 1.7460861858353451 -23.666697489341164
      vertex 88.5 1.9401470182737022 -23.30363520796669
    endloop
  endfacet
  facet normal 0 -0.9569403357322087 0.29028467725446316
    outer loop
      vertex 82.5 1.9401470182737022 -23.30363520796669
      vertex 88.5 1.9401470182737022 -23.30363520796669
      vertex 82.5 2.059649088846784 -22.90968967623387
    endloop
  endfacet
  facet normal 0 -0.9951847266721968 0.09801714032956033
    outer loop
      vertex 82.5 2.059649088846784 -22.90968967623387
      vertex 88.5 2.059649088846784 -22.90968967623387
      vertex 82.5 2.1 -22.5
    endloop
  endfacet
  facet normal 0 -0.8819212643483546 -0.4713967368259985
    outer loop
      vertex 82.5 1.9401470182737022 -21.69636479203331
      vertex 88.5 1.9401470182737022 -21.69636479203331
      vertex 82.5 1.7460861858353451 -21.333302510658836
    endloop
  endfacet
  facet normal 0 -0.9951847266721968 -0.09801714032956033
    outer loop
      vertex 82.5 2.1 -22.5
      vertex 88.5 2.1 -22.5
      vertex 82.5 2.059649088846784 -22.09031032376613
    endloop
  endfacet
  facet normal -2.181901925350969e-19 -0.9569403357322087 -0.29028467725446316
    outer loop
      vertex 82.5 1.9401470182737022 -21.69636479203331
      vertex 82.5 2.059649088846784 -22.09031032376613
      vertex 88.5 2.059649088846784 -22.09031032376613
    endloop
  endfacet
  facet normal 0 -0.9569403357322087 0.29028467725446316
    outer loop
      vertex 82.5 2.059649088846784 -22.90968967623387
      vertex 88.5 1.9401470182737022 -23.30363520796669
      vertex 88.5 2.059649088846784 -22.90968967623387
    endloop
  endfacet
  facet normal 0 -0.9951847266721968 0.09801714032956033
    outer loop
      vertex 82.5 2.1 -22.5
      vertex 88.5 2.059649088846784 -22.90968967623387
      vertex 88.5 2.1 -22.5
    endloop
  endfacet
  facet normal 0 -0.9569403357322087 -0.29028467725446316
    outer loop
      vertex 82.5 1.9401470182737022 -21.69636479203331
      vertex 88.5 2.059649088846784 -22.09031032376613
      vertex 88.5 1.9401470182737022 -21.69636479203331
    endloop
  endfacet
  facet normal 0 -0.9951847266721968 -0.09801714032956033
    outer loop
      vertex 82.5 2.059649088846784 -22.09031032376613
      vertex 88.5 2.1 -22.5
      vertex 88.5 2.059649088846784 -22.09031032376613
    endloop
  endfacet
  facet normal -1 0 0
    outer loop
      vertex 88.5 1.48492424049175 -23.98492424049175
      vertex 88.5 1.48492424049175 -21.01507575950825
      vertex 88.5 1.7460861858353451 -23.666697489341164
    endloop
  endfacet
  facet normal -1 0 0
    outer loop
      vertex 88.5 1.7460861858353451 -23.666697489341164
      vertex 88.5 1.48492424049175 -21.01507575950825
      vertex 88.5 1.7460861858353451 -21.333302510658836
    endloop
  endfacet
  facet normal -1 0 0
    outer loop
      vertex 88.5 1.7460861858353451 -23.666697489341164
      vertex 88.5 1.7460861858353451 -21.333302510658836
      vertex 88.5 1.9401470182737022 -23.30363520796669
    endloop
  endfacet
  facet normal -1 0 0
    outer loop
      vertex 88.5 1.9401470182737022 -23.30363520796669
      vertex 88.5 1.9401470182737022 -21.69636479203331
      vertex 88.5 2.059649088846784 -22.90968967623387
    endloop
  endfacet
  facet normal -1 0 0
    outer loop
      vertex 88.5 2.059649088846784 -22.90968967623387
      vertex 88.5 2.059649088846784 -22.09031032376613
      vertex 88.5 2.1 -22.5
    endloop
  endfacet
  facet normal -1 0 0
    outer loop
      vertex 88.5 1.9401470182737022 -23.30363520796669
      vertex 88.5 1.7460861858353451 -21.333302510658836
      vertex 88.5 1.9401470182737022 -21.69636479203331
    endloop
  endfacet
  facet normal -1 0 0
    outer loop
      vertex 88.5 2.059649088846784 -22.90968967623387
      vertex 88.5 1.9401470182737022 -21.69636479203331
      vertex 88.5 2.059649088846784 -22.09031032376613
    endloop
  endfacet
  facet normal -7.331498971108728e-19 -0.7730104533627382 -0.634393284163644
    outer loop
      vertex 82.5 1.48492424049175 -21.01507575950825
      vertex 82.5 1.7460861858353451 -21.333302510658836
      vertex 88.5 1.7460861858353451 -21.333302510658836
    endloop
  endfacet
  facet normal 0 -0.7730104533627382 -0.634393284163644
    outer loop
      vertex 82.5 1.48492424049175 -21.01507575950825
      vertex 88.5 1.7460861858353451 -21.333302510658836
      vertex 88.5 1.48492424049175 -21.01507575950825
    endloop
  endfacet
  facet normal -1.905092136873644e-18 -0.8819212643483546 -0.4713967368259985
    outer loop
      vertex 88.5 1.9401470182737022 -21.69636479203331
      vertex 88.5 1.7460861858353451 -21.333302510658836
      vertex 82.5 1.7460861858353451 -21.333302510658836
    endloop
  endfacet
  facet normal 0 1 0
    outer loop
      vertex 86.6 -6 -12
      vertex 86.6 -6 -8
      vertex 90 -6 -8
    endloop
  endfacet
  facet normal 0 1 0
    outer loop
      vertex 86.6 -6 -12
      vertex 90 -6 -8
      vertex 90 -6 -12
    endloop
  endfacet
  facet normal 0 0 1
    outer loop
      vertex 86.6 -6 -12
      vertex 90 -6 -12
      vertex 86.6 6 -12
    endloop
  endfacet
  facet normal 0 0 -1
    outer loop
      vertex 86.6 -6 -8
      vertex 90 6 -8
      vertex 90 -6 -8
    endloop
  endfacet
  facet normal 0 0 1
    outer loop
      vertex 90 -6 -12
      vertex 90 6 -12
      vertex 86.6 6 -12
    endloop
  endfacet
  facet normal 0 0 -1
    outer loop
      vertex 86.6 -6 -8
      vertex 86.6 6 -8
      vertex 90 6 -8
    endloop
  endfacet
  facet normal 0 -1 0
    outer loop
      vertex 86.6 6 -12
      vertex 90 6 -12
      vertex 86.6 6 -8
    endloop
  endfacet
  facet normal 0 -1 0
    outer loop
      vertex 90 6 -12
      vertex 90 6 -8
      vertex 86.6 6 -8
    endloop
  endfacet
  facet normal 0 1 0
    outer loop
      vertex 86.6 -6 -2
      vertex 90 -6 2
      vertex 90 -6 -2
    endloop
  endfacet
  facet normal 0 0 1
    outer loop
      vertex 86.6 -6 -2
      vertex 90 -6 -2
      vertex 86.6 6 -2
    endloop
  endfacet
  facet normal 0 1 0
    outer loop
      vertex 86.6 -6 -2
      vertex 86.6 -6 2
      vertex 90 -6 2
    endloop
  endfacet
  facet normal 0 0 -1
    outer loop
      vertex 86.6 -6 2
      vertex 90 6 2
      vertex 90 -6 2
    endloop
  endfacet
  facet normal 0 0 1
    outer loop
      vertex 90 -6 -2
      vertex 90 6 -2
      vertex 86.6 6 -2
    endloop
  endfacet
  facet normal 0 -1 0
    outer loop
      vertex 86.6 6 -2
      vertex 90 6 -2
      vertex 86.6 6 2
    endloop
  endfacet
  facet normal 0 0 -1
    outer loop
      vertex 86.6 -6 2
      vertex 86.6 6 2
      vertex 90 6 2
    endloop
  endfacet
  facet normal 0 -1 0
    outer loop
      vertex 90 6 -2
      vertex 90 6 2
      vertex 86.6 6 2
    endloop
  endfacet
  facet normal 0 1 0
    outer loop
      vertex 86.6 -6 8
      vertex 86.6 -6 12
      vertex 90 -6 12
    endloop
  endfacet
  facet normal 0 1 0
    outer loop
      vertex 86.6 -6 8
      vertex 90 -6 12
      vertex 90 -6 8
    endloop
  endfacet
  facet normal 0 0 1
    outer loop
      vertex 86.6 -6 8
      vertex 90 -6 8
      vertex 86.6 6 8
    endloop
  endfacet
  facet normal 0 0 -1
    outer loop
      vertex 86.6 -6 12
      vertex 90 6 12
      vertex 90 -6 12
    endloop
  endfacet
  facet normal 0 0 1
    outer loop
      vertex 90 -6 8
      vertex 90 6 8
      vertex 86.6 6 8
    endloop
  endfacet
  facet normal 0 0 -1
    outer loop
      vertex 86.6 -6 12
      vertex 86.6 6 12
      vertex 90 6 12
    endloop
  endfacet
  facet normal 0 -1 0
    outer loop
      vertex 86.6 6 8
      vertex 90 6 8
      vertex 86.6 6 12
    endloop
  endfacet
  facet normal 0 -1 0
    outer loop
      vertex 90 6 8
      vertex 90 6 12
      vertex 86.6 6 12
    endloop
  endfacet
  facet normal -1 0 0
    outer loop
      vertex 86.6 -10.25 -19.5
      vertex 86.6 -6 -8
      vertex 86.6 -6 -12
    endloop
  endfacet
  facet normal -1 0 0
    outer loop
      vertex 86.6 -10.25 -19.5
      vertex 86.6 -6 -2
      vertex 86.6 -6 -8
    endloop
  endfacet
  facet normal 0 1 0
    outer loop
      vertex 82.5 -10.25 -19.5
      vertex 86.6 -10.25 19.5
      vertex 86.6 -10.25 -19.5
    endloop
  endfacet
  facet normal -1 0 0
    outer loop
      vertex 86.6 -10.25 -19.5
      vertex 86.6 -6 2
      vertex 86.6 -6 -2
    endloop
  endfacet
  facet normal 0 0 1
    outer loop
      vertex 82.5 -10.25 -19.5
      vertex 86.6 -10.25 -19.5
      vertex 86.6 10.25 -19.5
    endloop
  endfacet
  facet normal -1 0 0
    outer loop
      vertex 86.6 -10.25 -19.5
      vertex 86.6 -6 -12
      vertex 86.6 6 -12
    endloop
  endfacet
  facet normal -1 0 0
    outer loop
      vertex 86.6 -6 -8
      vertex 86.6 -6 -2
      vertex 86.6 6 -2
    endloop
  endfacet
  facet normal 0 1 0
    outer loop
      vertex 82.5 -10.25 -19.5
      vertex 82.5 -10.25 19.5
      vertex 86.6 -10.25 19.5
    endloop
  endfacet
  facet normal -1 0 0
    outer loop
      vertex 86.6 -10.25 -19.5
      vertex 86.6 -10.25 19.5
      vertex 86.6 -6 2
    endloop
  endfacet
  facet normal -1 0 0
    outer loop
      vertex 86.6 -10.25 19.5
      vertex 86.6 -6 8
      vertex 86.6 -6 2
    endloop
  endfacet
  facet normal -1 0 0
    outer loop
      vertex 86.6 -10.25 19.5
      vertex 86.6 -6 12
      vertex 86.6 -6 8
    endloop
  endfacet
  facet normal 0 0 -1
    outer loop
      vertex 82.5 -10.25 19.5
      vertex 82.5 -8.09433962264151 19.5
      vertex 86.6 -10.25 19.5
    endloop
  endfacet
  facet normal -1 0 0
    outer loop
      vertex 86.6 -6 2
      vertex 86.6 -6 8
      vertex 86.6 6 8
    endloop
  endfacet
  facet normal 0 0 -1
    outer loop
      vertex 82.5 -8.09433962264151 19.5
      vertex 82.5 10.25 19.5
      vertex 86.6 -10.25 19.5
    endloop
  endfacet
  facet normal -1 0 0
    outer loop
      vertex 86.6 -10.25 19.5
      vertex 86.6 10.25 19.5
      vertex 86.6 -6 12
    endloop
  endfacet
  facet normal 0 0 1
    outer loop
      vertex 82.5 -10.25 -19.5
      vertex 86.6 10.25 -19.5
      vertex 82.5 8.09433962264151 -19.5
    endloop
  endfacet
  facet normal -1 0 0
    outer loop
      vertex 86.6 -10.25 -19.5
      vertex 86.6 6 -12
      vertex 86.6 10.25 -19.5
    endloop
  endfacet
  facet normal -1 0 0
    outer loop
      vertex 86.6 -6 -8
      vertex 86.6 6 -2
      vertex 86.6 6 -8
    endloop
  endfacet
  facet normal 0 0 1
    outer loop
      vertex 82.5 8.09433962264151 -19.5
      vertex 86.6 10.25 -19.5
      vertex 82.5 10.25 -19.5
    endloop
  endfacet
  facet normal -1 0 0
    outer loop
      vertex 86.6 6 -12
      vertex 86.6 6 -8
      vertex 86.6 10.25 -19.5
    endloop
  endfacet
  facet normal -1 0 0
    outer loop
      vertex 86.6 6 -8
      vertex 86.6 6 -2
      vertex 86.6 10.25 -19.5
    endloop
  endfacet
  facet normal -1 0 0
    outer loop
      vertex 86.6 6 -2
      vertex 86.6 10.25 19.5
      vertex 86.6 10.25 -19.5
    endloop
  endfacet
  facet normal 0 -1 0
    outer loop
      vertex 82.5 10.25 -19.5
      vertex 86.6 10.25 -19.5
      vertex 82.5 10.25 19.5
    endloop
  endfacet
  facet normal -1 0 0
    outer loop
      vertex 86.6 -6 2
      vertex 86.6 6 8
      vertex 86.6 6 2
    endloop
  endfacet
  facet normal -1 0 0
    outer loop
      vertex 86.6 -6 12
      vertex 86.6 10.25 19.5
      vertex 86.6 6 12
    endloop
  endfacet
  facet normal 0 0 -1
    outer loop
      vertex 86.6 -10.25 19.5
      vertex 82.5 10.25 19.5
      vertex 86.6 10.25 19.5
    endloop
  endfacet
  facet normal -1 0 0
    outer loop
      vertex 86.6 6 -2
      vertex 86.6 6 2
      vertex 86.6 10.25 19.5
    endloop
  endfacet
  facet normal -1 0 0
    outer loop
      vertex 86.6 6 2
      vertex 86.6 6 8
      vertex 86.6 10.25 19.5
    endloop
  endfacet
  facet normal -1 0 0
    outer loop
      vertex 86.6 6 8
      vertex 86.6 6 12
      vertex 86.6 10.25 19.5
    endloop
  endfacet
  facet normal 0 -1 0
    outer loop
      vertex 86.6 10.25 -19.5
      vertex 86.6 10.25 19.5
      vertex 82.5 10.25 19.5
    endloop
  endfacet
  facet normal 1 0 0
    outer loop
      vertex -70.7 -25 -1.35
      vertex -70.7 -22.5 -1.35
      vertex -70.7 -25 1.35
    endloop
  endfacet
  facet normal 0 0 1
    outer loop
      vertex -70.7 -25 -1.35
      vertex -68.3 -25 -1.35
      vertex -68.3 -22.5 -1.35
    endloop
  endfacet
  facet normal 0 0 1
    outer loop
      vertex -70.7 -25 -1.35
      vertex -68.3 -22.5 -1.35
      vertex -70.7 -22.5 -1.35
    endloop
  endfacet
  facet normal -1 0 0
    outer loop
      vertex -68.3 -25 -1.35
      vertex -68.3 -22.5 1.35
      vertex -68.3 -22.5 -1.35
    endloop
  endfacet
  facet normal 0 0 -1
    outer loop
      vertex -70.7 -25 1.35
      vertex -70.7 -22.5 1.35
      vertex -68.3 -25 1.35
    endloop
  endfacet
  facet normal -1 0 0
    outer loop
      vertex -68.3 -25 -1.35
      vertex -68.3 -25 1.35
      vertex -68.3 -22.5 1.35
    endloop
  endfacet
  facet normal 1 0 0
    outer loop
      vertex -70.7 -22.5 -1.35
      vertex -70.7 -22.5 1.35
      vertex -70.7 -25 1.35
    endloop
  endfacet
  facet normal 0 0 -1
    outer loop
      vertex -68.3 -25 1.35
      vertex -70.7 -22.5 1.35
      vertex -68.3 -22.5 1.35
    endloop
  endfacet
  facet normal 1 0 0
    outer loop
      vertex -64.7 -25 -1.35
      vertex -64.7 -22.5 -1.35
      vertex -64.7 -25 1.35
    endloop
  endfacet
  facet normal 0 0 1
    outer loop
      vertex -64.7 -25 -1.35
      vertex -62.3 -25 -1.35
      vertex -62.3 -22.5 -1.35
    endloop
  endfacet
  facet normal 0 0 1
    outer loop
      vertex -64.7 -25 -1.35
      vertex -62.3 -22.5 -1.35
      vertex -64.7 -22.5 -1.35
    endloop
  endfacet
  facet normal -1 0 0
    outer loop
      vertex -62.3 -25 -1.35
      vertex -62.3 -22.5 1.35
      vertex -62.3 -22.5 -1.35
    endloop
  endfacet
  facet normal 0 0 -1
    outer loop
      vertex -64.7 -25 1.35
      vertex -64.7 -22.5 1.35
      vertex -62.3 -25 1.35
    endloop
  endfacet
  facet normal -1 0 0
    outer loop
      vertex -62.3 -25 -1.35
      vertex -62.3 -25 1.35
      vertex -62.3 -22.5 1.35
    endloop
  endfacet
  facet normal 1 0 0
    outer loop
      vertex -64.7 -22.5 -1.35
      vertex -64.7 -22.5 1.35
      vertex -64.7 -25 1.35
    endloop
  endfacet
  facet normal 0 0 -1
    outer loop
      vertex -62.3 -25 1.35
      vertex -64.7 -22.5 1.35
      vertex -62.3 -22.5 1.35
    endloop
  endfacet
  facet normal 1 0 0
    outer loop
      vertex -58.7 -25 -1.35
      vertex -58.7 -22.5 -1.35
      vertex -58.7 -25 1.35
    endloop
  endfacet
  facet normal 0 0 1
    outer loop
      vertex -58.7 -25 -1.35
      vertex -56.3 -25 -1.35
      vertex -56.3 -22.5 -1.35
    endloop
  endfacet
  facet normal 0 0 1
    outer loop
      vertex -58.7 -25 -1.35
      vertex -56.3 -22.5 -1.35
      vertex -58.7 -22.5 -1.35
    endloop
  endfacet
  facet normal -1 0 0
    outer loop
      vertex -56.3 -25 -1.35
      vertex -56.3 -22.5 1.35
      vertex -56.3 -22.5 -1.35
    endloop
  endfacet
  facet normal 0 0 -1
    outer loop
      vertex -58.7 -25 1.35
      vertex -58.7 -22.5 1.35
      vertex -56.3 -25 1.35
    endloop
  endfacet
  facet normal -1 0 0
    outer loop
      vertex -56.3 -25 -1.35
      vertex -56.3 -25 1.35
      vertex -56.3 -22.5 1.35
    endloop
  endfacet
  facet normal 1 0 0
    outer loop
      vertex -58.7 -22.5 -1.35
      vertex -58.7 -22.5 1.35
      vertex -58.7 -25 1.35
    endloop
  endfacet
  facet normal 0 0 -1
    outer loop
      vertex -56.3 -25 1.35
      vertex -58.7 -22.5 1.35
      vertex -56.3 -22.5 1.35
    endloop
  endfacet
  facet normal 1 0 0
    outer loop
      vertex -52.7 -25 -1.35
      vertex -52.7 -22.5 -1.35
      vertex -52.7 -25 1.35
    endloop
  endfacet
  facet normal 0 0 1
    outer loop
      vertex -52.7 -25 -1.35
      vertex -50.3 -25 -1.35
      vertex -50.3 -22.5 -1.35
    endloop
  endfacet
  facet normal 0 0 1
    outer loop
      vertex -52.7 -25 -1.35
      vertex -50.3 -22.5 -1.35
      vertex -52.7 -22.5 -1.35
    endloop
  endfacet
  facet normal -1 0 0
    outer loop
      vertex -50.3 -25 -1.35
      vertex -50.3 -22.5 1.35
      vertex -50.3 -22.5 -1.35
    endloop
  endfacet
  facet normal 0 0 -1
    outer loop
      vertex -52.7 -25 1.35
      vertex -52.7 -22.5 1.35
      vertex -50.3 -25 1.35
    endloop
  endfacet
  facet normal 1 0 0
    outer loop
      vertex -52.7 -22.5 -1.35
      vertex -52.7 -22.5 1.35
      vertex -52.7 -25 1.35
    endloop
  endfacet
  facet normal 0 0 -1
    outer loop
      vertex -52.7 -22.5 1.35
      vertex -50.3 -22.5 1.35
      vertex -50.3 -25 1.35
    endloop
  endfacet
  facet normal -1 0 0
    outer loop
      vertex -50.3 -25 -1.35
      vertex -50.3 -25 1.35
      vertex -50.3 -22.5 1.35
    endloop
  endfacet
  facet normal 1 0 0
    outer loop
      vertex -46.7 -25 -1.35
      vertex -46.7 -22.5 -1.35
      vertex -46.7 -25 1.35
    endloop
  endfacet
  facet normal 0 0 1
    outer loop
      vertex -46.7 -25 -1.35
      vertex -44.3 -25 -1.35
      vertex -44.3 -22.5 -1.35
    endloop
  endfacet
  facet normal 0 0 1
    outer loop
      vertex -46.7 -25 -1.35
      vertex -44.3 -22.5 -1.35
      vertex -46.7 -22.5 -1.35
    endloop
  endfacet
  facet normal -1 0 0
    outer loop
      vertex -44.3 -25 -1.35
      vertex -44.3 -22.5 1.35
      vertex -44.3 -22.5 -1.35
    endloop
  endfacet
  facet normal 0 0 -1
    outer loop
      vertex -46.7 -25 1.35
      vertex -46.7 -22.5 1.35
      vertex -44.3 -25 1.35
    endloop
  endfacet
  facet normal 1 0 0
    outer loop
      vertex -46.7 -22.5 -1.35
      vertex -46.7 -22.5 1.35
      vertex -46.7 -25 1.35
    endloop
  endfacet
  facet normal 0 0 -1
    outer loop
      vertex -46.7 -22.5 1.35
      vertex -44.3 -22.5 1.35
      vertex -44.3 -25 1.35
    endloop
  endfacet
  facet normal -1 0 0
    outer loop
      vertex -44.3 -25 -1.35
      vertex -44.3 -25 1.35
      vertex -44.3 -22.5 1.35
    endloop
  endfacet
  facet normal 1 0 0
    outer loop
      vertex -40.7 -25 -1.35
      vertex -40.7 -22.5 -1.35
      vertex -40.7 -25 1.35
    endloop
  endfacet
  facet normal 0 0 1
    outer loop
      vertex -40.7 -25 -1.35
      vertex -38.3 -22.5 -1.35
      vertex -40.7 -22.5 -1.35
    endloop
  endfacet
  facet normal 0 0 1
    outer loop
      vertex -40.7 -25 -1.35
      vertex -38.3 -25 -1.35
      vertex -38.3 -22.5 -1.35
    endloop
  endfacet
  facet normal -1 0 0
    outer loop
      vertex -38.3 -25 -1.35
      vertex -38.3 -22.5 1.35
      vertex -38.3 -22.5 -1.35
    endloop
  endfacet
  facet normal 0 0 -1
    outer loop
      vertex -40.7 -25 1.35
      vertex -40.7 -22.5 1.35
      vertex -38.3 -25 1.35
    endloop
  endfacet
  facet normal 1 0 0
    outer loop
      vertex -40.7 -22.5 -1.35
      vertex -40.7 -22.5 1.35
      vertex -40.7 -25 1.35
    endloop
  endfacet
  facet normal -1 0 0
    outer loop
      vertex -38.3 -25 -1.35
      vertex -38.3 -25 1.35
      vertex -38.3 -22.5 1.35
    endloop
  endfacet
  facet normal 0 0 -1
    outer loop
      vertex -40.7 -22.5 1.35
      vertex -38.3 -22.5 1.35
      vertex -38.3 -25 1.35
    endloop
  endfacet
  facet normal 1 0 0
    outer loop
      vertex -34.7 -25 -1.35
      vertex -34.7 -22.5 -1.35
      vertex -34.7 -25 1.35
    endloop
  endfacet
  facet normal 0 0 1
    outer loop
      vertex -34.7 -25 -1.35
      vertex -32.3 -22.5 -1.35
      vertex -34.7 -22.5 -1.35
    endloop
  endfacet
  facet normal 0 0 1
    outer loop
      vertex -34.7 -25 -1.35
      vertex -32.3 -25 -1.35
      vertex -32.3 -22.5 -1.35
    endloop
  endfacet
  facet normal -1 0 0
    outer loop
      vertex -32.3 -25 -1.35
      vertex -32.3 -25 1.35
      vertex -32.3 -22.5 -1.35
    endloop
  endfacet
  facet normal 0 0 -1
    outer loop
      vertex -34.7 -25 1.35
      vertex -34.7 -22.5 1.35
      vertex -32.3 -25 1.35
    endloop
  endfacet
  facet normal 1 0 0
    outer loop
      vertex -34.7 -22.5 -1.35
      vertex -34.7 -22.5 1.35
      vertex -34.7 -25 1.35
    endloop
  endfacet
  facet normal 0 0 -1
    outer loop
      vertex -34.7 -22.5 1.35
      vertex -32.3 -22.5 1.35
      vertex -32.3 -25 1.35
    endloop
  endfacet
  facet normal -1 0 0
    outer loop
      vertex -32.3 -22.5 -1.35
      vertex -32.3 -25 1.35
      vertex -32.3 -22.5 1.35
    endloop
  endfacet
  facet normal 1 0 0
    outer loop
      vertex -28.7 -25 -1.35
      vertex -28.7 -22.5 -1.35
      vertex -28.7 -25 1.35
    endloop
  endfacet
  facet normal 0 0 1
    outer loop
      vertex -28.7 -25 -1.35
      vertex -26.3 -25 -1.35
      vertex -26.3 -22.5 -1.35
    endloop
  endfacet
  facet normal -1 0 0
    outer loop
      vertex -26.3 -25 -1.35
      vertex -26.3 -25 1.35
      vertex -26.3 -22.5 -1.35
    endloop
  endfacet
  facet normal 0 0 1
    outer loop
      vertex -28.7 -25 -1.35
      vertex -26.3 -22.5 -1.35
      vertex -28.7 -22.5 -1.35
    endloop
  endfacet
  facet normal 1 0 0
    outer loop
      vertex -28.7 -22.5 -1.35
      vertex -28.7 -22.5 1.35
      vertex -28.7 -25 1.35
    endloop
  endfacet
  facet normal 0 0 -1
    outer loop
      vertex -28.7 -25 1.35
      vertex -28.7 -22.5 1.35
      vertex -26.3 -25 1.35
    endloop
  endfacet
  facet normal 0 0 -1
    outer loop
      vertex -28.7 -22.5 1.35
      vertex -26.3 -22.5 1.35
      vertex -26.3 -25 1.35
    endloop
  endfacet
  facet normal -1 0 0
    outer loop
      vertex -26.3 -22.5 -1.35
      vertex -26.3 -25 1.35
      vertex -26.3 -22.5 1.35
    endloop
  endfacet
  facet normal 1 0 0
    outer loop
      vertex -22.7 -25 -1.35
      vertex -22.7 -22.5 -1.35
      vertex -22.7 -25 1.35
    endloop
  endfacet
  facet normal 0 0 1
    outer loop
      vertex -22.7 -25 -1.35
      vertex -20.3 -25 -1.35
      vertex -20.3 -22.5 -1.35
    endloop
  endfacet
  facet normal -1 0 0
    outer loop
      vertex -20.3 -25 -1.35
      vertex -20.3 -25 1.35
      vertex -20.3 -22.5 -1.35
    endloop
  endfacet
  facet normal 0 0 1
    outer loop
      vertex -22.7 -25 -1.35
      vertex -20.3 -22.5 -1.35
      vertex -22.7 -22.5 -1.35
    endloop
  endfacet
  facet normal 1 0 0
    outer loop
      vertex -22.7 -22.5 -1.35
      vertex -22.7 -22.5 1.35
      vertex -22.7 -25 1.35
    endloop
  endfacet
  facet normal 0 0 -1
    outer loop
      vertex -22.7 -25 1.35
      vertex -22.7 -22.5 1.35
      vertex -20.3 -25 1.35
    endloop
  endfacet
  facet normal 0 0 -1
    outer loop
      vertex -22.7 -22.5 1.35
      vertex -20.3 -22.5 1.35
      vertex -20.3 -25 1.35
    endloop
  endfacet
  facet normal -1 0 0
    outer loop
      vertex -20.3 -22.5 -1.35
      vertex -20.3 -25 1.35
      vertex -20.3 -22.5 1.35
    endloop
  endfacet
  facet normal 1 0 0
    outer loop
      vertex -16.7 -25 -1.35
      vertex -16.7 -22.5 -1.35
      vertex -16.7 -25 1.35
    endloop
  endfacet
  facet normal 0 0 1
    outer loop
      vertex -16.7 -25 -1.35
      vertex -14.3 -25 -1.35
      vertex -14.3 -22.5 -1.35
    endloop
  endfacet
  facet normal 0 0 1
    outer loop
      vertex -16.7 -25 -1.35
      vertex -14.3 -22.5 -1.35
      vertex -16.7 -22.5 -1.35
    endloop
  endfacet
  facet normal -1 0 0
    outer loop
      vertex -14.3 -25 -1.35
      vertex -14.3 -22.5 1.35
      vertex -14.3 -22.5 -1.35
    endloop
  endfacet
  facet normal 0 0 -1
    outer loop
      vertex -16.7 -25 1.35
      vertex -16.7 -22.5 1.35
      vertex -14.3 -25 1.35
    endloop
  endfacet
  facet normal -1 0 0
    outer loop
      vertex -14.3 -25 -1.35
      vertex -14.3 -25 1.35
      vertex -14.3 -22.5 1.35
    endloop
  endfacet
  facet normal 1 0 0
    outer loop
      vertex -16.7 -22.5 -1.35
      vertex -16.7 -22.5 1.35
      vertex -16.7 -25 1.35
    endloop
  endfacet
  facet normal 0 0 -1
    outer loop
      vertex -14.3 -25 1.35
      vertex -16.7 -22.5 1.35
      vertex -14.3 -22.5 1.35
    endloop
  endfacet
  facet normal 1 0 0
    outer loop
      vertex -10.7 -25 -1.35
      vertex -10.7 -22.5 -1.35
      vertex -10.7 -25 1.35
    endloop
  endfacet
  facet normal 0 0 1
    outer loop
      vertex -10.7 -25 -1.35
      vertex -8.3 -25 -1.35
      vertex -8.3 -22.5 -1.35
    endloop
  endfacet
  facet normal -1 0 0
    outer loop
      vertex -8.3 -25 -1.35
      vertex -8.3 -25 1.35
      vertex -8.3 -22.5 -1.35
    endloop
  endfacet
  facet normal 0 0 1
    outer loop
      vertex -10.7 -25 -1.35
      vertex -8.3 -22.5 -1.35
      vertex -10.7 -22.5 -1.35
    endloop
  endfacet
  facet normal 0 0 -1
    outer loop
      vertex -10.7 -25 1.35
      vertex -10.7 -22.5 1.35
      vertex -8.3 -25 1.35
    endloop
  endfacet
  facet normal 1 0 0
    outer loop
      vertex -10.7 -22.5 -1.35
      vertex -10.7 -22.5 1.35
      vertex -10.7 -25 1.35
    endloop
  endfacet
  facet normal 0 0 -1
    outer loop
      vertex -8.3 -25 1.35
      vertex -10.7 -22.5 1.35
      vertex -8.3 -22.5 1.35
    endloop
  endfacet
  facet normal -1 0 0
    outer loop
      vertex -8.3 -22.5 -1.35
      vertex -8.3 -25 1.35
      vertex -8.3 -22.5 1.35
    endloop
  endfacet
  facet normal 0 0 1
    outer loop
      vertex -4.7 -25 -1.35
      vertex -2.3 -25 -1.35
      vertex -2.3 -22.5 -1.35
    endloop
  endfacet
  facet normal -1 0 0
    outer loop
      vertex -2.3 -25 -1.35
      vertex -2.3 -25 1.35
      vertex -2.3 -22.5 -1.35
    endloop
  endfacet
  facet normal 1 0 0
    outer loop
      vertex -4.7 -25 -1.35
      vertex -4.7 -22.5 -1.35
      vertex -4.7 -22.5 1.35
    endloop
  endfacet
  facet normal 0 0 1
    outer loop
      vertex -4.7 -25 -1.35
      vertex -2.3 -22.5 -1.35
      vertex -4.7 -22.5 -1.35
    endloop
  endfacet
  facet normal 1 0 0
    outer loop
      vertex -4.7 -25 -1.35
      vertex -4.7 -22.5 1.35
      vertex -4.7 -25 1.35
    endloop
  endfacet
  facet normal 0 0 -1
    outer loop
      vertex -4.7 -25 1.35
      vertex -4.7 -22.5 1.35
      vertex -2.3 -25 1.35
    endloop
  endfacet
  facet normal 0 0 -1
    outer loop
      vertex -2.3 -25 1.35
      vertex -4.7 -22.5 1.35
      vertex -2.3 -22.5 1.35
    endloop
  endfacet
  facet normal -1 0 0
    outer loop
      vertex -2.3 -22.5 -1.35
      vertex -2.3 -25 1.35
      vertex -2.3 -22.5 1.35
    endloop
  endfacet
  facet normal 0 0 1
    outer loop
      vertex 1.3 -25 -1.35
      vertex 3.7 -25 -1.35
      vertex 3.7 -22.5 -1.35
    endloop
  endfacet
  facet normal -1 0 0
    outer loop
      vertex 3.7 -25 -1.35
      vertex 3.7 -25 1.35
      vertex 3.7 -22.5 -1.35
    endloop
  endfacet
  facet normal 1 0 0
    outer loop
      vertex 1.3 -25 -1.35
      vertex 1.3 -22.5 -1.35
      vertex 1.3 -22.5 1.35
    endloop
  endfacet
  facet normal 0 0 1
    outer loop
      vertex 1.3 -25 -1.35
      vertex 3.7 -22.5 -1.35
      vertex 1.3 -22.5 -1.35
    endloop
  endfacet
  facet normal 1 0 0
    outer loop
      vertex 1.3 -25 -1.35
      vertex 1.3 -22.5 1.35
      vertex 1.3 -25 1.35
    endloop
  endfacet
  facet normal 0 0 -1
    outer loop
      vertex 1.3 -25 1.35
      vertex 1.3 -22.5 1.35
      vertex 3.7 -25 1.35
    endloop
  endfacet
  facet normal -1 0 0
    outer loop
      vertex 3.7 -22.5 -1.35
      vertex 3.7 -25 1.35
      vertex 3.7 -22.5 1.35
    endloop
  endfacet
  facet normal 0 0 -1
    outer loop
      vertex 3.7 -25 1.35
      vertex 1.3 -22.5 1.35
      vertex 3.7 -22.5 1.35
    endloop
  endfacet
  facet normal 0 0 1
    outer loop
      vertex 7.3 -25 -1.35
      vertex 9.7 -25 -1.35
      vertex 9.7 -22.5 -1.35
    endloop
  endfacet
  facet normal 0 0 1
    outer loop
      vertex 7.3 -25 -1.35
      vertex 9.7 -22.5 -1.35
      vertex 7.3 -22.5 -1.35
    endloop
  endfacet
  facet normal 1 0 0
    outer loop
      vertex 7.3 -25 -1.35
      vertex 7.3 -22.5 -1.35
      vertex 7.3 -22.5 1.35
    endloop
  endfacet
  facet normal -1 0 0
    outer loop
      vertex 9.7 -25 -1.35
      vertex 9.7 -22.5 1.35
      vertex 9.7 -22.5 -1.35
    endloop
  endfacet
  facet normal 1 0 0
    outer loop
      vertex 7.3 -25 -1.35
      vertex 7.3 -22.5 1.35
      vertex 7.3 -25 1.35
    endloop
  endfacet
  facet normal 0 0 -1
    outer loop
      vertex 7.3 -25 1.35
      vertex 7.3 -22.5 1.35
      vertex 9.7 -25 1.35
    endloop
  endfacet
  facet normal -1 0 0
    outer loop
      vertex 9.7 -25 -1.35
      vertex 9.7 -25 1.35
      vertex 9.7 -22.5 1.35
    endloop
  endfacet
  facet normal 0 0 -1
    outer loop
      vertex 9.7 -25 1.35
      vertex 7.3 -22.5 1.35
      vertex 9.7 -22.5 1.35
    endloop
  endfacet
  facet normal 1 0 0
    outer loop
      vertex 13.3 -25 -1.35
      vertex 13.3 -22.5 -1.35
      vertex 13.3 -25 1.35
    endloop
  endfacet
  facet normal 0 0 1
    outer loop
      vertex 13.3 -25 -1.35
      vertex 15.7 -25 -1.35
      vertex 15.7 -22.5 -1.35
    endloop
  endfacet
  facet normal 0 0 1
    outer loop
      vertex 13.3 -25 -1.35
      vertex 15.7 -22.5 -1.35
      vertex 13.3 -22.5 -1.35
    endloop
  endfacet
  facet normal -1 0 0
    outer loop
      vertex 15.7 -25 -1.35
      vertex 15.7 -22.5 1.35
      vertex 15.7 -22.5 -1.35
    endloop
  endfacet
  facet normal 0 0 -1
    outer loop
      vertex 13.3 -25 1.35
      vertex 13.3 -22.5 1.35
      vertex 15.7 -25 1.35
    endloop
  endfacet
  facet normal -1 0 0
    outer loop
      vertex 15.7 -25 -1.35
      vertex 15.7 -25 1.35
      vertex 15.7 -22.5 1.35
    endloop
  endfacet
  facet normal 1 0 0
    outer loop
      vertex 13.3 -22.5 -1.35
      vertex 13.3 -22.5 1.35
      vertex 13.3 -25 1.35
    endloop
  endfacet
  facet normal 0 0 -1
    outer loop
      vertex 15.7 -25 1.35
      vertex 13.3 -22.5 1.35
      vertex 15.7 -22.5 1.35
    endloop
  endfacet
  facet normal 1 0 0
    outer loop
      vertex 19.3 -25 -1.35
      vertex 19.3 -22.5 -1.35
      vertex 19.3 -25 1.35
    endloop
  endfacet
  facet normal 0 0 1
    outer loop
      vertex 19.3 -25 -1.35
      vertex 21.7 -25 -1.35
      vertex 21.7 -22.5 -1.35
    endloop
  endfacet
  facet normal 0 0 1
    outer loop
      vertex 19.3 -25 -1.35
      vertex 21.7 -22.5 -1.35
      vertex 19.3 -22.5 -1.35
    endloop
  endfacet
  facet normal -1 0 0
    outer loop
      vertex 21.7 -25 -1.35
      vertex 21.7 -22.5 1.35
      vertex 21.7 -22.5 -1.35
    endloop
  endfacet
  facet normal 0 0 -1
    outer loop
      vertex 19.3 -25 1.35
      vertex 19.3 -22.5 1.35
      vertex 21.7 -25 1.35
    endloop
  endfacet
  facet normal -1 0 0
    outer loop
      vertex 21.7 -25 -1.35
      vertex 21.7 -25 1.35
      vertex 21.7 -22.5 1.35
    endloop
  endfacet
  facet normal 1 0 0
    outer loop
      vertex 19.3 -22.5 -1.35
      vertex 19.3 -22.5 1.35
      vertex 19.3 -25 1.35
    endloop
  endfacet
  facet normal 0 0 -1
    outer loop
      vertex 21.7 -25 1.35
      vertex 19.3 -22.5 1.35
      vertex 21.7 -22.5 1.35
    endloop
  endfacet
  facet normal 1 0 0
    outer loop
      vertex 25.3 -25 -1.35
      vertex 25.3 -22.5 -1.35
      vertex 25.3 -25 1.35
    endloop
  endfacet
  facet normal 0 0 1
    outer loop
      vertex 25.3 -25 -1.35
      vertex 27.7 -25 -1.35
      vertex 27.7 -22.5 -1.35
    endloop
  endfacet
  facet normal 0 0 1
    outer loop
      vertex 25.3 -25 -1.35
      vertex 27.7 -22.5 -1.35
      vertex 25.3 -22.5 -1.35
    endloop
  endfacet
  facet normal -1 0 0
    outer loop
      vertex 27.7 -25 -1.35
      vertex 27.7 -22.5 1.35
      vertex 27.7 -22.5 -1.35
    endloop
  endfacet
  facet normal 0 0 -1
    outer loop
      vertex 25.3 -25 1.35
      vertex 25.3 -22.5 1.35
      vertex 27.7 -25 1.35
    endloop
  endfacet
  facet normal -1 0 0
    outer loop
      vertex 27.7 -25 -1.35
      vertex 27.7 -25 1.35
      vertex 27.7 -22.5 1.35
    endloop
  endfacet
  facet normal 1 0 0
    outer loop
      vertex 25.3 -22.5 -1.35
      vertex 25.3 -22.5 1.35
      vertex 25.3 -25 1.35
    endloop
  endfacet
  facet normal 0 0 -1
    outer loop
      vertex 27.7 -25 1.35
      vertex 25.3 -22.5 1.35
      vertex 27.7 -22.5 1.35
    endloop
  endfacet
  facet normal 1 0 0
    outer loop
      vertex 31.3 -25 -1.35
      vertex 31.3 -22.5 -1.35
      vertex 31.3 -25 1.35
    endloop
  endfacet
  facet normal 0 0 1
    outer loop
      vertex 31.3 -25 -1.35
      vertex 33.7 -25 -1.35
      vertex 33.7 -22.5 -1.35
    endloop
  endfacet
  facet normal 0 0 1
    outer loop
      vertex 31.3 -25 -1.35
      vertex 33.7 -22.5 -1.35
      vertex 31.3 -22.5 -1.35
    endloop
  endfacet
  facet normal -1 0 0
    outer loop
      vertex 33.7 -25 -1.35
      vertex 33.7 -22.5 1.35
      vertex 33.7 -22.5 -1.35
    endloop
  endfacet
  facet normal 0 0 -1
    outer loop
      vertex 31.3 -25 1.35
      vertex 31.3 -22.5 1.35
      vertex 33.7 -25 1.35
    endloop
  endfacet
  facet normal -1 0 0
    outer loop
      vertex 33.7 -25 -1.35
      vertex 33.7 -25 1.35
      vertex 33.7 -22.5 1.35
    endloop
  endfacet
  facet normal 1 0 0
    outer loop
      vertex 31.3 -22.5 -1.35
      vertex 31.3 -22.5 1.35
      vertex 31.3 -25 1.35
    endloop
  endfacet
  facet normal 0 0 -1
    outer loop
      vertex 33.7 -25 1.35
      vertex 31.3 -22.5 1.35
      vertex 33.7 -22.5 1.35
    endloop
  endfacet
  facet normal 1 0 0
    outer loop
      vertex 37.3 -25 -1.35
      vertex 37.3 -22.5 -1.35
      vertex 37.3 -25 1.35
    endloop
  endfacet
  facet normal 0 0 1
    outer loop
      vertex 37.3 -25 -1.35
      vertex 39.7 -25 -1.35
      vertex 39.7 -22.5 -1.35
    endloop
  endfacet
  facet normal 0 0 1
    outer loop
      vertex 37.3 -25 -1.35
      vertex 39.7 -22.5 -1.35
      vertex 37.3 -22.5 -1.35
    endloop
  endfacet
  facet normal -1 0 0
    outer loop
      vertex 39.7 -25 -1.35
      vertex 39.7 -22.5 1.35
      vertex 39.7 -22.5 -1.35
    endloop
  endfacet
  facet normal 0 0 -1
    outer loop
      vertex 37.3 -25 1.35
      vertex 37.3 -22.5 1.35
      vertex 39.7 -25 1.35
    endloop
  endfacet
  facet normal 1 0 0
    outer loop
      vertex 37.3 -22.5 -1.35
      vertex 37.3 -22.5 1.35
      vertex 37.3 -25 1.35
    endloop
  endfacet
  facet normal 0 0 -1
    outer loop
      vertex 37.3 -22.5 1.35
      vertex 39.7 -22.5 1.35
      vertex 39.7 -25 1.35
    endloop
  endfacet
  facet normal -1 0 0
    outer loop
      vertex 39.7 -25 -1.35
      vertex 39.7 -25 1.35
      vertex 39.7 -22.5 1.35
    endloop
  endfacet
  facet normal 1 0 0
    outer loop
      vertex 43.3 -25 -1.35
      vertex 43.3 -22.5 -1.35
      vertex 43.3 -25 1.35
    endloop
  endfacet
  facet normal 0 0 1
    outer loop
      vertex 43.3 -25 -1.35
      vertex 45.7 -25 -1.35
      vertex 45.7 -22.5 -1.35
    endloop
  endfacet
  facet normal 0 0 1
    outer loop
      vertex 43.3 -25 -1.35
      vertex 45.7 -22.5 -1.35
      vertex 43.3 -22.5 -1.35
    endloop
  endfacet
  facet normal -1 0 0
    outer loop
      vertex 45.7 -25 -1.35
      vertex 45.7 -22.5 1.35
      vertex 45.7 -22.5 -1.35
    endloop
  endfacet
  facet normal 0 0 -1
    outer loop
      vertex 43.3 -25 1.35
      vertex 43.3 -22.5 1.35
      vertex 45.7 -25 1.35
    endloop
  endfacet
  facet normal 1 0 0
    outer loop
      vertex 43.3 -22.5 -1.35
      vertex 43.3 -22.5 1.35
      vertex 43.3 -25 1.35
    endloop
  endfacet
  facet normal 0 0 -1
    outer loop
      vertex 43.3 -22.5 1.35
      vertex 45.7 -22.5 1.35
      vertex 45.7 -25 1.35
    endloop
  endfacet
  facet normal -1 0 0
    outer loop
      vertex 45.7 -25 -1.35
      vertex 45.7 -25 1.35
      vertex 45.7 -22.5 1.35
    endloop
  endfacet
  facet normal 1 0 0
    outer loop
      vertex 49.3 -25 -1.35
      vertex 49.3 -22.5 -1.35
      vertex 49.3 -25 1.35
    endloop
  endfacet
  facet normal 0 0 1
    outer loop
      vertex 49.3 -25 -1.35
      vertex 51.7 -22.5 -1.35
      vertex 49.3 -22.5 -1.35
    endloop
  endfacet
  facet normal 0 0 1
    outer loop
      vertex 49.3 -25 -1.35
      vertex 51.7 -25 -1.35
      vertex 51.7 -22.5 -1.35
    endloop
  endfacet
  facet normal -1 0 0
    outer loop
      vertex 51.7 -25 -1.35
      vertex 51.7 -22.5 1.35
      vertex 51.7 -22.5 -1.35
    endloop
  endfacet
  facet normal 0 0 -1
    outer loop
      vertex 49.3 -25 1.35
      vertex 49.3 -22.5 1.35
      vertex 51.7 -25 1.35
    endloop
  endfacet
  facet normal 1 0 0
    outer loop
      vertex 49.3 -22.5 -1.35
      vertex 49.3 -22.5 1.35
      vertex 49.3 -25 1.35
    endloop
  endfacet
  facet normal -1 0 0
    outer loop
      vertex 51.7 -25 -1.35
      vertex 51.7 -25 1.35
      vertex 51.7 -22.5 1.35
    endloop
  endfacet
  facet normal 0 0 -1
    outer loop
      vertex 49.3 -22.5 1.35
      vertex 51.7 -22.5 1.35
      vertex 51.7 -25 1.35
    endloop
  endfacet
  facet normal 1 0 0
    outer loop
      vertex 55.3 -25 -1.35
      vertex 55.3 -22.5 -1.35
      vertex 55.3 -25 1.35
    endloop
  endfacet
  facet normal 0 0 1
    outer loop
      vertex 55.3 -25 -1.35
      vertex 57.7 -22.5 -1.35
      vertex 55.3 -22.5 -1.35
    endloop
  endfacet
  facet normal 0 0 1
    outer loop
      vertex 55.3 -25 -1.35
      vertex 57.7 -25 -1.35
      vertex 57.7 -22.5 -1.35
    endloop
  endfacet
  facet normal -1 0 0
    outer loop
      vertex 57.7 -25 -1.35
      vertex 57.7 -22.5 1.35
      vertex 57.7 -22.5 -1.35
    endloop
  endfacet
  facet normal 0 0 -1
    outer loop
      vertex 55.3 -25 1.35
      vertex 55.3 -22.5 1.35
      vertex 57.7 -25 1.35
    endloop
  endfacet
  facet normal 1 0 0
    outer loop
      vertex 55.3 -22.5 -1.35
      vertex 55.3 -22.5 1.35
      vertex 55.3 -25 1.35
    endloop
  endfacet
  facet normal -1 0 0
    outer loop
      vertex 57.7 -25 -1.35
      vertex 57.7 -25 1.35
      vertex 57.7 -22.5 1.35
    endloop
  endfacet
  facet normal 0 0 -1
    outer loop
      vertex 55.3 -22.5 1.35
      vertex 57.7 -22.5 1.35
      vertex 57.7 -25 1.35
    endloop
  endfacet
  facet normal 1 0 0
    outer loop
      vertex 61.3 -25 -1.35
      vertex 61.3 -22.5 -1.35
      vertex 61.3 -25 1.35
    endloop
  endfacet
  facet normal 0 0 1
    outer loop
      vertex 61.3 -25 -1.35
      vertex 63.7 -25 -1.35
      vertex 63.7 -22.5 -1.35
    endloop
  endfacet
  facet normal 0 0 1
    outer loop
      vertex 61.3 -25 -1.35
      vertex 63.7 -22.5 -1.35
      vertex 61.3 -22.5 -1.35
    endloop
  endfacet
  facet normal -1 0 0
    outer loop
      vertex 63.7 -25 -1.35
      vertex 63.7 -22.5 1.35
      vertex 63.7 -22.5 -1.35
    endloop
  endfacet
  facet normal 1 0 0
    outer loop
      vertex 61.3 -22.5 -1.35
      vertex 61.3 -22.5 1.35
      vertex 61.3 -25 1.35
    endloop
  endfacet
  facet normal 0 0 -1
    outer loop
      vertex 61.3 -25 1.35
      vertex 61.3 -22.5 1.35
      vertex 63.7 -25 1.35
    endloop
  endfacet
  facet normal -1 0 0
    outer loop
      vertex 63.7 -25 -1.35
      vertex 63.7 -25 1.35
      vertex 63.7 -22.5 1.35
    endloop
  endfacet
  facet normal 0 0 -1
    outer loop
      vertex 61.3 -22.5 1.35
      vertex 63.7 -22.5 1.35
      vertex 63.7 -25 1.35
    endloop
  endfacet
  facet normal 1 0 0
    outer loop
      vertex -70.7 -2.85 -57.5
      vertex -70.7 -0.1499999999999999 -55
      vertex -70.7 -2.85 -55
    endloop
  endfacet
  facet normal 0 1 0
    outer loop
      vertex -70.7 -2.85 -57.5
      vertex -70.7 -2.85 -55
      vertex -68.3 -2.85 -57.5
    endloop
  endfacet
  facet normal 0 1 0
    outer loop
      vertex -70.7 -2.85 -55
      vertex -68.3 -2.85 -55
      vertex -68.3 -2.85 -57.5
    endloop
  endfacet
  facet normal -1 0 0
    outer loop
      vertex -68.3 -2.85 -57.5
      vertex -68.3 -2.85 -55
      vertex -68.3 -0.1499999999999999 -57.5
    endloop
  endfacet
  facet normal 1 0 0
    outer loop
      vertex -70.7 -2.85 -57.5
      vertex -70.7 -0.1499999999999999 -57.5
      vertex -70.7 -0.1499999999999999 -55
    endloop
  endfacet
  facet normal -1 0 0
    outer loop
      vertex -68.3 -2.85 -55
      vertex -68.3 -0.1499999999999999 -55
      vertex -68.3 -0.1499999999999999 -57.5
    endloop
  endfacet
  facet normal 0 -1 0
    outer loop
      vertex -70.7 -0.1499999999999999 -57.5
      vertex -68.3 -0.1499999999999999 -57.5
      vertex -68.3 -0.1499999999999999 -55
    endloop
  endfacet
  facet normal 0 -1 0
    outer loop
      vertex -70.7 -0.1499999999999999 -57.5
      vertex -68.3 -0.1499999999999999 -55
      vertex -70.7 -0.1499999999999999 -55
    endloop
  endfacet
  facet normal 1 0 0
    outer loop
      vertex -64.7 -2.85 -57.5
      vertex -64.7 -0.1499999999999999 -55
      vertex -64.7 -2.85 -55
    endloop
  endfacet
  facet normal 0 1 0
    outer loop
      vertex -64.7 -2.85 -57.5
      vertex -64.7 -2.85 -55
      vertex -62.3 -2.85 -57.5
    endloop
  endfacet
  facet normal 0 1 0
    outer loop
      vertex -64.7 -2.85 -55
      vertex -62.3 -2.85 -55
      vertex -62.3 -2.85 -57.5
    endloop
  endfacet
  facet normal -1 0 0
    outer loop
      vertex -62.3 -2.85 -57.5
      vertex -62.3 -2.85 -55
      vertex -62.3 -0.1499999999999999 -57.5
    endloop
  endfacet
  facet normal 1 0 0
    outer loop
      vertex -64.7 -2.85 -57.5
      vertex -64.7 -0.1499999999999999 -57.5
      vertex -64.7 -0.1499999999999999 -55
    endloop
  endfacet
  facet normal -1 0 0
    outer loop
      vertex -62.3 -2.85 -55
      vertex -62.3 -0.1499999999999999 -55
      vertex -62.3 -0.1499999999999999 -57.5
    endloop
  endfacet
  facet normal 0 -1 0
    outer loop
      vertex -64.7 -0.1499999999999999 -57.5
      vertex -62.3 -0.1499999999999999 -55
      vertex -64.7 -0.1499999999999999 -55
    endloop
  endfacet
  facet normal 0 -1 0
    outer loop
      vertex -64.7 -0.1499999999999999 -57.5
      vertex -62.3 -0.1499999999999999 -57.5
      vertex -62.3 -0.1499999999999999 -55
    endloop
  endfacet
  facet normal 0 1 0
    outer loop
      vertex -58.7 -2.85 -57.5
      vertex -58.7 -2.85 -55
      vertex -56.3 -2.85 -57.5
    endloop
  endfacet
  facet normal 0 1 0
    outer loop
      vertex -56.3 -2.85 -57.5
      vertex -58.7 -2.85 -55
      vertex -56.3 -2.85 -55
    endloop
  endfacet
  facet normal 1 0 0
    outer loop
      vertex -58.7 -2.85 -57.5
      vertex -58.7 -0.1499999999999999 -55
      vertex -58.7 -2.85 -55
    endloop
  endfacet
  facet normal -1 0 0
    outer loop
      vertex -56.3 -2.85 -57.5
      vertex -56.3 -2.85 -55
      vertex -56.3 -0.1499999999999999 -57.5
    endloop
  endfacet
  facet normal 1 0 0
    outer loop
      vertex -58.7 -2.85 -57.5
      vertex -58.7 -0.1499999999999999 -57.5
      vertex -58.7 -0.1499999999999999 -55
    endloop
  endfacet
  facet normal -1 0 0
    outer loop
      vertex -56.3 -2.85 -55
      vertex -56.3 -0.1499999999999999 -55
      vertex -56.3 -0.1499999999999999 -57.5
    endloop
  endfacet
  facet normal 0 -1 0
    outer loop
      vertex -58.7 -0.1499999999999999 -57.5
      vertex -56.3 -0.1499999999999999 -55
      vertex -58.7 -0.1499999999999999 -55
    endloop
  endfacet
  facet normal 0 -1 0
    outer loop
      vertex -58.7 -0.1499999999999999 -57.5
      vertex -56.3 -0.1499999999999999 -57.5
      vertex -56.3 -0.1499999999999999 -55
    endloop
  endfacet
  facet normal 0 1 0
    outer loop
      vertex -52.7 -2.85 -57.5
      vertex -52.7 -2.85 -55
      vertex -50.3 -2.85 -57.5
    endloop
  endfacet
  facet normal 0 1 0
    outer loop
      vertex -52.7 -2.85 -55
      vertex -50.3 -2.85 -55
      vertex -50.3 -2.85 -57.5
    endloop
  endfacet
  facet normal 1 0 0
    outer loop
      vertex -52.7 -2.85 -57.5
      vertex -52.7 -0.1499999999999999 -55
      vertex -52.7 -2.85 -55
    endloop
  endfacet
  facet normal -1 0 0
    outer loop
      vertex -50.3 -2.85 -57.5
      vertex -50.3 -2.85 -55
      vertex -50.3 -0.1499999999999999 -57.5
    endloop
  endfacet
  facet normal 1 0 0
    outer loop
      vertex -52.7 -2.85 -57.5
      vertex -52.7 -0.1499999999999999 -57.5
      vertex -52.7 -0.1499999999999999 -55
    endloop
  endfacet
  facet normal 0 -1 0
    outer loop
      vertex -52.7 -0.1499999999999999 -57.5
      vertex -50.3 -0.1499999999999999 -57.5
      vertex -50.3 -0.1499999999999999 -55
    endloop
  endfacet
  facet normal 0 -1 0
    outer loop
      vertex -52.7 -0.1499999999999999 -57.5
      vertex -50.3 -0.1499999999999999 -55
      vertex -52.7 -0.1499999999999999 -55
    endloop
  endfacet
  facet normal -1 0 0
    outer loop
      vertex -50.3 -2.85 -55
      vertex -50.3 -0.1499999999999999 -55
      vertex -50.3 -0.1499999999999999 -57.5
    endloop
  endfacet
  facet normal 0 1 0
    outer loop
      vertex -46.7 -2.85 -57.5
      vertex -46.7 -2.85 -55
      vertex -44.3 -2.85 -57.5
    endloop
  endfacet
  facet normal 0 1 0
    outer loop
      vertex -46.7 -2.85 -55
      vertex -44.3 -2.85 -55
      vertex -44.3 -2.85 -57.5
    endloop
  endfacet
  facet normal 1 0 0
    outer loop
      vertex -46.7 -2.85 -57.5
      vertex -46.7 -0.1499999999999999 -55
      vertex -46.7 -2.85 -55
    endloop
  endfacet
  facet normal -1 0 0
    outer loop
      vertex -44.3 -2.85 -57.5
      vertex -44.3 -2.85 -55
      vertex -44.3 -0.1499999999999999 -57.5
    endloop
  endfacet
  facet normal 1 0 0
    outer loop
      vertex -46.7 -2.85 -57.5
      vertex -46.7 -0.1499999999999999 -57.5
      vertex -46.7 -0.1499999999999999 -55
    endloop
  endfacet
  facet normal 0 -1 0
    outer loop
      vertex -46.7 -0.1499999999999999 -57.5
      vertex -44.3 -0.1499999999999999 -57.5
      vertex -44.3 -0.1499999999999999 -55
    endloop
  endfacet
  facet normal 0 -1 0
    outer loop
      vertex -46.7 -0.1499999999999999 -57.5
      vertex -44.3 -0.1499999999999999 -55
      vertex -46.7 -0.1499999999999999 -55
    endloop
  endfacet
  facet normal -1 0 0
    outer loop
      vertex -44.3 -2.85 -55
      vertex -44.3 -0.1499999999999999 -55
      vertex -44.3 -0.1499999999999999 -57.5
    endloop
  endfacet
  facet normal 0 1 0
    outer loop
      vertex -40.7 -2.85 -57.5
      vertex -40.7 -2.85 -55
      vertex -38.3 -2.85 -57.5
    endloop
  endfacet
  facet normal 1 0 0
    outer loop
      vertex -40.7 -2.85 -57.5
      vertex -40.7 -0.1499999999999999 -55
      vertex -40.7 -2.85 -55
    endloop
  endfacet
  facet normal 0 1 0
    outer loop
      vertex -40.7 -2.85 -55
      vertex -38.3 -2.85 -55
      vertex -38.3 -2.85 -57.5
    endloop
  endfacet
  facet normal -1 0 0
    outer loop
      vertex -38.3 -2.85 -57.5
      vertex -38.3 -2.85 -55
      vertex -38.3 -0.1499999999999999 -57.5
    endloop
  endfacet
  facet normal 1 0 0
    outer loop
      vertex -40.7 -2.85 -57.5
      vertex -40.7 -0.1499999999999999 -57.5
      vertex -40.7 -0.1499999999999999 -55
    endloop
  endfacet
  facet normal 0 -1 0
    outer loop
      vertex -40.7 -0.1499999999999999 -57.5
      vertex -38.3 -0.1499999999999999 -55
      vertex -40.7 -0.1499999999999999 -55
    endloop
  endfacet
  facet normal -1 0 0
    outer loop
      vertex -38.3 -2.85 -55
      vertex -38.3 -0.1499999999999999 -55
      vertex -38.3 -0.1499999999999999 -57.5
    endloop
  endfacet
  facet normal 0 -1 0
    outer loop
      vertex -40.7 -0.1499999999999999 -57.5
      vertex -38.3 -0.1499999999999999 -57.5
      vertex -38.3 -0.1499999999999999 -55
    endloop
  endfacet
  facet normal 0 1 0
    outer loop
      vertex -34.7 -2.85 -57.5
      vertex -34.7 -2.85 -55
      vertex -32.3 -2.85 -57.5
    endloop
  endfacet
  facet normal 1 0 0
    outer loop
      vertex -34.7 -2.85 -57.5
      vertex -34.7 -0.1499999999999999 -55
      vertex -34.7 -2.85 -55
    endloop
  endfacet
  facet normal 0 1 0
    outer loop
      vertex -34.7 -2.85 -55
      vertex -32.3 -2.85 -55
      vertex -32.3 -2.85 -57.5
    endloop
  endfacet
  facet normal -1 0 0
    outer loop
      vertex -32.3 -2.85 -57.5
      vertex -32.3 -2.85 -55
      vertex -32.3 -0.1499999999999999 -57.5
    endloop
  endfacet
  facet normal 1 0 0
    outer loop
      vertex -34.7 -2.85 -57.5
      vertex -34.7 -0.1499999999999999 -57.5
      vertex -34.7 -0.1499999999999999 -55
    endloop
  endfacet
  facet normal 0 -1 0
    outer loop
      vertex -34.7 -0.1499999999999999 -57.5
      vertex -32.3 -0.1499999999999999 -55
      vertex -34.7 -0.1499999999999999 -55
    endloop
  endfacet
  facet normal -1 0 0
    outer loop
      vertex -32.3 -2.85 -55
      vertex -32.3 -0.1499999999999999 -55
      vertex -32.3 -0.1499999999999999 -57.5
    endloop
  endfacet
  facet normal 0 -1 0
    outer loop
      vertex -34.7 -0.1499999999999999 -57.5
      vertex -32.3 -0.1499999999999999 -57.5
      vertex -32.3 -0.1499999999999999 -55
    endloop
  endfacet
  facet normal 1 0 0
    outer loop
      vertex -28.7 -2.85 -57.5
      vertex -28.7 -0.1499999999999999 -55
      vertex -28.7 -2.85 -55
    endloop
  endfacet
  facet normal 0 1 0
    outer loop
      vertex -28.7 -2.85 -57.5
      vertex -28.7 -2.85 -55
      vertex -26.3 -2.85 -57.5
    endloop
  endfacet
  facet normal 0 1 0
    outer loop
      vertex -28.7 -2.85 -55
      vertex -26.3 -2.85 -55
      vertex -26.3 -2.85 -57.5
    endloop
  endfacet
  facet normal -1 0 0
    outer loop
      vertex -26.3 -2.85 -57.5
      vertex -26.3 -2.85 -55
      vertex -26.3 -0.1499999999999999 -57.5
    endloop
  endfacet
  facet normal 1 0 0
    outer loop
      vertex -28.7 -2.85 -57.5
      vertex -28.7 -0.1499999999999999 -57.5
      vertex -28.7 -0.1499999999999999 -55
    endloop
  endfacet
  facet normal -1 0 0
    outer loop
      vertex -26.3 -2.85 -55
      vertex -26.3 -0.1499999999999999 -55
      vertex -26.3 -0.1499999999999999 -57.5
    endloop
  endfacet
  facet normal 0 -1 0
    outer loop
      vertex -28.7 -0.1499999999999999 -57.5
      vertex -26.3 -0.1499999999999999 -57.5
      vertex -26.3 -0.1499999999999999 -55
    endloop
  endfacet
  facet normal 0 -1 0
    outer loop
      vertex -28.7 -0.1499999999999999 -57.5
      vertex -26.3 -0.1499999999999999 -55
      vertex -28.7 -0.1499999999999999 -55
    endloop
  endfacet
  facet normal 1 0 0
    outer loop
      vertex -22.7 -2.85 -57.5
      vertex -22.7 -0.1499999999999999 -55
      vertex -22.7 -2.85 -55
    endloop
  endfacet
  facet normal 0 1 0
    outer loop
      vertex -22.7 -2.85 -57.5
      vertex -22.7 -2.85 -55
      vertex -20.3 -2.85 -57.5
    endloop
  endfacet
  facet normal 0 1 0
    outer loop
      vertex -22.7 -2.85 -55
      vertex -20.3 -2.85 -55
      vertex -20.3 -2.85 -57.5
    endloop
  endfacet
  facet normal -1 0 0
    outer loop
      vertex -20.3 -2.85 -57.5
      vertex -20.3 -2.85 -55
      vertex -20.3 -0.1499999999999999 -57.5
    endloop
  endfacet
  facet normal 1 0 0
    outer loop
      vertex -22.7 -2.85 -57.5
      vertex -22.7 -0.1499999999999999 -57.5
      vertex -22.7 -0.1499999999999999 -55
    endloop
  endfacet
  facet normal -1 0 0
    outer loop
      vertex -20.3 -2.85 -55
      vertex -20.3 -0.1499999999999999 -55
      vertex -20.3 -0.1499999999999999 -57.5
    endloop
  endfacet
  facet normal 0 -1 0
    outer loop
      vertex -22.7 -0.1499999999999999 -57.5
      vertex -20.3 -0.1499999999999999 -57.5
      vertex -20.3 -0.1499999999999999 -55
    endloop
  endfacet
  facet normal 0 -1 0
    outer loop
      vertex -22.7 -0.1499999999999999 -57.5
      vertex -20.3 -0.1499999999999999 -55
      vertex -22.7 -0.1499999999999999 -55
    endloop
  endfacet
  facet normal 0 1 0
    outer loop
      vertex -16.7 -2.85 -57.5
      vertex -16.7 -2.85 -55
      vertex -14.3 -2.85 -57.5
    endloop
  endfacet
  facet normal 0 1 0
    outer loop
      vertex -14.3 -2.85 -57.5
      vertex -16.7 -2.85 -55
      vertex -14.3 -2.85 -55
    endloop
  endfacet
  facet normal 1 0 0
    outer loop
      vertex -16.7 -2.85 -57.5
      vertex -16.7 -0.1499999999999999 -55
      vertex -16.7 -2.85 -55
    endloop
  endfacet
  facet normal -1 0 0
    outer loop
      vertex -14.3 -2.85 -57.5
      vertex -14.3 -2.85 -55
      vertex -14.3 -0.1499999999999999 -57.5
    endloop
  endfacet
  facet normal 1 0 0
    outer loop
      vertex -16.7 -2.85 -57.5
      vertex -16.7 -0.1499999999999999 -57.5
      vertex -16.7 -0.1499999999999999 -55
    endloop
  endfacet
  facet normal -1 0 0
    outer loop
      vertex -14.3 -2.85 -55
      vertex -14.3 -0.1499999999999999 -55
      vertex -14.3 -0.1499999999999999 -57.5
    endloop
  endfacet
  facet normal 0 -1 0
    outer loop
      vertex -16.7 -0.1499999999999999 -57.5
      vertex -14.3 -0.1499999999999999 -55
      vertex -16.7 -0.1499999999999999 -55
    endloop
  endfacet
  facet normal 0 -1 0
    outer loop
      vertex -16.7 -0.1499999999999999 -57.5
      vertex -14.3 -0.1499999999999999 -57.5
      vertex -14.3 -0.1499999999999999 -55
    endloop
  endfacet
  facet normal 0 1 0
    outer loop
      vertex -10.7 -2.85 -57.5
      vertex -10.7 -2.85 -55
      vertex -8.3 -2.85 -57.5
    endloop
  endfacet
  facet normal 0 1 0
    outer loop
      vertex -10.7 -2.85 -55
      vertex -8.3 -2.85 -55
      vertex -8.3 -2.85 -57.5
    endloop
  endfacet
  facet normal 1 0 0
    outer loop
      vertex -10.7 -2.85 -57.5
      vertex -10.7 -0.1499999999999999 -55
      vertex -10.7 -2.85 -55
    endloop
  endfacet
  facet normal -1 0 0
    outer loop
      vertex -8.3 -2.85 -57.5
      vertex -8.3 -2.85 -55
      vertex -8.3 -0.1499999999999999 -57.5
    endloop
  endfacet
  facet normal 1 0 0
    outer loop
      vertex -10.7 -2.85 -57.5
      vertex -10.7 -0.1499999999999999 -57.5
      vertex -10.7 -0.1499999999999999 -55
    endloop
  endfacet
  facet normal 0 -1 0
    outer loop
      vertex -10.7 -0.1499999999999999 -57.5
      vertex -8.3 -0.1499999999999999 -55
      vertex -10.7 -0.1499999999999999 -55
    endloop
  endfacet
  facet normal 0 -1 0
    outer loop
      vertex -10.7 -0.1499999999999999 -57.5
      vertex -8.3 -0.1499999999999999 -57.5
      vertex -8.3 -0.1499999999999999 -55
    endloop
  endfacet
  facet normal -1 0 0
    outer loop
      vertex -8.3 -2.85 -55
      vertex -8.3 -0.1499999999999999 -55
      vertex -8.3 -0.1499999999999999 -57.5
    endloop
  endfacet
  facet normal 0 1 0
    outer loop
      vertex -4.7 -2.85 -57.5
      vertex -4.7 -2.85 -55
      vertex -2.3 -2.85 -57.5
    endloop
  endfacet
  facet normal 0 1 0
    outer loop
      vertex -4.7 -2.85 -55
      vertex -2.3 -2.85 -55
      vertex -2.3 -2.85 -57.5
    endloop
  endfacet
  facet normal 1 0 0
    outer loop
      vertex -4.7 -2.85 -57.5
      vertex -4.7 -0.1499999999999999 -55
      vertex -4.7 -2.85 -55
    endloop
  endfacet
  facet normal -1 0 0
    outer loop
      vertex -2.3 -2.85 -57.5
      vertex -2.3 -2.85 -55
      vertex -2.3 -0.1499999999999999 -57.5
    endloop
  endfacet
  facet normal 1 0 0
    outer loop
      vertex -4.7 -2.85 -57.5
      vertex -4.7 -0.1499999999999999 -57.5
      vertex -4.7 -0.1499999999999999 -55
    endloop
  endfacet
  facet normal 0 -1 0
    outer loop
      vertex -4.7 -0.1499999999999999 -57.5
      vertex -2.3 -0.1499999999999999 -57.5
      vertex -2.3 -0.1499999999999999 -55
    endloop
  endfacet
  facet normal 0 -1 0
    outer loop
      vertex -4.7 -0.1499999999999999 -57.5
      vertex -2.3 -0.1499999999999999 -55
      vertex -4.7 -0.1499999999999999 -55
    endloop
  endfacet
  facet normal -1 0 0
    outer loop
      vertex -2.3 -2.85 -55
      vertex -2.3 -0.1499999999999999 -55
      vertex -2.3 -0.1499999999999999 -57.5
    endloop
  endfacet
  facet normal 0 1 0
    outer loop
      vertex 1.3 -2.85 -57.5
      vertex 1.3 -2.85 -55
      vertex 3.7 -2.85 -57.5
    endloop
  endfacet
  facet normal 1 0 0
    outer loop
      vertex 1.3 -2.85 -57.5
      vertex 1.3 -0.1499999999999999 -55
      vertex 1.3 -2.85 -55
    endloop
  endfacet
  facet normal 0 1 0
    outer loop
      vertex 1.3 -2.85 -55
      vertex 3.7 -2.85 -55
      vertex 3.7 -2.85 -57.5
    endloop
  endfacet
  facet normal -1 0 0
    outer loop
      vertex 3.7 -2.85 -57.5
      vertex 3.7 -2.85 -55
      vertex 3.7 -0.1499999999999999 -57.5
    endloop
  endfacet
  facet normal 1 0 0
    outer loop
      vertex 1.3 -2.85 -57.5
      vertex 1.3 -0.1499999999999999 -57.5
      vertex 1.3 -0.1499999999999999 -55
    endloop
  endfacet
  facet normal 0 -1 0
    outer loop
      vertex 1.3 -0.1499999999999999 -57.5
      vertex 3.7 -0.1499999999999999 -55
      vertex 1.3 -0.1499999999999999 -55
    endloop
  endfacet
  facet normal -1 0 0
    outer loop
      vertex 3.7 -2.85 -55
      vertex 3.7 -0.1499999999999999 -55
      vertex 3.7 -0.1499999999999999 -57.5
    endloop
  endfacet
  facet normal 0 -1 0
    outer loop
      vertex 1.3 -0.1499999999999999 -57.5
      vertex 3.7 -0.1499999999999999 -57.5
      vertex 3.7 -0.1499999999999999 -55
    endloop
  endfacet
  facet normal 0 1 0
    outer loop
      vertex 7.3 -2.85 -57.5
      vertex 7.3 -2.85 -55
      vertex 9.7 -2.85 -57.5
    endloop
  endfacet
  facet normal 1 0 0
    outer loop
      vertex 7.3 -2.85 -57.5
      vertex 7.3 -0.1499999999999999 -55
      vertex 7.3 -2.85 -55
    endloop
  endfacet
  facet normal 0 1 0
    outer loop
      vertex 7.3 -2.85 -55
      vertex 9.7 -2.85 -55
      vertex 9.7 -2.85 -57.5
    endloop
  endfacet
  facet normal -1 0 0
    outer loop
      vertex 9.7 -2.85 -57.5
      vertex 9.7 -2.85 -55
      vertex 9.7 -0.1499999999999999 -57.5
    endloop
  endfacet
  facet normal 1 0 0
    outer loop
      vertex 7.3 -2.85 -57.5
      vertex 7.3 -0.1499999999999999 -57.5
      vertex 7.3 -0.1499999999999999 -55
    endloop
  endfacet
  facet normal 0 -1 0
    outer loop
      vertex 7.3 -0.1499999999999999 -57.5
      vertex 9.7 -0.1499999999999999 -55
      vertex 7.3 -0.1499999999999999 -55
    endloop
  endfacet
  facet normal -1 0 0
    outer loop
      vertex 9.7 -2.85 -55
      vertex 9.7 -0.1499999999999999 -55
      vertex 9.7 -0.1499999999999999 -57.5
    endloop
  endfacet
  facet normal 0 -1 0
    outer loop
      vertex 7.3 -0.1499999999999999 -57.5
      vertex 9.7 -0.1499999999999999 -57.5
      vertex 9.7 -0.1499999999999999 -55
    endloop
  endfacet
  facet normal 1 0 0
    outer loop
      vertex 13.3 -2.85 -57.5
      vertex 13.3 -0.1499999999999999 -55
      vertex 13.3 -2.85 -55
    endloop
  endfacet
  facet normal 0 1 0
    outer loop
      vertex 13.3 -2.85 -57.5
      vertex 13.3 -2.85 -55
      vertex 15.7 -2.85 -57.5
    endloop
  endfacet
  facet normal 0 1 0
    outer loop
      vertex 13.3 -2.85 -55
      vertex 15.7 -2.85 -55
      vertex 15.7 -2.85 -57.5
    endloop
  endfacet
  facet normal -1 0 0
    outer loop
      vertex 15.7 -2.85 -57.5
      vertex 15.7 -2.85 -55
      vertex 15.7 -0.1499999999999999 -57.5
    endloop
  endfacet
  facet normal 1 0 0
    outer loop
      vertex 13.3 -2.85 -57.5
      vertex 13.3 -0.1499999999999999 -57.5
      vertex 13.3 -0.1499999999999999 -55
    endloop
  endfacet
  facet normal -1 0 0
    outer loop
      vertex 15.7 -2.85 -55
      vertex 15.7 -0.1499999999999999 -55
      vertex 15.7 -0.1499999999999999 -57.5
    endloop
  endfacet
  facet normal 0 -1 0
    outer loop
      vertex 13.3 -0.1499999999999999 -57.5
      vertex 15.7 -0.1499999999999999 -57.5
      vertex 15.7 -0.1499999999999999 -55
    endloop
  endfacet
  facet normal 0 -1 0
    outer loop
      vertex 13.3 -0.1499999999999999 -57.5
      vertex 15.7 -0.1499999999999999 -55
      vertex 13.3 -0.1499999999999999 -55
    endloop
  endfacet
  facet normal 1 0 0
    outer loop
      vertex 19.3 -2.85 -57.5
      vertex 19.3 -0.1499999999999999 -55
      vertex 19.3 -2.85 -55
    endloop
  endfacet
  facet normal 0 1 0
    outer loop
      vertex 19.3 -2.85 -57.5
      vertex 19.3 -2.85 -55
      vertex 21.7 -2.85 -57.5
    endloop
  endfacet
  facet normal 0 1 0
    outer loop
      vertex 19.3 -2.85 -55
      vertex 21.7 -2.85 -55
      vertex 21.7 -2.85 -57.5
    endloop
  endfacet
  facet normal -1 0 0
    outer loop
      vertex 21.7 -2.85 -57.5
      vertex 21.7 -2.85 -55
      vertex 21.7 -0.1499999999999999 -57.5
    endloop
  endfacet
  facet normal 1 0 0
    outer loop
      vertex 19.3 -2.85 -57.5
      vertex 19.3 -0.1499999999999999 -57.5
      vertex 19.3 -0.1499999999999999 -55
    endloop
  endfacet
  facet normal -1 0 0
    outer loop
      vertex 21.7 -2.85 -55
      vertex 21.7 -0.1499999999999999 -55
      vertex 21.7 -0.1499999999999999 -57.5
    endloop
  endfacet
  facet normal 0 -1 0
    outer loop
      vertex 19.3 -0.1499999999999999 -57.5
      vertex 21.7 -0.1499999999999999 -57.5
      vertex 21.7 -0.1499999999999999 -55
    endloop
  endfacet
  facet normal 0 -1 0
    outer loop
      vertex 19.3 -0.1499999999999999 -57.5
      vertex 21.7 -0.1499999999999999 -55
      vertex 19.3 -0.1499999999999999 -55
    endloop
  endfacet
  facet normal 1 0 0
    outer loop
      vertex 25.3 -2.85 -57.5
      vertex 25.3 -0.1499999999999999 -55
      vertex 25.3 -2.85 -55
    endloop
  endfacet
  facet normal 0 1 0
    outer loop
      vertex 25.3 -2.85 -57.5
      vertex 25.3 -2.85 -55
      vertex 27.7 -2.85 -57.5
    endloop
  endfacet
  facet normal 0 1 0
    outer loop
      vertex 25.3 -2.85 -55
      vertex 27.7 -2.85 -55
      vertex 27.7 -2.85 -57.5
    endloop
  endfacet
  facet normal -1 0 0
    outer loop
      vertex 27.7 -2.85 -57.5
      vertex 27.7 -2.85 -55
      vertex 27.7 -0.1499999999999999 -57.5
    endloop
  endfacet
  facet normal 1 0 0
    outer loop
      vertex 25.3 -2.85 -57.5
      vertex 25.3 -0.1499999999999999 -57.5
      vertex 25.3 -0.1499999999999999 -55
    endloop
  endfacet
  facet normal -1 0 0
    outer loop
      vertex 27.7 -2.85 -55
      vertex 27.7 -0.1499999999999999 -55
      vertex 27.7 -0.1499999999999999 -57.5
    endloop
  endfacet
  facet normal 0 -1 0
    outer loop
      vertex 25.3 -0.1499999999999999 -57.5
      vertex 27.7 -0.1499999999999999 -55
      vertex 25.3 -0.1499999999999999 -55
    endloop
  endfacet
  facet normal 0 -1 0
    outer loop
      vertex 25.3 -0.1499999999999999 -57.5
      vertex 27.7 -0.1499999999999999 -57.5
      vertex 27.7 -0.1499999999999999 -55
    endloop
  endfacet
  facet normal 0 1 0
    outer loop
      vertex 31.3 -2.85 -57.5
      vertex 31.3 -2.85 -55
      vertex 33.7 -2.85 -57.5
    endloop
  endfacet
  facet normal 0 1 0
    outer loop
      vertex 33.7 -2.85 -57.5
      vertex 31.3 -2.85 -55
      vertex 33.7 -2.85 -55
    endloop
  endfacet
  facet normal 1 0 0
    outer loop
      vertex 31.3 -2.85 -57.5
      vertex 31.3 -0.1499999999999999 -55
      vertex 31.3 -2.85 -55
    endloop
  endfacet
  facet normal -1 0 0
    outer loop
      vertex 33.7 -2.85 -57.5
      vertex 33.7 -2.85 -55
      vertex 33.7 -0.1499999999999999 -57.5
    endloop
  endfacet
  facet normal 1 0 0
    outer loop
      vertex 31.3 -2.85 -57.5
      vertex 31.3 -0.1499999999999999 -57.5
      vertex 31.3 -0.1499999999999999 -55
    endloop
  endfacet
  facet normal -1 0 0
    outer loop
      vertex 33.7 -2.85 -55
      vertex 33.7 -0.1499999999999999 -55
      vertex 33.7 -0.1499999999999999 -57.5
    endloop
  endfacet
  facet normal 0 -1 0
    outer loop
      vertex 31.3 -0.1499999999999999 -57.5
      vertex 33.7 -0.1499999999999999 -55
      vertex 31.3 -0.1499999999999999 -55
    endloop
  endfacet
  facet normal 0 -1 0
    outer loop
      vertex 31.3 -0.1499999999999999 -57.5
      vertex 33.7 -0.1499999999999999 -57.5
      vertex 33.7 -0.1499999999999999 -55
    endloop
  endfacet
  facet normal 0 1 0
    outer loop
      vertex 37.3 -2.85 -57.5
      vertex 37.3 -2.85 -55
      vertex 39.7 -2.85 -57.5
    endloop
  endfacet
  facet normal 0 1 0
    outer loop
      vertex 37.3 -2.85 -55
      vertex 39.7 -2.85 -55
      vertex 39.7 -2.85 -57.5
    endloop
  endfacet
  facet normal 1 0 0
    outer loop
      vertex 37.3 -2.85 -57.5
      vertex 37.3 -0.1499999999999999 -55
      vertex 37.3 -2.85 -55
    endloop
  endfacet
  facet normal -1 0 0
    outer loop
      vertex 39.7 -2.85 -57.5
      vertex 39.7 -2.85 -55
      vertex 39.7 -0.1499999999999999 -57.5
    endloop
  endfacet
  facet normal 1 0 0
    outer loop
      vertex 37.3 -2.85 -57.5
      vertex 37.3 -0.1499999999999999 -57.5
      vertex 37.3 -0.1499999999999999 -55
    endloop
  endfacet
  facet normal 0 -1 0
    outer loop
      vertex 37.3 -0.1499999999999999 -57.5
      vertex 39.7 -0.1499999999999999 -57.5
      vertex 39.7 -0.1499999999999999 -55
    endloop
  endfacet
  facet normal 0 -1 0
    outer loop
      vertex 37.3 -0.1499999999999999 -57.5
      vertex 39.7 -0.1499999999999999 -55
      vertex 37.3 -0.1499999999999999 -55
    endloop
  endfacet
  facet normal -1 0 0
    outer loop
      vertex 39.7 -2.85 -55
      vertex 39.7 -0.1499999999999999 -55
      vertex 39.7 -0.1499999999999999 -57.5
    endloop
  endfacet
  facet normal 0 1 0
    outer loop
      vertex 43.3 -2.85 -57.5
      vertex 43.3 -2.85 -55
      vertex 45.7 -2.85 -57.5
    endloop
  endfacet
  facet normal 0 1 0
    outer loop
      vertex 43.3 -2.85 -55
      vertex 45.7 -2.85 -55
      vertex 45.7 -2.85 -57.5
    endloop
  endfacet
  facet normal 1 0 0
    outer loop
      vertex 43.3 -2.85 -57.5
      vertex 43.3 -0.1499999999999999 -55
      vertex 43.3 -2.85 -55
    endloop
  endfacet
  facet normal -1 0 0
    outer loop
      vertex 45.7 -2.85 -57.5
      vertex 45.7 -2.85 -55
      vertex 45.7 -0.1499999999999999 -57.5
    endloop
  endfacet
  facet normal 1 0 0
    outer loop
      vertex 43.3 -2.85 -57.5
      vertex 43.3 -0.1499999999999999 -57.5
      vertex 43.3 -0.1499999999999999 -55
    endloop
  endfacet
  facet normal 0 -1 0
    outer loop
      vertex 43.3 -0.1499999999999999 -57.5
      vertex 45.7 -0.1499999999999999 -57.5
      vertex 45.7 -0.1499999999999999 -55
    endloop
  endfacet
  facet normal 0 -1 0
    outer loop
      vertex 43.3 -0.1499999999999999 -57.5
      vertex 45.7 -0.1499999999999999 -55
      vertex 43.3 -0.1499999999999999 -55
    endloop
  endfacet
  facet normal -1 0 0
    outer loop
      vertex 45.7 -2.85 -55
      vertex 45.7 -0.1499999999999999 -55
      vertex 45.7 -0.1499999999999999 -57.5
    endloop
  endfacet
  facet normal 0 1 0
    outer loop
      vertex 49.3 -2.85 -57.5
      vertex 49.3 -2.85 -55
      vertex 51.7 -2.85 -57.5
    endloop
  endfacet
  facet normal 1 0 0
    outer loop
      vertex 49.3 -2.85 -57.5
      vertex 49.3 -0.1499999999999999 -55
      vertex 49.3 -2.85 -55
    endloop
  endfacet
  facet normal 0 1 0
    outer loop
      vertex 49.3 -2.85 -55
      vertex 51.7 -2.85 -55
      vertex 51.7 -2.85 -57.5
    endloop
  endfacet
  facet normal -1 0 0
    outer loop
      vertex 51.7 -2.85 -57.5
      vertex 51.7 -2.85 -55
      vertex 51.7 -0.1499999999999999 -57.5
    endloop
  endfacet
  facet normal 1 0 0
    outer loop
      vertex 49.3 -2.85 -57.5
      vertex 49.3 -0.1499999999999999 -57.5
      vertex 49.3 -0.1499999999999999 -55
    endloop
  endfacet
  facet normal 0 -1 0
    outer loop
      vertex 49.3 -0.1499999999999999 -57.5
      vertex 51.7 -0.1499999999999999 -55
      vertex 49.3 -0.1499999999999999 -55
    endloop
  endfacet
  facet normal -1 0 0
    outer loop
      vertex 51.7 -2.85 -55
      vertex 51.7 -0.1499999999999999 -55
      vertex 51.7 -0.1499999999999999 -57.5
    endloop
  endfacet
  facet normal 0 -1 0
    outer loop
      vertex 49.3 -0.1499999999999999 -57.5
      vertex 51.7 -0.1499999999999999 -57.5
      vertex 51.7 -0.1499999999999999 -55
    endloop
  endfacet
  facet normal 0 1 0
    outer loop
      vertex 55.3 -2.85 -57.5
      vertex 55.3 -2.85 -55
      vertex 57.7 -2.85 -57.5
    endloop
  endfacet
  facet normal 1 0 0
    outer loop
      vertex 55.3 -2.85 -57.5
      vertex 55.3 -0.1499999999999999 -55
      vertex 55.3 -2.85 -55
    endloop
  endfacet
  facet normal 0 1 0
    outer loop
      vertex 55.3 -2.85 -55
      vertex 57.7 -2.85 -55
      vertex 57.7 -2.85 -57.5
    endloop
  endfacet
  facet normal -1 0 0
    outer loop
      vertex 57.7 -2.85 -57.5
      vertex 57.7 -2.85 -55
      vertex 57.7 -0.1499999999999999 -57.5
    endloop
  endfacet
  facet normal 1 0 0
    outer loop
      vertex 55.3 -2.85 -57.5
      vertex 55.3 -0.1499999999999999 -57.5
      vertex 55.3 -0.1499999999999999 -55
    endloop
  endfacet
  facet normal 0 -1 0
    outer loop
      vertex 55.3 -0.1499999999999999 -57.5
      vertex 57.7 -0.1499999999999999 -55
      vertex 55.3 -0.1499999999999999 -55
    endloop
  endfacet
  facet normal -1 0 0
    outer loop
      vertex 57.7 -2.85 -55
      vertex 57.7 -0.1499999999999999 -55
      vertex 57.7 -0.1499999999999999 -57.5
    endloop
  endfacet
  facet normal 0 -1 0
    outer loop
      vertex 55.3 -0.1499999999999999 -57.5
      vertex 57.7 -0.1499999999999999 -57.5
      vertex 57.7 -0.1499999999999999 -55
    endloop
  endfacet
  facet normal 1 0 0
    outer loop
      vertex 61.3 -2.85 -57.5
      vertex 61.3 -0.1499999999999999 -55
      vertex 61.3 -2.85 -55
    endloop
  endfacet
  facet normal 0 1 0
    outer loop
      vertex 61.3 -2.85 -57.5
      vertex 61.3 -2.85 -55
      vertex 63.7 -2.85 -57.5
    endloop
  endfacet
  facet normal 0 1 0
    outer loop
      vertex 61.3 -2.85 -55
      vertex 63.7 -2.85 -55
      vertex 63.7 -2.85 -57.5
    endloop
  endfacet
  facet normal -1 0 0
    outer loop
      vertex 63.7 -2.85 -57.5
      vertex 63.7 -2.85 -55
      vertex 63.7 -0.1499999999999999 -57.5
    endloop
  endfacet
  facet normal 1 0 0
    outer loop
      vertex 61.3 -2.85 -57.5
      vertex 61.3 -0.1499999999999999 -57.5
      vertex 61.3 -0.1499999999999999 -55
    endloop
  endfacet
  facet normal -1 0 0
    outer loop
      vertex 63.7 -2.85 -55
      vertex 63.7 -0.1499999999999999 -55
      vertex 63.7 -0.1499999999999999 -57.5
    endloop
  endfacet
  facet normal 0 -1 0
    outer loop
      vertex 61.3 -0.1499999999999999 -57.5
      vertex 63.7 -0.1499999999999999 -57.5
      vertex 63.7 -0.1499999999999999 -55
    endloop
  endfacet
  facet normal 0 -1 0
    outer loop
      vertex 61.3 -0.1499999999999999 -57.5
      vertex 63.7 -0.1499999999999999 -55
      vertex 61.3 -0.1499999999999999 -55
    endloop
  endfacet
  facet normal 0 1 0
    outer loop
      vertex -90 -13.7 -35
      vertex -87.5 -13.7 35
      vertex -87.5 -13.7 -35
    endloop
  endfacet
  facet normal 0 0 1
    outer loop
      vertex -90 -13.7 -35
      vertex -87.5 -13.7 -35
      vertex -90 -11.3 -35
    endloop
  endfacet
  facet normal 0 0 1
    outer loop
      vertex -87.5 -13.7 -35
      vertex -87.5 -11.3 -35
      vertex -90 -11.3 -35
    endloop
  endfacet
  facet normal 0 -1 0
    outer loop
      vertex -90 -11.3 -35
      vertex -87.5 -11.3 -35
      vertex -90 -11.3 35
    endloop
  endfacet
  facet normal 0 1 0
    outer loop
      vertex -90 -13.7 -35
      vertex -90 -13.7 35
      vertex -87.5 -13.7 35
    endloop
  endfacet
  facet normal 0 -1 0
    outer loop
      vertex -87.5 -11.3 -35
      vertex -87.5 -11.3 35
      vertex -90 -11.3 35
    endloop
  endfacet
  facet normal 0 0 -1
    outer loop
      vertex -90 -13.7 35
      vertex -87.5 -11.3 35
      vertex -87.5 -13.7 35
    endloop
  endfacet
  facet normal 0 0 -1
    outer loop
      vertex -90 -13.7 35
      vertex -90 -11.3 35
      vertex -87.5 -11.3 35
    endloop
  endfacet
  facet normal 0 1 0
    outer loop
      vertex 87.5 -13.7 -35
      vertex 90 -13.7 35
      vertex 90 -13.7 -35
    endloop
  endfacet
  facet normal 0 0 1
    outer loop
      vertex 87.5 -13.7 -35
      vertex 90 -13.7 -35
      vertex 87.5 -11.3 -35
    endloop
  endfacet
  facet normal 0 0 1
    outer loop
      vertex 90 -13.7 -35
      vertex 90 -11.3 -35
      vertex 87.5 -11.3 -35
    endloop
  endfacet
  facet normal 0 -1 0
    outer loop
      vertex 87.5 -11.3 -35
      vertex 90 -11.3 -35
      vertex 87.5 -11.3 35
    endloop
  endfacet
  facet normal 0 1 0
    outer loop
      vertex 87.5 -13.7 -35
      vertex 87.5 -13.7 35
      vertex 90 -13.7 35
    endloop
  endfacet
  facet normal 0 -1 0
    outer loop
      vertex 90 -11.3 -35
      vertex 90 -11.3 35
      vertex 87.5 -11.3 35
    endloop
  endfacet
  facet normal 0 0 -1
    outer loop
      vertex 87.5 -13.7 35
      vertex 90 -11.3 35
      vertex 90 -13.7 35
    endloop
  endfacet
  facet normal 0 0 -1
    outer loop
      vertex 87.5 -13.7 35
      vertex 87.5 -11.3 35
      vertex 90 -11.3 35
    endloop
  endfacet
  facet normal 0.4713967368260019 -9.292392128644061e-19 0.8819212643483527
    outer loop
      vertex -82.38891237283136 16.9 -50.330351379684075
      vertex -82.11229349178414 16.9 -50.47820725201806
      vertex -82.11229349178414 22 -50.47820725201806
    endloop
  endfacet
  facet normal 0.29028467725447027 4.555452512605565e-19 0.9569403357322064
    outer loop
      vertex -82.11229349178414 16.9 -50.47820725201806
      vertex -81.81214451522581 16.9 -50.56925644864517
      vertex -81.81214451522581 22 -50.56925644864517
    endloop
  endfacet
  facet normal 0.09801714032955908 -7.89475184246444e-20 0.9951847266721969
    outer loop
      vertex -81.81214451522581 16.9 -50.56925644864517
      vertex -81.5 16.9 -50.6
      vertex -81.5 22 -50.6
    endloop
  endfacet
  facet normal -0.09801714032955908 7.89475184246444e-20 0.9951847266721969
    outer loop
      vertex -81.5 16.9 -50.6
      vertex -81.18785548477419 16.9 -50.56925644864517
      vertex -81.18785548477419 22 -50.56925644864517
    endloop
  endfacet
  facet normal -0.29028467725447027 -4.555452512605565e-19 0.9569403357322064
    outer loop
      vertex -81.18785548477419 16.9 -50.56925644864517
      vertex -80.88770650821586 16.9 -50.47820725201806
      vertex -80.88770650821586 22 -50.47820725201806
    endloop
  endfacet
  facet normal -0.4713967368260019 9.292392128644061e-19 0.8819212643483527
    outer loop
      vertex -80.88770650821586 16.9 -50.47820725201806
      vertex -80.61108762716864 16.9 -50.330351379684075
      vertex -80.61108762716864 22 -50.330351379684075
    endloop
  endfacet
  facet normal 0.9569403357322083 0 0.29028467725446394
    outer loop
      vertex -82.97820725201805 16.9 -49.61229349178414
      vertex -82.97820725201805 22 -49.61229349178414
      vertex -83.06925644864516 16.9 -49.3121445152258
    endloop
  endfacet
  facet normal 0.9951847266721968 0 0.0980171403295613
    outer loop
      vertex -83.06925644864516 16.9 -49.3121445152258
      vertex -83.06925644864516 22 -49.3121445152258
      vertex -83.1 16.9 -49
    endloop
  endfacet
  facet normal 0.9951847266721968 0 -0.0980171403295613
    outer loop
      vertex -83.1 16.9 -49
      vertex -83.1 22 -49
      vertex -83.06925644864516 16.9 -48.6878554847742
    endloop
  endfacet
  facet normal 0.9569403357322083 0 -0.29028467725446394
    outer loop
      vertex -83.06925644864516 16.9 -48.6878554847742
      vertex -83.06925644864516 22 -48.6878554847742
      vertex -82.97820725201805 16.9 -48.38770650821586
    endloop
  endfacet
  facet normal 0.7730104533627271 0 0.6343932841636576
    outer loop
      vertex -82.63137084989847 16.9 -50.131370849898474
      vertex -82.63137084989847 22 -50.131370849898474
      vertex -82.83035137968407 16.9 -49.88891237283136
    endloop
  endfacet
  facet normal 0.6343932841636464 0 0.7730104533627361
    outer loop
      vertex -82.38891237283136 16.9 -50.330351379684075
      vertex -82.38891237283136 22 -50.330351379684075
      vertex -82.63137084989847 16.9 -50.131370849898474
    endloop
  endfacet
  facet normal 0.8819212643483673 -1.5655015777656951e-18 0.47139673682597494
    outer loop
      vertex -82.97820725201805 16.9 -49.61229349178414
      vertex -82.83035137968407 16.9 -49.88891237283136
      vertex -82.83035137968407 22 -49.88891237283136
    endloop
  endfacet
  facet normal 0.8819212643483673 0 -0.47139673682597494
    outer loop
      vertex -82.97820725201805 16.9 -48.38770650821586
      vertex -82.97820725201805 22 -48.38770650821586
      vertex -82.83035137968407 16.9 -48.11108762716864
    endloop
  endfacet
  facet normal 0.7730104533627271 0 -0.6343932841636576
    outer loop
      vertex -82.83035137968407 16.9 -48.11108762716864
      vertex -82.83035137968407 22 -48.11108762716864
      vertex -82.63137084989847 16.9 -47.868629150101526
    endloop
  endfacet
  facet normal 0.6343932841636464 0 -0.7730104533627361
    outer loop
      vertex -82.63137084989847 16.9 -47.868629150101526
      vertex -82.63137084989847 22 -47.868629150101526
      vertex -82.38891237283136 16.9 -47.669648620315925
    endloop
  endfacet
  facet normal 0.4713967368260019 0 -0.8819212643483527
    outer loop
      vertex -82.38891237283136 16.9 -47.669648620315925
      vertex -82.38891237283136 22 -47.669648620315925
      vertex -82.11229349178414 16.9 -47.52179274798194
    endloop
  endfacet
  facet normal 0.29028467725447027 0 -0.9569403357322064
    outer loop
      vertex -82.11229349178414 16.9 -47.52179274798194
      vertex -82.11229349178414 22 -47.52179274798194
      vertex -81.81214451522581 16.9 -47.43074355135483
    endloop
  endfacet
  facet normal 0.09801714032955908 0 -0.9951847266721969
    outer loop
      vertex -81.81214451522581 16.9 -47.43074355135483
      vertex -81.81214451522581 22 -47.43074355135483
      vertex -81.5 16.9 -47.4
    endloop
  endfacet
  facet normal -0.6343932841636464 -7.770239684840544e-19 0.7730104533627361
    outer loop
      vertex -80.61108762716864 16.9 -50.330351379684075
      vertex -80.36862915010153 16.9 -50.131370849898474
      vertex -80.36862915010153 22 -50.131370849898474
    endloop
  endfacet
  facet normal -0.7730104533627271 2.811245612078505e-19 0.6343932841636576
    outer loop
      vertex -80.36862915010153 16.9 -50.131370849898474
      vertex -80.16964862031593 16.9 -49.88891237283136
      vertex -80.16964862031593 22 -49.88891237283136
    endloop
  endfacet
  facet normal -0.8819212643483673 1.5655015777656951e-18 0.47139673682597494
    outer loop
      vertex -80.16964862031593 16.9 -49.88891237283136
      vertex -80.02179274798195 16.9 -49.61229349178414
      vertex -80.02179274798195 22 -49.61229349178414
    endloop
  endfacet
  facet normal -0.9569403357322083 5.611333844429556e-19 0.29028467725446394
    outer loop
      vertex -80.02179274798195 16.9 -49.61229349178414
      vertex -79.93074355135484 16.9 -49.3121445152258
      vertex -79.93074355135484 22 -49.3121445152258
    endloop
  endfacet
  facet normal -0.9951847266721968 1.5964513065108952e-19 0.0980171403295613
    outer loop
      vertex -79.93074355135484 16.9 -49.3121445152258
      vertex -79.9 16.9 -49
      vertex -79.9 22 -49
    endloop
  endfacet
  facet normal -0.9951847266721968 -1.5964513065108952e-19 -0.0980171403295613
    outer loop
      vertex -79.9 16.9 -49
      vertex -79.93074355135484 16.9 -48.6878554847742
      vertex -79.93074355135484 22 -48.6878554847742
    endloop
  endfacet
  facet normal -0.6343932841636464 0 -0.7730104533627361
    outer loop
      vertex -80.61108762716864 16.9 -47.669648620315925
      vertex -80.61108762716864 22 -47.669648620315925
      vertex -80.36862915010153 16.9 -47.868629150101526
    endloop
  endfacet
  facet normal -0.7730104533627271 -2.811245612078505e-19 -0.6343932841636576
    outer loop
      vertex -80.16964862031593 16.9 -48.11108762716864
      vertex -80.36862915010153 16.9 -47.868629150101526
      vertex -80.36862915010153 22 -47.868629150101526
    endloop
  endfacet
  facet normal -0.09801714032955908 0 -0.9951847266721969
    outer loop
      vertex -81.5 16.9 -47.4
      vertex -81.5 22 -47.4
      vertex -81.18785548477419 16.9 -47.43074355135483
    endloop
  endfacet
  facet normal -0.29028467725447027 0 -0.9569403357322064
    outer loop
      vertex -81.18785548477419 16.9 -47.43074355135483
      vertex -81.18785548477419 22 -47.43074355135483
      vertex -80.88770650821586 16.9 -47.52179274798194
    endloop
  endfacet
  facet normal -0.4713967368260019 -9.292392128644061e-19 -0.8819212643483527
    outer loop
      vertex -80.61108762716864 16.9 -47.669648620315925
      vertex -80.88770650821586 16.9 -47.52179274798194
      vertex -80.88770650821586 22 -47.52179274798194
    endloop
  endfacet
  facet normal -0.9569403357322083 -5.611333844429556e-19 -0.29028467725446394
    outer loop
      vertex -79.93074355135484 16.9 -48.6878554847742
      vertex -80.02179274798195 16.9 -48.38770650821586
      vertex -80.02179274798195 22 -48.38770650821586
    endloop
  endfacet
  facet normal -0.8819212643483673 0 -0.47139673682597494
    outer loop
      vertex -80.16964862031593 16.9 -48.11108762716864
      vertex -80.16964862031593 22 -48.11108762716864
      vertex -80.02179274798195 16.9 -48.38770650821586
    endloop
  endfacet
  facet normal 0.4713967368260019 0 0.8819212643483527
    outer loop
      vertex -82.38891237283136 16.9 -50.330351379684075
      vertex -82.11229349178414 22 -50.47820725201806
      vertex -82.38891237283136 22 -50.330351379684075
    endloop
  endfacet
  facet normal 0.29028467725447027 0 0.9569403357322064
    outer loop
      vertex -82.11229349178414 16.9 -50.47820725201806
      vertex -81.81214451522581 22 -50.56925644864517
      vertex -82.11229349178414 22 -50.47820725201806
    endloop
  endfacet
  facet normal 0.09801714032955908 0 0.9951847266721969
    outer loop
      vertex -81.81214451522581 16.9 -50.56925644864517
      vertex -81.5 22 -50.6
      vertex -81.81214451522581 22 -50.56925644864517
    endloop
  endfacet
  facet normal -0.09801714032955908 0 0.9951847266721969
    outer loop
      vertex -81.5 16.9 -50.6
      vertex -81.18785548477419 22 -50.56925644864517
      vertex -81.5 22 -50.6
    endloop
  endfacet
  facet normal -0.29028467725447027 0 0.9569403357322064
    outer loop
      vertex -81.18785548477419 16.9 -50.56925644864517
      vertex -80.88770650821586 22 -50.47820725201806
      vertex -81.18785548477419 22 -50.56925644864517
    endloop
  endfacet
  facet normal -0.4713967368260019 0 0.8819212643483527
    outer loop
      vertex -80.88770650821586 16.9 -50.47820725201806
      vertex -80.61108762716864 22 -50.330351379684075
      vertex -80.88770650821586 22 -50.47820725201806
    endloop
  endfacet
  facet normal 0.9569403357322083 0 0.29028467725446394
    outer loop
      vertex -83.06925644864516 16.9 -49.3121445152258
      vertex -82.97820725201805 22 -49.61229349178414
      vertex -83.06925644864516 22 -49.3121445152258
    endloop
  endfacet
  facet normal 0.9951847266721968 0 0.0980171403295613
    outer loop
      vertex -83.1 16.9 -49
      vertex -83.06925644864516 22 -49.3121445152258
      vertex -83.1 22 -49
    endloop
  endfacet
  facet normal 0.9951847266721968 0 -0.0980171403295613
    outer loop
      vertex -83.06925644864516 16.9 -48.6878554847742
      vertex -83.1 22 -49
      vertex -83.06925644864516 22 -48.6878554847742
    endloop
  endfacet
  facet normal 0.7730104533627271 0 0.6343932841636576
    outer loop
      vertex -82.83035137968407 16.9 -49.88891237283136
      vertex -82.63137084989847 22 -50.131370849898474
      vertex -82.83035137968407 22 -49.88891237283136
    endloop
  endfacet
  facet normal 0.6343932841636464 0 0.7730104533627361
    outer loop
      vertex -82.63137084989847 16.9 -50.131370849898474
      vertex -82.38891237283136 22 -50.330351379684075
      vertex -82.63137084989847 22 -50.131370849898474
    endloop
  endfacet
  facet normal 0.8819212643483673 0 0.47139673682597494
    outer loop
      vertex -82.97820725201805 16.9 -49.61229349178414
      vertex -82.83035137968407 22 -49.88891237283136
      vertex -82.97820725201805 22 -49.61229349178414
    endloop
  endfacet
  facet normal 0.9569403357322083 0 -0.29028467725446394
    outer loop
      vertex -82.97820725201805 16.9 -48.38770650821586
      vertex -83.06925644864516 22 -48.6878554847742
      vertex -82.97820725201805 22 -48.38770650821586
    endloop
  endfacet
  facet normal 0.8819212643483673 0 -0.47139673682597494
    outer loop
      vertex -82.83035137968407 16.9 -48.11108762716864
      vertex -82.97820725201805 22 -48.38770650821586
      vertex -82.83035137968407 22 -48.11108762716864
    endloop
  endfacet
  facet normal 0.7730104533627271 0 -0.6343932841636576
    outer loop
      vertex -82.63137084989847 16.9 -47.868629150101526
      vertex -82.83035137968407 22 -48.11108762716864
      vertex -82.63137084989847 22 -47.868629150101526
    endloop
  endfacet
  facet normal 0.6343932841636464 0 -0.7730104533627361
    outer loop
      vertex -82.38891237283136 16.9 -47.669648620315925
      vertex -82.63137084989847 22 -47.868629150101526
      vertex -82.38891237283136 22 -47.669648620315925
    endloop
  endfacet
  facet normal 0.4713967368260019 0 -0.8819212643483527
    outer loop
      vertex -82.11229349178414 16.9 -47.52179274798194
      vertex -82.38891237283136 22 -47.669648620315925
      vertex -82.11229349178414 22 -47.52179274798194
    endloop
  endfacet
  facet normal 0.29028467725447027 0 -0.9569403357322064
    outer loop
      vertex -81.81214451522581 16.9 -47.43074355135483
      vertex -82.11229349178414 22 -47.52179274798194
      vertex -81.81214451522581 22 -47.43074355135483
    endloop
  endfacet
  facet normal 0.09801714032955908 0 -0.9951847266721969
    outer loop
      vertex -81.5 16.9 -47.4
      vertex -81.81214451522581 22 -47.43074355135483
      vertex -81.5 22 -47.4
    endloop
  endfacet
  facet normal -0.6343932841636464 0 0.7730104533627361
    outer loop
      vertex -80.61108762716864 16.9 -50.330351379684075
      vertex -80.36862915010153 22 -50.131370849898474
      vertex -80.61108762716864 22 -50.330351379684075
    endloop
  endfacet
  facet normal -0.7730104533627271 0 0.6343932841636576
    outer loop
      vertex -80.36862915010153 16.9 -50.131370849898474
      vertex -80.16964862031593 22 -49.88891237283136
      vertex -80.36862915010153 22 -50.131370849898474
    endloop
  endfacet
  facet normal -0.8819212643483673 0 0.47139673682597494
    outer loop
      vertex -80.16964862031593 16.9 -49.88891237283136
      vertex -80.02179274798195 22 -49.61229349178414
      vertex -80.16964862031593 22 -49.88891237283136
    endloop
  endfacet
  facet normal -0.9569403357322083 0 0.29028467725446394
    outer loop
      vertex -80.02179274798195 16.9 -49.61229349178414
      vertex -79.93074355135484 22 -49.3121445152258
      vertex -80.02179274798195 22 -49.61229349178414
    endloop
  endfacet
  facet normal -0.9951847266721968 0 0.0980171403295613
    outer loop
      vertex -79.93074355135484 16.9 -49.3121445152258
      vertex -79.9 22 -49
      vertex -79.93074355135484 22 -49.3121445152258
    endloop
  endfacet
  facet normal -0.9951847266721968 0 -0.0980171403295613
    outer loop
      vertex -79.9 16.9 -49
      vertex -79.93074355135484 22 -48.6878554847742
      vertex -79.9 22 -49
    endloop
  endfacet
  facet normal -0.9569403357322083 0 -0.29028467725446394
    outer loop
      vertex -79.93074355135484 16.9 -48.6878554847742
      vertex -80.02179274798195 22 -48.38770650821586
      vertex -79.93074355135484 22 -48.6878554847742
    endloop
  endfacet
  facet normal -0.4713967368260019 0 -0.8819212643483527
    outer loop
      vertex -80.61108762716864 16.9 -47.669648620315925
      vertex -80.88770650821586 22 -47.52179274798194
      vertex -80.61108762716864 22 -47.669648620315925
    endloop
  endfacet
  facet normal -0.7730104533627271 0 -0.6343932841636576
    outer loop
      vertex -80.16964862031593 16.9 -48.11108762716864
      vertex -80.36862915010153 22 -47.868629150101526
      vertex -80.16964862031593 22 -48.11108762716864
    endloop
  endfacet
  facet normal -0.6343932841636464 0 -0.7730104533627361
    outer loop
      vertex -80.36862915010153 16.9 -47.868629150101526
      vertex -80.61108762716864 22 -47.669648620315925
      vertex -80.36862915010153 22 -47.868629150101526
    endloop
  endfacet
  facet normal -0.09801714032955908 0 -0.9951847266721969
    outer loop
      vertex -81.18785548477419 16.9 -47.43074355135483
      vertex -81.5 22 -47.4
      vertex -81.18785548477419 22 -47.43074355135483
    endloop
  endfacet
  facet normal -0.29028467725447027 0 -0.9569403357322064
    outer loop
      vertex -80.88770650821586 16.9 -47.52179274798194
      vertex -81.18785548477419 22 -47.43074355135483
      vertex -80.88770650821586 22 -47.52179274798194
    endloop
  endfacet
  facet normal -0.8819212643483673 0 -0.47139673682597494
    outer loop
      vertex -80.02179274798195 16.9 -48.38770650821586
      vertex -80.16964862031593 22 -48.11108762716864
      vertex -80.02179274798195 22 -48.38770650821586
    endloop
  endfacet
  facet normal 0.5000000000000008 3.663420352837751e-17 0.8660254037844384
    outer loop
      vertex -84.425 14 -50.68874953737966
      vertex -81.5 14 -52.377499074759314
      vertex -81.5 16.9 -52.377499074759314
    endloop
  endfacet
  facet normal 0.5000000000000008 0 0.8660254037844384
    outer loop
      vertex -84.425 14 -50.68874953737966
      vertex -81.5 16.9 -52.377499074759314
      vertex -84.425 16.9 -50.68874953737966
    endloop
  endfacet
  facet normal -0.5000000000000008 -3.663420352837751e-17 0.8660254037844384
    outer loop
      vertex -81.5 14 -52.377499074759314
      vertex -78.575 14 -50.68874953737966
      vertex -78.575 16.9 -50.68874953737966
    endloop
  endfacet
  facet normal -0.5000000000000008 0 0.8660254037844384
    outer loop
      vertex -81.5 14 -52.377499074759314
      vertex -78.575 16.9 -50.68874953737966
      vertex -81.5 16.9 -52.377499074759314
    endloop
  endfacet
  facet normal 1 0 0
    outer loop
      vertex -84.425 14 -50.68874953737966
      vertex -84.425 16.9 -50.68874953737966
      vertex -84.425 14 -47.31125046262034
    endloop
  endfacet
  facet normal 1 0 0
    outer loop
      vertex -84.425 14 -47.31125046262034
      vertex -84.425 16.9 -50.68874953737966
      vertex -84.425 16.9 -47.31125046262034
    endloop
  endfacet
  facet normal 0.5000000000000008 0 -0.8660254037844384
    outer loop
      vertex -84.425 14 -47.31125046262034
      vertex -84.425 16.9 -47.31125046262034
      vertex -81.5 14 -45.622500925240686
    endloop
  endfacet
  facet normal -0.5000000000000008 0 -0.8660254037844384
    outer loop
      vertex -78.575 14 -47.31125046262034
      vertex -81.5 16.9 -45.622500925240686
      vertex -78.575 16.9 -47.31125046262034
    endloop
  endfacet
  facet normal 0.5000000000000008 0 -0.8660254037844384
    outer loop
      vertex -81.5 14 -45.622500925240686
      vertex -84.425 16.9 -47.31125046262034
      vertex -81.5 16.9 -45.622500925240686
    endloop
  endfacet
  facet normal -0.5000000000000008 0 -0.8660254037844384
    outer loop
      vertex -81.5 14 -45.622500925240686
      vertex -81.5 16.9 -45.622500925240686
      vertex -78.575 14 -47.31125046262034
    endloop
  endfacet
  facet normal -1 0 0
    outer loop
      vertex -78.575 14 -50.68874953737966
      vertex -78.575 14 -47.31125046262034
      vertex -78.575 16.9 -47.31125046262034
    endloop
  endfacet
  facet normal -1 0 0
    outer loop
      vertex -78.575 14 -50.68874953737966
      vertex -78.575 16.9 -47.31125046262034
      vertex -78.575 16.9 -50.68874953737966
    endloop
  endfacet
  facet normal 0 -1 0
    outer loop
      vertex -84.425 16.9 -50.68874953737966
      vertex -82.38891237283136 16.9 -50.330351379684075
      vertex -82.63137084989847 16.9 -50.131370849898474
    endloop
  endfacet
  facet normal 0 -1 0
    outer loop
      vertex -84.425 16.9 -50.68874953737966
      vertex -82.11229349178414 16.9 -50.47820725201806
      vertex -82.38891237283136 16.9 -50.330351379684075
    endloop
  endfacet
  facet normal 0 -1 0
    outer loop
      vertex -84.425 16.9 -50.68874953737966
      vertex -81.81214451522581 16.9 -50.56925644864517
      vertex -82.11229349178414 16.9 -50.47820725201806
    endloop
  endfacet
  facet normal 0 -1 0
    outer loop
      vertex -84.425 16.9 -50.68874953737966
      vertex -81.5 16.9 -50.6
      vertex -81.81214451522581 16.9 -50.56925644864517
    endloop
  endfacet
  facet normal 0 -1 0
    outer loop
      vertex -84.425 16.9 -50.68874953737966
      vertex -81.5 16.9 -52.377499074759314
      vertex -78.575 16.9 -50.68874953737966
    endloop
  endfacet
  facet normal 0 -1 0
    outer loop
      vertex -84.425 16.9 -50.68874953737966
      vertex -78.575 16.9 -50.68874953737966
      vertex -81.5 16.9 -50.6
    endloop
  endfacet
  facet normal 0 -1 0
    outer loop
      vertex -81.5 16.9 -50.6
      vertex -78.575 16.9 -50.68874953737966
      vertex -81.18785548477419 16.9 -50.56925644864517
    endloop
  endfacet
  facet normal 0 -1 0
    outer loop
      vertex -81.18785548477419 16.9 -50.56925644864517
      vertex -78.575 16.9 -50.68874953737966
      vertex -80.88770650821586 16.9 -50.47820725201806
    endloop
  endfacet
  facet normal 0 -1 0
    outer loop
      vertex -80.88770650821586 16.9 -50.47820725201806
      vertex -78.575 16.9 -50.68874953737966
      vertex -80.61108762716864 16.9 -50.330351379684075
    endloop
  endfacet
  facet normal 0 -1 0
    outer loop
      vertex -80.61108762716864 16.9 -50.330351379684075
      vertex -78.575 16.9 -50.68874953737966
      vertex -80.36862915010153 16.9 -50.131370849898474
    endloop
  endfacet
  facet normal 0 -1 0
    outer loop
      vertex -84.425 16.9 -50.68874953737966
      vertex -82.83035137968407 16.9 -49.88891237283136
      vertex -82.97820725201805 16.9 -49.61229349178414
    endloop
  endfacet
  facet normal 0 -1 0
    outer loop
      vertex -84.425 16.9 -50.68874953737966
      vertex -82.97820725201805 16.9 -49.61229349178414
      vertex -83.06925644864516 16.9 -49.3121445152258
    endloop
  endfacet
  facet normal 0 -1 0
    outer loop
      vertex -84.425 16.9 -50.68874953737966
      vertex -82.63137084989847 16.9 -50.131370849898474
      vertex -82.83035137968407 16.9 -49.88891237283136
    endloop
  endfacet
  facet normal 0 -1 0
    outer loop
      vertex -84.425 16.9 -50.68874953737966
      vertex -83.06925644864516 16.9 -49.3121445152258
      vertex -83.1 16.9 -49
    endloop
  endfacet
  facet normal 0 -1 0
    outer loop
      vertex -84.425 16.9 -50.68874953737966
      vertex -83.1 16.9 -49
      vertex -83.06925644864516 16.9 -48.6878554847742
    endloop
  endfacet
  facet normal 0 -1 0
    outer loop
      vertex -84.425 16.9 -50.68874953737966
      vertex -83.06925644864516 16.9 -48.6878554847742
      vertex -84.425 16.9 -47.31125046262034
    endloop
  endfacet
  facet normal 0 -1 0
    outer loop
      vertex -84.425 16.9 -47.31125046262034
      vertex -83.06925644864516 16.9 -48.6878554847742
      vertex -82.97820725201805 16.9 -48.38770650821586
    endloop
  endfacet
  facet normal 0 -1 0
    outer loop
      vertex -84.425 16.9 -47.31125046262034
      vertex -82.97820725201805 16.9 -48.38770650821586
      vertex -82.83035137968407 16.9 -48.11108762716864
    endloop
  endfacet
  facet normal 0 -1 0
    outer loop
      vertex -84.425 16.9 -47.31125046262034
      vertex -82.83035137968407 16.9 -48.11108762716864
      vertex -82.63137084989847 16.9 -47.868629150101526
    endloop
  endfacet
  facet normal 0 -1 0
    outer loop
      vertex -84.425 16.9 -47.31125046262034
      vertex -82.63137084989847 16.9 -47.868629150101526
      vertex -82.38891237283136 16.9 -47.669648620315925
    endloop
  endfacet
  facet normal 0 -1 0
    outer loop
      vertex -84.425 16.9 -47.31125046262034
      vertex -82.38891237283136 16.9 -47.669648620315925
      vertex -82.11229349178414 16.9 -47.52179274798194
    endloop
  endfacet
  facet normal 0 -1 0
    outer loop
      vertex -84.425 16.9 -47.31125046262034
      vertex -82.11229349178414 16.9 -47.52179274798194
      vertex -81.81214451522581 16.9 -47.43074355135483
    endloop
  endfacet
  facet normal 0 -1 0
    outer loop
      vertex -84.425 16.9 -47.31125046262034
      vertex -81.81214451522581 16.9 -47.43074355135483
      vertex -81.5 16.9 -47.4
    endloop
  endfacet
  facet normal 0 -1 0
    outer loop
      vertex -80.36862915010153 16.9 -50.131370849898474
      vertex -78.575 16.9 -50.68874953737966
      vertex -80.16964862031593 16.9 -49.88891237283136
    endloop
  endfacet
  facet normal 0 -1 0
    outer loop
      vertex -80.16964862031593 16.9 -49.88891237283136
      vertex -78.575 16.9 -50.68874953737966
      vertex -80.02179274798195 16.9 -49.61229349178414
    endloop
  endfacet
  facet normal 0 -1 0
    outer loop
      vertex -80.02179274798195 16.9 -49.61229349178414
      vertex -78.575 16.9 -50.68874953737966
      vertex -79.93074355135484 16.9 -49.3121445152258
    endloop
  endfacet
  facet normal 0 -1 0
    outer loop
      vertex -79.93074355135484 16.9 -49.3121445152258
      vertex -78.575 16.9 -47.31125046262034
      vertex -79.9 16.9 -49
    endloop
  endfacet
  facet normal 0 -1 0
    outer loop
      vertex -79.93074355135484 16.9 -49.3121445152258
      vertex -78.575 16.9 -50.68874953737966
      vertex -78.575 16.9 -47.31125046262034
    endloop
  endfacet
  facet normal 0 -1 0
    outer loop
      vertex -84.425 16.9 -47.31125046262034
      vertex -81.5 16.9 -47.4
      vertex -78.575 16.9 -47.31125046262034
    endloop
  endfacet
  facet normal 0 -1 0
    outer loop
      vertex -84.425 16.9 -47.31125046262034
      vertex -78.575 16.9 -47.31125046262034
      vertex -81.5 16.9 -45.622500925240686
    endloop
  endfacet
  facet normal 0 -1 0
    outer loop
      vertex -81.18785548477419 16.9 -47.43074355135483
      vertex -80.88770650821586 16.9 -47.52179274798194
      vertex -78.575 16.9 -47.31125046262034
    endloop
  endfacet
  facet normal 0 -1 0
    outer loop
      vertex -81.5 16.9 -47.4
      vertex -81.18785548477419 16.9 -47.43074355135483
      vertex -78.575 16.9 -47.31125046262034
    endloop
  endfacet
  facet normal 0 -1 0
    outer loop
      vertex -79.9 16.9 -49
      vertex -78.575 16.9 -47.31125046262034
      vertex -79.93074355135484 16.9 -48.6878554847742
    endloop
  endfacet
  facet normal 0 -1 0
    outer loop
      vertex -79.93074355135484 16.9 -48.6878554847742
      vertex -78.575 16.9 -47.31125046262034
      vertex -80.02179274798195 16.9 -48.38770650821586
    endloop
  endfacet
  facet normal 0 -1 0
    outer loop
      vertex -80.16964862031593 16.9 -48.11108762716864
      vertex -80.02179274798195 16.9 -48.38770650821586
      vertex -78.575 16.9 -47.31125046262034
    endloop
  endfacet
  facet normal 0 -1 0
    outer loop
      vertex -80.16964862031593 16.9 -48.11108762716864
      vertex -78.575 16.9 -47.31125046262034
      vertex -80.36862915010153 16.9 -47.868629150101526
    endloop
  endfacet
  facet normal 0 -1 0
    outer loop
      vertex -80.61108762716864 16.9 -47.669648620315925
      vertex -78.575 16.9 -47.31125046262034
      vertex -80.88770650821586 16.9 -47.52179274798194
    endloop
  endfacet
  facet normal 0 -1 0
    outer loop
      vertex -80.61108762716864 16.9 -47.669648620315925
      vertex -80.36862915010153 16.9 -47.868629150101526
      vertex -78.575 16.9 -47.31125046262034
    endloop
  endfacet
  facet normal 0.9569403357322083 0 0.29028467725446394
    outer loop
      vertex -82.97820725201805 16.9 48.38770650821586
      vertex -82.97820725201805 22 48.38770650821586
      vertex -83.06925644864516 16.9 48.6878554847742
    endloop
  endfacet
  facet normal 0.4713967368260019 0 0.8819212643483527
    outer loop
      vertex -82.11229349178414 16.9 47.52179274798194
      vertex -82.11229349178414 22 47.52179274798194
      vertex -82.38891237283136 16.9 47.669648620315925
    endloop
  endfacet
  facet normal 0.29028467725447027 4.555452512605565e-19 0.9569403357322064
    outer loop
      vertex -82.11229349178414 16.9 47.52179274798194
      vertex -81.81214451522581 16.9 47.43074355135483
      vertex -81.81214451522581 22 47.43074355135483
    endloop
  endfacet
  facet normal 0.09801714032955908 -7.89475184246444e-20 0.9951847266721969
    outer loop
      vertex -81.81214451522581 16.9 47.43074355135483
      vertex -81.5 16.9 47.4
      vertex -81.5 22 47.4
    endloop
  endfacet
  facet normal 0.7730104533627271 0 0.6343932841636576
    outer loop
      vertex -82.63137084989847 16.9 47.868629150101526
      vertex -82.63137084989847 22 47.868629150101526
      vertex -82.83035137968407 16.9 48.11108762716864
    endloop
  endfacet
  facet normal 0.6343932841636464 7.770239684840544e-19 0.7730104533627361
    outer loop
      vertex -82.63137084989847 16.9 47.868629150101526
      vertex -82.38891237283136 16.9 47.669648620315925
      vertex -82.38891237283136 22 47.669648620315925
    endloop
  endfacet
  facet normal 0.8819212643483673 -1.5655015777656951e-18 0.47139673682597494
    outer loop
      vertex -82.97820725201805 16.9 48.38770650821586
      vertex -82.83035137968407 16.9 48.11108762716864
      vertex -82.83035137968407 22 48.11108762716864
    endloop
  endfacet
  facet normal 0.9951847266721968 0 0.0980171403295613
    outer loop
      vertex -83.06925644864516 16.9 48.6878554847742
      vertex -83.06925644864516 22 48.6878554847742
      vertex -83.1 16.9 49
    endloop
  endfacet
  facet normal 0.9951847266721968 0 -0.0980171403295613
    outer loop
      vertex -83.1 16.9 49
      vertex -83.1 22 49
      vertex -83.06925644864516 16.9 49.3121445152258
    endloop
  endfacet
  facet normal 0.9569403357322083 0 -0.29028467725446394
    outer loop
      vertex -83.06925644864516 16.9 49.3121445152258
      vertex -83.06925644864516 22 49.3121445152258
      vertex -82.97820725201805 16.9 49.61229349178414
    endloop
  endfacet
  facet normal 0.8819212643483673 0 -0.47139673682597494
    outer loop
      vertex -82.97820725201805 16.9 49.61229349178414
      vertex -82.97820725201805 22 49.61229349178414
      vertex -82.83035137968407 16.9 49.88891237283136
    endloop
  endfacet
  facet normal 0.7730104533627271 0 -0.6343932841636576
    outer loop
      vertex -82.83035137968407 16.9 49.88891237283136
      vertex -82.83035137968407 22 49.88891237283136
      vertex -82.63137084989847 16.9 50.131370849898474
    endloop
  endfacet
  facet normal 0.6343932841636464 0 -0.7730104533627361
    outer loop
      vertex -82.63137084989847 16.9 50.131370849898474
      vertex -82.63137084989847 22 50.131370849898474
      vertex -82.38891237283136 16.9 50.330351379684075
    endloop
  endfacet
  facet normal -0.09801714032955908 7.89475184246444e-20 0.9951847266721969
    outer loop
      vertex -81.5 16.9 47.4
      vertex -81.18785548477419 16.9 47.43074355135483
      vertex -81.18785548477419 22 47.43074355135483
    endloop
  endfacet
  facet normal -0.29028467725447027 -4.555452512605565e-19 0.9569403357322064
    outer loop
      vertex -81.18785548477419 16.9 47.43074355135483
      vertex -80.88770650821586 16.9 47.52179274798194
      vertex -80.88770650821586 22 47.52179274798194
    endloop
  endfacet
  facet normal -0.4713967368260019 9.292392128644061e-19 0.8819212643483527
    outer loop
      vertex -80.88770650821586 16.9 47.52179274798194
      vertex -80.61108762716864 16.9 47.669648620315925
      vertex -80.61108762716864 22 47.669648620315925
    endloop
  endfacet
  facet normal -0.6343932841636464 -7.770239684840544e-19 0.7730104533627361
    outer loop
      vertex -80.61108762716864 16.9 47.669648620315925
      vertex -80.36862915010153 16.9 47.868629150101526
      vertex -80.36862915010153 22 47.868629150101526
    endloop
  endfacet
  facet normal -0.7730104533627271 2.811245612078505e-19 0.6343932841636576
    outer loop
      vertex -80.36862915010153 16.9 47.868629150101526
      vertex -80.16964862031593 16.9 48.11108762716864
      vertex -80.16964862031593 22 48.11108762716864
    endloop
  endfacet
  facet normal -0.8819212643483673 1.5655015777656951e-18 0.47139673682597494
    outer loop
      vertex -80.16964862031593 16.9 48.11108762716864
      vertex -80.02179274798195 16.9 48.38770650821586
      vertex -80.02179274798195 22 48.38770650821586
    endloop
  endfacet
  facet normal -0.6343932841636464 7.770239684840544e-19 -0.7730104533627361
    outer loop
      vertex -80.36862915010153 16.9 50.131370849898474
      vertex -80.61108762716864 16.9 50.330351379684075
      vertex -80.61108762716864 22 50.330351379684075
    endloop
  endfacet
  facet normal -0.7730104533627271 -2.811245612078505e-19 -0.6343932841636576
    outer loop
      vertex -80.16964862031593 16.9 49.88891237283136
      vertex -80.36862915010153 16.9 50.131370849898474
      vertex -80.36862915010153 22 50.131370849898474
    endloop
  endfacet
  facet normal -0.9569403357322083 5.611333844429556e-19 0.29028467725446394
    outer loop
      vertex -80.02179274798195 16.9 48.38770650821586
      vertex -79.93074355135484 16.9 48.6878554847742
      vertex -79.93074355135484 22 48.6878554847742
    endloop
  endfacet
  facet normal -0.9951847266721968 1.5964513065108952e-19 0.0980171403295613
    outer loop
      vertex -79.93074355135484 16.9 48.6878554847742
      vertex -79.9 16.9 49
      vertex -79.9 22 49
    endloop
  endfacet
  facet normal -0.9951847266721968 -1.5964513065108952e-19 -0.0980171403295613
    outer loop
      vertex -79.9 16.9 49
      vertex -79.93074355135484 16.9 49.3121445152258
      vertex -79.93074355135484 22 49.3121445152258
    endloop
  endfacet
  facet normal -0.9569403357322083 -5.611333844429556e-19 -0.29028467725446394
    outer loop
      vertex -79.93074355135484 16.9 49.3121445152258
      vertex -80.02179274798195 16.9 49.61229349178414
      vertex -80.02179274798195 22 49.61229349178414
    endloop
  endfacet
  facet normal -0.8819212643483673 0 -0.47139673682597494
    outer loop
      vertex -80.16964862031593 16.9 49.88891237283136
      vertex -80.16964862031593 22 49.88891237283136
      vertex -80.02179274798195 16.9 49.61229349178414
    endloop
  endfacet
  facet normal 0.4713967368260019 0 -0.8819212643483527
    outer loop
      vertex -82.38891237283136 16.9 50.330351379684075
      vertex -82.38891237283136 22 50.330351379684075
      vertex -82.11229349178414 16.9 50.47820725201806
    endloop
  endfacet
  facet normal 0.29028467725447027 0 -0.9569403357322064
    outer loop
      vertex -82.11229349178414 16.9 50.47820725201806
      vertex -82.11229349178414 22 50.47820725201806
      vertex -81.81214451522581 16.9 50.56925644864517
    endloop
  endfacet
  facet normal 0.09801714032955908 0 -0.9951847266721969
    outer loop
      vertex -81.81214451522581 16.9 50.56925644864517
      vertex -81.81214451522581 22 50.56925644864517
      vertex -81.5 16.9 50.6
    endloop
  endfacet
  facet normal -0.09801714032955908 0 -0.9951847266721969
    outer loop
      vertex -81.5 16.9 50.6
      vertex -81.5 22 50.6
      vertex -81.18785548477419 16.9 50.56925644864517
    endloop
  endfacet
  facet normal -0.29028467725447027 4.555452512605565e-19 -0.9569403357322064
    outer loop
      vertex -80.88770650821586 16.9 50.47820725201806
      vertex -81.18785548477419 16.9 50.56925644864517
      vertex -81.18785548477419 22 50.56925644864517
    endloop
  endfacet
  facet normal -0.4713967368260019 0 -0.8819212643483527
    outer loop
      vertex -80.88770650821586 16.9 50.47820725201806
      vertex -80.88770650821586 22 50.47820725201806
      vertex -80.61108762716864 16.9 50.330351379684075
    endloop
  endfacet
  facet normal 0.29028467725447027 0 0.9569403357322064
    outer loop
      vertex -82.11229349178414 16.9 47.52179274798194
      vertex -81.81214451522581 22 47.43074355135483
      vertex -82.11229349178414 22 47.52179274798194
    endloop
  endfacet
  facet normal 0.09801714032955908 0 0.9951847266721969
    outer loop
      vertex -81.81214451522581 16.9 47.43074355135483
      vertex -81.5 22 47.4
      vertex -81.81214451522581 22 47.43074355135483
    endloop
  endfacet
  facet normal 0.7730104533627271 0 0.6343932841636576
    outer loop
      vertex -82.83035137968407 16.9 48.11108762716864
      vertex -82.63137084989847 22 47.868629150101526
      vertex -82.83035137968407 22 48.11108762716864
    endloop
  endfacet
  facet normal 0.6343932841636464 0 0.7730104533627361
    outer loop
      vertex -82.63137084989847 16.9 47.868629150101526
      vertex -82.38891237283136 22 47.669648620315925
      vertex -82.63137084989847 22 47.868629150101526
    endloop
  endfacet
  facet normal 0.4713967368260019 0 0.8819212643483527
    outer loop
      vertex -82.38891237283136 16.9 47.669648620315925
      vertex -82.11229349178414 22 47.52179274798194
      vertex -82.38891237283136 22 47.669648620315925
    endloop
  endfacet
  facet normal 0.8819212643483673 0 0.47139673682597494
    outer loop
      vertex -82.97820725201805 16.9 48.38770650821586
      vertex -82.83035137968407 22 48.11108762716864
      vertex -82.97820725201805 22 48.38770650821586
    endloop
  endfacet
  facet normal 0.9569403357322083 0 0.29028467725446394
    outer loop
      vertex -83.06925644864516 16.9 48.6878554847742
      vertex -82.97820725201805 22 48.38770650821586
      vertex -83.06925644864516 22 48.6878554847742
    endloop
  endfacet
  facet normal 0.9951847266721968 0 0.0980171403295613
    outer loop
      vertex -83.1 16.9 49
      vertex -83.06925644864516 22 48.6878554847742
      vertex -83.1 22 49
    endloop
  endfacet
  facet normal 0.9951847266721968 0 -0.0980171403295613
    outer loop
      vertex -83.06925644864516 16.9 49.3121445152258
      vertex -83.1 22 49
      vertex -83.06925644864516 22 49.3121445152258
    endloop
  endfacet
  facet normal 0.9569403357322083 0 -0.29028467725446394
    outer loop
      vertex -82.97820725201805 16.9 49.61229349178414
      vertex -83.06925644864516 22 49.3121445152258
      vertex -82.97820725201805 22 49.61229349178414
    endloop
  endfacet
  facet normal 0.8819212643483673 0 -0.47139673682597494
    outer loop
      vertex -82.83035137968407 16.9 49.88891237283136
      vertex -82.97820725201805 22 49.61229349178414
      vertex -82.83035137968407 22 49.88891237283136
    endloop
  endfacet
  facet normal 0.7730104533627271 0 -0.6343932841636576
    outer loop
      vertex -82.63137084989847 16.9 50.131370849898474
      vertex -82.83035137968407 22 49.88891237283136
      vertex -82.63137084989847 22 50.131370849898474
    endloop
  endfacet
  facet normal 0.6343932841636464 0 -0.7730104533627361
    outer loop
      vertex -82.38891237283136 16.9 50.330351379684075
      vertex -82.63137084989847 22 50.131370849898474
      vertex -82.38891237283136 22 50.330351379684075
    endloop
  endfacet
  facet normal -0.09801714032955908 0 0.9951847266721969
    outer loop
      vertex -81.5 16.9 47.4
      vertex -81.18785548477419 22 47.43074355135483
      vertex -81.5 22 47.4
    endloop
  endfacet
  facet normal -0.29028467725447027 0 0.9569403357322064
    outer loop
      vertex -81.18785548477419 16.9 47.43074355135483
      vertex -80.88770650821586 22 47.52179274798194
      vertex -81.18785548477419 22 47.43074355135483
    endloop
  endfacet
  facet normal -0.4713967368260019 0 0.8819212643483527
    outer loop
      vertex -80.88770650821586 16.9 47.52179274798194
      vertex -80.61108762716864 22 47.669648620315925
      vertex -80.88770650821586 22 47.52179274798194
    endloop
  endfacet
  facet normal -0.6343932841636464 0 0.7730104533627361
    outer loop
      vertex -80.61108762716864 16.9 47.669648620315925
      vertex -80.36862915010153 22 47.868629150101526
      vertex -80.61108762716864 22 47.669648620315925
    endloop
  endfacet
  facet normal -0.7730104533627271 0 0.6343932841636576
    outer loop
      vertex -80.36862915010153 16.9 47.868629150101526
      vertex -80.16964862031593 22 48.11108762716864
      vertex -80.36862915010153 22 47.868629150101526
    endloop
  endfacet
  facet normal -0.8819212643483673 0 0.47139673682597494
    outer loop
      vertex -80.16964862031593 16.9 48.11108762716864
      vertex -80.02179274798195 22 48.38770650821586
      vertex -80.16964862031593 22 48.11108762716864
    endloop
  endfacet
  facet normal -0.9569403357322083 0 0.29028467725446394
    outer loop
      vertex -80.02179274798195 16.9 48.38770650821586
      vertex -79.93074355135484 22 48.6878554847742
      vertex -80.02179274798195 22 48.38770650821586
    endloop
  endfacet
  facet normal -0.7730104533627271 0 -0.6343932841636576
    outer loop
      vertex -80.16964862031593 16.9 49.88891237283136
      vertex -80.36862915010153 22 50.131370849898474
      vertex -80.16964862031593 22 49.88891237283136
    endloop
  endfacet
  facet normal -0.6343932841636464 0 -0.7730104533627361
    outer loop
      vertex -80.36862915010153 16.9 50.131370849898474
      vertex -80.61108762716864 22 50.330351379684075
      vertex -80.36862915010153 22 50.131370849898474
    endloop
  endfacet
  facet normal -0.9951847266721968 0 0.0980171403295613
    outer loop
      vertex -79.93074355135484 16.9 48.6878554847742
      vertex -79.9 22 49
      vertex -79.93074355135484 22 48.6878554847742
    endloop
  endfacet
  facet normal -0.9951847266721968 0 -0.0980171403295613
    outer loop
      vertex -79.9 16.9 49
      vertex -79.93074355135484 22 49.3121445152258
      vertex -79.9 22 49
    endloop
  endfacet
  facet normal -0.9569403357322083 0 -0.29028467725446394
    outer loop
      vertex -79.93074355135484 16.9 49.3121445152258
      vertex -80.02179274798195 22 49.61229349178414
      vertex -79.93074355135484 22 49.3121445152258
    endloop
  endfacet
  facet normal -0.8819212643483673 0 -0.47139673682597494
    outer loop
      vertex -80.02179274798195 16.9 49.61229349178414
      vertex -80.16964862031593 22 49.88891237283136
      vertex -80.02179274798195 22 49.61229349178414
    endloop
  endfacet
  facet normal 0.4713967368260019 0 -0.8819212643483527
    outer loop
      vertex -82.11229349178414 16.9 50.47820725201806
      vertex -82.38891237283136 22 50.330351379684075
      vertex -82.11229349178414 22 50.47820725201806
    endloop
  endfacet
  facet normal 0.29028467725447027 0 -0.9569403357322064
    outer loop
      vertex -81.81214451522581 16.9 50.56925644864517
      vertex -82.11229349178414 22 50.47820725201806
      vertex -81.81214451522581 22 50.56925644864517
    endloop
  endfacet
  facet normal 0.09801714032955908 0 -0.9951847266721969
    outer loop
      vertex -81.5 16.9 50.6
      vertex -81.81214451522581 22 50.56925644864517
      vertex -81.5 22 50.6
    endloop
  endfacet
  facet normal -0.09801714032955908 0 -0.9951847266721969
    outer loop
      vertex -81.18785548477419 16.9 50.56925644864517
      vertex -81.5 22 50.6
      vertex -81.18785548477419 22 50.56925644864517
    endloop
  endfacet
  facet normal -0.29028467725447027 0 -0.9569403357322064
    outer loop
      vertex -80.88770650821586 16.9 50.47820725201806
      vertex -81.18785548477419 22 50.56925644864517
      vertex -80.88770650821586 22 50.47820725201806
    endloop
  endfacet
  facet normal -0.4713967368260019 0 -0.8819212643483527
    outer loop
      vertex -80.61108762716864 16.9 50.330351379684075
      vertex -80.88770650821586 22 50.47820725201806
      vertex -80.61108762716864 22 50.330351379684075
    endloop
  endfacet
  facet normal 1 0 0
    outer loop
      vertex -84.425 14 47.31125046262034
      vertex -84.425 16.9 47.31125046262034
      vertex -84.425 14 50.68874953737966
    endloop
  endfacet
  facet normal 1 0 0
    outer loop
      vertex -84.425 14 50.68874953737966
      vertex -84.425 16.9 47.31125046262034
      vertex -84.425 16.9 50.68874953737966
    endloop
  endfacet
  facet normal 0.5000000000000008 3.663420352837751e-17 0.8660254037844384
    outer loop
      vertex -84.425 14 47.31125046262034
      vertex -81.5 14 45.622500925240686
      vertex -81.5 16.9 45.622500925240686
    endloop
  endfacet
  facet normal -0.5000000000000008 0 0.8660254037844384
    outer loop
      vertex -81.5 14 45.622500925240686
      vertex -78.575 16.9 47.31125046262034
      vertex -81.5 16.9 45.622500925240686
    endloop
  endfacet
  facet normal 0.5000000000000008 0 0.8660254037844384
    outer loop
      vertex -84.425 14 47.31125046262034
      vertex -81.5 16.9 45.622500925240686
      vertex -84.425 16.9 47.31125046262034
    endloop
  endfacet
  facet normal -0.5000000000000008 -3.663420352837751e-17 0.8660254037844384
    outer loop
      vertex -81.5 14 45.622500925240686
      vertex -78.575 14 47.31125046262034
      vertex -78.575 16.9 47.31125046262034
    endloop
  endfacet
  facet normal 0.5000000000000008 0 -0.8660254037844384
    outer loop
      vertex -84.425 14 50.68874953737966
      vertex -84.425 16.9 50.68874953737966
      vertex -81.5 14 52.377499074759314
    endloop
  endfacet
  facet normal 0.5000000000000008 0 -0.8660254037844384
    outer loop
      vertex -81.5 14 52.377499074759314
      vertex -84.425 16.9 50.68874953737966
      vertex -81.5 16.9 52.377499074759314
    endloop
  endfacet
  facet normal -0.5000000000000008 0 -0.8660254037844384
    outer loop
      vertex -81.5 14 52.377499074759314
      vertex -81.5 16.9 52.377499074759314
      vertex -78.575 14 50.68874953737966
    endloop
  endfacet
  facet normal -0.5000000000000008 0 -0.8660254037844384
    outer loop
      vertex -78.575 14 50.68874953737966
      vertex -81.5 16.9 52.377499074759314
      vertex -78.575 16.9 50.68874953737966
    endloop
  endfacet
  facet normal -1 0 0
    outer loop
      vertex -78.575 14 47.31125046262034
      vertex -78.575 14 50.68874953737966
      vertex -78.575 16.9 50.68874953737966
    endloop
  endfacet
  facet normal -1 0 0
    outer loop
      vertex -78.575 14 47.31125046262034
      vertex -78.575 16.9 50.68874953737966
      vertex -78.575 16.9 47.31125046262034
    endloop
  endfacet
  facet normal 0 -1 0
    outer loop
      vertex -84.425 16.9 47.31125046262034
      vertex -82.38891237283136 16.9 47.669648620315925
      vertex -82.63137084989847 16.9 47.868629150101526
    endloop
  endfacet
  facet normal 0 -1 0
    outer loop
      vertex -84.425 16.9 47.31125046262034
      vertex -82.11229349178414 16.9 47.52179274798194
      vertex -82.38891237283136 16.9 47.669648620315925
    endloop
  endfacet
  facet normal 0 -1 0
    outer loop
      vertex -84.425 16.9 47.31125046262034
      vertex -82.83035137968407 16.9 48.11108762716864
      vertex -82.97820725201805 16.9 48.38770650821586
    endloop
  endfacet
  facet normal 0 -1 0
    outer loop
      vertex -84.425 16.9 47.31125046262034
      vertex -82.63137084989847 16.9 47.868629150101526
      vertex -82.83035137968407 16.9 48.11108762716864
    endloop
  endfacet
  facet normal 0 -1 0
    outer loop
      vertex -84.425 16.9 47.31125046262034
      vertex -82.97820725201805 16.9 48.38770650821586
      vertex -83.06925644864516 16.9 48.6878554847742
    endloop
  endfacet
  facet normal 0 -1 0
    outer loop
      vertex -84.425 16.9 47.31125046262034
      vertex -83.06925644864516 16.9 48.6878554847742
      vertex -83.1 16.9 49
    endloop
  endfacet
  facet normal 0 -1 0
    outer loop
      vertex -84.425 16.9 47.31125046262034
      vertex -81.81214451522581 16.9 47.43074355135483
      vertex -82.11229349178414 16.9 47.52179274798194
    endloop
  endfacet
  facet normal 0 -1 0
    outer loop
      vertex -84.425 16.9 47.31125046262034
      vertex -81.5 16.9 47.4
      vertex -81.81214451522581 16.9 47.43074355135483
    endloop
  endfacet
  facet normal 0 -1 0
    outer loop
      vertex -84.425 16.9 47.31125046262034
      vertex -83.06925644864516 16.9 49.3121445152258
      vertex -84.425 16.9 50.68874953737966
    endloop
  endfacet
  facet normal 0 -1 0
    outer loop
      vertex -84.425 16.9 47.31125046262034
      vertex -83.1 16.9 49
      vertex -83.06925644864516 16.9 49.3121445152258
    endloop
  endfacet
  facet normal 0 -1 0
    outer loop
      vertex -83.06925644864516 16.9 49.3121445152258
      vertex -82.97820725201805 16.9 49.61229349178414
      vertex -84.425 16.9 50.68874953737966
    endloop
  endfacet
  facet normal 0 -1 0
    outer loop
      vertex -82.97820725201805 16.9 49.61229349178414
      vertex -82.83035137968407 16.9 49.88891237283136
      vertex -84.425 16.9 50.68874953737966
    endloop
  endfacet
  facet normal 0 -1 0
    outer loop
      vertex -82.83035137968407 16.9 49.88891237283136
      vertex -82.63137084989847 16.9 50.131370849898474
      vertex -84.425 16.9 50.68874953737966
    endloop
  endfacet
  facet normal 0 -1 0
    outer loop
      vertex -84.425 16.9 47.31125046262034
      vertex -81.5 16.9 45.622500925240686
      vertex -78.575 16.9 47.31125046262034
    endloop
  endfacet
  facet normal 0 -1 0
    outer loop
      vertex -84.425 16.9 47.31125046262034
      vertex -78.575 16.9 47.31125046262034
      vertex -81.5 16.9 47.4
    endloop
  endfacet
  facet normal 0 -1 0
    outer loop
      vertex -81.5 16.9 47.4
      vertex -78.575 16.9 47.31125046262034
      vertex -81.18785548477419 16.9 47.43074355135483
    endloop
  endfacet
  facet normal 0 -1 0
    outer loop
      vertex -81.18785548477419 16.9 47.43074355135483
      vertex -78.575 16.9 47.31125046262034
      vertex -80.88770650821586 16.9 47.52179274798194
    endloop
  endfacet
  facet normal 0 -1 0
    outer loop
      vertex -80.88770650821586 16.9 47.52179274798194
      vertex -78.575 16.9 47.31125046262034
      vertex -80.61108762716864 16.9 47.669648620315925
    endloop
  endfacet
  facet normal 0 -1 0
    outer loop
      vertex -80.61108762716864 16.9 47.669648620315925
      vertex -78.575 16.9 47.31125046262034
      vertex -80.36862915010153 16.9 47.868629150101526
    endloop
  endfacet
  facet normal 0 -1 0
    outer loop
      vertex -80.36862915010153 16.9 47.868629150101526
      vertex -78.575 16.9 47.31125046262034
      vertex -80.16964862031593 16.9 48.11108762716864
    endloop
  endfacet
  facet normal 0 -1 0
    outer loop
      vertex -80.16964862031593 16.9 48.11108762716864
      vertex -78.575 16.9 47.31125046262034
      vertex -80.02179274798195 16.9 48.38770650821586
    endloop
  endfacet
  facet normal 0 -1 0
    outer loop
      vertex -80.02179274798195 16.9 48.38770650821586
      vertex -78.575 16.9 47.31125046262034
      vertex -79.93074355135484 16.9 48.6878554847742
    endloop
  endfacet
  facet normal 0 -1 0
    outer loop
      vertex -79.93074355135484 16.9 48.6878554847742
      vertex -78.575 16.9 47.31125046262034
      vertex -78.575 16.9 50.68874953737966
    endloop
  endfacet
  facet normal 0 -1 0
    outer loop
      vertex -79.93074355135484 16.9 48.6878554847742
      vertex -78.575 16.9 50.68874953737966
      vertex -79.9 16.9 49
    endloop
  endfacet
  facet normal 0 -1 0
    outer loop
      vertex -79.9 16.9 49
      vertex -78.575 16.9 50.68874953737966
      vertex -79.93074355135484 16.9 49.3121445152258
    endloop
  endfacet
  facet normal 0 -1 0
    outer loop
      vertex -79.93074355135484 16.9 49.3121445152258
      vertex -78.575 16.9 50.68874953737966
      vertex -80.02179274798195 16.9 49.61229349178414
    endloop
  endfacet
  facet normal 0 -1 0
    outer loop
      vertex -80.16964862031593 16.9 49.88891237283136
      vertex -80.02179274798195 16.9 49.61229349178414
      vertex -78.575 16.9 50.68874953737966
    endloop
  endfacet
  facet normal 0 -1 0
    outer loop
      vertex -80.16964862031593 16.9 49.88891237283136
      vertex -78.575 16.9 50.68874953737966
      vertex -80.36862915010153 16.9 50.131370849898474
    endloop
  endfacet
  facet normal 0 -1 0
    outer loop
      vertex -82.63137084989847 16.9 50.131370849898474
      vertex -82.38891237283136 16.9 50.330351379684075
      vertex -84.425 16.9 50.68874953737966
    endloop
  endfacet
  facet normal 0 -1 0
    outer loop
      vertex -84.425 16.9 50.68874953737966
      vertex -82.38891237283136 16.9 50.330351379684075
      vertex -82.11229349178414 16.9 50.47820725201806
    endloop
  endfacet
  facet normal 0 -1 0
    outer loop
      vertex -84.425 16.9 50.68874953737966
      vertex -82.11229349178414 16.9 50.47820725201806
      vertex -81.81214451522581 16.9 50.56925644864517
    endloop
  endfacet
  facet normal 0 -1 0
    outer loop
      vertex -84.425 16.9 50.68874953737966
      vertex -81.81214451522581 16.9 50.56925644864517
      vertex -81.5 16.9 50.6
    endloop
  endfacet
  facet normal 0 -1 0
    outer loop
      vertex -84.425 16.9 50.68874953737966
      vertex -81.5 16.9 50.6
      vertex -78.575 16.9 50.68874953737966
    endloop
  endfacet
  facet normal 0 -1 0
    outer loop
      vertex -81.5 16.9 50.6
      vertex -81.18785548477419 16.9 50.56925644864517
      vertex -78.575 16.9 50.68874953737966
    endloop
  endfacet
  facet normal 0 -1 0
    outer loop
      vertex -80.88770650821586 16.9 50.47820725201806
      vertex -78.575 16.9 50.68874953737966
      vertex -81.18785548477419 16.9 50.56925644864517
    endloop
  endfacet
  facet normal 0 -1 0
    outer loop
      vertex -84.425 16.9 50.68874953737966
      vertex -78.575 16.9 50.68874953737966
      vertex -81.5 16.9 52.377499074759314
    endloop
  endfacet
  facet normal 0 -1 0
    outer loop
      vertex -80.88770650821586 16.9 50.47820725201806
      vertex -80.61108762716864 16.9 50.330351379684075
      vertex -78.575 16.9 50.68874953737966
    endloop
  endfacet
  facet normal 0 -1 0
    outer loop
      vertex -80.36862915010153 16.9 50.131370849898474
      vertex -78.575 16.9 50.68874953737966
      vertex -80.61108762716864 16.9 50.330351379684075
    endloop
  endfacet
  facet normal 0.4713967368260019 -9.292392128644061e-19 0.8819212643483527
    outer loop
      vertex 80.61108762716864 16.9 -50.330351379684075
      vertex 80.88770650821586 16.9 -50.47820725201806
      vertex 80.88770650821586 22 -50.47820725201806
    endloop
  endfacet
  facet normal 0.29028467725447027 0 0.9569403357322064
    outer loop
      vertex 81.18785548477419 16.9 -50.56925644864517
      vertex 81.18785548477419 22 -50.56925644864517
      vertex 80.88770650821586 16.9 -50.47820725201806
    endloop
  endfacet
  facet normal 0.09801714032955908 -7.89475184246444e-20 0.9951847266721969
    outer loop
      vertex 81.18785548477419 16.9 -50.56925644864517
      vertex 81.5 16.9 -50.6
      vertex 81.5 22 -50.6
    endloop
  endfacet
  facet normal -0.09801714032955908 7.89475184246444e-20 0.9951847266721969
    outer loop
      vertex 81.5 16.9 -50.6
      vertex 81.81214451522581 16.9 -50.56925644864517
      vertex 81.81214451522581 22 -50.56925644864517
    endloop
  endfacet
  facet normal -0.29028467725447027 -4.555452512605565e-19 0.9569403357322064
    outer loop
      vertex 81.81214451522581 16.9 -50.56925644864517
      vertex 82.11229349178414 16.9 -50.47820725201806
      vertex 82.11229349178414 22 -50.47820725201806
    endloop
  endfacet
  facet normal -0.4713967368260019 9.292392128644061e-19 0.8819212643483527
    outer loop
      vertex 82.11229349178414 16.9 -50.47820725201806
      vertex 82.38891237283136 16.9 -50.330351379684075
      vertex 82.38891237283136 22 -50.330351379684075
    endloop
  endfacet
  facet normal 0.8819212643483673 -1.5655015777656951e-18 0.47139673682597494
    outer loop
      vertex 80.02179274798195 16.9 -49.61229349178414
      vertex 80.16964862031593 16.9 -49.88891237283136
      vertex 80.16964862031593 22 -49.88891237283136
    endloop
  endfacet
  facet normal 0.9569403357322083 0 0.29028467725446394
    outer loop
      vertex 80.02179274798195 16.9 -49.61229349178414
      vertex 80.02179274798195 22 -49.61229349178414
      vertex 79.93074355135484 16.9 -49.3121445152258
    endloop
  endfacet
  facet normal 0.9951847266721968 0 0.0980171403295613
    outer loop
      vertex 79.93074355135484 16.9 -49.3121445152258
      vertex 79.93074355135484 22 -49.3121445152258
      vertex 79.9 16.9 -49
    endloop
  endfacet
  facet normal 0.9951847266721968 0 -0.0980171403295613
    outer loop
      vertex 79.9 16.9 -49
      vertex 79.9 22 -49
      vertex 79.93074355135484 16.9 -48.6878554847742
    endloop
  endfacet
  facet normal 0.9569403357322083 0 -0.29028467725446394
    outer loop
      vertex 79.93074355135484 16.9 -48.6878554847742
      vertex 79.93074355135484 22 -48.6878554847742
      vertex 80.02179274798195 16.9 -48.38770650821586
    endloop
  endfacet
  facet normal 0.7730104533627271 0 0.6343932841636576
    outer loop
      vertex 80.36862915010153 16.9 -50.131370849898474
      vertex 80.36862915010153 22 -50.131370849898474
      vertex 80.16964862031593 16.9 -49.88891237283136
    endloop
  endfacet
  facet normal 0.6343932841636464 0 0.7730104533627361
    outer loop
      vertex 80.61108762716864 16.9 -50.330351379684075
      vertex 80.61108762716864 22 -50.330351379684075
      vertex 80.36862915010153 16.9 -50.131370849898474
    endloop
  endfacet
  facet normal 0.8819212643483673 0 -0.47139673682597494
    outer loop
      vertex 80.02179274798195 16.9 -48.38770650821586
      vertex 80.02179274798195 22 -48.38770650821586
      vertex 80.16964862031593 16.9 -48.11108762716864
    endloop
  endfacet
  facet normal 0.7730104533627271 0 -0.6343932841636576
    outer loop
      vertex 80.16964862031593 16.9 -48.11108762716864
      vertex 80.16964862031593 22 -48.11108762716864
      vertex 80.36862915010153 16.9 -47.868629150101526
    endloop
  endfacet
  facet normal 0.6343932841636464 0 -0.7730104533627361
    outer loop
      vertex 80.36862915010153 16.9 -47.868629150101526
      vertex 80.36862915010153 22 -47.868629150101526
      vertex 80.61108762716864 16.9 -47.669648620315925
    endloop
  endfacet
  facet normal 0.4713967368260019 0 -0.8819212643483527
    outer loop
      vertex 80.61108762716864 16.9 -47.669648620315925
      vertex 80.61108762716864 22 -47.669648620315925
      vertex 80.88770650821586 16.9 -47.52179274798194
    endloop
  endfacet
  facet normal 0.29028467725447027 0 -0.9569403357322064
    outer loop
      vertex 80.88770650821586 16.9 -47.52179274798194
      vertex 80.88770650821586 22 -47.52179274798194
      vertex 81.18785548477419 16.9 -47.43074355135483
    endloop
  endfacet
  facet normal 0.09801714032955908 0 -0.9951847266721969
    outer loop
      vertex 81.18785548477419 16.9 -47.43074355135483
      vertex 81.18785548477419 22 -47.43074355135483
      vertex 81.5 16.9 -47.4
    endloop
  endfacet
  facet normal -0.6343932841636464 -7.770239684840544e-19 0.7730104533627361
    outer loop
      vertex 82.38891237283136 16.9 -50.330351379684075
      vertex 82.63137084989847 16.9 -50.131370849898474
      vertex 82.63137084989847 22 -50.131370849898474
    endloop
  endfacet
  facet normal -0.7730104533627271 2.811245612078505e-19 0.6343932841636576
    outer loop
      vertex 82.63137084989847 16.9 -50.131370849898474
      vertex 82.83035137968407 16.9 -49.88891237283136
      vertex 82.83035137968407 22 -49.88891237283136
    endloop
  endfacet
  facet normal -0.8819212643483673 1.5655015777656951e-18 0.47139673682597494
    outer loop
      vertex 82.83035137968407 16.9 -49.88891237283136
      vertex 82.97820725201805 16.9 -49.61229349178414
      vertex 82.97820725201805 22 -49.61229349178414
    endloop
  endfacet
  facet normal -0.9569403357322083 5.611333844429556e-19 0.29028467725446394
    outer loop
      vertex 82.97820725201805 16.9 -49.61229349178414
      vertex 83.06925644864516 16.9 -49.3121445152258
      vertex 83.06925644864516 22 -49.3121445152258
    endloop
  endfacet
  facet normal -0.9951847266721968 1.5964513065108952e-19 0.0980171403295613
    outer loop
      vertex 83.06925644864516 16.9 -49.3121445152258
      vertex 83.1 16.9 -49
      vertex 83.1 22 -49
    endloop
  endfacet
  facet normal -0.9951847266721968 -1.5964513065108952e-19 -0.0980171403295613
    outer loop
      vertex 83.1 16.9 -49
      vertex 83.06925644864516 16.9 -48.6878554847742
      vertex 83.06925644864516 22 -48.6878554847742
    endloop
  endfacet
  facet normal -0.8819212643483673 0 -0.47139673682597494
    outer loop
      vertex 82.83035137968407 16.9 -48.11108762716864
      vertex 82.83035137968407 22 -48.11108762716864
      vertex 82.97820725201805 16.9 -48.38770650821586
    endloop
  endfacet
  facet normal -0.6343932841636464 0 -0.7730104533627361
    outer loop
      vertex 82.38891237283136 16.9 -47.669648620315925
      vertex 82.38891237283136 22 -47.669648620315925
      vertex 82.63137084989847 16.9 -47.868629150101526
    endloop
  endfacet
  facet normal -0.7730104533627271 -2.811245612078505e-19 -0.6343932841636576
    outer loop
      vertex 82.83035137968407 16.9 -48.11108762716864
      vertex 82.63137084989847 16.9 -47.868629150101526
      vertex 82.63137084989847 22 -47.868629150101526
    endloop
  endfacet
  facet normal -0.09801714032955908 0 -0.9951847266721969
    outer loop
      vertex 81.5 16.9 -47.4
      vertex 81.5 22 -47.4
      vertex 81.81214451522581 16.9 -47.43074355135483
    endloop
  endfacet
  facet normal -0.29028467725447027 0 -0.9569403357322064
    outer loop
      vertex 81.81214451522581 16.9 -47.43074355135483
      vertex 81.81214451522581 22 -47.43074355135483
      vertex 82.11229349178414 16.9 -47.52179274798194
    endloop
  endfacet
  facet normal -0.4713967368260019 -9.292392128644061e-19 -0.8819212643483527
    outer loop
      vertex 82.38891237283136 16.9 -47.669648620315925
      vertex 82.11229349178414 16.9 -47.52179274798194
      vertex 82.11229349178414 22 -47.52179274798194
    endloop
  endfacet
  facet normal -0.9569403357322083 -5.611333844429556e-19 -0.29028467725446394
    outer loop
      vertex 83.06925644864516 16.9 -48.6878554847742
      vertex 82.97820725201805 16.9 -48.38770650821586
      vertex 82.97820725201805 22 -48.38770650821586
    endloop
  endfacet
  facet normal 0.4713967368260019 0 0.8819212643483527
    outer loop
      vertex 80.61108762716864 16.9 -50.330351379684075
      vertex 80.88770650821586 22 -50.47820725201806
      vertex 80.61108762716864 22 -50.330351379684075
    endloop
  endfacet
  facet normal 0.29028467725447027 0 0.9569403357322064
    outer loop
      vertex 80.88770650821586 16.9 -50.47820725201806
      vertex 81.18785548477419 22 -50.56925644864517
      vertex 80.88770650821586 22 -50.47820725201806
    endloop
  endfacet
  facet normal 0.09801714032955908 0 0.9951847266721969
    outer loop
      vertex 81.18785548477419 16.9 -50.56925644864517
      vertex 81.5 22 -50.6
      vertex 81.18785548477419 22 -50.56925644864517
    endloop
  endfacet
  facet normal -0.09801714032955908 0 0.9951847266721969
    outer loop
      vertex 81.5 16.9 -50.6
      vertex 81.81214451522581 22 -50.56925644864517
      vertex 81.5 22 -50.6
    endloop
  endfacet
  facet normal -0.29028467725447027 0 0.9569403357322064
    outer loop
      vertex 81.81214451522581 16.9 -50.56925644864517
      vertex 82.11229349178414 22 -50.47820725201806
      vertex 81.81214451522581 22 -50.56925644864517
    endloop
  endfacet
  facet normal -0.4713967368260019 0 0.8819212643483527
    outer loop
      vertex 82.11229349178414 16.9 -50.47820725201806
      vertex 82.38891237283136 22 -50.330351379684075
      vertex 82.11229349178414 22 -50.47820725201806
    endloop
  endfacet
  facet normal 0.8819212643483673 0 0.47139673682597494
    outer loop
      vertex 80.02179274798195 16.9 -49.61229349178414
      vertex 80.16964862031593 22 -49.88891237283136
      vertex 80.02179274798195 22 -49.61229349178414
    endloop
  endfacet
  facet normal 0.9569403357322083 0 0.29028467725446394
    outer loop
      vertex 79.93074355135484 16.9 -49.3121445152258
      vertex 80.02179274798195 22 -49.61229349178414
      vertex 79.93074355135484 22 -49.3121445152258
    endloop
  endfacet
  facet normal 0.9951847266721968 0 0.0980171403295613
    outer loop
      vertex 79.9 16.9 -49
      vertex 79.93074355135484 22 -49.3121445152258
      vertex 79.9 22 -49
    endloop
  endfacet
  facet normal 0.9951847266721968 0 -0.0980171403295613
    outer loop
      vertex 79.93074355135484 16.9 -48.6878554847742
      vertex 79.9 22 -49
      vertex 79.93074355135484 22 -48.6878554847742
    endloop
  endfacet
  facet normal 0.6343932841636464 0 0.7730104533627361
    outer loop
      vertex 80.36862915010153 16.9 -50.131370849898474
      vertex 80.61108762716864 22 -50.330351379684075
      vertex 80.36862915010153 22 -50.131370849898474
    endloop
  endfacet
  facet normal 0.7730104533627271 0 0.6343932841636576
    outer loop
      vertex 80.16964862031593 16.9 -49.88891237283136
      vertex 80.36862915010153 22 -50.131370849898474
      vertex 80.16964862031593 22 -49.88891237283136
    endloop
  endfacet
  facet normal 0.9569403357322083 0 -0.29028467725446394
    outer loop
      vertex 80.02179274798195 16.9 -48.38770650821586
      vertex 79.93074355135484 22 -48.6878554847742
      vertex 80.02179274798195 22 -48.38770650821586
    endloop
  endfacet
  facet normal 0.8819212643483673 0 -0.47139673682597494
    outer loop
      vertex 80.16964862031593 16.9 -48.11108762716864
      vertex 80.02179274798195 22 -48.38770650821586
      vertex 80.16964862031593 22 -48.11108762716864
    endloop
  endfacet
  facet normal 0.7730104533627271 0 -0.6343932841636576
    outer loop
      vertex 80.36862915010153 16.9 -47.868629150101526
      vertex 80.16964862031593 22 -48.11108762716864
      vertex 80.36862915010153 22 -47.868629150101526
    endloop
  endfacet
  facet normal 0.6343932841636464 0 -0.7730104533627361
    outer loop
      vertex 80.61108762716864 16.9 -47.669648620315925
      vertex 80.36862915010153 22 -47.868629150101526
      vertex 80.61108762716864 22 -47.669648620315925
    endloop
  endfacet
  facet normal 0.4713967368260019 0 -0.8819212643483527
    outer loop
      vertex 80.88770650821586 16.9 -47.52179274798194
      vertex 80.61108762716864 22 -47.669648620315925
      vertex 80.88770650821586 22 -47.52179274798194
    endloop
  endfacet
  facet normal 0.29028467725447027 0 -0.9569403357322064
    outer loop
      vertex 81.18785548477419 16.9 -47.43074355135483
      vertex 80.88770650821586 22 -47.52179274798194
      vertex 81.18785548477419 22 -47.43074355135483
    endloop
  endfacet
  facet normal 0.09801714032955908 0 -0.9951847266721969
    outer loop
      vertex 81.5 16.9 -47.4
      vertex 81.18785548477419 22 -47.43074355135483
      vertex 81.5 22 -47.4
    endloop
  endfacet
  facet normal -0.6343932841636464 0 0.7730104533627361
    outer loop
      vertex 82.38891237283136 16.9 -50.330351379684075
      vertex 82.63137084989847 22 -50.131370849898474
      vertex 82.38891237283136 22 -50.330351379684075
    endloop
  endfacet
  facet normal -0.7730104533627271 0 0.6343932841636576
    outer loop
      vertex 82.63137084989847 16.9 -50.131370849898474
      vertex 82.83035137968407 22 -49.88891237283136
      vertex 82.63137084989847 22 -50.131370849898474
    endloop
  endfacet
  facet normal -0.8819212643483673 0 0.47139673682597494
    outer loop
      vertex 82.83035137968407 16.9 -49.88891237283136
      vertex 82.97820725201805 22 -49.61229349178414
      vertex 82.83035137968407 22 -49.88891237283136
    endloop
  endfacet
  facet normal -0.9569403357322083 0 0.29028467725446394
    outer loop
      vertex 82.97820725201805 16.9 -49.61229349178414
      vertex 83.06925644864516 22 -49.3121445152258
      vertex 82.97820725201805 22 -49.61229349178414
    endloop
  endfacet
  facet normal -0.9951847266721968 0 0.0980171403295613
    outer loop
      vertex 83.06925644864516 16.9 -49.3121445152258
      vertex 83.1 22 -49
      vertex 83.06925644864516 22 -49.3121445152258
    endloop
  endfacet
  facet normal -0.9951847266721968 0 -0.0980171403295613
    outer loop
      vertex 83.1 16.9 -49
      vertex 83.06925644864516 22 -48.6878554847742
      vertex 83.1 22 -49
    endloop
  endfacet
  facet normal -0.9569403357322083 0 -0.29028467725446394
    outer loop
      vertex 83.06925644864516 16.9 -48.6878554847742
      vertex 82.97820725201805 22 -48.38770650821586
      vertex 83.06925644864516 22 -48.6878554847742
    endloop
  endfacet
  facet normal -0.8819212643483673 0 -0.47139673682597494
    outer loop
      vertex 82.97820725201805 16.9 -48.38770650821586
      vertex 82.83035137968407 22 -48.11108762716864
      vertex 82.97820725201805 22 -48.38770650821586
    endloop
  endfacet
  facet normal -0.4713967368260019 0 -0.8819212643483527
    outer loop
      vertex 82.38891237283136 16.9 -47.669648620315925
      vertex 82.11229349178414 22 -47.52179274798194
      vertex 82.38891237283136 22 -47.669648620315925
    endloop
  endfacet
  facet normal -0.6343932841636464 0 -0.7730104533627361
    outer loop
      vertex 82.63137084989847 16.9 -47.868629150101526
      vertex 82.38891237283136 22 -47.669648620315925
      vertex 82.63137084989847 22 -47.868629150101526
    endloop
  endfacet
  facet normal -0.7730104533627271 0 -0.6343932841636576
    outer loop
      vertex 82.83035137968407 16.9 -48.11108762716864
      vertex 82.63137084989847 22 -47.868629150101526
      vertex 82.83035137968407 22 -48.11108762716864
    endloop
  endfacet
  facet normal -0.09801714032955908 0 -0.9951847266721969
    outer loop
      vertex 81.81214451522581 16.9 -47.43074355135483
      vertex 81.5 22 -47.4
      vertex 81.81214451522581 22 -47.43074355135483
    endloop
  endfacet
  facet normal -0.29028467725447027 0 -0.9569403357322064
    outer loop
      vertex 82.11229349178414 16.9 -47.52179274798194
      vertex 81.81214451522581 22 -47.43074355135483
      vertex 82.11229349178414 22 -47.52179274798194
    endloop
  endfacet
  facet normal 1 0 0
    outer loop
      vertex 78.575 14 -50.68874953737966
      vertex 78.575 16.9 -50.68874953737966
      vertex 78.575 14 -47.31125046262034
    endloop
  endfacet
  facet normal 1 0 0
    outer loop
      vertex 78.575 14 -47.31125046262034
      vertex 78.575 16.9 -50.68874953737966
      vertex 78.575 16.9 -47.31125046262034
    endloop
  endfacet
  facet normal 0.5000000000000008 3.663420352837751e-17 0.8660254037844384
    outer loop
      vertex 78.575 14 -50.68874953737966
      vertex 81.5 14 -52.377499074759314
      vertex 81.5 16.9 -52.377499074759314
    endloop
  endfacet
  facet normal 0.5000000000000008 0 0.8660254037844384
    outer loop
      vertex 78.575 14 -50.68874953737966
      vertex 81.5 16.9 -52.377499074759314
      vertex 78.575 16.9 -50.68874953737966
    endloop
  endfacet
  facet normal -0.5000000000000008 -3.663420352837751e-17 0.8660254037844384
    outer loop
      vertex 81.5 14 -52.377499074759314
      vertex 84.425 14 -50.68874953737966
      vertex 84.425 16.9 -50.68874953737966
    endloop
  endfacet
  facet normal -0.5000000000000008 0 0.8660254037844384
    outer loop
      vertex 81.5 14 -52.377499074759314
      vertex 84.425 16.9 -50.68874953737966
      vertex 81.5 16.9 -52.377499074759314
    endloop
  endfacet
  facet normal 0.5000000000000008 0 -0.8660254037844384
    outer loop
      vertex 78.575 14 -47.31125046262034
      vertex 78.575 16.9 -47.31125046262034
      vertex 81.5 14 -45.622500925240686
    endloop
  endfacet
  facet normal -0.5000000000000008 0 -0.8660254037844384
    outer loop
      vertex 84.425 14 -47.31125046262034
      vertex 81.5 16.9 -45.622500925240686
      vertex 84.425 16.9 -47.31125046262034
    endloop
  endfacet
  facet normal 0.5000000000000008 0 -0.8660254037844384
    outer loop
      vertex 81.5 14 -45.622500925240686
      vertex 78.575 16.9 -47.31125046262034
      vertex 81.5 16.9 -45.622500925240686
    endloop
  endfacet
  facet normal -0.5000000000000008 0 -0.8660254037844384
    outer loop
      vertex 81.5 14 -45.622500925240686
      vertex 81.5 16.9 -45.622500925240686
      vertex 84.425 14 -47.31125046262034
    endloop
  endfacet
  facet normal -1 0 0
    outer loop
      vertex 84.425 14 -50.68874953737966
      vertex 84.425 14 -47.31125046262034
      vertex 84.425 16.9 -47.31125046262034
    endloop
  endfacet
  facet normal -1 0 0
    outer loop
      vertex 84.425 14 -50.68874953737966
      vertex 84.425 16.9 -47.31125046262034
      vertex 84.425 16.9 -50.68874953737966
    endloop
  endfacet
  facet normal 0 -1 0
    outer loop
      vertex 78.575 16.9 -50.68874953737966
      vertex 80.61108762716864 16.9 -50.330351379684075
      vertex 80.36862915010153 16.9 -50.131370849898474
    endloop
  endfacet
  facet normal 0 -1 0
    outer loop
      vertex 78.575 16.9 -50.68874953737966
      vertex 80.88770650821586 16.9 -50.47820725201806
      vertex 80.61108762716864 16.9 -50.330351379684075
    endloop
  endfacet
  facet normal 0 -1 0
    outer loop
      vertex 78.575 16.9 -50.68874953737966
      vertex 81.5 16.9 -52.377499074759314
      vertex 84.425 16.9 -50.68874953737966
    endloop
  endfacet
  facet normal 0 -1 0
    outer loop
      vertex 78.575 16.9 -50.68874953737966
      vertex 81.18785548477419 16.9 -50.56925644864517
      vertex 80.88770650821586 16.9 -50.47820725201806
    endloop
  endfacet
  facet normal 0 -1 0
    outer loop
      vertex 78.575 16.9 -50.68874953737966
      vertex 81.5 16.9 -50.6
      vertex 81.18785548477419 16.9 -50.56925644864517
    endloop
  endfacet
  facet normal 0 -1 0
    outer loop
      vertex 78.575 16.9 -50.68874953737966
      vertex 84.425 16.9 -50.68874953737966
      vertex 81.5 16.9 -50.6
    endloop
  endfacet
  facet normal 0 -1 0
    outer loop
      vertex 81.5 16.9 -50.6
      vertex 84.425 16.9 -50.68874953737966
      vertex 81.81214451522581 16.9 -50.56925644864517
    endloop
  endfacet
  facet normal 0 -1 0
    outer loop
      vertex 81.81214451522581 16.9 -50.56925644864517
      vertex 84.425 16.9 -50.68874953737966
      vertex 82.11229349178414 16.9 -50.47820725201806
    endloop
  endfacet
  facet normal 0 -1 0
    outer loop
      vertex 82.11229349178414 16.9 -50.47820725201806
      vertex 84.425 16.9 -50.68874953737966
      vertex 82.38891237283136 16.9 -50.330351379684075
    endloop
  endfacet
  facet normal 0 -1 0
    outer loop
      vertex 82.38891237283136 16.9 -50.330351379684075
      vertex 84.425 16.9 -50.68874953737966
      vertex 82.63137084989847 16.9 -50.131370849898474
    endloop
  endfacet
  facet normal 0 -1 0
    outer loop
      vertex 78.575 16.9 -50.68874953737966
      vertex 80.36862915010153 16.9 -50.131370849898474
      vertex 80.16964862031593 16.9 -49.88891237283136
    endloop
  endfacet
  facet normal 0 -1 0
    outer loop
      vertex 78.575 16.9 -50.68874953737966
      vertex 80.16964862031593 16.9 -49.88891237283136
      vertex 80.02179274798195 16.9 -49.61229349178414
    endloop
  endfacet
  facet normal 0 -1 0
    outer loop
      vertex 78.575 16.9 -50.68874953737966
      vertex 80.02179274798195 16.9 -49.61229349178414
      vertex 79.93074355135484 16.9 -49.3121445152258
    endloop
  endfacet
  facet normal 0 -1 0
    outer loop
      vertex 78.575 16.9 -50.68874953737966
      vertex 79.93074355135484 16.9 -49.3121445152258
      vertex 79.9 16.9 -49
    endloop
  endfacet
  facet normal 0 -1 0
    outer loop
      vertex 78.575 16.9 -50.68874953737966
      vertex 79.9 16.9 -49
      vertex 79.93074355135484 16.9 -48.6878554847742
    endloop
  endfacet
  facet normal 0 -1 0
    outer loop
      vertex 78.575 16.9 -50.68874953737966
      vertex 79.93074355135484 16.9 -48.6878554847742
      vertex 78.575 16.9 -47.31125046262034
    endloop
  endfacet
  facet normal 0 -1 0
    outer loop
      vertex 78.575 16.9 -47.31125046262034
      vertex 79.93074355135484 16.9 -48.6878554847742
      vertex 80.02179274798195 16.9 -48.38770650821586
    endloop
  endfacet
  facet normal 0 -1 0
    outer loop
      vertex 78.575 16.9 -47.31125046262034
      vertex 80.02179274798195 16.9 -48.38770650821586
      vertex 80.16964862031593 16.9 -48.11108762716864
    endloop
  endfacet
  facet normal 0 -1 0
    outer loop
      vertex 78.575 16.9 -47.31125046262034
      vertex 80.16964862031593 16.9 -48.11108762716864
      vertex 80.36862915010153 16.9 -47.868629150101526
    endloop
  endfacet
  facet normal 0 -1 0
    outer loop
      vertex 78.575 16.9 -47.31125046262034
      vertex 80.36862915010153 16.9 -47.868629150101526
      vertex 80.61108762716864 16.9 -47.669648620315925
    endloop
  endfacet
  facet normal 0 -1 0
    outer loop
      vertex 78.575 16.9 -47.31125046262034
      vertex 80.61108762716864 16.9 -47.669648620315925
      vertex 80.88770650821586 16.9 -47.52179274798194
    endloop
  endfacet
  facet normal 0 -1 0
    outer loop
      vertex 78.575 16.9 -47.31125046262034
      vertex 80.88770650821586 16.9 -47.52179274798194
      vertex 81.18785548477419 16.9 -47.43074355135483
    endloop
  endfacet
  facet normal 0 -1 0
    outer loop
      vertex 78.575 16.9 -47.31125046262034
      vertex 81.18785548477419 16.9 -47.43074355135483
      vertex 81.5 16.9 -47.4
    endloop
  endfacet
  facet normal 0 -1 0
    outer loop
      vertex 78.575 16.9 -47.31125046262034
      vertex 81.5 16.9 -47.4
      vertex 84.425 16.9 -47.31125046262034
    endloop
  endfacet
  facet normal 0 -1 0
    outer loop
      vertex 78.575 16.9 -47.31125046262034
      vertex 84.425 16.9 -47.31125046262034
      vertex 81.5 16.9 -45.622500925240686
    endloop
  endfacet
  facet normal 0 -1 0
    outer loop
      vertex 84.425 16.9 -50.68874953737966
      vertex 82.83035137968407 16.9 -49.88891237283136
      vertex 82.63137084989847 16.9 -50.131370849898474
    endloop
  endfacet
  facet normal 0 -1 0
    outer loop
      vertex 84.425 16.9 -50.68874953737966
      vertex 82.97820725201805 16.9 -49.61229349178414
      vertex 82.83035137968407 16.9 -49.88891237283136
    endloop
  endfacet
  facet normal 0 -1 0
    outer loop
      vertex 84.425 16.9 -50.68874953737966
      vertex 83.06925644864516 16.9 -49.3121445152258
      vertex 82.97820725201805 16.9 -49.61229349178414
    endloop
  endfacet
  facet normal 0 -1 0
    outer loop
      vertex 83.06925644864516 16.9 -49.3121445152258
      vertex 84.425 16.9 -47.31125046262034
      vertex 83.1 16.9 -49
    endloop
  endfacet
  facet normal 0 -1 0
    outer loop
      vertex 84.425 16.9 -50.68874953737966
      vertex 84.425 16.9 -47.31125046262034
      vertex 83.06925644864516 16.9 -49.3121445152258
    endloop
  endfacet
  facet normal 0 -1 0
    outer loop
      vertex 81.5 16.9 -47.4
      vertex 81.81214451522581 16.9 -47.43074355135483
      vertex 84.425 16.9 -47.31125046262034
    endloop
  endfacet
  facet normal 0 -1 0
    outer loop
      vertex 81.81214451522581 16.9 -47.43074355135483
      vertex 82.11229349178414 16.9 -47.52179274798194
      vertex 84.425 16.9 -47.31125046262034
    endloop
  endfacet
  facet normal 0 -1 0
    outer loop
      vertex 83.1 16.9 -49
      vertex 84.425 16.9 -47.31125046262034
      vertex 83.06925644864516 16.9 -48.6878554847742
    endloop
  endfacet
  facet normal 0 -1 0
    outer loop
      vertex 83.06925644864516 16.9 -48.6878554847742
      vertex 84.425 16.9 -47.31125046262034
      vertex 82.97820725201805 16.9 -48.38770650821586
    endloop
  endfacet
  facet normal 0 -1 0
    outer loop
      vertex 82.83035137968407 16.9 -48.11108762716864
      vertex 84.425 16.9 -47.31125046262034
      vertex 82.63137084989847 16.9 -47.868629150101526
    endloop
  endfacet
  facet normal 0 -1 0
    outer loop
      vertex 82.83035137968407 16.9 -48.11108762716864
      vertex 82.97820725201805 16.9 -48.38770650821586
      vertex 84.425 16.9 -47.31125046262034
    endloop
  endfacet
  facet normal 0 -1 0
    outer loop
      vertex 82.38891237283136 16.9 -47.669648620315925
      vertex 84.425 16.9 -47.31125046262034
      vertex 82.11229349178414 16.9 -47.52179274798194
    endloop
  endfacet
  facet normal 0 -1 0
    outer loop
      vertex 82.38891237283136 16.9 -47.669648620315925
      vertex 82.63137084989847 16.9 -47.868629150101526
      vertex 84.425 16.9 -47.31125046262034
    endloop
  endfacet
  facet normal 0.8819212643483673 -1.5655015777656951e-18 0.47139673682597494
    outer loop
      vertex 80.02179274798195 16.9 48.38770650821586
      vertex 80.16964862031593 16.9 48.11108762716864
      vertex 80.16964862031593 22 48.11108762716864
    endloop
  endfacet
  facet normal 0.9569403357322083 0 0.29028467725446394
    outer loop
      vertex 80.02179274798195 16.9 48.38770650821586
      vertex 80.02179274798195 22 48.38770650821586
      vertex 79.93074355135484 16.9 48.6878554847742
    endloop
  endfacet
  facet normal 0.4713967368260019 0 0.8819212643483527
    outer loop
      vertex 80.88770650821586 16.9 47.52179274798194
      vertex 80.88770650821586 22 47.52179274798194
      vertex 80.61108762716864 16.9 47.669648620315925
    endloop
  endfacet
  facet normal 0.29028467725447027 4.555452512605565e-19 0.9569403357322064
    outer loop
      vertex 80.88770650821586 16.9 47.52179274798194
      vertex 81.18785548477419 16.9 47.43074355135483
      vertex 81.18785548477419 22 47.43074355135483
    endloop
  endfacet
  facet normal 0.09801714032955908 -7.89475184246444e-20 0.9951847266721969
    outer loop
      vertex 81.18785548477419 16.9 47.43074355135483
      vertex 81.5 16.9 47.4
      vertex 81.5 22 47.4
    endloop
  endfacet
  facet normal 0.7730104533627271 0 0.6343932841636576
    outer loop
      vertex 80.36862915010153 16.9 47.868629150101526
      vertex 80.36862915010153 22 47.868629150101526
      vertex 80.16964862031593 16.9 48.11108762716864
    endloop
  endfacet
  facet normal 0.6343932841636464 7.770239684840544e-19 0.7730104533627361
    outer loop
      vertex 80.36862915010153 16.9 47.868629150101526
      vertex 80.61108762716864 16.9 47.669648620315925
      vertex 80.61108762716864 22 47.669648620315925
    endloop
  endfacet
  facet normal 0.9951847266721968 0 0.0980171403295613
    outer loop
      vertex 79.93074355135484 16.9 48.6878554847742
      vertex 79.93074355135484 22 48.6878554847742
      vertex 79.9 16.9 49
    endloop
  endfacet
  facet normal 0.9951847266721968 0 -0.0980171403295613
    outer loop
      vertex 79.9 16.9 49
      vertex 79.9 22 49
      vertex 79.93074355135484 16.9 49.3121445152258
    endloop
  endfacet
  facet normal 0.9569403357322083 0 -0.29028467725446394
    outer loop
      vertex 79.93074355135484 16.9 49.3121445152258
      vertex 79.93074355135484 22 49.3121445152258
      vertex 80.02179274798195 16.9 49.61229349178414
    endloop
  endfacet
  facet normal 0.8819212643483673 0 -0.47139673682597494
    outer loop
      vertex 80.02179274798195 16.9 49.61229349178414
      vertex 80.02179274798195 22 49.61229349178414
      vertex 80.16964862031593 16.9 49.88891237283136
    endloop
  endfacet
  facet normal 0.7730104533627271 0 -0.6343932841636576
    outer loop
      vertex 80.16964862031593 16.9 49.88891237283136
      vertex 80.16964862031593 22 49.88891237283136
      vertex 80.36862915010153 16.9 50.131370849898474
    endloop
  endfacet
  facet normal 0.6343932841636464 0 -0.7730104533627361
    outer loop
      vertex 80.36862915010153 16.9 50.131370849898474
      vertex 80.36862915010153 22 50.131370849898474
      vertex 80.61108762716864 16.9 50.330351379684075
    endloop
  endfacet
  facet normal -0.09801714032955908 7.89475184246444e-20 0.9951847266721969
    outer loop
      vertex 81.5 16.9 47.4
      vertex 81.81214451522581 16.9 47.43074355135483
      vertex 81.81214451522581 22 47.43074355135483
    endloop
  endfacet
  facet normal -0.29028467725447027 -4.555452512605565e-19 0.9569403357322064
    outer loop
      vertex 81.81214451522581 16.9 47.43074355135483
      vertex 82.11229349178414 16.9 47.52179274798194
      vertex 82.11229349178414 22 47.52179274798194
    endloop
  endfacet
  facet normal -0.4713967368260019 9.292392128644061e-19 0.8819212643483527
    outer loop
      vertex 82.11229349178414 16.9 47.52179274798194
      vertex 82.38891237283136 16.9 47.669648620315925
      vertex 82.38891237283136 22 47.669648620315925
    endloop
  endfacet
  facet normal -0.6343932841636464 -7.770239684840544e-19 0.7730104533627361
    outer loop
      vertex 82.38891237283136 16.9 47.669648620315925
      vertex 82.63137084989847 16.9 47.868629150101526
      vertex 82.63137084989847 22 47.868629150101526
    endloop
  endfacet
  facet normal -0.7730104533627271 2.811245612078505e-19 0.6343932841636576
    outer loop
      vertex 82.63137084989847 16.9 47.868629150101526
      vertex 82.83035137968407 16.9 48.11108762716864
      vertex 82.83035137968407 22 48.11108762716864
    endloop
  endfacet
  facet normal -0.8819212643483673 1.5655015777656951e-18 0.47139673682597494
    outer loop
      vertex 82.83035137968407 16.9 48.11108762716864
      vertex 82.97820725201805 16.9 48.38770650821586
      vertex 82.97820725201805 22 48.38770650821586
    endloop
  endfacet
  facet normal -0.8819212643483673 0 -0.47139673682597494
    outer loop
      vertex 82.83035137968407 16.9 49.88891237283136
      vertex 82.83035137968407 22 49.88891237283136
      vertex 82.97820725201805 16.9 49.61229349178414
    endloop
  endfacet
  facet normal -0.6343932841636464 7.770239684840544e-19 -0.7730104533627361
    outer loop
      vertex 82.63137084989847 16.9 50.131370849898474
      vertex 82.38891237283136 16.9 50.330351379684075
      vertex 82.38891237283136 22 50.330351379684075
    endloop
  endfacet
  facet normal -0.7730104533627271 -2.811245612078505e-19 -0.6343932841636576
    outer loop
      vertex 82.83035137968407 16.9 49.88891237283136
      vertex 82.63137084989847 16.9 50.131370849898474
      vertex 82.63137084989847 22 50.131370849898474
    endloop
  endfacet
  facet normal -0.9569403357322083 5.611333844429556e-19 0.29028467725446394
    outer loop
      vertex 82.97820725201805 16.9 48.38770650821586
      vertex 83.06925644864516 16.9 48.6878554847742
      vertex 83.06925644864516 22 48.6878554847742
    endloop
  endfacet
  facet normal -0.9951847266721968 1.5964513065108952e-19 0.0980171403295613
    outer loop
      vertex 83.06925644864516 16.9 48.6878554847742
      vertex 83.1 16.9 49
      vertex 83.1 22 49
    endloop
  endfacet
  facet normal -0.9951847266721968 -1.5964513065108952e-19 -0.0980171403295613
    outer loop
      vertex 83.1 16.9 49
      vertex 83.06925644864516 16.9 49.3121445152258
      vertex 83.06925644864516 22 49.3121445152258
    endloop
  endfacet
  facet normal -0.9569403357322083 -5.611333844429556e-19 -0.29028467725446394
    outer loop
      vertex 83.06925644864516 16.9 49.3121445152258
      vertex 82.97820725201805 16.9 49.61229349178414
      vertex 82.97820725201805 22 49.61229349178414
    endloop
  endfacet
  facet normal 0.4713967368260019 0 -0.8819212643483527
    outer loop
      vertex 80.61108762716864 16.9 50.330351379684075
      vertex 80.61108762716864 22 50.330351379684075
      vertex 80.88770650821586 16.9 50.47820725201806
    endloop
  endfacet
  facet normal 0.29028467725447027 0 -0.9569403357322064
    outer loop
      vertex 80.88770650821586 16.9 50.47820725201806
      vertex 80.88770650821586 22 50.47820725201806
      vertex 81.18785548477419 16.9 50.56925644864517
    endloop
  endfacet
  facet normal 0.09801714032955908 0 -0.9951847266721969
    outer loop
      vertex 81.18785548477419 16.9 50.56925644864517
      vertex 81.18785548477419 22 50.56925644864517
      vertex 81.5 16.9 50.6
    endloop
  endfacet
  facet normal -0.09801714032955908 0 -0.9951847266721969
    outer loop
      vertex 81.5 16.9 50.6
      vertex 81.5 22 50.6
      vertex 81.81214451522581 16.9 50.56925644864517
    endloop
  endfacet
  facet normal -0.29028467725447027 0 -0.9569403357322064
    outer loop
      vertex 81.81214451522581 16.9 50.56925644864517
      vertex 81.81214451522581 22 50.56925644864517
      vertex 82.11229349178414 16.9 50.47820725201806
    endloop
  endfacet
  facet normal -0.4713967368260019 0 -0.8819212643483527
    outer loop
      vertex 82.11229349178414 16.9 50.47820725201806
      vertex 82.11229349178414 22 50.47820725201806
      vertex 82.38891237283136 16.9 50.330351379684075
    endloop
  endfacet
  facet normal 0.8819212643483673 0 0.47139673682597494
    outer loop
      vertex 80.02179274798195 16.9 48.38770650821586
      vertex 80.16964862031593 22 48.11108762716864
      vertex 80.02179274798195 22 48.38770650821586
    endloop
  endfacet
  facet normal 0.29028467725447027 0 0.9569403357322064
    outer loop
      vertex 80.88770650821586 16.9 47.52179274798194
      vertex 81.18785548477419 22 47.43074355135483
      vertex 80.88770650821586 22 47.52179274798194
    endloop
  endfacet
  facet normal 0.09801714032955908 0 0.9951847266721969
    outer loop
      vertex 81.18785548477419 16.9 47.43074355135483
      vertex 81.5 22 47.4
      vertex 81.18785548477419 22 47.43074355135483
    endloop
  endfacet
  facet normal 0.6343932841636464 0 0.7730104533627361
    outer loop
      vertex 80.36862915010153 16.9 47.868629150101526
      vertex 80.61108762716864 22 47.669648620315925
      vertex 80.36862915010153 22 47.868629150101526
    endloop
  endfacet
  facet normal 0.7730104533627271 0 0.6343932841636576
    outer loop
      vertex 80.16964862031593 16.9 48.11108762716864
      vertex 80.36862915010153 22 47.868629150101526
      vertex 80.16964862031593 22 48.11108762716864
    endloop
  endfacet
  facet normal 0.4713967368260019 0 0.8819212643483527
    outer loop
      vertex 80.61108762716864 16.9 47.669648620315925
      vertex 80.88770650821586 22 47.52179274798194
      vertex 80.61108762716864 22 47.669648620315925
    endloop
  endfacet
  facet normal 0.9569403357322083 0 0.29028467725446394
    outer loop
      vertex 79.93074355135484 16.9 48.6878554847742
      vertex 80.02179274798195 22 48.38770650821586
      vertex 79.93074355135484 22 48.6878554847742
    endloop
  endfacet
  facet normal 0.9951847266721968 0 0.0980171403295613
    outer loop
      vertex 79.9 16.9 49
      vertex 79.93074355135484 22 48.6878554847742
      vertex 79.9 22 49
    endloop
  endfacet
  facet normal 0.9951847266721968 0 -0.0980171403295613
    outer loop
      vertex 79.93074355135484 16.9 49.3121445152258
      vertex 79.9 22 49
      vertex 79.93074355135484 22 49.3121445152258
    endloop
  endfacet
  facet normal 0.9569403357322083 0 -0.29028467725446394
    outer loop
      vertex 80.02179274798195 16.9 49.61229349178414
      vertex 79.93074355135484 22 49.3121445152258
      vertex 80.02179274798195 22 49.61229349178414
    endloop
  endfacet
  facet normal 0.8819212643483673 0 -0.47139673682597494
    outer loop
      vertex 80.16964862031593 16.9 49.88891237283136
      vertex 80.02179274798195 22 49.61229349178414
      vertex 80.16964862031593 22 49.88891237283136
    endloop
  endfacet
  facet normal 0.7730104533627271 0 -0.6343932841636576
    outer loop
      vertex 80.36862915010153 16.9 50.131370849898474
      vertex 80.16964862031593 22 49.88891237283136
      vertex 80.36862915010153 22 50.131370849898474
    endloop
  endfacet
  facet normal 0.6343932841636464 0 -0.7730104533627361
    outer loop
      vertex 80.61108762716864 16.9 50.330351379684075
      vertex 80.36862915010153 22 50.131370849898474
      vertex 80.61108762716864 22 50.330351379684075
    endloop
  endfacet
  facet normal -0.09801714032955908 0 0.9951847266721969
    outer loop
      vertex 81.5 16.9 47.4
      vertex 81.81214451522581 22 47.43074355135483
      vertex 81.5 22 47.4
    endloop
  endfacet
  facet normal -0.29028467725447027 0 0.9569403357322064
    outer loop
      vertex 81.81214451522581 16.9 47.43074355135483
      vertex 82.11229349178414 22 47.52179274798194
      vertex 81.81214451522581 22 47.43074355135483
    endloop
  endfacet
  facet normal -0.4713967368260019 0 0.8819212643483527
    outer loop
      vertex 82.11229349178414 16.9 47.52179274798194
      vertex 82.38891237283136 22 47.669648620315925
      vertex 82.11229349178414 22 47.52179274798194
    endloop
  endfacet
  facet normal -0.6343932841636464 0 0.7730104533627361
    outer loop
      vertex 82.38891237283136 16.9 47.669648620315925
      vertex 82.63137084989847 22 47.868629150101526
      vertex 82.38891237283136 22 47.669648620315925
    endloop
  endfacet
  facet normal -0.7730104533627271 0 0.6343932841636576
    outer loop
      vertex 82.63137084989847 16.9 47.868629150101526
      vertex 82.83035137968407 22 48.11108762716864
      vertex 82.63137084989847 22 47.868629150101526
    endloop
  endfacet
  facet normal -0.8819212643483673 0 0.47139673682597494
    outer loop
      vertex 82.83035137968407 16.9 48.11108762716864
      vertex 82.97820725201805 22 48.38770650821586
      vertex 82.83035137968407 22 48.11108762716864
    endloop
  endfacet
  facet normal -0.9569403357322083 0 0.29028467725446394
    outer loop
      vertex 82.97820725201805 16.9 48.38770650821586
      vertex 83.06925644864516 22 48.6878554847742
      vertex 82.97820725201805 22 48.38770650821586
    endloop
  endfacet
  facet normal -0.8819212643483673 0 -0.47139673682597494
    outer loop
      vertex 82.97820725201805 16.9 49.61229349178414
      vertex 82.83035137968407 22 49.88891237283136
      vertex 82.97820725201805 22 49.61229349178414
    endloop
  endfacet
  facet normal -0.6343932841636464 0 -0.7730104533627361
    outer loop
      vertex 82.63137084989847 16.9 50.131370849898474
      vertex 82.38891237283136 22 50.330351379684075
      vertex 82.63137084989847 22 50.131370849898474
    endloop
  endfacet
  facet normal -0.7730104533627271 0 -0.6343932841636576
    outer loop
      vertex 82.83035137968407 16.9 49.88891237283136
      vertex 82.63137084989847 22 50.131370849898474
      vertex 82.83035137968407 22 49.88891237283136
    endloop
  endfacet
  facet normal -0.9951847266721968 0 0.0980171403295613
    outer loop
      vertex 83.06925644864516 16.9 48.6878554847742
      vertex 83.1 22 49
      vertex 83.06925644864516 22 48.6878554847742
    endloop
  endfacet
  facet normal -0.9951847266721968 0 -0.0980171403295613
    outer loop
      vertex 83.1 16.9 49
      vertex 83.06925644864516 22 49.3121445152258
      vertex 83.1 22 49
    endloop
  endfacet
  facet normal -0.9569403357322083 0 -0.29028467725446394
    outer loop
      vertex 83.06925644864516 16.9 49.3121445152258
      vertex 82.97820725201805 22 49.61229349178414
      vertex 83.06925644864516 22 49.3121445152258
    endloop
  endfacet
  facet normal 0.4713967368260019 0 -0.8819212643483527
    outer loop
      vertex 80.88770650821586 16.9 50.47820725201806
      vertex 80.61108762716864 22 50.330351379684075
      vertex 80.88770650821586 22 50.47820725201806
    endloop
  endfacet
  facet normal 0.29028467725447027 0 -0.9569403357322064
    outer loop
      vertex 81.18785548477419 16.9 50.56925644864517
      vertex 80.88770650821586 22 50.47820725201806
      vertex 81.18785548477419 22 50.56925644864517
    endloop
  endfacet
  facet normal 0.09801714032955908 0 -0.9951847266721969
    outer loop
      vertex 81.5 16.9 50.6
      vertex 81.18785548477419 22 50.56925644864517
      vertex 81.5 22 50.6
    endloop
  endfacet
  facet normal -0.09801714032955908 0 -0.9951847266721969
    outer loop
      vertex 81.81214451522581 16.9 50.56925644864517
      vertex 81.5 22 50.6
      vertex 81.81214451522581 22 50.56925644864517
    endloop
  endfacet
  facet normal -0.29028467725447027 0 -0.9569403357322064
    outer loop
      vertex 82.11229349178414 16.9 50.47820725201806
      vertex 81.81214451522581 22 50.56925644864517
      vertex 82.11229349178414 22 50.47820725201806
    endloop
  endfacet
  facet normal -0.4713967368260019 0 -0.8819212643483527
    outer loop
      vertex 82.38891237283136 16.9 50.330351379684075
      vertex 82.11229349178414 22 50.47820725201806
      vertex 82.38891237283136 22 50.330351379684075
    endloop
  endfacet
  facet normal 1 0 0
    outer loop
      vertex 78.575 14 47.31125046262034
      vertex 78.575 16.9 47.31125046262034
      vertex 78.575 14 50.68874953737966
    endloop
  endfacet
  facet normal 1 0 0
    outer loop
      vertex 78.575 14 50.68874953737966
      vertex 78.575 16.9 47.31125046262034
      vertex 78.575 16.9 50.68874953737966
    endloop
  endfacet
  facet normal 0.5000000000000008 3.663420352837751e-17 0.8660254037844384
    outer loop
      vertex 78.575 14 47.31125046262034
      vertex 81.5 14 45.622500925240686
      vertex 81.5 16.9 45.622500925240686
    endloop
  endfacet
  facet normal -0.5000000000000008 0 0.8660254037844384
    outer loop
      vertex 81.5 14 45.622500925240686
      vertex 84.425 16.9 47.31125046262034
      vertex 81.5 16.9 45.622500925240686
    endloop
  endfacet
  facet normal 0.5000000000000008 0 0.8660254037844384
    outer loop
      vertex 78.575 14 47.31125046262034
      vertex 81.5 16.9 45.622500925240686
      vertex 78.575 16.9 47.31125046262034
    endloop
  endfacet
  facet normal -0.5000000000000008 -3.663420352837751e-17 0.8660254037844384
    outer loop
      vertex 81.5 14 45.622500925240686
      vertex 84.425 14 47.31125046262034
      vertex 84.425 16.9 47.31125046262034
    endloop
  endfacet
  facet normal -1 0 0
    outer loop
      vertex 84.425 14 47.31125046262034
      vertex 84.425 14 50.68874953737966
      vertex 84.425 16.9 50.68874953737966
    endloop
  endfacet
  facet normal -1 0 0
    outer loop
      vertex 84.425 14 47.31125046262034
      vertex 84.425 16.9 50.68874953737966
      vertex 84.425 16.9 47.31125046262034
    endloop
  endfacet
  facet normal 0.5000000000000008 0 -0.8660254037844384
    outer loop
      vertex 78.575 14 50.68874953737966
      vertex 78.575 16.9 50.68874953737966
      vertex 81.5 14 52.377499074759314
    endloop
  endfacet
  facet normal 0.5000000000000008 0 -0.8660254037844384
    outer loop
      vertex 81.5 14 52.377499074759314
      vertex 78.575 16.9 50.68874953737966
      vertex 81.5 16.9 52.377499074759314
    endloop
  endfacet
  facet normal -0.5000000000000008 0 -0.8660254037844384
    outer loop
      vertex 81.5 14 52.377499074759314
      vertex 81.5 16.9 52.377499074759314
      vertex 84.425 14 50.68874953737966
    endloop
  endfacet
  facet normal -0.5000000000000008 0 -0.8660254037844384
    outer loop
      vertex 84.425 14 50.68874953737966
      vertex 81.5 16.9 52.377499074759314
      vertex 84.425 16.9 50.68874953737966
    endloop
  endfacet
  facet normal 0 -1 0
    outer loop
      vertex 78.575 16.9 47.31125046262034
      vertex 80.61108762716864 16.9 47.669648620315925
      vertex 80.36862915010153 16.9 47.868629150101526
    endloop
  endfacet
  facet normal 0 -1 0
    outer loop
      vertex 78.575 16.9 47.31125046262034
      vertex 80.88770650821586 16.9 47.52179274798194
      vertex 80.61108762716864 16.9 47.669648620315925
    endloop
  endfacet
  facet normal 0 -1 0
    outer loop
      vertex 78.575 16.9 47.31125046262034
      vertex 80.36862915010153 16.9 47.868629150101526
      vertex 80.16964862031593 16.9 48.11108762716864
    endloop
  endfacet
  facet normal 0 -1 0
    outer loop
      vertex 78.575 16.9 47.31125046262034
      vertex 80.16964862031593 16.9 48.11108762716864
      vertex 80.02179274798195 16.9 48.38770650821586
    endloop
  endfacet
  facet normal 0 -1 0
    outer loop
      vertex 78.575 16.9 47.31125046262034
      vertex 80.02179274798195 16.9 48.38770650821586
      vertex 79.93074355135484 16.9 48.6878554847742
    endloop
  endfacet
  facet normal 0 -1 0
    outer loop
      vertex 78.575 16.9 47.31125046262034
      vertex 79.93074355135484 16.9 48.6878554847742
      vertex 79.9 16.9 49
    endloop
  endfacet
  facet normal 0 -1 0
    outer loop
      vertex 78.575 16.9 47.31125046262034
      vertex 81.5 16.9 47.4
      vertex 81.18785548477419 16.9 47.43074355135483
    endloop
  endfacet
  facet normal 0 -1 0
    outer loop
      vertex 78.575 16.9 47.31125046262034
      vertex 81.18785548477419 16.9 47.43074355135483
      vertex 80.88770650821586 16.9 47.52179274798194
    endloop
  endfacet
  facet normal 0 -1 0
    outer loop
      vertex 78.575 16.9 47.31125046262034
      vertex 81.5 16.9 45.622500925240686
      vertex 84.425 16.9 47.31125046262034
    endloop
  endfacet
  facet normal 0 -1 0
    outer loop
      vertex 78.575 16.9 47.31125046262034
      vertex 84.425 16.9 47.31125046262034
      vertex 81.5 16.9 47.4
    endloop
  endfacet
  facet normal 0 -1 0
    outer loop
      vertex 78.575 16.9 47.31125046262034
      vertex 79.93074355135484 16.9 49.3121445152258
      vertex 78.575 16.9 50.68874953737966
    endloop
  endfacet
  facet normal 0 -1 0
    outer loop
      vertex 78.575 16.9 47.31125046262034
      vertex 79.9 16.9 49
      vertex 79.93074355135484 16.9 49.3121445152258
    endloop
  endfacet
  facet normal 0 -1 0
    outer loop
      vertex 78.575 16.9 50.68874953737966
      vertex 79.93074355135484 16.9 49.3121445152258
      vertex 80.02179274798195 16.9 49.61229349178414
    endloop
  endfacet
  facet normal 0 -1 0
    outer loop
      vertex 78.575 16.9 50.68874953737966
      vertex 80.02179274798195 16.9 49.61229349178414
      vertex 80.16964862031593 16.9 49.88891237283136
    endloop
  endfacet
  facet normal 0 -1 0
    outer loop
      vertex 78.575 16.9 50.68874953737966
      vertex 80.16964862031593 16.9 49.88891237283136
      vertex 80.36862915010153 16.9 50.131370849898474
    endloop
  endfacet
  facet normal 0 -1 0
    outer loop
      vertex 81.5 16.9 47.4
      vertex 84.425 16.9 47.31125046262034
      vertex 81.81214451522581 16.9 47.43074355135483
    endloop
  endfacet
  facet normal 0 -1 0
    outer loop
      vertex 81.81214451522581 16.9 47.43074355135483
      vertex 84.425 16.9 47.31125046262034
      vertex 82.11229349178414 16.9 47.52179274798194
    endloop
  endfacet
  facet normal 0 -1 0
    outer loop
      vertex 82.11229349178414 16.9 47.52179274798194
      vertex 84.425 16.9 47.31125046262034
      vertex 82.38891237283136 16.9 47.669648620315925
    endloop
  endfacet
  facet normal 0 -1 0
    outer loop
      vertex 82.38891237283136 16.9 47.669648620315925
      vertex 84.425 16.9 47.31125046262034
      vertex 82.63137084989847 16.9 47.868629150101526
    endloop
  endfacet
  facet normal 0 -1 0
    outer loop
      vertex 82.63137084989847 16.9 47.868629150101526
      vertex 84.425 16.9 47.31125046262034
      vertex 82.83035137968407 16.9 48.11108762716864
    endloop
  endfacet
  facet normal 0 -1 0
    outer loop
      vertex 82.83035137968407 16.9 48.11108762716864
      vertex 84.425 16.9 47.31125046262034
      vertex 82.97820725201805 16.9 48.38770650821586
    endloop
  endfacet
  facet normal 0 -1 0
    outer loop
      vertex 82.97820725201805 16.9 48.38770650821586
      vertex 84.425 16.9 47.31125046262034
      vertex 83.06925644864516 16.9 48.6878554847742
    endloop
  endfacet
  facet normal 0 -1 0
    outer loop
      vertex 83.06925644864516 16.9 48.6878554847742
      vertex 84.425 16.9 47.31125046262034
      vertex 84.425 16.9 50.68874953737966
    endloop
  endfacet
  facet normal 0 -1 0
    outer loop
      vertex 83.06925644864516 16.9 48.6878554847742
      vertex 84.425 16.9 50.68874953737966
      vertex 83.1 16.9 49
    endloop
  endfacet
  facet normal 0 -1 0
    outer loop
      vertex 83.1 16.9 49
      vertex 84.425 16.9 50.68874953737966
      vertex 83.06925644864516 16.9 49.3121445152258
    endloop
  endfacet
  facet normal 0 -1 0
    outer loop
      vertex 82.83035137968407 16.9 49.88891237283136
      vertex 84.425 16.9 50.68874953737966
      vertex 82.63137084989847 16.9 50.131370849898474
    endloop
  endfacet
  facet normal 0 -1 0
    outer loop
      vertex 83.06925644864516 16.9 49.3121445152258
      vertex 84.425 16.9 50.68874953737966
      vertex 82.97820725201805 16.9 49.61229349178414
    endloop
  endfacet
  facet normal 0 -1 0
    outer loop
      vertex 82.83035137968407 16.9 49.88891237283136
      vertex 82.97820725201805 16.9 49.61229349178414
      vertex 84.425 16.9 50.68874953737966
    endloop
  endfacet
  facet normal 0 -1 0
    outer loop
      vertex 78.575 16.9 50.68874953737966
      vertex 80.36862915010153 16.9 50.131370849898474
      vertex 80.61108762716864 16.9 50.330351379684075
    endloop
  endfacet
  facet normal 0 -1 0
    outer loop
      vertex 78.575 16.9 50.68874953737966
      vertex 80.61108762716864 16.9 50.330351379684075
      vertex 80.88770650821586 16.9 50.47820725201806
    endloop
  endfacet
  facet normal 0 -1 0
    outer loop
      vertex 78.575 16.9 50.68874953737966
      vertex 80.88770650821586 16.9 50.47820725201806
      vertex 81.18785548477419 16.9 50.56925644864517
    endloop
  endfacet
  facet normal 0 -1 0
    outer loop
      vertex 78.575 16.9 50.68874953737966
      vertex 81.18785548477419 16.9 50.56925644864517
      vertex 81.5 16.9 50.6
    endloop
  endfacet
  facet normal 0 -1 0
    outer loop
      vertex 78.575 16.9 50.68874953737966
      vertex 81.5 16.9 50.6
      vertex 84.425 16.9 50.68874953737966
    endloop
  endfacet
  facet normal 0 -1 0
    outer loop
      vertex 78.575 16.9 50.68874953737966
      vertex 84.425 16.9 50.68874953737966
      vertex 81.5 16.9 52.377499074759314
    endloop
  endfacet
  facet normal 0 -1 0
    outer loop
      vertex 81.5 16.9 50.6
      vertex 81.81214451522581 16.9 50.56925644864517
      vertex 84.425 16.9 50.68874953737966
    endloop
  endfacet
  facet normal 0 -1 0
    outer loop
      vertex 81.81214451522581 16.9 50.56925644864517
      vertex 82.11229349178414 16.9 50.47820725201806
      vertex 84.425 16.9 50.68874953737966
    endloop
  endfacet
  facet normal 0 -1 0
    outer loop
      vertex 82.11229349178414 16.9 50.47820725201806
      vertex 82.38891237283136 16.9 50.330351379684075
      vertex 84.425 16.9 50.68874953737966
    endloop
  endfacet
  facet normal 0 -1 0
    outer loop
      vertex 82.63137084989847 16.9 50.131370849898474
      vertex 84.425 16.9 50.68874953737966
      vertex 82.38891237283136 16.9 50.330351379684075
    endloop
  endfacet
  facet normal 0 1 0
    outer loop
      vertex -8.6 12 55
      vertex -8.6 12 57.5
      vertex 8.6 12 55
    endloop
  endfacet
  facet normal 1 0 0
    outer loop
      vertex -8.6 12 55
      vertex -8.6 20 55
      vertex -8.6 12 57.5
    endloop
  endfacet
  facet normal 1 0 0
    outer loop
      vertex -8.6 12 57.5
      vertex -8.6 20 55
      vertex -8.6 20 57.5
    endloop
  endfacet
  facet normal 0 -1 0
    outer loop
      vertex -8.6 20 55
      vertex 8.6 20 57.5
      vertex -8.6 20 57.5
    endloop
  endfacet
  facet normal 0 1 0
    outer loop
      vertex -8.6 12 57.5
      vertex 8.6 12 57.5
      vertex 8.6 12 55
    endloop
  endfacet
  facet normal -1 0 0
    outer loop
      vertex 8.6 12 55
      vertex 8.6 12 57.5
      vertex 8.6 20 55
    endloop
  endfacet
  facet normal -1 0 0
    outer loop
      vertex 8.6 12 57.5
      vertex 8.6 20 57.5
      vertex 8.6 20 55
    endloop
  endfacet
  facet normal 0 -1 0
    outer loop
      vertex -8.6 20 55
      vertex 8.6 20 55
      vertex 8.6 20 57.5
    endloop
  endfacet
  facet normal -0.6343932841636445 0 -0.7730104533627378
    outer loop
      vertex 67.17157287525382 -16.5 47.17157287525381
      vertex 67.7777190679216 -22.5 46.67412155078982
      vertex 67.17157287525382 -22.5 47.17157287525381
    endloop
  endfacet
  facet normal -0.7730104533627371 0 -0.6343932841636455
    outer loop
      vertex 67.17157287525382 -16.5 47.17157287525381
      vertex 67.17157287525382 -22.5 47.17157287525381
      vertex 66.67412155078982 -22.5 47.777719067921595
    endloop
  endfacet
  facet normal -0.8819212643483548 0 -0.4713967368259979
    outer loop
      vertex 66.67412155078982 -16.5 47.777719067921595
      vertex 66.67412155078982 -22.5 47.777719067921595
      vertex 66.30448186995486 -22.5 48.46926627053964
    endloop
  endfacet
  facet normal -0.9951847266721978 0 -0.09801714032955187
    outer loop
      vertex 66.07685887838707 -16.5 49.21963871193549
      vertex 66.07685887838707 -22.5 49.21963871193549
      vertex 66 -22.5 50
    endloop
  endfacet
  facet normal -0.9951847266721978 0 0.09801714032955187
    outer loop
      vertex 66 -16.5 50
      vertex 66 -22.5 50
      vertex 66.07685887838707 -22.5 50.78036128806451
    endloop
  endfacet
  facet normal -0.9569403357322056 0 -0.2902846772544736
    outer loop
      vertex 66.30448186995486 -16.5 48.46926627053964
      vertex 66.30448186995486 -22.5 48.46926627053964
      vertex 66.07685887838707 -22.5 49.21963871193549
    endloop
  endfacet
  facet normal -0.9569403357322056 0 0.2902846772544736
    outer loop
      vertex 66.07685887838707 -16.5 50.78036128806451
      vertex 66.07685887838707 -22.5 50.78036128806451
      vertex 66.30448186995486 -22.5 51.53073372946036
    endloop
  endfacet
  facet normal -0.8819212643483548 0 0.4713967368259979
    outer loop
      vertex 66.30448186995486 -16.5 51.53073372946036
      vertex 66.30448186995486 -22.5 51.53073372946036
      vertex 66.67412155078982 -22.5 52.222280932078405
    endloop
  endfacet
  facet normal -0.7730104533627371 0 0.6343932841636455
    outer loop
      vertex 66.67412155078982 -16.5 52.222280932078405
      vertex 66.67412155078982 -22.5 52.222280932078405
      vertex 67.17157287525382 -22.5 52.82842712474619
    endloop
  endfacet
  facet normal -0.7730104533627371 0 -0.6343932841636455
    outer loop
      vertex 66.67412155078982 -16.5 47.777719067921595
      vertex 67.17157287525382 -16.5 47.17157287525381
      vertex 66.67412155078982 -22.5 47.777719067921595
    endloop
  endfacet
  facet normal -0.8819212643483548 3.785773978469004e-18 -0.4713967368259979
    outer loop
      vertex 66.67412155078982 -16.5 47.777719067921595
      vertex 66.30448186995486 -22.5 48.46926627053964
      vertex 66.30448186995486 -16.5 48.46926627053964
    endloop
  endfacet
  facet normal -0.9951847266721978 -3.566295650598619e-19 -0.09801714032955187
    outer loop
      vertex 66.07685887838707 -16.5 49.21963871193549
      vertex 66 -22.5 50
      vertex 66 -16.5 50
    endloop
  endfacet
  facet normal -0.9569403357322056 2.1799645575666815e-18 -0.2902846772544736
    outer loop
      vertex 66.30448186995486 -16.5 48.46926627053964
      vertex 66.07685887838707 -22.5 49.21963871193549
      vertex 66.07685887838707 -16.5 49.21963871193549
    endloop
  endfacet
  facet normal 0 1 0
    outer loop
      vertex 66.07685887838707 -16.5 49.21963871193549
      vertex 66 -16.5 50
      vertex 66.07685887838707 -16.5 50.78036128806451
    endloop
  endfacet
  facet normal 0 1 0
    outer loop
      vertex 66.67412155078982 -16.5 47.777719067921595
      vertex 67.17157287525382 -16.5 52.82842712474619
      vertex 67.17157287525382 -16.5 47.17157287525381
    endloop
  endfacet
  facet normal 0 1 0
    outer loop
      vertex 66.30448186995486 -16.5 48.46926627053964
      vertex 66.07685887838707 -16.5 49.21963871193549
      vertex 66.30448186995486 -16.5 51.53073372946036
    endloop
  endfacet
  facet normal 0 1 0
    outer loop
      vertex 66.67412155078982 -16.5 47.777719067921595
      vertex 66.30448186995486 -16.5 48.46926627053964
      vertex 66.67412155078982 -16.5 52.222280932078405
    endloop
  endfacet
  facet normal -0.9951847266721978 3.566295650598619e-19 0.09801714032955187
    outer loop
      vertex 66 -16.5 50
      vertex 66.07685887838707 -22.5 50.78036128806451
      vertex 66.07685887838707 -16.5 50.78036128806451
    endloop
  endfacet
  facet normal -0.9569403357322056 -2.1799645575666815e-18 0.2902846772544736
    outer loop
      vertex 66.07685887838707 -16.5 50.78036128806451
      vertex 66.30448186995486 -22.5 51.53073372946036
      vertex 66.30448186995486 -16.5 51.53073372946036
    endloop
  endfacet
  facet normal -0.8819212643483548 -3.785773978469004e-18 0.4713967368259979
    outer loop
      vertex 66.30448186995486 -16.5 51.53073372946036
      vertex 66.67412155078982 -22.5 52.222280932078405
      vertex 66.67412155078982 -16.5 52.222280932078405
    endloop
  endfacet
  facet normal -0.7730104533627371 3.7558234321962494e-18 0.6343932841636455
    outer loop
      vertex 66.67412155078982 -16.5 52.222280932078405
      vertex 67.17157287525382 -22.5 52.82842712474619
      vertex 67.17157287525382 -16.5 52.82842712474619
    endloop
  endfacet
  facet normal -0.6343932841636445 0 0.7730104533627378
    outer loop
      vertex 67.17157287525382 -16.5 52.82842712474619
      vertex 67.17157287525382 -22.5 52.82842712474619
      vertex 67.7777190679216 -16.5 53.32587844921018
    endloop
  endfacet
  facet normal 0 1 0
    outer loop
      vertex 66.07685887838707 -16.5 49.21963871193549
      vertex 66.07685887838707 -16.5 50.78036128806451
      vertex 66.30448186995486 -16.5 51.53073372946036
    endloop
  endfacet
  facet normal 0 1 0
    outer loop
      vertex 66.30448186995486 -16.5 48.46926627053964
      vertex 66.30448186995486 -16.5 51.53073372946036
      vertex 66.67412155078982 -16.5 52.222280932078405
    endloop
  endfacet
  facet normal 0 1 0
    outer loop
      vertex 66.67412155078982 -16.5 47.777719067921595
      vertex 66.67412155078982 -16.5 52.222280932078405
      vertex 67.17157287525382 -16.5 52.82842712474619
    endloop
  endfacet
  facet normal 0 1 0
    outer loop
      vertex 67.17157287525382 -16.5 47.17157287525381
      vertex 67.17157287525382 -16.5 52.82842712474619
      vertex 67.7777190679216 -16.5 53.32587844921018
    endloop
  endfacet
  facet normal -0.47139673682600164 0 -0.8819212643483528
    outer loop
      vertex 67.7777190679216 -16.5 46.67412155078982
      vertex 68.46926627053963 -22.5 46.304481869954856
      vertex 67.7777190679216 -22.5 46.67412155078982
    endloop
  endfacet
  facet normal -0.2902846772544627 0 -0.9569403357322087
    outer loop
      vertex 68.46926627053963 -16.5 46.304481869954856
      vertex 69.21963871193549 -22.5 46.07685887838708
      vertex 68.46926627053963 -22.5 46.304481869954856
    endloop
  endfacet
  facet normal -0.09801714032956084 0 -0.9951847266721968
    outer loop
      vertex 69.21963871193549 -16.5 46.07685887838708
      vertex 70 -22.5 46
      vertex 69.21963871193549 -22.5 46.07685887838708
    endloop
  endfacet
  facet normal 0.09801714032956084 0 -0.9951847266721968
    outer loop
      vertex 70 -16.5 46
      vertex 70.78036128806451 -22.5 46.07685887838708
      vertex 70 -22.5 46
    endloop
  endfacet
  facet normal 0.2902846772544627 0 -0.9569403357322087
    outer loop
      vertex 70.78036128806451 -16.5 46.07685887838708
      vertex 71.53073372946037 -22.5 46.304481869954856
      vertex 70.78036128806451 -22.5 46.07685887838708
    endloop
  endfacet
  facet normal 0.47139673682600164 0 -0.8819212643483528
    outer loop
      vertex 71.53073372946037 -16.5 46.304481869954856
      vertex 72.2222809320784 -22.5 46.67412155078982
      vertex 71.53073372946037 -22.5 46.304481869954856
    endloop
  endfacet
  facet normal 0.6343932841636445 0 -0.7730104533627378
    outer loop
      vertex 72.2222809320784 -16.5 46.67412155078982
      vertex 72.82842712474618 -22.5 47.17157287525381
      vertex 72.2222809320784 -22.5 46.67412155078982
    endloop
  endfacet
  facet normal 0.7730104533627371 0 -0.6343932841636455
    outer loop
      vertex 73.32587844921018 -16.5 47.777719067921595
      vertex 73.32587844921018 -22.5 47.777719067921595
      vertex 72.82842712474618 -22.5 47.17157287525381
    endloop
  endfacet
  facet normal 0.8819212643483548 0 -0.4713967368259979
    outer loop
      vertex 73.69551813004514 -16.5 48.46926627053964
      vertex 73.69551813004514 -22.5 48.46926627053964
      vertex 73.32587844921018 -22.5 47.777719067921595
    endloop
  endfacet
  facet normal 0.9569403357322056 0 -0.2902846772544736
    outer loop
      vertex 73.92314112161293 -16.5 49.21963871193549
      vertex 73.92314112161293 -22.5 49.21963871193549
      vertex 73.69551813004514 -22.5 48.46926627053964
    endloop
  endfacet
  facet normal 0.9951847266721978 0 -0.09801714032955187
    outer loop
      vertex 74 -16.5 50
      vertex 74 -22.5 50
      vertex 73.92314112161293 -22.5 49.21963871193549
    endloop
  endfacet
  facet normal -0.6343932841636445 0 0.7730104533627378
    outer loop
      vertex 67.7777190679216 -16.5 53.32587844921018
      vertex 67.17157287525382 -22.5 52.82842712474619
      vertex 67.7777190679216 -22.5 53.32587844921018
    endloop
  endfacet
  facet normal -0.47139673682600164 0 0.8819212643483528
    outer loop
      vertex 68.46926627053963 -16.5 53.695518130045144
      vertex 67.7777190679216 -22.5 53.32587844921018
      vertex 68.46926627053963 -22.5 53.695518130045144
    endloop
  endfacet
  facet normal -0.2902846772544627 0 0.9569403357322087
    outer loop
      vertex 69.21963871193549 -16.5 53.92314112161292
      vertex 68.46926627053963 -22.5 53.695518130045144
      vertex 69.21963871193549 -22.5 53.92314112161292
    endloop
  endfacet
  facet normal 0.2902846772544627 0 0.9569403357322087
    outer loop
      vertex 71.53073372946037 -16.5 53.695518130045144
      vertex 70.78036128806451 -22.5 53.92314112161292
      vertex 71.53073372946037 -22.5 53.695518130045144
    endloop
  endfacet
  facet normal 0.6343932841636445 0 0.7730104533627378
    outer loop
      vertex 72.82842712474618 -16.5 52.82842712474619
      vertex 72.2222809320784 -22.5 53.32587844921018
      vertex 72.82842712474618 -22.5 52.82842712474619
    endloop
  endfacet
  facet normal 0.7730104533627371 0 0.6343932841636455
    outer loop
      vertex 72.82842712474618 -16.5 52.82842712474619
      vertex 72.82842712474618 -22.5 52.82842712474619
      vertex 73.32587844921018 -22.5 52.222280932078405
    endloop
  endfacet
  facet normal 0.47139673682600164 0 0.8819212643483528
    outer loop
      vertex 72.2222809320784 -16.5 53.32587844921018
      vertex 71.53073372946037 -22.5 53.695518130045144
      vertex 72.2222809320784 -22.5 53.32587844921018
    endloop
  endfacet
  facet normal -0.09801714032956084 0 0.9951847266721968
    outer loop
      vertex 70 -16.5 54
      vertex 69.21963871193549 -22.5 53.92314112161292
      vertex 70 -22.5 54
    endloop
  endfacet
  facet normal 0.09801714032956084 0 0.9951847266721968
    outer loop
      vertex 70.78036128806451 -16.5 53.92314112161292
      vertex 70 -22.5 54
      vertex 70.78036128806451 -22.5 53.92314112161292
    endloop
  endfacet
  facet normal 0.9951847266721978 0 0.09801714032955187
    outer loop
      vertex 73.92314112161293 -16.5 50.78036128806451
      vertex 73.92314112161293 -22.5 50.78036128806451
      vertex 74 -22.5 50
    endloop
  endfacet
  facet normal 0.9569403357322056 0 0.2902846772544736
    outer loop
      vertex 73.69551813004514 -16.5 51.53073372946036
      vertex 73.69551813004514 -22.5 51.53073372946036
      vertex 73.92314112161293 -22.5 50.78036128806451
    endloop
  endfacet
  facet normal 0.8819212643483548 0 0.4713967368259979
    outer loop
      vertex 73.32587844921018 -16.5 52.222280932078405
      vertex 73.32587844921018 -22.5 52.222280932078405
      vertex 73.69551813004514 -22.5 51.53073372946036
    endloop
  endfacet
  facet normal -0.47139673682600164 -4.3096125173382335e-18 -0.8819212643483528
    outer loop
      vertex 67.7777190679216 -16.5 46.67412155078982
      vertex 68.46926627053963 -16.5 46.304481869954856
      vertex 68.46926627053963 -22.5 46.304481869954856
    endloop
  endfacet
  facet normal -0.2902846772544627 1.1408413451618194e-18 -0.9569403357322087
    outer loop
      vertex 68.46926627053963 -16.5 46.304481869954856
      vertex 69.21963871193549 -16.5 46.07685887838708
      vertex 69.21963871193549 -22.5 46.07685887838708
    endloop
  endfacet
  facet normal -0.09801714032956084 -4.893052979224666e-19 -0.9951847266721968
    outer loop
      vertex 69.21963871193549 -16.5 46.07685887838708
      vertex 70 -16.5 46
      vertex 70 -22.5 46
    endloop
  endfacet
  facet normal 0.09801714032956084 4.893052979224666e-19 -0.9951847266721968
    outer loop
      vertex 70 -16.5 46
      vertex 70.78036128806451 -16.5 46.07685887838708
      vertex 70.78036128806451 -22.5 46.07685887838708
    endloop
  endfacet
  facet normal 0.2902846772544627 -1.1408413451618194e-18 -0.9569403357322087
    outer loop
      vertex 70.78036128806451 -16.5 46.07685887838708
      vertex 71.53073372946037 -16.5 46.304481869954856
      vertex 71.53073372946037 -22.5 46.304481869954856
    endloop
  endfacet
  facet normal 0.47139673682600164 4.3096125173382335e-18 -0.8819212643483528
    outer loop
      vertex 71.53073372946037 -16.5 46.304481869954856
      vertex 72.2222809320784 -16.5 46.67412155078982
      vertex 72.2222809320784 -22.5 46.67412155078982
    endloop
  endfacet
  facet normal -0.6343932841636445 0 -0.7730104533627378
    outer loop
      vertex 67.7777190679216 -16.5 46.67412155078982
      vertex 67.7777190679216 -22.5 46.67412155078982
      vertex 67.17157287525382 -16.5 47.17157287525381
    endloop
  endfacet
  facet normal 0.6343932841636445 6.824522951262054e-19 -0.7730104533627378
    outer loop
      vertex 72.2222809320784 -16.5 46.67412155078982
      vertex 72.82842712474618 -16.5 47.17157287525381
      vertex 72.82842712474618 -22.5 47.17157287525381
    endloop
  endfacet
  facet normal 0.7730104533627371 0 -0.6343932841636455
    outer loop
      vertex 72.82842712474618 -16.5 47.17157287525381
      vertex 73.32587844921018 -16.5 47.777719067921595
      vertex 72.82842712474618 -22.5 47.17157287525381
    endloop
  endfacet
  facet normal 0 1 0
    outer loop
      vertex 68.46926627053963 -16.5 46.304481869954856
      vertex 69.00223646523695 -16.5 49.333315720376476
      vertex 69.15147186257614 -16.5 49.151471862576145
    endloop
  endfacet
  facet normal 0 1 0
    outer loop
      vertex 68.46926627053963 -16.5 46.304481869954856
      vertex 68.89134456098645 -16.5 49.54077988116189
      vertex 69.00223646523695 -16.5 49.333315720376476
    endloop
  endfacet
  facet normal 0 1 0
    outer loop
      vertex 68.46926627053963 -16.5 46.304481869954856
      vertex 69.33331572037648 -16.5 49.00223646523695
      vertex 69.21963871193549 -16.5 46.07685887838708
    endloop
  endfacet
  facet normal 0 1 0
    outer loop
      vertex 69.21963871193549 -16.5 46.07685887838708
      vertex 70 -16.5 48.8
      vertex 70 -16.5 46
    endloop
  endfacet
  facet normal 0 1 0
    outer loop
      vertex 69.21963871193549 -16.5 46.07685887838708
      vertex 69.33331572037648 -16.5 49.00223646523695
      vertex 69.5407798811619 -16.5 48.891344560986454
    endloop
  endfacet
  facet normal 0 1 0
    outer loop
      vertex 69.21963871193549 -16.5 46.07685887838708
      vertex 69.5407798811619 -16.5 48.891344560986454
      vertex 69.76589161358065 -16.5 48.823057663516124
    endloop
  endfacet
  facet normal 0 1 0
    outer loop
      vertex 68.46926627053963 -16.5 46.304481869954856
      vertex 69.15147186257614 -16.5 49.151471862576145
      vertex 69.33331572037648 -16.5 49.00223646523695
    endloop
  endfacet
  facet normal 0 1 0
    outer loop
      vertex 69.21963871193549 -16.5 46.07685887838708
      vertex 69.76589161358065 -16.5 48.823057663516124
      vertex 70 -16.5 48.8
    endloop
  endfacet
  facet normal 0 1 0
    outer loop
      vertex 70 -16.5 46
      vertex 70 -16.5 48.8
      vertex 70.23410838641935 -16.5 48.823057663516124
    endloop
  endfacet
  facet normal 0 1 0
    outer loop
      vertex 70 -16.5 46
      vertex 70.23410838641935 -16.5 48.823057663516124
      vertex 70.4592201188381 -16.5 48.891344560986454
    endloop
  endfacet
  facet normal 0 1 0
    outer loop
      vertex 67.7777190679216 -16.5 46.67412155078982
      vertex 67.17157287525382 -16.5 47.17157287525381
      vertex 67.7777190679216 -16.5 53.32587844921018
    endloop
  endfacet
  facet normal 0 1 0
    outer loop
      vertex 67.7777190679216 -16.5 46.67412155078982
      vertex 68.46926627053963 -16.5 53.695518130045144
      vertex 68.46926627053963 -16.5 46.304481869954856
    endloop
  endfacet
  facet normal 0 1 0
    outer loop
      vertex 68.46926627053963 -16.5 46.304481869954856
      vertex 68.82305766351612 -16.5 49.76589161358065
      vertex 68.89134456098645 -16.5 49.54077988116189
    endloop
  endfacet
  facet normal 0 1 0
    outer loop
      vertex 68.46926627053963 -16.5 46.304481869954856
      vertex 68.8 -16.5 50
      vertex 68.82305766351612 -16.5 49.76589161358065
    endloop
  endfacet
  facet normal 0 1 0
    outer loop
      vertex 68.46926627053963 -16.5 46.304481869954856
      vertex 68.46926627053963 -16.5 53.695518130045144
      vertex 68.8 -16.5 50
    endloop
  endfacet
  facet normal 0 1 0
    outer loop
      vertex 70 -16.5 46
      vertex 70.4592201188381 -16.5 48.891344560986454
      vertex 70.78036128806451 -16.5 46.07685887838708
    endloop
  endfacet
  facet normal 0 1 0
    outer loop
      vertex 70.78036128806451 -16.5 46.07685887838708
      vertex 71.17694233648388 -16.5 49.76589161358065
      vertex 71.53073372946037 -16.5 46.304481869954856
    endloop
  endfacet
  facet normal 0 1 0
    outer loop
      vertex 70.78036128806451 -16.5 46.07685887838708
      vertex 70.4592201188381 -16.5 48.891344560986454
      vertex 70.66668427962352 -16.5 49.00223646523695
    endloop
  endfacet
  facet normal 0 1 0
    outer loop
      vertex 70.78036128806451 -16.5 46.07685887838708
      vertex 70.66668427962352 -16.5 49.00223646523695
      vertex 70.84852813742386 -16.5 49.151471862576145
    endloop
  endfacet
  facet normal 0 1 0
    outer loop
      vertex 70.78036128806451 -16.5 46.07685887838708
      vertex 70.84852813742386 -16.5 49.151471862576145
      vertex 70.99776353476305 -16.5 49.333315720376476
    endloop
  endfacet
  facet normal 0 1 0
    outer loop
      vertex 70.78036128806451 -16.5 46.07685887838708
      vertex 70.99776353476305 -16.5 49.333315720376476
      vertex 71.10865543901355 -16.5 49.54077988116189
    endloop
  endfacet
  facet normal 0 1 0
    outer loop
      vertex 70.78036128806451 -16.5 46.07685887838708
      vertex 71.10865543901355 -16.5 49.54077988116189
      vertex 71.17694233648388 -16.5 49.76589161358065
    endloop
  endfacet
  facet normal 0 1 0
    outer loop
      vertex 71.53073372946037 -16.5 46.304481869954856
      vertex 71.17694233648388 -16.5 49.76589161358065
      vertex 71.2 -16.5 50
    endloop
  endfacet
  facet normal 0 1 0
    outer loop
      vertex 71.53073372946037 -16.5 46.304481869954856
      vertex 71.2 -16.5 50
      vertex 71.53073372946037 -16.5 53.695518130045144
    endloop
  endfacet
  facet normal 0 1 0
    outer loop
      vertex 71.53073372946037 -16.5 46.304481869954856
      vertex 72.2222809320784 -16.5 53.32587844921018
      vertex 72.2222809320784 -16.5 46.67412155078982
    endloop
  endfacet
  facet normal 0 1 0
    outer loop
      vertex 72.2222809320784 -16.5 46.67412155078982
      vertex 72.82842712474618 -16.5 52.82842712474619
      vertex 72.82842712474618 -16.5 47.17157287525381
    endloop
  endfacet
  facet normal 0.8819212643483548 0 -0.4713967368259979
    outer loop
      vertex 73.32587844921018 -16.5 47.777719067921595
      vertex 73.69551813004514 -16.5 48.46926627053964
      vertex 73.32587844921018 -22.5 47.777719067921595
    endloop
  endfacet
  facet normal 0.9569403357322056 0 -0.2902846772544736
    outer loop
      vertex 73.69551813004514 -16.5 48.46926627053964
      vertex 73.92314112161293 -16.5 49.21963871193549
      vertex 73.69551813004514 -22.5 48.46926627053964
    endloop
  endfacet
  facet normal 0.9951847266721978 0 -0.09801714032955187
    outer loop
      vertex 73.92314112161293 -16.5 49.21963871193549
      vertex 74 -16.5 50
      vertex 73.92314112161293 -22.5 49.21963871193549
    endloop
  endfacet
  facet normal 0.9951847266721978 0 0.09801714032955187
    outer loop
      vertex 74 -16.5 50
      vertex 73.92314112161293 -16.5 50.78036128806451
      vertex 74 -22.5 50
    endloop
  endfacet
  facet normal 0 1 0
    outer loop
      vertex 72.82842712474618 -16.5 47.17157287525381
      vertex 73.32587844921018 -16.5 52.222280932078405
      vertex 73.32587844921018 -16.5 47.777719067921595
    endloop
  endfacet
  facet normal 0 1 0
    outer loop
      vertex 73.32587844921018 -16.5 47.777719067921595
      vertex 73.69551813004514 -16.5 51.53073372946036
      vertex 73.69551813004514 -16.5 48.46926627053964
    endloop
  endfacet
  facet normal 0 1 0
    outer loop
      vertex 73.69551813004514 -16.5 48.46926627053964
      vertex 73.69551813004514 -16.5 51.53073372946036
      vertex 73.92314112161293 -16.5 50.78036128806451
    endloop
  endfacet
  facet normal 0 1 0
    outer loop
      vertex 73.69551813004514 -16.5 48.46926627053964
      vertex 73.92314112161293 -16.5 50.78036128806451
      vertex 73.92314112161293 -16.5 49.21963871193549
    endloop
  endfacet
  facet normal 0 1 0
    outer loop
      vertex 73.92314112161293 -16.5 49.21963871193549
      vertex 73.92314112161293 -16.5 50.78036128806451
      vertex 74 -16.5 50
    endloop
  endfacet
  facet normal -0.47139673682600164 0 0.8819212643483528
    outer loop
      vertex 67.7777190679216 -16.5 53.32587844921018
      vertex 67.7777190679216 -22.5 53.32587844921018
      vertex 68.46926627053963 -16.5 53.695518130045144
    endloop
  endfacet
  facet normal -0.2902846772544627 0 0.9569403357322087
    outer loop
      vertex 68.46926627053963 -16.5 53.695518130045144
      vertex 68.46926627053963 -22.5 53.695518130045144
      vertex 69.21963871193549 -16.5 53.92314112161292
    endloop
  endfacet
  facet normal 0.2902846772544627 0 0.9569403357322087
    outer loop
      vertex 70.78036128806451 -16.5 53.92314112161292
      vertex 70.78036128806451 -22.5 53.92314112161292
      vertex 71.53073372946037 -16.5 53.695518130045144
    endloop
  endfacet
  facet normal 0.47139673682600164 0 0.8819212643483528
    outer loop
      vertex 71.53073372946037 -16.5 53.695518130045144
      vertex 71.53073372946037 -22.5 53.695518130045144
      vertex 72.2222809320784 -16.5 53.32587844921018
    endloop
  endfacet
  facet normal 0.6343932841636445 -6.824522951262054e-19 0.7730104533627378
    outer loop
      vertex 72.82842712474618 -16.5 52.82842712474619
      vertex 72.2222809320784 -16.5 53.32587844921018
      vertex 72.2222809320784 -22.5 53.32587844921018
    endloop
  endfacet
  facet normal -0.09801714032956084 0 0.9951847266721968
    outer loop
      vertex 69.21963871193549 -16.5 53.92314112161292
      vertex 69.21963871193549 -22.5 53.92314112161292
      vertex 70 -16.5 54
    endloop
  endfacet
  facet normal 0.09801714032956084 0 0.9951847266721968
    outer loop
      vertex 70 -16.5 54
      vertex 70 -22.5 54
      vertex 70.78036128806451 -16.5 53.92314112161292
    endloop
  endfacet
  facet normal 0 1 0
    outer loop
      vertex 67.7777190679216 -16.5 46.67412155078982
      vertex 67.7777190679216 -16.5 53.32587844921018
      vertex 68.46926627053963 -16.5 53.695518130045144
    endloop
  endfacet
  facet normal 0 1 0
    outer loop
      vertex 68.8 -16.5 50
      vertex 68.46926627053963 -16.5 53.695518130045144
      vertex 68.82305766351612 -16.5 50.23410838641935
    endloop
  endfacet
  facet normal 0 1 0
    outer loop
      vertex 68.82305766351612 -16.5 50.23410838641935
      vertex 69.21963871193549 -16.5 53.92314112161292
      vertex 68.89134456098645 -16.5 50.45922011883811
    endloop
  endfacet
  facet normal 0 1 0
    outer loop
      vertex 68.89134456098645 -16.5 50.45922011883811
      vertex 69.21963871193549 -16.5 53.92314112161292
      vertex 69.00223646523695 -16.5 50.666684279623524
    endloop
  endfacet
  facet normal 0 1 0
    outer loop
      vertex 69.00223646523695 -16.5 50.666684279623524
      vertex 69.21963871193549 -16.5 53.92314112161292
      vertex 69.15147186257614 -16.5 50.848528137423855
    endloop
  endfacet
  facet normal 0 1 0
    outer loop
      vertex 69.15147186257614 -16.5 50.848528137423855
      vertex 69.21963871193549 -16.5 53.92314112161292
      vertex 69.33331572037648 -16.5 50.99776353476305
    endloop
  endfacet
  facet normal 0 1 0
    outer loop
      vertex 69.33331572037648 -16.5 50.99776353476305
      vertex 69.21963871193549 -16.5 53.92314112161292
      vertex 69.5407798811619 -16.5 51.108655439013546
    endloop
  endfacet
  facet normal 0 1 0
    outer loop
      vertex 69.5407798811619 -16.5 51.108655439013546
      vertex 70 -16.5 54
      vertex 69.76589161358065 -16.5 51.176942336483876
    endloop
  endfacet
  facet normal 0 1 0
    outer loop
      vertex 68.82305766351612 -16.5 50.23410838641935
      vertex 68.46926627053963 -16.5 53.695518130045144
      vertex 69.21963871193549 -16.5 53.92314112161292
    endloop
  endfacet
  facet normal 0 1 0
    outer loop
      vertex 69.76589161358065 -16.5 51.176942336483876
      vertex 70 -16.5 54
      vertex 70 -16.5 51.2
    endloop
  endfacet
  facet normal 0 1 0
    outer loop
      vertex 69.21963871193549 -16.5 53.92314112161292
      vertex 70 -16.5 54
      vertex 69.5407798811619 -16.5 51.108655439013546
    endloop
  endfacet
  facet normal 0 1 0
    outer loop
      vertex 70 -16.5 51.2
      vertex 70 -16.5 54
      vertex 70.78036128806451 -16.5 53.92314112161292
    endloop
  endfacet
  facet normal 0 1 0
    outer loop
      vertex 70 -16.5 51.2
      vertex 70.78036128806451 -16.5 53.92314112161292
      vertex 70.23410838641935 -16.5 51.176942336483876
    endloop
  endfacet
  facet normal 0 1 0
    outer loop
      vertex 70.23410838641935 -16.5 51.176942336483876
      vertex 70.78036128806451 -16.5 53.92314112161292
      vertex 70.4592201188381 -16.5 51.108655439013546
    endloop
  endfacet
  facet normal 0 1 0
    outer loop
      vertex 70.4592201188381 -16.5 51.108655439013546
      vertex 70.78036128806451 -16.5 53.92314112161292
      vertex 70.66668427962352 -16.5 50.99776353476305
    endloop
  endfacet
  facet normal 0 1 0
    outer loop
      vertex 70.84852813742386 -16.5 50.848528137423855
      vertex 70.66668427962352 -16.5 50.99776353476305
      vertex 71.53073372946037 -16.5 53.695518130045144
    endloop
  endfacet
  facet normal 0 1 0
    outer loop
      vertex 71.2 -16.5 50
      vertex 71.17694233648388 -16.5 50.23410838641935
      vertex 71.53073372946037 -16.5 53.695518130045144
    endloop
  endfacet
  facet normal 0 1 0
    outer loop
      vertex 71.10865543901355 -16.5 50.45922011883811
      vertex 71.53073372946037 -16.5 53.695518130045144
      vertex 71.17694233648388 -16.5 50.23410838641935
    endloop
  endfacet
  facet normal 0 1 0
    outer loop
      vertex 71.10865543901355 -16.5 50.45922011883811
      vertex 70.99776353476305 -16.5 50.666684279623524
      vertex 71.53073372946037 -16.5 53.695518130045144
    endloop
  endfacet
  facet normal 0 1 0
    outer loop
      vertex 70.99776353476305 -16.5 50.666684279623524
      vertex 70.84852813742386 -16.5 50.848528137423855
      vertex 71.53073372946037 -16.5 53.695518130045144
    endloop
  endfacet
  facet normal 0 1 0
    outer loop
      vertex 71.53073372946037 -16.5 46.304481869954856
      vertex 71.53073372946037 -16.5 53.695518130045144
      vertex 72.2222809320784 -16.5 53.32587844921018
    endloop
  endfacet
  facet normal 0 1 0
    outer loop
      vertex 72.82842712474618 -16.5 47.17157287525381
      vertex 72.82842712474618 -16.5 52.82842712474619
      vertex 73.32587844921018 -16.5 52.222280932078405
    endloop
  endfacet
  facet normal 0 1 0
    outer loop
      vertex 72.2222809320784 -16.5 46.67412155078982
      vertex 72.2222809320784 -16.5 53.32587844921018
      vertex 72.82842712474618 -16.5 52.82842712474619
    endloop
  endfacet
  facet normal 0 1 0
    outer loop
      vertex 70.66668427962352 -16.5 50.99776353476305
      vertex 70.78036128806451 -16.5 53.92314112161292
      vertex 71.53073372946037 -16.5 53.695518130045144
    endloop
  endfacet
  facet normal 0.9569403357322056 0 0.2902846772544736
    outer loop
      vertex 73.92314112161293 -16.5 50.78036128806451
      vertex 73.69551813004514 -16.5 51.53073372946036
      vertex 73.92314112161293 -22.5 50.78036128806451
    endloop
  endfacet
  facet normal 0.8819212643483548 0 0.4713967368259979
    outer loop
      vertex 73.69551813004514 -16.5 51.53073372946036
      vertex 73.32587844921018 -16.5 52.222280932078405
      vertex 73.69551813004514 -22.5 51.53073372946036
    endloop
  endfacet
  facet normal 0.7730104533627371 0 0.6343932841636455
    outer loop
      vertex 73.32587844921018 -16.5 52.222280932078405
      vertex 72.82842712474618 -16.5 52.82842712474619
      vertex 73.32587844921018 -22.5 52.222280932078405
    endloop
  endfacet
  facet normal 0 1 0
    outer loop
      vertex 73.32587844921018 -16.5 47.777719067921595
      vertex 73.32587844921018 -16.5 52.222280932078405
      vertex 73.69551813004514 -16.5 51.53073372946036
    endloop
  endfacet
  facet normal -0.6343932841636445 0 -0.7730104533627378
    outer loop
      vertex 67.17157287525382 -16.5 -32.82842712474619
      vertex 67.7777190679216 -22.5 -33.32587844921018
      vertex 67.17157287525382 -22.5 -32.82842712474619
    endloop
  endfacet
  facet normal -0.7730104533627371 0 -0.6343932841636455
    outer loop
      vertex 67.17157287525382 -16.5 -32.82842712474619
      vertex 67.17157287525382 -22.5 -32.82842712474619
      vertex 66.67412155078982 -22.5 -32.222280932078405
    endloop
  endfacet
  facet normal -0.8819212643483548 0 -0.4713967368259979
    outer loop
      vertex 66.67412155078982 -16.5 -32.222280932078405
      vertex 66.67412155078982 -22.5 -32.222280932078405
      vertex 66.30448186995486 -22.5 -31.53073372946036
    endloop
  endfacet
  facet normal -0.9569403357322056 0 -0.2902846772544736
    outer loop
      vertex 66.30448186995486 -16.5 -31.53073372946036
      vertex 66.30448186995486 -22.5 -31.53073372946036
      vertex 66.07685887838707 -22.5 -30.780361288064512
    endloop
  endfacet
  facet normal -0.9951847266721978 0 -0.09801714032955187
    outer loop
      vertex 66.07685887838707 -16.5 -30.780361288064512
      vertex 66.07685887838707 -22.5 -30.780361288064512
      vertex 66 -22.5 -30
    endloop
  endfacet
  facet normal -0.9951847266721978 0 0.09801714032955187
    outer loop
      vertex 66 -16.5 -30
      vertex 66 -22.5 -30
      vertex 66.07685887838707 -22.5 -29.219638711935488
    endloop
  endfacet
  facet normal -0.9569403357322056 0 0.2902846772544736
    outer loop
      vertex 66.07685887838707 -16.5 -29.219638711935488
      vertex 66.07685887838707 -22.5 -29.219638711935488
      vertex 66.30448186995486 -22.5 -28.46926627053964
    endloop
  endfacet
  facet normal -0.7730104533627371 0 -0.6343932841636455
    outer loop
      vertex 66.67412155078982 -16.5 -32.222280932078405
      vertex 67.17157287525382 -16.5 -32.82842712474619
      vertex 66.67412155078982 -22.5 -32.222280932078405
    endloop
  endfacet
  facet normal -0.8819212643483548 3.785773978469004e-18 -0.4713967368259979
    outer loop
      vertex 66.67412155078982 -16.5 -32.222280932078405
      vertex 66.30448186995486 -22.5 -31.53073372946036
      vertex 66.30448186995486 -16.5 -31.53073372946036
    endloop
  endfacet
  facet normal -0.9569403357322056 2.1799645575666815e-18 -0.2902846772544736
    outer loop
      vertex 66.30448186995486 -16.5 -31.53073372946036
      vertex 66.07685887838707 -22.5 -30.780361288064512
      vertex 66.07685887838707 -16.5 -30.780361288064512
    endloop
  endfacet
  facet normal -0.9951847266721978 -3.566295650598619e-19 -0.09801714032955187
    outer loop
      vertex 66.07685887838707 -16.5 -30.780361288064512
      vertex 66 -22.5 -30
      vertex 66 -16.5 -30
    endloop
  endfacet
  facet normal -0.9951847266721978 3.566295650598619e-19 0.09801714032955187
    outer loop
      vertex 66 -16.5 -30
      vertex 66.07685887838707 -22.5 -29.219638711935488
      vertex 66.07685887838707 -16.5 -29.219638711935488
    endloop
  endfacet
  facet normal 0 1 0
    outer loop
      vertex 66.67412155078982 -16.5 -32.222280932078405
      vertex 67.17157287525382 -16.5 -27.17157287525381
      vertex 67.17157287525382 -16.5 -32.82842712474619
    endloop
  endfacet
  facet normal 0 1 0
    outer loop
      vertex 66.07685887838707 -16.5 -30.780361288064512
      vertex 66 -16.5 -30
      vertex 66.07685887838707 -16.5 -29.219638711935488
    endloop
  endfacet
  facet normal 0 1 0
    outer loop
      vertex 66.30448186995486 -16.5 -31.53073372946036
      vertex 66.07685887838707 -16.5 -30.780361288064512
      vertex 66.30448186995486 -16.5 -28.46926627053964
    endloop
  endfacet
  facet normal 0 1 0
    outer loop
      vertex 66.67412155078982 -16.5 -32.222280932078405
      vertex 66.30448186995486 -16.5 -31.53073372946036
      vertex 66.67412155078982 -16.5 -27.77771906792159
    endloop
  endfacet
  facet normal 0 1 0
    outer loop
      vertex 66.07685887838707 -16.5 -30.780361288064512
      vertex 66.07685887838707 -16.5 -29.219638711935488
      vertex 66.30448186995486 -16.5 -28.46926627053964
    endloop
  endfacet
  facet normal 0 1 0
    outer loop
      vertex 66.30448186995486 -16.5 -31.53073372946036
      vertex 66.30448186995486 -16.5 -28.46926627053964
      vertex 66.67412155078982 -16.5 -27.77771906792159
    endloop
  endfacet
  facet normal 0 1 0
    outer loop
      vertex 66.67412155078982 -16.5 -32.222280932078405
      vertex 66.67412155078982 -16.5 -27.77771906792159
      vertex 67.17157287525382 -16.5 -27.17157287525381
    endloop
  endfacet
  facet normal 0 1 0
    outer loop
      vertex 67.17157287525382 -16.5 -32.82842712474619
      vertex 67.17157287525382 -16.5 -27.17157287525381
      vertex 67.7777190679216 -16.5 -26.67412155078982
    endloop
  endfacet
  facet normal -0.47139673682600164 0 -0.8819212643483528
    outer loop
      vertex 67.7777190679216 -16.5 -33.32587844921018
      vertex 68.46926627053963 -22.5 -33.695518130045144
      vertex 67.7777190679216 -22.5 -33.32587844921018
    endloop
  endfacet
  facet normal -0.2902846772544627 0 -0.9569403357322087
    outer loop
      vertex 68.46926627053963 -16.5 -33.695518130045144
      vertex 69.21963871193549 -22.5 -33.92314112161292
      vertex 68.46926627053963 -22.5 -33.695518130045144
    endloop
  endfacet
  facet normal -0.09801714032956084 0 -0.9951847266721968
    outer loop
      vertex 69.21963871193549 -16.5 -33.92314112161292
      vertex 70 -22.5 -34
      vertex 69.21963871193549 -22.5 -33.92314112161292
    endloop
  endfacet
  facet normal 0.09801714032956084 0 -0.9951847266721968
    outer loop
      vertex 70 -16.5 -34
      vertex 70.78036128806451 -22.5 -33.92314112161292
      vertex 70 -22.5 -34
    endloop
  endfacet
  facet normal 0.2902846772544627 0 -0.9569403357322087
    outer loop
      vertex 70.78036128806451 -16.5 -33.92314112161292
      vertex 71.53073372946037 -22.5 -33.695518130045144
      vertex 70.78036128806451 -22.5 -33.92314112161292
    endloop
  endfacet
  facet normal 0.47139673682600164 0 -0.8819212643483528
    outer loop
      vertex 71.53073372946037 -16.5 -33.695518130045144
      vertex 72.2222809320784 -22.5 -33.32587844921018
      vertex 71.53073372946037 -22.5 -33.695518130045144
    endloop
  endfacet
  facet normal 0.6343932841636445 0 -0.7730104533627378
    outer loop
      vertex 72.2222809320784 -16.5 -33.32587844921018
      vertex 72.82842712474618 -22.5 -32.82842712474619
      vertex 72.2222809320784 -22.5 -33.32587844921018
    endloop
  endfacet
  facet normal 0.7730104533627371 0 -0.6343932841636455
    outer loop
      vertex 73.32587844921018 -16.5 -32.222280932078405
      vertex 73.32587844921018 -22.5 -32.222280932078405
      vertex 72.82842712474618 -22.5 -32.82842712474619
    endloop
  endfacet
  facet normal 0.8819212643483548 0 -0.4713967368259979
    outer loop
      vertex 73.69551813004514 -16.5 -31.53073372946036
      vertex 73.69551813004514 -22.5 -31.53073372946036
      vertex 73.32587844921018 -22.5 -32.222280932078405
    endloop
  endfacet
  facet normal 0.9569403357322056 0 -0.2902846772544736
    outer loop
      vertex 73.92314112161293 -16.5 -30.780361288064512
      vertex 73.92314112161293 -22.5 -30.780361288064512
      vertex 73.69551813004514 -22.5 -31.53073372946036
    endloop
  endfacet
  facet normal 0.9951847266721978 0 -0.09801714032955187
    outer loop
      vertex 74 -16.5 -30
      vertex 74 -22.5 -30
      vertex 73.92314112161293 -22.5 -30.780361288064512
    endloop
  endfacet
  facet normal 0.9951847266721978 0 0.09801714032955187
    outer loop
      vertex 73.92314112161293 -16.5 -29.219638711935488
      vertex 73.92314112161293 -22.5 -29.219638711935488
      vertex 74 -22.5 -30
    endloop
  endfacet
  facet normal -0.47139673682600164 -4.3096125173382335e-18 -0.8819212643483528
    outer loop
      vertex 67.7777190679216 -16.5 -33.32587844921018
      vertex 68.46926627053963 -16.5 -33.695518130045144
      vertex 68.46926627053963 -22.5 -33.695518130045144
    endloop
  endfacet
  facet normal -0.6343932841636445 0 -0.7730104533627378
    outer loop
      vertex 67.7777190679216 -16.5 -33.32587844921018
      vertex 67.7777190679216 -22.5 -33.32587844921018
      vertex 67.17157287525382 -16.5 -32.82842712474619
    endloop
  endfacet
  facet normal -0.2902846772544627 1.1408413451618194e-18 -0.9569403357322087
    outer loop
      vertex 68.46926627053963 -16.5 -33.695518130045144
      vertex 69.21963871193549 -16.5 -33.92314112161292
      vertex 69.21963871193549 -22.5 -33.92314112161292
    endloop
  endfacet
  facet normal -0.09801714032956084 -4.893052979224666e-19 -0.9951847266721968
    outer loop
      vertex 69.21963871193549 -16.5 -33.92314112161292
      vertex 70 -16.5 -34
      vertex 70 -22.5 -34
    endloop
  endfacet
  facet normal 0.09801714032956084 4.893052979224666e-19 -0.9951847266721968
    outer loop
      vertex 70 -16.5 -34
      vertex 70.78036128806451 -16.5 -33.92314112161292
      vertex 70.78036128806451 -22.5 -33.92314112161292
    endloop
  endfacet
  facet normal 0.2902846772544627 -1.1408413451618194e-18 -0.9569403357322087
    outer loop
      vertex 70.78036128806451 -16.5 -33.92314112161292
      vertex 71.53073372946037 -16.5 -33.695518130045144
      vertex 71.53073372946037 -22.5 -33.695518130045144
    endloop
  endfacet
  facet normal 0.47139673682600164 4.3096125173382335e-18 -0.8819212643483528
    outer loop
      vertex 71.53073372946037 -16.5 -33.695518130045144
      vertex 72.2222809320784 -16.5 -33.32587844921018
      vertex 72.2222809320784 -22.5 -33.32587844921018
    endloop
  endfacet
  facet normal 0.6343932841636445 6.824522951262054e-19 -0.7730104533627378
    outer loop
      vertex 72.2222809320784 -16.5 -33.32587844921018
      vertex 72.82842712474618 -16.5 -32.82842712474619
      vertex 72.82842712474618 -22.5 -32.82842712474619
    endloop
  endfacet
  facet normal 0.7730104533627371 0 -0.6343932841636455
    outer loop
      vertex 72.82842712474618 -16.5 -32.82842712474619
      vertex 73.32587844921018 -16.5 -32.222280932078405
      vertex 72.82842712474618 -22.5 -32.82842712474619
    endloop
  endfacet
  facet normal 0 1 0
    outer loop
      vertex 68.46926627053963 -16.5 -33.695518130045144
      vertex 69.33331572037648 -16.5 -30.997763534763052
      vertex 69.21963871193549 -16.5 -33.92314112161292
    endloop
  endfacet
  facet normal 0 1 0
    outer loop
      vertex 69.21963871193549 -16.5 -33.92314112161292
      vertex 70 -16.5 -31.2
      vertex 70 -16.5 -34
    endloop
  endfacet
  facet normal 0 1 0
    outer loop
      vertex 70 -16.5 -34
      vertex 70.4592201188381 -16.5 -31.108655439013543
      vertex 70.78036128806451 -16.5 -33.92314112161292
    endloop
  endfacet
  facet normal 0 1 0
    outer loop
      vertex 70.78036128806451 -16.5 -33.92314112161292
      vertex 71.17694233648388 -16.5 -30.234108386419354
      vertex 71.53073372946037 -16.5 -33.695518130045144
    endloop
  endfacet
  facet normal 0 1 0
    outer loop
      vertex 68.46926627053963 -16.5 -33.695518130045144
      vertex 69.00223646523695 -16.5 -30.666684279623524
      vertex 69.15147186257614 -16.5 -30.848528137423855
    endloop
  endfacet
  facet normal 0 1 0
    outer loop
      vertex 68.46926627053963 -16.5 -33.695518130045144
      vertex 68.82305766351612 -16.5 -30.234108386419354
      vertex 68.89134456098645 -16.5 -30.459220118838108
    endloop
  endfacet
  facet normal 0 1 0
    outer loop
      vertex 68.46926627053963 -16.5 -33.695518130045144
      vertex 68.89134456098645 -16.5 -30.459220118838108
      vertex 69.00223646523695 -16.5 -30.666684279623524
    endloop
  endfacet
  facet normal 0 1 0
    outer loop
      vertex 67.7777190679216 -16.5 -33.32587844921018
      vertex 67.17157287525382 -16.5 -32.82842712474619
      vertex 67.7777190679216 -16.5 -26.67412155078982
    endloop
  endfacet
  facet normal 0 1 0
    outer loop
      vertex 67.7777190679216 -16.5 -33.32587844921018
      vertex 68.46926627053963 -16.5 -26.304481869954852
      vertex 68.46926627053963 -16.5 -33.695518130045144
    endloop
  endfacet
  facet normal 0 1 0
    outer loop
      vertex 68.46926627053963 -16.5 -33.695518130045144
      vertex 68.8 -16.5 -30
      vertex 68.82305766351612 -16.5 -30.234108386419354
    endloop
  endfacet
  facet normal 0 1 0
    outer loop
      vertex 69.21963871193549 -16.5 -33.92314112161292
      vertex 69.33331572037648 -16.5 -30.997763534763052
      vertex 69.5407798811619 -16.5 -31.108655439013543
    endloop
  endfacet
  facet normal 0 1 0
    outer loop
      vertex 69.21963871193549 -16.5 -33.92314112161292
      vertex 69.5407798811619 -16.5 -31.108655439013543
      vertex 69.76589161358065 -16.5 -31.176942336483876
    endloop
  endfacet
  facet normal 0 1 0
    outer loop
      vertex 68.46926627053963 -16.5 -33.695518130045144
      vertex 69.15147186257614 -16.5 -30.848528137423855
      vertex 69.33331572037648 -16.5 -30.997763534763052
    endloop
  endfacet
  facet normal 0 1 0
    outer loop
      vertex 69.21963871193549 -16.5 -33.92314112161292
      vertex 69.76589161358065 -16.5 -31.176942336483876
      vertex 70 -16.5 -31.2
    endloop
  endfacet
  facet normal 0 1 0
    outer loop
      vertex 70 -16.5 -34
      vertex 70 -16.5 -31.2
      vertex 70.23410838641935 -16.5 -31.176942336483876
    endloop
  endfacet
  facet normal 0 1 0
    outer loop
      vertex 70 -16.5 -34
      vertex 70.23410838641935 -16.5 -31.176942336483876
      vertex 70.4592201188381 -16.5 -31.108655439013543
    endloop
  endfacet
  facet normal 0 1 0
    outer loop
      vertex 68.46926627053963 -16.5 -33.695518130045144
      vertex 68.46926627053963 -16.5 -26.304481869954852
      vertex 68.8 -16.5 -30
    endloop
  endfacet
  facet normal 0 1 0
    outer loop
      vertex 67.7777190679216 -16.5 -33.32587844921018
      vertex 67.7777190679216 -16.5 -26.67412155078982
      vertex 68.46926627053963 -16.5 -26.304481869954852
    endloop
  endfacet
  facet normal 0 1 0
    outer loop
      vertex 70.78036128806451 -16.5 -33.92314112161292
      vertex 70.4592201188381 -16.5 -31.108655439013543
      vertex 70.66668427962352 -16.5 -30.997763534763052
    endloop
  endfacet
  facet normal 0 1 0
    outer loop
      vertex 70.78036128806451 -16.5 -33.92314112161292
      vertex 70.66668427962352 -16.5 -30.997763534763052
      vertex 70.84852813742386 -16.5 -30.848528137423855
    endloop
  endfacet
  facet normal 0 1 0
    outer loop
      vertex 70.78036128806451 -16.5 -33.92314112161292
      vertex 70.84852813742386 -16.5 -30.848528137423855
      vertex 70.99776353476305 -16.5 -30.666684279623524
    endloop
  endfacet
  facet normal 0 1 0
    outer loop
      vertex 70.78036128806451 -16.5 -33.92314112161292
      vertex 70.99776353476305 -16.5 -30.666684279623524
      vertex 71.10865543901355 -16.5 -30.459220118838108
    endloop
  endfacet
  facet normal 0 1 0
    outer loop
      vertex 70.78036128806451 -16.5 -33.92314112161292
      vertex 71.10865543901355 -16.5 -30.459220118838108
      vertex 71.17694233648388 -16.5 -30.234108386419354
    endloop
  endfacet
  facet normal 0 1 0
    outer loop
      vertex 71.53073372946037 -16.5 -33.695518130045144
      vertex 71.17694233648388 -16.5 -30.234108386419354
      vertex 71.2 -16.5 -30
    endloop
  endfacet
  facet normal 0 1 0
    outer loop
      vertex 71.53073372946037 -16.5 -33.695518130045144
      vertex 72.2222809320784 -16.5 -26.67412155078982
      vertex 72.2222809320784 -16.5 -33.32587844921018
    endloop
  endfacet
  facet normal 0 1 0
    outer loop
      vertex 72.2222809320784 -16.5 -33.32587844921018
      vertex 72.82842712474618 -16.5 -27.17157287525381
      vertex 72.82842712474618 -16.5 -32.82842712474619
    endloop
  endfacet
  facet normal 0 1 0
    outer loop
      vertex 71.53073372946037 -16.5 -33.695518130045144
      vertex 71.2 -16.5 -30
      vertex 71.53073372946037 -16.5 -26.304481869954852
    endloop
  endfacet
  facet normal 0 1 0
    outer loop
      vertex 71.53073372946037 -16.5 -33.695518130045144
      vertex 71.53073372946037 -16.5 -26.304481869954852
      vertex 72.2222809320784 -16.5 -26.67412155078982
    endloop
  endfacet
  facet normal 0 1 0
    outer loop
      vertex 72.82842712474618 -16.5 -32.82842712474619
      vertex 72.82842712474618 -16.5 -27.17157287525381
      vertex 73.32587844921018 -16.5 -27.77771906792159
    endloop
  endfacet
  facet normal 0 1 0
    outer loop
      vertex 72.2222809320784 -16.5 -33.32587844921018
      vertex 72.2222809320784 -16.5 -26.67412155078982
      vertex 72.82842712474618 -16.5 -27.17157287525381
    endloop
  endfacet
  facet normal 0.8819212643483548 0 -0.4713967368259979
    outer loop
      vertex 73.32587844921018 -16.5 -32.222280932078405
      vertex 73.69551813004514 -16.5 -31.53073372946036
      vertex 73.32587844921018 -22.5 -32.222280932078405
    endloop
  endfacet
  facet normal 0.9569403357322056 0 -0.2902846772544736
    outer loop
      vertex 73.69551813004514 -16.5 -31.53073372946036
      vertex 73.92314112161293 -16.5 -30.780361288064512
      vertex 73.69551813004514 -22.5 -31.53073372946036
    endloop
  endfacet
  facet normal 0.9951847266721978 0 -0.09801714032955187
    outer loop
      vertex 73.92314112161293 -16.5 -30.780361288064512
      vertex 74 -16.5 -30
      vertex 73.92314112161293 -22.5 -30.780361288064512
    endloop
  endfacet
  facet normal 0.9951847266721978 0 0.09801714032955187
    outer loop
      vertex 74 -16.5 -30
      vertex 73.92314112161293 -16.5 -29.219638711935488
      vertex 74 -22.5 -30
    endloop
  endfacet
  facet normal 0.9569403357322056 0 0.2902846772544736
    outer loop
      vertex 73.92314112161293 -16.5 -29.219638711935488
      vertex 73.69551813004514 -16.5 -28.46926627053964
      vertex 73.92314112161293 -22.5 -29.219638711935488
    endloop
  endfacet
  facet normal 0 1 0
    outer loop
      vertex 72.82842712474618 -16.5 -32.82842712474619
      vertex 73.32587844921018 -16.5 -27.77771906792159
      vertex 73.32587844921018 -16.5 -32.222280932078405
    endloop
  endfacet
  facet normal 0 1 0
    outer loop
      vertex 73.32587844921018 -16.5 -32.222280932078405
      vertex 73.69551813004514 -16.5 -28.46926627053964
      vertex 73.69551813004514 -16.5 -31.53073372946036
    endloop
  endfacet
  facet normal 0 1 0
    outer loop
      vertex 73.69551813004514 -16.5 -31.53073372946036
      vertex 73.69551813004514 -16.5 -28.46926627053964
      vertex 73.92314112161293 -16.5 -29.219638711935488
    endloop
  endfacet
  facet normal 0 1 0
    outer loop
      vertex 73.69551813004514 -16.5 -31.53073372946036
      vertex 73.92314112161293 -16.5 -29.219638711935488
      vertex 73.92314112161293 -16.5 -30.780361288064512
    endloop
  endfacet
  facet normal 0 1 0
    outer loop
      vertex 73.92314112161293 -16.5 -30.780361288064512
      vertex 73.92314112161293 -16.5 -29.219638711935488
      vertex 74 -16.5 -30
    endloop
  endfacet
  facet normal 0 1 0
    outer loop
      vertex 73.32587844921018 -16.5 -32.222280932078405
      vertex 73.32587844921018 -16.5 -27.77771906792159
      vertex 73.69551813004514 -16.5 -28.46926627053964
    endloop
  endfacet
  facet normal -0.8819212643483559 0 0.47139673682599603
    outer loop
      vertex 66.30448186995486 -16.5 -28.46926627053964
      vertex 66.30448186995486 -22.5 -28.46926627053964
      vertex 66.67412155078982 -22.5 -27.77771906792159
    endloop
  endfacet
  facet normal -0.7730104533627352 0 0.6343932841636477
    outer loop
      vertex 66.67412155078982 -16.5 -27.77771906792159
      vertex 66.67412155078982 -22.5 -27.77771906792159
      vertex 67.17157287525382 -22.5 -27.17157287525381
    endloop
  endfacet
  facet normal -0.9569403357322056 -2.1799645575666815e-18 0.2902846772544736
    outer loop
      vertex 66.07685887838707 -16.5 -29.219638711935488
      vertex 66.30448186995486 -22.5 -28.46926627053964
      vertex 66.30448186995486 -16.5 -28.46926627053964
    endloop
  endfacet
  facet normal -0.8819212643483559 3.9653091246764364e-18 0.47139673682599603
    outer loop
      vertex 66.30448186995486 -16.5 -28.46926627053964
      vertex 66.67412155078982 -22.5 -27.77771906792159
      vertex 66.67412155078982 -16.5 -27.77771906792159
    endloop
  endfacet
  facet normal -0.7730104533627352 5.6803836012018105e-18 0.6343932841636477
    outer loop
      vertex 66.67412155078982 -16.5 -27.77771906792159
      vertex 67.17157287525382 -22.5 -27.17157287525381
      vertex 67.17157287525382 -16.5 -27.17157287525381
    endloop
  endfacet
  facet normal -0.6343932841636445 0 0.7730104533627378
    outer loop
      vertex 67.17157287525382 -16.5 -27.17157287525381
      vertex 67.17157287525382 -22.5 -27.17157287525381
      vertex 67.7777190679216 -16.5 -26.67412155078982
    endloop
  endfacet
  facet normal -0.6343932841636445 0 0.7730104533627378
    outer loop
      vertex 67.7777190679216 -16.5 -26.67412155078982
      vertex 67.17157287525382 -22.5 -27.17157287525381
      vertex 67.7777190679216 -22.5 -26.67412155078982
    endloop
  endfacet
  facet normal -0.4713967368260052 0 0.8819212643483509
    outer loop
      vertex 68.46926627053963 -16.5 -26.304481869954852
      vertex 67.7777190679216 -22.5 -26.67412155078982
      vertex 68.46926627053963 -22.5 -26.304481869954852
    endloop
  endfacet
  facet normal -0.2902846772544586 0 0.9569403357322099
    outer loop
      vertex 69.21963871193549 -16.5 -26.07685887838708
      vertex 68.46926627053963 -22.5 -26.304481869954852
      vertex 69.21963871193549 -22.5 -26.07685887838708
    endloop
  endfacet
  facet normal -0.09801714032956084 0 0.9951847266721968
    outer loop
      vertex 70 -16.5 -26
      vertex 69.21963871193549 -22.5 -26.07685887838708
      vertex 70 -22.5 -26
    endloop
  endfacet
  facet normal 0.6343932841636445 0 0.7730104533627378
    outer loop
      vertex 72.82842712474618 -16.5 -27.17157287525381
      vertex 72.2222809320784 -22.5 -26.67412155078982
      vertex 72.82842712474618 -22.5 -27.17157287525381
    endloop
  endfacet
  facet normal 0.7730104533627352 0 0.6343932841636477
    outer loop
      vertex 72.82842712474618 -16.5 -27.17157287525381
      vertex 72.82842712474618 -22.5 -27.17157287525381
      vertex 73.32587844921018 -22.5 -27.77771906792159
    endloop
  endfacet
  facet normal 0.2902846772544586 0 0.9569403357322099
    outer loop
      vertex 71.53073372946037 -16.5 -26.304481869954852
      vertex 70.78036128806451 -22.5 -26.07685887838708
      vertex 71.53073372946037 -22.5 -26.304481869954852
    endloop
  endfacet
  facet normal 0.09801714032956084 0 0.9951847266721968
    outer loop
      vertex 70.78036128806451 -16.5 -26.07685887838708
      vertex 70 -22.5 -26
      vertex 70.78036128806451 -22.5 -26.07685887838708
    endloop
  endfacet
  facet normal 0.4713967368260052 0 0.8819212643483509
    outer loop
      vertex 72.2222809320784 -16.5 -26.67412155078982
      vertex 71.53073372946037 -22.5 -26.304481869954852
      vertex 72.2222809320784 -22.5 -26.67412155078982
    endloop
  endfacet
  facet normal 0.9569403357322056 0 0.2902846772544736
    outer loop
      vertex 73.69551813004514 -16.5 -28.46926627053964
      vertex 73.69551813004514 -22.5 -28.46926627053964
      vertex 73.92314112161293 -22.5 -29.219638711935488
    endloop
  endfacet
  facet normal 0.8819212643483559 0 0.47139673682599603
    outer loop
      vertex 73.32587844921018 -16.5 -27.77771906792159
      vertex 73.32587844921018 -22.5 -27.77771906792159
      vertex 73.69551813004514 -22.5 -28.46926627053964
    endloop
  endfacet
  facet normal -0.4713967368260052 0 0.8819212643483509
    outer loop
      vertex 67.7777190679216 -16.5 -26.67412155078982
      vertex 67.7777190679216 -22.5 -26.67412155078982
      vertex 68.46926627053963 -16.5 -26.304481869954852
    endloop
  endfacet
  facet normal -0.2902846772544586 0 0.9569403357322099
    outer loop
      vertex 68.46926627053963 -16.5 -26.304481869954852
      vertex 68.46926627053963 -22.5 -26.304481869954852
      vertex 69.21963871193549 -16.5 -26.07685887838708
    endloop
  endfacet
  facet normal -0.09801714032956084 0 0.9951847266721968
    outer loop
      vertex 69.21963871193549 -16.5 -26.07685887838708
      vertex 69.21963871193549 -22.5 -26.07685887838708
      vertex 70 -16.5 -26
    endloop
  endfacet
  facet normal 0.09801714032956084 0 0.9951847266721968
    outer loop
      vertex 70 -16.5 -26
      vertex 70 -22.5 -26
      vertex 70.78036128806451 -16.5 -26.07685887838708
    endloop
  endfacet
  facet normal 0.2902846772544586 0 0.9569403357322099
    outer loop
      vertex 70.78036128806451 -16.5 -26.07685887838708
      vertex 70.78036128806451 -22.5 -26.07685887838708
      vertex 71.53073372946037 -16.5 -26.304481869954852
    endloop
  endfacet
  facet normal 0.4713967368260052 0 0.8819212643483509
    outer loop
      vertex 71.53073372946037 -16.5 -26.304481869954852
      vertex 71.53073372946037 -22.5 -26.304481869954852
      vertex 72.2222809320784 -16.5 -26.67412155078982
    endloop
  endfacet
  facet normal 0.6343932841636445 -6.824522951262054e-19 0.7730104533627378
    outer loop
      vertex 72.82842712474618 -16.5 -27.17157287525381
      vertex 72.2222809320784 -16.5 -26.67412155078982
      vertex 72.2222809320784 -22.5 -26.67412155078982
    endloop
  endfacet
  facet normal 0 1 0
    outer loop
      vertex 68.8 -16.5 -30
      vertex 68.46926627053963 -16.5 -26.304481869954852
      vertex 68.82305766351612 -16.5 -29.765891613580646
    endloop
  endfacet
  facet normal 0 1 0
    outer loop
      vertex 68.82305766351612 -16.5 -29.765891613580646
      vertex 68.46926627053963 -16.5 -26.304481869954852
      vertex 69.21963871193549 -16.5 -26.07685887838708
    endloop
  endfacet
  facet normal 0 1 0
    outer loop
      vertex 68.82305766351612 -16.5 -29.765891613580646
      vertex 69.21963871193549 -16.5 -26.07685887838708
      vertex 68.89134456098645 -16.5 -29.540779881161892
    endloop
  endfacet
  facet normal 0 1 0
    outer loop
      vertex 68.89134456098645 -16.5 -29.540779881161892
      vertex 69.21963871193549 -16.5 -26.07685887838708
      vertex 69.00223646523695 -16.5 -29.333315720376476
    endloop
  endfacet
  facet normal 0 1 0
    outer loop
      vertex 69.00223646523695 -16.5 -29.333315720376476
      vertex 69.21963871193549 -16.5 -26.07685887838708
      vertex 69.15147186257614 -16.5 -29.151471862576145
    endloop
  endfacet
  facet normal 0 1 0
    outer loop
      vertex 69.15147186257614 -16.5 -29.151471862576145
      vertex 69.21963871193549 -16.5 -26.07685887838708
      vertex 69.33331572037648 -16.5 -29.002236465236948
    endloop
  endfacet
  facet normal 0 1 0
    outer loop
      vertex 69.33331572037648 -16.5 -29.002236465236948
      vertex 69.21963871193549 -16.5 -26.07685887838708
      vertex 69.5407798811619 -16.5 -28.891344560986457
    endloop
  endfacet
  facet normal 0 1 0
    outer loop
      vertex 69.5407798811619 -16.5 -28.891344560986457
      vertex 70 -16.5 -26
      vertex 69.76589161358065 -16.5 -28.823057663516124
    endloop
  endfacet
  facet normal 0 1 0
    outer loop
      vertex 69.76589161358065 -16.5 -28.823057663516124
      vertex 70 -16.5 -26
      vertex 70 -16.5 -28.8
    endloop
  endfacet
  facet normal 0 1 0
    outer loop
      vertex 69.5407798811619 -16.5 -28.891344560986457
      vertex 69.21963871193549 -16.5 -26.07685887838708
      vertex 70 -16.5 -26
    endloop
  endfacet
  facet normal 0 1 0
    outer loop
      vertex 70 -16.5 -28.8
      vertex 70 -16.5 -26
      vertex 70.78036128806451 -16.5 -26.07685887838708
    endloop
  endfacet
  facet normal 0 1 0
    outer loop
      vertex 70 -16.5 -28.8
      vertex 70.78036128806451 -16.5 -26.07685887838708
      vertex 70.23410838641935 -16.5 -28.823057663516124
    endloop
  endfacet
  facet normal 0 1 0
    outer loop
      vertex 70.4592201188381 -16.5 -28.891344560986457
      vertex 70.78036128806451 -16.5 -26.07685887838708
      vertex 70.66668427962352 -16.5 -29.002236465236948
    endloop
  endfacet
  facet normal 0 1 0
    outer loop
      vertex 70.4592201188381 -16.5 -28.891344560986457
      vertex 70.23410838641935 -16.5 -28.823057663516124
      vertex 70.78036128806451 -16.5 -26.07685887838708
    endloop
  endfacet
  facet normal 0 1 0
    outer loop
      vertex 70.66668427962352 -16.5 -29.002236465236948
      vertex 71.53073372946037 -16.5 -26.304481869954852
      vertex 70.84852813742386 -16.5 -29.151471862576145
    endloop
  endfacet
  facet normal 0 1 0
    outer loop
      vertex 71.2 -16.5 -30
      vertex 71.17694233648388 -16.5 -29.765891613580646
      vertex 71.53073372946037 -16.5 -26.304481869954852
    endloop
  endfacet
  facet normal 0 1 0
    outer loop
      vertex 71.10865543901355 -16.5 -29.540779881161892
      vertex 71.53073372946037 -16.5 -26.304481869954852
      vertex 71.17694233648388 -16.5 -29.765891613580646
    endloop
  endfacet
  facet normal 0 1 0
    outer loop
      vertex 71.10865543901355 -16.5 -29.540779881161892
      vertex 70.99776353476305 -16.5 -29.333315720376476
      vertex 71.53073372946037 -16.5 -26.304481869954852
    endloop
  endfacet
  facet normal 0 1 0
    outer loop
      vertex 70.99776353476305 -16.5 -29.333315720376476
      vertex 70.84852813742386 -16.5 -29.151471862576145
      vertex 71.53073372946037 -16.5 -26.304481869954852
    endloop
  endfacet
  facet normal 0 1 0
    outer loop
      vertex 70.66668427962352 -16.5 -29.002236465236948
      vertex 70.78036128806451 -16.5 -26.07685887838708
      vertex 71.53073372946037 -16.5 -26.304481869954852
    endloop
  endfacet
  facet normal 0.8819212643483559 0 0.47139673682599603
    outer loop
      vertex 73.69551813004514 -16.5 -28.46926627053964
      vertex 73.32587844921018 -16.5 -27.77771906792159
      vertex 73.69551813004514 -22.5 -28.46926627053964
    endloop
  endfacet
  facet normal 0.7730104533627352 -5.6803836012018105e-18 0.6343932841636477
    outer loop
      vertex 72.82842712474618 -16.5 -27.17157287525381
      vertex 73.32587844921018 -22.5 -27.77771906792159
      vertex 73.32587844921018 -16.5 -27.77771906792159
    endloop
  endfacet
  facet normal -0.8819212643483548 0 -0.4713967368259979
    outer loop
      vertex -73.32587844921018 -16.5 -32.222280932078405
      vertex -73.32587844921018 -22.5 -32.222280932078405
      vertex -73.69551813004514 -22.5 -31.53073372946036
    endloop
  endfacet
  facet normal -0.9569403357322056 0 -0.2902846772544736
    outer loop
      vertex -73.69551813004514 -16.5 -31.53073372946036
      vertex -73.69551813004514 -22.5 -31.53073372946036
      vertex -73.92314112161293 -22.5 -30.780361288064512
    endloop
  endfacet
  facet normal -0.9951847266721978 0 -0.09801714032955187
    outer loop
      vertex -73.92314112161293 -16.5 -30.780361288064512
      vertex -73.92314112161293 -22.5 -30.780361288064512
      vertex -74 -22.5 -30
    endloop
  endfacet
  facet normal -0.9951847266721978 0 0.09801714032955187
    outer loop
      vertex -74 -16.5 -30
      vertex -74 -22.5 -30
      vertex -73.92314112161293 -22.5 -29.219638711935488
    endloop
  endfacet
  facet normal -0.9569403357322056 0 0.2902846772544736
    outer loop
      vertex -73.92314112161293 -16.5 -29.219638711935488
      vertex -73.92314112161293 -22.5 -29.219638711935488
      vertex -73.69551813004514 -22.5 -28.46926627053964
    endloop
  endfacet
  facet normal -0.47139673682600164 0 -0.8819212643483528
    outer loop
      vertex -72.2222809320784 -16.5 -33.32587844921018
      vertex -71.53073372946037 -22.5 -33.695518130045144
      vertex -72.2222809320784 -22.5 -33.32587844921018
    endloop
  endfacet
  facet normal -0.6343932841636445 0 -0.7730104533627378
    outer loop
      vertex -72.82842712474618 -16.5 -32.82842712474619
      vertex -72.2222809320784 -22.5 -33.32587844921018
      vertex -72.82842712474618 -22.5 -32.82842712474619
    endloop
  endfacet
  facet normal -0.7730104533627371 0 -0.6343932841636455
    outer loop
      vertex -72.82842712474618 -16.5 -32.82842712474619
      vertex -72.82842712474618 -22.5 -32.82842712474619
      vertex -73.32587844921018 -22.5 -32.222280932078405
    endloop
  endfacet
  facet normal -0.2902846772544627 0 -0.9569403357322087
    outer loop
      vertex -71.53073372946037 -16.5 -33.695518130045144
      vertex -70.78036128806451 -22.5 -33.92314112161292
      vertex -71.53073372946037 -22.5 -33.695518130045144
    endloop
  endfacet
  facet normal -0.09801714032956084 0 -0.9951847266721968
    outer loop
      vertex -70.78036128806451 -16.5 -33.92314112161292
      vertex -70 -22.5 -34
      vertex -70.78036128806451 -22.5 -33.92314112161292
    endloop
  endfacet
  facet normal 0.09801714032956084 0 -0.9951847266721968
    outer loop
      vertex -70 -16.5 -34
      vertex -69.21963871193549 -22.5 -33.92314112161292
      vertex -70 -22.5 -34
    endloop
  endfacet
  facet normal 0.2902846772544627 0 -0.9569403357322087
    outer loop
      vertex -69.21963871193549 -16.5 -33.92314112161292
      vertex -68.46926627053963 -22.5 -33.695518130045144
      vertex -69.21963871193549 -22.5 -33.92314112161292
    endloop
  endfacet
  facet normal 0.47139673682600164 0 -0.8819212643483528
    outer loop
      vertex -68.46926627053963 -16.5 -33.695518130045144
      vertex -67.7777190679216 -22.5 -33.32587844921018
      vertex -68.46926627053963 -22.5 -33.695518130045144
    endloop
  endfacet
  facet normal 0.6343932841636445 0 -0.7730104533627378
    outer loop
      vertex -67.7777190679216 -16.5 -33.32587844921018
      vertex -67.17157287525382 -22.5 -32.82842712474619
      vertex -67.7777190679216 -22.5 -33.32587844921018
    endloop
  endfacet
  facet normal -0.7730104533627371 -3.7558234321962494e-18 -0.6343932841636455
    outer loop
      vertex -72.82842712474618 -16.5 -32.82842712474619
      vertex -73.32587844921018 -22.5 -32.222280932078405
      vertex -73.32587844921018 -16.5 -32.222280932078405
    endloop
  endfacet
  facet normal -0.8819212643483548 3.785773978469004e-18 -0.4713967368259979
    outer loop
      vertex -73.32587844921018 -16.5 -32.222280932078405
      vertex -73.69551813004514 -22.5 -31.53073372946036
      vertex -73.69551813004514 -16.5 -31.53073372946036
    endloop
  endfacet
  facet normal -0.9569403357322056 2.1799645575666815e-18 -0.2902846772544736
    outer loop
      vertex -73.69551813004514 -16.5 -31.53073372946036
      vertex -73.92314112161293 -22.5 -30.780361288064512
      vertex -73.92314112161293 -16.5 -30.780361288064512
    endloop
  endfacet
  facet normal -0.9951847266721978 -3.566295650598619e-19 -0.09801714032955187
    outer loop
      vertex -73.92314112161293 -16.5 -30.780361288064512
      vertex -74 -22.5 -30
      vertex -74 -16.5 -30
    endloop
  endfacet
  facet normal -0.9951847266721978 3.566295650598619e-19 0.09801714032955187
    outer loop
      vertex -74 -16.5 -30
      vertex -73.92314112161293 -22.5 -29.219638711935488
      vertex -73.92314112161293 -16.5 -29.219638711935488
    endloop
  endfacet
  facet normal 0 1 0
    outer loop
      vertex -73.92314112161293 -16.5 -30.780361288064512
      vertex -74 -16.5 -30
      vertex -73.92314112161293 -16.5 -29.219638711935488
    endloop
  endfacet
  facet normal 0 1 0
    outer loop
      vertex -73.69551813004514 -16.5 -31.53073372946036
      vertex -73.92314112161293 -16.5 -30.780361288064512
      vertex -73.69551813004514 -16.5 -28.46926627053964
    endloop
  endfacet
  facet normal 0 1 0
    outer loop
      vertex -73.32587844921018 -16.5 -32.222280932078405
      vertex -73.69551813004514 -16.5 -31.53073372946036
      vertex -73.32587844921018 -16.5 -27.77771906792159
    endloop
  endfacet
  facet normal 0 1 0
    outer loop
      vertex -73.92314112161293 -16.5 -30.780361288064512
      vertex -73.92314112161293 -16.5 -29.219638711935488
      vertex -73.69551813004514 -16.5 -28.46926627053964
    endloop
  endfacet
  facet normal 0 1 0
    outer loop
      vertex -73.69551813004514 -16.5 -31.53073372946036
      vertex -73.69551813004514 -16.5 -28.46926627053964
      vertex -73.32587844921018 -16.5 -27.77771906792159
    endloop
  endfacet
  facet normal 0 1 0
    outer loop
      vertex -73.32587844921018 -16.5 -32.222280932078405
      vertex -73.32587844921018 -16.5 -27.77771906792159
      vertex -72.82842712474618 -16.5 -27.17157287525381
    endloop
  endfacet
  facet normal -0.47139673682600164 -4.3096125173382335e-18 -0.8819212643483528
    outer loop
      vertex -72.2222809320784 -16.5 -33.32587844921018
      vertex -71.53073372946037 -16.5 -33.695518130045144
      vertex -71.53073372946037 -22.5 -33.695518130045144
    endloop
  endfacet
  facet normal -0.6343932841636445 0 -0.7730104533627378
    outer loop
      vertex -72.2222809320784 -16.5 -33.32587844921018
      vertex -72.2222809320784 -22.5 -33.32587844921018
      vertex -72.82842712474618 -16.5 -32.82842712474619
    endloop
  endfacet
  facet normal -0.2902846772544627 1.1408413451618194e-18 -0.9569403357322087
    outer loop
      vertex -71.53073372946037 -16.5 -33.695518130045144
      vertex -70.78036128806451 -16.5 -33.92314112161292
      vertex -70.78036128806451 -22.5 -33.92314112161292
    endloop
  endfacet
  facet normal -0.09801714032956084 -4.893052979224666e-19 -0.9951847266721968
    outer loop
      vertex -70.78036128806451 -16.5 -33.92314112161292
      vertex -70 -16.5 -34
      vertex -70 -22.5 -34
    endloop
  endfacet
  facet normal 0.09801714032956084 4.893052979224666e-19 -0.9951847266721968
    outer loop
      vertex -70 -16.5 -34
      vertex -69.21963871193549 -16.5 -33.92314112161292
      vertex -69.21963871193549 -22.5 -33.92314112161292
    endloop
  endfacet
  facet normal 0.2902846772544627 -1.1408413451618194e-18 -0.9569403357322087
    outer loop
      vertex -69.21963871193549 -16.5 -33.92314112161292
      vertex -68.46926627053963 -16.5 -33.695518130045144
      vertex -68.46926627053963 -22.5 -33.695518130045144
    endloop
  endfacet
  facet normal 0.47139673682600164 4.3096125173382335e-18 -0.8819212643483528
    outer loop
      vertex -68.46926627053963 -16.5 -33.695518130045144
      vertex -67.7777190679216 -16.5 -33.32587844921018
      vertex -67.7777190679216 -22.5 -33.32587844921018
    endloop
  endfacet
  facet normal 0 1 0
    outer loop
      vertex -71.53073372946037 -16.5 -33.695518130045144
      vertex -70.66668427962352 -16.5 -30.997763534763052
      vertex -70.78036128806451 -16.5 -33.92314112161292
    endloop
  endfacet
  facet normal 0 1 0
    outer loop
      vertex -70.78036128806451 -16.5 -33.92314112161292
      vertex -70 -16.5 -31.2
      vertex -70 -16.5 -34
    endloop
  endfacet
  facet normal 0 1 0
    outer loop
      vertex -70 -16.5 -34
      vertex -69.5407798811619 -16.5 -31.108655439013543
      vertex -69.21963871193549 -16.5 -33.92314112161292
    endloop
  endfacet
  facet normal 0 1 0
    outer loop
      vertex -69.21963871193549 -16.5 -33.92314112161292
      vertex -68.82305766351612 -16.5 -30.234108386419354
      vertex -68.46926627053963 -16.5 -33.695518130045144
    endloop
  endfacet
  facet normal 0 1 0
    outer loop
      vertex -72.82842712474618 -16.5 -32.82842712474619
      vertex -73.32587844921018 -16.5 -32.222280932078405
      vertex -72.82842712474618 -16.5 -27.17157287525381
    endloop
  endfacet
  facet normal 0 1 0
    outer loop
      vertex -72.2222809320784 -16.5 -33.32587844921018
      vertex -72.82842712474618 -16.5 -32.82842712474619
      vertex -72.2222809320784 -16.5 -26.67412155078982
    endloop
  endfacet
  facet normal 0 1 0
    outer loop
      vertex -72.2222809320784 -16.5 -33.32587844921018
      vertex -71.53073372946037 -16.5 -26.304481869954852
      vertex -71.53073372946037 -16.5 -33.695518130045144
    endloop
  endfacet
  facet normal 0 1 0
    outer loop
      vertex -71.53073372946037 -16.5 -33.695518130045144
      vertex -70.99776353476305 -16.5 -30.666684279623524
      vertex -70.84852813742386 -16.5 -30.848528137423855
    endloop
  endfacet
  facet normal 0 1 0
    outer loop
      vertex -71.53073372946037 -16.5 -33.695518130045144
      vertex -71.10865543901355 -16.5 -30.459220118838108
      vertex -70.99776353476305 -16.5 -30.666684279623524
    endloop
  endfacet
  facet normal 0 1 0
    outer loop
      vertex -71.53073372946037 -16.5 -33.695518130045144
      vertex -71.17694233648388 -16.5 -30.234108386419354
      vertex -71.10865543901355 -16.5 -30.459220118838108
    endloop
  endfacet
  facet normal 0 1 0
    outer loop
      vertex -70.78036128806451 -16.5 -33.92314112161292
      vertex -70.66668427962352 -16.5 -30.997763534763052
      vertex -70.4592201188381 -16.5 -31.108655439013543
    endloop
  endfacet
  facet normal 0 1 0
    outer loop
      vertex -70.78036128806451 -16.5 -33.92314112161292
      vertex -70.4592201188381 -16.5 -31.108655439013543
      vertex -70.23410838641935 -16.5 -31.176942336483876
    endloop
  endfacet
  facet normal 0 1 0
    outer loop
      vertex -70.78036128806451 -16.5 -33.92314112161292
      vertex -70.23410838641935 -16.5 -31.176942336483876
      vertex -70 -16.5 -31.2
    endloop
  endfacet
  facet normal 0 1 0
    outer loop
      vertex -71.53073372946037 -16.5 -33.695518130045144
      vertex -70.84852813742386 -16.5 -30.848528137423855
      vertex -70.66668427962352 -16.5 -30.997763534763052
    endloop
  endfacet
  facet normal 0 1 0
    outer loop
      vertex -71.53073372946037 -16.5 -33.695518130045144
      vertex -71.2 -16.5 -30
      vertex -71.17694233648388 -16.5 -30.234108386419354
    endloop
  endfacet
  facet normal 0 1 0
    outer loop
      vertex -72.82842712474618 -16.5 -32.82842712474619
      vertex -72.82842712474618 -16.5 -27.17157287525381
      vertex -72.2222809320784 -16.5 -26.67412155078982
    endloop
  endfacet
  facet normal 0 1 0
    outer loop
      vertex -72.2222809320784 -16.5 -33.32587844921018
      vertex -72.2222809320784 -16.5 -26.67412155078982
      vertex -71.53073372946037 -16.5 -26.304481869954852
    endloop
  endfacet
  facet normal 0 1 0
    outer loop
      vertex -71.53073372946037 -16.5 -33.695518130045144
      vertex -71.53073372946037 -16.5 -26.304481869954852
      vertex -71.2 -16.5 -30
    endloop
  endfacet
  facet normal 0 1 0
    outer loop
      vertex -70 -16.5 -34
      vertex -70 -16.5 -31.2
      vertex -69.76589161358065 -16.5 -31.176942336483876
    endloop
  endfacet
  facet normal 0 1 0
    outer loop
      vertex -70 -16.5 -34
      vertex -69.76589161358065 -16.5 -31.176942336483876
      vertex -69.5407798811619 -16.5 -31.108655439013543
    endloop
  endfacet
  facet normal 0 1 0
    outer loop
      vertex -69.5407798811619 -16.5 -31.108655439013543
      vertex -69.33331572037648 -16.5 -30.997763534763052
      vertex -69.21963871193549 -16.5 -33.92314112161292
    endloop
  endfacet
  facet normal 0 1 0
    outer loop
      vertex -69.21963871193549 -16.5 -33.92314112161292
      vertex -69.33331572037648 -16.5 -30.997763534763052
      vertex -69.15147186257614 -16.5 -30.848528137423855
    endloop
  endfacet
  facet normal 0 1 0
    outer loop
      vertex -69.21963871193549 -16.5 -33.92314112161292
      vertex -69.15147186257614 -16.5 -30.848528137423855
      vertex -69.00223646523695 -16.5 -30.666684279623524
    endloop
  endfacet
  facet normal 0 1 0
    outer loop
      vertex -69.21963871193549 -16.5 -33.92314112161292
      vertex -69.00223646523695 -16.5 -30.666684279623524
      vertex -68.89134456098645 -16.5 -30.459220118838108
    endloop
  endfacet
  facet normal 0 1 0
    outer loop
      vertex -69.21963871193549 -16.5 -33.92314112161292
      vertex -68.89134456098645 -16.5 -30.459220118838108
      vertex -68.82305766351612 -16.5 -30.234108386419354
    endloop
  endfacet
  facet normal 0 1 0
    outer loop
      vertex -68.46926627053963 -16.5 -33.695518130045144
      vertex -68.82305766351612 -16.5 -30.234108386419354
      vertex -68.8 -16.5 -30
    endloop
  endfacet
  facet normal 0 1 0
    outer loop
      vertex -68.46926627053963 -16.5 -33.695518130045144
      vertex -67.7777190679216 -16.5 -26.67412155078982
      vertex -67.7777190679216 -16.5 -33.32587844921018
    endloop
  endfacet
  facet normal 0 1 0
    outer loop
      vertex -68.46926627053963 -16.5 -33.695518130045144
      vertex -68.8 -16.5 -30
      vertex -68.46926627053963 -16.5 -26.304481869954852
    endloop
  endfacet
  facet normal 0 1 0
    outer loop
      vertex -68.46926627053963 -16.5 -33.695518130045144
      vertex -68.46926627053963 -16.5 -26.304481869954852
      vertex -67.7777190679216 -16.5 -26.67412155078982
    endloop
  endfacet
  facet normal 0 1 0
    outer loop
      vertex -67.7777190679216 -16.5 -33.32587844921018
      vertex -67.7777190679216 -16.5 -26.67412155078982
      vertex -67.17157287525382 -16.5 -27.17157287525381
    endloop
  endfacet
  facet normal 0.7730104533627371 0 -0.6343932841636455
    outer loop
      vertex -66.67412155078982 -16.5 -32.222280932078405
      vertex -66.67412155078982 -22.5 -32.222280932078405
      vertex -67.17157287525382 -22.5 -32.82842712474619
    endloop
  endfacet
  facet normal 0.8819212643483548 0 -0.4713967368259979
    outer loop
      vertex -66.30448186995486 -16.5 -31.53073372946036
      vertex -66.30448186995486 -22.5 -31.53073372946036
      vertex -66.67412155078982 -22.5 -32.222280932078405
    endloop
  endfacet
  facet normal 0.9569403357322056 0 -0.2902846772544736
    outer loop
      vertex -66.07685887838707 -16.5 -30.780361288064512
      vertex -66.07685887838707 -22.5 -30.780361288064512
      vertex -66.30448186995486 -22.5 -31.53073372946036
    endloop
  endfacet
  facet normal 0.9951847266721978 0 -0.09801714032955187
    outer loop
      vertex -66 -16.5 -30
      vertex -66 -22.5 -30
      vertex -66.07685887838707 -22.5 -30.780361288064512
    endloop
  endfacet
  facet normal 0.9951847266721978 0 0.09801714032955187
    outer loop
      vertex -66.07685887838707 -16.5 -29.219638711935488
      vertex -66.07685887838707 -22.5 -29.219638711935488
      vertex -66 -22.5 -30
    endloop
  endfacet
  facet normal 0.6343932841636445 6.824522951262054e-19 -0.7730104533627378
    outer loop
      vertex -67.7777190679216 -16.5 -33.32587844921018
      vertex -67.17157287525382 -16.5 -32.82842712474619
      vertex -67.17157287525382 -22.5 -32.82842712474619
    endloop
  endfacet
  facet normal 0.7730104533627371 0 -0.6343932841636455
    outer loop
      vertex -67.17157287525382 -16.5 -32.82842712474619
      vertex -66.67412155078982 -16.5 -32.222280932078405
      vertex -67.17157287525382 -22.5 -32.82842712474619
    endloop
  endfacet
  facet normal 0.8819212643483548 0 -0.4713967368259979
    outer loop
      vertex -66.67412155078982 -16.5 -32.222280932078405
      vertex -66.30448186995486 -16.5 -31.53073372946036
      vertex -66.67412155078982 -22.5 -32.222280932078405
    endloop
  endfacet
  facet normal 0.9569403357322056 0 -0.2902846772544736
    outer loop
      vertex -66.30448186995486 -16.5 -31.53073372946036
      vertex -66.07685887838707 -16.5 -30.780361288064512
      vertex -66.30448186995486 -22.5 -31.53073372946036
    endloop
  endfacet
  facet normal 0.9569403357322056 0 0.2902846772544736
    outer loop
      vertex -66.07685887838707 -16.5 -29.219638711935488
      vertex -66.30448186995486 -16.5 -28.46926627053964
      vertex -66.07685887838707 -22.5 -29.219638711935488
    endloop
  endfacet
  facet normal 0.9951847266721978 0 -0.09801714032955187
    outer loop
      vertex -66.07685887838707 -16.5 -30.780361288064512
      vertex -66 -16.5 -30
      vertex -66.07685887838707 -22.5 -30.780361288064512
    endloop
  endfacet
  facet normal 0.9951847266721978 0 0.09801714032955187
    outer loop
      vertex -66 -16.5 -30
      vertex -66.07685887838707 -16.5 -29.219638711935488
      vertex -66 -22.5 -30
    endloop
  endfacet
  facet normal 0 1 0
    outer loop
      vertex -67.7777190679216 -16.5 -33.32587844921018
      vertex -67.17157287525382 -16.5 -27.17157287525381
      vertex -67.17157287525382 -16.5 -32.82842712474619
    endloop
  endfacet
  facet normal 0 1 0
    outer loop
      vertex -67.17157287525382 -16.5 -32.82842712474619
      vertex -66.67412155078982 -16.5 -27.77771906792159
      vertex -66.67412155078982 -16.5 -32.222280932078405
    endloop
  endfacet
  facet normal 0 1 0
    outer loop
      vertex -66.67412155078982 -16.5 -32.222280932078405
      vertex -66.30448186995486 -16.5 -28.46926627053964
      vertex -66.30448186995486 -16.5 -31.53073372946036
    endloop
  endfacet
  facet normal 0 1 0
    outer loop
      vertex -66.30448186995486 -16.5 -31.53073372946036
      vertex -66.07685887838707 -16.5 -29.219638711935488
      vertex -66.07685887838707 -16.5 -30.780361288064512
    endloop
  endfacet
  facet normal 0 1 0
    outer loop
      vertex -66.30448186995486 -16.5 -31.53073372946036
      vertex -66.30448186995486 -16.5 -28.46926627053964
      vertex -66.07685887838707 -16.5 -29.219638711935488
    endloop
  endfacet
  facet normal 0 1 0
    outer loop
      vertex -67.17157287525382 -16.5 -32.82842712474619
      vertex -67.17157287525382 -16.5 -27.17157287525381
      vertex -66.67412155078982 -16.5 -27.77771906792159
    endloop
  endfacet
  facet normal 0 1 0
    outer loop
      vertex -66.67412155078982 -16.5 -32.222280932078405
      vertex -66.67412155078982 -16.5 -27.77771906792159
      vertex -66.30448186995486 -16.5 -28.46926627053964
    endloop
  endfacet
  facet normal 0 1 0
    outer loop
      vertex -66.07685887838707 -16.5 -30.780361288064512
      vertex -66.07685887838707 -16.5 -29.219638711935488
      vertex -66 -16.5 -30
    endloop
  endfacet
  facet normal -0.8819212643483559 0 0.47139673682599603
    outer loop
      vertex -73.69551813004514 -16.5 -28.46926627053964
      vertex -73.69551813004514 -22.5 -28.46926627053964
      vertex -73.32587844921018 -22.5 -27.77771906792159
    endloop
  endfacet
  facet normal -0.7730104533627352 0 0.6343932841636477
    outer loop
      vertex -73.32587844921018 -16.5 -27.77771906792159
      vertex -73.32587844921018 -22.5 -27.77771906792159
      vertex -72.82842712474618 -22.5 -27.17157287525381
    endloop
  endfacet
  facet normal -0.6343932841636445 0 0.7730104533627378
    outer loop
      vertex -72.2222809320784 -16.5 -26.67412155078982
      vertex -72.82842712474618 -22.5 -27.17157287525381
      vertex -72.2222809320784 -22.5 -26.67412155078982
    endloop
  endfacet
  facet normal -0.4713967368260052 0 0.8819212643483509
    outer loop
      vertex -71.53073372946037 -16.5 -26.304481869954852
      vertex -72.2222809320784 -22.5 -26.67412155078982
      vertex -71.53073372946037 -22.5 -26.304481869954852
    endloop
  endfacet
  facet normal -0.2902846772544586 0 0.9569403357322099
    outer loop
      vertex -70.78036128806451 -16.5 -26.07685887838708
      vertex -71.53073372946037 -22.5 -26.304481869954852
      vertex -70.78036128806451 -22.5 -26.07685887838708
    endloop
  endfacet
  facet normal -0.09801714032956084 0 0.9951847266721968
    outer loop
      vertex -70 -16.5 -26
      vertex -70.78036128806451 -22.5 -26.07685887838708
      vertex -70 -22.5 -26
    endloop
  endfacet
  facet normal 0.09801714032956084 0 0.9951847266721968
    outer loop
      vertex -69.21963871193549 -16.5 -26.07685887838708
      vertex -70 -22.5 -26
      vertex -69.21963871193549 -22.5 -26.07685887838708
    endloop
  endfacet
  facet normal 0.2902846772544586 0 0.9569403357322099
    outer loop
      vertex -68.46926627053963 -16.5 -26.304481869954852
      vertex -69.21963871193549 -22.5 -26.07685887838708
      vertex -68.46926627053963 -22.5 -26.304481869954852
    endloop
  endfacet
  facet normal 0.4713967368260052 0 0.8819212643483509
    outer loop
      vertex -67.7777190679216 -16.5 -26.67412155078982
      vertex -68.46926627053963 -22.5 -26.304481869954852
      vertex -67.7777190679216 -22.5 -26.67412155078982
    endloop
  endfacet
  facet normal -0.9569403357322056 -2.1799645575666815e-18 0.2902846772544736
    outer loop
      vertex -73.92314112161293 -16.5 -29.219638711935488
      vertex -73.69551813004514 -22.5 -28.46926627053964
      vertex -73.69551813004514 -16.5 -28.46926627053964
    endloop
  endfacet
  facet normal -0.8819212643483559 3.9653091246764364e-18 0.47139673682599603
    outer loop
      vertex -73.69551813004514 -16.5 -28.46926627053964
      vertex -73.32587844921018 -22.5 -27.77771906792159
      vertex -73.32587844921018 -16.5 -27.77771906792159
    endloop
  endfacet
  facet normal -0.7730104533627352 5.6803836012018105e-18 0.6343932841636477
    outer loop
      vertex -73.32587844921018 -16.5 -27.77771906792159
      vertex -72.82842712474618 -22.5 -27.17157287525381
      vertex -72.82842712474618 -16.5 -27.17157287525381
    endloop
  endfacet
  facet normal -0.6343932841636445 0 0.7730104533627378
    outer loop
      vertex -72.82842712474618 -16.5 -27.17157287525381
      vertex -72.82842712474618 -22.5 -27.17157287525381
      vertex -72.2222809320784 -16.5 -26.67412155078982
    endloop
  endfacet
  facet normal -0.4713967368260052 0 0.8819212643483509
    outer loop
      vertex -72.2222809320784 -16.5 -26.67412155078982
      vertex -72.2222809320784 -22.5 -26.67412155078982
      vertex -71.53073372946037 -16.5 -26.304481869954852
    endloop
  endfacet
  facet normal -0.2902846772544586 0 0.9569403357322099
    outer loop
      vertex -71.53073372946037 -16.5 -26.304481869954852
      vertex -71.53073372946037 -22.5 -26.304481869954852
      vertex -70.78036128806451 -16.5 -26.07685887838708
    endloop
  endfacet
  facet normal -0.09801714032956084 0 0.9951847266721968
    outer loop
      vertex -70.78036128806451 -16.5 -26.07685887838708
      vertex -70.78036128806451 -22.5 -26.07685887838708
      vertex -70 -16.5 -26
    endloop
  endfacet
  facet normal 0.2902846772544586 0 0.9569403357322099
    outer loop
      vertex -69.21963871193549 -16.5 -26.07685887838708
      vertex -69.21963871193549 -22.5 -26.07685887838708
      vertex -68.46926627053963 -16.5 -26.304481869954852
    endloop
  endfacet
  facet normal 0.09801714032956084 0 0.9951847266721968
    outer loop
      vertex -70 -16.5 -26
      vertex -70 -22.5 -26
      vertex -69.21963871193549 -16.5 -26.07685887838708
    endloop
  endfacet
  facet normal 0.4713967368260052 0 0.8819212643483509
    outer loop
      vertex -68.46926627053963 -16.5 -26.304481869954852
      vertex -68.46926627053963 -22.5 -26.304481869954852
      vertex -67.7777190679216 -16.5 -26.67412155078982
    endloop
  endfacet
  facet normal 0.6343932841636445 -6.824522951262054e-19 0.7730104533627378
    outer loop
      vertex -67.17157287525382 -16.5 -27.17157287525381
      vertex -67.7777190679216 -16.5 -26.67412155078982
      vertex -67.7777190679216 -22.5 -26.67412155078982
    endloop
  endfacet
  facet normal 0 1 0
    outer loop
      vertex -71.2 -16.5 -30
      vertex -71.53073372946037 -16.5 -26.304481869954852
      vertex -71.17694233648388 -16.5 -29.765891613580646
    endloop
  endfacet
  facet normal 0 1 0
    outer loop
      vertex -71.17694233648388 -16.5 -29.765891613580646
      vertex -70.78036128806451 -16.5 -26.07685887838708
      vertex -71.10865543901355 -16.5 -29.540779881161892
    endloop
  endfacet
  facet normal 0 1 0
    outer loop
      vertex -71.10865543901355 -16.5 -29.540779881161892
      vertex -70.78036128806451 -16.5 -26.07685887838708
      vertex -70.99776353476305 -16.5 -29.333315720376476
    endloop
  endfacet
  facet normal 0 1 0
    outer loop
      vertex -70.99776353476305 -16.5 -29.333315720376476
      vertex -70.78036128806451 -16.5 -26.07685887838708
      vertex -70.84852813742386 -16.5 -29.151471862576145
    endloop
  endfacet
  facet normal 0 1 0
    outer loop
      vertex -70.84852813742386 -16.5 -29.151471862576145
      vertex -70.78036128806451 -16.5 -26.07685887838708
      vertex -70.66668427962352 -16.5 -29.002236465236948
    endloop
  endfacet
  facet normal 0 1 0
    outer loop
      vertex -70.66668427962352 -16.5 -29.002236465236948
      vertex -70.78036128806451 -16.5 -26.07685887838708
      vertex -70.4592201188381 -16.5 -28.891344560986457
    endloop
  endfacet
  facet normal 0 1 0
    outer loop
      vertex -71.17694233648388 -16.5 -29.765891613580646
      vertex -71.53073372946037 -16.5 -26.304481869954852
      vertex -70.78036128806451 -16.5 -26.07685887838708
    endloop
  endfacet
  facet normal 0 1 0
    outer loop
      vertex -70.4592201188381 -16.5 -28.891344560986457
      vertex -70.78036128806451 -16.5 -26.07685887838708
      vertex -70 -16.5 -26
    endloop
  endfacet
  facet normal 0 1 0
    outer loop
      vertex -70.4592201188381 -16.5 -28.891344560986457
      vertex -70 -16.5 -26
      vertex -70.23410838641935 -16.5 -28.823057663516124
    endloop
  endfacet
  facet normal 0 1 0
    outer loop
      vertex -70.23410838641935 -16.5 -28.823057663516124
      vertex -70 -16.5 -26
      vertex -70 -16.5 -28.8
    endloop
  endfacet
  facet normal 0 1 0
    outer loop
      vertex -70 -16.5 -28.8
      vertex -69.21963871193549 -16.5 -26.07685887838708
      vertex -69.76589161358065 -16.5 -28.823057663516124
    endloop
  endfacet
  facet normal 0 1 0
    outer loop
      vertex -69.5407798811619 -16.5 -28.891344560986457
      vertex -69.76589161358065 -16.5 -28.823057663516124
      vertex -69.21963871193549 -16.5 -26.07685887838708
    endloop
  endfacet
  facet normal 0 1 0
    outer loop
      vertex -69.5407798811619 -16.5 -28.891344560986457
      vertex -69.21963871193549 -16.5 -26.07685887838708
      vertex -69.33331572037648 -16.5 -29.002236465236948
    endloop
  endfacet
  facet normal 0 1 0
    outer loop
      vertex -69.15147186257614 -16.5 -29.151471862576145
      vertex -69.33331572037648 -16.5 -29.002236465236948
      vertex -68.46926627053963 -16.5 -26.304481869954852
    endloop
  endfacet
  facet normal 0 1 0
    outer loop
      vertex -70 -16.5 -28.8
      vertex -70 -16.5 -26
      vertex -69.21963871193549 -16.5 -26.07685887838708
    endloop
  endfacet
  facet normal 0 1 0
    outer loop
      vertex -69.33331572037648 -16.5 -29.002236465236948
      vertex -69.21963871193549 -16.5 -26.07685887838708
      vertex -68.46926627053963 -16.5 -26.304481869954852
    endloop
  endfacet
  facet normal 0 1 0
    outer loop
      vertex -68.8 -16.5 -30
      vertex -68.82305766351612 -16.5 -29.765891613580646
      vertex -68.46926627053963 -16.5 -26.304481869954852
    endloop
  endfacet
  facet normal 0 1 0
    outer loop
      vertex -68.82305766351612 -16.5 -29.765891613580646
      vertex -68.89134456098645 -16.5 -29.540779881161892
      vertex -68.46926627053963 -16.5 -26.304481869954852
    endloop
  endfacet
  facet normal 0 1 0
    outer loop
      vertex -68.89134456098645 -16.5 -29.540779881161892
      vertex -69.00223646523695 -16.5 -29.333315720376476
      vertex -68.46926627053963 -16.5 -26.304481869954852
    endloop
  endfacet
  facet normal 0 1 0
    outer loop
      vertex -69.00223646523695 -16.5 -29.333315720376476
      vertex -69.15147186257614 -16.5 -29.151471862576145
      vertex -68.46926627053963 -16.5 -26.304481869954852
    endloop
  endfacet
  facet normal 0.9569403357322056 0 0.2902846772544736
    outer loop
      vertex -66.30448186995486 -16.5 -28.46926627053964
      vertex -66.30448186995486 -22.5 -28.46926627053964
      vertex -66.07685887838707 -22.5 -29.219638711935488
    endloop
  endfacet
  facet normal 0.8819212643483559 0 0.47139673682599603
    outer loop
      vertex -66.67412155078982 -16.5 -27.77771906792159
      vertex -66.67412155078982 -22.5 -27.77771906792159
      vertex -66.30448186995486 -22.5 -28.46926627053964
    endloop
  endfacet
  facet normal 0.6343932841636445 0 0.7730104533627378
    outer loop
      vertex -67.17157287525382 -16.5 -27.17157287525381
      vertex -67.7777190679216 -22.5 -26.67412155078982
      vertex -67.17157287525382 -22.5 -27.17157287525381
    endloop
  endfacet
  facet normal 0.7730104533627352 0 0.6343932841636477
    outer loop
      vertex -67.17157287525382 -16.5 -27.17157287525381
      vertex -67.17157287525382 -22.5 -27.17157287525381
      vertex -66.67412155078982 -22.5 -27.77771906792159
    endloop
  endfacet
  facet normal 0.8819212643483559 0 0.47139673682599603
    outer loop
      vertex -66.30448186995486 -16.5 -28.46926627053964
      vertex -66.67412155078982 -16.5 -27.77771906792159
      vertex -66.30448186995486 -22.5 -28.46926627053964
    endloop
  endfacet
  facet normal 0.7730104533627352 -5.6803836012018105e-18 0.6343932841636477
    outer loop
      vertex -67.17157287525382 -16.5 -27.17157287525381
      vertex -66.67412155078982 -22.5 -27.77771906792159
      vertex -66.67412155078982 -16.5 -27.77771906792159
    endloop
  endfacet
  facet normal -0.8819212643483548 0 -0.4713967368259979
    outer loop
      vertex -73.32587844921018 -16.5 47.777719067921595
      vertex -73.32587844921018 -22.5 47.777719067921595
      vertex -73.69551813004514 -22.5 48.46926627053964
    endloop
  endfacet
  facet normal -0.9569403357322056 0 -0.2902846772544736
    outer loop
      vertex -73.69551813004514 -16.5 48.46926627053964
      vertex -73.69551813004514 -22.5 48.46926627053964
      vertex -73.92314112161293 -22.5 49.21963871193549
    endloop
  endfacet
  facet normal -0.9951847266721978 0 -0.09801714032955187
    outer loop
      vertex -73.92314112161293 -16.5 49.21963871193549
      vertex -73.92314112161293 -22.5 49.21963871193549
      vertex -74 -22.5 50
    endloop
  endfacet
  facet normal -0.9951847266721978 0 0.09801714032955187
    outer loop
      vertex -74 -16.5 50
      vertex -74 -22.5 50
      vertex -73.92314112161293 -22.5 50.78036128806451
    endloop
  endfacet
  facet normal -0.47139673682600164 0 -0.8819212643483528
    outer loop
      vertex -72.2222809320784 -16.5 46.67412155078982
      vertex -71.53073372946037 -22.5 46.304481869954856
      vertex -72.2222809320784 -22.5 46.67412155078982
    endloop
  endfacet
  facet normal -0.2902846772544627 0 -0.9569403357322087
    outer loop
      vertex -71.53073372946037 -16.5 46.304481869954856
      vertex -70.78036128806451 -22.5 46.07685887838708
      vertex -71.53073372946037 -22.5 46.304481869954856
    endloop
  endfacet
  facet normal -0.09801714032956084 0 -0.9951847266721968
    outer loop
      vertex -70.78036128806451 -16.5 46.07685887838708
      vertex -70 -22.5 46
      vertex -70.78036128806451 -22.5 46.07685887838708
    endloop
  endfacet
  facet normal 0.09801714032956084 0 -0.9951847266721968
    outer loop
      vertex -70 -16.5 46
      vertex -69.21963871193549 -22.5 46.07685887838708
      vertex -70 -22.5 46
    endloop
  endfacet
  facet normal 0.2902846772544627 0 -0.9569403357322087
    outer loop
      vertex -69.21963871193549 -16.5 46.07685887838708
      vertex -68.46926627053963 -22.5 46.304481869954856
      vertex -69.21963871193549 -22.5 46.07685887838708
    endloop
  endfacet
  facet normal 0.47139673682600164 0 -0.8819212643483528
    outer loop
      vertex -68.46926627053963 -16.5 46.304481869954856
      vertex -67.7777190679216 -22.5 46.67412155078982
      vertex -68.46926627053963 -22.5 46.304481869954856
    endloop
  endfacet
  facet normal -0.6343932841636445 0 -0.7730104533627378
    outer loop
      vertex -72.82842712474618 -16.5 47.17157287525381
      vertex -72.2222809320784 -22.5 46.67412155078982
      vertex -72.82842712474618 -22.5 47.17157287525381
    endloop
  endfacet
  facet normal -0.7730104533627371 0 -0.6343932841636455
    outer loop
      vertex -72.82842712474618 -16.5 47.17157287525381
      vertex -72.82842712474618 -22.5 47.17157287525381
      vertex -73.32587844921018 -22.5 47.777719067921595
    endloop
  endfacet
  facet normal 0.6343932841636445 0 -0.7730104533627378
    outer loop
      vertex -67.7777190679216 -16.5 46.67412155078982
      vertex -67.17157287525382 -22.5 47.17157287525381
      vertex -67.7777190679216 -22.5 46.67412155078982
    endloop
  endfacet
  facet normal -0.9569403357322056 0 0.2902846772544736
    outer loop
      vertex -73.92314112161293 -16.5 50.78036128806451
      vertex -73.92314112161293 -22.5 50.78036128806451
      vertex -73.69551813004514 -22.5 51.53073372946036
    endloop
  endfacet
  facet normal -0.8819212643483548 0 0.4713967368259979
    outer loop
      vertex -73.69551813004514 -16.5 51.53073372946036
      vertex -73.69551813004514 -22.5 51.53073372946036
      vertex -73.32587844921018 -22.5 52.222280932078405
    endloop
  endfacet
  facet normal -0.7730104533627371 0 0.6343932841636455
    outer loop
      vertex -73.32587844921018 -16.5 52.222280932078405
      vertex -73.32587844921018 -22.5 52.222280932078405
      vertex -72.82842712474618 -22.5 52.82842712474619
    endloop
  endfacet
  facet normal -0.6343932841636445 0 0.7730104533627378
    outer loop
      vertex -72.2222809320784 -16.5 53.32587844921018
      vertex -72.82842712474618 -22.5 52.82842712474619
      vertex -72.2222809320784 -22.5 53.32587844921018
    endloop
  endfacet
  facet normal -0.47139673682600164 0 0.8819212643483528
    outer loop
      vertex -71.53073372946037 -16.5 53.695518130045144
      vertex -72.2222809320784 -22.5 53.32587844921018
      vertex -71.53073372946037 -22.5 53.695518130045144
    endloop
  endfacet
  facet normal -0.2902846772544627 0 0.9569403357322087
    outer loop
      vertex -70.78036128806451 -16.5 53.92314112161292
      vertex -71.53073372946037 -22.5 53.695518130045144
      vertex -70.78036128806451 -22.5 53.92314112161292
    endloop
  endfacet
  facet normal 0.2902846772544627 0 0.9569403357322087
    outer loop
      vertex -68.46926627053963 -16.5 53.695518130045144
      vertex -69.21963871193549 -22.5 53.92314112161292
      vertex -68.46926627053963 -22.5 53.695518130045144
    endloop
  endfacet
  facet normal 0.47139673682600164 0 0.8819212643483528
    outer loop
      vertex -67.7777190679216 -16.5 53.32587844921018
      vertex -68.46926627053963 -22.5 53.695518130045144
      vertex -67.7777190679216 -22.5 53.32587844921018
    endloop
  endfacet
  facet normal -0.09801714032956084 0 0.9951847266721968
    outer loop
      vertex -70 -16.5 54
      vertex -70.78036128806451 -22.5 53.92314112161292
      vertex -70 -22.5 54
    endloop
  endfacet
  facet normal 0.09801714032956084 0 0.9951847266721968
    outer loop
      vertex -69.21963871193549 -16.5 53.92314112161292
      vertex -70 -22.5 54
      vertex -69.21963871193549 -22.5 53.92314112161292
    endloop
  endfacet
  facet normal -0.7730104533627371 0 -0.6343932841636455
    outer loop
      vertex -73.32587844921018 -16.5 47.777719067921595
      vertex -72.82842712474618 -16.5 47.17157287525381
      vertex -73.32587844921018 -22.5 47.777719067921595
    endloop
  endfacet
  facet normal -0.8819212643483548 3.785773978469004e-18 -0.4713967368259979
    outer loop
      vertex -73.32587844921018 -16.5 47.777719067921595
      vertex -73.69551813004514 -22.5 48.46926627053964
      vertex -73.69551813004514 -16.5 48.46926627053964
    endloop
  endfacet
  facet normal -0.9569403357322056 2.1799645575666815e-18 -0.2902846772544736
    outer loop
      vertex -73.69551813004514 -16.5 48.46926627053964
      vertex -73.92314112161293 -22.5 49.21963871193549
      vertex -73.92314112161293 -16.5 49.21963871193549
    endloop
  endfacet
  facet normal -0.9951847266721978 -3.566295650598619e-19 -0.09801714032955187
    outer loop
      vertex -73.92314112161293 -16.5 49.21963871193549
      vertex -74 -22.5 50
      vertex -74 -16.5 50
    endloop
  endfacet
  facet normal 0 1 0
    outer loop
      vertex -73.92314112161293 -16.5 49.21963871193549
      vertex -74 -16.5 50
      vertex -73.92314112161293 -16.5 50.78036128806451
    endloop
  endfacet
  facet normal 0 1 0
    outer loop
      vertex -73.69551813004514 -16.5 48.46926627053964
      vertex -73.92314112161293 -16.5 49.21963871193549
      vertex -73.69551813004514 -16.5 51.53073372946036
    endloop
  endfacet
  facet normal 0 1 0
    outer loop
      vertex -73.32587844921018 -16.5 47.777719067921595
      vertex -73.69551813004514 -16.5 48.46926627053964
      vertex -73.32587844921018 -16.5 52.222280932078405
    endloop
  endfacet
  facet normal -0.47139673682600164 -4.3096125173382335e-18 -0.8819212643483528
    outer loop
      vertex -72.2222809320784 -16.5 46.67412155078982
      vertex -71.53073372946037 -16.5 46.304481869954856
      vertex -71.53073372946037 -22.5 46.304481869954856
    endloop
  endfacet
  facet normal -0.2902846772544627 1.1408413451618194e-18 -0.9569403357322087
    outer loop
      vertex -71.53073372946037 -16.5 46.304481869954856
      vertex -70.78036128806451 -16.5 46.07685887838708
      vertex -70.78036128806451 -22.5 46.07685887838708
    endloop
  endfacet
  facet normal -0.09801714032956084 -4.893052979224666e-19 -0.9951847266721968
    outer loop
      vertex -70.78036128806451 -16.5 46.07685887838708
      vertex -70 -16.5 46
      vertex -70 -22.5 46
    endloop
  endfacet
  facet normal 0.09801714032956084 4.893052979224666e-19 -0.9951847266721968
    outer loop
      vertex -70 -16.5 46
      vertex -69.21963871193549 -16.5 46.07685887838708
      vertex -69.21963871193549 -22.5 46.07685887838708
    endloop
  endfacet
  facet normal 0.2902846772544627 -1.1408413451618194e-18 -0.9569403357322087
    outer loop
      vertex -69.21963871193549 -16.5 46.07685887838708
      vertex -68.46926627053963 -16.5 46.304481869954856
      vertex -68.46926627053963 -22.5 46.304481869954856
    endloop
  endfacet
  facet normal 0.47139673682600164 4.3096125173382335e-18 -0.8819212643483528
    outer loop
      vertex -68.46926627053963 -16.5 46.304481869954856
      vertex -67.7777190679216 -16.5 46.67412155078982
      vertex -67.7777190679216 -22.5 46.67412155078982
    endloop
  endfacet
  facet normal -0.6343932841636445 0 -0.7730104533627378
    outer loop
      vertex -72.2222809320784 -16.5 46.67412155078982
      vertex -72.2222809320784 -22.5 46.67412155078982
      vertex -72.82842712474618 -16.5 47.17157287525381
    endloop
  endfacet
  facet normal 0 1 0
    outer loop
      vertex -71.53073372946037 -16.5 46.304481869954856
      vertex -70.66668427962352 -16.5 49.00223646523695
      vertex -70.78036128806451 -16.5 46.07685887838708
    endloop
  endfacet
  facet normal 0 1 0
    outer loop
      vertex -71.53073372946037 -16.5 46.304481869954856
      vertex -70.99776353476305 -16.5 49.333315720376476
      vertex -70.84852813742386 -16.5 49.151471862576145
    endloop
  endfacet
  facet normal 0 1 0
    outer loop
      vertex -71.53073372946037 -16.5 46.304481869954856
      vertex -71.10865543901355 -16.5 49.54077988116189
      vertex -70.99776353476305 -16.5 49.333315720376476
    endloop
  endfacet
  facet normal 0 1 0
    outer loop
      vertex -70.78036128806451 -16.5 46.07685887838708
      vertex -70.4592201188381 -16.5 48.891344560986454
      vertex -70.23410838641935 -16.5 48.823057663516124
    endloop
  endfacet
  facet normal 0 1 0
    outer loop
      vertex -70.78036128806451 -16.5 46.07685887838708
      vertex -70.66668427962352 -16.5 49.00223646523695
      vertex -70.4592201188381 -16.5 48.891344560986454
    endloop
  endfacet
  facet normal 0 1 0
    outer loop
      vertex -70.78036128806451 -16.5 46.07685887838708
      vertex -70.23410838641935 -16.5 48.823057663516124
      vertex -70 -16.5 48.8
    endloop
  endfacet
  facet normal 0 1 0
    outer loop
      vertex -71.53073372946037 -16.5 46.304481869954856
      vertex -70.84852813742386 -16.5 49.151471862576145
      vertex -70.66668427962352 -16.5 49.00223646523695
    endloop
  endfacet
  facet normal 0 1 0
    outer loop
      vertex -73.32587844921018 -16.5 47.777719067921595
      vertex -72.82842712474618 -16.5 52.82842712474619
      vertex -72.82842712474618 -16.5 47.17157287525381
    endloop
  endfacet
  facet normal 0 1 0
    outer loop
      vertex -72.2222809320784 -16.5 46.67412155078982
      vertex -72.82842712474618 -16.5 47.17157287525381
      vertex -72.2222809320784 -16.5 53.32587844921018
    endloop
  endfacet
  facet normal 0 1 0
    outer loop
      vertex -72.2222809320784 -16.5 46.67412155078982
      vertex -71.53073372946037 -16.5 53.695518130045144
      vertex -71.53073372946037 -16.5 46.304481869954856
    endloop
  endfacet
  facet normal 0 1 0
    outer loop
      vertex -71.53073372946037 -16.5 46.304481869954856
      vertex -71.17694233648388 -16.5 49.76589161358065
      vertex -71.10865543901355 -16.5 49.54077988116189
    endloop
  endfacet
  facet normal 0 1 0
    outer loop
      vertex -71.53073372946037 -16.5 46.304481869954856
      vertex -71.2 -16.5 50
      vertex -71.17694233648388 -16.5 49.76589161358065
    endloop
  endfacet
  facet normal 0 1 0
    outer loop
      vertex -71.53073372946037 -16.5 46.304481869954856
      vertex -71.53073372946037 -16.5 53.695518130045144
      vertex -71.2 -16.5 50
    endloop
  endfacet
  facet normal 0 1 0
    outer loop
      vertex -70.78036128806451 -16.5 46.07685887838708
      vertex -70 -16.5 48.8
      vertex -70 -16.5 46
    endloop
  endfacet
  facet normal 0 1 0
    outer loop
      vertex -70 -16.5 46
      vertex -69.5407798811619 -16.5 48.891344560986454
      vertex -69.21963871193549 -16.5 46.07685887838708
    endloop
  endfacet
  facet normal 0 1 0
    outer loop
      vertex -70 -16.5 46
      vertex -70 -16.5 48.8
      vertex -69.76589161358065 -16.5 48.823057663516124
    endloop
  endfacet
  facet normal 0 1 0
    outer loop
      vertex -70 -16.5 46
      vertex -69.76589161358065 -16.5 48.823057663516124
      vertex -69.5407798811619 -16.5 48.891344560986454
    endloop
  endfacet
  facet normal 0 1 0
    outer loop
      vertex -69.21963871193549 -16.5 46.07685887838708
      vertex -69.5407798811619 -16.5 48.891344560986454
      vertex -69.33331572037648 -16.5 49.00223646523695
    endloop
  endfacet
  facet normal 0 1 0
    outer loop
      vertex -69.21963871193549 -16.5 46.07685887838708
      vertex -69.33331572037648 -16.5 49.00223646523695
      vertex -69.15147186257614 -16.5 49.151471862576145
    endloop
  endfacet
  facet normal 0 1 0
    outer loop
      vertex -69.21963871193549 -16.5 46.07685887838708
      vertex -69.15147186257614 -16.5 49.151471862576145
      vertex -69.00223646523695 -16.5 49.333315720376476
    endloop
  endfacet
  facet normal 0 1 0
    outer loop
      vertex -69.21963871193549 -16.5 46.07685887838708
      vertex -69.00223646523695 -16.5 49.333315720376476
      vertex -68.89134456098645 -16.5 49.54077988116189
    endloop
  endfacet
  facet normal 0 1 0
    outer loop
      vertex -69.21963871193549 -16.5 46.07685887838708
      vertex -68.89134456098645 -16.5 49.54077988116189
      vertex -68.82305766351612 -16.5 49.76589161358065
    endloop
  endfacet
  facet normal 0 1 0
    outer loop
      vertex -69.21963871193549 -16.5 46.07685887838708
      vertex -68.82305766351612 -16.5 49.76589161358065
      vertex -68.46926627053963 -16.5 46.304481869954856
    endloop
  endfacet
  facet normal 0 1 0
    outer loop
      vertex -68.46926627053963 -16.5 46.304481869954856
      vertex -68.82305766351612 -16.5 49.76589161358065
      vertex -68.8 -16.5 50
    endloop
  endfacet
  facet normal 0 1 0
    outer loop
      vertex -68.46926627053963 -16.5 46.304481869954856
      vertex -67.7777190679216 -16.5 53.32587844921018
      vertex -67.7777190679216 -16.5 46.67412155078982
    endloop
  endfacet
  facet normal 0 1 0
    outer loop
      vertex -68.46926627053963 -16.5 46.304481869954856
      vertex -68.8 -16.5 50
      vertex -68.46926627053963 -16.5 53.695518130045144
    endloop
  endfacet
  facet normal -0.9951847266721978 3.566295650598619e-19 0.09801714032955187
    outer loop
      vertex -74 -16.5 50
      vertex -73.92314112161293 -22.5 50.78036128806451
      vertex -73.92314112161293 -16.5 50.78036128806451
    endloop
  endfacet
  facet normal -0.9569403357322056 -2.1799645575666815e-18 0.2902846772544736
    outer loop
      vertex -73.92314112161293 -16.5 50.78036128806451
      vertex -73.69551813004514 -22.5 51.53073372946036
      vertex -73.69551813004514 -16.5 51.53073372946036
    endloop
  endfacet
  facet normal -0.8819212643483548 -3.785773978469004e-18 0.4713967368259979
    outer loop
      vertex -73.69551813004514 -16.5 51.53073372946036
      vertex -73.32587844921018 -22.5 52.222280932078405
      vertex -73.32587844921018 -16.5 52.222280932078405
    endloop
  endfacet
  facet normal 0 1 0
    outer loop
      vertex -73.92314112161293 -16.5 49.21963871193549
      vertex -73.92314112161293 -16.5 50.78036128806451
      vertex -73.69551813004514 -16.5 51.53073372946036
    endloop
  endfacet
  facet normal 0 1 0
    outer loop
      vertex -73.69551813004514 -16.5 48.46926627053964
      vertex -73.69551813004514 -16.5 51.53073372946036
      vertex -73.32587844921018 -16.5 52.222280932078405
    endloop
  endfacet
  facet normal 0 1 0
    outer loop
      vertex -73.32587844921018 -16.5 47.777719067921595
      vertex -73.32587844921018 -16.5 52.222280932078405
      vertex -72.82842712474618 -16.5 52.82842712474619
    endloop
  endfacet
  facet normal -0.7730104533627371 3.7558234321962494e-18 0.6343932841636455
    outer loop
      vertex -73.32587844921018 -16.5 52.222280932078405
      vertex -72.82842712474618 -22.5 52.82842712474619
      vertex -72.82842712474618 -16.5 52.82842712474619
    endloop
  endfacet
  facet normal -0.6343932841636445 0 0.7730104533627378
    outer loop
      vertex -72.82842712474618 -16.5 52.82842712474619
      vertex -72.82842712474618 -22.5 52.82842712474619
      vertex -72.2222809320784 -16.5 53.32587844921018
    endloop
  endfacet
  facet normal -0.47139673682600164 0 0.8819212643483528
    outer loop
      vertex -72.2222809320784 -16.5 53.32587844921018
      vertex -72.2222809320784 -22.5 53.32587844921018
      vertex -71.53073372946037 -16.5 53.695518130045144
    endloop
  endfacet
  facet normal -0.2902846772544627 0 0.9569403357322087
    outer loop
      vertex -71.53073372946037 -16.5 53.695518130045144
      vertex -71.53073372946037 -22.5 53.695518130045144
      vertex -70.78036128806451 -16.5 53.92314112161292
    endloop
  endfacet
  facet normal 0.2902846772544627 0 0.9569403357322087
    outer loop
      vertex -69.21963871193549 -16.5 53.92314112161292
      vertex -69.21963871193549 -22.5 53.92314112161292
      vertex -68.46926627053963 -16.5 53.695518130045144
    endloop
  endfacet
  facet normal 0.47139673682600164 0 0.8819212643483528
    outer loop
      vertex -68.46926627053963 -16.5 53.695518130045144
      vertex -68.46926627053963 -22.5 53.695518130045144
      vertex -67.7777190679216 -16.5 53.32587844921018
    endloop
  endfacet
  facet normal 0.6343932841636445 -6.824522951262054e-19 0.7730104533627378
    outer loop
      vertex -67.17157287525382 -16.5 52.82842712474619
      vertex -67.7777190679216 -16.5 53.32587844921018
      vertex -67.7777190679216 -22.5 53.32587844921018
    endloop
  endfacet
  facet normal -0.09801714032956084 0 0.9951847266721968
    outer loop
      vertex -70.78036128806451 -16.5 53.92314112161292
      vertex -70.78036128806451 -22.5 53.92314112161292
      vertex -70 -16.5 54
    endloop
  endfacet
  facet normal 0.09801714032956084 0 0.9951847266721968
    outer loop
      vertex -70 -16.5 54
      vertex -70 -22.5 54
      vertex -69.21963871193549 -16.5 53.92314112161292
    endloop
  endfacet
  facet normal 0 1 0
    outer loop
      vertex -72.82842712474618 -16.5 47.17157287525381
      vertex -72.82842712474618 -16.5 52.82842712474619
      vertex -72.2222809320784 -16.5 53.32587844921018
    endloop
  endfacet
  facet normal 0 1 0
    outer loop
      vertex -72.2222809320784 -16.5 46.67412155078982
      vertex -72.2222809320784 -16.5 53.32587844921018
      vertex -71.53073372946037 -16.5 53.695518130045144
    endloop
  endfacet
  facet normal 0 1 0
    outer loop
      vertex -71.2 -16.5 50
      vertex -71.53073372946037 -16.5 53.695518130045144
      vertex -71.17694233648388 -16.5 50.23410838641935
    endloop
  endfacet
  facet normal 0 1 0
    outer loop
      vertex -71.17694233648388 -16.5 50.23410838641935
      vertex -70.78036128806451 -16.5 53.92314112161292
      vertex -71.10865543901355 -16.5 50.45922011883811
    endloop
  endfacet
  facet normal 0 1 0
    outer loop
      vertex -71.10865543901355 -16.5 50.45922011883811
      vertex -70.78036128806451 -16.5 53.92314112161292
      vertex -70.99776353476305 -16.5 50.666684279623524
    endloop
  endfacet
  facet normal 0 1 0
    outer loop
      vertex -70.99776353476305 -16.5 50.666684279623524
      vertex -70.78036128806451 -16.5 53.92314112161292
      vertex -70.84852813742386 -16.5 50.848528137423855
    endloop
  endfacet
  facet normal 0 1 0
    outer loop
      vertex -70.84852813742386 -16.5 50.848528137423855
      vertex -70.78036128806451 -16.5 53.92314112161292
      vertex -70.66668427962352 -16.5 50.99776353476305
    endloop
  endfacet
  facet normal 0 1 0
    outer loop
      vertex -70.66668427962352 -16.5 50.99776353476305
      vertex -70.78036128806451 -16.5 53.92314112161292
      vertex -70.4592201188381 -16.5 51.108655439013546
    endloop
  endfacet
  facet normal 0 1 0
    outer loop
      vertex -71.17694233648388 -16.5 50.23410838641935
      vertex -71.53073372946037 -16.5 53.695518130045144
      vertex -70.78036128806451 -16.5 53.92314112161292
    endloop
  endfacet
  facet normal 0 1 0
    outer loop
      vertex -70.4592201188381 -16.5 51.108655439013546
      vertex -70.78036128806451 -16.5 53.92314112161292
      vertex -70 -16.5 54
    endloop
  endfacet
  facet normal 0 1 0
    outer loop
      vertex -70.4592201188381 -16.5 51.108655439013546
      vertex -70 -16.5 54
      vertex -70.23410838641935 -16.5 51.176942336483876
    endloop
  endfacet
  facet normal 0 1 0
    outer loop
      vertex -70 -16.5 51.2
      vertex -69.21963871193549 -16.5 53.92314112161292
      vertex -69.76589161358065 -16.5 51.176942336483876
    endloop
  endfacet
  facet normal 0 1 0
    outer loop
      vertex -69.76589161358065 -16.5 51.176942336483876
      vertex -69.21963871193549 -16.5 53.92314112161292
      vertex -69.5407798811619 -16.5 51.108655439013546
    endloop
  endfacet
  facet normal 0 1 0
    outer loop
      vertex -69.5407798811619 -16.5 51.108655439013546
      vertex -69.21963871193549 -16.5 53.92314112161292
      vertex -69.33331572037648 -16.5 50.99776353476305
    endloop
  endfacet
  facet normal 0 1 0
    outer loop
      vertex -69.15147186257614 -16.5 50.848528137423855
      vertex -69.33331572037648 -16.5 50.99776353476305
      vertex -68.46926627053963 -16.5 53.695518130045144
    endloop
  endfacet
  facet normal 0 1 0
    outer loop
      vertex -68.46926627053963 -16.5 46.304481869954856
      vertex -68.46926627053963 -16.5 53.695518130045144
      vertex -67.7777190679216 -16.5 53.32587844921018
    endloop
  endfacet
  facet normal 0 1 0
    outer loop
      vertex -67.7777190679216 -16.5 46.67412155078982
      vertex -67.7777190679216 -16.5 53.32587844921018
      vertex -67.17157287525382 -16.5 52.82842712474619
    endloop
  endfacet
  facet normal 0 1 0
    outer loop
      vertex -68.8 -16.5 50
      vertex -68.82305766351612 -16.5 50.23410838641935
      vertex -68.46926627053963 -16.5 53.695518130045144
    endloop
  endfacet
  facet normal 0 1 0
    outer loop
      vertex -68.89134456098645 -16.5 50.45922011883811
      vertex -69.00223646523695 -16.5 50.666684279623524
      vertex -68.46926627053963 -16.5 53.695518130045144
    endloop
  endfacet
  facet normal 0 1 0
    outer loop
      vertex -68.82305766351612 -16.5 50.23410838641935
      vertex -68.89134456098645 -16.5 50.45922011883811
      vertex -68.46926627053963 -16.5 53.695518130045144
    endloop
  endfacet
  facet normal 0 1 0
    outer loop
      vertex -69.15147186257614 -16.5 50.848528137423855
      vertex -68.46926627053963 -16.5 53.695518130045144
      vertex -69.00223646523695 -16.5 50.666684279623524
    endloop
  endfacet
  facet normal 0 1 0
    outer loop
      vertex -70.23410838641935 -16.5 51.176942336483876
      vertex -70 -16.5 54
      vertex -70 -16.5 51.2
    endloop
  endfacet
  facet normal 0 1 0
    outer loop
      vertex -69.33331572037648 -16.5 50.99776353476305
      vertex -69.21963871193549 -16.5 53.92314112161292
      vertex -68.46926627053963 -16.5 53.695518130045144
    endloop
  endfacet
  facet normal 0 1 0
    outer loop
      vertex -70 -16.5 51.2
      vertex -70 -16.5 54
      vertex -69.21963871193549 -16.5 53.92314112161292
    endloop
  endfacet
  facet normal 0.7730104533627371 0 -0.6343932841636455
    outer loop
      vertex -66.67412155078982 -16.5 47.777719067921595
      vertex -66.67412155078982 -22.5 47.777719067921595
      vertex -67.17157287525382 -22.5 47.17157287525381
    endloop
  endfacet
  facet normal 0.8819212643483548 0 -0.4713967368259979
    outer loop
      vertex -66.30448186995486 -16.5 48.46926627053964
      vertex -66.30448186995486 -22.5 48.46926627053964
      vertex -66.67412155078982 -22.5 47.777719067921595
    endloop
  endfacet
  facet normal 0.9569403357322056 0 -0.2902846772544736
    outer loop
      vertex -66.07685887838707 -16.5 49.21963871193549
      vertex -66.07685887838707 -22.5 49.21963871193549
      vertex -66.30448186995486 -22.5 48.46926627053964
    endloop
  endfacet
  facet normal 0.9951847266721978 0 -0.09801714032955187
    outer loop
      vertex -66 -16.5 50
      vertex -66 -22.5 50
      vertex -66.07685887838707 -22.5 49.21963871193549
    endloop
  endfacet
  facet normal 0.9569403357322056 0 0.2902846772544736
    outer loop
      vertex -66.30448186995486 -16.5 51.53073372946036
      vertex -66.30448186995486 -22.5 51.53073372946036
      vertex -66.07685887838707 -22.5 50.78036128806451
    endloop
  endfacet
  facet normal 0.8819212643483548 0 0.4713967368259979
    outer loop
      vertex -66.67412155078982 -16.5 52.222280932078405
      vertex -66.67412155078982 -22.5 52.222280932078405
      vertex -66.30448186995486 -22.5 51.53073372946036
    endloop
  endfacet
  facet normal 0.9951847266721978 0 0.09801714032955187
    outer loop
      vertex -66.07685887838707 -16.5 50.78036128806451
      vertex -66.07685887838707 -22.5 50.78036128806451
      vertex -66 -22.5 50
    endloop
  endfacet
  facet normal 0.6343932841636445 0 0.7730104533627378
    outer loop
      vertex -67.17157287525382 -16.5 52.82842712474619
      vertex -67.7777190679216 -22.5 53.32587844921018
      vertex -67.17157287525382 -22.5 52.82842712474619
    endloop
  endfacet
  facet normal 0.7730104533627371 0 0.6343932841636455
    outer loop
      vertex -67.17157287525382 -16.5 52.82842712474619
      vertex -67.17157287525382 -22.5 52.82842712474619
      vertex -66.67412155078982 -22.5 52.222280932078405
    endloop
  endfacet
  facet normal 0.6343932841636445 6.824522951262054e-19 -0.7730104533627378
    outer loop
      vertex -67.7777190679216 -16.5 46.67412155078982
      vertex -67.17157287525382 -16.5 47.17157287525381
      vertex -67.17157287525382 -22.5 47.17157287525381
    endloop
  endfacet
  facet normal 0.7730104533627371 0 -0.6343932841636455
    outer loop
      vertex -67.17157287525382 -16.5 47.17157287525381
      vertex -66.67412155078982 -16.5 47.777719067921595
      vertex -67.17157287525382 -22.5 47.17157287525381
    endloop
  endfacet
  facet normal 0.8819212643483548 0 -0.4713967368259979
    outer loop
      vertex -66.67412155078982 -16.5 47.777719067921595
      vertex -66.30448186995486 -16.5 48.46926627053964
      vertex -66.67412155078982 -22.5 47.777719067921595
    endloop
  endfacet
  facet normal 0.9569403357322056 0 -0.2902846772544736
    outer loop
      vertex -66.30448186995486 -16.5 48.46926627053964
      vertex -66.07685887838707 -16.5 49.21963871193549
      vertex -66.30448186995486 -22.5 48.46926627053964
    endloop
  endfacet
  facet normal 0.9951847266721978 0 -0.09801714032955187
    outer loop
      vertex -66.07685887838707 -16.5 49.21963871193549
      vertex -66 -16.5 50
      vertex -66.07685887838707 -22.5 49.21963871193549
    endloop
  endfacet
  facet normal 0.9951847266721978 0 0.09801714032955187
    outer loop
      vertex -66 -16.5 50
      vertex -66.07685887838707 -16.5 50.78036128806451
      vertex -66 -22.5 50
    endloop
  endfacet
  facet normal 0 1 0
    outer loop
      vertex -67.7777190679216 -16.5 46.67412155078982
      vertex -67.17157287525382 -16.5 52.82842712474619
      vertex -67.17157287525382 -16.5 47.17157287525381
    endloop
  endfacet
  facet normal 0 1 0
    outer loop
      vertex -67.17157287525382 -16.5 47.17157287525381
      vertex -66.67412155078982 -16.5 52.222280932078405
      vertex -66.67412155078982 -16.5 47.777719067921595
    endloop
  endfacet
  facet normal 0 1 0
    outer loop
      vertex -66.67412155078982 -16.5 47.777719067921595
      vertex -66.30448186995486 -16.5 51.53073372946036
      vertex -66.30448186995486 -16.5 48.46926627053964
    endloop
  endfacet
  facet normal 0 1 0
    outer loop
      vertex -66.30448186995486 -16.5 48.46926627053964
      vertex -66.07685887838707 -16.5 50.78036128806451
      vertex -66.07685887838707 -16.5 49.21963871193549
    endloop
  endfacet
  facet normal 0 1 0
    outer loop
      vertex -66.30448186995486 -16.5 48.46926627053964
      vertex -66.30448186995486 -16.5 51.53073372946036
      vertex -66.07685887838707 -16.5 50.78036128806451
    endloop
  endfacet
  facet normal 0 1 0
    outer loop
      vertex -66.07685887838707 -16.5 49.21963871193549
      vertex -66.07685887838707 -16.5 50.78036128806451
      vertex -66 -16.5 50
    endloop
  endfacet
  facet normal 0.9569403357322056 0 0.2902846772544736
    outer loop
      vertex -66.07685887838707 -16.5 50.78036128806451
      vertex -66.30448186995486 -16.5 51.53073372946036
      vertex -66.07685887838707 -22.5 50.78036128806451
    endloop
  endfacet
  facet normal 0.8819212643483548 0 0.4713967368259979
    outer loop
      vertex -66.30448186995486 -16.5 51.53073372946036
      vertex -66.67412155078982 -16.5 52.222280932078405
      vertex -66.30448186995486 -22.5 51.53073372946036
    endloop
  endfacet
  facet normal 0.7730104533627371 -3.7558234321962494e-18 0.6343932841636455
    outer loop
      vertex -67.17157287525382 -16.5 52.82842712474619
      vertex -66.67412155078982 -22.5 52.222280932078405
      vertex -66.67412155078982 -16.5 52.222280932078405
    endloop
  endfacet
  facet normal 0 1 0
    outer loop
      vertex -67.17157287525382 -16.5 47.17157287525381
      vertex -67.17157287525382 -16.5 52.82842712474619
      vertex -66.67412155078982 -16.5 52.222280932078405
    endloop
  endfacet
  facet normal 0 1 0
    outer loop
      vertex -66.67412155078982 -16.5 47.777719067921595
      vertex -66.67412155078982 -16.5 52.222280932078405
      vertex -66.30448186995486 -16.5 51.53073372946036
    endloop
  endfacet
  facet normal 0.9569403357322145 0 0.2902846772544439
    outer loop
      vertex 68.89134456098645 -16.5 49.54077988116189
      vertex 68.82305766351612 -22.5 49.76589161358065
      vertex 68.89134456098645 -22.5 49.54077988116189
    endloop
  endfacet
  facet normal 0.9951847266721953 0 0.09801714032957698
    outer loop
      vertex 68.82305766351612 -16.5 49.76589161358065
      vertex 68.8 -22.5 50
      vertex 68.82305766351612 -22.5 49.76589161358065
    endloop
  endfacet
  facet normal 0.9951847266721953 0 -0.09801714032957698
    outer loop
      vertex 68.8 -16.5 50
      vertex 68.82305766351612 -22.5 50.23410838641935
      vertex 68.8 -22.5 50
    endloop
  endfacet
  facet normal 0.9569403357322145 0 -0.2902846772544439
    outer loop
      vertex 68.82305766351612 -16.5 50.23410838641935
      vertex 68.89134456098645 -22.5 50.45922011883811
      vertex 68.82305766351612 -22.5 50.23410838641935
    endloop
  endfacet
  facet normal 0.4713967368260007 0 0.8819212643483534
    outer loop
      vertex 69.5407798811619 -16.5 48.891344560986454
      vertex 69.33331572037648 -22.5 49.00223646523695
      vertex 69.5407798811619 -22.5 48.891344560986454
    endloop
  endfacet
  facet normal 0.8819212643483467 0 0.4713967368260133
    outer loop
      vertex 69.00223646523695 -16.5 49.333315720376476
      vertex 68.89134456098645 -22.5 49.54077988116189
      vertex 69.00223646523695 -22.5 49.333315720376476
    endloop
  endfacet
  facet normal 0.7730104533627313 0 0.6343932841636521
    outer loop
      vertex 69.15147186257614 -16.5 49.151471862576145
      vertex 69.00223646523695 -22.5 49.333315720376476
      vertex 69.15147186257614 -22.5 49.151471862576145
    endloop
  endfacet
  facet normal 0.6343932841636521 0 0.7730104533627313
    outer loop
      vertex 69.33331572037648 -16.5 49.00223646523695
      vertex 69.15147186257614 -22.5 49.151471862576145
      vertex 69.33331572037648 -22.5 49.00223646523695
    endloop
  endfacet
  facet normal 0.2902846772544523 0 0.9569403357322119
    outer loop
      vertex 69.76589161358065 -16.5 48.823057663516124
      vertex 69.5407798811619 -22.5 48.891344560986454
      vertex 69.76589161358065 -22.5 48.823057663516124
    endloop
  endfacet
  facet normal 0.09801714032957698 0 0.9951847266721953
    outer loop
      vertex 70 -16.5 48.8
      vertex 69.76589161358065 -22.5 48.823057663516124
      vertex 70 -22.5 48.8
    endloop
  endfacet
  facet normal -0.09801714032957698 0 0.9951847266721953
    outer loop
      vertex 70.23410838641935 -16.5 48.823057663516124
      vertex 70 -22.5 48.8
      vertex 70.23410838641935 -22.5 48.823057663516124
    endloop
  endfacet
  facet normal -0.2902846772544523 0 0.9569403357322119
    outer loop
      vertex 70.4592201188381 -16.5 48.891344560986454
      vertex 70.23410838641935 -22.5 48.823057663516124
      vertex 70.4592201188381 -22.5 48.891344560986454
    endloop
  endfacet
  facet normal -0.4713967368260007 0 0.8819212643483534
    outer loop
      vertex 70.66668427962352 -16.5 49.00223646523695
      vertex 70.4592201188381 -22.5 48.891344560986454
      vertex 70.66668427962352 -22.5 49.00223646523695
    endloop
  endfacet
  facet normal -0.6343932841636521 0 0.7730104533627313
    outer loop
      vertex 70.84852813742386 -16.5 49.151471862576145
      vertex 70.66668427962352 -22.5 49.00223646523695
      vertex 70.84852813742386 -22.5 49.151471862576145
    endloop
  endfacet
  facet normal -0.7730104533627313 0 0.6343932841636521
    outer loop
      vertex 70.99776353476305 -16.5 49.333315720376476
      vertex 70.84852813742386 -22.5 49.151471862576145
      vertex 70.99776353476305 -22.5 49.333315720376476
    endloop
  endfacet
  facet normal -0.8819212643483467 0 0.4713967368260133
    outer loop
      vertex 71.10865543901355 -16.5 49.54077988116189
      vertex 70.99776353476305 -22.5 49.333315720376476
      vertex 71.10865543901355 -22.5 49.54077988116189
    endloop
  endfacet
  facet normal -0.9569403357322145 0 0.2902846772544439
    outer loop
      vertex 71.17694233648388 -16.5 49.76589161358065
      vertex 71.10865543901355 -22.5 49.54077988116189
      vertex 71.17694233648388 -22.5 49.76589161358065
    endloop
  endfacet
  facet normal -0.9951847266721953 0 0.09801714032957698
    outer loop
      vertex 71.2 -16.5 50
      vertex 71.17694233648388 -22.5 49.76589161358065
      vertex 71.2 -22.5 50
    endloop
  endfacet
  facet normal -0.9951847266721953 0 -0.09801714032957698
    outer loop
      vertex 71.17694233648388 -16.5 50.23410838641935
      vertex 71.2 -22.5 50
      vertex 71.17694233648388 -22.5 50.23410838641935
    endloop
  endfacet
  facet normal 0.8819212643483467 0 -0.4713967368260133
    outer loop
      vertex 68.89134456098645 -16.5 50.45922011883811
      vertex 69.00223646523695 -22.5 50.666684279623524
      vertex 68.89134456098645 -22.5 50.45922011883811
    endloop
  endfacet
  facet normal 0.7730104533627313 0 -0.6343932841636521
    outer loop
      vertex 69.00223646523695 -16.5 50.666684279623524
      vertex 69.15147186257614 -22.5 50.848528137423855
      vertex 69.00223646523695 -22.5 50.666684279623524
    endloop
  endfacet
  facet normal 0.6343932841636521 0 -0.7730104533627313
    outer loop
      vertex 69.15147186257614 -16.5 50.848528137423855
      vertex 69.33331572037648 -22.5 50.99776353476305
      vertex 69.15147186257614 -22.5 50.848528137423855
    endloop
  endfacet
  facet normal 0.4713967368260007 0 -0.8819212643483534
    outer loop
      vertex 69.33331572037648 -16.5 50.99776353476305
      vertex 69.5407798811619 -22.5 51.108655439013546
      vertex 69.33331572037648 -22.5 50.99776353476305
    endloop
  endfacet
  facet normal 0.2902846772544523 0 -0.9569403357322119
    outer loop
      vertex 69.5407798811619 -16.5 51.108655439013546
      vertex 69.76589161358065 -22.5 51.176942336483876
      vertex 69.5407798811619 -22.5 51.108655439013546
    endloop
  endfacet
  facet normal 0.09801714032957698 0 -0.9951847266721953
    outer loop
      vertex 69.76589161358065 -16.5 51.176942336483876
      vertex 70 -22.5 51.2
      vertex 69.76589161358065 -22.5 51.176942336483876
    endloop
  endfacet
  facet normal -0.09801714032957698 0 -0.9951847266721953
    outer loop
      vertex 70 -16.5 51.2
      vertex 70.23410838641935 -22.5 51.176942336483876
      vertex 70 -22.5 51.2
    endloop
  endfacet
  facet normal -0.2902846772544523 0 -0.9569403357322119
    outer loop
      vertex 70.23410838641935 -16.5 51.176942336483876
      vertex 70.4592201188381 -22.5 51.108655439013546
      vertex 70.23410838641935 -22.5 51.176942336483876
    endloop
  endfacet
  facet normal -0.4713967368260007 0 -0.8819212643483534
    outer loop
      vertex 70.4592201188381 -16.5 51.108655439013546
      vertex 70.66668427962352 -22.5 50.99776353476305
      vertex 70.4592201188381 -22.5 51.108655439013546
    endloop
  endfacet
  facet normal -0.6343932841636521 0 -0.7730104533627313
    outer loop
      vertex 70.66668427962352 -16.5 50.99776353476305
      vertex 70.84852813742386 -22.5 50.848528137423855
      vertex 70.66668427962352 -22.5 50.99776353476305
    endloop
  endfacet
  facet normal -0.7730104533627313 0 -0.6343932841636521
    outer loop
      vertex 70.84852813742386 -16.5 50.848528137423855
      vertex 70.99776353476305 -22.5 50.666684279623524
      vertex 70.84852813742386 -22.5 50.848528137423855
    endloop
  endfacet
  facet normal -0.9569403357322145 0 -0.2902846772544439
    outer loop
      vertex 71.10865543901355 -16.5 50.45922011883811
      vertex 71.17694233648388 -22.5 50.23410838641935
      vertex 71.10865543901355 -22.5 50.45922011883811
    endloop
  endfacet
  facet normal -0.8819212643483467 0 -0.4713967368260133
    outer loop
      vertex 70.99776353476305 -16.5 50.666684279623524
      vertex 71.10865543901355 -22.5 50.45922011883811
      vertex 70.99776353476305 -22.5 50.666684279623524
    endloop
  endfacet
  facet normal 0.9569403357322145 1.0498487429769689e-19 0.2902846772544439
    outer loop
      vertex 68.89134456098645 -16.5 49.54077988116189
      vertex 68.82305766351612 -16.5 49.76589161358065
      vertex 68.82305766351612 -22.5 49.76589161358065
    endloop
  endfacet
  facet normal 0.9951847266721953 -2.1598585989319593e-19 0.09801714032957698
    outer loop
      vertex 68.82305766351612 -16.5 49.76589161358065
      vertex 68.8 -16.5 50
      vertex 68.8 -22.5 50
    endloop
  endfacet
  facet normal 0.9951847266721953 2.1598585989319593e-19 -0.09801714032957698
    outer loop
      vertex 68.8 -16.5 50
      vertex 68.82305766351612 -16.5 50.23410838641935
      vertex 68.82305766351612 -22.5 50.23410838641935
    endloop
  endfacet
  facet normal 0.6343932841636521 4.147379802502259e-19 0.7730104533627313
    outer loop
      vertex 69.33331572037648 -16.5 49.00223646523695
      vertex 69.15147186257614 -16.5 49.151471862576145
      vertex 69.15147186257614 -22.5 49.151471862576145
    endloop
  endfacet
  facet normal 0.7730104533627313 4.147379802502259e-19 0.6343932841636521
    outer loop
      vertex 69.15147186257614 -16.5 49.151471862576145
      vertex 69.00223646523695 -16.5 49.333315720376476
      vertex 69.00223646523695 -22.5 49.333315720376476
    endloop
  endfacet
  facet normal 0.4713967368260007 0 0.8819212643483534
    outer loop
      vertex 69.33331572037648 -16.5 49.00223646523695
      vertex 69.33331572037648 -22.5 49.00223646523695
      vertex 69.5407798811619 -16.5 48.891344560986454
    endloop
  endfacet
  facet normal 0.2902846772544523 -2.598774886064761e-19 0.9569403357322119
    outer loop
      vertex 69.76589161358065 -16.5 48.823057663516124
      vertex 69.5407798811619 -16.5 48.891344560986454
      vertex 69.5407798811619 -22.5 48.891344560986454
    endloop
  endfacet
  facet normal 0.09801714032957698 0 0.9951847266721953
    outer loop
      vertex 69.76589161358065 -16.5 48.823057663516124
      vertex 69.76589161358065 -22.5 48.823057663516124
      vertex 70 -16.5 48.8
    endloop
  endfacet
  facet normal -0.09801714032957698 0 0.9951847266721953
    outer loop
      vertex 70 -16.5 48.8
      vertex 70 -22.5 48.8
      vertex 70.23410838641935 -16.5 48.823057663516124
    endloop
  endfacet
  facet normal -0.2902846772544523 0 0.9569403357322119
    outer loop
      vertex 70.23410838641935 -16.5 48.823057663516124
      vertex 70.23410838641935 -22.5 48.823057663516124
      vertex 70.4592201188381 -16.5 48.891344560986454
    endloop
  endfacet
  facet normal 0.8819212643483467 1.0014675332172783e-19 0.4713967368260133
    outer loop
      vertex 69.00223646523695 -16.5 49.333315720376476
      vertex 68.89134456098645 -16.5 49.54077988116189
      vertex 68.89134456098645 -22.5 49.54077988116189
    endloop
  endfacet
  facet normal -0.4713967368260007 0 0.8819212643483534
    outer loop
      vertex 70.4592201188381 -16.5 48.891344560986454
      vertex 70.4592201188381 -22.5 48.891344560986454
      vertex 70.66668427962352 -16.5 49.00223646523695
    endloop
  endfacet
  facet normal -0.6343932841636521 0 0.7730104533627313
    outer loop
      vertex 70.66668427962352 -16.5 49.00223646523695
      vertex 70.66668427962352 -22.5 49.00223646523695
      vertex 70.84852813742386 -16.5 49.151471862576145
    endloop
  endfacet
  facet normal -0.7730104533627313 0 0.6343932841636521
    outer loop
      vertex 70.84852813742386 -16.5 49.151471862576145
      vertex 70.84852813742386 -22.5 49.151471862576145
      vertex 70.99776353476305 -16.5 49.333315720376476
    endloop
  endfacet
  facet normal -0.8819212643483467 0 0.4713967368260133
    outer loop
      vertex 70.99776353476305 -16.5 49.333315720376476
      vertex 70.99776353476305 -22.5 49.333315720376476
      vertex 71.10865543901355 -16.5 49.54077988116189
    endloop
  endfacet
  facet normal -0.9569403357322145 0 0.2902846772544439
    outer loop
      vertex 71.10865543901355 -16.5 49.54077988116189
      vertex 71.10865543901355 -22.5 49.54077988116189
      vertex 71.17694233648388 -16.5 49.76589161358065
    endloop
  endfacet
  facet normal -0.9951847266721953 0 0.09801714032957698
    outer loop
      vertex 71.17694233648388 -16.5 49.76589161358065
      vertex 71.17694233648388 -22.5 49.76589161358065
      vertex 71.2 -16.5 50
    endloop
  endfacet
  facet normal -0.9951847266721953 0 -0.09801714032957698
    outer loop
      vertex 71.2 -16.5 50
      vertex 71.2 -22.5 50
      vertex 71.17694233648388 -16.5 50.23410838641935
    endloop
  endfacet
  facet normal -0.9569403357322145 1.0498487429769689e-19 -0.2902846772544439
    outer loop
      vertex 71.10865543901355 -16.5 50.45922011883811
      vertex 71.17694233648388 -16.5 50.23410838641935
      vertex 71.17694233648388 -22.5 50.23410838641935
    endloop
  endfacet
  facet normal 0.9569403357322145 -1.0498487429769689e-19 -0.2902846772544439
    outer loop
      vertex 68.82305766351612 -16.5 50.23410838641935
      vertex 68.89134456098645 -16.5 50.45922011883811
      vertex 68.89134456098645 -22.5 50.45922011883811
    endloop
  endfacet
  facet normal 0.8819212643483467 -1.0014675332172783e-19 -0.4713967368260133
    outer loop
      vertex 68.89134456098645 -16.5 50.45922011883811
      vertex 69.00223646523695 -16.5 50.666684279623524
      vertex 69.00223646523695 -22.5 50.666684279623524
    endloop
  endfacet
  facet normal 0.7730104533627313 -4.147379802502259e-19 -0.6343932841636521
    outer loop
      vertex 69.00223646523695 -16.5 50.666684279623524
      vertex 69.15147186257614 -16.5 50.848528137423855
      vertex 69.15147186257614 -22.5 50.848528137423855
    endloop
  endfacet
  facet normal 0.6343932841636521 -4.147379802502259e-19 -0.7730104533627313
    outer loop
      vertex 69.15147186257614 -16.5 50.848528137423855
      vertex 69.33331572037648 -16.5 50.99776353476305
      vertex 69.33331572037648 -22.5 50.99776353476305
    endloop
  endfacet
  facet normal 0.4713967368260007 1.6193333288560727e-19 -0.8819212643483534
    outer loop
      vertex 69.33331572037648 -16.5 50.99776353476305
      vertex 69.5407798811619 -16.5 51.108655439013546
      vertex 69.5407798811619 -22.5 51.108655439013546
    endloop
  endfacet
  facet normal 0.2902846772544523 2.598774886064761e-19 -0.9569403357322119
    outer loop
      vertex 69.5407798811619 -16.5 51.108655439013546
      vertex 69.76589161358065 -16.5 51.176942336483876
      vertex 69.76589161358065 -22.5 51.176942336483876
    endloop
  endfacet
  facet normal 0.09801714032957698 2.1598585989319593e-19 -0.9951847266721953
    outer loop
      vertex 69.76589161358065 -16.5 51.176942336483876
      vertex 70 -16.5 51.2
      vertex 70 -22.5 51.2
    endloop
  endfacet
  facet normal -0.09801714032957698 -2.1598585989319593e-19 -0.9951847266721953
    outer loop
      vertex 70 -16.5 51.2
      vertex 70.23410838641935 -16.5 51.176942336483876
      vertex 70.23410838641935 -22.5 51.176942336483876
    endloop
  endfacet
  facet normal -0.7730104533627313 0 -0.6343932841636521
    outer loop
      vertex 70.99776353476305 -16.5 50.666684279623524
      vertex 70.99776353476305 -22.5 50.666684279623524
      vertex 70.84852813742386 -16.5 50.848528137423855
    endloop
  endfacet
  facet normal -0.2902846772544523 -2.598774886064761e-19 -0.9569403357322119
    outer loop
      vertex 70.23410838641935 -16.5 51.176942336483876
      vertex 70.4592201188381 -16.5 51.108655439013546
      vertex 70.4592201188381 -22.5 51.108655439013546
    endloop
  endfacet
  facet normal -0.4713967368260007 -1.6193333288560727e-19 -0.8819212643483534
    outer loop
      vertex 70.4592201188381 -16.5 51.108655439013546
      vertex 70.66668427962352 -16.5 50.99776353476305
      vertex 70.66668427962352 -22.5 50.99776353476305
    endloop
  endfacet
  facet normal -0.6343932841636521 0 -0.7730104533627313
    outer loop
      vertex 70.84852813742386 -16.5 50.848528137423855
      vertex 70.84852813742386 -22.5 50.848528137423855
      vertex 70.66668427962352 -16.5 50.99776353476305
    endloop
  endfacet
  facet normal -0.8819212643483467 0 -0.4713967368260133
    outer loop
      vertex 71.10865543901355 -16.5 50.45922011883811
      vertex 71.10865543901355 -22.5 50.45922011883811
      vertex 70.99776353476305 -16.5 50.666684279623524
    endloop
  endfacet
  facet normal 0.471396736825989 0 0.8819212643483597
    outer loop
      vertex 69.5407798811619 -16.5 -31.108655439013543
      vertex 69.33331572037648 -22.5 -30.997763534763052
      vertex 69.5407798811619 -22.5 -31.108655439013543
    endloop
  endfacet
  facet normal 0.7730104533627313 0 0.6343932841636521
    outer loop
      vertex 69.15147186257614 -16.5 -30.848528137423855
      vertex 69.00223646523695 -22.5 -30.666684279623524
      vertex 69.15147186257614 -22.5 -30.848528137423855
    endloop
  endfacet
  facet normal 0.88192126434835 0 0.471396736826007
    outer loop
      vertex 69.00223646523695 -16.5 -30.666684279623524
      vertex 68.89134456098645 -22.5 -30.459220118838108
      vertex 69.00223646523695 -22.5 -30.666684279623524
    endloop
  endfacet
  facet normal 0.6343932841636521 0 0.7730104533627313
    outer loop
      vertex 69.33331572037648 -16.5 -30.997763534763052
      vertex 69.15147186257614 -22.5 -30.848528137423855
      vertex 69.33331572037648 -22.5 -30.997763534763052
    endloop
  endfacet
  facet normal 0.2902846772544661 0 0.9569403357322077
    outer loop
      vertex 69.76589161358065 -16.5 -31.176942336483876
      vertex 69.5407798811619 -22.5 -31.108655439013543
      vertex 69.76589161358065 -22.5 -31.176942336483876
    endloop
  endfacet
  facet normal 0.09801714032956202 0 0.9951847266721967
    outer loop
      vertex 70 -16.5 -31.2
      vertex 69.76589161358065 -22.5 -31.176942336483876
      vertex 70 -22.5 -31.2
    endloop
  endfacet
  facet normal -0.09801714032956202 0 0.9951847266721967
    outer loop
      vertex 70.23410838641935 -16.5 -31.176942336483876
      vertex 70 -22.5 -31.2
      vertex 70.23410838641935 -22.5 -31.176942336483876
    endloop
  endfacet
  facet normal 0.9569403357322119 0 0.2902846772544523
    outer loop
      vertex 68.89134456098645 -16.5 -30.459220118838108
      vertex 68.82305766351612 -22.5 -30.234108386419354
      vertex 68.89134456098645 -22.5 -30.459220118838108
    endloop
  endfacet
  facet normal 0.9951847266721954 0 0.0980171403295755
    outer loop
      vertex 68.82305766351612 -16.5 -30.234108386419354
      vertex 68.8 -22.5 -30
      vertex 68.82305766351612 -22.5 -30.234108386419354
    endloop
  endfacet
  facet normal 0.9951847266721954 0 -0.0980171403295755
    outer loop
      vertex 68.8 -16.5 -30
      vertex 68.82305766351612 -22.5 -29.765891613580646
      vertex 68.8 -22.5 -30
    endloop
  endfacet
  facet normal 0.9569403357322119 0 -0.2902846772544523
    outer loop
      vertex 68.82305766351612 -16.5 -29.765891613580646
      vertex 68.89134456098645 -22.5 -29.540779881161892
      vertex 68.82305766351612 -22.5 -29.765891613580646
    endloop
  endfacet
  facet normal 0.88192126434835 0 -0.471396736826007
    outer loop
      vertex 68.89134456098645 -16.5 -29.540779881161892
      vertex 69.00223646523695 -22.5 -29.333315720376476
      vertex 68.89134456098645 -22.5 -29.540779881161892
    endloop
  endfacet
  facet normal 0.7730104533627313 0 -0.6343932841636521
    outer loop
      vertex 69.00223646523695 -16.5 -29.333315720376476
      vertex 69.15147186257614 -22.5 -29.151471862576145
      vertex 69.00223646523695 -22.5 -29.333315720376476
    endloop
  endfacet
  facet normal 0.6343932841636521 0 -0.7730104533627313
    outer loop
      vertex 69.15147186257614 -16.5 -29.151471862576145
      vertex 69.33331572037648 -22.5 -29.002236465236948
      vertex 69.15147186257614 -22.5 -29.151471862576145
    endloop
  endfacet
  facet normal 0.471396736825989 0 -0.8819212643483597
    outer loop
      vertex 69.33331572037648 -16.5 -29.002236465236948
      vertex 69.5407798811619 -22.5 -28.891344560986457
      vertex 69.33331572037648 -22.5 -29.002236465236948
    endloop
  endfacet
  facet normal 0.2902846772544661 0 -0.9569403357322077
    outer loop
      vertex 69.5407798811619 -16.5 -28.891344560986457
      vertex 69.76589161358065 -22.5 -28.823057663516124
      vertex 69.5407798811619 -22.5 -28.891344560986457
    endloop
  endfacet
  facet normal 0.09801714032956202 0 -0.9951847266721967
    outer loop
      vertex 69.76589161358065 -16.5 -28.823057663516124
      vertex 70 -22.5 -28.8
      vertex 69.76589161358065 -22.5 -28.823057663516124
    endloop
  endfacet
  facet normal -0.09801714032956202 0 -0.9951847266721967
    outer loop
      vertex 70 -16.5 -28.8
      vertex 70.23410838641935 -22.5 -28.823057663516124
      vertex 70 -22.5 -28.8
    endloop
  endfacet
  facet normal -0.2902846772544661 0 -0.9569403357322077
    outer loop
      vertex 70.23410838641935 -16.5 -28.823057663516124
      vertex 70.4592201188381 -22.5 -28.891344560986457
      vertex 70.23410838641935 -22.5 -28.823057663516124
    endloop
  endfacet
  facet normal -0.2902846772544661 0 0.9569403357322077
    outer loop
      vertex 70.4592201188381 -16.5 -31.108655439013543
      vertex 70.23410838641935 -22.5 -31.176942336483876
      vertex 70.4592201188381 -22.5 -31.108655439013543
    endloop
  endfacet
  facet normal -0.471396736825989 0 0.8819212643483597
    outer loop
      vertex 70.66668427962352 -16.5 -30.997763534763052
      vertex 70.4592201188381 -22.5 -31.108655439013543
      vertex 70.66668427962352 -22.5 -30.997763534763052
    endloop
  endfacet
  facet normal -0.6343932841636521 0 0.7730104533627313
    outer loop
      vertex 70.84852813742386 -16.5 -30.848528137423855
      vertex 70.66668427962352 -22.5 -30.997763534763052
      vertex 70.84852813742386 -22.5 -30.848528137423855
    endloop
  endfacet
  facet normal -0.7730104533627313 0 0.6343932841636521
    outer loop
      vertex 70.99776353476305 -16.5 -30.666684279623524
      vertex 70.84852813742386 -22.5 -30.848528137423855
      vertex 70.99776353476305 -22.5 -30.666684279623524
    endloop
  endfacet
  facet normal -0.88192126434835 0 0.471396736826007
    outer loop
      vertex 71.10865543901355 -16.5 -30.459220118838108
      vertex 70.99776353476305 -22.5 -30.666684279623524
      vertex 71.10865543901355 -22.5 -30.459220118838108
    endloop
  endfacet
  facet normal -0.9569403357322119 0 0.2902846772544523
    outer loop
      vertex 71.17694233648388 -16.5 -30.234108386419354
      vertex 71.10865543901355 -22.5 -30.459220118838108
      vertex 71.17694233648388 -22.5 -30.234108386419354
    endloop
  endfacet
  facet normal -0.9951847266721954 0 0.0980171403295755
    outer loop
      vertex 71.2 -16.5 -30
      vertex 71.17694233648388 -22.5 -30.234108386419354
      vertex 71.2 -22.5 -30
    endloop
  endfacet
  facet normal -0.9951847266721954 0 -0.0980171403295755
    outer loop
      vertex 71.17694233648388 -16.5 -29.765891613580646
      vertex 71.2 -22.5 -30
      vertex 71.17694233648388 -22.5 -29.765891613580646
    endloop
  endfacet
  facet normal -0.7730104533627313 0 -0.6343932841636521
    outer loop
      vertex 70.84852813742386 -16.5 -29.151471862576145
      vertex 70.99776353476305 -22.5 -29.333315720376476
      vertex 70.84852813742386 -22.5 -29.151471862576145
    endloop
  endfacet
  facet normal -0.471396736825989 0 -0.8819212643483597
    outer loop
      vertex 70.4592201188381 -16.5 -28.891344560986457
      vertex 70.66668427962352 -22.5 -29.002236465236948
      vertex 70.4592201188381 -22.5 -28.891344560986457
    endloop
  endfacet
  facet normal -0.6343932841636521 0 -0.7730104533627313
    outer loop
      vertex 70.66668427962352 -16.5 -29.002236465236948
      vertex 70.84852813742386 -22.5 -29.151471862576145
      vertex 70.66668427962352 -22.5 -29.002236465236948
    endloop
  endfacet
  facet normal -0.9569403357322119 0 -0.2902846772544523
    outer loop
      vertex 71.10865543901355 -16.5 -29.540779881161892
      vertex 71.17694233648388 -22.5 -29.765891613580646
      vertex 71.10865543901355 -22.5 -29.540779881161892
    endloop
  endfacet
  facet normal -0.88192126434835 0 -0.471396736826007
    outer loop
      vertex 70.99776353476305 -16.5 -29.333315720376476
      vertex 71.10865543901355 -22.5 -29.540779881161892
      vertex 70.99776353476305 -22.5 -29.333315720376476
    endloop
  endfacet
  facet normal 0.471396736825989 0 0.8819212643483597
    outer loop
      vertex 69.33331572037648 -16.5 -30.997763534763052
      vertex 69.33331572037648 -22.5 -30.997763534763052
      vertex 69.5407798811619 -16.5 -31.108655439013543
    endloop
  endfacet
  facet normal 0.6343932841636521 4.147379802502259e-19 0.7730104533627313
    outer loop
      vertex 69.33331572037648 -16.5 -30.997763534763052
      vertex 69.15147186257614 -16.5 -30.848528137423855
      vertex 69.15147186257614 -22.5 -30.848528137423855
    endloop
  endfacet
  facet normal 0.7730104533627313 0 0.6343932841636521
    outer loop
      vertex 69.00223646523695 -16.5 -30.666684279623524
      vertex 69.00223646523695 -22.5 -30.666684279623524
      vertex 69.15147186257614 -16.5 -30.848528137423855
    endloop
  endfacet
  facet normal 0.2902846772544661 0 0.9569403357322077
    outer loop
      vertex 69.5407798811619 -16.5 -31.108655439013543
      vertex 69.5407798811619 -22.5 -31.108655439013543
      vertex 69.76589161358065 -16.5 -31.176942336483876
    endloop
  endfacet
  facet normal 0.09801714032956202 0 0.9951847266721967
    outer loop
      vertex 69.76589161358065 -16.5 -31.176942336483876
      vertex 69.76589161358065 -22.5 -31.176942336483876
      vertex 70 -16.5 -31.2
    endloop
  endfacet
  facet normal -0.09801714032956202 0 0.9951847266721967
    outer loop
      vertex 70 -16.5 -31.2
      vertex 70 -22.5 -31.2
      vertex 70.23410838641935 -16.5 -31.176942336483876
    endloop
  endfacet
  facet normal -0.2902846772544661 0 0.9569403357322077
    outer loop
      vertex 70.23410838641935 -16.5 -31.176942336483876
      vertex 70.23410838641935 -22.5 -31.176942336483876
      vertex 70.4592201188381 -16.5 -31.108655439013543
    endloop
  endfacet
  facet normal 0.9569403357322119 -2.598774886064761e-19 0.2902846772544523
    outer loop
      vertex 68.89134456098645 -16.5 -30.459220118838108
      vertex 68.82305766351612 -16.5 -30.234108386419354
      vertex 68.82305766351612 -22.5 -30.234108386419354
    endloop
  endfacet
  facet normal 0.9951847266721954 1.2557042610266995e-19 0.0980171403295755
    outer loop
      vertex 68.82305766351612 -16.5 -30.234108386419354
      vertex 68.8 -16.5 -30
      vertex 68.8 -22.5 -30
    endloop
  endfacet
  facet normal 0.9951847266721954 -1.2557042610266995e-19 -0.0980171403295755
    outer loop
      vertex 68.8 -16.5 -30
      vertex 68.82305766351612 -16.5 -29.765891613580646
      vertex 68.82305766351612 -22.5 -29.765891613580646
    endloop
  endfacet
  facet normal 0.9569403357322119 2.598774886064761e-19 -0.2902846772544523
    outer loop
      vertex 68.82305766351612 -16.5 -29.765891613580646
      vertex 68.89134456098645 -16.5 -29.540779881161892
      vertex 68.89134456098645 -22.5 -29.540779881161892
    endloop
  endfacet
  facet normal 0.88192126434835 1.1981459134523118e-18 0.471396736826007
    outer loop
      vertex 69.00223646523695 -16.5 -30.666684279623524
      vertex 68.89134456098645 -16.5 -30.459220118838108
      vertex 68.89134456098645 -22.5 -30.459220118838108
    endloop
  endfacet
  facet normal 0.88192126434835 -1.1981459134523118e-18 -0.471396736826007
    outer loop
      vertex 68.89134456098645 -16.5 -29.540779881161892
      vertex 69.00223646523695 -16.5 -29.333315720376476
      vertex 69.00223646523695 -22.5 -29.333315720376476
    endloop
  endfacet
  facet normal 0.7730104533627313 -4.147379802502259e-19 -0.6343932841636521
    outer loop
      vertex 69.00223646523695 -16.5 -29.333315720376476
      vertex 69.15147186257614 -16.5 -29.151471862576145
      vertex 69.15147186257614 -22.5 -29.151471862576145
    endloop
  endfacet
  facet normal 0.6343932841636521 -4.147379802502259e-19 -0.7730104533627313
    outer loop
      vertex 69.15147186257614 -16.5 -29.151471862576145
      vertex 69.33331572037648 -16.5 -29.002236465236948
      vertex 69.33331572037648 -22.5 -29.002236465236948
    endloop
  endfacet
  facet normal 0.471396736825989 -9.277344083692622e-19 -0.8819212643483597
    outer loop
      vertex 69.33331572037648 -16.5 -29.002236465236948
      vertex 69.5407798811619 -16.5 -28.891344560986457
      vertex 69.5407798811619 -22.5 -28.891344560986457
    endloop
  endfacet
  facet normal 0.2902846772544661 2.9530822289967516e-19 -0.9569403357322077
    outer loop
      vertex 69.5407798811619 -16.5 -28.891344560986457
      vertex 69.76589161358065 -16.5 -28.823057663516124
      vertex 69.76589161358065 -22.5 -28.823057663516124
    endloop
  endfacet
  facet normal 0.09801714032956202 2.725519137924757e-19 -0.9951847266721967
    outer loop
      vertex 69.76589161358065 -16.5 -28.823057663516124
      vertex 70 -16.5 -28.8
      vertex 70 -22.5 -28.8
    endloop
  endfacet
  facet normal -0.09801714032956202 -2.725519137924757e-19 -0.9951847266721967
    outer loop
      vertex 70 -16.5 -28.8
      vertex 70.23410838641935 -16.5 -28.823057663516124
      vertex 70.23410838641935 -22.5 -28.823057663516124
    endloop
  endfacet
  facet normal -0.471396736825989 0 0.8819212643483597
    outer loop
      vertex 70.4592201188381 -16.5 -31.108655439013543
      vertex 70.4592201188381 -22.5 -31.108655439013543
      vertex 70.66668427962352 -16.5 -30.997763534763052
    endloop
  endfacet
  facet normal -0.6343932841636521 0 0.7730104533627313
    outer loop
      vertex 70.66668427962352 -16.5 -30.997763534763052
      vertex 70.66668427962352 -22.5 -30.997763534763052
      vertex 70.84852813742386 -16.5 -30.848528137423855
    endloop
  endfacet
  facet normal -0.7730104533627313 0 0.6343932841636521
    outer loop
      vertex 70.84852813742386 -16.5 -30.848528137423855
      vertex 70.84852813742386 -22.5 -30.848528137423855
      vertex 70.99776353476305 -16.5 -30.666684279623524
    endloop
  endfacet
  facet normal -0.88192126434835 0 0.471396736826007
    outer loop
      vertex 70.99776353476305 -16.5 -30.666684279623524
      vertex 70.99776353476305 -22.5 -30.666684279623524
      vertex 71.10865543901355 -16.5 -30.459220118838108
    endloop
  endfacet
  facet normal -0.9569403357322119 0 0.2902846772544523
    outer loop
      vertex 71.10865543901355 -16.5 -30.459220118838108
      vertex 71.10865543901355 -22.5 -30.459220118838108
      vertex 71.17694233648388 -16.5 -30.234108386419354
    endloop
  endfacet
  facet normal -0.9951847266721954 0 0.0980171403295755
    outer loop
      vertex 71.17694233648388 -16.5 -30.234108386419354
      vertex 71.17694233648388 -22.5 -30.234108386419354
      vertex 71.2 -16.5 -30
    endloop
  endfacet
  facet normal -0.9951847266721954 0 -0.0980171403295755
    outer loop
      vertex 71.2 -16.5 -30
      vertex 71.2 -22.5 -30
      vertex 71.17694233648388 -16.5 -29.765891613580646
    endloop
  endfacet
  facet normal -0.9569403357322119 -2.598774886064761e-19 -0.2902846772544523
    outer loop
      vertex 71.10865543901355 -16.5 -29.540779881161892
      vertex 71.17694233648388 -16.5 -29.765891613580646
      vertex 71.17694233648388 -22.5 -29.765891613580646
    endloop
  endfacet
  facet normal -0.7730104533627313 0 -0.6343932841636521
    outer loop
      vertex 70.99776353476305 -16.5 -29.333315720376476
      vertex 70.99776353476305 -22.5 -29.333315720376476
      vertex 70.84852813742386 -16.5 -29.151471862576145
    endloop
  endfacet
  facet normal -0.2902846772544661 0 -0.9569403357322077
    outer loop
      vertex 70.4592201188381 -16.5 -28.891344560986457
      vertex 70.4592201188381 -22.5 -28.891344560986457
      vertex 70.23410838641935 -16.5 -28.823057663516124
    endloop
  endfacet
  facet normal -0.471396736825989 9.277344083692622e-19 -0.8819212643483597
    outer loop
      vertex 70.4592201188381 -16.5 -28.891344560986457
      vertex 70.66668427962352 -16.5 -29.002236465236948
      vertex 70.66668427962352 -22.5 -29.002236465236948
    endloop
  endfacet
  facet normal -0.6343932841636521 4.147379802502259e-19 -0.7730104533627313
    outer loop
      vertex 70.66668427962352 -16.5 -29.002236465236948
      vertex 70.84852813742386 -16.5 -29.151471862576145
      vertex 70.84852813742386 -22.5 -29.151471862576145
    endloop
  endfacet
  facet normal -0.88192126434835 0 -0.471396736826007
    outer loop
      vertex 71.10865543901355 -16.5 -29.540779881161892
      vertex 71.10865543901355 -22.5 -29.540779881161892
      vertex 70.99776353476305 -16.5 -29.333315720376476
    endloop
  endfacet
  facet normal 0.88192126434835 0 0.471396736826007
    outer loop
      vertex -70.99776353476305 -16.5 -30.666684279623524
      vertex -71.10865543901355 -22.5 -30.459220118838108
      vertex -70.99776353476305 -22.5 -30.666684279623524
    endloop
  endfacet
  facet normal 0.471396736825989 0 0.8819212643483597
    outer loop
      vertex -70.4592201188381 -16.5 -31.108655439013543
      vertex -70.66668427962352 -22.5 -30.997763534763052
      vertex -70.4592201188381 -22.5 -31.108655439013543
    endloop
  endfacet
  facet normal 0.7730104533627313 0 0.6343932841636521
    outer loop
      vertex -70.84852813742386 -16.5 -30.848528137423855
      vertex -70.99776353476305 -22.5 -30.666684279623524
      vertex -70.84852813742386 -22.5 -30.848528137423855
    endloop
  endfacet
  facet normal 0.6343932841636521 0 0.7730104533627313
    outer loop
      vertex -70.66668427962352 -16.5 -30.997763534763052
      vertex -70.84852813742386 -22.5 -30.848528137423855
      vertex -70.66668427962352 -22.5 -30.997763534763052
    endloop
  endfacet
  facet normal 0.9569403357322119 0 0.2902846772544523
    outer loop
      vertex -71.10865543901355 -16.5 -30.459220118838108
      vertex -71.17694233648388 -22.5 -30.234108386419354
      vertex -71.10865543901355 -22.5 -30.459220118838108
    endloop
  endfacet
  facet normal 0.9951847266721954 0 0.0980171403295755
    outer loop
      vertex -71.17694233648388 -16.5 -30.234108386419354
      vertex -71.2 -22.5 -30
      vertex -71.17694233648388 -22.5 -30.234108386419354
    endloop
  endfacet
  facet normal 0.9951847266721954 0 -0.0980171403295755
    outer loop
      vertex -71.2 -16.5 -30
      vertex -71.17694233648388 -22.5 -29.765891613580646
      vertex -71.2 -22.5 -30
    endloop
  endfacet
  facet normal 0.9569403357322119 0 -0.2902846772544523
    outer loop
      vertex -71.17694233648388 -16.5 -29.765891613580646
      vertex -71.10865543901355 -22.5 -29.540779881161892
      vertex -71.17694233648388 -22.5 -29.765891613580646
    endloop
  endfacet
  facet normal 0.88192126434835 0 -0.471396736826007
    outer loop
      vertex -71.10865543901355 -16.5 -29.540779881161892
      vertex -70.99776353476305 -22.5 -29.333315720376476
      vertex -71.10865543901355 -22.5 -29.540779881161892
    endloop
  endfacet
  facet normal 0.7730104533627313 0 -0.6343932841636521
    outer loop
      vertex -70.99776353476305 -16.5 -29.333315720376476
      vertex -70.84852813742386 -22.5 -29.151471862576145
      vertex -70.99776353476305 -22.5 -29.333315720376476
    endloop
  endfacet
  facet normal 0.6343932841636521 0 -0.7730104533627313
    outer loop
      vertex -70.84852813742386 -16.5 -29.151471862576145
      vertex -70.66668427962352 -22.5 -29.002236465236948
      vertex -70.84852813742386 -22.5 -29.151471862576145
    endloop
  endfacet
  facet normal 0.471396736825989 0 -0.8819212643483597
    outer loop
      vertex -70.66668427962352 -16.5 -29.002236465236948
      vertex -70.4592201188381 -22.5 -28.891344560986457
      vertex -70.66668427962352 -22.5 -29.002236465236948
    endloop
  endfacet
  facet normal 0.2902846772544661 0 -0.9569403357322077
    outer loop
      vertex -70.4592201188381 -16.5 -28.891344560986457
      vertex -70.23410838641935 -22.5 -28.823057663516124
      vertex -70.4592201188381 -22.5 -28.891344560986457
    endloop
  endfacet
  facet normal 0.2902846772544661 0 0.9569403357322077
    outer loop
      vertex -70.23410838641935 -16.5 -31.176942336483876
      vertex -70.4592201188381 -22.5 -31.108655439013543
      vertex -70.23410838641935 -22.5 -31.176942336483876
    endloop
  endfacet
  facet normal 0.09801714032956202 0 0.9951847266721967
    outer loop
      vertex -70 -16.5 -31.2
      vertex -70.23410838641935 -22.5 -31.176942336483876
      vertex -70 -22.5 -31.2
    endloop
  endfacet
  facet normal -0.09801714032956202 0 0.9951847266721967
    outer loop
      vertex -69.76589161358065 -16.5 -31.176942336483876
      vertex -70 -22.5 -31.2
      vertex -69.76589161358065 -22.5 -31.176942336483876
    endloop
  endfacet
  facet normal -0.2902846772544661 0 0.9569403357322077
    outer loop
      vertex -69.5407798811619 -16.5 -31.108655439013543
      vertex -69.76589161358065 -22.5 -31.176942336483876
      vertex -69.5407798811619 -22.5 -31.108655439013543
    endloop
  endfacet
  facet normal -0.471396736825989 0 0.8819212643483597
    outer loop
      vertex -69.33331572037648 -16.5 -30.997763534763052
      vertex -69.5407798811619 -22.5 -31.108655439013543
      vertex -69.33331572037648 -22.5 -30.997763534763052
    endloop
  endfacet
  facet normal -0.6343932841636521 0 0.7730104533627313
    outer loop
      vertex -69.15147186257614 -16.5 -30.848528137423855
      vertex -69.33331572037648 -22.5 -30.997763534763052
      vertex -69.15147186257614 -22.5 -30.848528137423855
    endloop
  endfacet
  facet normal -0.7730104533627313 0 0.6343932841636521
    outer loop
      vertex -69.00223646523695 -16.5 -30.666684279623524
      vertex -69.15147186257614 -22.5 -30.848528137423855
      vertex -69.00223646523695 -22.5 -30.666684279623524
    endloop
  endfacet
  facet normal -0.88192126434835 0 0.471396736826007
    outer loop
      vertex -68.89134456098645 -16.5 -30.459220118838108
      vertex -69.00223646523695 -22.5 -30.666684279623524
      vertex -68.89134456098645 -22.5 -30.459220118838108
    endloop
  endfacet
  facet normal 0.09801714032956202 0 -0.9951847266721967
    outer loop
      vertex -70.23410838641935 -16.5 -28.823057663516124
      vertex -70 -22.5 -28.8
      vertex -70.23410838641935 -22.5 -28.823057663516124
    endloop
  endfacet
  facet normal -0.09801714032956202 0 -0.9951847266721967
    outer loop
      vertex -70 -16.5 -28.8
      vertex -69.76589161358065 -22.5 -28.823057663516124
      vertex -70 -22.5 -28.8
    endloop
  endfacet
  facet normal -0.2902846772544661 0 -0.9569403357322077
    outer loop
      vertex -69.76589161358065 -16.5 -28.823057663516124
      vertex -69.5407798811619 -22.5 -28.891344560986457
      vertex -69.76589161358065 -22.5 -28.823057663516124
    endloop
  endfacet
  facet normal -0.7730104533627313 0 -0.6343932841636521
    outer loop
      vertex -69.15147186257614 -16.5 -29.151471862576145
      vertex -69.00223646523695 -22.5 -29.333315720376476
      vertex -69.15147186257614 -22.5 -29.151471862576145
    endloop
  endfacet
  facet normal -0.88192126434835 0 -0.471396736826007
    outer loop
      vertex -69.00223646523695 -16.5 -29.333315720376476
      vertex -68.89134456098645 -22.5 -29.540779881161892
      vertex -69.00223646523695 -22.5 -29.333315720376476
    endloop
  endfacet
  facet normal -0.6343932841636521 0 -0.7730104533627313
    outer loop
      vertex -69.33331572037648 -16.5 -29.002236465236948
      vertex -69.15147186257614 -22.5 -29.151471862576145
      vertex -69.33331572037648 -22.5 -29.002236465236948
    endloop
  endfacet
  facet normal -0.471396736825989 0 -0.8819212643483597
    outer loop
      vertex -69.5407798811619 -16.5 -28.891344560986457
      vertex -69.33331572037648 -22.5 -29.002236465236948
      vertex -69.5407798811619 -22.5 -28.891344560986457
    endloop
  endfacet
  facet normal -0.9569403357322119 0 0.2902846772544523
    outer loop
      vertex -68.82305766351612 -16.5 -30.234108386419354
      vertex -68.89134456098645 -22.5 -30.459220118838108
      vertex -68.82305766351612 -22.5 -30.234108386419354
    endloop
  endfacet
  facet normal -0.9951847266721954 0 0.0980171403295755
    outer loop
      vertex -68.8 -16.5 -30
      vertex -68.82305766351612 -22.5 -30.234108386419354
      vertex -68.8 -22.5 -30
    endloop
  endfacet
  facet normal -0.9951847266721954 0 -0.0980171403295755
    outer loop
      vertex -68.82305766351612 -16.5 -29.765891613580646
      vertex -68.8 -22.5 -30
      vertex -68.82305766351612 -22.5 -29.765891613580646
    endloop
  endfacet
  facet normal -0.9569403357322119 0 -0.2902846772544523
    outer loop
      vertex -68.89134456098645 -16.5 -29.540779881161892
      vertex -68.82305766351612 -22.5 -29.765891613580646
      vertex -68.89134456098645 -22.5 -29.540779881161892
    endloop
  endfacet
  facet normal 0.471396736825989 0 0.8819212643483597
    outer loop
      vertex -70.66668427962352 -16.5 -30.997763534763052
      vertex -70.66668427962352 -22.5 -30.997763534763052
      vertex -70.4592201188381 -16.5 -31.108655439013543
    endloop
  endfacet
  facet normal 0.2902846772544661 0 0.9569403357322077
    outer loop
      vertex -70.4592201188381 -16.5 -31.108655439013543
      vertex -70.4592201188381 -22.5 -31.108655439013543
      vertex -70.23410838641935 -16.5 -31.176942336483876
    endloop
  endfacet
  facet normal 0.6343932841636521 4.147379802502259e-19 0.7730104533627313
    outer loop
      vertex -70.66668427962352 -16.5 -30.997763534763052
      vertex -70.84852813742386 -16.5 -30.848528137423855
      vertex -70.84852813742386 -22.5 -30.848528137423855
    endloop
  endfacet
  facet normal 0.7730104533627313 4.147379802502259e-19 0.6343932841636521
    outer loop
      vertex -70.84852813742386 -16.5 -30.848528137423855
      vertex -70.99776353476305 -16.5 -30.666684279623524
      vertex -70.99776353476305 -22.5 -30.666684279623524
    endloop
  endfacet
  facet normal 0.88192126434835 1.1981459134523118e-18 0.471396736826007
    outer loop
      vertex -70.99776353476305 -16.5 -30.666684279623524
      vertex -71.10865543901355 -16.5 -30.459220118838108
      vertex -71.10865543901355 -22.5 -30.459220118838108
    endloop
  endfacet
  facet normal 0.9569403357322119 0 0.2902846772544523
    outer loop
      vertex -71.17694233648388 -16.5 -30.234108386419354
      vertex -71.17694233648388 -22.5 -30.234108386419354
      vertex -71.10865543901355 -16.5 -30.459220118838108
    endloop
  endfacet
  facet normal 0.9951847266721954 1.2557042610266995e-19 0.0980171403295755
    outer loop
      vertex -71.17694233648388 -16.5 -30.234108386419354
      vertex -71.2 -16.5 -30
      vertex -71.2 -22.5 -30
    endloop
  endfacet
  facet normal 0.9951847266721954 -1.2557042610266995e-19 -0.0980171403295755
    outer loop
      vertex -71.2 -16.5 -30
      vertex -71.17694233648388 -16.5 -29.765891613580646
      vertex -71.17694233648388 -22.5 -29.765891613580646
    endloop
  endfacet
  facet normal 0.9569403357322119 2.598774886064761e-19 -0.2902846772544523
    outer loop
      vertex -71.17694233648388 -16.5 -29.765891613580646
      vertex -71.10865543901355 -16.5 -29.540779881161892
      vertex -71.10865543901355 -22.5 -29.540779881161892
    endloop
  endfacet
  facet normal 0.88192126434835 -1.1981459134523118e-18 -0.471396736826007
    outer loop
      vertex -71.10865543901355 -16.5 -29.540779881161892
      vertex -70.99776353476305 -16.5 -29.333315720376476
      vertex -70.99776353476305 -22.5 -29.333315720376476
    endloop
  endfacet
  facet normal 0.7730104533627313 -4.147379802502259e-19 -0.6343932841636521
    outer loop
      vertex -70.99776353476305 -16.5 -29.333315720376476
      vertex -70.84852813742386 -16.5 -29.151471862576145
      vertex -70.84852813742386 -22.5 -29.151471862576145
    endloop
  endfacet
  facet normal 0.6343932841636521 -4.147379802502259e-19 -0.7730104533627313
    outer loop
      vertex -70.84852813742386 -16.5 -29.151471862576145
      vertex -70.66668427962352 -16.5 -29.002236465236948
      vertex -70.66668427962352 -22.5 -29.002236465236948
    endloop
  endfacet
  facet normal 0.471396736825989 -9.277344083692622e-19 -0.8819212643483597
    outer loop
      vertex -70.66668427962352 -16.5 -29.002236465236948
      vertex -70.4592201188381 -16.5 -28.891344560986457
      vertex -70.4592201188381 -22.5 -28.891344560986457
    endloop
  endfacet
  facet normal 0.09801714032956202 0 0.9951847266721967
    outer loop
      vertex -70.23410838641935 -16.5 -31.176942336483876
      vertex -70.23410838641935 -22.5 -31.176942336483876
      vertex -70 -16.5 -31.2
    endloop
  endfacet
  facet normal -0.09801714032956202 0 0.9951847266721967
    outer loop
      vertex -70 -16.5 -31.2
      vertex -70 -22.5 -31.2
      vertex -69.76589161358065 -16.5 -31.176942336483876
    endloop
  endfacet
  facet normal -0.2902846772544661 0 0.9569403357322077
    outer loop
      vertex -69.76589161358065 -16.5 -31.176942336483876
      vertex -69.76589161358065 -22.5 -31.176942336483876
      vertex -69.5407798811619 -16.5 -31.108655439013543
    endloop
  endfacet
  facet normal -0.471396736825989 0 0.8819212643483597
    outer loop
      vertex -69.5407798811619 -16.5 -31.108655439013543
      vertex -69.5407798811619 -22.5 -31.108655439013543
      vertex -69.33331572037648 -16.5 -30.997763534763052
    endloop
  endfacet
  facet normal -0.6343932841636521 0 0.7730104533627313
    outer loop
      vertex -69.33331572037648 -16.5 -30.997763534763052
      vertex -69.33331572037648 -22.5 -30.997763534763052
      vertex -69.15147186257614 -16.5 -30.848528137423855
    endloop
  endfacet
  facet normal -0.7730104533627313 0 0.6343932841636521
    outer loop
      vertex -69.15147186257614 -16.5 -30.848528137423855
      vertex -69.15147186257614 -22.5 -30.848528137423855
      vertex -69.00223646523695 -16.5 -30.666684279623524
    endloop
  endfacet
  facet normal -0.88192126434835 0 0.471396736826007
    outer loop
      vertex -69.00223646523695 -16.5 -30.666684279623524
      vertex -69.00223646523695 -22.5 -30.666684279623524
      vertex -68.89134456098645 -16.5 -30.459220118838108
    endloop
  endfacet
  facet normal 0.2902846772544661 2.9530822289967516e-19 -0.9569403357322077
    outer loop
      vertex -70.4592201188381 -16.5 -28.891344560986457
      vertex -70.23410838641935 -16.5 -28.823057663516124
      vertex -70.23410838641935 -22.5 -28.823057663516124
    endloop
  endfacet
  facet normal 0.09801714032956202 2.725519137924757e-19 -0.9951847266721967
    outer loop
      vertex -70.23410838641935 -16.5 -28.823057663516124
      vertex -70 -16.5 -28.8
      vertex -70 -22.5 -28.8
    endloop
  endfacet
  facet normal -0.09801714032956202 -2.725519137924757e-19 -0.9951847266721967
    outer loop
      vertex -70 -16.5 -28.8
      vertex -69.76589161358065 -16.5 -28.823057663516124
      vertex -69.76589161358065 -22.5 -28.823057663516124
    endloop
  endfacet
  facet normal -0.2902846772544661 0 -0.9569403357322077
    outer loop
      vertex -69.5407798811619 -16.5 -28.891344560986457
      vertex -69.5407798811619 -22.5 -28.891344560986457
      vertex -69.76589161358065 -16.5 -28.823057663516124
    endloop
  endfacet
  facet normal -0.88192126434835 0 -0.471396736826007
    outer loop
      vertex -68.89134456098645 -16.5 -29.540779881161892
      vertex -68.89134456098645 -22.5 -29.540779881161892
      vertex -69.00223646523695 -16.5 -29.333315720376476
    endloop
  endfacet
  facet normal -0.7730104533627313 0 -0.6343932841636521
    outer loop
      vertex -69.00223646523695 -16.5 -29.333315720376476
      vertex -69.00223646523695 -22.5 -29.333315720376476
      vertex -69.15147186257614 -16.5 -29.151471862576145
    endloop
  endfacet
  facet normal -0.471396736825989 9.277344083692622e-19 -0.8819212643483597
    outer loop
      vertex -69.5407798811619 -16.5 -28.891344560986457
      vertex -69.33331572037648 -16.5 -29.002236465236948
      vertex -69.33331572037648 -22.5 -29.002236465236948
    endloop
  endfacet
  facet normal -0.6343932841636521 0 -0.7730104533627313
    outer loop
      vertex -69.15147186257614 -16.5 -29.151471862576145
      vertex -69.15147186257614 -22.5 -29.151471862576145
      vertex -69.33331572037648 -16.5 -29.002236465236948
    endloop
  endfacet
  facet normal -0.9569403357322119 0 0.2902846772544523
    outer loop
      vertex -68.89134456098645 -16.5 -30.459220118838108
      vertex -68.89134456098645 -22.5 -30.459220118838108
      vertex -68.82305766351612 -16.5 -30.234108386419354
    endloop
  endfacet
  facet normal -0.9951847266721954 0 0.0980171403295755
    outer loop
      vertex -68.82305766351612 -16.5 -30.234108386419354
      vertex -68.82305766351612 -22.5 -30.234108386419354
      vertex -68.8 -16.5 -30
    endloop
  endfacet
  facet normal -0.9951847266721954 0 -0.0980171403295755
    outer loop
      vertex -68.8 -16.5 -30
      vertex -68.8 -22.5 -30
      vertex -68.82305766351612 -16.5 -29.765891613580646
    endloop
  endfacet
  facet normal -0.9569403357322119 0 -0.2902846772544523
    outer loop
      vertex -68.82305766351612 -16.5 -29.765891613580646
      vertex -68.82305766351612 -22.5 -29.765891613580646
      vertex -68.89134456098645 -16.5 -29.540779881161892
    endloop
  endfacet
  facet normal 0.8819212643483467 0 0.4713967368260133
    outer loop
      vertex -70.99776353476305 -16.5 49.333315720376476
      vertex -71.10865543901355 -22.5 49.54077988116189
      vertex -70.99776353476305 -22.5 49.333315720376476
    endloop
  endfacet
  facet normal 0.4713967368260007 0 0.8819212643483534
    outer loop
      vertex -70.4592201188381 -16.5 48.891344560986454
      vertex -70.66668427962352 -22.5 49.00223646523695
      vertex -70.4592201188381 -22.5 48.891344560986454
    endloop
  endfacet
  facet normal 0.6343932841636521 0 0.7730104533627313
    outer loop
      vertex -70.66668427962352 -16.5 49.00223646523695
      vertex -70.84852813742386 -22.5 49.151471862576145
      vertex -70.66668427962352 -22.5 49.00223646523695
    endloop
  endfacet
  facet normal 0.7730104533627313 0 0.6343932841636521
    outer loop
      vertex -70.84852813742386 -16.5 49.151471862576145
      vertex -70.99776353476305 -22.5 49.333315720376476
      vertex -70.84852813742386 -22.5 49.151471862576145
    endloop
  endfacet
  facet normal 0.9569403357322145 0 0.2902846772544439
    outer loop
      vertex -71.10865543901355 -16.5 49.54077988116189
      vertex -71.17694233648388 -22.5 49.76589161358065
      vertex -71.10865543901355 -22.5 49.54077988116189
    endloop
  endfacet
  facet normal 0.9951847266721953 0 0.09801714032957698
    outer loop
      vertex -71.17694233648388 -16.5 49.76589161358065
      vertex -71.2 -22.5 50
      vertex -71.17694233648388 -22.5 49.76589161358065
    endloop
  endfacet
  facet normal 0.9951847266721953 0 -0.09801714032957698
    outer loop
      vertex -71.2 -16.5 50
      vertex -71.17694233648388 -22.5 50.23410838641935
      vertex -71.2 -22.5 50
    endloop
  endfacet
  facet normal 0.9569403357322145 0 -0.2902846772544439
    outer loop
      vertex -71.17694233648388 -16.5 50.23410838641935
      vertex -71.10865543901355 -22.5 50.45922011883811
      vertex -71.17694233648388 -22.5 50.23410838641935
    endloop
  endfacet
  facet normal 0.2902846772544523 0 0.9569403357322119
    outer loop
      vertex -70.23410838641935 -16.5 48.823057663516124
      vertex -70.4592201188381 -22.5 48.891344560986454
      vertex -70.23410838641935 -22.5 48.823057663516124
    endloop
  endfacet
  facet normal 0.09801714032957698 0 0.9951847266721953
    outer loop
      vertex -70 -16.5 48.8
      vertex -70.23410838641935 -22.5 48.823057663516124
      vertex -70 -22.5 48.8
    endloop
  endfacet
  facet normal -0.09801714032957698 0 0.9951847266721953
    outer loop
      vertex -69.76589161358065 -16.5 48.823057663516124
      vertex -70 -22.5 48.8
      vertex -69.76589161358065 -22.5 48.823057663516124
    endloop
  endfacet
  facet normal -0.2902846772544523 0 0.9569403357322119
    outer loop
      vertex -69.5407798811619 -16.5 48.891344560986454
      vertex -69.76589161358065 -22.5 48.823057663516124
      vertex -69.5407798811619 -22.5 48.891344560986454
    endloop
  endfacet
  facet normal -0.4713967368260007 0 0.8819212643483534
    outer loop
      vertex -69.33331572037648 -16.5 49.00223646523695
      vertex -69.5407798811619 -22.5 48.891344560986454
      vertex -69.33331572037648 -22.5 49.00223646523695
    endloop
  endfacet
  facet normal -0.6343932841636521 0 0.7730104533627313
    outer loop
      vertex -69.15147186257614 -16.5 49.151471862576145
      vertex -69.33331572037648 -22.5 49.00223646523695
      vertex -69.15147186257614 -22.5 49.151471862576145
    endloop
  endfacet
  facet normal -0.7730104533627313 0 0.6343932841636521
    outer loop
      vertex -69.00223646523695 -16.5 49.333315720376476
      vertex -69.15147186257614 -22.5 49.151471862576145
      vertex -69.00223646523695 -22.5 49.333315720376476
    endloop
  endfacet
  facet normal -0.8819212643483467 0 0.4713967368260133
    outer loop
      vertex -68.89134456098645 -16.5 49.54077988116189
      vertex -69.00223646523695 -22.5 49.333315720376476
      vertex -68.89134456098645 -22.5 49.54077988116189
    endloop
  endfacet
  facet normal -0.9569403357322145 0 0.2902846772544439
    outer loop
      vertex -68.82305766351612 -16.5 49.76589161358065
      vertex -68.89134456098645 -22.5 49.54077988116189
      vertex -68.82305766351612 -22.5 49.76589161358065
    endloop
  endfacet
  facet normal -0.9951847266721953 0 0.09801714032957698
    outer loop
      vertex -68.8 -16.5 50
      vertex -68.82305766351612 -22.5 49.76589161358065
      vertex -68.8 -22.5 50
    endloop
  endfacet
  facet normal -0.9951847266721953 0 -0.09801714032957698
    outer loop
      vertex -68.82305766351612 -16.5 50.23410838641935
      vertex -68.8 -22.5 50
      vertex -68.82305766351612 -22.5 50.23410838641935
    endloop
  endfacet
  facet normal 0.8819212643483467 0 -0.4713967368260133
    outer loop
      vertex -71.10865543901355 -16.5 50.45922011883811
      vertex -70.99776353476305 -22.5 50.666684279623524
      vertex -71.10865543901355 -22.5 50.45922011883811
    endloop
  endfacet
  facet normal 0.7730104533627313 0 -0.6343932841636521
    outer loop
      vertex -70.99776353476305 -16.5 50.666684279623524
      vertex -70.84852813742386 -22.5 50.848528137423855
      vertex -70.99776353476305 -22.5 50.666684279623524
    endloop
  endfacet
  facet normal 0.6343932841636521 0 -0.7730104533627313
    outer loop
      vertex -70.84852813742386 -16.5 50.848528137423855
      vertex -70.66668427962352 -22.5 50.99776353476305
      vertex -70.84852813742386 -22.5 50.848528137423855
    endloop
  endfacet
  facet normal 0.4713967368260007 0 -0.8819212643483534
    outer loop
      vertex -70.66668427962352 -16.5 50.99776353476305
      vertex -70.4592201188381 -22.5 51.108655439013546
      vertex -70.66668427962352 -22.5 50.99776353476305
    endloop
  endfacet
  facet normal 0.2902846772544523 0 -0.9569403357322119
    outer loop
      vertex -70.4592201188381 -16.5 51.108655439013546
      vertex -70.23410838641935 -22.5 51.176942336483876
      vertex -70.4592201188381 -22.5 51.108655439013546
    endloop
  endfacet
  facet normal 0.09801714032957698 0 -0.9951847266721953
    outer loop
      vertex -70.23410838641935 -16.5 51.176942336483876
      vertex -70 -22.5 51.2
      vertex -70.23410838641935 -22.5 51.176942336483876
    endloop
  endfacet
  facet normal -0.09801714032957698 0 -0.9951847266721953
    outer loop
      vertex -70 -16.5 51.2
      vertex -69.76589161358065 -22.5 51.176942336483876
      vertex -70 -22.5 51.2
    endloop
  endfacet
  facet normal -0.2902846772544523 0 -0.9569403357322119
    outer loop
      vertex -69.76589161358065 -16.5 51.176942336483876
      vertex -69.5407798811619 -22.5 51.108655439013546
      vertex -69.76589161358065 -22.5 51.176942336483876
    endloop
  endfacet
  facet normal -0.8819212643483467 0 -0.4713967368260133
    outer loop
      vertex -69.00223646523695 -16.5 50.666684279623524
      vertex -68.89134456098645 -22.5 50.45922011883811
      vertex -69.00223646523695 -22.5 50.666684279623524
    endloop
  endfacet
  facet normal -0.6343932841636521 0 -0.7730104533627313
    outer loop
      vertex -69.33331572037648 -16.5 50.99776353476305
      vertex -69.15147186257614 -22.5 50.848528137423855
      vertex -69.33331572037648 -22.5 50.99776353476305
    endloop
  endfacet
  facet normal -0.4713967368260007 0 -0.8819212643483534
    outer loop
      vertex -69.5407798811619 -16.5 51.108655439013546
      vertex -69.33331572037648 -22.5 50.99776353476305
      vertex -69.5407798811619 -22.5 51.108655439013546
    endloop
  endfacet
  facet normal -0.7730104533627313 0 -0.6343932841636521
    outer loop
      vertex -69.15147186257614 -16.5 50.848528137423855
      vertex -69.00223646523695 -22.5 50.666684279623524
      vertex -69.15147186257614 -22.5 50.848528137423855
    endloop
  endfacet
  facet normal -0.9569403357322145 0 -0.2902846772544439
    outer loop
      vertex -68.89134456098645 -16.5 50.45922011883811
      vertex -68.82305766351612 -22.5 50.23410838641935
      vertex -68.89134456098645 -22.5 50.45922011883811
    endloop
  endfacet
  facet normal 0.2902846772544523 -2.598774886064761e-19 0.9569403357322119
    outer loop
      vertex -70.23410838641935 -16.5 48.823057663516124
      vertex -70.4592201188381 -16.5 48.891344560986454
      vertex -70.4592201188381 -22.5 48.891344560986454
    endloop
  endfacet
  facet normal 0.6343932841636521 0 0.7730104533627313
    outer loop
      vertex -70.84852813742386 -16.5 49.151471862576145
      vertex -70.84852813742386 -22.5 49.151471862576145
      vertex -70.66668427962352 -16.5 49.00223646523695
    endloop
  endfacet
  facet normal 0.7730104533627313 4.147379802502259e-19 0.6343932841636521
    outer loop
      vertex -70.84852813742386 -16.5 49.151471862576145
      vertex -70.99776353476305 -16.5 49.333315720376476
      vertex -70.99776353476305 -22.5 49.333315720376476
    endloop
  endfacet
  facet normal 0.4713967368260007 0 0.8819212643483534
    outer loop
      vertex -70.66668427962352 -16.5 49.00223646523695
      vertex -70.66668427962352 -22.5 49.00223646523695
      vertex -70.4592201188381 -16.5 48.891344560986454
    endloop
  endfacet
  facet normal 0.8819212643483467 1.0014675332172783e-19 0.4713967368260133
    outer loop
      vertex -70.99776353476305 -16.5 49.333315720376476
      vertex -71.10865543901355 -16.5 49.54077988116189
      vertex -71.10865543901355 -22.5 49.54077988116189
    endloop
  endfacet
  facet normal 0.9569403357322145 0 0.2902846772544439
    outer loop
      vertex -71.17694233648388 -16.5 49.76589161358065
      vertex -71.17694233648388 -22.5 49.76589161358065
      vertex -71.10865543901355 -16.5 49.54077988116189
    endloop
  endfacet
  facet normal 0.9951847266721953 -2.1598585989319593e-19 0.09801714032957698
    outer loop
      vertex -71.17694233648388 -16.5 49.76589161358065
      vertex -71.2 -16.5 50
      vertex -71.2 -22.5 50
    endloop
  endfacet
  facet normal 0.9951847266721953 2.1598585989319593e-19 -0.09801714032957698
    outer loop
      vertex -71.2 -16.5 50
      vertex -71.17694233648388 -16.5 50.23410838641935
      vertex -71.17694233648388 -22.5 50.23410838641935
    endloop
  endfacet
  facet normal 0.09801714032957698 0 0.9951847266721953
    outer loop
      vertex -70.23410838641935 -16.5 48.823057663516124
      vertex -70.23410838641935 -22.5 48.823057663516124
      vertex -70 -16.5 48.8
    endloop
  endfacet
  facet normal -0.09801714032957698 0 0.9951847266721953
    outer loop
      vertex -70 -16.5 48.8
      vertex -70 -22.5 48.8
      vertex -69.76589161358065 -16.5 48.823057663516124
    endloop
  endfacet
  facet normal -0.2902846772544523 0 0.9569403357322119
    outer loop
      vertex -69.76589161358065 -16.5 48.823057663516124
      vertex -69.76589161358065 -22.5 48.823057663516124
      vertex -69.5407798811619 -16.5 48.891344560986454
    endloop
  endfacet
  facet normal -0.4713967368260007 0 0.8819212643483534
    outer loop
      vertex -69.5407798811619 -16.5 48.891344560986454
      vertex -69.5407798811619 -22.5 48.891344560986454
      vertex -69.33331572037648 -16.5 49.00223646523695
    endloop
  endfacet
  facet normal -0.6343932841636521 0 0.7730104533627313
    outer loop
      vertex -69.33331572037648 -16.5 49.00223646523695
      vertex -69.33331572037648 -22.5 49.00223646523695
      vertex -69.15147186257614 -16.5 49.151471862576145
    endloop
  endfacet
  facet normal -0.7730104533627313 0 0.6343932841636521
    outer loop
      vertex -69.15147186257614 -16.5 49.151471862576145
      vertex -69.15147186257614 -22.5 49.151471862576145
      vertex -69.00223646523695 -16.5 49.333315720376476
    endloop
  endfacet
  facet normal -0.8819212643483467 0 0.4713967368260133
    outer loop
      vertex -69.00223646523695 -16.5 49.333315720376476
      vertex -69.00223646523695 -22.5 49.333315720376476
      vertex -68.89134456098645 -16.5 49.54077988116189
    endloop
  endfacet
  facet normal -0.9569403357322145 0 0.2902846772544439
    outer loop
      vertex -68.89134456098645 -16.5 49.54077988116189
      vertex -68.89134456098645 -22.5 49.54077988116189
      vertex -68.82305766351612 -16.5 49.76589161358065
    endloop
  endfacet
  facet normal -0.9951847266721953 0 0.09801714032957698
    outer loop
      vertex -68.82305766351612 -16.5 49.76589161358065
      vertex -68.82305766351612 -22.5 49.76589161358065
      vertex -68.8 -16.5 50
    endloop
  endfacet
  facet normal -0.9951847266721953 0 -0.09801714032957698
    outer loop
      vertex -68.8 -16.5 50
      vertex -68.8 -22.5 50
      vertex -68.82305766351612 -16.5 50.23410838641935
    endloop
  endfacet
  facet normal -0.9569403357322145 0 -0.2902846772544439
    outer loop
      vertex -68.82305766351612 -16.5 50.23410838641935
      vertex -68.82305766351612 -22.5 50.23410838641935
      vertex -68.89134456098645 -16.5 50.45922011883811
    endloop
  endfacet
  facet normal 0.9569403357322145 -1.0498487429769689e-19 -0.2902846772544439
    outer loop
      vertex -71.17694233648388 -16.5 50.23410838641935
      vertex -71.10865543901355 -16.5 50.45922011883811
      vertex -71.10865543901355 -22.5 50.45922011883811
    endloop
  endfacet
  facet normal 0.8819212643483467 -1.0014675332172783e-19 -0.4713967368260133
    outer loop
      vertex -71.10865543901355 -16.5 50.45922011883811
      vertex -70.99776353476305 -16.5 50.666684279623524
      vertex -70.99776353476305 -22.5 50.666684279623524
    endloop
  endfacet
  facet normal 0.7730104533627313 -4.147379802502259e-19 -0.6343932841636521
    outer loop
      vertex -70.99776353476305 -16.5 50.666684279623524
      vertex -70.84852813742386 -16.5 50.848528137423855
      vertex -70.84852813742386 -22.5 50.848528137423855
    endloop
  endfacet
  facet normal 0.6343932841636521 -4.147379802502259e-19 -0.7730104533627313
    outer loop
      vertex -70.84852813742386 -16.5 50.848528137423855
      vertex -70.66668427962352 -16.5 50.99776353476305
      vertex -70.66668427962352 -22.5 50.99776353476305
    endloop
  endfacet
  facet normal 0.4713967368260007 1.6193333288560727e-19 -0.8819212643483534
    outer loop
      vertex -70.66668427962352 -16.5 50.99776353476305
      vertex -70.4592201188381 -16.5 51.108655439013546
      vertex -70.4592201188381 -22.5 51.108655439013546
    endloop
  endfacet
  facet normal 0.2902846772544523 2.598774886064761e-19 -0.9569403357322119
    outer loop
      vertex -70.4592201188381 -16.5 51.108655439013546
      vertex -70.23410838641935 -16.5 51.176942336483876
      vertex -70.23410838641935 -22.5 51.176942336483876
    endloop
  endfacet
  facet normal 0.09801714032957698 2.1598585989319593e-19 -0.9951847266721953
    outer loop
      vertex -70.23410838641935 -16.5 51.176942336483876
      vertex -70 -16.5 51.2
      vertex -70 -22.5 51.2
    endloop
  endfacet
  facet normal -0.09801714032957698 -2.1598585989319593e-19 -0.9951847266721953
    outer loop
      vertex -70 -16.5 51.2
      vertex -69.76589161358065 -16.5 51.176942336483876
      vertex -69.76589161358065 -22.5 51.176942336483876
    endloop
  endfacet
  facet normal -0.2902846772544523 -2.598774886064761e-19 -0.9569403357322119
    outer loop
      vertex -69.76589161358065 -16.5 51.176942336483876
      vertex -69.5407798811619 -16.5 51.108655439013546
      vertex -69.5407798811619 -22.5 51.108655439013546
    endloop
  endfacet
  facet normal -0.8819212643483467 0 -0.4713967368260133
    outer loop
      vertex -68.89134456098645 -16.5 50.45922011883811
      vertex -68.89134456098645 -22.5 50.45922011883811
      vertex -69.00223646523695 -16.5 50.666684279623524
    endloop
  endfacet
  facet normal -0.7730104533627313 4.147379802502259e-19 -0.6343932841636521
    outer loop
      vertex -69.15147186257614 -16.5 50.848528137423855
      vertex -69.00223646523695 -16.5 50.666684279623524
      vertex -69.00223646523695 -22.5 50.666684279623524
    endloop
  endfacet
  facet normal -0.4713967368260007 -1.6193333288560727e-19 -0.8819212643483534
    outer loop
      vertex -69.5407798811619 -16.5 51.108655439013546
      vertex -69.33331572037648 -16.5 50.99776353476305
      vertex -69.33331572037648 -22.5 50.99776353476305
    endloop
  endfacet
  facet normal -0.6343932841636521 0 -0.7730104533627313
    outer loop
      vertex -69.15147186257614 -16.5 50.848528137423855
      vertex -69.15147186257614 -22.5 50.848528137423855
      vertex -69.33331572037648 -16.5 50.99776353476305
    endloop
  endfacet
endsolid OpenSCAD_Model
