solid OpenSCAD_Model
  facet normal 0 1 0
    outer loop
      vertex -90 25 0
      vertex -90 25 20.5
      vertex 90 25 20.5
    endloop
  endfacet
  facet normal 0 0 -1
    outer loop
      vertex -90 25 0
      vertex -49.5 14.7 0
      vertex -66.75 13.45 0
    endloop
  endfacet
  facet normal 0 0 -1
    outer loop
      vertex -90 25 0
      vertex -32.5 14.7 0
      vertex -49.5 14.7 0
    endloop
  endfacet
  facet normal 0 0 -1
    outer loop
      vertex -66.75 13.45 0
      vertex -49.5 14.7 0
      vertex -51.25 13.45 0
    endloop
  endfacet
  facet normal -1 0 0
    outer loop
      vertex -90 25 0
      vertex -90 -22 0
      vertex -90 25 20.5
    endloop
  endfacet
  facet normal 0 0 -1
    outer loop
      vertex -90 25 0
      vertex -66.75 13.45 0
      vertex -66.75 -4.050000000000001 0
    endloop
  endfacet
  facet normal 0 0 -1
    outer loop
      vertex -51.25 13.45 0
      vertex -49.5 14.7 0
      vertex -49.5 -17.3 0
    endloop
  endfacet
  facet normal 0 0 -1
    outer loop
      vertex -32.5 14.7 0
      vertex -21 13.25 0
      vertex -27 13.25 0
    endloop
  endfacet
  facet normal 0 0 -1
    outer loop
      vertex -32.5 14.7 0
      vertex -15.5 13.5 0
      vertex -21 13.25 0
    endloop
  endfacet
  facet normal 0 0 -1
    outer loop
      vertex -90 25 0
      vertex 90 25 0
      vertex -32.5 14.7 0
    endloop
  endfacet
  facet normal 0 0 -1
    outer loop
      vertex -32.5 14.7 0
      vertex -27 13.25 0
      vertex -27 -5.25 0
    endloop
  endfacet
  facet normal 0 0 -1
    outer loop
      vertex -15.5 13.5 0
      vertex -15.5 -1.5 0
      vertex -21 13.25 0
    endloop
  endfacet
  facet normal 0 0 -1
    outer loop
      vertex -21 13.25 0
      vertex -15.5 -1.5 0
      vertex -21 -5.25 0
    endloop
  endfacet
  facet normal -1 0 0
    outer loop
      vertex -90 -22 0
      vertex -90 -22 20.5
      vertex -90 25 20.5
    endloop
  endfacet
  facet normal 0 0 -1
    outer loop
      vertex -90 25 0
      vertex -66.75 -4.050000000000001 0
      vertex -90 -22 0
    endloop
  endfacet
  facet normal 0 0 -1
    outer loop
      vertex -66.75 -4.050000000000001 0
      vertex -51.25 -4.050000000000001 0
      vertex -90 -22 0
    endloop
  endfacet
  facet normal 0 0 -1
    outer loop
      vertex -51.25 13.45 0
      vertex -49.5 -17.3 0
      vertex -51.25 -4.050000000000001 0
    endloop
  endfacet
  facet normal 0 0 -1
    outer loop
      vertex -51.25 -4.050000000000001 0
      vertex -49.5 -17.3 0
      vertex -90 -22 0
    endloop
  endfacet
  facet normal 0 0 -1
    outer loop
      vertex -90 -22 0
      vertex -49.5 -17.3 0
      vertex -32.5 -17.3 0
    endloop
  endfacet
  facet normal 0 0 -1
    outer loop
      vertex -32.5 14.7 0
      vertex -27 -5.25 0
      vertex -32.5 -17.3 0
    endloop
  endfacet
  facet normal 0 0 -1
    outer loop
      vertex -27 -5.25 0
      vertex -21 -5.25 0
      vertex -32.5 -17.3 0
    endloop
  endfacet
  facet normal 0 0 -1
    outer loop
      vertex -15.5 -1.5 0
      vertex 1.5 -1.5 0
      vertex -21 -5.25 0
    endloop
  endfacet
  facet normal 0 0 -1
    outer loop
      vertex -21 -5.25 0
      vertex 1.5 -1.5 0
      vertex -32.5 -17.3 0
    endloop
  endfacet
  facet normal 0 0 -1
    outer loop
      vertex -32.5 -17.3 0
      vertex 1.5 -1.5 0
      vertex 4.5 -1.5 0
    endloop
  endfacet
  facet normal 0 0 -1
    outer loop
      vertex -90 -22 0
      vertex -32.5 -17.3 0
      vertex -8.6 -20 0
    endloop
  endfacet
  facet normal 0 0 -1
    outer loop
      vertex -90 -22 0
      vertex -8.6 -20 0
      vertex 8.6 -20 0
    endloop
  endfacet
  facet normal 0 0 -1
    outer loop
      vertex -32.5 -17.3 0
      vertex 4.5 -1.5 0
      vertex -8.6 -12 0
    endloop
  endfacet
  facet normal 0 0 -1
    outer loop
      vertex -32.5 -17.3 0
      vertex -8.6 -12 0
      vertex -8.6 -20 0
    endloop
  endfacet
  facet normal 1 0 0
    outer loop
      vertex 90 25 0
      vertex 90 25 20.5
      vertex 90 -22 20.5
    endloop
  endfacet
  facet normal 0 1 0
    outer loop
      vertex -90 25 0
      vertex 90 25 20.5
      vertex 90 25 0
    endloop
  endfacet
  facet normal 0 0 -1
    outer loop
      vertex -32.5 14.7 0
      vertex 90 25 0
      vertex -15.5 13.5 0
    endloop
  endfacet
  facet normal 0 0 -1
    outer loop
      vertex 4.5 13.5 0
      vertex 26.317183872943552 14.332748481411308 0
      vertex 25.660607986722187 14.133578363789503 0
    endloop
  endfacet
  facet normal 0 0 -1
    outer loop
      vertex 4.5 13.5 0
      vertex 25.660607986722187 14.133578363789503 0
      vertex 21.5 13.5 0
    endloop
  endfacet
  facet normal 0 0 -1
    outer loop
      vertex -15.5 13.5 0
      vertex 90 25 0
      vertex 1.5 13.5 0
    endloop
  endfacet
  facet normal 0 0 -1
    outer loop
      vertex 1.5 13.5 0
      vertex 90 25 0
      vertex 4.5 13.5 0
    endloop
  endfacet
  facet normal 0 0 -1
    outer loop
      vertex 21.5 13.5 0
      vertex 25.055504184431392 13.81014364305891 0
      vertex 24.525126265847085 13.374873734152917 0
    endloop
  endfacet
  facet normal 0 0 -1
    outer loop
      vertex 21.5 13.5 0
      vertex 25.660607986722187 14.133578363789503 0
      vertex 25.055504184431392 13.81014364305891 0
    endloop
  endfacet
  facet normal 0 0 -1
    outer loop
      vertex 28.339392013277813 14.133578363789503 0
      vertex 42.5 13.25 0
      vertex 28.944495815568608 13.81014364305891 0
    endloop
  endfacet
  facet normal 0 0 -1
    outer loop
      vertex 4.5 13.5 0
      vertex 90 25 0
      vertex 26.317183872943552 14.332748481411308 0
    endloop
  endfacet
  facet normal 0 0 -1
    outer loop
      vertex 1.5 13.5 0
      vertex 4.5 13.5 0
      vertex 4.5 -1.5 0
    endloop
  endfacet
  facet normal 0 0 -1
    outer loop
      vertex 21.5 13.5 0
      vertex 23.5 10.9 0
      vertex 21.5 -1.5 0
    endloop
  endfacet
  facet normal 0 0 -1
    outer loop
      vertex 1.5 13.5 0
      vertex 4.5 -1.5 0
      vertex 1.5 -1.5 0
    endloop
  endfacet
  facet normal 0 0 -1
    outer loop
      vertex 21.5 13.5 0
      vertex 24.525126265847085 13.374873734152917 0
      vertex 24.08985635694109 12.844495815568608 0
    endloop
  endfacet
  facet normal 0 0 -1
    outer loop
      vertex 21.5 13.5 0
      vertex 24.08985635694109 12.844495815568608 0
      vertex 23.766421636210495 12.239392013277815 0
    endloop
  endfacet
  facet normal 0 0 -1
    outer loop
      vertex 21.5 13.5 0
      vertex 23.766421636210495 12.239392013277815 0
      vertex 23.567251518588694 11.58281612705645 0
    endloop
  endfacet
  facet normal 0 0 -1
    outer loop
      vertex 21.5 13.5 0
      vertex 23.567251518588694 11.58281612705645 0
      vertex 23.5 10.9 0
    endloop
  endfacet
  facet normal 0 0 -1
    outer loop
      vertex 28.944495815568608 13.81014364305891 0
      vertex 36.02164570954364 12.054849415639108 0
      vertex 29.474873734152915 13.374873734152917 0
    endloop
  endfacet
  facet normal 0 0 -1
    outer loop
      vertex 29.474873734152915 13.374873734152917 0
      vertex 35.8055372087255 11.939337015378182 0
      vertex 29.91014364305891 12.844495815568608 0
    endloop
  endfacet
  facet normal 0 0 -1
    outer loop
      vertex 28.944495815568608 13.81014364305891 0
      vertex 36.25613709747984 12.125981600504039 0
      vertex 36.02164570954364 12.054849415639108 0
    endloop
  endfacet
  facet normal 0 0 -1
    outer loop
      vertex 29.91014364305891 12.844495815568608 0
      vertex 35.616116523516816 11.783883476483185 0
      vertex 30.233578363789505 12.239392013277815 0
    endloop
  endfacet
  facet normal 0 0 -1
    outer loop
      vertex 30.233578363789505 12.239392013277815 0
      vertex 35.345150584360894 11.378354290456363 0
      vertex 30.432748481411306 11.58281612705645 0
    endloop
  endfacet
  facet normal 0 0 -1
    outer loop
      vertex 30.432748481411306 11.58281612705645 0
      vertex 35.25 10.9 0
      vertex 30.5 10.9 0
    endloop
  endfacet
  facet normal 0 0 -1
    outer loop
      vertex 30.233578363789505 12.239392013277815 0
      vertex 35.46066298462182 11.594462791274504 0
      vertex 35.345150584360894 11.378354290456363 0
    endloop
  endfacet
  facet normal 0 0 -1
    outer loop
      vertex 30.432748481411306 11.58281612705645 0
      vertex 35.345150584360894 11.378354290456363 0
      vertex 35.274018399495965 11.14386290252016 0
    endloop
  endfacet
  facet normal 0 0 -1
    outer loop
      vertex 30.432748481411306 11.58281612705645 0
      vertex 35.274018399495965 11.14386290252016 0
      vertex 35.25 10.9 0
    endloop
  endfacet
  facet normal 0 0 -1
    outer loop
      vertex 30.5 10.9 0
      vertex 35.274018399495965 10.65613709747984 0
      vertex 30.432748481411306 10.21718387294355 0
    endloop
  endfacet
  facet normal 0 0 -1
    outer loop
      vertex 30.5 10.9 0
      vertex 35.25 10.9 0
      vertex 35.274018399495965 10.65613709747984 0
    endloop
  endfacet
  facet normal 0 0 -1
    outer loop
      vertex 30.432748481411306 10.21718387294355 0
      vertex 35.274018399495965 10.65613709747984 0
      vertex 30.233578363789505 9.560607986722186 0
    endloop
  endfacet
  facet normal 0 0 -1
    outer loop
      vertex 30.233578363789505 9.560607986722186 0
      vertex 35.274018399495965 10.65613709747984 0
      vertex 35.345150584360894 10.421645709543638 0
    endloop
  endfacet
  facet normal 0 0 -1
    outer loop
      vertex 30.233578363789505 9.560607986722186 0
      vertex 35.345150584360894 10.421645709543638 0
      vertex 35.46066298462182 10.205537208725497 0
    endloop
  endfacet
  facet normal 0 0 -1
    outer loop
      vertex 30.233578363789505 9.560607986722186 0
      vertex 35.616116523516816 10.016116523516816 0
      vertex 29.91014364305891 8.955504184431392 0
    endloop
  endfacet
  facet normal 0 0 -1
    outer loop
      vertex 29.91014364305891 8.955504184431392 0
      vertex 35.8055372087255 9.860662984621818 0
      vertex 29.474873734152915 8.425126265847084 0
    endloop
  endfacet
  facet normal 0 0 -1
    outer loop
      vertex 29.474873734152915 8.425126265847084 0
      vertex 36.25613709747984 9.674018399495962 0
      vertex 28.944495815568608 7.989856356941091 0
    endloop
  endfacet
  facet normal 0 0 -1
    outer loop
      vertex 28.944495815568608 13.81014364305891 0
      vertex 36.5 12.15 0
      vertex 36.25613709747984 12.125981600504039 0
    endloop
  endfacet
  facet normal 0 0 -1
    outer loop
      vertex 28.944495815568608 13.81014364305891 0
      vertex 42.5 13.25 0
      vertex 36.5 12.15 0
    endloop
  endfacet
  facet normal 0 0 -1
    outer loop
      vertex 29.474873734152915 13.374873734152917 0
      vertex 36.02164570954364 12.054849415639108 0
      vertex 35.8055372087255 11.939337015378182 0
    endloop
  endfacet
  facet normal 0 0 -1
    outer loop
      vertex 29.91014364305891 12.844495815568608 0
      vertex 35.8055372087255 11.939337015378182 0
      vertex 35.616116523516816 11.783883476483185 0
    endloop
  endfacet
  facet normal 0 0 -1
    outer loop
      vertex 30.233578363789505 12.239392013277815 0
      vertex 35.616116523516816 11.783883476483185 0
      vertex 35.46066298462182 11.594462791274504 0
    endloop
  endfacet
  facet normal 0 0 -1
    outer loop
      vertex 36.5 12.15 0
      vertex 42.5 13.25 0
      vertex 36.74386290252016 12.125981600504039 0
    endloop
  endfacet
  facet normal 0 0 -1
    outer loop
      vertex 36.74386290252016 12.125981600504039 0
      vertex 42.5 13.25 0
      vertex 36.97835429045636 12.054849415639108 0
    endloop
  endfacet
  facet normal 0 0 -1
    outer loop
      vertex 36.97835429045636 12.054849415639108 0
      vertex 42.5 13.25 0
      vertex 37.1944627912745 11.939337015378182 0
    endloop
  endfacet
  facet normal 0 0 -1
    outer loop
      vertex 37.1944627912745 11.939337015378182 0
      vertex 42.5 13.25 0
      vertex 37.383883476483184 11.783883476483185 0
    endloop
  endfacet
  facet normal 0 0 -1
    outer loop
      vertex 37.383883476483184 11.783883476483185 0
      vertex 42.5 13.25 0
      vertex 37.53933701537818 11.594462791274504 0
    endloop
  endfacet
  facet normal 0 0 -1
    outer loop
      vertex 37.53933701537818 11.594462791274504 0
      vertex 42.5 8.75 0
      vertex 37.654849415639106 11.378354290456363 0
    endloop
  endfacet
  facet normal 0 0 -1
    outer loop
      vertex 37.654849415639106 11.378354290456363 0
      vertex 42.5 8.75 0
      vertex 37.725981600504035 11.14386290252016 0
    endloop
  endfacet
  facet normal 0 0 -1
    outer loop
      vertex 37.53933701537818 11.594462791274504 0
      vertex 42.5 13.25 0
      vertex 42.5 8.75 0
    endloop
  endfacet
  facet normal 0 0 -1
    outer loop
      vertex 30.233578363789505 9.560607986722186 0
      vertex 35.46066298462182 10.205537208725497 0
      vertex 35.616116523516816 10.016116523516816 0
    endloop
  endfacet
  facet normal 0 0 -1
    outer loop
      vertex 29.91014364305891 8.955504184431392 0
      vertex 35.616116523516816 10.016116523516816 0
      vertex 35.8055372087255 9.860662984621818 0
    endloop
  endfacet
  facet normal 0 0 -1
    outer loop
      vertex 29.474873734152915 8.425126265847084 0
      vertex 35.8055372087255 9.860662984621818 0
      vertex 36.02164570954364 9.745150584360893 0
    endloop
  endfacet
  facet normal 0 0 -1
    outer loop
      vertex 29.474873734152915 8.425126265847084 0
      vertex 36.02164570954364 9.745150584360893 0
      vertex 36.25613709747984 9.674018399495962 0
    endloop
  endfacet
  facet normal 0 0 -1
    outer loop
      vertex 37.725981600504035 11.14386290252016 0
      vertex 42.5 8.75 0
      vertex 37.75 10.9 0
    endloop
  endfacet
  facet normal 0 0 -1
    outer loop
      vertex 37.75 10.9 0
      vertex 42.5 8.75 0
      vertex 37.725981600504035 10.65613709747984 0
    endloop
  endfacet
  facet normal 0 0 -1
    outer loop
      vertex 37.725981600504035 10.65613709747984 0
      vertex 42.5 8.75 0
      vertex 37.654849415639106 10.421645709543638 0
    endloop
  endfacet
  facet normal 0 0 -1
    outer loop
      vertex 37.654849415639106 10.421645709543638 0
      vertex 42.5 8.75 0
      vertex 37.53933701537818 10.205537208725497 0
    endloop
  endfacet
  facet normal 0 0 -1
    outer loop
      vertex 37.53933701537818 10.205537208725497 0
      vertex 42.5 8.75 0
      vertex 37.383883476483184 10.016116523516816 0
    endloop
  endfacet
  facet normal 0 0 -1
    outer loop
      vertex 37.1944627912745 9.860662984621818 0
      vertex 42.5 8.75 0
      vertex 36.97835429045636 9.745150584360893 0
    endloop
  endfacet
  facet normal 0 0 -1
    outer loop
      vertex 37.383883476483184 10.016116523516816 0
      vertex 42.5 8.75 0
      vertex 37.1944627912745 9.860662984621818 0
    endloop
  endfacet
  facet normal 0 0 -1
    outer loop
      vertex 36.74386290252016 9.674018399495962 0
      vertex 36.97835429045636 9.745150584360893 0
      vertex 42.5 8.75 0
    endloop
  endfacet
  facet normal 0 0 -1
    outer loop
      vertex 23.5 10.9 0
      vertex 23.567251518588694 10.21718387294355 0
      vertex 21.5 -1.5 0
    endloop
  endfacet
  facet normal 0 0 -1
    outer loop
      vertex 23.567251518588694 10.21718387294355 0
      vertex 23.766421636210495 9.560607986722186 0
      vertex 21.5 -1.5 0
    endloop
  endfacet
  facet normal 0 0 -1
    outer loop
      vertex 23.766421636210495 9.560607986722186 0
      vertex 24.08985635694109 8.955504184431392 0
      vertex 21.5 -1.5 0
    endloop
  endfacet
  facet normal 0 0 -1
    outer loop
      vertex 24.08985635694109 8.955504184431392 0
      vertex 24.525126265847085 8.425126265847084 0
      vertex 21.5 -1.5 0
    endloop
  endfacet
  facet normal 0 0 -1
    outer loop
      vertex 24.525126265847085 8.425126265847084 0
      vertex 25.055504184431392 7.989856356941091 0
      vertex 21.5 -1.5 0
    endloop
  endfacet
  facet normal 0 0 -1
    outer loop
      vertex 25.055504184431392 7.989856356941091 0
      vertex 25.660607986722187 7.666421636210497 0
      vertex 21.5 -1.5 0
    endloop
  endfacet
  facet normal 0 0 -1
    outer loop
      vertex 25.660607986722187 7.666421636210497 0
      vertex 26.317183872943552 7.467251518588694 0
      vertex 21.5 -1.5 0
    endloop
  endfacet
  facet normal 0 0 -1
    outer loop
      vertex 26.317183872943552 7.467251518588694 0
      vertex 27 7.4 0
      vertex 21.5 -1.5 0
    endloop
  endfacet
  facet normal 0 0 -1
    outer loop
      vertex 27 7.4 0
      vertex 27.682816127056448 7.467251518588694 0
      vertex 21.5 -1.5 0
    endloop
  endfacet
  facet normal 0 0 -1
    outer loop
      vertex 27.682816127056448 7.467251518588694 0
      vertex 28.339392013277813 7.666421636210497 0
      vertex 21.5 -1.5 0
    endloop
  endfacet
  facet normal 0 0 -1
    outer loop
      vertex 28.944495815568608 7.989856356941091 0
      vertex 21.5 -1.5 0
      vertex 28.339392013277813 7.666421636210497 0
    endloop
  endfacet
  facet normal 0 0 -1
    outer loop
      vertex 36.25613709747984 9.674018399495962 0
      vertex 36.5 9.65 0
      vertex 21.5 -1.5 0
    endloop
  endfacet
  facet normal 0 0 -1
    outer loop
      vertex 36.5 9.65 0
      vertex 36.74386290252016 9.674018399495962 0
      vertex 21.5 -1.5 0
    endloop
  endfacet
  facet normal 0 0 -1
    outer loop
      vertex 28.944495815568608 7.989856356941091 0
      vertex 36.25613709747984 9.674018399495962 0
      vertex 21.5 -1.5 0
    endloop
  endfacet
  facet normal 0 0 -1
    outer loop
      vertex 36.74386290252016 9.674018399495962 0
      vertex 42.5 8.75 0
      vertex 21.5 -1.5 0
    endloop
  endfacet
  facet normal 0 0 -1
    outer loop
      vertex 42.5 8.75 0
      vertex 52.5 8.75 0
      vertex 21.5 -1.5 0
    endloop
  endfacet
  facet normal 0 0 -1
    outer loop
      vertex 52.5 8.75 0
      vertex 58.07685887838708 10.780361288064514 0
      vertex 8.6 -12 0
    endloop
  endfacet
  facet normal 0 0 -1
    outer loop
      vertex 58.07685887838708 10.780361288064514 0
      vertex 58 10 0
      vertex 8.6 -12 0
    endloop
  endfacet
  facet normal 0 0 -1
    outer loop
      vertex 58 10 0
      vertex 58.07685887838708 9.219638711935486 0
      vertex 8.6 -12 0
    endloop
  endfacet
  facet normal 0 0 -1
    outer loop
      vertex 58.07685887838708 9.219638711935486 0
      vertex 58.304481869954856 8.469266270539642 0
      vertex 8.6 -12 0
    endloop
  endfacet
  facet normal 0 0 -1
    outer loop
      vertex 26.317183872943552 14.332748481411308 0
      vertex 90 25 0
      vertex 27 14.4 0
    endloop
  endfacet
  facet normal 0 0 -1
    outer loop
      vertex 27 14.4 0
      vertex 90 25 0
      vertex 27.682816127056448 14.332748481411308 0
    endloop
  endfacet
  facet normal 0 0 -1
    outer loop
      vertex 27.682816127056448 14.332748481411308 0
      vertex 90 25 0
      vertex 28.339392013277813 14.133578363789503 0
    endloop
  endfacet
  facet normal 0 0 -1
    outer loop
      vertex 28.339392013277813 14.133578363789503 0
      vertex 90 25 0
      vertex 42.5 13.25 0
    endloop
  endfacet
  facet normal 0 0 -1
    outer loop
      vertex 42.5 13.25 0
      vertex 90 25 0
      vertex 52.5 13.25 0
    endloop
  endfacet
  facet normal 0 0 -1
    outer loop
      vertex 59.777719067921595 13.325878449210181 0
      vertex 52.5 13.25 0
      vertex 60.46926627053964 13.695518130045148 0
    endloop
  endfacet
  facet normal 0 0 -1
    outer loop
      vertex 60.46926627053964 13.695518130045148 0
      vertex 52.5 13.25 0
      vertex 61.21963871193549 13.923141121612922 0
    endloop
  endfacet
  facet normal 0 0 -1
    outer loop
      vertex 61.21963871193549 13.923141121612922 0
      vertex 52.5 13.25 0
      vertex 90 25 0
    endloop
  endfacet
  facet normal 0 0 -1
    outer loop
      vertex 61.21963871193549 13.923141121612922 0
      vertex 90 25 0
      vertex 62 14 0
    endloop
  endfacet
  facet normal 0 0 -1
    outer loop
      vertex 62 14 0
      vertex 90 25 0
      vertex 62.78036128806451 13.923141121612922 0
    endloop
  endfacet
  facet normal 0 0 -1
    outer loop
      vertex 62.78036128806451 13.923141121612922 0
      vertex 90 25 0
      vertex 63.53073372946036 13.695518130045148 0
    endloop
  endfacet
  facet normal 0 0 -1
    outer loop
      vertex 63.53073372946036 13.695518130045148 0
      vertex 90 25 0
      vertex 64.2222809320784 13.325878449210181 0
    endloop
  endfacet
  facet normal 0 0 -1
    outer loop
      vertex 64.2222809320784 13.325878449210181 0
      vertex 90 25 0
      vertex 64.82842712474618 12.82842712474619 0
    endloop
  endfacet
  facet normal 0 0 -1
    outer loop
      vertex 90 25 0
      vertex 65.32587844921018 12.222280932078409 0
      vertex 64.82842712474618 12.82842712474619 0
    endloop
  endfacet
  facet normal 0 0 -1
    outer loop
      vertex 90 25 0
      vertex 65.69551813004514 11.530733729460358 0
      vertex 65.32587844921018 12.222280932078409 0
    endloop
  endfacet
  facet normal 0 0 -1
    outer loop
      vertex 90 25 0
      vertex 65.92314112161293 10.780361288064514 0
      vertex 65.69551813004514 11.530733729460358 0
    endloop
  endfacet
  facet normal 0 0 -1
    outer loop
      vertex 90 25 0
      vertex 66 10 0
      vertex 65.92314112161293 10.780361288064514 0
    endloop
  endfacet
  facet normal 0 0 -1
    outer loop
      vertex 52.5 13.25 0
      vertex 58.07685887838708 10.780361288064514 0
      vertex 52.5 8.75 0
    endloop
  endfacet
  facet normal 0 0 -1
    outer loop
      vertex 59.777719067921595 13.325878449210181 0
      vertex 59.17157287525381 12.82842712474619 0
      vertex 52.5 13.25 0
    endloop
  endfacet
  facet normal 0 0 -1
    outer loop
      vertex 52.5 13.25 0
      vertex 59.17157287525381 12.82842712474619 0
      vertex 58.67412155078982 12.222280932078409 0
    endloop
  endfacet
  facet normal 0 0 -1
    outer loop
      vertex 52.5 13.25 0
      vertex 58.67412155078982 12.222280932078409 0
      vertex 58.304481869954856 11.530733729460358 0
    endloop
  endfacet
  facet normal 0 0 -1
    outer loop
      vertex 52.5 13.25 0
      vertex 58.304481869954856 11.530733729460358 0
      vertex 58.07685887838708 10.780361288064514 0
    endloop
  endfacet
  facet normal 0 0 -1
    outer loop
      vertex 90 25 0
      vertex 90 -22 0
      vertex 66 10 0
    endloop
  endfacet
  facet normal 0 0 -1
    outer loop
      vertex -8.6 -12 0
      vertex 4.5 -1.5 0
      vertex 8.6 -12 0
    endloop
  endfacet
  facet normal 0 0 -1
    outer loop
      vertex 4.5 -1.5 0
      vertex 21.5 -1.5 0
      vertex 8.6 -12 0
    endloop
  endfacet
  facet normal 0 0 -1
    outer loop
      vertex 52.5 8.75 0
      vertex 8.6 -12 0
      vertex 21.5 -1.5 0
    endloop
  endfacet
  facet normal 0 0 -1
    outer loop
      vertex 58.304481869954856 8.469266270539642 0
      vertex 58.67412155078982 7.777719067921591 0
      vertex 8.6 -12 0
    endloop
  endfacet
  facet normal 0 0 -1
    outer loop
      vertex 58.67412155078982 7.777719067921591 0
      vertex 59.17157287525381 7.17157287525381 0
      vertex 8.6 -12 0
    endloop
  endfacet
  facet normal 0 0 -1
    outer loop
      vertex 59.17157287525381 7.17157287525381 0
      vertex 59.777719067921595 6.674121550789819 0
      vertex 8.6 -12 0
    endloop
  endfacet
  facet normal 0 0 -1
    outer loop
      vertex 59.777719067921595 6.674121550789819 0
      vertex 60.46926627053964 6.304481869954853 0
      vertex 8.6 -12 0
    endloop
  endfacet
  facet normal 0 0 -1
    outer loop
      vertex 60.46926627053964 6.304481869954853 0
      vertex 61.21963871193549 6.076858878387078 0
      vertex 8.6 -12 0
    endloop
  endfacet
  facet normal 0 0 -1
    outer loop
      vertex -90 -22 0
      vertex 8.6 -20 0
      vertex 90 -22 0
    endloop
  endfacet
  facet normal 0 0 -1
    outer loop
      vertex 8.6 -12 0
      vertex 90 -22 0
      vertex 8.6 -20 0
    endloop
  endfacet
  facet normal 1 0 0
    outer loop
      vertex 90 25 0
      vertex 90 -22 20.5
      vertex 90 -22 0
    endloop
  endfacet
  facet normal 0 0 -1
    outer loop
      vertex 61.21963871193549 6.076858878387078 0
      vertex 90 -22 0
      vertex 8.6 -12 0
    endloop
  endfacet
  facet normal 0 0 -1
    outer loop
      vertex 66 10 0
      vertex 90 -22 0
      vertex 65.92314112161293 9.219638711935486 0
    endloop
  endfacet
  facet normal 0 0 -1
    outer loop
      vertex 65.92314112161293 9.219638711935486 0
      vertex 90 -22 0
      vertex 65.69551813004514 8.469266270539642 0
    endloop
  endfacet
  facet normal 0 0 -1
    outer loop
      vertex 64.2222809320784 6.674121550789819 0
      vertex 64.82842712474618 7.17157287525381 0
      vertex 90 -22 0
    endloop
  endfacet
  facet normal 0 0 -1
    outer loop
      vertex 61.21963871193549 6.076858878387078 0
      vertex 62 6 0
      vertex 90 -22 0
    endloop
  endfacet
  facet normal 0 0 -1
    outer loop
      vertex 62 6 0
      vertex 62.78036128806451 6.076858878387078 0
      vertex 90 -22 0
    endloop
  endfacet
  facet normal 0 0 -1
    outer loop
      vertex 62.78036128806451 6.076858878387078 0
      vertex 63.53073372946036 6.304481869954853 0
      vertex 90 -22 0
    endloop
  endfacet
  facet normal 0 0 -1
    outer loop
      vertex 64.2222809320784 6.674121550789819 0
      vertex 90 -22 0
      vertex 63.53073372946036 6.304481869954853 0
    endloop
  endfacet
  facet normal 0 0 -1
    outer loop
      vertex 65.69551813004514 8.469266270539642 0
      vertex 90 -22 0
      vertex 65.32587844921018 7.777719067921591 0
    endloop
  endfacet
  facet normal 0 0 -1
    outer loop
      vertex 65.32587844921018 7.777719067921591 0
      vertex 90 -22 0
      vertex 64.82842712474618 7.17157287525381 0
    endloop
  endfacet
  facet normal 0 -1 0
    outer loop
      vertex -87.5 -22 13.5
      vertex -87.5 -22 20.5
      vertex -90 -22 20.5
    endloop
  endfacet
  facet normal 0 -1 0
    outer loop
      vertex -87.5 -22 13.5
      vertex -90 -22 20.5
      vertex -87.5 -22 2.5
    endloop
  endfacet
  facet normal 0 -1 0
    outer loop
      vertex -87.5 -22 2.5
      vertex -90 -22 20.5
      vertex -90 -22 0
    endloop
  endfacet
  facet normal 0 -1 0
    outer loop
      vertex -87.5 -22 2.5
      vertex 90 -22 0
      vertex -76.5 -22 2.5
    endloop
  endfacet
  facet normal 0 -1 0
    outer loop
      vertex -87.5 -22 2.5
      vertex -90 -22 0
      vertex 90 -22 0
    endloop
  endfacet
  facet normal 0 -1 0
    outer loop
      vertex 90 -22 0
      vertex 90 -22 20.5
      vertex 87.5 -22 20.5
    endloop
  endfacet
  facet normal 0 -1 0
    outer loop
      vertex 87.5 -22 13.5
      vertex 90 -22 0
      vertex 87.5 -22 20.5
    endloop
  endfacet
  facet normal 0 -1 0
    outer loop
      vertex -76.5 -22 2.5
      vertex 90 -22 0
      vertex 76.5 -22 2.5
    endloop
  endfacet
  facet normal 0 -1 0
    outer loop
      vertex 87.5 -22 13.5
      vertex 87.5 -22 2.5
      vertex 90 -22 0
    endloop
  endfacet
  facet normal 0 -1 0
    outer loop
      vertex 76.5 -22 2.5
      vertex 90 -22 0
      vertex 87.5 -22 2.5
    endloop
  endfacet
  facet normal 0 -1 0
    outer loop
      vertex -71.97545161008064 22.5 11.403926402016154
      vertex -71 22.5 11.5
      vertex -87.5 22.5 20.5
    endloop
  endfacet
  facet normal 0 -1 0
    outer loop
      vertex -71 22.5 11.5
      vertex -70.02454838991936 22.5 11.403926402016154
      vertex -87.5 22.5 20.5
    endloop
  endfacet
  facet normal 0 -1 0
    outer loop
      vertex -72.91341716182545 22.5 11.119397662556437
      vertex -71.97545161008064 22.5 11.403926402016154
      vertex -87.5 22.5 20.5
    endloop
  endfacet
  facet normal 0 -1 0
    outer loop
      vertex -73.77785116509801 22.5 10.657348061512728
      vertex -72.91341716182545 22.5 11.119397662556437
      vertex -87.5 22.5 20.5
    endloop
  endfacet
  facet normal 0 -1 0
    outer loop
      vertex -87.5 22.5 2.5
      vertex -73.77785116509801 22.5 10.657348061512728
      vertex -87.5 22.5 20.5
    endloop
  endfacet
  facet normal 1 0 0
    outer loop
      vertex -87.5 22.5 2.5
      vertex -87.5 22.5 20.5
      vertex -87.5 -22 20.5
    endloop
  endfacet
  facet normal 0 -1 0
    outer loop
      vertex -70.02454838991936 22.5 11.403926402016154
      vertex 70.02454838991936 22.5 11.403926402016154
      vertex -87.5 22.5 20.5
    endloop
  endfacet
  facet normal 0 -1 0
    outer loop
      vertex -70.02454838991936 22.5 11.403926402016154
      vertex -69.08658283817455 22.5 11.119397662556437
      vertex 69.08658283817455 22.5 11.119397662556437
    endloop
  endfacet
  facet normal 0 -1 0
    outer loop
      vertex -69.08658283817455 22.5 11.119397662556437
      vertex -68.22214883490199 22.5 10.657348061512728
      vertex 68.22214883490199 22.5 10.657348061512728
    endloop
  endfacet
  facet normal 0 -1 0
    outer loop
      vertex -87.5 22.5 2.5
      vertex -74.53553390593274 22.5 10.035533905932738
      vertex -73.77785116509801 22.5 10.657348061512728
    endloop
  endfacet
  facet normal 0 -1 0
    outer loop
      vertex -87.5 22.5 2.5
      vertex -75.15734806151272 22.5 9.277851165098014
      vertex -74.53553390593274 22.5 10.035533905932738
    endloop
  endfacet
  facet normal 0 -1 0
    outer loop
      vertex -87.5 22.5 2.5
      vertex -75.61939766255644 22.5 8.41341716182545
      vertex -75.15734806151272 22.5 9.277851165098014
    endloop
  endfacet
  facet normal 0 -1 0
    outer loop
      vertex -87.5 22.5 2.5
      vertex -75.90392640201615 22.5 7.47545161008064
      vertex -75.61939766255644 22.5 8.41341716182545
    endloop
  endfacet
  facet normal 0 -1 0
    outer loop
      vertex -87.5 22.5 2.5
      vertex -76 22.5 6.5
      vertex -75.90392640201615 22.5 7.47545161008064
    endloop
  endfacet
  facet normal 0 -1 0
    outer loop
      vertex -71.23410838641935 22.5 7.676942336483876
      vertex -72.17694233648388 22.5 6.734108386419351
      vertex -71 22.5 7.700000000000003
    endloop
  endfacet
  facet normal 0 -1 0
    outer loop
      vertex -71 22.5 7.700000000000003
      vertex -72.17694233648388 22.5 6.734108386419351
      vertex -70.76589161358065 22.5 7.676942336483876
    endloop
  endfacet
  facet normal 0 -1 0
    outer loop
      vertex -71.66668427962352 22.5 7.4977635347630525
      vertex -72.17694233648388 22.5 6.734108386419351
      vertex -71.4592201188381 22.5 7.608655439013546
    endloop
  endfacet
  facet normal 0 -1 0
    outer loop
      vertex -71.84852813742386 22.5 7.348528137423855
      vertex -72.17694233648388 22.5 6.734108386419351
      vertex -71.66668427962352 22.5 7.4977635347630525
    endloop
  endfacet
  facet normal 0 -1 0
    outer loop
      vertex -71.84852813742386 22.5 7.348528137423855
      vertex -71.99776353476305 22.5 7.166684279623524
      vertex -72.17694233648388 22.5 6.734108386419351
    endloop
  endfacet
  facet normal 0 -1 0
    outer loop
      vertex -71.23410838641935 22.5 7.676942336483876
      vertex -71.4592201188381 22.5 7.608655439013546
      vertex -72.17694233648388 22.5 6.734108386419351
    endloop
  endfacet
  facet normal 0 -1 0
    outer loop
      vertex -70.76589161358065 22.5 7.676942336483876
      vertex -72.17694233648388 22.5 6.734108386419351
      vertex -70.5407798811619 22.5 7.608655439013546
    endloop
  endfacet
  facet normal 0 -1 0
    outer loop
      vertex -70.5407798811619 22.5 7.608655439013546
      vertex -72.17694233648388 22.5 6.734108386419351
      vertex -70.33331572037648 22.5 7.4977635347630525
    endloop
  endfacet
  facet normal 0 -1 0
    outer loop
      vertex -70.33331572037648 22.5 7.4977635347630525
      vertex -72.17694233648388 22.5 6.734108386419351
      vertex -70.15147186257614 22.5 7.348528137423855
    endloop
  endfacet
  facet normal 0 -1 0
    outer loop
      vertex -70.15147186257614 22.5 7.348528137423855
      vertex -72.17694233648388 22.5 6.734108386419351
      vertex -70.00223646523695 22.5 7.166684279623524
    endloop
  endfacet
  facet normal 0 -1 0
    outer loop
      vertex -72.10865543901355 22.5 6.959220118838111
      vertex -72.17694233648388 22.5 6.734108386419351
      vertex -71.99776353476305 22.5 7.166684279623524
    endloop
  endfacet
  facet normal 0 -1 0
    outer loop
      vertex -72.17694233648388 22.5 6.734108386419351
      vertex -69.89134456098645 22.5 6.959220118838111
      vertex -70.00223646523695 22.5 7.166684279623524
    endloop
  endfacet
  facet normal 0 -1 0
    outer loop
      vertex -72.17694233648388 22.5 6.734108386419351
      vertex -69.82305766351612 22.5 6.734108386419351
      vertex -69.89134456098645 22.5 6.959220118838111
    endloop
  endfacet
  facet normal 0 -1 0
    outer loop
      vertex -72.17694233648388 22.5 6.734108386419351
      vertex -69.8 22.5 6.5
      vertex -69.82305766351612 22.5 6.734108386419351
    endloop
  endfacet
  facet normal 0 -1 0
    outer loop
      vertex -72.17694233648388 22.5 6.734108386419351
      vertex -72.2 22.5 6.5
      vertex -69.82305766351612 22.5 6.265891613580649
    endloop
  endfacet
  facet normal 0 -1 0
    outer loop
      vertex -72.17694233648388 22.5 6.734108386419351
      vertex -69.82305766351612 22.5 6.265891613580649
      vertex -69.8 22.5 6.5
    endloop
  endfacet
  facet normal 0 -1 0
    outer loop
      vertex -72.2 22.5 6.5
      vertex -72.17694233648388 22.5 6.265891613580649
      vertex -69.82305766351612 22.5 6.265891613580649
    endloop
  endfacet
  facet normal 0 -1 0
    outer loop
      vertex -72.17694233648388 22.5 6.265891613580649
      vertex -69.89134456098645 22.5 6.040779881161889
      vertex -69.82305766351612 22.5 6.265891613580649
    endloop
  endfacet
  facet normal 0 -1 0
    outer loop
      vertex -72.17694233648388 22.5 6.265891613580649
      vertex -72.10865543901355 22.5 6.040779881161889
      vertex -71.23410838641935 22.5 5.323057663516124
    endloop
  endfacet
  facet normal 0 -1 0
    outer loop
      vertex -72.17694233648388 22.5 6.265891613580649
      vertex -70.00223646523695 22.5 5.833315720376476
      vertex -69.89134456098645 22.5 6.040779881161889
    endloop
  endfacet
  facet normal 0 -1 0
    outer loop
      vertex -72.17694233648388 22.5 6.265891613580649
      vertex -70.15147186257614 22.5 5.651471862576145
      vertex -70.00223646523695 22.5 5.833315720376476
    endloop
  endfacet
  facet normal 0 -1 0
    outer loop
      vertex -72.17694233648388 22.5 6.265891613580649
      vertex -70.33331572037648 22.5 5.5022364652369475
      vertex -70.15147186257614 22.5 5.651471862576145
    endloop
  endfacet
  facet normal 0 -1 0
    outer loop
      vertex -72.10865543901355 22.5 6.040779881161889
      vertex -71.99776353476305 22.5 5.833315720376476
      vertex -71.23410838641935 22.5 5.323057663516124
    endloop
  endfacet
  facet normal 0 -1 0
    outer loop
      vertex -72.17694233648388 22.5 6.265891613580649
      vertex -70.5407798811619 22.5 5.391344560986454
      vertex -70.33331572037648 22.5 5.5022364652369475
    endloop
  endfacet
  facet normal 0 -1 0
    outer loop
      vertex -72.17694233648388 22.5 6.265891613580649
      vertex -71.23410838641935 22.5 5.323057663516124
      vertex -71 22.5 5.299999999999997
    endloop
  endfacet
  facet normal 0 -1 0
    outer loop
      vertex -72.17694233648388 22.5 6.265891613580649
      vertex -70.76589161358065 22.5 5.323057663516124
      vertex -70.5407798811619 22.5 5.391344560986454
    endloop
  endfacet
  facet normal 0 -1 0
    outer loop
      vertex -72.17694233648388 22.5 6.265891613580649
      vertex -71 22.5 5.299999999999997
      vertex -70.76589161358065 22.5 5.323057663516124
    endloop
  endfacet
  facet normal 0 -1 0
    outer loop
      vertex -71.99776353476305 22.5 5.833315720376476
      vertex -71.84852813742386 22.5 5.651471862576145
      vertex -71.23410838641935 22.5 5.323057663516124
    endloop
  endfacet
  facet normal 0 -1 0
    outer loop
      vertex -71.84852813742386 22.5 5.651471862576145
      vertex -71.66668427962352 22.5 5.5022364652369475
      vertex -71.23410838641935 22.5 5.323057663516124
    endloop
  endfacet
  facet normal 0 -1 0
    outer loop
      vertex -71.66668427962352 22.5 5.5022364652369475
      vertex -71.4592201188381 22.5 5.391344560986454
      vertex -71.23410838641935 22.5 5.323057663516124
    endloop
  endfacet
  facet normal 0 -1 0
    outer loop
      vertex -87.5 22.5 2.5
      vertex -75.90392640201615 22.5 5.52454838991936
      vertex -76 22.5 6.5
    endloop
  endfacet
  facet normal 0 -1 0
    outer loop
      vertex -87.5 22.5 2.5
      vertex -75.61939766255644 22.5 4.58658283817455
      vertex -75.90392640201615 22.5 5.52454838991936
    endloop
  endfacet
  facet normal 0 -1 0
    outer loop
      vertex -87.5 22.5 2.5
      vertex -75.15734806151272 22.5 3.7221488349019864
      vertex -75.61939766255644 22.5 4.58658283817455
    endloop
  endfacet
  facet normal 0 -1 0
    outer loop
      vertex -87.5 22.5 2.5
      vertex -74.53553390593274 22.5 2.9644660940672622
      vertex -75.15734806151272 22.5 3.7221488349019864
    endloop
  endfacet
  facet normal 0 -1 0
    outer loop
      vertex -87.5 22.5 2.5
      vertex -73.9695803327957 22.5 2.5
      vertex -74.53553390593274 22.5 2.9644660940672622
    endloop
  endfacet
  facet normal 0 0 1
    outer loop
      vertex -68.0304196672043 22.5 2.5
      vertex -68.0304196672043 14.5 2.5
      vertex -49.5 14.7 2.5
    endloop
  endfacet
  facet normal 0 0 1
    outer loop
      vertex -68.0304196672043 14.5 2.5
      vertex -66.75 13.45 2.5
      vertex -51.25 13.45 2.5
    endloop
  endfacet
  facet normal 0 0 1
    outer loop
      vertex -68.0304196672043 14.5 2.5
      vertex -51.25 13.45 2.5
      vertex -49.5 14.7 2.5
    endloop
  endfacet
  facet normal 0 0 1
    outer loop
      vertex -68.0304196672043 22.5 2.5
      vertex -49.5 14.7 2.5
      vertex -32.5 14.7 2.5
    endloop
  endfacet
  facet normal 0 0 1
    outer loop
      vertex -87.5 22.5 2.5
      vertex -87.5 -14 2.5
      vertex -73.9695803327957 22.5 2.5
    endloop
  endfacet
  facet normal 0 0 1
    outer loop
      vertex -73.9695803327957 22.5 2.5
      vertex -87.5 -14 2.5
      vertex -73.9695803327957 14.5 2.5
    endloop
  endfacet
  facet normal 0 0 1
    outer loop
      vertex -73.9695803327957 14.5 2.5
      vertex -87.5 -14 2.5
      vertex -68.0304196672043 14.5 2.5
    endloop
  endfacet
  facet normal 0 0 1
    outer loop
      vertex -68.0304196672043 14.5 2.5
      vertex -87.5 -14 2.5
      vertex -66.75 13.45 2.5
    endloop
  endfacet
  facet normal 0 0 1
    outer loop
      vertex -51.25 13.45 2.5
      vertex -51.25 -4.050000000000001 2.5
      vertex -49.5 14.7 2.5
    endloop
  endfacet
  facet normal 0 0 1
    outer loop
      vertex -49.5 14.7 2.5
      vertex -51.25 -4.050000000000001 2.5
      vertex -49.5 -6.074285714285715 2.5
    endloop
  endfacet
  facet normal 0 -1 0
    outer loop
      vertex -68.22214883490199 22.5 10.657348061512728
      vertex -67.46446609406726 22.5 10.035533905932738
      vertex 67.46446609406726 22.5 10.035533905932738
    endloop
  endfacet
  facet normal 0 -1 0
    outer loop
      vertex -67.46446609406726 22.5 10.035533905932738
      vertex -66.84265193848728 22.5 9.277851165098014
      vertex 66.84265193848728 22.5 9.277851165098014
    endloop
  endfacet
  facet normal 0 -1 0
    outer loop
      vertex -66.84265193848728 22.5 9.277851165098014
      vertex -66.38060233744356 22.5 8.41341716182545
      vertex 66.84265193848728 22.5 9.277851165098014
    endloop
  endfacet
  facet normal 0 -1 0
    outer loop
      vertex -66.38060233744356 22.5 8.41341716182545
      vertex -66.09607359798385 22.5 7.47545161008064
      vertex 66.38060233744356 22.5 8.41341716182545
    endloop
  endfacet
  facet normal 0 -1 0
    outer loop
      vertex -66.09607359798385 22.5 7.47545161008064
      vertex -66 22.5 6.5
      vertex 66.09607359798385 22.5 7.47545161008064
    endloop
  endfacet
  facet normal 0 -1 0
    outer loop
      vertex -66.09607359798385 22.5 5.52454838991936
      vertex 66.09607359798385 22.5 5.52454838991936
      vertex -66 22.5 6.5
    endloop
  endfacet
  facet normal 0 0 1
    outer loop
      vertex -68.0304196672043 22.5 2.5
      vertex -32.5 14.7 2.5
      vertex 27 14.4 2.5
    endloop
  endfacet
  facet normal 0 0 1
    outer loop
      vertex -32.5 14.7 2.5
      vertex -27 13.25 2.5
      vertex -21 13.25 2.5
    endloop
  endfacet
  facet normal 0 0 1
    outer loop
      vertex -32.5 14.7 2.5
      vertex -21 13.25 2.5
      vertex -15.5 13.5 2.5
    endloop
  endfacet
  facet normal 0 -1 0
    outer loop
      vertex -66.09607359798385 22.5 5.52454838991936
      vertex -66.38060233744356 22.5 4.58658283817455
      vertex 66.38060233744356 22.5 4.58658283817455
    endloop
  endfacet
  facet normal 0 -1 0
    outer loop
      vertex -66.38060233744356 22.5 4.58658283817455
      vertex -66.84265193848728 22.5 3.7221488349019864
      vertex 66.84265193848728 22.5 3.7221488349019864
    endloop
  endfacet
  facet normal 0 -1 0
    outer loop
      vertex -66.84265193848728 22.5 3.7221488349019864
      vertex -67.46446609406726 22.5 2.9644660940672622
      vertex 67.46446609406726 22.5 2.9644660940672622
    endloop
  endfacet
  facet normal 0 -1 0
    outer loop
      vertex -68.0304196672043 22.5 2.5
      vertex 68.0304196672043 22.5 2.5
      vertex -67.46446609406726 22.5 2.9644660940672622
    endloop
  endfacet
  facet normal 0 0 1
    outer loop
      vertex -32.5 14.7 2.5
      vertex -15.5 13.5 2.5
      vertex 1.5 13.5 2.5
    endloop
  endfacet
  facet normal 0 0 1
    outer loop
      vertex -32.5 14.7 2.5
      vertex 1.5 13.5 2.5
      vertex 4.5 13.5 2.5
    endloop
  endfacet
  facet normal 0 0 1
    outer loop
      vertex -32.5 14.7 2.5
      vertex 4.5 13.5 2.5
      vertex 21.5 13.5 2.5
    endloop
  endfacet
  facet normal 0 0 1
    outer loop
      vertex -32.5 14.7 2.5
      vertex -32.5 -17.3 2.5
      vertex -27 13.25 2.5
    endloop
  endfacet
  facet normal 0 0 1
    outer loop
      vertex -15.5 13.5 2.5
      vertex -21 13.25 2.5
      vertex -21 -5.25 2.5
    endloop
  endfacet
  facet normal 0 0 1
    outer loop
      vertex -15.5 13.5 2.5
      vertex -21 -5.25 2.5
      vertex -15.5 -1.5 2.5
    endloop
  endfacet
  facet normal 1 0 0
    outer loop
      vertex -87.5 22.5 2.5
      vertex -87.5 -22 20.5
      vertex -87.5 -14 13.5
    endloop
  endfacet
  facet normal 1 0 0
    outer loop
      vertex -87.5 -14 13.5
      vertex -87.5 -22 20.5
      vertex -87.5 -22 13.5
    endloop
  endfacet
  facet normal 1 0 0
    outer loop
      vertex -87.5 22.5 2.5
      vertex -87.5 -14 13.5
      vertex -87.5 -14 2.5
    endloop
  endfacet
  facet normal 0 0 1
    outer loop
      vertex -66.75 13.45 2.5
      vertex -87.5 -14 2.5
      vertex -66.75 -4.050000000000001 2.5
    endloop
  endfacet
  facet normal 0 0 1
    outer loop
      vertex -66.75 -4.050000000000001 2.5
      vertex -87.5 -14 2.5
      vertex -49.5 -6.074285714285715 2.5
    endloop
  endfacet
  facet normal 0 0 1
    outer loop
      vertex -66.75 -4.050000000000001 2.5
      vertex -49.5 -6.074285714285715 2.5
      vertex -51.25 -4.050000000000001 2.5
    endloop
  endfacet
  facet normal 0 0 1
    outer loop
      vertex -49.5 -6.074285714285715 2.5
      vertex -87.5 -14 2.5
      vertex -76.5 -14 2.5
    endloop
  endfacet
  facet normal 0 0 1
    outer loop
      vertex -49.5 -6.074285714285715 2.5
      vertex -76.5 -14 2.5
      vertex -76.5 -22 2.5
    endloop
  endfacet
  facet normal 0 0 1
    outer loop
      vertex -49.5 -6.074285714285715 2.5
      vertex -76.5 -22 2.5
      vertex -49.5 -17.3 2.5
    endloop
  endfacet
  facet normal 0 0 1
    outer loop
      vertex -76.5 -22 2.5
      vertex -32.5 -17.3 2.5
      vertex -49.5 -17.3 2.5
    endloop
  endfacet
  facet normal 0 0 1
    outer loop
      vertex -27 13.25 2.5
      vertex -32.5 -17.3 2.5
      vertex -27 -5.25 2.5
    endloop
  endfacet
  facet normal 0 0 1
    outer loop
      vertex -15.5 -1.5 2.5
      vertex -21 -5.25 2.5
      vertex -8.6 -12 2.5
    endloop
  endfacet
  facet normal 0 0 1
    outer loop
      vertex -27 -5.25 2.5
      vertex -8.6 -12 2.5
      vertex -21 -5.25 2.5
    endloop
  endfacet
  facet normal 0 0 1
    outer loop
      vertex -15.5 -1.5 2.5
      vertex 8.6 -12 2.5
      vertex 1.5 -1.5 2.5
    endloop
  endfacet
  facet normal 0 0 1
    outer loop
      vertex -15.5 -1.5 2.5
      vertex -8.6 -12 2.5
      vertex 8.6 -12 2.5
    endloop
  endfacet
  facet normal 0 0 1
    outer loop
      vertex -27 -5.25 2.5
      vertex -32.5 -17.3 2.5
      vertex -8.6 -12 2.5
    endloop
  endfacet
  facet normal 0 0 1
    outer loop
      vertex -76.5 -22 2.5
      vertex -8.6 -20 2.5
      vertex -32.5 -17.3 2.5
    endloop
  endfacet
  facet normal 0 0 1
    outer loop
      vertex -76.5 -22 2.5
      vertex 8.6 -20 2.5
      vertex -8.6 -20 2.5
    endloop
  endfacet
  facet normal 0 0 1
    outer loop
      vertex -32.5 -17.3 2.5
      vertex -8.6 -20 2.5
      vertex -8.6 -12 2.5
    endloop
  endfacet
  facet normal 0 -1 0
    outer loop
      vertex 71 22.5 11.5
      vertex 87.5 22.5 20.5
      vertex -87.5 22.5 20.5
    endloop
  endfacet
  facet normal 0 -1 0
    outer loop
      vertex 70.02454838991936 22.5 11.403926402016154
      vertex 71 22.5 11.5
      vertex -87.5 22.5 20.5
    endloop
  endfacet
  facet normal 0 -1 0
    outer loop
      vertex -68.22214883490199 22.5 10.657348061512728
      vertex 67.46446609406726 22.5 10.035533905932738
      vertex 68.22214883490199 22.5 10.657348061512728
    endloop
  endfacet
  facet normal 0 -1 0
    outer loop
      vertex -70.02454838991936 22.5 11.403926402016154
      vertex 69.08658283817455 22.5 11.119397662556437
      vertex 70.02454838991936 22.5 11.403926402016154
    endloop
  endfacet
  facet normal 0 -1 0
    outer loop
      vertex -69.08658283817455 22.5 11.119397662556437
      vertex 68.22214883490199 22.5 10.657348061512728
      vertex 69.08658283817455 22.5 11.119397662556437
    endloop
  endfacet
  facet normal 0 -1 0
    outer loop
      vertex 71 22.5 11.5
      vertex 71.97545161008064 22.5 11.403926402016154
      vertex 87.5 22.5 20.5
    endloop
  endfacet
  facet normal 0 -1 0
    outer loop
      vertex 71.97545161008064 22.5 11.403926402016154
      vertex 72.91341716182545 22.5 11.119397662556437
      vertex 87.5 22.5 20.5
    endloop
  endfacet
  facet normal 0 -1 0
    outer loop
      vertex 72.91341716182545 22.5 11.119397662556437
      vertex 73.77785116509801 22.5 10.657348061512728
      vertex 87.5 22.5 20.5
    endloop
  endfacet
  facet normal 0 -1 0
    outer loop
      vertex 73.77785116509801 22.5 10.657348061512728
      vertex 87.5 22.5 2.5
      vertex 87.5 22.5 20.5
    endloop
  endfacet
  facet normal -1 0 0
    outer loop
      vertex 87.5 22.5 2.5
      vertex 87.5 -14 13.5
      vertex 87.5 22.5 20.5
    endloop
  endfacet
  facet normal 0 -1 0
    outer loop
      vertex -67.46446609406726 22.5 10.035533905932738
      vertex 66.84265193848728 22.5 9.277851165098014
      vertex 67.46446609406726 22.5 10.035533905932738
    endloop
  endfacet
  facet normal 0 -1 0
    outer loop
      vertex -66.38060233744356 22.5 8.41341716182545
      vertex 66.38060233744356 22.5 8.41341716182545
      vertex 66.84265193848728 22.5 9.277851165098014
    endloop
  endfacet
  facet normal 0 -1 0
    outer loop
      vertex -66.09607359798385 22.5 7.47545161008064
      vertex 66.09607359798385 22.5 7.47545161008064
      vertex 66.38060233744356 22.5 8.41341716182545
    endloop
  endfacet
  facet normal 0 -1 0
    outer loop
      vertex -66 22.5 6.5
      vertex 66 22.5 6.5
      vertex 66.09607359798385 22.5 7.47545161008064
    endloop
  endfacet
  facet normal 0 -1 0
    outer loop
      vertex -66 22.5 6.5
      vertex 66.09607359798385 22.5 5.52454838991936
      vertex 66 22.5 6.5
    endloop
  endfacet
  facet normal 0 -1 0
    outer loop
      vertex -66.09607359798385 22.5 5.52454838991936
      vertex 66.38060233744356 22.5 4.58658283817455
      vertex 66.09607359798385 22.5 5.52454838991936
    endloop
  endfacet
  facet normal 0 -1 0
    outer loop
      vertex -66.38060233744356 22.5 4.58658283817455
      vertex 66.84265193848728 22.5 3.7221488349019864
      vertex 66.38060233744356 22.5 4.58658283817455
    endloop
  endfacet
  facet normal 0 -1 0
    outer loop
      vertex -66.84265193848728 22.5 3.7221488349019864
      vertex 67.46446609406726 22.5 2.9644660940672622
      vertex 66.84265193848728 22.5 3.7221488349019864
    endloop
  endfacet
  facet normal 0 0 1
    outer loop
      vertex -68.0304196672043 22.5 2.5
      vertex 27 14.4 2.5
      vertex 68.0304196672043 22.5 2.5
    endloop
  endfacet
  facet normal 0 0 1
    outer loop
      vertex -32.5 14.7 2.5
      vertex 21.5 13.5 2.5
      vertex 26.317183872943552 14.332748481411308 2.5
    endloop
  endfacet
  facet normal 0 0 1
    outer loop
      vertex -32.5 14.7 2.5
      vertex 26.317183872943552 14.332748481411308 2.5
      vertex 27 14.4 2.5
    endloop
  endfacet
  facet normal 0 -1 0
    outer loop
      vertex -67.46446609406726 22.5 2.9644660940672622
      vertex 68.0304196672043 22.5 2.5
      vertex 67.46446609406726 22.5 2.9644660940672622
    endloop
  endfacet
  facet normal 0 0 1
    outer loop
      vertex 21.5 13.5 2.5
      vertex 25.660607986722187 14.133578363789503 2.5
      vertex 26.317183872943552 14.332748481411308 2.5
    endloop
  endfacet
  facet normal 0 0 1
    outer loop
      vertex 21.5 13.5 2.5
      vertex 24.525126265847085 13.374873734152917 2.5
      vertex 25.055504184431392 13.81014364305891 2.5
    endloop
  endfacet
  facet normal 0 0 1
    outer loop
      vertex 21.5 13.5 2.5
      vertex 25.055504184431392 13.81014364305891 2.5
      vertex 25.660607986722187 14.133578363789503 2.5
    endloop
  endfacet
  facet normal 0 0 1
    outer loop
      vertex 27.682816127056448 14.332748481411308 2.5
      vertex 28.339392013277813 14.133578363789503 2.5
      vertex 42.5 13.25 2.5
    endloop
  endfacet
  facet normal 0 0 1
    outer loop
      vertex 28.339392013277813 14.133578363789503 2.5
      vertex 28.944495815568608 13.81014364305891 2.5
      vertex 42.5 13.25 2.5
    endloop
  endfacet
  facet normal 0 0 1
    outer loop
      vertex 27 14.4 2.5
      vertex 27.682816127056448 14.332748481411308 2.5
      vertex 68.0304196672043 22.5 2.5
    endloop
  endfacet
  facet normal 0 0 1
    outer loop
      vertex 1.5 13.5 2.5
      vertex 1.5 -1.5 2.5
      vertex 4.5 13.5 2.5
    endloop
  endfacet
  facet normal 0 0 1
    outer loop
      vertex 21.5 13.5 2.5
      vertex 21.5 -1.5 2.5
      vertex 23.5 10.9 2.5
    endloop
  endfacet
  facet normal 0 0 1
    outer loop
      vertex 4.5 13.5 2.5
      vertex 1.5 -1.5 2.5
      vertex 4.5 -1.5 2.5
    endloop
  endfacet
  facet normal 0 0 1
    outer loop
      vertex 21.5 13.5 2.5
      vertex 24.08985635694109 12.844495815568608 2.5
      vertex 24.525126265847085 13.374873734152917 2.5
    endloop
  endfacet
  facet normal 0 0 1
    outer loop
      vertex 21.5 13.5 2.5
      vertex 23.766421636210495 12.239392013277815 2.5
      vertex 24.08985635694109 12.844495815568608 2.5
    endloop
  endfacet
  facet normal 0 0 1
    outer loop
      vertex 21.5 13.5 2.5
      vertex 23.567251518588694 11.58281612705645 2.5
      vertex 23.766421636210495 12.239392013277815 2.5
    endloop
  endfacet
  facet normal 0 0 1
    outer loop
      vertex 21.5 13.5 2.5
      vertex 23.5 10.9 2.5
      vertex 23.567251518588694 11.58281612705645 2.5
    endloop
  endfacet
  facet normal 0 0 1
    outer loop
      vertex 28.944495815568608 13.81014364305891 2.5
      vertex 29.474873734152915 13.374873734152917 2.5
      vertex 36.25613709747984 12.125981600504039 2.5
    endloop
  endfacet
  facet normal 0 0 1
    outer loop
      vertex 29.474873734152915 13.374873734152917 2.5
      vertex 29.91014364305891 12.844495815568608 2.5
      vertex 35.8055372087255 11.939337015378182 2.5
    endloop
  endfacet
  facet normal 0 0 1
    outer loop
      vertex 29.91014364305891 12.844495815568608 2.5
      vertex 30.233578363789505 12.239392013277815 2.5
      vertex 35.616116523516816 11.783883476483185 2.5
    endloop
  endfacet
  facet normal 0 0 1
    outer loop
      vertex 30.233578363789505 12.239392013277815 2.5
      vertex 30.432748481411306 11.58281612705645 2.5
      vertex 35.616116523516816 11.783883476483185 2.5
    endloop
  endfacet
  facet normal 0 0 1
    outer loop
      vertex 30.432748481411306 11.58281612705645 2.5
      vertex 30.5 10.9 2.5
      vertex 35.616116523516816 11.783883476483185 2.5
    endloop
  endfacet
  facet normal 0 0 1
    outer loop
      vertex 30.432748481411306 10.21718387294355 2.5
      vertex 35.345150584360894 11.378354290456363 2.5
      vertex 35.46066298462182 11.594462791274504 2.5
    endloop
  endfacet
  facet normal 0 0 1
    outer loop
      vertex 30.5 10.9 2.5
      vertex 30.432748481411306 10.21718387294355 2.5
      vertex 35.616116523516816 11.783883476483185 2.5
    endloop
  endfacet
  facet normal 0 0 1
    outer loop
      vertex 30.432748481411306 10.21718387294355 2.5
      vertex 35.274018399495965 11.14386290252016 2.5
      vertex 35.345150584360894 11.378354290456363 2.5
    endloop
  endfacet
  facet normal 0 0 1
    outer loop
      vertex 30.432748481411306 10.21718387294355 2.5
      vertex 35.25 10.9 2.5
      vertex 35.274018399495965 11.14386290252016 2.5
    endloop
  endfacet
  facet normal 0 0 1
    outer loop
      vertex 30.233578363789505 9.560607986722186 2.5
      vertex 35.274018399495965 10.65613709747984 2.5
      vertex 35.25 10.9 2.5
    endloop
  endfacet
  facet normal 0 0 1
    outer loop
      vertex 30.432748481411306 10.21718387294355 2.5
      vertex 30.233578363789505 9.560607986722186 2.5
      vertex 35.25 10.9 2.5
    endloop
  endfacet
  facet normal 0 0 1
    outer loop
      vertex 30.233578363789505 9.560607986722186 2.5
      vertex 35.345150584360894 10.421645709543638 2.5
      vertex 35.274018399495965 10.65613709747984 2.5
    endloop
  endfacet
  facet normal 0 0 1
    outer loop
      vertex 30.233578363789505 9.560607986722186 2.5
      vertex 35.46066298462182 10.205537208725497 2.5
      vertex 35.345150584360894 10.421645709543638 2.5
    endloop
  endfacet
  facet normal 0 0 1
    outer loop
      vertex 30.233578363789505 9.560607986722186 2.5
      vertex 29.91014364305891 8.955504184431392 2.5
      vertex 35.616116523516816 10.016116523516816 2.5
    endloop
  endfacet
  facet normal 0 0 1
    outer loop
      vertex 29.91014364305891 8.955504184431392 2.5
      vertex 29.474873734152915 8.425126265847084 2.5
      vertex 35.8055372087255 9.860662984621818 2.5
    endloop
  endfacet
  facet normal 0 0 1
    outer loop
      vertex 28.944495815568608 13.81014364305891 2.5
      vertex 36.25613709747984 12.125981600504039 2.5
      vertex 36.5 12.15 2.5
    endloop
  endfacet
  facet normal 0 0 1
    outer loop
      vertex 29.474873734152915 13.374873734152917 2.5
      vertex 36.02164570954364 12.054849415639108 2.5
      vertex 36.25613709747984 12.125981600504039 2.5
    endloop
  endfacet
  facet normal 0 0 1
    outer loop
      vertex 28.944495815568608 13.81014364305891 2.5
      vertex 36.5 12.15 2.5
      vertex 42.5 13.25 2.5
    endloop
  endfacet
  facet normal 0 0 1
    outer loop
      vertex 29.474873734152915 13.374873734152917 2.5
      vertex 35.8055372087255 11.939337015378182 2.5
      vertex 36.02164570954364 12.054849415639108 2.5
    endloop
  endfacet
  facet normal 0 0 1
    outer loop
      vertex 29.91014364305891 12.844495815568608 2.5
      vertex 35.616116523516816 11.783883476483185 2.5
      vertex 35.8055372087255 11.939337015378182 2.5
    endloop
  endfacet
  facet normal 0 0 1
    outer loop
      vertex 36.5 12.15 2.5
      vertex 36.74386290252016 12.125981600504039 2.5
      vertex 42.5 13.25 2.5
    endloop
  endfacet
  facet normal 0 0 1
    outer loop
      vertex 36.74386290252016 12.125981600504039 2.5
      vertex 36.97835429045636 12.054849415639108 2.5
      vertex 42.5 13.25 2.5
    endloop
  endfacet
  facet normal 0 0 1
    outer loop
      vertex 36.97835429045636 12.054849415639108 2.5
      vertex 37.1944627912745 11.939337015378182 2.5
      vertex 42.5 13.25 2.5
    endloop
  endfacet
  facet normal 0 0 1
    outer loop
      vertex 37.1944627912745 11.939337015378182 2.5
      vertex 37.383883476483184 11.783883476483185 2.5
      vertex 42.5 13.25 2.5
    endloop
  endfacet
  facet normal 0 0 1
    outer loop
      vertex 37.383883476483184 11.783883476483185 2.5
      vertex 37.53933701537818 11.594462791274504 2.5
      vertex 42.5 13.25 2.5
    endloop
  endfacet
  facet normal 0 0 1
    outer loop
      vertex 37.53933701537818 11.594462791274504 2.5
      vertex 37.654849415639106 11.378354290456363 2.5
      vertex 42.5 13.25 2.5
    endloop
  endfacet
  facet normal 0 0 1
    outer loop
      vertex 37.654849415639106 11.378354290456363 2.5
      vertex 37.725981600504035 11.14386290252016 2.5
      vertex 42.5 13.25 2.5
    endloop
  endfacet
  facet normal 0 0 1
    outer loop
      vertex 30.432748481411306 10.21718387294355 2.5
      vertex 35.46066298462182 11.594462791274504 2.5
      vertex 35.616116523516816 11.783883476483185 2.5
    endloop
  endfacet
  facet normal 0 0 1
    outer loop
      vertex 37.725981600504035 11.14386290252016 2.5
      vertex 37.75 10.9 2.5
      vertex 42.5 13.25 2.5
    endloop
  endfacet
  facet normal 0 0 1
    outer loop
      vertex 37.75 10.9 2.5
      vertex 42.5 8.75 2.5
      vertex 42.5 13.25 2.5
    endloop
  endfacet
  facet normal 0 0 1
    outer loop
      vertex 30.233578363789505 9.560607986722186 2.5
      vertex 35.616116523516816 10.016116523516816 2.5
      vertex 35.46066298462182 10.205537208725497 2.5
    endloop
  endfacet
  facet normal 0 0 1
    outer loop
      vertex 29.91014364305891 8.955504184431392 2.5
      vertex 35.8055372087255 9.860662984621818 2.5
      vertex 35.616116523516816 10.016116523516816 2.5
    endloop
  endfacet
  facet normal 0 0 1
    outer loop
      vertex 29.474873734152915 8.425126265847084 2.5
      vertex 36.02164570954364 9.745150584360893 2.5
      vertex 35.8055372087255 9.860662984621818 2.5
    endloop
  endfacet
  facet normal 0 0 1
    outer loop
      vertex 37.75 10.9 2.5
      vertex 37.725981600504035 10.65613709747984 2.5
      vertex 42.5 8.75 2.5
    endloop
  endfacet
  facet normal 0 0 1
    outer loop
      vertex 37.725981600504035 10.65613709747984 2.5
      vertex 37.654849415639106 10.421645709543638 2.5
      vertex 42.5 8.75 2.5
    endloop
  endfacet
  facet normal 0 0 1
    outer loop
      vertex 37.654849415639106 10.421645709543638 2.5
      vertex 37.53933701537818 10.205537208725497 2.5
      vertex 42.5 8.75 2.5
    endloop
  endfacet
  facet normal 0 0 1
    outer loop
      vertex 37.53933701537818 10.205537208725497 2.5
      vertex 37.383883476483184 10.016116523516816 2.5
      vertex 42.5 8.75 2.5
    endloop
  endfacet
  facet normal 0 0 1
    outer loop
      vertex 37.1944627912745 9.860662984621818 2.5
      vertex 36.97835429045636 9.745150584360893 2.5
      vertex 42.5 8.75 2.5
    endloop
  endfacet
  facet normal 0 0 1
    outer loop
      vertex 37.383883476483184 10.016116523516816 2.5
      vertex 37.1944627912745 9.860662984621818 2.5
      vertex 42.5 8.75 2.5
    endloop
  endfacet
  facet normal 0 0 1
    outer loop
      vertex 23.5 10.9 2.5
      vertex 21.5 -1.5 2.5
      vertex 23.567251518588694 10.21718387294355 2.5
    endloop
  endfacet
  facet normal 0 0 1
    outer loop
      vertex 23.567251518588694 10.21718387294355 2.5
      vertex 21.5 -1.5 2.5
      vertex 23.766421636210495 9.560607986722186 2.5
    endloop
  endfacet
  facet normal 0 0 1
    outer loop
      vertex 23.766421636210495 9.560607986722186 2.5
      vertex 21.5 -1.5 2.5
      vertex 24.08985635694109 8.955504184431392 2.5
    endloop
  endfacet
  facet normal 0 0 1
    outer loop
      vertex 24.08985635694109 8.955504184431392 2.5
      vertex 21.5 -1.5 2.5
      vertex 24.525126265847085 8.425126265847084 2.5
    endloop
  endfacet
  facet normal 0 0 1
    outer loop
      vertex 24.525126265847085 8.425126265847084 2.5
      vertex 21.5 -1.5 2.5
      vertex 25.055504184431392 7.989856356941091 2.5
    endloop
  endfacet
  facet normal 0 0 1
    outer loop
      vertex 25.055504184431392 7.989856356941091 2.5
      vertex 21.5 -1.5 2.5
      vertex 25.660607986722187 7.666421636210497 2.5
    endloop
  endfacet
  facet normal 0 0 1
    outer loop
      vertex 25.660607986722187 7.666421636210497 2.5
      vertex 21.5 -1.5 2.5
      vertex 26.317183872943552 7.467251518588694 2.5
    endloop
  endfacet
  facet normal 0 0 1
    outer loop
      vertex 26.317183872943552 7.467251518588694 2.5
      vertex 21.5 -1.5 2.5
      vertex 27 7.4 2.5
    endloop
  endfacet
  facet normal 0 0 1
    outer loop
      vertex 27 7.4 2.5
      vertex 21.5 -1.5 2.5
      vertex 27.682816127056448 7.467251518588694 2.5
    endloop
  endfacet
  facet normal 0 -1 0
    outer loop
      vertex 73.77785116509801 22.5 10.657348061512728
      vertex 74.53553390593274 22.5 10.035533905932738
      vertex 87.5 22.5 2.5
    endloop
  endfacet
  facet normal 0 -1 0
    outer loop
      vertex 70.33331572037648 22.5 7.4977635347630525
      vertex 69.82305766351612 22.5 6.734108386419351
      vertex 70.5407798811619 22.5 7.608655439013546
    endloop
  endfacet
  facet normal 0 -1 0
    outer loop
      vertex 70.15147186257614 22.5 7.348528137423855
      vertex 69.82305766351612 22.5 6.734108386419351
      vertex 70.33331572037648 22.5 7.4977635347630525
    endloop
  endfacet
  facet normal 0 -1 0
    outer loop
      vertex 70.15147186257614 22.5 7.348528137423855
      vertex 70.00223646523695 22.5 7.166684279623524
      vertex 69.82305766351612 22.5 6.734108386419351
    endloop
  endfacet
  facet normal 0 -1 0
    outer loop
      vertex 70.76589161358065 22.5 7.676942336483876
      vertex 69.82305766351612 22.5 6.734108386419351
      vertex 71 22.5 7.700000000000003
    endloop
  endfacet
  facet normal 0 -1 0
    outer loop
      vertex 71 22.5 7.700000000000003
      vertex 69.82305766351612 22.5 6.734108386419351
      vertex 71.23410838641935 22.5 7.676942336483876
    endloop
  endfacet
  facet normal 0 -1 0
    outer loop
      vertex 70.76589161358065 22.5 7.676942336483876
      vertex 70.5407798811619 22.5 7.608655439013546
      vertex 69.82305766351612 22.5 6.734108386419351
    endloop
  endfacet
  facet normal 0 -1 0
    outer loop
      vertex 71.23410838641935 22.5 7.676942336483876
      vertex 69.82305766351612 22.5 6.734108386419351
      vertex 71.4592201188381 22.5 7.608655439013546
    endloop
  endfacet
  facet normal 0 -1 0
    outer loop
      vertex 71.4592201188381 22.5 7.608655439013546
      vertex 69.82305766351612 22.5 6.734108386419351
      vertex 71.66668427962352 22.5 7.4977635347630525
    endloop
  endfacet
  facet normal 0 -1 0
    outer loop
      vertex 71.66668427962352 22.5 7.4977635347630525
      vertex 69.82305766351612 22.5 6.734108386419351
      vertex 71.84852813742386 22.5 7.348528137423855
    endloop
  endfacet
  facet normal 0 -1 0
    outer loop
      vertex 71.84852813742386 22.5 7.348528137423855
      vertex 69.82305766351612 22.5 6.734108386419351
      vertex 71.99776353476305 22.5 7.166684279623524
    endloop
  endfacet
  facet normal 0 -1 0
    outer loop
      vertex 69.89134456098645 22.5 6.959220118838111
      vertex 69.82305766351612 22.5 6.734108386419351
      vertex 70.00223646523695 22.5 7.166684279623524
    endloop
  endfacet
  facet normal 0 -1 0
    outer loop
      vertex 69.82305766351612 22.5 6.734108386419351
      vertex 72.10865543901355 22.5 6.959220118838111
      vertex 71.99776353476305 22.5 7.166684279623524
    endloop
  endfacet
  facet normal 0 -1 0
    outer loop
      vertex 69.82305766351612 22.5 6.734108386419351
      vertex 72.17694233648388 22.5 6.734108386419351
      vertex 72.10865543901355 22.5 6.959220118838111
    endloop
  endfacet
  facet normal 0 -1 0
    outer loop
      vertex 69.82305766351612 22.5 6.734108386419351
      vertex 72.2 22.5 6.5
      vertex 72.17694233648388 22.5 6.734108386419351
    endloop
  endfacet
  facet normal 0 -1 0
    outer loop
      vertex 69.82305766351612 22.5 6.734108386419351
      vertex 69.8 22.5 6.5
      vertex 72.17694233648388 22.5 6.265891613580649
    endloop
  endfacet
  facet normal 0 -1 0
    outer loop
      vertex 69.82305766351612 22.5 6.734108386419351
      vertex 72.17694233648388 22.5 6.265891613580649
      vertex 72.2 22.5 6.5
    endloop
  endfacet
  facet normal 0 -1 0
    outer loop
      vertex 69.82305766351612 22.5 6.265891613580649
      vertex 69.89134456098645 22.5 6.040779881161889
      vertex 70.76589161358065 22.5 5.323057663516124
    endloop
  endfacet
  facet normal 0 -1 0
    outer loop
      vertex 69.8 22.5 6.5
      vertex 69.82305766351612 22.5 6.265891613580649
      vertex 72.17694233648388 22.5 6.265891613580649
    endloop
  endfacet
  facet normal 0 -1 0
    outer loop
      vertex 69.82305766351612 22.5 6.265891613580649
      vertex 72.10865543901355 22.5 6.040779881161889
      vertex 72.17694233648388 22.5 6.265891613580649
    endloop
  endfacet
  facet normal 0 -1 0
    outer loop
      vertex 69.82305766351612 22.5 6.265891613580649
      vertex 71.99776353476305 22.5 5.833315720376476
      vertex 72.10865543901355 22.5 6.040779881161889
    endloop
  endfacet
  facet normal 0 -1 0
    outer loop
      vertex 69.82305766351612 22.5 6.265891613580649
      vertex 71.84852813742386 22.5 5.651471862576145
      vertex 71.99776353476305 22.5 5.833315720376476
    endloop
  endfacet
  facet normal 0 -1 0
    outer loop
      vertex 69.82305766351612 22.5 6.265891613580649
      vertex 71.66668427962352 22.5 5.5022364652369475
      vertex 71.84852813742386 22.5 5.651471862576145
    endloop
  endfacet
  facet normal 0 -1 0
    outer loop
      vertex 69.89134456098645 22.5 6.040779881161889
      vertex 70.00223646523695 22.5 5.833315720376476
      vertex 70.76589161358065 22.5 5.323057663516124
    endloop
  endfacet
  facet normal 0 -1 0
    outer loop
      vertex 70.00223646523695 22.5 5.833315720376476
      vertex 70.15147186257614 22.5 5.651471862576145
      vertex 70.76589161358065 22.5 5.323057663516124
    endloop
  endfacet
  facet normal 0 -1 0
    outer loop
      vertex 69.82305766351612 22.5 6.265891613580649
      vertex 71.4592201188381 22.5 5.391344560986454
      vertex 71.66668427962352 22.5 5.5022364652369475
    endloop
  endfacet
  facet normal 0 -1 0
    outer loop
      vertex 69.82305766351612 22.5 6.265891613580649
      vertex 70.76589161358065 22.5 5.323057663516124
      vertex 71 22.5 5.299999999999997
    endloop
  endfacet
  facet normal 0 -1 0
    outer loop
      vertex 69.82305766351612 22.5 6.265891613580649
      vertex 71.23410838641935 22.5 5.323057663516124
      vertex 71.4592201188381 22.5 5.391344560986454
    endloop
  endfacet
  facet normal 0 -1 0
    outer loop
      vertex 69.82305766351612 22.5 6.265891613580649
      vertex 71 22.5 5.299999999999997
      vertex 71.23410838641935 22.5 5.323057663516124
    endloop
  endfacet
  facet normal 0 -1 0
    outer loop
      vertex 70.15147186257614 22.5 5.651471862576145
      vertex 70.33331572037648 22.5 5.5022364652369475
      vertex 70.76589161358065 22.5 5.323057663516124
    endloop
  endfacet
  facet normal 0 -1 0
    outer loop
      vertex 70.33331572037648 22.5 5.5022364652369475
      vertex 70.5407798811619 22.5 5.391344560986454
      vertex 70.76589161358065 22.5 5.323057663516124
    endloop
  endfacet
  facet normal 0 -1 0
    outer loop
      vertex 74.53553390593274 22.5 10.035533905932738
      vertex 75.15734806151272 22.5 9.277851165098014
      vertex 87.5 22.5 2.5
    endloop
  endfacet
  facet normal 0 -1 0
    outer loop
      vertex 75.15734806151272 22.5 9.277851165098014
      vertex 75.61939766255644 22.5 8.41341716182545
      vertex 87.5 22.5 2.5
    endloop
  endfacet
  facet normal 0 -1 0
    outer loop
      vertex 75.61939766255644 22.5 8.41341716182545
      vertex 75.90392640201615 22.5 7.47545161008064
      vertex 87.5 22.5 2.5
    endloop
  endfacet
  facet normal 0 -1 0
    outer loop
      vertex 75.90392640201615 22.5 7.47545161008064
      vertex 76 22.5 6.5
      vertex 87.5 22.5 2.5
    endloop
  endfacet
  facet normal 0 0 1
    outer loop
      vertex 27.682816127056448 14.332748481411308 2.5
      vertex 42.5 13.25 2.5
      vertex 68.0304196672043 22.5 2.5
    endloop
  endfacet
  facet normal 0 0 1
    outer loop
      vertex 42.5 13.25 2.5
      vertex 52.5 13.25 2.5
      vertex 68.0304196672043 22.5 2.5
    endloop
  endfacet
  facet normal 0 0 1
    outer loop
      vertex 60.46926627053964 13.695518130045148 2.5
      vertex 68.0304196672043 22.5 2.5
      vertex 52.5 13.25 2.5
    endloop
  endfacet
  facet normal 0 0 1
    outer loop
      vertex 60.46926627053964 13.695518130045148 2.5
      vertex 61.21963871193549 13.923141121612922 2.5
      vertex 68.0304196672043 22.5 2.5
    endloop
  endfacet
  facet normal 0 0 1
    outer loop
      vertex 61.21963871193549 13.923141121612922 2.5
      vertex 62 14 2.5
      vertex 68.0304196672043 22.5 2.5
    endloop
  endfacet
  facet normal 0 0 1
    outer loop
      vertex 62 14 2.5
      vertex 62.78036128806451 13.923141121612922 2.5
      vertex 68.0304196672043 22.5 2.5
    endloop
  endfacet
  facet normal 0 0 1
    outer loop
      vertex 62.78036128806451 13.923141121612922 2.5
      vertex 63.53073372946036 13.695518130045148 2.5
      vertex 68.0304196672043 22.5 2.5
    endloop
  endfacet
  facet normal 0 0 1
    outer loop
      vertex 63.53073372946036 13.695518130045148 2.5
      vertex 64.2222809320784 13.325878449210181 2.5
      vertex 68.0304196672043 22.5 2.5
    endloop
  endfacet
  facet normal 0 0 1
    outer loop
      vertex 64.2222809320784 13.325878449210181 2.5
      vertex 64.82842712474618 12.82842712474619 2.5
      vertex 68.0304196672043 22.5 2.5
    endloop
  endfacet
  facet normal 0 0 1
    outer loop
      vertex 68.0304196672043 22.5 2.5
      vertex 64.82842712474618 12.82842712474619 2.5
      vertex 68.0304196672043 14.5 2.5
    endloop
  endfacet
  facet normal 0 0 1
    outer loop
      vertex 59.777719067921595 13.325878449210181 2.5
      vertex 60.46926627053964 13.695518130045148 2.5
      vertex 52.5 13.25 2.5
    endloop
  endfacet
  facet normal 0 -1 0
    outer loop
      vertex 73.9695803327957 22.5 2.5
      vertex 87.5 22.5 2.5
      vertex 74.53553390593274 22.5 2.9644660940672622
    endloop
  endfacet
  facet normal 0 -1 0
    outer loop
      vertex 75.90392640201615 22.5 5.52454838991936
      vertex 87.5 22.5 2.5
      vertex 76 22.5 6.5
    endloop
  endfacet
  facet normal 0 -1 0
    outer loop
      vertex 75.90392640201615 22.5 5.52454838991936
      vertex 75.61939766255644 22.5 4.58658283817455
      vertex 87.5 22.5 2.5
    endloop
  endfacet
  facet normal 0 -1 0
    outer loop
      vertex 75.61939766255644 22.5 4.58658283817455
      vertex 75.15734806151272 22.5 3.7221488349019864
      vertex 87.5 22.5 2.5
    endloop
  endfacet
  facet normal 0 -1 0
    outer loop
      vertex 75.15734806151272 22.5 3.7221488349019864
      vertex 74.53553390593274 22.5 2.9644660940672622
      vertex 87.5 22.5 2.5
    endloop
  endfacet
  facet normal 0 0 1
    outer loop
      vertex 73.9695803327957 22.5 2.5
      vertex 73.9695803327957 14.5 2.5
      vertex 87.5 22.5 2.5
    endloop
  endfacet
  facet normal 0 0 1
    outer loop
      vertex 68.0304196672043 14.5 2.5
      vertex 65.92314112161293 10.780361288064514 2.5
      vertex 73.9695803327957 14.5 2.5
    endloop
  endfacet
  facet normal 0 0 1
    outer loop
      vertex 87.5 22.5 2.5
      vertex 65.92314112161293 9.219638711935486 2.5
      vertex 65.69551813004514 8.469266270539642 2.5
    endloop
  endfacet
  facet normal 0 0 1
    outer loop
      vertex 87.5 22.5 2.5
      vertex 73.9695803327957 14.5 2.5
      vertex 65.92314112161293 9.219638711935486 2.5
    endloop
  endfacet
  facet normal 0 0 1
    outer loop
      vertex 52.5 13.25 2.5
      vertex 52.5 8.75 2.5
      vertex 58.07685887838708 10.780361288064514 2.5
    endloop
  endfacet
  facet normal 0 0 1
    outer loop
      vertex 52.5 8.75 2.5
      vertex 58 10 2.5
      vertex 58.07685887838708 10.780361288064514 2.5
    endloop
  endfacet
  facet normal 0 0 1
    outer loop
      vertex 52.5 8.75 2.5
      vertex 58.07685887838708 9.219638711935486 2.5
      vertex 58 10 2.5
    endloop
  endfacet
  facet normal 0 0 1
    outer loop
      vertex 59.777719067921595 13.325878449210181 2.5
      vertex 52.5 13.25 2.5
      vertex 59.17157287525381 12.82842712474619 2.5
    endloop
  endfacet
  facet normal 0 0 1
    outer loop
      vertex 52.5 13.25 2.5
      vertex 58.67412155078982 12.222280932078409 2.5
      vertex 59.17157287525381 12.82842712474619 2.5
    endloop
  endfacet
  facet normal 0 0 1
    outer loop
      vertex 52.5 13.25 2.5
      vertex 58.304481869954856 11.530733729460358 2.5
      vertex 58.67412155078982 12.222280932078409 2.5
    endloop
  endfacet
  facet normal 0 0 1
    outer loop
      vertex 52.5 13.25 2.5
      vertex 58.07685887838708 10.780361288064514 2.5
      vertex 58.304481869954856 11.530733729460358 2.5
    endloop
  endfacet
  facet normal 0 0 1
    outer loop
      vertex 68.0304196672043 14.5 2.5
      vertex 64.82842712474618 12.82842712474619 2.5
      vertex 65.32587844921018 12.222280932078409 2.5
    endloop
  endfacet
  facet normal 0 0 1
    outer loop
      vertex 68.0304196672043 14.5 2.5
      vertex 65.32587844921018 12.222280932078409 2.5
      vertex 65.69551813004514 11.530733729460358 2.5
    endloop
  endfacet
  facet normal 0 0 1
    outer loop
      vertex 68.0304196672043 14.5 2.5
      vertex 65.69551813004514 11.530733729460358 2.5
      vertex 65.92314112161293 10.780361288064514 2.5
    endloop
  endfacet
  facet normal 0 0 1
    outer loop
      vertex 52.5 8.75 2.5
      vertex 58.304481869954856 8.469266270539642 2.5
      vertex 58.07685887838708 9.219638711935486 2.5
    endloop
  endfacet
  facet normal 0 0 1
    outer loop
      vertex 52.5 8.75 2.5
      vertex 58.67412155078982 7.777719067921591 2.5
      vertex 58.304481869954856 8.469266270539642 2.5
    endloop
  endfacet
  facet normal 0 0 1
    outer loop
      vertex 52.5 8.75 2.5
      vertex 59.17157287525381 7.17157287525381 2.5
      vertex 58.67412155078982 7.777719067921591 2.5
    endloop
  endfacet
  facet normal 0 0 1
    outer loop
      vertex 36.02164570954364 9.745150584360893 2.5
      vertex 76.5 -14 2.5
      vertex 36.25613709747984 9.674018399495962 2.5
    endloop
  endfacet
  facet normal 0 0 1
    outer loop
      vertex 36.25613709747984 9.674018399495962 2.5
      vertex 76.5 -14 2.5
      vertex 36.5 9.65 2.5
    endloop
  endfacet
  facet normal 0 0 1
    outer loop
      vertex 36.5 9.65 2.5
      vertex 76.5 -14 2.5
      vertex 36.74386290252016 9.674018399495962 2.5
    endloop
  endfacet
  facet normal 0 0 1
    outer loop
      vertex 36.74386290252016 9.674018399495962 2.5
      vertex 76.5 -14 2.5
      vertex 36.97835429045636 9.745150584360893 2.5
    endloop
  endfacet
  facet normal 0 0 1
    outer loop
      vertex 87.5 22.5 2.5
      vertex 65.69551813004514 8.469266270539642 2.5
      vertex 65.32587844921018 7.777719067921591 2.5
    endloop
  endfacet
  facet normal 0 0 1
    outer loop
      vertex 87.5 22.5 2.5
      vertex 65.32587844921018 7.777719067921591 2.5
      vertex 64.82842712474618 7.17157287525381 2.5
    endloop
  endfacet
  facet normal 0 0 1
    outer loop
      vertex 73.9695803327957 14.5 2.5
      vertex 65.92314112161293 10.780361288064514 2.5
      vertex 66 10 2.5
    endloop
  endfacet
  facet normal 0 0 1
    outer loop
      vertex 73.9695803327957 14.5 2.5
      vertex 66 10 2.5
      vertex 65.92314112161293 9.219638711935486 2.5
    endloop
  endfacet
  facet normal 0 0 1
    outer loop
      vertex 87.5 22.5 2.5
      vertex 64.82842712474618 7.17157287525381 2.5
      vertex 76.5 -14 2.5
    endloop
  endfacet
  facet normal -1 0 0
    outer loop
      vertex 87.5 -22 13.5
      vertex 87.5 -22 20.5
      vertex 87.5 22.5 20.5
    endloop
  endfacet
  facet normal -1 0 0
    outer loop
      vertex 87.5 -14 13.5
      vertex 87.5 -22 13.5
      vertex 87.5 22.5 20.5
    endloop
  endfacet
  facet normal 0 0 1
    outer loop
      vertex 1.5 -1.5 2.5
      vertex 8.6 -12 2.5
      vertex 4.5 -1.5 2.5
    endloop
  endfacet
  facet normal 0 0 1
    outer loop
      vertex 4.5 -1.5 2.5
      vertex 8.6 -12 2.5
      vertex 21.5 -1.5 2.5
    endloop
  endfacet
  facet normal 0 0 1
    outer loop
      vertex 29.474873734152915 8.425126265847084 2.5
      vertex 28.944495815568608 7.989856356941091 2.5
      vertex 76.5 -14 2.5
    endloop
  endfacet
  facet normal 0 0 1
    outer loop
      vertex 28.944495815568608 7.989856356941091 2.5
      vertex 28.339392013277813 7.666421636210497 2.5
      vertex 76.5 -14 2.5
    endloop
  endfacet
  facet normal 0 0 1
    outer loop
      vertex 27.682816127056448 7.467251518588694 2.5
      vertex 76.5 -14 2.5
      vertex 28.339392013277813 7.666421636210497 2.5
    endloop
  endfacet
  facet normal 0 0 1
    outer loop
      vertex 27.682816127056448 7.467251518588694 2.5
      vertex 21.5 -1.5 2.5
      vertex 76.5 -14 2.5
    endloop
  endfacet
  facet normal 0 0 1
    outer loop
      vertex 21.5 -1.5 2.5
      vertex 8.6 -12 2.5
      vertex 76.5 -14 2.5
    endloop
  endfacet
  facet normal 0 0 1
    outer loop
      vertex -76.5 -22 2.5
      vertex 76.5 -22 2.5
      vertex 8.6 -20 2.5
    endloop
  endfacet
  facet normal 0 0 1
    outer loop
      vertex 8.6 -12 2.5
      vertex 8.6 -20 2.5
      vertex 76.5 -14 2.5
    endloop
  endfacet
  facet normal -1 0 0
    outer loop
      vertex 87.5 22.5 2.5
      vertex 87.5 -14 2.5
      vertex 87.5 -14 13.5
    endloop
  endfacet
  facet normal 0 0 1
    outer loop
      vertex 29.474873734152915 8.425126265847084 2.5
      vertex 76.5 -14 2.5
      vertex 36.02164570954364 9.745150584360893 2.5
    endloop
  endfacet
  facet normal 0 0 1
    outer loop
      vertex 36.97835429045636 9.745150584360893 2.5
      vertex 76.5 -14 2.5
      vertex 42.5 8.75 2.5
    endloop
  endfacet
  facet normal 0 0 1
    outer loop
      vertex 42.5 8.75 2.5
      vertex 76.5 -14 2.5
      vertex 52.5 8.75 2.5
    endloop
  endfacet
  facet normal 0 0 1
    outer loop
      vertex 52.5 8.75 2.5
      vertex 76.5 -14 2.5
      vertex 59.17157287525381 7.17157287525381 2.5
    endloop
  endfacet
  facet normal 0 0 1
    outer loop
      vertex 59.17157287525381 7.17157287525381 2.5
      vertex 76.5 -14 2.5
      vertex 59.777719067921595 6.674121550789819 2.5
    endloop
  endfacet
  facet normal 0 0 1
    outer loop
      vertex 59.777719067921595 6.674121550789819 2.5
      vertex 76.5 -14 2.5
      vertex 60.46926627053964 6.304481869954853 2.5
    endloop
  endfacet
  facet normal 0 0 1
    outer loop
      vertex 60.46926627053964 6.304481869954853 2.5
      vertex 76.5 -14 2.5
      vertex 61.21963871193549 6.076858878387078 2.5
    endloop
  endfacet
  facet normal 0 0 1
    outer loop
      vertex 61.21963871193549 6.076858878387078 2.5
      vertex 76.5 -14 2.5
      vertex 62 6 2.5
    endloop
  endfacet
  facet normal 0 0 1
    outer loop
      vertex 62 6 2.5
      vertex 76.5 -14 2.5
      vertex 62.78036128806451 6.076858878387078 2.5
    endloop
  endfacet
  facet normal 0 0 1
    outer loop
      vertex 64.2222809320784 6.674121550789819 2.5
      vertex 76.5 -14 2.5
      vertex 64.82842712474618 7.17157287525381 2.5
    endloop
  endfacet
  facet normal 0 0 1
    outer loop
      vertex 64.2222809320784 6.674121550789819 2.5
      vertex 63.53073372946036 6.304481869954853 2.5
      vertex 76.5 -14 2.5
    endloop
  endfacet
  facet normal 0 0 1
    outer loop
      vertex 62.78036128806451 6.076858878387078 2.5
      vertex 76.5 -14 2.5
      vertex 63.53073372946036 6.304481869954853 2.5
    endloop
  endfacet
  facet normal 0 0 1
    outer loop
      vertex 87.5 22.5 2.5
      vertex 76.5 -14 2.5
      vertex 87.5 -14 2.5
    endloop
  endfacet
  facet normal 0 0 1
    outer loop
      vertex 8.6 -20 2.5
      vertex 76.5 -22 2.5
      vertex 76.5 -14 2.5
    endloop
  endfacet
  facet normal 0 1 0
    outer loop
      vertex -87.5 -14 13.5
      vertex -76.5 -14 13.5
      vertex -81.5 -14 11.877499074759314
    endloop
  endfacet
  facet normal 0 1 0
    outer loop
      vertex -87.5 -14 13.5
      vertex -81.5 -14 11.877499074759314
      vertex -84.425 -14 10.188749537379657
    endloop
  endfacet
  facet normal 0 1 0
    outer loop
      vertex -81.5 -14 11.877499074759314
      vertex -76.5 -14 13.5
      vertex -78.575 -14 10.188749537379657
    endloop
  endfacet
  facet normal 0 0 1
    outer loop
      vertex -87.5 -14 13.5
      vertex -87.5 -22 13.5
      vertex -76.5 -14 13.5
    endloop
  endfacet
  facet normal 0 0 1
    outer loop
      vertex -76.5 -14 13.5
      vertex -87.5 -22 13.5
      vertex -76.5 -22 13.5
    endloop
  endfacet
  facet normal 0 -1 0
    outer loop
      vertex -87.5 -22 13.5
      vertex -82.11229349178414 -22 9.97820725201806
      vertex -76.5 -22 13.5
    endloop
  endfacet
  facet normal 0 -1 0
    outer loop
      vertex -87.5 -22 13.5
      vertex -82.97820725201805 -22 9.112293491784143
      vertex -82.83035137968407 -22 9.388912372831363
    endloop
  endfacet
  facet normal 0 -1 0
    outer loop
      vertex -87.5 -22 13.5
      vertex -83.06925644864516 -22 8.812144515225803
      vertex -82.97820725201805 -22 9.112293491784143
    endloop
  endfacet
  facet normal 0 -1 0
    outer loop
      vertex -87.5 -22 13.5
      vertex -83.1 -22 8.5
      vertex -83.06925644864516 -22 8.812144515225803
    endloop
  endfacet
  facet normal 0 -1 0
    outer loop
      vertex -87.5 -22 13.5
      vertex -82.38891237283136 -22 9.830351379684075
      vertex -82.11229349178414 -22 9.97820725201806
    endloop
  endfacet
  facet normal 0 -1 0
    outer loop
      vertex -87.5 -22 13.5
      vertex -82.63137084989847 -22 9.631370849898474
      vertex -82.38891237283136 -22 9.830351379684075
    endloop
  endfacet
  facet normal 0 -1 0
    outer loop
      vertex -81.81214451522581 -22 10.06925644864517
      vertex -81.5 -22 10.100000000000001
      vertex -76.5 -22 13.5
    endloop
  endfacet
  facet normal 0 -1 0
    outer loop
      vertex -81.5 -22 10.100000000000001
      vertex -81.18785548477419 -22 10.06925644864517
      vertex -76.5 -22 13.5
    endloop
  endfacet
  facet normal 0 -1 0
    outer loop
      vertex -82.11229349178414 -22 9.97820725201806
      vertex -81.81214451522581 -22 10.06925644864517
      vertex -76.5 -22 13.5
    endloop
  endfacet
  facet normal 0 -1 0
    outer loop
      vertex -81.18785548477419 -22 10.06925644864517
      vertex -80.88770650821586 -22 9.97820725201806
      vertex -76.5 -22 13.5
    endloop
  endfacet
  facet normal 0 -1 0
    outer loop
      vertex -80.88770650821586 -22 9.97820725201806
      vertex -80.61108762716864 -22 9.830351379684075
      vertex -76.5 -22 13.5
    endloop
  endfacet
  facet normal 0 -1 0
    outer loop
      vertex -80.61108762716864 -22 9.830351379684075
      vertex -80.36862915010153 -22 9.631370849898474
      vertex -76.5 -22 13.5
    endloop
  endfacet
  facet normal 0 -1 0
    outer loop
      vertex -87.5 -22 13.5
      vertex -82.83035137968407 -22 9.388912372831363
      vertex -82.63137084989847 -22 9.631370849898474
    endloop
  endfacet
  facet normal 0 -1 0
    outer loop
      vertex -80.36862915010153 -22 9.631370849898474
      vertex -80.16964862031593 -22 9.388912372831363
      vertex -76.5 -22 13.5
    endloop
  endfacet
  facet normal 0 -1 0
    outer loop
      vertex -80.16964862031593 -22 9.388912372831363
      vertex -80.02179274798195 -22 9.112293491784143
      vertex -76.5 -22 13.5
    endloop
  endfacet
  facet normal 0 -1 0
    outer loop
      vertex -80.02179274798195 -22 9.112293491784143
      vertex -79.93074355135484 -22 8.812144515225803
      vertex -76.5 -22 13.5
    endloop
  endfacet
  facet normal 0 -1 0
    outer loop
      vertex -79.93074355135484 -22 8.812144515225803
      vertex -79.9 -22 8.5
      vertex -76.5 -22 13.5
    endloop
  endfacet
  facet normal 0 1 0
    outer loop
      vertex -87.5 -14 13.5
      vertex -84.425 -14 10.188749537379657
      vertex -84.425 -14 6.811250462620343
    endloop
  endfacet
  facet normal 0 1 0
    outer loop
      vertex -76.5 -14 13.5
      vertex -76.5 -14 2.5
      vertex -78.575 -14 10.188749537379657
    endloop
  endfacet
  facet normal 0 1 0
    outer loop
      vertex -87.5 -14 13.5
      vertex -84.425 -14 6.811250462620343
      vertex -87.5 -14 2.5
    endloop
  endfacet
  facet normal 0 1 0
    outer loop
      vertex -78.575 -14 10.188749537379657
      vertex -76.5 -14 2.5
      vertex -78.575 -14 6.811250462620343
    endloop
  endfacet
  facet normal 0 -1 0
    outer loop
      vertex -87.5 -22 13.5
      vertex -83.06925644864516 -22 8.187855484774197
      vertex -83.1 -22 8.5
    endloop
  endfacet
  facet normal 0 -1 0
    outer loop
      vertex -87.5 -22 13.5
      vertex -82.97820725201805 -22 7.887706508215857
      vertex -83.06925644864516 -22 8.187855484774197
    endloop
  endfacet
  facet normal 0 -1 0
    outer loop
      vertex -79.9 -22 8.5
      vertex -79.93074355135484 -22 8.187855484774197
      vertex -76.5 -22 13.5
    endloop
  endfacet
  facet normal 0 -1 0
    outer loop
      vertex -79.93074355135484 -22 8.187855484774197
      vertex -80.02179274798195 -22 7.887706508215857
      vertex -76.5 -22 13.5
    endloop
  endfacet
  facet normal 0 -1 0
    outer loop
      vertex -87.5 -22 13.5
      vertex -87.5 -22 2.5
      vertex -82.97820725201805 -22 7.887706508215857
    endloop
  endfacet
  facet normal 1 0 0
    outer loop
      vertex -76.5 -14 13.5
      vertex -76.5 -22 13.5
      vertex -76.5 -14 2.5
    endloop
  endfacet
  facet normal 0 -1 0
    outer loop
      vertex -80.02179274798195 -22 7.887706508215857
      vertex -76.5 -22 2.5
      vertex -76.5 -22 13.5
    endloop
  endfacet
  facet normal 0 -1 0
    outer loop
      vertex -82.97820725201805 -22 7.887706508215857
      vertex -87.5 -22 2.5
      vertex -82.83035137968407 -22 7.6110876271686365
    endloop
  endfacet
  facet normal 0 -1 0
    outer loop
      vertex -82.83035137968407 -22 7.6110876271686365
      vertex -87.5 -22 2.5
      vertex -82.63137084989847 -22 7.368629150101526
    endloop
  endfacet
  facet normal 0 -1 0
    outer loop
      vertex -80.16964862031593 -22 7.6110876271686365
      vertex -76.5 -22 2.5
      vertex -80.02179274798195 -22 7.887706508215857
    endloop
  endfacet
  facet normal 0 -1 0
    outer loop
      vertex -80.16964862031593 -22 7.6110876271686365
      vertex -80.36862915010153 -22 7.368629150101526
      vertex -76.5 -22 2.5
    endloop
  endfacet
  facet normal 0 -1 0
    outer loop
      vertex -82.63137084989847 -22 7.368629150101526
      vertex -87.5 -22 2.5
      vertex -82.38891237283136 -22 7.169648620315925
    endloop
  endfacet
  facet normal 0 -1 0
    outer loop
      vertex -87.5 -22 2.5
      vertex -82.11229349178414 -22 7.021792747981941
      vertex -82.38891237283136 -22 7.169648620315925
    endloop
  endfacet
  facet normal 0 -1 0
    outer loop
      vertex -80.36862915010153 -22 7.368629150101526
      vertex -80.61108762716864 -22 7.169648620315925
      vertex -76.5 -22 2.5
    endloop
  endfacet
  facet normal 0 -1 0
    outer loop
      vertex -82.11229349178414 -22 7.021792747981941
      vertex -76.5 -22 2.5
      vertex -81.81214451522581 -22 6.93074355135483
    endloop
  endfacet
  facet normal 0 -1 0
    outer loop
      vertex -80.88770650821586 -22 7.021792747981941
      vertex -81.18785548477419 -22 6.93074355135483
      vertex -76.5 -22 2.5
    endloop
  endfacet
  facet normal 0 -1 0
    outer loop
      vertex -80.88770650821586 -22 7.021792747981941
      vertex -76.5 -22 2.5
      vertex -80.61108762716864 -22 7.169648620315925
    endloop
  endfacet
  facet normal 0 -1 0
    outer loop
      vertex -81.81214451522581 -22 6.93074355135483
      vertex -76.5 -22 2.5
      vertex -81.5 -22 6.899999999999999
    endloop
  endfacet
  facet normal 0 -1 0
    outer loop
      vertex -81.5 -22 6.899999999999999
      vertex -76.5 -22 2.5
      vertex -81.18785548477419 -22 6.93074355135483
    endloop
  endfacet
  facet normal 1 0 0
    outer loop
      vertex -76.5 -14 2.5
      vertex -76.5 -22 13.5
      vertex -76.5 -22 2.5
    endloop
  endfacet
  facet normal 0 1 0
    outer loop
      vertex -84.425 -14 6.811250462620343
      vertex -81.5 -14 5.122500925240686
      vertex -87.5 -14 2.5
    endloop
  endfacet
  facet normal 0 1 0
    outer loop
      vertex -81.5 -14 5.122500925240686
      vertex -78.575 -14 6.811250462620343
      vertex -76.5 -14 2.5
    endloop
  endfacet
  facet normal 0 1 0
    outer loop
      vertex -87.5 -14 2.5
      vertex -81.5 -14 5.122500925240686
      vertex -76.5 -14 2.5
    endloop
  endfacet
  facet normal 0 -1 0
    outer loop
      vertex -87.5 -22 2.5
      vertex -76.5 -22 2.5
      vertex -82.11229349178414 -22 7.021792747981941
    endloop
  endfacet
  facet normal 0 1 0
    outer loop
      vertex 76.5 -14 13.5
      vertex 87.5 -14 13.5
      vertex 81.5 -14 11.877499074759314
    endloop
  endfacet
  facet normal 0 1 0
    outer loop
      vertex 76.5 -14 13.5
      vertex 81.5 -14 11.877499074759314
      vertex 78.575 -14 10.188749537379657
    endloop
  endfacet
  facet normal 0 1 0
    outer loop
      vertex 81.5 -14 11.877499074759314
      vertex 87.5 -14 13.5
      vertex 84.425 -14 10.188749537379657
    endloop
  endfacet
  facet normal 0 0 1
    outer loop
      vertex 76.5 -14 13.5
      vertex 76.5 -22 13.5
      vertex 87.5 -14 13.5
    endloop
  endfacet
  facet normal 0 0 1
    outer loop
      vertex 87.5 -14 13.5
      vertex 76.5 -22 13.5
      vertex 87.5 -22 13.5
    endloop
  endfacet
  facet normal 0 -1 0
    outer loop
      vertex 76.5 -22 13.5
      vertex 82.11229349178414 -22 9.97820725201806
      vertex 87.5 -22 13.5
    endloop
  endfacet
  facet normal 0 -1 0
    outer loop
      vertex 76.5 -22 13.5
      vertex 81.18785548477419 -22 10.06925644864517
      vertex 81.5 -22 10.100000000000001
    endloop
  endfacet
  facet normal 0 -1 0
    outer loop
      vertex 76.5 -22 13.5
      vertex 81.5 -22 10.100000000000001
      vertex 81.81214451522581 -22 10.06925644864517
    endloop
  endfacet
  facet normal 0 -1 0
    outer loop
      vertex 76.5 -22 13.5
      vertex 80.61108762716864 -22 9.830351379684075
      vertex 80.88770650821586 -22 9.97820725201806
    endloop
  endfacet
  facet normal 0 -1 0
    outer loop
      vertex 76.5 -22 13.5
      vertex 80.88770650821586 -22 9.97820725201806
      vertex 81.18785548477419 -22 10.06925644864517
    endloop
  endfacet
  facet normal 0 -1 0
    outer loop
      vertex 76.5 -22 13.5
      vertex 81.81214451522581 -22 10.06925644864517
      vertex 82.11229349178414 -22 9.97820725201806
    endloop
  endfacet
  facet normal 0 -1 0
    outer loop
      vertex 76.5 -22 13.5
      vertex 80.36862915010153 -22 9.631370849898474
      vertex 80.61108762716864 -22 9.830351379684075
    endloop
  endfacet
  facet normal 0 -1 0
    outer loop
      vertex 82.11229349178414 -22 9.97820725201806
      vertex 82.38891237283136 -22 9.830351379684075
      vertex 87.5 -22 13.5
    endloop
  endfacet
  facet normal 0 -1 0
    outer loop
      vertex 82.38891237283136 -22 9.830351379684075
      vertex 82.63137084989847 -22 9.631370849898474
      vertex 87.5 -22 13.5
    endloop
  endfacet
  facet normal 0 -1 0
    outer loop
      vertex 76.5 -22 13.5
      vertex 80.16964862031593 -22 9.388912372831363
      vertex 80.36862915010153 -22 9.631370849898474
    endloop
  endfacet
  facet normal 0 -1 0
    outer loop
      vertex 76.5 -22 13.5
      vertex 80.02179274798195 -22 9.112293491784143
      vertex 80.16964862031593 -22 9.388912372831363
    endloop
  endfacet
  facet normal 0 -1 0
    outer loop
      vertex 76.5 -22 13.5
      vertex 79.93074355135484 -22 8.812144515225803
      vertex 80.02179274798195 -22 9.112293491784143
    endloop
  endfacet
  facet normal 0 -1 0
    outer loop
      vertex 76.5 -22 13.5
      vertex 79.9 -22 8.5
      vertex 79.93074355135484 -22 8.812144515225803
    endloop
  endfacet
  facet normal 0 -1 0
    outer loop
      vertex 82.63137084989847 -22 9.631370849898474
      vertex 82.83035137968407 -22 9.388912372831363
      vertex 87.5 -22 13.5
    endloop
  endfacet
  facet normal 0 -1 0
    outer loop
      vertex 82.83035137968407 -22 9.388912372831363
      vertex 82.97820725201805 -22 9.112293491784143
      vertex 87.5 -22 13.5
    endloop
  endfacet
  facet normal 0 -1 0
    outer loop
      vertex 82.97820725201805 -22 9.112293491784143
      vertex 83.06925644864516 -22 8.812144515225803
      vertex 87.5 -22 13.5
    endloop
  endfacet
  facet normal 0 -1 0
    outer loop
      vertex 83.06925644864516 -22 8.812144515225803
      vertex 83.1 -22 8.5
      vertex 87.5 -22 13.5
    endloop
  endfacet
  facet normal 0 1 0
    outer loop
      vertex 76.5 -14 13.5
      vertex 78.575 -14 10.188749537379657
      vertex 78.575 -14 6.811250462620343
    endloop
  endfacet
  facet normal 0 1 0
    outer loop
      vertex 87.5 -14 13.5
      vertex 87.5 -14 2.5
      vertex 84.425 -14 10.188749537379657
    endloop
  endfacet
  facet normal 0 1 0
    outer loop
      vertex 76.5 -14 13.5
      vertex 78.575 -14 6.811250462620343
      vertex 76.5 -14 2.5
    endloop
  endfacet
  facet normal 0 1 0
    outer loop
      vertex 84.425 -14 10.188749537379657
      vertex 87.5 -14 2.5
      vertex 84.425 -14 6.811250462620343
    endloop
  endfacet
  facet normal -1 0 0
    outer loop
      vertex 76.5 -14 13.5
      vertex 76.5 -22 2.5
      vertex 76.5 -22 13.5
    endloop
  endfacet
  facet normal 0 -1 0
    outer loop
      vertex 76.5 -22 13.5
      vertex 76.5 -22 2.5
      vertex 80.02179274798195 -22 7.887706508215857
    endloop
  endfacet
  facet normal 0 -1 0
    outer loop
      vertex 76.5 -22 13.5
      vertex 79.93074355135484 -22 8.187855484774197
      vertex 79.9 -22 8.5
    endloop
  endfacet
  facet normal 0 -1 0
    outer loop
      vertex 76.5 -22 13.5
      vertex 80.02179274798195 -22 7.887706508215857
      vertex 79.93074355135484 -22 8.187855484774197
    endloop
  endfacet
  facet normal 0 -1 0
    outer loop
      vertex 83.1 -22 8.5
      vertex 83.06925644864516 -22 8.187855484774197
      vertex 87.5 -22 13.5
    endloop
  endfacet
  facet normal 0 -1 0
    outer loop
      vertex 83.06925644864516 -22 8.187855484774197
      vertex 82.97820725201805 -22 7.887706508215857
      vertex 87.5 -22 13.5
    endloop
  endfacet
  facet normal 0 -1 0
    outer loop
      vertex 82.97820725201805 -22 7.887706508215857
      vertex 87.5 -22 2.5
      vertex 87.5 -22 13.5
    endloop
  endfacet
  facet normal -1 0 0
    outer loop
      vertex 76.5 -14 13.5
      vertex 76.5 -14 2.5
      vertex 76.5 -22 2.5
    endloop
  endfacet
  facet normal 0 -1 0
    outer loop
      vertex 76.5 -22 2.5
      vertex 80.16964862031593 -22 7.6110876271686365
      vertex 80.02179274798195 -22 7.887706508215857
    endloop
  endfacet
  facet normal 0 -1 0
    outer loop
      vertex 76.5 -22 2.5
      vertex 80.36862915010153 -22 7.368629150101526
      vertex 80.16964862031593 -22 7.6110876271686365
    endloop
  endfacet
  facet normal 0 -1 0
    outer loop
      vertex 82.83035137968407 -22 7.6110876271686365
      vertex 82.63137084989847 -22 7.368629150101526
      vertex 87.5 -22 2.5
    endloop
  endfacet
  facet normal 0 -1 0
    outer loop
      vertex 76.5 -22 2.5
      vertex 80.61108762716864 -22 7.169648620315925
      vertex 80.36862915010153 -22 7.368629150101526
    endloop
  endfacet
  facet normal 0 -1 0
    outer loop
      vertex 76.5 -22 2.5
      vertex 80.88770650821586 -22 7.021792747981941
      vertex 80.61108762716864 -22 7.169648620315925
    endloop
  endfacet
  facet normal 0 -1 0
    outer loop
      vertex 76.5 -22 2.5
      vertex 81.18785548477419 -22 6.93074355135483
      vertex 80.88770650821586 -22 7.021792747981941
    endloop
  endfacet
  facet normal 0 -1 0
    outer loop
      vertex 76.5 -22 2.5
      vertex 82.11229349178414 -22 7.021792747981941
      vertex 81.81214451522581 -22 6.93074355135483
    endloop
  endfacet
  facet normal 0 -1 0
    outer loop
      vertex 76.5 -22 2.5
      vertex 81.5 -22 6.899999999999999
      vertex 81.18785548477419 -22 6.93074355135483
    endloop
  endfacet
  facet normal 0 -1 0
    outer loop
      vertex 76.5 -22 2.5
      vertex 81.81214451522581 -22 6.93074355135483
      vertex 81.5 -22 6.899999999999999
    endloop
  endfacet
  facet normal 0 -1 0
    outer loop
      vertex 82.63137084989847 -22 7.368629150101526
      vertex 82.38891237283136 -22 7.169648620315925
      vertex 87.5 -22 2.5
    endloop
  endfacet
  facet normal 0 -1 0
    outer loop
      vertex 82.11229349178414 -22 7.021792747981941
      vertex 87.5 -22 2.5
      vertex 82.38891237283136 -22 7.169648620315925
    endloop
  endfacet
  facet normal 0 -1 0
    outer loop
      vertex 82.83035137968407 -22 7.6110876271686365
      vertex 87.5 -22 2.5
      vertex 82.97820725201805 -22 7.887706508215857
    endloop
  endfacet
  facet normal 0 1 0
    outer loop
      vertex 78.575 -14 6.811250462620343
      vertex 81.5 -14 5.122500925240686
      vertex 76.5 -14 2.5
    endloop
  endfacet
  facet normal 0 1 0
    outer loop
      vertex 81.5 -14 5.122500925240686
      vertex 84.425 -14 6.811250462620343
      vertex 87.5 -14 2.5
    endloop
  endfacet
  facet normal 0 1 0
    outer loop
      vertex 76.5 -14 2.5
      vertex 81.5 -14 5.122500925240686
      vertex 87.5 -14 2.5
    endloop
  endfacet
  facet normal 0 -1 0
    outer loop
      vertex 76.5 -22 2.5
      vertex 87.5 -22 2.5
      vertex 82.11229349178414 -22 7.021792747981941
    endloop
  endfacet
  facet normal 0.4713967368259997 -0.8819212643483539 0
    outer loop
      vertex 59.777719067921595 13.325878449210181 2.5
      vertex 59.777719067921595 13.325878449210181 0
      vertex 60.46926627053964 13.695518130045148 2.5
    endloop
  endfacet
  facet normal 0.2902846772544611 -0.9569403357322093 0
    outer loop
      vertex 60.46926627053964 13.695518130045148 2.5
      vertex 60.46926627053964 13.695518130045148 0
      vertex 61.21963871193549 13.923141121612922 2.5
    endloop
  endfacet
  facet normal 0.09801714032956084 -0.9951847266721968 0
    outer loop
      vertex 61.21963871193549 13.923141121612922 2.5
      vertex 61.21963871193549 13.923141121612922 0
      vertex 62 14 2.5
    endloop
  endfacet
  facet normal -0.09801714032956084 -0.9951847266721968 0
    outer loop
      vertex 62 14 2.5
      vertex 62 14 0
      vertex 62.78036128806451 13.923141121612922 2.5
    endloop
  endfacet
  facet normal -0.2902846772544611 -0.9569403357322093 0
    outer loop
      vertex 62.78036128806451 13.923141121612922 2.5
      vertex 62.78036128806451 13.923141121612922 0
      vertex 63.53073372946036 13.695518130045148 2.5
    endloop
  endfacet
  facet normal -0.4713967368259997 -0.8819212643483539 0
    outer loop
      vertex 63.53073372946036 13.695518130045148 2.5
      vertex 63.53073372946036 13.695518130045148 0
      vertex 64.2222809320784 13.325878449210181 2.5
    endloop
  endfacet
  facet normal 0.4713967368259997 -0.8819212643483539 0
    outer loop
      vertex 60.46926627053964 13.695518130045148 2.5
      vertex 59.777719067921595 13.325878449210181 0
      vertex 60.46926627053964 13.695518130045148 0
    endloop
  endfacet
  facet normal 0.2902846772544611 -0.9569403357322093 0
    outer loop
      vertex 61.21963871193549 13.923141121612922 2.5
      vertex 60.46926627053964 13.695518130045148 0
      vertex 61.21963871193549 13.923141121612922 0
    endloop
  endfacet
  facet normal 0.09801714032956084 -0.9951847266721968 1.1743327150139196e-18
    outer loop
      vertex 61.21963871193549 13.923141121612922 0
      vertex 62 14 0
      vertex 62 14 2.5
    endloop
  endfacet
  facet normal -0.09801714032956084 -0.9951847266721968 -1.1743327150139196e-18
    outer loop
      vertex 62 14 0
      vertex 62.78036128806451 13.923141121612922 0
      vertex 62.78036128806451 13.923141121612922 2.5
    endloop
  endfacet
  facet normal -0.2902846772544611 -0.9569403357322093 0
    outer loop
      vertex 63.53073372946036 13.695518130045148 2.5
      vertex 62.78036128806451 13.923141121612922 0
      vertex 63.53073372946036 13.695518130045148 0
    endloop
  endfacet
  facet normal -0.4713967368259997 -0.8819212643483539 0
    outer loop
      vertex 64.2222809320784 13.325878449210181 2.5
      vertex 63.53073372946036 13.695518130045148 0
      vertex 64.2222809320784 13.325878449210181 0
    endloop
  endfacet
  facet normal 0.7730104533627387 -0.6343932841636434 0
    outer loop
      vertex 58.67412155078982 12.222280932078409 2.5
      vertex 58.67412155078982 12.222280932078409 0
      vertex 59.17157287525381 12.82842712474619 2.5
    endloop
  endfacet
  facet normal 0.6343932841636427 -0.7730104533627392 -1.3451545154097967e-17
    outer loop
      vertex 59.777719067921595 13.325878449210181 2.5
      vertex 59.17157287525381 12.82842712474619 2.5
      vertex 59.17157287525381 12.82842712474619 0
    endloop
  endfacet
  facet normal 0.8819212643483559 -0.4713967368259961 9.516741899223448e-18
    outer loop
      vertex 58.67412155078982 12.222280932078409 2.5
      vertex 58.304481869954856 11.530733729460358 2.5
      vertex 58.304481869954856 11.530733729460358 0
    endloop
  endfacet
  facet normal 0.9569403357322078 -0.29028467725446594 -4.635545046246276e-19
    outer loop
      vertex 58.304481869954856 11.530733729460358 2.5
      vertex 58.07685887838708 10.780361288064514 2.5
      vertex 58.07685887838708 10.780361288064514 0
    endloop
  endfacet
  facet normal -0.6343932841636472 -0.7730104533627356 0
    outer loop
      vertex 64.2222809320784 13.325878449210181 2.5
      vertex 64.2222809320784 13.325878449210181 0
      vertex 64.82842712474618 12.82842712474619 2.5
    endloop
  endfacet
  facet normal -0.7730104533627342 -0.6343932841636487 0
    outer loop
      vertex 64.82842712474618 12.82842712474619 2.5
      vertex 64.82842712474618 12.82842712474619 0
      vertex 65.32587844921018 12.222280932078409 2.5
    endloop
  endfacet
  facet normal -0.8819212643483559 -0.4713967368259961 0
    outer loop
      vertex 65.32587844921018 12.222280932078409 2.5
      vertex 65.32587844921018 12.222280932078409 0
      vertex 65.69551813004514 11.530733729460358 2.5
    endloop
  endfacet
  facet normal -0.9569403357322054 -0.2902846772544742 0
    outer loop
      vertex 65.69551813004514 11.530733729460358 2.5
      vertex 65.69551813004514 11.530733729460358 0
      vertex 65.92314112161293 10.780361288064514 2.5
    endloop
  endfacet
  facet normal -0.9951847266721977 -0.09801714032955164 0
    outer loop
      vertex 65.92314112161293 10.780361288064514 2.5
      vertex 65.92314112161293 10.780361288064514 0
      vertex 66 10 2.5
    endloop
  endfacet
  facet normal 0.7730104533627387 -0.6343932841636434 -6.715866945102241e-19
    outer loop
      vertex 58.67412155078982 12.222280932078409 0
      vertex 59.17157287525381 12.82842712474619 0
      vertex 59.17157287525381 12.82842712474619 2.5
    endloop
  endfacet
  facet normal 0.8819212643483559 -0.4713967368259961 0
    outer loop
      vertex 58.67412155078982 12.222280932078409 2.5
      vertex 58.304481869954856 11.530733729460358 0
      vertex 58.67412155078982 12.222280932078409 0
    endloop
  endfacet
  facet normal 0.6343932841636427 -0.7730104533627392 0
    outer loop
      vertex 59.777719067921595 13.325878449210181 2.5
      vertex 59.17157287525381 12.82842712474619 0
      vertex 59.777719067921595 13.325878449210181 0
    endloop
  endfacet
  facet normal 0.9569403357322078 -0.29028467725446594 0
    outer loop
      vertex 58.304481869954856 11.530733729460358 2.5
      vertex 58.07685887838708 10.780361288064514 0
      vertex 58.304481869954856 11.530733729460358 0
    endloop
  endfacet
  facet normal 0.9951847266721968 -0.09801714032956062 0
    outer loop
      vertex 58.07685887838708 10.780361288064514 2.5
      vertex 58 10 0
      vertex 58.07685887838708 10.780361288064514 0
    endloop
  endfacet
  facet normal -0.6343932841636472 -0.7730104533627356 4.2136563428584915e-18
    outer loop
      vertex 64.2222809320784 13.325878449210181 0
      vertex 64.82842712474618 12.82842712474619 0
      vertex 64.82842712474618 12.82842712474619 2.5
    endloop
  endfacet
  facet normal -0.7730104533627342 -0.6343932841636487 1.2374670396826487e-17
    outer loop
      vertex 64.82842712474618 12.82842712474619 0
      vertex 65.32587844921018 12.222280932078409 0
      vertex 65.32587844921018 12.222280932078409 2.5
    endloop
  endfacet
  facet normal -0.8819212643483559 -0.4713967368259961 -9.516741899223448e-18
    outer loop
      vertex 65.32587844921018 12.222280932078409 0
      vertex 65.69551813004514 11.530733729460358 0
      vertex 65.69551813004514 11.530733729460358 2.5
    endloop
  endfacet
  facet normal -0.9569403357322054 -0.2902846772544742 -8.863906550897785e-19
    outer loop
      vertex 65.69551813004514 11.530733729460358 0
      vertex 65.92314112161293 10.780361288064514 0
      vertex 65.92314112161293 10.780361288064514 2.5
    endloop
  endfacet
  facet normal 0.9951847266721968 -0.09801714032956062 2.704164986758767e-20
    outer loop
      vertex 58.07685887838708 10.780361288064514 2.5
      vertex 58 10 2.5
      vertex 58 10 0
    endloop
  endfacet
  facet normal 0.9951847266721968 0.09801714032956062 -2.704164986758767e-20
    outer loop
      vertex 58 10 2.5
      vertex 58.07685887838708 9.219638711935486 2.5
      vertex 58.07685887838708 9.219638711935486 0
    endloop
  endfacet
  facet normal 0.9569403357322078 0.29028467725446594 4.635545046246276e-19
    outer loop
      vertex 58.07685887838708 9.219638711935486 2.5
      vertex 58.304481869954856 8.469266270539642 2.5
      vertex 58.304481869954856 8.469266270539642 0
    endloop
  endfacet
  facet normal 0.8819212643483559 0.4713967368259961 -9.516741899223448e-18
    outer loop
      vertex 58.304481869954856 8.469266270539642 2.5
      vertex 58.67412155078982 7.777719067921591 2.5
      vertex 58.67412155078982 7.777719067921591 0
    endloop
  endfacet
  facet normal -0.9951847266721977 0.09801714032955164 0
    outer loop
      vertex 66 10 2.5
      vertex 66 10 0
      vertex 65.92314112161293 9.219638711935486 2.5
    endloop
  endfacet
  facet normal -0.9569403357322054 0.2902846772544742 0
    outer loop
      vertex 65.92314112161293 9.219638711935486 2.5
      vertex 65.92314112161293 9.219638711935486 0
      vertex 65.69551813004514 8.469266270539642 2.5
    endloop
  endfacet
  facet normal -0.8819212643483559 0.4713967368259961 0
    outer loop
      vertex 65.69551813004514 8.469266270539642 2.5
      vertex 65.69551813004514 8.469266270539642 0
      vertex 65.32587844921018 7.777719067921591 2.5
    endloop
  endfacet
  facet normal -0.7730104533627342 0.6343932841636487 0
    outer loop
      vertex 65.32587844921018 7.777719067921591 2.5
      vertex 65.32587844921018 7.777719067921591 0
      vertex 64.82842712474618 7.17157287525381 2.5
    endloop
  endfacet
  facet normal 0.9951847266721968 0.09801714032956062 0
    outer loop
      vertex 58 10 2.5
      vertex 58.07685887838708 9.219638711935486 0
      vertex 58 10 0
    endloop
  endfacet
  facet normal 0.9569403357322078 0.29028467725446594 0
    outer loop
      vertex 58.07685887838708 9.219638711935486 2.5
      vertex 58.304481869954856 8.469266270539642 0
      vertex 58.07685887838708 9.219638711935486 0
    endloop
  endfacet
  facet normal 0.8819212643483559 0.4713967368259961 0
    outer loop
      vertex 58.304481869954856 8.469266270539642 2.5
      vertex 58.67412155078982 7.777719067921591 0
      vertex 58.304481869954856 8.469266270539642 0
    endloop
  endfacet
  facet normal 0.7730104533627387 0.6343932841636434 0
    outer loop
      vertex 58.67412155078982 7.777719067921591 2.5
      vertex 59.17157287525381 7.17157287525381 0
      vertex 58.67412155078982 7.777719067921591 0
    endloop
  endfacet
  facet normal -0.9951847266721977 -0.09801714032955164 2.9138010900910235e-19
    outer loop
      vertex 65.92314112161293 10.780361288064514 0
      vertex 66 10 0
      vertex 66 10 2.5
    endloop
  endfacet
  facet normal -0.9951847266721977 0.09801714032955164 -2.9138010900910235e-19
    outer loop
      vertex 66 10 0
      vertex 65.92314112161293 9.219638711935486 0
      vertex 65.92314112161293 9.219638711935486 2.5
    endloop
  endfacet
  facet normal -0.9569403357322054 0.2902846772544742 8.863906550897785e-19
    outer loop
      vertex 65.92314112161293 9.219638711935486 0
      vertex 65.69551813004514 8.469266270539642 0
      vertex 65.69551813004514 8.469266270539642 2.5
    endloop
  endfacet
  facet normal -0.8819212643483559 0.4713967368259961 9.516741899223448e-18
    outer loop
      vertex 65.69551813004514 8.469266270539642 0
      vertex 65.32587844921018 7.777719067921591 0
      vertex 65.32587844921018 7.777719067921591 2.5
    endloop
  endfacet
  facet normal 0.7730104533627387 0.6343932841636434 6.715866945102241e-19
    outer loop
      vertex 58.67412155078982 7.777719067921591 2.5
      vertex 59.17157287525381 7.17157287525381 2.5
      vertex 59.17157287525381 7.17157287525381 0
    endloop
  endfacet
  facet normal 0.6343932841636427 0.7730104533627392 1.3451545154097967e-17
    outer loop
      vertex 59.17157287525381 7.17157287525381 2.5
      vertex 59.777719067921595 6.674121550789819 2.5
      vertex 59.777719067921595 6.674121550789819 0
    endloop
  endfacet
  facet normal 0.4713967368259988 0.8819212643483544 7.252179268477418e-18
    outer loop
      vertex 59.777719067921595 6.674121550789819 2.5
      vertex 60.46926627053964 6.304481869954853 2.5
      vertex 60.46926627053964 6.304481869954853 0
    endloop
  endfacet
  facet normal 0.29028467725446216 0.9569403357322089 -7.07044208848258e-18
    outer loop
      vertex 60.46926627053964 6.304481869954853 2.5
      vertex 61.21963871193549 6.076858878387078 2.5
      vertex 61.21963871193549 6.076858878387078 0
    endloop
  endfacet
  facet normal 0.09801714032956084 0.9951847266721968 -1.1743327150139196e-18
    outer loop
      vertex 61.21963871193549 6.076858878387078 2.5
      vertex 62 6 2.5
      vertex 62 6 0
    endloop
  endfacet
  facet normal -0.6343932841636472 0.7730104533627356 -4.2136563428584915e-18
    outer loop
      vertex 64.2222809320784 6.674121550789819 2.5
      vertex 64.82842712474618 7.17157287525381 2.5
      vertex 64.82842712474618 7.17157287525381 0
    endloop
  endfacet
  facet normal -0.09801714032956084 0.9951847266721968 1.1743327150139196e-18
    outer loop
      vertex 62 6 2.5
      vertex 62.78036128806451 6.076858878387078 2.5
      vertex 62.78036128806451 6.076858878387078 0
    endloop
  endfacet
  facet normal -0.29028467725446216 0.9569403357322089 7.07044208848258e-18
    outer loop
      vertex 62.78036128806451 6.076858878387078 2.5
      vertex 63.53073372946036 6.304481869954853 2.5
      vertex 63.53073372946036 6.304481869954853 0
    endloop
  endfacet
  facet normal -0.4713967368259988 0.8819212643483544 0
    outer loop
      vertex 64.2222809320784 6.674121550789819 2.5
      vertex 64.2222809320784 6.674121550789819 0
      vertex 63.53073372946036 6.304481869954853 2.5
    endloop
  endfacet
  facet normal 0.6343932841636427 0.7730104533627392 0
    outer loop
      vertex 59.17157287525381 7.17157287525381 2.5
      vertex 59.777719067921595 6.674121550789819 0
      vertex 59.17157287525381 7.17157287525381 0
    endloop
  endfacet
  facet normal 0.4713967368259988 0.8819212643483544 0
    outer loop
      vertex 59.777719067921595 6.674121550789819 2.5
      vertex 60.46926627053964 6.304481869954853 0
      vertex 59.777719067921595 6.674121550789819 0
    endloop
  endfacet
  facet normal 0.29028467725446216 0.9569403357322089 0
    outer loop
      vertex 60.46926627053964 6.304481869954853 2.5
      vertex 61.21963871193549 6.076858878387078 0
      vertex 60.46926627053964 6.304481869954853 0
    endloop
  endfacet
  facet normal 0.09801714032956084 0.9951847266721968 0
    outer loop
      vertex 61.21963871193549 6.076858878387078 2.5
      vertex 62 6 0
      vertex 61.21963871193549 6.076858878387078 0
    endloop
  endfacet
  facet normal -0.6343932841636472 0.7730104533627356 0
    outer loop
      vertex 64.2222809320784 6.674121550789819 2.5
      vertex 64.82842712474618 7.17157287525381 0
      vertex 64.2222809320784 6.674121550789819 0
    endloop
  endfacet
  facet normal -0.09801714032956084 0.9951847266721968 0
    outer loop
      vertex 62 6 2.5
      vertex 62.78036128806451 6.076858878387078 0
      vertex 62 6 0
    endloop
  endfacet
  facet normal -0.29028467725446216 0.9569403357322089 0
    outer loop
      vertex 62.78036128806451 6.076858878387078 2.5
      vertex 63.53073372946036 6.304481869954853 0
      vertex 62.78036128806451 6.076858878387078 0
    endloop
  endfacet
  facet normal -0.4713967368259988 0.8819212643483544 -7.252179268477418e-18
    outer loop
      vertex 64.2222809320784 6.674121550789819 0
      vertex 63.53073372946036 6.304481869954853 0
      vertex 63.53073372946036 6.304481869954853 2.5
    endloop
  endfacet
  facet normal -0.7730104533627342 0.6343932841636487 -1.2374670396826487e-17
    outer loop
      vertex 65.32587844921018 7.777719067921591 0
      vertex 64.82842712474618 7.17157287525381 0
      vertex 64.82842712474618 7.17157287525381 2.5
    endloop
  endfacet
  facet normal 1 0 0
    outer loop
      vertex 42.5 13.25 2.5
      vertex 42.5 8.75 0
      vertex 42.5 13.25 0
    endloop
  endfacet
  facet normal 1 0 0
    outer loop
      vertex 42.5 13.25 2.5
      vertex 42.5 8.75 2.5
      vertex 42.5 8.75 0
    endloop
  endfacet
  facet normal 0 -1 0
    outer loop
      vertex 42.5 13.25 2.5
      vertex 42.5 13.25 0
      vertex 52.5 13.25 2.5
    endloop
  endfacet
  facet normal -1 0 0
    outer loop
      vertex 52.5 13.25 2.5
      vertex 52.5 13.25 0
      vertex 52.5 8.75 2.5
    endloop
  endfacet
  facet normal 0 -1 0
    outer loop
      vertex 42.5 13.25 0
      vertex 52.5 13.25 0
      vertex 52.5 13.25 2.5
    endloop
  endfacet
  facet normal 0 1 0
    outer loop
      vertex 42.5 8.75 2.5
      vertex 52.5 8.75 2.5
      vertex 52.5 8.75 0
    endloop
  endfacet
  facet normal 0 1 0
    outer loop
      vertex 42.5 8.75 2.5
      vertex 52.5 8.75 0
      vertex 42.5 8.75 0
    endloop
  endfacet
  facet normal -1 0 0
    outer loop
      vertex 52.5 13.25 0
      vertex 52.5 8.75 0
      vertex 52.5 8.75 2.5
    endloop
  endfacet
  facet normal 0.6343932841636477 -0.7730104533627351 -2.744378844435275e-18
    outer loop
      vertex 35.8055372087255 11.939337015378182 2.5
      vertex 35.616116523516816 11.783883476483185 2.5
      vertex 35.616116523516816 11.783883476483185 0
    endloop
  endfacet
  facet normal 0.2902846772544745 -0.9569403357322052 0
    outer loop
      vertex 36.02164570954364 12.054849415639108 2.5
      vertex 36.02164570954364 12.054849415639108 0
      vertex 36.25613709747984 12.125981600504039 2.5
    endloop
  endfacet
  facet normal 0.4713967368259868 -0.8819212643483608 0
    outer loop
      vertex 35.8055372087255 11.939337015378182 2.5
      vertex 35.8055372087255 11.939337015378182 0
      vertex 36.02164570954364 12.054849415639108 2.5
    endloop
  endfacet
  facet normal 0.09801714032955763 -0.9951847266721972 5.744839282539405e-19
    outer loop
      vertex 36.5 12.15 2.5
      vertex 36.25613709747984 12.125981600504039 2.5
      vertex 36.25613709747984 12.125981600504039 0
    endloop
  endfacet
  facet normal -0.09801714032955763 -0.9951847266721972 0
    outer loop
      vertex 36.5 12.15 2.5
      vertex 36.5 12.15 0
      vertex 36.74386290252016 12.125981600504039 2.5
    endloop
  endfacet
  facet normal -0.2902846772544745 -0.9569403357322052 0
    outer loop
      vertex 36.74386290252016 12.125981600504039 2.5
      vertex 36.74386290252016 12.125981600504039 0
      vertex 36.97835429045636 12.054849415639108 2.5
    endloop
  endfacet
  facet normal -0.4713967368259868 -0.8819212643483608 0
    outer loop
      vertex 36.97835429045636 12.054849415639108 2.5
      vertex 36.97835429045636 12.054849415639108 0
      vertex 37.1944627912745 11.939337015378182 2.5
    endloop
  endfacet
  facet normal -0.6343932841636477 -0.7730104533627351 0
    outer loop
      vertex 37.1944627912745 11.939337015378182 2.5
      vertex 37.1944627912745 11.939337015378182 0
      vertex 37.383883476483184 11.783883476483185 2.5
    endloop
  endfacet
  facet normal 0.7730104533627388 -0.6343932841636434 -2.6503142431063626e-18
    outer loop
      vertex 35.616116523516816 11.783883476483185 2.5
      vertex 35.46066298462182 11.594462791274504 2.5
      vertex 35.46066298462182 11.594462791274504 0
    endloop
  endfacet
  facet normal 0.8819212643483575 -0.47139673682599276 -1.7477700459126247e-19
    outer loop
      vertex 35.46066298462182 11.594462791274504 2.5
      vertex 35.345150584360894 11.378354290456363 2.5
      vertex 35.345150584360894 11.378354290456363 0
    endloop
  endfacet
  facet normal 0.9569403357322097 -0.29028467725445983 -1.538761007895917e-18
    outer loop
      vertex 35.345150584360894 11.378354290456363 2.5
      vertex 35.274018399495965 11.14386290252016 2.5
      vertex 35.274018399495965 11.14386290252016 0
    endloop
  endfacet
  facet normal 0.9951847266721956 -0.0980171403295734 -1.5739267679892228e-19
    outer loop
      vertex 35.274018399495965 11.14386290252016 2.5
      vertex 35.25 10.9 2.5
      vertex 35.25 10.9 0
    endloop
  endfacet
  facet normal 0.9951847266721956 0.0980171403295734 1.5739267679892228e-19
    outer loop
      vertex 35.25 10.9 2.5
      vertex 35.274018399495965 10.65613709747984 2.5
      vertex 35.274018399495965 10.65613709747984 0
    endloop
  endfacet
  facet normal 0.9569403357322097 0.29028467725445983 1.538761007895917e-18
    outer loop
      vertex 35.274018399495965 10.65613709747984 2.5
      vertex 35.345150584360894 10.421645709543638 2.5
      vertex 35.345150584360894 10.421645709543638 0
    endloop
  endfacet
  facet normal -0.7730104533627388 -0.6343932841636434 0
    outer loop
      vertex 37.383883476483184 11.783883476483185 2.5
      vertex 37.383883476483184 11.783883476483185 0
      vertex 37.53933701537818 11.594462791274504 2.5
    endloop
  endfacet
  facet normal -0.8819212643483575 -0.47139673682599276 0
    outer loop
      vertex 37.53933701537818 11.594462791274504 2.5
      vertex 37.53933701537818 11.594462791274504 0
      vertex 37.654849415639106 11.378354290456363 2.5
    endloop
  endfacet
  facet normal -0.9569403357322097 -0.29028467725445983 0
    outer loop
      vertex 37.654849415639106 11.378354290456363 2.5
      vertex 37.654849415639106 11.378354290456363 0
      vertex 37.725981600504035 11.14386290252016 2.5
    endloop
  endfacet
  facet normal -0.9951847266721956 -0.0980171403295734 0
    outer loop
      vertex 37.725981600504035 11.14386290252016 2.5
      vertex 37.725981600504035 11.14386290252016 0
      vertex 37.75 10.9 2.5
    endloop
  endfacet
  facet normal -0.9951847266721956 0.0980171403295734 0
    outer loop
      vertex 37.75 10.9 2.5
      vertex 37.75 10.9 0
      vertex 37.725981600504035 10.65613709747984 2.5
    endloop
  endfacet
  facet normal -0.9569403357322097 0.29028467725445983 0
    outer loop
      vertex 37.725981600504035 10.65613709747984 2.5
      vertex 37.725981600504035 10.65613709747984 0
      vertex 37.654849415639106 10.421645709543638 2.5
    endloop
  endfacet
  facet normal -0.8819212643483575 0.47139673682599276 0
    outer loop
      vertex 37.654849415639106 10.421645709543638 2.5
      vertex 37.654849415639106 10.421645709543638 0
      vertex 37.53933701537818 10.205537208725497 2.5
    endloop
  endfacet
  facet normal 0.6343932841636477 -0.7730104533627351 0
    outer loop
      vertex 35.8055372087255 11.939337015378182 2.5
      vertex 35.616116523516816 11.783883476483185 0
      vertex 35.8055372087255 11.939337015378182 0
    endloop
  endfacet
  facet normal 0.2902846772544745 -0.9569403357322052 0
    outer loop
      vertex 36.25613709747984 12.125981600504039 2.5
      vertex 36.02164570954364 12.054849415639108 0
      vertex 36.25613709747984 12.125981600504039 0
    endloop
  endfacet
  facet normal 0.4713967368259868 -0.8819212643483608 0
    outer loop
      vertex 36.02164570954364 12.054849415639108 2.5
      vertex 35.8055372087255 11.939337015378182 0
      vertex 36.02164570954364 12.054849415639108 0
    endloop
  endfacet
  facet normal 0.09801714032955763 -0.9951847266721972 0
    outer loop
      vertex 36.5 12.15 2.5
      vertex 36.25613709747984 12.125981600504039 0
      vertex 36.5 12.15 0
    endloop
  endfacet
  facet normal -0.09801714032955763 -0.9951847266721972 -5.744839282539405e-19
    outer loop
      vertex 36.5 12.15 0
      vertex 36.74386290252016 12.125981600504039 0
      vertex 36.74386290252016 12.125981600504039 2.5
    endloop
  endfacet
  facet normal -0.2902846772544745 -0.9569403357322052 0
    outer loop
      vertex 36.97835429045636 12.054849415639108 2.5
      vertex 36.74386290252016 12.125981600504039 0
      vertex 36.97835429045636 12.054849415639108 0
    endloop
  endfacet
  facet normal -0.4713967368259868 -0.8819212643483608 0
    outer loop
      vertex 37.1944627912745 11.939337015378182 2.5
      vertex 36.97835429045636 12.054849415639108 0
      vertex 37.1944627912745 11.939337015378182 0
    endloop
  endfacet
  facet normal -0.6343932841636477 -0.7730104533627351 0
    outer loop
      vertex 37.383883476483184 11.783883476483185 2.5
      vertex 37.1944627912745 11.939337015378182 0
      vertex 37.383883476483184 11.783883476483185 0
    endloop
  endfacet
  facet normal 0.7730104533627388 -0.6343932841636434 0
    outer loop
      vertex 35.616116523516816 11.783883476483185 2.5
      vertex 35.46066298462182 11.594462791274504 0
      vertex 35.616116523516816 11.783883476483185 0
    endloop
  endfacet
  facet normal 0.8819212643483575 -0.47139673682599276 0
    outer loop
      vertex 35.46066298462182 11.594462791274504 2.5
      vertex 35.345150584360894 11.378354290456363 0
      vertex 35.46066298462182 11.594462791274504 0
    endloop
  endfacet
  facet normal 0.9569403357322097 -0.29028467725445983 0
    outer loop
      vertex 35.345150584360894 11.378354290456363 2.5
      vertex 35.274018399495965 11.14386290252016 0
      vertex 35.345150584360894 11.378354290456363 0
    endloop
  endfacet
  facet normal 0.9951847266721956 -0.0980171403295734 0
    outer loop
      vertex 35.274018399495965 11.14386290252016 2.5
      vertex 35.25 10.9 0
      vertex 35.274018399495965 11.14386290252016 0
    endloop
  endfacet
  facet normal 0.9951847266721956 0.0980171403295734 0
    outer loop
      vertex 35.25 10.9 2.5
      vertex 35.274018399495965 10.65613709747984 0
      vertex 35.25 10.9 0
    endloop
  endfacet
  facet normal 0.9569403357322097 0.29028467725445983 0
    outer loop
      vertex 35.274018399495965 10.65613709747984 2.5
      vertex 35.345150584360894 10.421645709543638 0
      vertex 35.274018399495965 10.65613709747984 0
    endloop
  endfacet
  facet normal 0.8819212643483575 0.47139673682599276 0
    outer loop
      vertex 35.345150584360894 10.421645709543638 2.5
      vertex 35.46066298462182 10.205537208725497 0
      vertex 35.345150584360894 10.421645709543638 0
    endloop
  endfacet
  facet normal -0.7730104533627388 -0.6343932841636434 2.6503142431063626e-18
    outer loop
      vertex 37.383883476483184 11.783883476483185 0
      vertex 37.53933701537818 11.594462791274504 0
      vertex 37.53933701537818 11.594462791274504 2.5
    endloop
  endfacet
  facet normal -0.8819212643483575 -0.47139673682599276 0
    outer loop
      vertex 37.654849415639106 11.378354290456363 2.5
      vertex 37.53933701537818 11.594462791274504 0
      vertex 37.654849415639106 11.378354290456363 0
    endloop
  endfacet
  facet normal -0.9569403357322097 -0.29028467725445983 0
    outer loop
      vertex 37.725981600504035 11.14386290252016 2.5
      vertex 37.654849415639106 11.378354290456363 0
      vertex 37.725981600504035 11.14386290252016 0
    endloop
  endfacet
  facet normal -0.9951847266721956 -0.0980171403295734 1.5739267679892228e-19
    outer loop
      vertex 37.725981600504035 11.14386290252016 0
      vertex 37.75 10.9 0
      vertex 37.75 10.9 2.5
    endloop
  endfacet
  facet normal -0.9951847266721956 0.0980171403295734 0
    outer loop
      vertex 37.725981600504035 10.65613709747984 2.5
      vertex 37.75 10.9 0
      vertex 37.725981600504035 10.65613709747984 0
    endloop
  endfacet
  facet normal -0.9569403357322097 0.29028467725445983 0
    outer loop
      vertex 37.654849415639106 10.421645709543638 2.5
      vertex 37.725981600504035 10.65613709747984 0
      vertex 37.654849415639106 10.421645709543638 0
    endloop
  endfacet
  facet normal 0.8819212643483575 0.47139673682599276 1.7477700459126247e-19
    outer loop
      vertex 35.345150584360894 10.421645709543638 2.5
      vertex 35.46066298462182 10.205537208725497 2.5
      vertex 35.46066298462182 10.205537208725497 0
    endloop
  endfacet
  facet normal 0.7730104533627388 0.6343932841636434 2.6503142431063626e-18
    outer loop
      vertex 35.46066298462182 10.205537208725497 2.5
      vertex 35.616116523516816 10.016116523516816 2.5
      vertex 35.616116523516816 10.016116523516816 0
    endloop
  endfacet
  facet normal 0.6343932841636477 0.7730104533627351 2.744378844435275e-18
    outer loop
      vertex 35.616116523516816 10.016116523516816 2.5
      vertex 35.8055372087255 9.860662984621818 2.5
      vertex 35.8055372087255 9.860662984621818 0
    endloop
  endfacet
  facet normal 0.4713967368259868 0.8819212643483608 -1.4375844974420145e-18
    outer loop
      vertex 35.8055372087255 9.860662984621818 2.5
      vertex 36.02164570954364 9.745150584360893 2.5
      vertex 36.02164570954364 9.745150584360893 0
    endloop
  endfacet
  facet normal 0.2902846772544745 0.9569403357322052 -6.182970610414576e-19
    outer loop
      vertex 36.02164570954364 9.745150584360893 2.5
      vertex 36.25613709747984 9.674018399495962 2.5
      vertex 36.25613709747984 9.674018399495962 0
    endloop
  endfacet
  facet normal 0.09801714032955763 0.9951847266721972 -5.744839282539405e-19
    outer loop
      vertex 36.25613709747984 9.674018399495962 2.5
      vertex 36.5 9.65 2.5
      vertex 36.5 9.65 0
    endloop
  endfacet
  facet normal -0.7730104533627388 0.6343932841636434 0
    outer loop
      vertex 37.53933701537818 10.205537208725497 2.5
      vertex 37.53933701537818 10.205537208725497 0
      vertex 37.383883476483184 10.016116523516816 2.5
    endloop
  endfacet
  facet normal -0.6343932841636477 0.7730104533627351 0
    outer loop
      vertex 37.383883476483184 10.016116523516816 2.5
      vertex 37.383883476483184 10.016116523516816 0
      vertex 37.1944627912745 9.860662984621818 2.5
    endloop
  endfacet
  facet normal -0.4713967368259868 0.8819212643483608 0
    outer loop
      vertex 37.1944627912745 9.860662984621818 2.5
      vertex 37.1944627912745 9.860662984621818 0
      vertex 36.97835429045636 9.745150584360893 2.5
    endloop
  endfacet
  facet normal -0.2902846772544745 0.9569403357322052 6.182970610414576e-19
    outer loop
      vertex 36.74386290252016 9.674018399495962 2.5
      vertex 36.97835429045636 9.745150584360893 2.5
      vertex 36.97835429045636 9.745150584360893 0
    endloop
  endfacet
  facet normal -0.09801714032955763 0.9951847266721972 5.744839282539405e-19
    outer loop
      vertex 36.5 9.65 2.5
      vertex 36.74386290252016 9.674018399495962 2.5
      vertex 36.74386290252016 9.674018399495962 0
    endloop
  endfacet
  facet normal 0.7730104533627388 0.6343932841636434 0
    outer loop
      vertex 35.46066298462182 10.205537208725497 2.5
      vertex 35.616116523516816 10.016116523516816 0
      vertex 35.46066298462182 10.205537208725497 0
    endloop
  endfacet
  facet normal 0.6343932841636477 0.7730104533627351 0
    outer loop
      vertex 35.616116523516816 10.016116523516816 2.5
      vertex 35.8055372087255 9.860662984621818 0
      vertex 35.616116523516816 10.016116523516816 0
    endloop
  endfacet
  facet normal 0.4713967368259868 0.8819212643483608 0
    outer loop
      vertex 35.8055372087255 9.860662984621818 2.5
      vertex 36.02164570954364 9.745150584360893 0
      vertex 35.8055372087255 9.860662984621818 0
    endloop
  endfacet
  facet normal 0.2902846772544745 0.9569403357322052 0
    outer loop
      vertex 36.02164570954364 9.745150584360893 2.5
      vertex 36.25613709747984 9.674018399495962 0
      vertex 36.02164570954364 9.745150584360893 0
    endloop
  endfacet
  facet normal 0.09801714032955763 0.9951847266721972 0
    outer loop
      vertex 36.25613709747984 9.674018399495962 2.5
      vertex 36.5 9.65 0
      vertex 36.25613709747984 9.674018399495962 0
    endloop
  endfacet
  facet normal -0.8819212643483575 0.47139673682599276 -1.7477700459126247e-19
    outer loop
      vertex 37.654849415639106 10.421645709543638 0
      vertex 37.53933701537818 10.205537208725497 0
      vertex 37.53933701537818 10.205537208725497 2.5
    endloop
  endfacet
  facet normal -0.7730104533627388 0.6343932841636434 0
    outer loop
      vertex 37.383883476483184 10.016116523516816 2.5
      vertex 37.53933701537818 10.205537208725497 0
      vertex 37.383883476483184 10.016116523516816 0
    endloop
  endfacet
  facet normal -0.6343932841636477 0.7730104533627351 0
    outer loop
      vertex 37.1944627912745 9.860662984621818 2.5
      vertex 37.383883476483184 10.016116523516816 0
      vertex 37.1944627912745 9.860662984621818 0
    endloop
  endfacet
  facet normal -0.4713967368259868 0.8819212643483608 0
    outer loop
      vertex 36.97835429045636 9.745150584360893 2.5
      vertex 37.1944627912745 9.860662984621818 0
      vertex 36.97835429045636 9.745150584360893 0
    endloop
  endfacet
  facet normal -0.2902846772544745 0.9569403357322052 0
    outer loop
      vertex 36.74386290252016 9.674018399495962 2.5
      vertex 36.97835429045636 9.745150584360893 0
      vertex 36.74386290252016 9.674018399495962 0
    endloop
  endfacet
  facet normal -0.09801714032955763 0.9951847266721972 0
    outer loop
      vertex 36.5 9.65 2.5
      vertex 36.74386290252016 9.674018399495962 0
      vertex 36.5 9.65 0
    endloop
  endfacet
  facet normal 0.47139673682599526 -0.8819212643483564 0
    outer loop
      vertex 25.055504184431392 13.81014364305891 2.5
      vertex 25.055504184431392 13.81014364305891 0
      vertex 25.660607986722187 14.133578363789503 2.5
    endloop
  endfacet
  facet normal 0.6343932841636468 -0.7730104533627359 1.5954500239414723e-18
    outer loop
      vertex 25.055504184431392 13.81014364305891 2.5
      vertex 24.525126265847085 13.374873734152917 2.5
      vertex 24.525126265847085 13.374873734152917 0
    endloop
  endfacet
  facet normal 0.09801714032955955 -0.9951847266721969 0
    outer loop
      vertex 26.317183872943552 14.332748481411308 2.5
      vertex 26.317183872943552 14.332748481411308 0
      vertex 27 14.4 2.5
    endloop
  endfacet
  facet normal 0.29028467725446444 -0.9569403357322082 0
    outer loop
      vertex 25.660607986722187 14.133578363789503 2.5
      vertex 25.660607986722187 14.133578363789503 0
      vertex 26.317183872943552 14.332748481411308 2.5
    endloop
  endfacet
  facet normal -0.09801714032955955 -0.9951847266721969 0
    outer loop
      vertex 27 14.4 2.5
      vertex 27 14.4 0
      vertex 27.682816127056448 14.332748481411308 2.5
    endloop
  endfacet
  facet normal -0.29028467725446444 -0.9569403357322082 0
    outer loop
      vertex 27.682816127056448 14.332748481411308 2.5
      vertex 27.682816127056448 14.332748481411308 0
      vertex 28.339392013277813 14.133578363789503 2.5
    endloop
  endfacet
  facet normal -0.47139673682599526 -0.8819212643483564 0
    outer loop
      vertex 28.339392013277813 14.133578363789503 2.5
      vertex 28.339392013277813 14.133578363789503 0
      vertex 28.944495815568608 13.81014364305891 2.5
    endloop
  endfacet
  facet normal -0.6343932841636468 -0.7730104533627359 0
    outer loop
      vertex 28.944495815568608 13.81014364305891 2.5
      vertex 28.944495815568608 13.81014364305891 0
      vertex 29.474873734152915 13.374873734152917 2.5
    endloop
  endfacet
  facet normal 0.6343932841636468 -0.7730104533627359 0
    outer loop
      vertex 25.055504184431392 13.81014364305891 2.5
      vertex 24.525126265847085 13.374873734152917 0
      vertex 25.055504184431392 13.81014364305891 0
    endloop
  endfacet
  facet normal 0.47139673682599526 -0.8819212643483564 3.672901551474511e-18
    outer loop
      vertex 25.055504184431392 13.81014364305891 0
      vertex 25.660607986722187 14.133578363789503 0
      vertex 25.660607986722187 14.133578363789503 2.5
    endloop
  endfacet
  facet normal 0.29028467725446444 -0.9569403357322082 0
    outer loop
      vertex 26.317183872943552 14.332748481411308 2.5
      vertex 25.660607986722187 14.133578363789503 0
      vertex 26.317183872943552 14.332748481411308 0
    endloop
  endfacet
  facet normal 0.09801714032955955 -0.9951847266721969 0
    outer loop
      vertex 27 14.4 2.5
      vertex 26.317183872943552 14.332748481411308 0
      vertex 27 14.4 0
    endloop
  endfacet
  facet normal -0.09801714032955955 -0.9951847266721969 0
    outer loop
      vertex 27.682816127056448 14.332748481411308 2.5
      vertex 27 14.4 0
      vertex 27.682816127056448 14.332748481411308 0
    endloop
  endfacet
  facet normal -0.29028467725446444 -0.9569403357322082 5.64985807387242e-18
    outer loop
      vertex 27.682816127056448 14.332748481411308 0
      vertex 28.339392013277813 14.133578363789503 0
      vertex 28.339392013277813 14.133578363789503 2.5
    endloop
  endfacet
  facet normal -0.47139673682599526 -0.8819212643483564 -3.672901551474511e-18
    outer loop
      vertex 28.339392013277813 14.133578363789503 0
      vertex 28.944495815568608 13.81014364305891 0
      vertex 28.944495815568608 13.81014364305891 2.5
    endloop
  endfacet
  facet normal -0.6343932841636468 -0.7730104533627359 0
    outer loop
      vertex 29.474873734152915 13.374873734152917 2.5
      vertex 28.944495815568608 13.81014364305891 0
      vertex 29.474873734152915 13.374873734152917 0
    endloop
  endfacet
  facet normal 0.7730104533627357 -0.634393284163647 -1.6171457299821793e-18
    outer loop
      vertex 24.525126265847085 13.374873734152917 2.5
      vertex 24.08985635694109 12.844495815568608 2.5
      vertex 24.08985635694109 12.844495815568608 0
    endloop
  endfacet
  facet normal 0.8819212643483547 -0.4713967368259983 4.106900510795757e-18
    outer loop
      vertex 24.08985635694109 12.844495815568608 2.5
      vertex 23.766421636210495 12.239392013277815 2.5
      vertex 23.766421636210495 12.239392013277815 0
    endloop
  endfacet
  facet normal 0.9569403357322096 -0.2902846772544597 -6.324830653731014e-18
    outer loop
      vertex 23.766421636210495 12.239392013277815 2.5
      vertex 23.567251518588694 11.58281612705645 2.5
      vertex 23.567251518588694 11.58281612705645 0
    endloop
  endfacet
  facet normal 0.9951847266721968 -0.09801714032956188 -1.280894098238366e-18
    outer loop
      vertex 23.567251518588694 11.58281612705645 2.5
      vertex 23.5 10.9 2.5
      vertex 23.5 10.9 0
    endloop
  endfacet
  facet normal 0.9951847266721968 0.09801714032956188 1.280894098238366e-18
    outer loop
      vertex 23.5 10.9 2.5
      vertex 23.567251518588694 10.21718387294355 2.5
      vertex 23.567251518588694 10.21718387294355 0
    endloop
  endfacet
  facet normal -0.7730104533627357 -0.634393284163647 0
    outer loop
      vertex 29.474873734152915 13.374873734152917 2.5
      vertex 29.474873734152915 13.374873734152917 0
      vertex 29.91014364305891 12.844495815568608 2.5
    endloop
  endfacet
  facet normal -0.8819212643483547 -0.4713967368259983 0
    outer loop
      vertex 29.91014364305891 12.844495815568608 2.5
      vertex 29.91014364305891 12.844495815568608 0
      vertex 30.233578363789505 12.239392013277815 2.5
    endloop
  endfacet
  facet normal -0.9569403357322096 -0.2902846772544597 0
    outer loop
      vertex 30.233578363789505 12.239392013277815 2.5
      vertex 30.233578363789505 12.239392013277815 0
      vertex 30.432748481411306 11.58281612705645 2.5
    endloop
  endfacet
  facet normal -0.9951847266721968 -0.09801714032956188 0
    outer loop
      vertex 30.432748481411306 11.58281612705645 2.5
      vertex 30.432748481411306 11.58281612705645 0
      vertex 30.5 10.9 2.5
    endloop
  endfacet
  facet normal -0.9951847266721968 0.09801714032956188 0
    outer loop
      vertex 30.5 10.9 2.5
      vertex 30.5 10.9 0
      vertex 30.432748481411306 10.21718387294355 2.5
    endloop
  endfacet
  facet normal 0.7730104533627357 -0.634393284163647 0
    outer loop
      vertex 24.525126265847085 13.374873734152917 2.5
      vertex 24.08985635694109 12.844495815568608 0
      vertex 24.525126265847085 13.374873734152917 0
    endloop
  endfacet
  facet normal 0.8819212643483547 -0.4713967368259983 0
    outer loop
      vertex 24.08985635694109 12.844495815568608 2.5
      vertex 23.766421636210495 12.239392013277815 0
      vertex 24.08985635694109 12.844495815568608 0
    endloop
  endfacet
  facet normal 0.9569403357322096 -0.2902846772544597 0
    outer loop
      vertex 23.766421636210495 12.239392013277815 2.5
      vertex 23.567251518588694 11.58281612705645 0
      vertex 23.766421636210495 12.239392013277815 0
    endloop
  endfacet
  facet normal 0.9951847266721968 -0.09801714032956188 0
    outer loop
      vertex 23.567251518588694 11.58281612705645 2.5
      vertex 23.5 10.9 0
      vertex 23.567251518588694 11.58281612705645 0
    endloop
  endfacet
  facet normal 0.9951847266721968 0.09801714032956188 0
    outer loop
      vertex 23.5 10.9 2.5
      vertex 23.567251518588694 10.21718387294355 0
      vertex 23.5 10.9 0
    endloop
  endfacet
  facet normal -0.7730104533627357 -0.634393284163647 1.6171457299821793e-18
    outer loop
      vertex 29.474873734152915 13.374873734152917 0
      vertex 29.91014364305891 12.844495815568608 0
      vertex 29.91014364305891 12.844495815568608 2.5
    endloop
  endfacet
  facet normal -0.8819212643483547 -0.4713967368259983 -4.106900510795757e-18
    outer loop
      vertex 29.91014364305891 12.844495815568608 0
      vertex 30.233578363789505 12.239392013277815 0
      vertex 30.233578363789505 12.239392013277815 2.5
    endloop
  endfacet
  facet normal -0.9569403357322096 -0.2902846772544597 6.324830653731014e-18
    outer loop
      vertex 30.233578363789505 12.239392013277815 0
      vertex 30.432748481411306 11.58281612705645 0
      vertex 30.432748481411306 11.58281612705645 2.5
    endloop
  endfacet
  facet normal -0.9951847266721968 -0.09801714032956188 1.280894098238366e-18
    outer loop
      vertex 30.432748481411306 11.58281612705645 0
      vertex 30.5 10.9 0
      vertex 30.5 10.9 2.5
    endloop
  endfacet
  facet normal -0.9951847266721968 0.09801714032956188 -1.280894098238366e-18
    outer loop
      vertex 30.5 10.9 0
      vertex 30.432748481411306 10.21718387294355 0
      vertex 30.432748481411306 10.21718387294355 2.5
    endloop
  endfacet
  facet normal 0.9569403357322096 0.2902846772544597 6.324830653731014e-18
    outer loop
      vertex 23.567251518588694 10.21718387294355 2.5
      vertex 23.766421636210495 9.560607986722186 2.5
      vertex 23.766421636210495 9.560607986722186 0
    endloop
  endfacet
  facet normal 0.8819212643483547 0.4713967368259983 -4.106900510795757e-18
    outer loop
      vertex 23.766421636210495 9.560607986722186 2.5
      vertex 24.08985635694109 8.955504184431392 2.5
      vertex 24.08985635694109 8.955504184431392 0
    endloop
  endfacet
  facet normal 0.7730104533627357 0.634393284163647 1.6171457299821793e-18
    outer loop
      vertex 24.08985635694109 8.955504184431392 2.5
      vertex 24.525126265847085 8.425126265847084 2.5
      vertex 24.525126265847085 8.425126265847084 0
    endloop
  endfacet
  facet normal 0.6343932841636468 0.7730104533627359 -1.5954500239414723e-18
    outer loop
      vertex 24.525126265847085 8.425126265847084 2.5
      vertex 25.055504184431392 7.989856356941091 2.5
      vertex 25.055504184431392 7.989856356941091 0
    endloop
  endfacet
  facet normal 0.47139673682599526 0.8819212643483564 -3.672901551474511e-18
    outer loop
      vertex 25.055504184431392 7.989856356941091 2.5
      vertex 25.660607986722187 7.666421636210497 2.5
      vertex 25.660607986722187 7.666421636210497 0
    endloop
  endfacet
  facet normal 0.2902846772544633 0.9569403357322085 5.818601218837069e-18
    outer loop
      vertex 25.660607986722187 7.666421636210497 2.5
      vertex 26.317183872943552 7.467251518588694 2.5
      vertex 26.317183872943552 7.467251518588694 0
    endloop
  endfacet
  facet normal 0.09801714032956084 0.9951847266721968 -2.690483602125996e-19
    outer loop
      vertex 26.317183872943552 7.467251518588694 2.5
      vertex 27 7.4 2.5
      vertex 27 7.4 0
    endloop
  endfacet
  facet normal -0.2902846772544633 0.9569403357322085 -5.818601218837069e-18
    outer loop
      vertex 27.682816127056448 7.467251518588694 2.5
      vertex 28.339392013277813 7.666421636210497 2.5
      vertex 28.339392013277813 7.666421636210497 0
    endloop
  endfacet
  facet normal -0.09801714032956084 0.9951847266721968 2.690483602125996e-19
    outer loop
      vertex 27 7.4 2.5
      vertex 27.682816127056448 7.467251518588694 2.5
      vertex 27.682816127056448 7.467251518588694 0
    endloop
  endfacet
  facet normal -0.9569403357322096 0.2902846772544597 0
    outer loop
      vertex 30.432748481411306 10.21718387294355 2.5
      vertex 30.432748481411306 10.21718387294355 0
      vertex 30.233578363789505 9.560607986722186 2.5
    endloop
  endfacet
  facet normal -0.8819212643483547 0.4713967368259983 0
    outer loop
      vertex 30.233578363789505 9.560607986722186 2.5
      vertex 30.233578363789505 9.560607986722186 0
      vertex 29.91014364305891 8.955504184431392 2.5
    endloop
  endfacet
  facet normal -0.6343932841636468 0.7730104533627359 0
    outer loop
      vertex 29.474873734152915 8.425126265847084 2.5
      vertex 29.474873734152915 8.425126265847084 0
      vertex 28.944495815568608 7.989856356941091 2.5
    endloop
  endfacet
  facet normal -0.7730104533627357 0.634393284163647 0
    outer loop
      vertex 29.91014364305891 8.955504184431392 2.5
      vertex 29.91014364305891 8.955504184431392 0
      vertex 29.474873734152915 8.425126265847084 2.5
    endloop
  endfacet
  facet normal -0.47139673682599526 0.8819212643483564 0
    outer loop
      vertex 28.944495815568608 7.989856356941091 2.5
      vertex 28.944495815568608 7.989856356941091 0
      vertex 28.339392013277813 7.666421636210497 2.5
    endloop
  endfacet
  facet normal 0.9569403357322096 0.2902846772544597 0
    outer loop
      vertex 23.567251518588694 10.21718387294355 2.5
      vertex 23.766421636210495 9.560607986722186 0
      vertex 23.567251518588694 10.21718387294355 0
    endloop
  endfacet
  facet normal 0.8819212643483547 0.4713967368259983 0
    outer loop
      vertex 23.766421636210495 9.560607986722186 2.5
      vertex 24.08985635694109 8.955504184431392 0
      vertex 23.766421636210495 9.560607986722186 0
    endloop
  endfacet
  facet normal 0.7730104533627357 0.634393284163647 0
    outer loop
      vertex 24.08985635694109 8.955504184431392 2.5
      vertex 24.525126265847085 8.425126265847084 0
      vertex 24.08985635694109 8.955504184431392 0
    endloop
  endfacet
  facet normal 0.6343932841636468 0.7730104533627359 0
    outer loop
      vertex 24.525126265847085 8.425126265847084 2.5
      vertex 25.055504184431392 7.989856356941091 0
      vertex 24.525126265847085 8.425126265847084 0
    endloop
  endfacet
  facet normal 0.47139673682599526 0.8819212643483564 0
    outer loop
      vertex 25.055504184431392 7.989856356941091 2.5
      vertex 25.660607986722187 7.666421636210497 0
      vertex 25.055504184431392 7.989856356941091 0
    endloop
  endfacet
  facet normal 0.2902846772544633 0.9569403357322085 0
    outer loop
      vertex 25.660607986722187 7.666421636210497 2.5
      vertex 26.317183872943552 7.467251518588694 0
      vertex 25.660607986722187 7.666421636210497 0
    endloop
  endfacet
  facet normal 0.09801714032956084 0.9951847266721968 0
    outer loop
      vertex 26.317183872943552 7.467251518588694 2.5
      vertex 27 7.4 0
      vertex 26.317183872943552 7.467251518588694 0
    endloop
  endfacet
  facet normal -0.09801714032956084 0.9951847266721968 0
    outer loop
      vertex 27 7.4 2.5
      vertex 27.682816127056448 7.467251518588694 0
      vertex 27 7.4 0
    endloop
  endfacet
  facet normal -0.2902846772544633 0.9569403357322085 0
    outer loop
      vertex 27.682816127056448 7.467251518588694 2.5
      vertex 28.339392013277813 7.666421636210497 0
      vertex 27.682816127056448 7.467251518588694 0
    endloop
  endfacet
  facet normal -0.9569403357322096 0.2902846772544597 -6.324830653731014e-18
    outer loop
      vertex 30.432748481411306 10.21718387294355 0
      vertex 30.233578363789505 9.560607986722186 0
      vertex 30.233578363789505 9.560607986722186 2.5
    endloop
  endfacet
  facet normal -0.8819212643483547 0.4713967368259983 0
    outer loop
      vertex 29.91014364305891 8.955504184431392 2.5
      vertex 30.233578363789505 9.560607986722186 0
      vertex 29.91014364305891 8.955504184431392 0
    endloop
  endfacet
  facet normal -0.6343932841636468 0.7730104533627359 1.5954500239414723e-18
    outer loop
      vertex 29.474873734152915 8.425126265847084 0
      vertex 28.944495815568608 7.989856356941091 0
      vertex 28.944495815568608 7.989856356941091 2.5
    endloop
  endfacet
  facet normal -0.7730104533627357 0.634393284163647 -1.6171457299821793e-18
    outer loop
      vertex 29.91014364305891 8.955504184431392 0
      vertex 29.474873734152915 8.425126265847084 0
      vertex 29.474873734152915 8.425126265847084 2.5
    endloop
  endfacet
  facet normal -0.47139673682599526 0.8819212643483564 0
    outer loop
      vertex 28.339392013277813 7.666421636210497 2.5
      vertex 28.944495815568608 7.989856356941091 0
      vertex 28.339392013277813 7.666421636210497 0
    endloop
  endfacet
  facet normal 0 -1 0
    outer loop
      vertex 4.5 13.5 2.5
      vertex 4.5 13.5 0
      vertex 21.5 13.5 2.5
    endloop
  endfacet
  facet normal 0 -1 0
    outer loop
      vertex 4.5 13.5 0
      vertex 21.5 13.5 0
      vertex 21.5 13.5 2.5
    endloop
  endfacet
  facet normal 1 0 0
    outer loop
      vertex 4.5 13.5 2.5
      vertex 4.5 -1.5 0
      vertex 4.5 13.5 0
    endloop
  endfacet
  facet normal -1 0 0
    outer loop
      vertex 21.5 13.5 2.5
      vertex 21.5 13.5 0
      vertex 21.5 -1.5 0
    endloop
  endfacet
  facet normal 1 0 0
    outer loop
      vertex 4.5 13.5 2.5
      vertex 4.5 -1.5 2.5
      vertex 4.5 -1.5 0
    endloop
  endfacet
  facet normal -1 0 0
    outer loop
      vertex 21.5 13.5 2.5
      vertex 21.5 -1.5 0
      vertex 21.5 -1.5 2.5
    endloop
  endfacet
  facet normal 0 1 0
    outer loop
      vertex 4.5 -1.5 2.5
      vertex 21.5 -1.5 0
      vertex 4.5 -1.5 0
    endloop
  endfacet
  facet normal 0 1 0
    outer loop
      vertex 4.5 -1.5 2.5
      vertex 21.5 -1.5 2.5
      vertex 21.5 -1.5 0
    endloop
  endfacet
  facet normal 0 -1 0
    outer loop
      vertex -15.5 13.5 2.5
      vertex -15.5 13.5 0
      vertex 1.5 13.5 2.5
    endloop
  endfacet
  facet normal 0 -1 0
    outer loop
      vertex -15.5 13.5 0
      vertex 1.5 13.5 0
      vertex 1.5 13.5 2.5
    endloop
  endfacet
  facet normal 1 0 0
    outer loop
      vertex -15.5 13.5 2.5
      vertex -15.5 -1.5 0
      vertex -15.5 13.5 0
    endloop
  endfacet
  facet normal 1 0 0
    outer loop
      vertex -15.5 13.5 2.5
      vertex -15.5 -1.5 2.5
      vertex -15.5 -1.5 0
    endloop
  endfacet
  facet normal 0 1 0
    outer loop
      vertex -15.5 -1.5 2.5
      vertex 1.5 -1.5 2.5
      vertex 1.5 -1.5 0
    endloop
  endfacet
  facet normal 0 1 0
    outer loop
      vertex -15.5 -1.5 2.5
      vertex 1.5 -1.5 0
      vertex -15.5 -1.5 0
    endloop
  endfacet
  facet normal -1 0 0
    outer loop
      vertex 1.5 13.5 2.5
      vertex 1.5 13.5 0
      vertex 1.5 -1.5 2.5
    endloop
  endfacet
  facet normal -1 0 0
    outer loop
      vertex 1.5 13.5 0
      vertex 1.5 -1.5 0
      vertex 1.5 -1.5 2.5
    endloop
  endfacet
  facet normal 0 -1 0
    outer loop
      vertex -27 13.25 2.5
      vertex -27 13.25 0
      vertex -21 13.25 2.5
    endloop
  endfacet
  facet normal 0 -1 0
    outer loop
      vertex -27 13.25 0
      vertex -21 13.25 0
      vertex -21 13.25 2.5
    endloop
  endfacet
  facet normal 1 0 0
    outer loop
      vertex -27 13.25 2.5
      vertex -27 -5.25 0
      vertex -27 13.25 0
    endloop
  endfacet
  facet normal -1 0 0
    outer loop
      vertex -21 13.25 2.5
      vertex -21 13.25 0
      vertex -21 -5.25 2.5
    endloop
  endfacet
  facet normal 1 0 0
    outer loop
      vertex -27 13.25 2.5
      vertex -27 -5.25 2.5
      vertex -27 -5.25 0
    endloop
  endfacet
  facet normal 0 1 0
    outer loop
      vertex -27 -5.25 2.5
      vertex -21 -5.25 2.5
      vertex -21 -5.25 0
    endloop
  endfacet
  facet normal 0 1 0
    outer loop
      vertex -27 -5.25 2.5
      vertex -21 -5.25 0
      vertex -27 -5.25 0
    endloop
  endfacet
  facet normal -1 0 0
    outer loop
      vertex -21 13.25 0
      vertex -21 -5.25 0
      vertex -21 -5.25 2.5
    endloop
  endfacet
  facet normal 1 0 0
    outer loop
      vertex -49.5 14.7 2.5
      vertex -49.5 -17.3 0
      vertex -49.5 14.7 0
    endloop
  endfacet
  facet normal 0 -1 0
    outer loop
      vertex -49.5 14.7 2.5
      vertex -49.5 14.7 0
      vertex -32.5 14.7 2.5
    endloop
  endfacet
  facet normal 0 -1 0
    outer loop
      vertex -49.5 14.7 0
      vertex -32.5 14.7 0
      vertex -32.5 14.7 2.5
    endloop
  endfacet
  facet normal -1 0 0
    outer loop
      vertex -32.5 14.7 2.5
      vertex -32.5 14.7 0
      vertex -32.5 -17.3 2.5
    endloop
  endfacet
  facet normal 1 0 0
    outer loop
      vertex -49.5 14.7 2.5
      vertex -49.5 -6.074285714285715 2.5
      vertex -49.5 -17.3 0
    endloop
  endfacet
  facet normal 1 0 0
    outer loop
      vertex -49.5 -6.074285714285715 2.5
      vertex -49.5 -17.3 2.5
      vertex -49.5 -17.3 0
    endloop
  endfacet
  facet normal -1 0 0
    outer loop
      vertex -32.5 14.7 0
      vertex -32.5 -17.3 0
      vertex -32.5 -17.3 2.5
    endloop
  endfacet
  facet normal 0 1 0
    outer loop
      vertex -49.5 -17.3 2.5
      vertex -32.5 -17.3 2.5
      vertex -32.5 -17.3 0
    endloop
  endfacet
  facet normal 0 1 0
    outer loop
      vertex -49.5 -17.3 2.5
      vertex -32.5 -17.3 0
      vertex -49.5 -17.3 0
    endloop
  endfacet
  facet normal 0 -1 0
    outer loop
      vertex -66.75 13.45 2.5
      vertex -66.75 13.45 0
      vertex -51.25 13.45 2.5
    endloop
  endfacet
  facet normal 0 -1 0
    outer loop
      vertex -66.75 13.45 0
      vertex -51.25 13.45 0
      vertex -51.25 13.45 2.5
    endloop
  endfacet
  facet normal 1 0 0
    outer loop
      vertex -66.75 13.45 2.5
      vertex -66.75 -4.050000000000001 0
      vertex -66.75 13.45 0
    endloop
  endfacet
  facet normal -1 0 0
    outer loop
      vertex -51.25 13.45 2.5
      vertex -51.25 13.45 0
      vertex -51.25 -4.050000000000001 2.5
    endloop
  endfacet
  facet normal 1 0 0
    outer loop
      vertex -66.75 13.45 2.5
      vertex -66.75 -4.050000000000001 2.5
      vertex -66.75 -4.050000000000001 0
    endloop
  endfacet
  facet normal -1 0 0
    outer loop
      vertex -51.25 13.45 0
      vertex -51.25 -4.050000000000001 0
      vertex -51.25 -4.050000000000001 2.5
    endloop
  endfacet
  facet normal 0 1 0
    outer loop
      vertex -66.75 -4.050000000000001 2.5
      vertex -51.25 -4.050000000000001 2.5
      vertex -51.25 -4.050000000000001 0
    endloop
  endfacet
  facet normal 0 1 0
    outer loop
      vertex -66.75 -4.050000000000001 2.5
      vertex -51.25 -4.050000000000001 0
      vertex -66.75 -4.050000000000001 0
    endloop
  endfacet
  facet normal 0.09801714032955908 7.89475184246444e-20 -0.9951847266721969
    outer loop
      vertex -81.81214451522581 -16.9 10.06925644864517
      vertex -81.5 -16.9 10.100000000000001
      vertex -81.5 -22 10.100000000000001
    endloop
  endfacet
  facet normal 0.29028467725447027 -4.555452512605565e-19 -0.9569403357322064
    outer loop
      vertex -82.11229349178414 -16.9 9.97820725201806
      vertex -81.81214451522581 -16.9 10.06925644864517
      vertex -81.81214451522581 -22 10.06925644864517
    endloop
  endfacet
  facet normal 0.4713967368260019 0 -0.8819212643483527
    outer loop
      vertex -82.11229349178414 -16.9 9.97820725201806
      vertex -82.11229349178414 -22 9.97820725201806
      vertex -82.38891237283136 -16.9 9.830351379684075
    endloop
  endfacet
  facet normal 0.6343932841636464 -7.770239684840544e-19 -0.7730104533627361
    outer loop
      vertex -82.63137084989847 -16.9 9.631370849898474
      vertex -82.38891237283136 -16.9 9.830351379684075
      vertex -82.38891237283136 -22 9.830351379684075
    endloop
  endfacet
  facet normal -0.09801714032955908 -7.89475184246444e-20 -0.9951847266721969
    outer loop
      vertex -81.5 -16.9 10.100000000000001
      vertex -81.18785548477419 -16.9 10.06925644864517
      vertex -81.18785548477419 -22 10.06925644864517
    endloop
  endfacet
  facet normal -0.29028467725447027 4.555452512605565e-19 -0.9569403357322064
    outer loop
      vertex -81.18785548477419 -16.9 10.06925644864517
      vertex -80.88770650821586 -16.9 9.97820725201806
      vertex -80.88770650821586 -22 9.97820725201806
    endloop
  endfacet
  facet normal -0.4713967368260019 -9.292392128644061e-19 -0.8819212643483527
    outer loop
      vertex -80.88770650821586 -16.9 9.97820725201806
      vertex -80.61108762716864 -16.9 9.830351379684075
      vertex -80.61108762716864 -22 9.830351379684075
    endloop
  endfacet
  facet normal -0.6343932841636464 7.770239684840544e-19 -0.7730104533627361
    outer loop
      vertex -80.61108762716864 -16.9 9.830351379684075
      vertex -80.36862915010153 -16.9 9.631370849898474
      vertex -80.36862915010153 -22 9.631370849898474
    endloop
  endfacet
  facet normal 0.7730104533627271 0 -0.6343932841636576
    outer loop
      vertex -82.63137084989847 -16.9 9.631370849898474
      vertex -82.63137084989847 -22 9.631370849898474
      vertex -82.83035137968407 -16.9 9.388912372831363
    endloop
  endfacet
  facet normal 0.8819212643483673 1.5655015777656951e-18 -0.47139673682597494
    outer loop
      vertex -82.97820725201805 -16.9 9.112293491784143
      vertex -82.83035137968407 -16.9 9.388912372831363
      vertex -82.83035137968407 -22 9.388912372831363
    endloop
  endfacet
  facet normal 0.9569403357322083 0 -0.29028467725446394
    outer loop
      vertex -82.97820725201805 -16.9 9.112293491784143
      vertex -82.97820725201805 -22 9.112293491784143
      vertex -83.06925644864516 -16.9 8.812144515225803
    endloop
  endfacet
  facet normal -0.7730104533627271 -2.811245612078505e-19 -0.6343932841636576
    outer loop
      vertex -80.36862915010153 -16.9 9.631370849898474
      vertex -80.16964862031593 -16.9 9.388912372831363
      vertex -80.16964862031593 -22 9.388912372831363
    endloop
  endfacet
  facet normal -0.8819212643483673 -1.5655015777656951e-18 -0.47139673682597494
    outer loop
      vertex -80.16964862031593 -16.9 9.388912372831363
      vertex -80.02179274798195 -16.9 9.112293491784143
      vertex -80.02179274798195 -22 9.112293491784143
    endloop
  endfacet
  facet normal 0.9951847266721968 0 -0.0980171403295613
    outer loop
      vertex -83.06925644864516 -16.9 8.812144515225803
      vertex -83.06925644864516 -22 8.812144515225803
      vertex -83.1 -16.9 8.5
    endloop
  endfacet
  facet normal 0.9951847266721968 0 0.0980171403295613
    outer loop
      vertex -83.1 -16.9 8.5
      vertex -83.1 -22 8.5
      vertex -83.06925644864516 -16.9 8.187855484774197
    endloop
  endfacet
  facet normal -0.9569403357322083 -5.611333844429556e-19 -0.29028467725446394
    outer loop
      vertex -80.02179274798195 -16.9 9.112293491784143
      vertex -79.93074355135484 -16.9 8.812144515225803
      vertex -79.93074355135484 -22 8.812144515225803
    endloop
  endfacet
  facet normal -0.9951847266721968 -1.5964513065108952e-19 -0.0980171403295613
    outer loop
      vertex -79.93074355135484 -16.9 8.812144515225803
      vertex -79.9 -16.9 8.5
      vertex -79.9 -22 8.5
    endloop
  endfacet
  facet normal 0.9569403357322083 0 0.29028467725446394
    outer loop
      vertex -83.06925644864516 -16.9 8.187855484774197
      vertex -83.06925644864516 -22 8.187855484774197
      vertex -82.97820725201805 -16.9 7.887706508215857
    endloop
  endfacet
  facet normal 0.8819212643483673 0 0.47139673682597494
    outer loop
      vertex -82.97820725201805 -16.9 7.887706508215857
      vertex -82.97820725201805 -22 7.887706508215857
      vertex -82.83035137968407 -16.9 7.6110876271686365
    endloop
  endfacet
  facet normal -0.9951847266721968 1.5964513065108952e-19 0.0980171403295613
    outer loop
      vertex -79.9 -16.9 8.5
      vertex -79.93074355135484 -16.9 8.187855484774197
      vertex -79.93074355135484 -22 8.187855484774197
    endloop
  endfacet
  facet normal -0.9569403357322083 5.611333844429556e-19 0.29028467725446394
    outer loop
      vertex -79.93074355135484 -16.9 8.187855484774197
      vertex -80.02179274798195 -16.9 7.887706508215857
      vertex -80.02179274798195 -22 7.887706508215857
    endloop
  endfacet
  facet normal -0.8819212643483673 0 0.47139673682597494
    outer loop
      vertex -80.16964862031593 -16.9 7.6110876271686365
      vertex -80.16964862031593 -22 7.6110876271686365
      vertex -80.02179274798195 -16.9 7.887706508215857
    endloop
  endfacet
  facet normal 0.09801714032955908 0 -0.9951847266721969
    outer loop
      vertex -81.81214451522581 -16.9 10.06925644864517
      vertex -81.5 -22 10.100000000000001
      vertex -81.81214451522581 -22 10.06925644864517
    endloop
  endfacet
  facet normal 0.29028467725447027 0 -0.9569403357322064
    outer loop
      vertex -82.11229349178414 -16.9 9.97820725201806
      vertex -81.81214451522581 -22 10.06925644864517
      vertex -82.11229349178414 -22 9.97820725201806
    endloop
  endfacet
  facet normal 0.4713967368260019 0 -0.8819212643483527
    outer loop
      vertex -82.38891237283136 -16.9 9.830351379684075
      vertex -82.11229349178414 -22 9.97820725201806
      vertex -82.38891237283136 -22 9.830351379684075
    endloop
  endfacet
  facet normal 0.6343932841636464 0 -0.7730104533627361
    outer loop
      vertex -82.63137084989847 -16.9 9.631370849898474
      vertex -82.38891237283136 -22 9.830351379684075
      vertex -82.63137084989847 -22 9.631370849898474
    endloop
  endfacet
  facet normal -0.09801714032955908 0 -0.9951847266721969
    outer loop
      vertex -81.5 -16.9 10.100000000000001
      vertex -81.18785548477419 -22 10.06925644864517
      vertex -81.5 -22 10.100000000000001
    endloop
  endfacet
  facet normal -0.29028467725447027 0 -0.9569403357322064
    outer loop
      vertex -81.18785548477419 -16.9 10.06925644864517
      vertex -80.88770650821586 -22 9.97820725201806
      vertex -81.18785548477419 -22 10.06925644864517
    endloop
  endfacet
  facet normal -0.4713967368260019 0 -0.8819212643483527
    outer loop
      vertex -80.88770650821586 -16.9 9.97820725201806
      vertex -80.61108762716864 -22 9.830351379684075
      vertex -80.88770650821586 -22 9.97820725201806
    endloop
  endfacet
  facet normal -0.6343932841636464 0 -0.7730104533627361
    outer loop
      vertex -80.61108762716864 -16.9 9.830351379684075
      vertex -80.36862915010153 -22 9.631370849898474
      vertex -80.61108762716864 -22 9.830351379684075
    endloop
  endfacet
  facet normal 0.7730104533627271 0 -0.6343932841636576
    outer loop
      vertex -82.83035137968407 -16.9 9.388912372831363
      vertex -82.63137084989847 -22 9.631370849898474
      vertex -82.83035137968407 -22 9.388912372831363
    endloop
  endfacet
  facet normal 0.8819212643483673 0 -0.47139673682597494
    outer loop
      vertex -82.97820725201805 -16.9 9.112293491784143
      vertex -82.83035137968407 -22 9.388912372831363
      vertex -82.97820725201805 -22 9.112293491784143
    endloop
  endfacet
  facet normal -0.7730104533627271 0 -0.6343932841636576
    outer loop
      vertex -80.36862915010153 -16.9 9.631370849898474
      vertex -80.16964862031593 -22 9.388912372831363
      vertex -80.36862915010153 -22 9.631370849898474
    endloop
  endfacet
  facet normal -0.8819212643483673 0 -0.47139673682597494
    outer loop
      vertex -80.16964862031593 -16.9 9.388912372831363
      vertex -80.02179274798195 -22 9.112293491784143
      vertex -80.16964862031593 -22 9.388912372831363
    endloop
  endfacet
  facet normal -0.9569403357322083 0 -0.29028467725446394
    outer loop
      vertex -80.02179274798195 -16.9 9.112293491784143
      vertex -79.93074355135484 -22 8.812144515225803
      vertex -80.02179274798195 -22 9.112293491784143
    endloop
  endfacet
  facet normal 0.9569403357322083 0 -0.29028467725446394
    outer loop
      vertex -83.06925644864516 -16.9 8.812144515225803
      vertex -82.97820725201805 -22 9.112293491784143
      vertex -83.06925644864516 -22 8.812144515225803
    endloop
  endfacet
  facet normal 0.9951847266721968 0 -0.0980171403295613
    outer loop
      vertex -83.1 -16.9 8.5
      vertex -83.06925644864516 -22 8.812144515225803
      vertex -83.1 -22 8.5
    endloop
  endfacet
  facet normal -0.9951847266721968 0 -0.0980171403295613
    outer loop
      vertex -79.93074355135484 -16.9 8.812144515225803
      vertex -79.9 -22 8.5
      vertex -79.93074355135484 -22 8.812144515225803
    endloop
  endfacet
  facet normal -0.9951847266721968 0 0.0980171403295613
    outer loop
      vertex -79.9 -16.9 8.5
      vertex -79.93074355135484 -22 8.187855484774197
      vertex -79.9 -22 8.5
    endloop
  endfacet
  facet normal 0.9951847266721968 0 0.0980171403295613
    outer loop
      vertex -83.06925644864516 -16.9 8.187855484774197
      vertex -83.1 -22 8.5
      vertex -83.06925644864516 -22 8.187855484774197
    endloop
  endfacet
  facet normal 0.9569403357322083 0 0.29028467725446394
    outer loop
      vertex -82.97820725201805 -16.9 7.887706508215857
      vertex -83.06925644864516 -22 8.187855484774197
      vertex -82.97820725201805 -22 7.887706508215857
    endloop
  endfacet
  facet normal 0.8819212643483673 0 0.47139673682597494
    outer loop
      vertex -82.83035137968407 -16.9 7.6110876271686365
      vertex -82.97820725201805 -22 7.887706508215857
      vertex -82.83035137968407 -22 7.6110876271686365
    endloop
  endfacet
  facet normal -0.9569403357322083 0 0.29028467725446394
    outer loop
      vertex -79.93074355135484 -16.9 8.187855484774197
      vertex -80.02179274798195 -22 7.887706508215857
      vertex -79.93074355135484 -22 8.187855484774197
    endloop
  endfacet
  facet normal -0.8819212643483673 0 0.47139673682597494
    outer loop
      vertex -80.02179274798195 -16.9 7.887706508215857
      vertex -80.16964862031593 -22 7.6110876271686365
      vertex -80.02179274798195 -22 7.887706508215857
    endloop
  endfacet
  facet normal 0.7730104533627271 0 0.6343932841636576
    outer loop
      vertex -82.83035137968407 -16.9 7.6110876271686365
      vertex -82.83035137968407 -22 7.6110876271686365
      vertex -82.63137084989847 -16.9 7.368629150101526
    endloop
  endfacet
  facet normal 0.6343932841636464 0 0.7730104533627361
    outer loop
      vertex -82.63137084989847 -16.9 7.368629150101526
      vertex -82.63137084989847 -22 7.368629150101526
      vertex -82.38891237283136 -16.9 7.169648620315925
    endloop
  endfacet
  facet normal 0.4713967368260019 0 0.8819212643483527
    outer loop
      vertex -82.38891237283136 -16.9 7.169648620315925
      vertex -82.38891237283136 -22 7.169648620315925
      vertex -82.11229349178414 -16.9 7.021792747981941
    endloop
  endfacet
  facet normal -0.7730104533627271 2.811245612078505e-19 0.6343932841636576
    outer loop
      vertex -80.16964862031593 -16.9 7.6110876271686365
      vertex -80.36862915010153 -16.9 7.368629150101526
      vertex -80.36862915010153 -22 7.368629150101526
    endloop
  endfacet
  facet normal -0.6343932841636464 -7.770239684840544e-19 0.7730104533627361
    outer loop
      vertex -80.36862915010153 -16.9 7.368629150101526
      vertex -80.61108762716864 -16.9 7.169648620315925
      vertex -80.61108762716864 -22 7.169648620315925
    endloop
  endfacet
  facet normal -0.4713967368260019 0 0.8819212643483527
    outer loop
      vertex -80.88770650821586 -16.9 7.021792747981941
      vertex -80.88770650821586 -22 7.021792747981941
      vertex -80.61108762716864 -16.9 7.169648620315925
    endloop
  endfacet
  facet normal 0.29028467725447027 0 0.9569403357322064
    outer loop
      vertex -82.11229349178414 -16.9 7.021792747981941
      vertex -82.11229349178414 -22 7.021792747981941
      vertex -81.81214451522581 -16.9 6.93074355135483
    endloop
  endfacet
  facet normal 0.09801714032955908 0 0.9951847266721969
    outer loop
      vertex -81.81214451522581 -16.9 6.93074355135483
      vertex -81.81214451522581 -22 6.93074355135483
      vertex -81.5 -16.9 6.899999999999999
    endloop
  endfacet
  facet normal -0.09801714032955908 0 0.9951847266721969
    outer loop
      vertex -81.5 -16.9 6.899999999999999
      vertex -81.5 -22 6.899999999999999
      vertex -81.18785548477419 -16.9 6.93074355135483
    endloop
  endfacet
  facet normal -0.29028467725447027 -4.555452512605565e-19 0.9569403357322064
    outer loop
      vertex -80.88770650821586 -16.9 7.021792747981941
      vertex -81.18785548477419 -16.9 6.93074355135483
      vertex -81.18785548477419 -22 6.93074355135483
    endloop
  endfacet
  facet normal 0.7730104533627271 0 0.6343932841636576
    outer loop
      vertex -82.63137084989847 -16.9 7.368629150101526
      vertex -82.83035137968407 -22 7.6110876271686365
      vertex -82.63137084989847 -22 7.368629150101526
    endloop
  endfacet
  facet normal 0.6343932841636464 0 0.7730104533627361
    outer loop
      vertex -82.38891237283136 -16.9 7.169648620315925
      vertex -82.63137084989847 -22 7.368629150101526
      vertex -82.38891237283136 -22 7.169648620315925
    endloop
  endfacet
  facet normal 0.4713967368260019 0 0.8819212643483527
    outer loop
      vertex -82.11229349178414 -16.9 7.021792747981941
      vertex -82.38891237283136 -22 7.169648620315925
      vertex -82.11229349178414 -22 7.021792747981941
    endloop
  endfacet
  facet normal -0.7730104533627271 0 0.6343932841636576
    outer loop
      vertex -80.16964862031593 -16.9 7.6110876271686365
      vertex -80.36862915010153 -22 7.368629150101526
      vertex -80.16964862031593 -22 7.6110876271686365
    endloop
  endfacet
  facet normal -0.6343932841636464 0 0.7730104533627361
    outer loop
      vertex -80.36862915010153 -16.9 7.368629150101526
      vertex -80.61108762716864 -22 7.169648620315925
      vertex -80.36862915010153 -22 7.368629150101526
    endloop
  endfacet
  facet normal -0.4713967368260019 0 0.8819212643483527
    outer loop
      vertex -80.61108762716864 -16.9 7.169648620315925
      vertex -80.88770650821586 -22 7.021792747981941
      vertex -80.61108762716864 -22 7.169648620315925
    endloop
  endfacet
  facet normal 0.29028467725447027 0 0.9569403357322064
    outer loop
      vertex -81.81214451522581 -16.9 6.93074355135483
      vertex -82.11229349178414 -22 7.021792747981941
      vertex -81.81214451522581 -22 6.93074355135483
    endloop
  endfacet
  facet normal 0.09801714032955908 0 0.9951847266721969
    outer loop
      vertex -81.5 -16.9 6.899999999999999
      vertex -81.81214451522581 -22 6.93074355135483
      vertex -81.5 -22 6.899999999999999
    endloop
  endfacet
  facet normal -0.29028467725447027 0 0.9569403357322064
    outer loop
      vertex -80.88770650821586 -16.9 7.021792747981941
      vertex -81.18785548477419 -22 6.93074355135483
      vertex -80.88770650821586 -22 7.021792747981941
    endloop
  endfacet
  facet normal -0.09801714032955908 0 0.9951847266721969
    outer loop
      vertex -81.18785548477419 -16.9 6.93074355135483
      vertex -81.5 -22 6.899999999999999
      vertex -81.18785548477419 -22 6.93074355135483
    endloop
  endfacet
  facet normal 0.5000000000000008 -3.663420352837751e-17 -0.8660254037844384
    outer loop
      vertex -84.425 -14 10.188749537379657
      vertex -81.5 -14 11.877499074759314
      vertex -81.5 -16.9 11.877499074759314
    endloop
  endfacet
  facet normal -0.5000000000000008 0 -0.8660254037844384
    outer loop
      vertex -81.5 -14 11.877499074759314
      vertex -78.575 -16.9 10.188749537379657
      vertex -81.5 -16.9 11.877499074759314
    endloop
  endfacet
  facet normal 0.5000000000000008 0 -0.8660254037844384
    outer loop
      vertex -84.425 -14 10.188749537379657
      vertex -81.5 -16.9 11.877499074759314
      vertex -84.425 -16.9 10.188749537379657
    endloop
  endfacet
  facet normal -0.5000000000000008 3.663420352837751e-17 -0.8660254037844384
    outer loop
      vertex -81.5 -14 11.877499074759314
      vertex -78.575 -14 10.188749537379657
      vertex -78.575 -16.9 10.188749537379657
    endloop
  endfacet
  facet normal 0 1 0
    outer loop
      vertex -84.425 -16.9 10.188749537379657
      vertex -81.5 -16.9 11.877499074759314
      vertex -78.575 -16.9 10.188749537379657
    endloop
  endfacet
  facet normal 1 0 0
    outer loop
      vertex -84.425 -14 10.188749537379657
      vertex -84.425 -16.9 10.188749537379657
      vertex -84.425 -14 6.811250462620343
    endloop
  endfacet
  facet normal 1 0 0
    outer loop
      vertex -84.425 -14 6.811250462620343
      vertex -84.425 -16.9 10.188749537379657
      vertex -84.425 -16.9 6.811250462620343
    endloop
  endfacet
  facet normal -1 0 0
    outer loop
      vertex -78.575 -14 10.188749537379657
      vertex -78.575 -16.9 6.811250462620343
      vertex -78.575 -16.9 10.188749537379657
    endloop
  endfacet
  facet normal -1 0 0
    outer loop
      vertex -78.575 -14 10.188749537379657
      vertex -78.575 -14 6.811250462620343
      vertex -78.575 -16.9 6.811250462620343
    endloop
  endfacet
  facet normal 0.5000000000000008 0 0.8660254037844384
    outer loop
      vertex -84.425 -14 6.811250462620343
      vertex -84.425 -16.9 6.811250462620343
      vertex -81.5 -14 5.122500925240686
    endloop
  endfacet
  facet normal -0.5000000000000008 0 0.8660254037844384
    outer loop
      vertex -78.575 -14 6.811250462620343
      vertex -81.5 -16.9 5.122500925240686
      vertex -78.575 -16.9 6.811250462620343
    endloop
  endfacet
  facet normal 0.5000000000000008 0 0.8660254037844384
    outer loop
      vertex -81.5 -14 5.122500925240686
      vertex -84.425 -16.9 6.811250462620343
      vertex -81.5 -16.9 5.122500925240686
    endloop
  endfacet
  facet normal -0.5000000000000008 0 0.8660254037844384
    outer loop
      vertex -81.5 -14 5.122500925240686
      vertex -81.5 -16.9 5.122500925240686
      vertex -78.575 -14 6.811250462620343
    endloop
  endfacet
  facet normal 0 1 0
    outer loop
      vertex -84.425 -16.9 10.188749537379657
      vertex -82.11229349178414 -16.9 9.97820725201806
      vertex -82.38891237283136 -16.9 9.830351379684075
    endloop
  endfacet
  facet normal 0 1 0
    outer loop
      vertex -84.425 -16.9 10.188749537379657
      vertex -81.5 -16.9 10.100000000000001
      vertex -81.81214451522581 -16.9 10.06925644864517
    endloop
  endfacet
  facet normal 0 1 0
    outer loop
      vertex -84.425 -16.9 10.188749537379657
      vertex -81.81214451522581 -16.9 10.06925644864517
      vertex -82.11229349178414 -16.9 9.97820725201806
    endloop
  endfacet
  facet normal 0 1 0
    outer loop
      vertex -84.425 -16.9 10.188749537379657
      vertex -82.38891237283136 -16.9 9.830351379684075
      vertex -82.63137084989847 -16.9 9.631370849898474
    endloop
  endfacet
  facet normal 0 1 0
    outer loop
      vertex -84.425 -16.9 10.188749537379657
      vertex -82.63137084989847 -16.9 9.631370849898474
      vertex -82.83035137968407 -16.9 9.388912372831363
    endloop
  endfacet
  facet normal 0 1 0
    outer loop
      vertex -84.425 -16.9 10.188749537379657
      vertex -78.575 -16.9 10.188749537379657
      vertex -81.5 -16.9 10.100000000000001
    endloop
  endfacet
  facet normal 0 1 0
    outer loop
      vertex -81.5 -16.9 10.100000000000001
      vertex -78.575 -16.9 10.188749537379657
      vertex -81.18785548477419 -16.9 10.06925644864517
    endloop
  endfacet
  facet normal 0 1 0
    outer loop
      vertex -81.18785548477419 -16.9 10.06925644864517
      vertex -78.575 -16.9 10.188749537379657
      vertex -80.88770650821586 -16.9 9.97820725201806
    endloop
  endfacet
  facet normal 0 1 0
    outer loop
      vertex -80.88770650821586 -16.9 9.97820725201806
      vertex -78.575 -16.9 10.188749537379657
      vertex -80.61108762716864 -16.9 9.830351379684075
    endloop
  endfacet
  facet normal 0 1 0
    outer loop
      vertex -80.61108762716864 -16.9 9.830351379684075
      vertex -78.575 -16.9 10.188749537379657
      vertex -80.36862915010153 -16.9 9.631370849898474
    endloop
  endfacet
  facet normal 0 1 0
    outer loop
      vertex -80.36862915010153 -16.9 9.631370849898474
      vertex -78.575 -16.9 10.188749537379657
      vertex -80.16964862031593 -16.9 9.388912372831363
    endloop
  endfacet
  facet normal 0 1 0
    outer loop
      vertex -84.425 -16.9 10.188749537379657
      vertex -82.83035137968407 -16.9 9.388912372831363
      vertex -82.97820725201805 -16.9 9.112293491784143
    endloop
  endfacet
  facet normal 0 1 0
    outer loop
      vertex -84.425 -16.9 10.188749537379657
      vertex -82.97820725201805 -16.9 9.112293491784143
      vertex -83.06925644864516 -16.9 8.812144515225803
    endloop
  endfacet
  facet normal 0 1 0
    outer loop
      vertex -84.425 -16.9 10.188749537379657
      vertex -83.06925644864516 -16.9 8.812144515225803
      vertex -83.1 -16.9 8.5
    endloop
  endfacet
  facet normal 0 1 0
    outer loop
      vertex -80.16964862031593 -16.9 9.388912372831363
      vertex -78.575 -16.9 10.188749537379657
      vertex -80.02179274798195 -16.9 9.112293491784143
    endloop
  endfacet
  facet normal 0 1 0
    outer loop
      vertex -80.02179274798195 -16.9 9.112293491784143
      vertex -78.575 -16.9 10.188749537379657
      vertex -79.93074355135484 -16.9 8.812144515225803
    endloop
  endfacet
  facet normal 0 1 0
    outer loop
      vertex -84.425 -16.9 10.188749537379657
      vertex -83.1 -16.9 8.5
      vertex -83.06925644864516 -16.9 8.187855484774197
    endloop
  endfacet
  facet normal 0 1 0
    outer loop
      vertex -84.425 -16.9 10.188749537379657
      vertex -83.06925644864516 -16.9 8.187855484774197
      vertex -84.425 -16.9 6.811250462620343
    endloop
  endfacet
  facet normal 0 1 0
    outer loop
      vertex -79.93074355135484 -16.9 8.812144515225803
      vertex -78.575 -16.9 10.188749537379657
      vertex -78.575 -16.9 6.811250462620343
    endloop
  endfacet
  facet normal 0 1 0
    outer loop
      vertex -79.93074355135484 -16.9 8.812144515225803
      vertex -78.575 -16.9 6.811250462620343
      vertex -79.9 -16.9 8.5
    endloop
  endfacet
  facet normal 0 1 0
    outer loop
      vertex -79.9 -16.9 8.5
      vertex -78.575 -16.9 6.811250462620343
      vertex -79.93074355135484 -16.9 8.187855484774197
    endloop
  endfacet
  facet normal 0 1 0
    outer loop
      vertex -83.06925644864516 -16.9 8.187855484774197
      vertex -82.97820725201805 -16.9 7.887706508215857
      vertex -84.425 -16.9 6.811250462620343
    endloop
  endfacet
  facet normal 0 1 0
    outer loop
      vertex -82.97820725201805 -16.9 7.887706508215857
      vertex -82.83035137968407 -16.9 7.6110876271686365
      vertex -84.425 -16.9 6.811250462620343
    endloop
  endfacet
  facet normal 0 1 0
    outer loop
      vertex -82.83035137968407 -16.9 7.6110876271686365
      vertex -82.63137084989847 -16.9 7.368629150101526
      vertex -84.425 -16.9 6.811250462620343
    endloop
  endfacet
  facet normal 0 1 0
    outer loop
      vertex -82.63137084989847 -16.9 7.368629150101526
      vertex -82.38891237283136 -16.9 7.169648620315925
      vertex -84.425 -16.9 6.811250462620343
    endloop
  endfacet
  facet normal 0 1 0
    outer loop
      vertex -79.93074355135484 -16.9 8.187855484774197
      vertex -78.575 -16.9 6.811250462620343
      vertex -80.02179274798195 -16.9 7.887706508215857
    endloop
  endfacet
  facet normal 0 1 0
    outer loop
      vertex -80.16964862031593 -16.9 7.6110876271686365
      vertex -80.02179274798195 -16.9 7.887706508215857
      vertex -78.575 -16.9 6.811250462620343
    endloop
  endfacet
  facet normal 0 1 0
    outer loop
      vertex -80.16964862031593 -16.9 7.6110876271686365
      vertex -78.575 -16.9 6.811250462620343
      vertex -80.36862915010153 -16.9 7.368629150101526
    endloop
  endfacet
  facet normal 0 1 0
    outer loop
      vertex -80.36862915010153 -16.9 7.368629150101526
      vertex -78.575 -16.9 6.811250462620343
      vertex -80.61108762716864 -16.9 7.169648620315925
    endloop
  endfacet
  facet normal 0 1 0
    outer loop
      vertex -84.425 -16.9 6.811250462620343
      vertex -82.38891237283136 -16.9 7.169648620315925
      vertex -82.11229349178414 -16.9 7.021792747981941
    endloop
  endfacet
  facet normal 0 1 0
    outer loop
      vertex -84.425 -16.9 6.811250462620343
      vertex -82.11229349178414 -16.9 7.021792747981941
      vertex -81.81214451522581 -16.9 6.93074355135483
    endloop
  endfacet
  facet normal 0 1 0
    outer loop
      vertex -84.425 -16.9 6.811250462620343
      vertex -81.81214451522581 -16.9 6.93074355135483
      vertex -81.5 -16.9 6.899999999999999
    endloop
  endfacet
  facet normal 0 1 0
    outer loop
      vertex -80.88770650821586 -16.9 7.021792747981941
      vertex -78.575 -16.9 6.811250462620343
      vertex -81.18785548477419 -16.9 6.93074355135483
    endloop
  endfacet
  facet normal 0 1 0
    outer loop
      vertex -84.425 -16.9 6.811250462620343
      vertex -81.5 -16.9 6.899999999999999
      vertex -78.575 -16.9 6.811250462620343
    endloop
  endfacet
  facet normal 0 1 0
    outer loop
      vertex -81.5 -16.9 6.899999999999999
      vertex -81.18785548477419 -16.9 6.93074355135483
      vertex -78.575 -16.9 6.811250462620343
    endloop
  endfacet
  facet normal 0 1 0
    outer loop
      vertex -80.88770650821586 -16.9 7.021792747981941
      vertex -80.61108762716864 -16.9 7.169648620315925
      vertex -78.575 -16.9 6.811250462620343
    endloop
  endfacet
  facet normal 0 1 0
    outer loop
      vertex -84.425 -16.9 6.811250462620343
      vertex -78.575 -16.9 6.811250462620343
      vertex -81.5 -16.9 5.122500925240686
    endloop
  endfacet
  facet normal 0.29028467725447027 -4.555452512605565e-19 -0.9569403357322064
    outer loop
      vertex 80.88770650821586 -16.9 9.97820725201806
      vertex 81.18785548477419 -16.9 10.06925644864517
      vertex 81.18785548477419 -22 10.06925644864517
    endloop
  endfacet
  facet normal 0.09801714032955908 7.89475184246444e-20 -0.9951847266721969
    outer loop
      vertex 81.18785548477419 -16.9 10.06925644864517
      vertex 81.5 -16.9 10.100000000000001
      vertex 81.5 -22 10.100000000000001
    endloop
  endfacet
  facet normal 0.4713967368260019 0 -0.8819212643483527
    outer loop
      vertex 80.88770650821586 -16.9 9.97820725201806
      vertex 80.88770650821586 -22 9.97820725201806
      vertex 80.61108762716864 -16.9 9.830351379684075
    endloop
  endfacet
  facet normal 0.6343932841636464 -7.770239684840544e-19 -0.7730104533627361
    outer loop
      vertex 80.36862915010153 -16.9 9.631370849898474
      vertex 80.61108762716864 -16.9 9.830351379684075
      vertex 80.61108762716864 -22 9.830351379684075
    endloop
  endfacet
  facet normal -0.09801714032955908 -7.89475184246444e-20 -0.9951847266721969
    outer loop
      vertex 81.5 -16.9 10.100000000000001
      vertex 81.81214451522581 -16.9 10.06925644864517
      vertex 81.81214451522581 -22 10.06925644864517
    endloop
  endfacet
  facet normal -0.29028467725447027 4.555452512605565e-19 -0.9569403357322064
    outer loop
      vertex 81.81214451522581 -16.9 10.06925644864517
      vertex 82.11229349178414 -16.9 9.97820725201806
      vertex 82.11229349178414 -22 9.97820725201806
    endloop
  endfacet
  facet normal -0.4713967368260019 -9.292392128644061e-19 -0.8819212643483527
    outer loop
      vertex 82.11229349178414 -16.9 9.97820725201806
      vertex 82.38891237283136 -16.9 9.830351379684075
      vertex 82.38891237283136 -22 9.830351379684075
    endloop
  endfacet
  facet normal -0.6343932841636464 7.770239684840544e-19 -0.7730104533627361
    outer loop
      vertex 82.38891237283136 -16.9 9.830351379684075
      vertex 82.63137084989847 -16.9 9.631370849898474
      vertex 82.63137084989847 -22 9.631370849898474
    endloop
  endfacet
  facet normal 0.8819212643483673 1.5655015777656951e-18 -0.47139673682597494
    outer loop
      vertex 80.02179274798195 -16.9 9.112293491784143
      vertex 80.16964862031593 -16.9 9.388912372831363
      vertex 80.16964862031593 -22 9.388912372831363
    endloop
  endfacet
  facet normal 0.7730104533627271 0 -0.6343932841636576
    outer loop
      vertex 80.36862915010153 -16.9 9.631370849898474
      vertex 80.36862915010153 -22 9.631370849898474
      vertex 80.16964862031593 -16.9 9.388912372831363
    endloop
  endfacet
  facet normal 0.9569403357322083 0 -0.29028467725446394
    outer loop
      vertex 80.02179274798195 -16.9 9.112293491784143
      vertex 80.02179274798195 -22 9.112293491784143
      vertex 79.93074355135484 -16.9 8.812144515225803
    endloop
  endfacet
  facet normal -0.7730104533627271 -2.811245612078505e-19 -0.6343932841636576
    outer loop
      vertex 82.63137084989847 -16.9 9.631370849898474
      vertex 82.83035137968407 -16.9 9.388912372831363
      vertex 82.83035137968407 -22 9.388912372831363
    endloop
  endfacet
  facet normal -0.8819212643483673 -1.5655015777656951e-18 -0.47139673682597494
    outer loop
      vertex 82.83035137968407 -16.9 9.388912372831363
      vertex 82.97820725201805 -16.9 9.112293491784143
      vertex 82.97820725201805 -22 9.112293491784143
    endloop
  endfacet
  facet normal 0.9951847266721968 0 -0.0980171403295613
    outer loop
      vertex 79.93074355135484 -16.9 8.812144515225803
      vertex 79.93074355135484 -22 8.812144515225803
      vertex 79.9 -16.9 8.5
    endloop
  endfacet
  facet normal 0.9951847266721968 0 0.0980171403295613
    outer loop
      vertex 79.9 -16.9 8.5
      vertex 79.9 -22 8.5
      vertex 79.93074355135484 -16.9 8.187855484774197
    endloop
  endfacet
  facet normal -0.9569403357322083 -5.611333844429556e-19 -0.29028467725446394
    outer loop
      vertex 82.97820725201805 -16.9 9.112293491784143
      vertex 83.06925644864516 -16.9 8.812144515225803
      vertex 83.06925644864516 -22 8.812144515225803
    endloop
  endfacet
  facet normal -0.9951847266721968 -1.5964513065108952e-19 -0.0980171403295613
    outer loop
      vertex 83.06925644864516 -16.9 8.812144515225803
      vertex 83.1 -16.9 8.5
      vertex 83.1 -22 8.5
    endloop
  endfacet
  facet normal 0.9569403357322083 0 0.29028467725446394
    outer loop
      vertex 79.93074355135484 -16.9 8.187855484774197
      vertex 79.93074355135484 -22 8.187855484774197
      vertex 80.02179274798195 -16.9 7.887706508215857
    endloop
  endfacet
  facet normal 0.8819212643483673 0 0.47139673682597494
    outer loop
      vertex 80.02179274798195 -16.9 7.887706508215857
      vertex 80.02179274798195 -22 7.887706508215857
      vertex 80.16964862031593 -16.9 7.6110876271686365
    endloop
  endfacet
  facet normal -0.9951847266721968 1.5964513065108952e-19 0.0980171403295613
    outer loop
      vertex 83.1 -16.9 8.5
      vertex 83.06925644864516 -16.9 8.187855484774197
      vertex 83.06925644864516 -22 8.187855484774197
    endloop
  endfacet
  facet normal -0.8819212643483673 0 0.47139673682597494
    outer loop
      vertex 82.83035137968407 -16.9 7.6110876271686365
      vertex 82.83035137968407 -22 7.6110876271686365
      vertex 82.97820725201805 -16.9 7.887706508215857
    endloop
  endfacet
  facet normal -0.9569403357322083 5.611333844429556e-19 0.29028467725446394
    outer loop
      vertex 83.06925644864516 -16.9 8.187855484774197
      vertex 82.97820725201805 -16.9 7.887706508215857
      vertex 82.97820725201805 -22 7.887706508215857
    endloop
  endfacet
  facet normal 0.09801714032955908 0 -0.9951847266721969
    outer loop
      vertex 81.18785548477419 -16.9 10.06925644864517
      vertex 81.5 -22 10.100000000000001
      vertex 81.18785548477419 -22 10.06925644864517
    endloop
  endfacet
  facet normal 0.29028467725447027 0 -0.9569403357322064
    outer loop
      vertex 80.88770650821586 -16.9 9.97820725201806
      vertex 81.18785548477419 -22 10.06925644864517
      vertex 80.88770650821586 -22 9.97820725201806
    endloop
  endfacet
  facet normal 0.4713967368260019 0 -0.8819212643483527
    outer loop
      vertex 80.61108762716864 -16.9 9.830351379684075
      vertex 80.88770650821586 -22 9.97820725201806
      vertex 80.61108762716864 -22 9.830351379684075
    endloop
  endfacet
  facet normal 0.6343932841636464 0 -0.7730104533627361
    outer loop
      vertex 80.36862915010153 -16.9 9.631370849898474
      vertex 80.61108762716864 -22 9.830351379684075
      vertex 80.36862915010153 -22 9.631370849898474
    endloop
  endfacet
  facet normal -0.09801714032955908 0 -0.9951847266721969
    outer loop
      vertex 81.5 -16.9 10.100000000000001
      vertex 81.81214451522581 -22 10.06925644864517
      vertex 81.5 -22 10.100000000000001
    endloop
  endfacet
  facet normal -0.29028467725447027 0 -0.9569403357322064
    outer loop
      vertex 81.81214451522581 -16.9 10.06925644864517
      vertex 82.11229349178414 -22 9.97820725201806
      vertex 81.81214451522581 -22 10.06925644864517
    endloop
  endfacet
  facet normal -0.4713967368260019 0 -0.8819212643483527
    outer loop
      vertex 82.11229349178414 -16.9 9.97820725201806
      vertex 82.38891237283136 -22 9.830351379684075
      vertex 82.11229349178414 -22 9.97820725201806
    endloop
  endfacet
  facet normal -0.6343932841636464 0 -0.7730104533627361
    outer loop
      vertex 82.38891237283136 -16.9 9.830351379684075
      vertex 82.63137084989847 -22 9.631370849898474
      vertex 82.38891237283136 -22 9.830351379684075
    endloop
  endfacet
  facet normal 0.7730104533627271 0 -0.6343932841636576
    outer loop
      vertex 80.16964862031593 -16.9 9.388912372831363
      vertex 80.36862915010153 -22 9.631370849898474
      vertex 80.16964862031593 -22 9.388912372831363
    endloop
  endfacet
  facet normal 0.8819212643483673 0 -0.47139673682597494
    outer loop
      vertex 80.02179274798195 -16.9 9.112293491784143
      vertex 80.16964862031593 -22 9.388912372831363
      vertex 80.02179274798195 -22 9.112293491784143
    endloop
  endfacet
  facet normal -0.7730104533627271 0 -0.6343932841636576
    outer loop
      vertex 82.63137084989847 -16.9 9.631370849898474
      vertex 82.83035137968407 -22 9.388912372831363
      vertex 82.63137084989847 -22 9.631370849898474
    endloop
  endfacet
  facet normal -0.8819212643483673 0 -0.47139673682597494
    outer loop
      vertex 82.83035137968407 -16.9 9.388912372831363
      vertex 82.97820725201805 -22 9.112293491784143
      vertex 82.83035137968407 -22 9.388912372831363
    endloop
  endfacet
  facet normal -0.9569403357322083 0 -0.29028467725446394
    outer loop
      vertex 82.97820725201805 -16.9 9.112293491784143
      vertex 83.06925644864516 -22 8.812144515225803
      vertex 82.97820725201805 -22 9.112293491784143
    endloop
  endfacet
  facet normal 0.9569403357322083 0 -0.29028467725446394
    outer loop
      vertex 79.93074355135484 -16.9 8.812144515225803
      vertex 80.02179274798195 -22 9.112293491784143
      vertex 79.93074355135484 -22 8.812144515225803
    endloop
  endfacet
  facet normal 0.9951847266721968 0 -0.0980171403295613
    outer loop
      vertex 79.9 -16.9 8.5
      vertex 79.93074355135484 -22 8.812144515225803
      vertex 79.9 -22 8.5
    endloop
  endfacet
  facet normal -0.9951847266721968 0 -0.0980171403295613
    outer loop
      vertex 83.06925644864516 -16.9 8.812144515225803
      vertex 83.1 -22 8.5
      vertex 83.06925644864516 -22 8.812144515225803
    endloop
  endfacet
  facet normal -0.9951847266721968 0 0.0980171403295613
    outer loop
      vertex 83.1 -16.9 8.5
      vertex 83.06925644864516 -22 8.187855484774197
      vertex 83.1 -22 8.5
    endloop
  endfacet
  facet normal 0.9951847266721968 0 0.0980171403295613
    outer loop
      vertex 79.93074355135484 -16.9 8.187855484774197
      vertex 79.9 -22 8.5
      vertex 79.93074355135484 -22 8.187855484774197
    endloop
  endfacet
  facet normal 0.9569403357322083 0 0.29028467725446394
    outer loop
      vertex 80.02179274798195 -16.9 7.887706508215857
      vertex 79.93074355135484 -22 8.187855484774197
      vertex 80.02179274798195 -22 7.887706508215857
    endloop
  endfacet
  facet normal 0.8819212643483673 0 0.47139673682597494
    outer loop
      vertex 80.16964862031593 -16.9 7.6110876271686365
      vertex 80.02179274798195 -22 7.887706508215857
      vertex 80.16964862031593 -22 7.6110876271686365
    endloop
  endfacet
  facet normal -0.9569403357322083 0 0.29028467725446394
    outer loop
      vertex 83.06925644864516 -16.9 8.187855484774197
      vertex 82.97820725201805 -22 7.887706508215857
      vertex 83.06925644864516 -22 8.187855484774197
    endloop
  endfacet
  facet normal -0.8819212643483673 0 0.47139673682597494
    outer loop
      vertex 82.97820725201805 -16.9 7.887706508215857
      vertex 82.83035137968407 -22 7.6110876271686365
      vertex 82.97820725201805 -22 7.887706508215857
    endloop
  endfacet
  facet normal 0.7730104533627271 0 0.6343932841636576
    outer loop
      vertex 80.16964862031593 -16.9 7.6110876271686365
      vertex 80.16964862031593 -22 7.6110876271686365
      vertex 80.36862915010153 -16.9 7.368629150101526
    endloop
  endfacet
  facet normal 0.6343932841636464 0 0.7730104533627361
    outer loop
      vertex 80.36862915010153 -16.9 7.368629150101526
      vertex 80.36862915010153 -22 7.368629150101526
      vertex 80.61108762716864 -16.9 7.169648620315925
    endloop
  endfacet
  facet normal 0.4713967368260019 0 0.8819212643483527
    outer loop
      vertex 80.61108762716864 -16.9 7.169648620315925
      vertex 80.61108762716864 -22 7.169648620315925
      vertex 80.88770650821586 -16.9 7.021792747981941
    endloop
  endfacet
  facet normal -0.7730104533627271 2.811245612078505e-19 0.6343932841636576
    outer loop
      vertex 82.83035137968407 -16.9 7.6110876271686365
      vertex 82.63137084989847 -16.9 7.368629150101526
      vertex 82.63137084989847 -22 7.368629150101526
    endloop
  endfacet
  facet normal -0.6343932841636464 -7.770239684840544e-19 0.7730104533627361
    outer loop
      vertex 82.63137084989847 -16.9 7.368629150101526
      vertex 82.38891237283136 -16.9 7.169648620315925
      vertex 82.38891237283136 -22 7.169648620315925
    endloop
  endfacet
  facet normal -0.4713967368260019 0 0.8819212643483527
    outer loop
      vertex 82.11229349178414 -16.9 7.021792747981941
      vertex 82.11229349178414 -22 7.021792747981941
      vertex 82.38891237283136 -16.9 7.169648620315925
    endloop
  endfacet
  facet normal 0.29028467725447027 0 0.9569403357322064
    outer loop
      vertex 80.88770650821586 -16.9 7.021792747981941
      vertex 80.88770650821586 -22 7.021792747981941
      vertex 81.18785548477419 -16.9 6.93074355135483
    endloop
  endfacet
  facet normal 0.09801714032955908 0 0.9951847266721969
    outer loop
      vertex 81.18785548477419 -16.9 6.93074355135483
      vertex 81.18785548477419 -22 6.93074355135483
      vertex 81.5 -16.9 6.899999999999999
    endloop
  endfacet
  facet normal -0.29028467725447027 0 0.9569403357322064
    outer loop
      vertex 81.81214451522581 -16.9 6.93074355135483
      vertex 81.81214451522581 -22 6.93074355135483
      vertex 82.11229349178414 -16.9 7.021792747981941
    endloop
  endfacet
  facet normal -0.09801714032955908 0 0.9951847266721969
    outer loop
      vertex 81.5 -16.9 6.899999999999999
      vertex 81.5 -22 6.899999999999999
      vertex 81.81214451522581 -16.9 6.93074355135483
    endloop
  endfacet
  facet normal 0.7730104533627271 0 0.6343932841636576
    outer loop
      vertex 80.36862915010153 -16.9 7.368629150101526
      vertex 80.16964862031593 -22 7.6110876271686365
      vertex 80.36862915010153 -22 7.368629150101526
    endloop
  endfacet
  facet normal 0.6343932841636464 0 0.7730104533627361
    outer loop
      vertex 80.61108762716864 -16.9 7.169648620315925
      vertex 80.36862915010153 -22 7.368629150101526
      vertex 80.61108762716864 -22 7.169648620315925
    endloop
  endfacet
  facet normal 0.4713967368260019 0 0.8819212643483527
    outer loop
      vertex 80.88770650821586 -16.9 7.021792747981941
      vertex 80.61108762716864 -22 7.169648620315925
      vertex 80.88770650821586 -22 7.021792747981941
    endloop
  endfacet
  facet normal -0.7730104533627271 0 0.6343932841636576
    outer loop
      vertex 82.83035137968407 -16.9 7.6110876271686365
      vertex 82.63137084989847 -22 7.368629150101526
      vertex 82.83035137968407 -22 7.6110876271686365
    endloop
  endfacet
  facet normal -0.6343932841636464 0 0.7730104533627361
    outer loop
      vertex 82.63137084989847 -16.9 7.368629150101526
      vertex 82.38891237283136 -22 7.169648620315925
      vertex 82.63137084989847 -22 7.368629150101526
    endloop
  endfacet
  facet normal -0.4713967368260019 0 0.8819212643483527
    outer loop
      vertex 82.38891237283136 -16.9 7.169648620315925
      vertex 82.11229349178414 -22 7.021792747981941
      vertex 82.38891237283136 -22 7.169648620315925
    endloop
  endfacet
  facet normal 0.29028467725447027 0 0.9569403357322064
    outer loop
      vertex 81.18785548477419 -16.9 6.93074355135483
      vertex 80.88770650821586 -22 7.021792747981941
      vertex 81.18785548477419 -22 6.93074355135483
    endloop
  endfacet
  facet normal 0.09801714032955908 0 0.9951847266721969
    outer loop
      vertex 81.5 -16.9 6.899999999999999
      vertex 81.18785548477419 -22 6.93074355135483
      vertex 81.5 -22 6.899999999999999
    endloop
  endfacet
  facet normal -0.29028467725447027 0 0.9569403357322064
    outer loop
      vertex 82.11229349178414 -16.9 7.021792747981941
      vertex 81.81214451522581 -22 6.93074355135483
      vertex 82.11229349178414 -22 7.021792747981941
    endloop
  endfacet
  facet normal -0.09801714032955908 0 0.9951847266721969
    outer loop
      vertex 81.81214451522581 -16.9 6.93074355135483
      vertex 81.5 -22 6.899999999999999
      vertex 81.81214451522581 -22 6.93074355135483
    endloop
  endfacet
  facet normal 0.5000000000000008 -3.663420352837751e-17 -0.8660254037844384
    outer loop
      vertex 78.575 -14 10.188749537379657
      vertex 81.5 -14 11.877499074759314
      vertex 81.5 -16.9 11.877499074759314
    endloop
  endfacet
  facet normal -0.5000000000000008 0 -0.8660254037844384
    outer loop
      vertex 81.5 -14 11.877499074759314
      vertex 84.425 -16.9 10.188749537379657
      vertex 81.5 -16.9 11.877499074759314
    endloop
  endfacet
  facet normal 0.5000000000000008 0 -0.8660254037844384
    outer loop
      vertex 78.575 -14 10.188749537379657
      vertex 81.5 -16.9 11.877499074759314
      vertex 78.575 -16.9 10.188749537379657
    endloop
  endfacet
  facet normal -0.5000000000000008 3.663420352837751e-17 -0.8660254037844384
    outer loop
      vertex 81.5 -14 11.877499074759314
      vertex 84.425 -14 10.188749537379657
      vertex 84.425 -16.9 10.188749537379657
    endloop
  endfacet
  facet normal 0 1 0
    outer loop
      vertex 78.575 -16.9 10.188749537379657
      vertex 81.5 -16.9 11.877499074759314
      vertex 84.425 -16.9 10.188749537379657
    endloop
  endfacet
  facet normal 1 0 0
    outer loop
      vertex 78.575 -14 10.188749537379657
      vertex 78.575 -16.9 10.188749537379657
      vertex 78.575 -14 6.811250462620343
    endloop
  endfacet
  facet normal 1 0 0
    outer loop
      vertex 78.575 -14 6.811250462620343
      vertex 78.575 -16.9 10.188749537379657
      vertex 78.575 -16.9 6.811250462620343
    endloop
  endfacet
  facet normal -1 0 0
    outer loop
      vertex 84.425 -14 10.188749537379657
      vertex 84.425 -16.9 6.811250462620343
      vertex 84.425 -16.9 10.188749537379657
    endloop
  endfacet
  facet normal -1 0 0
    outer loop
      vertex 84.425 -14 10.188749537379657
      vertex 84.425 -14 6.811250462620343
      vertex 84.425 -16.9 6.811250462620343
    endloop
  endfacet
  facet normal 0.5000000000000008 0 0.8660254037844384
    outer loop
      vertex 78.575 -14 6.811250462620343
      vertex 78.575 -16.9 6.811250462620343
      vertex 81.5 -14 5.122500925240686
    endloop
  endfacet
  facet normal -0.5000000000000008 0 0.8660254037844384
    outer loop
      vertex 84.425 -14 6.811250462620343
      vertex 81.5 -16.9 5.122500925240686
      vertex 84.425 -16.9 6.811250462620343
    endloop
  endfacet
  facet normal 0.5000000000000008 0 0.8660254037844384
    outer loop
      vertex 81.5 -14 5.122500925240686
      vertex 78.575 -16.9 6.811250462620343
      vertex 81.5 -16.9 5.122500925240686
    endloop
  endfacet
  facet normal -0.5000000000000008 0 0.8660254037844384
    outer loop
      vertex 81.5 -14 5.122500925240686
      vertex 81.5 -16.9 5.122500925240686
      vertex 84.425 -14 6.811250462620343
    endloop
  endfacet
  facet normal 0 1 0
    outer loop
      vertex 78.575 -16.9 10.188749537379657
      vertex 80.88770650821586 -16.9 9.97820725201806
      vertex 80.61108762716864 -16.9 9.830351379684075
    endloop
  endfacet
  facet normal 0 1 0
    outer loop
      vertex 78.575 -16.9 10.188749537379657
      vertex 81.5 -16.9 10.100000000000001
      vertex 81.18785548477419 -16.9 10.06925644864517
    endloop
  endfacet
  facet normal 0 1 0
    outer loop
      vertex 78.575 -16.9 10.188749537379657
      vertex 84.425 -16.9 10.188749537379657
      vertex 81.5 -16.9 10.100000000000001
    endloop
  endfacet
  facet normal 0 1 0
    outer loop
      vertex 78.575 -16.9 10.188749537379657
      vertex 81.18785548477419 -16.9 10.06925644864517
      vertex 80.88770650821586 -16.9 9.97820725201806
    endloop
  endfacet
  facet normal 0 1 0
    outer loop
      vertex 78.575 -16.9 10.188749537379657
      vertex 80.61108762716864 -16.9 9.830351379684075
      vertex 80.36862915010153 -16.9 9.631370849898474
    endloop
  endfacet
  facet normal 0 1 0
    outer loop
      vertex 78.575 -16.9 10.188749537379657
      vertex 80.36862915010153 -16.9 9.631370849898474
      vertex 80.16964862031593 -16.9 9.388912372831363
    endloop
  endfacet
  facet normal 0 1 0
    outer loop
      vertex 81.5 -16.9 10.100000000000001
      vertex 84.425 -16.9 10.188749537379657
      vertex 81.81214451522581 -16.9 10.06925644864517
    endloop
  endfacet
  facet normal 0 1 0
    outer loop
      vertex 81.81214451522581 -16.9 10.06925644864517
      vertex 84.425 -16.9 10.188749537379657
      vertex 82.11229349178414 -16.9 9.97820725201806
    endloop
  endfacet
  facet normal 0 1 0
    outer loop
      vertex 82.11229349178414 -16.9 9.97820725201806
      vertex 84.425 -16.9 10.188749537379657
      vertex 82.38891237283136 -16.9 9.830351379684075
    endloop
  endfacet
  facet normal 0 1 0
    outer loop
      vertex 82.38891237283136 -16.9 9.830351379684075
      vertex 84.425 -16.9 10.188749537379657
      vertex 82.63137084989847 -16.9 9.631370849898474
    endloop
  endfacet
  facet normal 0 1 0
    outer loop
      vertex 82.63137084989847 -16.9 9.631370849898474
      vertex 84.425 -16.9 10.188749537379657
      vertex 82.83035137968407 -16.9 9.388912372831363
    endloop
  endfacet
  facet normal 0 1 0
    outer loop
      vertex 78.575 -16.9 10.188749537379657
      vertex 80.16964862031593 -16.9 9.388912372831363
      vertex 80.02179274798195 -16.9 9.112293491784143
    endloop
  endfacet
  facet normal 0 1 0
    outer loop
      vertex 78.575 -16.9 10.188749537379657
      vertex 80.02179274798195 -16.9 9.112293491784143
      vertex 79.93074355135484 -16.9 8.812144515225803
    endloop
  endfacet
  facet normal 0 1 0
    outer loop
      vertex 78.575 -16.9 10.188749537379657
      vertex 79.93074355135484 -16.9 8.812144515225803
      vertex 79.9 -16.9 8.5
    endloop
  endfacet
  facet normal 0 1 0
    outer loop
      vertex 82.83035137968407 -16.9 9.388912372831363
      vertex 84.425 -16.9 10.188749537379657
      vertex 82.97820725201805 -16.9 9.112293491784143
    endloop
  endfacet
  facet normal 0 1 0
    outer loop
      vertex 82.97820725201805 -16.9 9.112293491784143
      vertex 84.425 -16.9 10.188749537379657
      vertex 83.06925644864516 -16.9 8.812144515225803
    endloop
  endfacet
  facet normal 0 1 0
    outer loop
      vertex 78.575 -16.9 10.188749537379657
      vertex 79.9 -16.9 8.5
      vertex 79.93074355135484 -16.9 8.187855484774197
    endloop
  endfacet
  facet normal 0 1 0
    outer loop
      vertex 78.575 -16.9 10.188749537379657
      vertex 79.93074355135484 -16.9 8.187855484774197
      vertex 78.575 -16.9 6.811250462620343
    endloop
  endfacet
  facet normal 0 1 0
    outer loop
      vertex 83.06925644864516 -16.9 8.812144515225803
      vertex 84.425 -16.9 10.188749537379657
      vertex 84.425 -16.9 6.811250462620343
    endloop
  endfacet
  facet normal 0 1 0
    outer loop
      vertex 83.06925644864516 -16.9 8.812144515225803
      vertex 84.425 -16.9 6.811250462620343
      vertex 83.1 -16.9 8.5
    endloop
  endfacet
  facet normal 0 1 0
    outer loop
      vertex 83.1 -16.9 8.5
      vertex 84.425 -16.9 6.811250462620343
      vertex 83.06925644864516 -16.9 8.187855484774197
    endloop
  endfacet
  facet normal 0 1 0
    outer loop
      vertex 78.575 -16.9 6.811250462620343
      vertex 79.93074355135484 -16.9 8.187855484774197
      vertex 80.02179274798195 -16.9 7.887706508215857
    endloop
  endfacet
  facet normal 0 1 0
    outer loop
      vertex 78.575 -16.9 6.811250462620343
      vertex 80.02179274798195 -16.9 7.887706508215857
      vertex 80.16964862031593 -16.9 7.6110876271686365
    endloop
  endfacet
  facet normal 0 1 0
    outer loop
      vertex 78.575 -16.9 6.811250462620343
      vertex 80.16964862031593 -16.9 7.6110876271686365
      vertex 80.36862915010153 -16.9 7.368629150101526
    endloop
  endfacet
  facet normal 0 1 0
    outer loop
      vertex 78.575 -16.9 6.811250462620343
      vertex 80.36862915010153 -16.9 7.368629150101526
      vertex 80.61108762716864 -16.9 7.169648620315925
    endloop
  endfacet
  facet normal 0 1 0
    outer loop
      vertex 83.06925644864516 -16.9 8.187855484774197
      vertex 84.425 -16.9 6.811250462620343
      vertex 82.97820725201805 -16.9 7.887706508215857
    endloop
  endfacet
  facet normal 0 1 0
    outer loop
      vertex 82.83035137968407 -16.9 7.6110876271686365
      vertex 82.97820725201805 -16.9 7.887706508215857
      vertex 84.425 -16.9 6.811250462620343
    endloop
  endfacet
  facet normal 0 1 0
    outer loop
      vertex 82.83035137968407 -16.9 7.6110876271686365
      vertex 84.425 -16.9 6.811250462620343
      vertex 82.63137084989847 -16.9 7.368629150101526
    endloop
  endfacet
  facet normal 0 1 0
    outer loop
      vertex 82.63137084989847 -16.9 7.368629150101526
      vertex 84.425 -16.9 6.811250462620343
      vertex 82.38891237283136 -16.9 7.169648620315925
    endloop
  endfacet
  facet normal 0 1 0
    outer loop
      vertex 78.575 -16.9 6.811250462620343
      vertex 80.61108762716864 -16.9 7.169648620315925
      vertex 80.88770650821586 -16.9 7.021792747981941
    endloop
  endfacet
  facet normal 0 1 0
    outer loop
      vertex 78.575 -16.9 6.811250462620343
      vertex 80.88770650821586 -16.9 7.021792747981941
      vertex 81.18785548477419 -16.9 6.93074355135483
    endloop
  endfacet
  facet normal 0 1 0
    outer loop
      vertex 78.575 -16.9 6.811250462620343
      vertex 81.18785548477419 -16.9 6.93074355135483
      vertex 81.5 -16.9 6.899999999999999
    endloop
  endfacet
  facet normal 0 1 0
    outer loop
      vertex 78.575 -16.9 6.811250462620343
      vertex 81.5 -16.9 6.899999999999999
      vertex 84.425 -16.9 6.811250462620343
    endloop
  endfacet
  facet normal 0 1 0
    outer loop
      vertex 81.81214451522581 -16.9 6.93074355135483
      vertex 82.11229349178414 -16.9 7.021792747981941
      vertex 84.425 -16.9 6.811250462620343
    endloop
  endfacet
  facet normal 0 1 0
    outer loop
      vertex 81.5 -16.9 6.899999999999999
      vertex 81.81214451522581 -16.9 6.93074355135483
      vertex 84.425 -16.9 6.811250462620343
    endloop
  endfacet
  facet normal 0 1 0
    outer loop
      vertex 82.11229349178414 -16.9 7.021792747981941
      vertex 82.38891237283136 -16.9 7.169648620315925
      vertex 84.425 -16.9 6.811250462620343
    endloop
  endfacet
  facet normal 0 1 0
    outer loop
      vertex 78.575 -16.9 6.811250462620343
      vertex 84.425 -16.9 6.811250462620343
      vertex 81.5 -16.9 5.122500925240686
    endloop
  endfacet
  facet normal 0 -1 0
    outer loop
      vertex -8.6 -12 2.5
      vertex -8.6 -12 0
      vertex 8.6 -12 2.5
    endloop
  endfacet
  facet normal 1 0 0
    outer loop
      vertex -8.6 -12 2.5
      vertex -8.6 -20 0
      vertex -8.6 -12 0
    endloop
  endfacet
  facet normal 1 0 0
    outer loop
      vertex -8.6 -12 2.5
      vertex -8.6 -20 2.5
      vertex -8.6 -20 0
    endloop
  endfacet
  facet normal 0 1 0
    outer loop
      vertex -8.6 -20 2.5
      vertex 8.6 -20 0
      vertex -8.6 -20 0
    endloop
  endfacet
  facet normal 0 -1 0
    outer loop
      vertex -8.6 -12 0
      vertex 8.6 -12 0
      vertex 8.6 -12 2.5
    endloop
  endfacet
  facet normal -1 0 0
    outer loop
      vertex 8.6 -12 2.5
      vertex 8.6 -12 0
      vertex 8.6 -20 2.5
    endloop
  endfacet
  facet normal -1 0 0
    outer loop
      vertex 8.6 -12 0
      vertex 8.6 -20 0
      vertex 8.6 -20 2.5
    endloop
  endfacet
  facet normal 0 1 0
    outer loop
      vertex -8.6 -20 2.5
      vertex 8.6 -20 2.5
      vertex 8.6 -20 0
    endloop
  endfacet
  facet normal -0.2902846772544598 0 0.9569403357322096
    outer loop
      vertex 69.08658283817455 22.5 11.119397662556437
      vertex 69.08658283817455 14.5 11.119397662556437
      vertex 70.02454838991936 22.5 11.403926402016154
    endloop
  endfacet
  facet normal -0.09801714032955905 0 0.995184726672197
    outer loop
      vertex 70.02454838991936 22.5 11.403926402016154
      vertex 70.02454838991936 14.5 11.403926402016154
      vertex 71 22.5 11.5
    endloop
  endfacet
  facet normal 0.09801714032955905 0 0.995184726672197
    outer loop
      vertex 71 22.5 11.5
      vertex 71 14.5 11.5
      vertex 71.97545161008064 22.5 11.403926402016154
    endloop
  endfacet
  facet normal 0.2902846772544598 0 0.9569403357322096
    outer loop
      vertex 71.97545161008064 22.5 11.403926402016154
      vertex 71.97545161008064 14.5 11.403926402016154
      vertex 72.91341716182545 22.5 11.119397662556437
    endloop
  endfacet
  facet normal -0.4713967368259985 -2.7135413667431996e-18 0.8819212643483546
    outer loop
      vertex 69.08658283817455 22.5 11.119397662556437
      vertex 68.22214883490199 22.5 10.657348061512728
      vertex 68.22214883490199 14.5 10.657348061512728
    endloop
  endfacet
  facet normal 0.4713967368259985 0 0.8819212643483546
    outer loop
      vertex 72.91341716182545 22.5 11.119397662556437
      vertex 72.91341716182545 14.5 11.119397662556437
      vertex 73.77785116509801 22.5 10.657348061512728
    endloop
  endfacet
  facet normal 0.6343932841636477 0 0.7730104533627351
    outer loop
      vertex 73.77785116509801 22.5 10.657348061512728
      vertex 73.77785116509801 14.5 10.657348061512728
      vertex 74.53553390593274 22.5 10.035533905932738
    endloop
  endfacet
  facet normal -0.2902846772544598 0 0.9569403357322096
    outer loop
      vertex 70.02454838991936 22.5 11.403926402016154
      vertex 69.08658283817455 14.5 11.119397662556437
      vertex 70.02454838991936 14.5 11.403926402016154
    endloop
  endfacet
  facet normal -0.4713967368259985 0 0.8819212643483546
    outer loop
      vertex 69.08658283817455 22.5 11.119397662556437
      vertex 68.22214883490199 14.5 10.657348061512728
      vertex 69.08658283817455 14.5 11.119397662556437
    endloop
  endfacet
  facet normal -0.09801714032955905 0 0.995184726672197
    outer loop
      vertex 71 22.5 11.5
      vertex 70.02454838991936 14.5 11.403926402016154
      vertex 71 14.5 11.5
    endloop
  endfacet
  facet normal 0.09801714032955905 0 0.995184726672197
    outer loop
      vertex 71.97545161008064 22.5 11.403926402016154
      vertex 71 14.5 11.5
      vertex 71.97545161008064 14.5 11.403926402016154
    endloop
  endfacet
  facet normal 0.2902846772544598 0 0.9569403357322096
    outer loop
      vertex 72.91341716182545 22.5 11.119397662556437
      vertex 71.97545161008064 14.5 11.403926402016154
      vertex 72.91341716182545 14.5 11.119397662556437
    endloop
  endfacet
  facet normal -0.6343932841636477 -3.430473555544094e-18 0.7730104533627351
    outer loop
      vertex 67.46446609406726 14.5 10.035533905932738
      vertex 68.22214883490199 14.5 10.657348061512728
      vertex 68.22214883490199 22.5 10.657348061512728
    endloop
  endfacet
  facet normal 0.4713967368259985 0 0.8819212643483546
    outer loop
      vertex 73.77785116509801 22.5 10.657348061512728
      vertex 72.91341716182545 14.5 11.119397662556437
      vertex 73.77785116509801 14.5 10.657348061512728
    endloop
  endfacet
  facet normal -0.7730104533627388 0 0.6343932841636434
    outer loop
      vertex 67.46446609406726 22.5 10.035533905932738
      vertex 66.84265193848728 22.5 9.277851165098014
      vertex 67.46446609406726 14.5 10.035533905932738
    endloop
  endfacet
  facet normal -0.8819212643483516 0 0.47139673682600414
    outer loop
      vertex 66.84265193848728 22.5 9.277851165098014
      vertex 66.38060233744356 22.5 8.41341716182545
      vertex 66.84265193848728 14.5 9.277851165098014
    endloop
  endfacet
  facet normal -0.9569403357322096 0 0.2902846772544598
    outer loop
      vertex 66.38060233744356 22.5 8.41341716182545
      vertex 66.09607359798385 22.5 7.47545161008064
      vertex 66.38060233744356 14.5 8.41341716182545
    endloop
  endfacet
  facet normal -0.995184726672197 0 0.09801714032955905
    outer loop
      vertex 66.09607359798385 22.5 7.47545161008064
      vertex 66 22.5 6.5
      vertex 66.09607359798385 14.5 7.47545161008064
    endloop
  endfacet
  facet normal -0.995184726672197 0 -0.09801714032955905
    outer loop
      vertex 66 22.5 6.5
      vertex 66.09607359798385 22.5 5.52454838991936
      vertex 66 14.5 6.5
    endloop
  endfacet
  facet normal -0.9569403357322096 0 -0.2902846772544598
    outer loop
      vertex 66.09607359798385 22.5 5.52454838991936
      vertex 66.38060233744356 22.5 4.58658283817455
      vertex 66.09607359798385 14.5 5.52454838991936
    endloop
  endfacet
  facet normal -0.7730104533627388 0 0.6343932841636434
    outer loop
      vertex 66.84265193848728 22.5 9.277851165098014
      vertex 66.84265193848728 14.5 9.277851165098014
      vertex 67.46446609406726 14.5 10.035533905932738
    endloop
  endfacet
  facet normal -0.8819212643483516 0 0.47139673682600414
    outer loop
      vertex 66.38060233744356 22.5 8.41341716182545
      vertex 66.38060233744356 14.5 8.41341716182545
      vertex 66.84265193848728 14.5 9.277851165098014
    endloop
  endfacet
  facet normal -0.9569403357322096 0 0.2902846772544598
    outer loop
      vertex 66.09607359798385 22.5 7.47545161008064
      vertex 66.09607359798385 14.5 7.47545161008064
      vertex 66.38060233744356 14.5 8.41341716182545
    endloop
  endfacet
  facet normal -0.995184726672197 0 0.09801714032955905
    outer loop
      vertex 66 22.5 6.5
      vertex 66 14.5 6.5
      vertex 66.09607359798385 14.5 7.47545161008064
    endloop
  endfacet
  facet normal -0.995184726672197 0 -0.09801714032955905
    outer loop
      vertex 66.09607359798385 22.5 5.52454838991936
      vertex 66.09607359798385 14.5 5.52454838991936
      vertex 66 14.5 6.5
    endloop
  endfacet
  facet normal 0 -1 0
    outer loop
      vertex 67.46446609406726 14.5 10.035533905932738
      vertex 66.84265193848728 14.5 9.277851165098014
      vertex 67.46446609406726 14.5 2.9644660940672622
    endloop
  endfacet
  facet normal 0 -1 0
    outer loop
      vertex 66.84265193848728 14.5 9.277851165098014
      vertex 66.38060233744356 14.5 8.41341716182545
      vertex 66.84265193848728 14.5 3.7221488349019864
    endloop
  endfacet
  facet normal 0 -1 0
    outer loop
      vertex 66.38060233744356 14.5 8.41341716182545
      vertex 66.09607359798385 14.5 7.47545161008064
      vertex 66.38060233744356 14.5 4.58658283817455
    endloop
  endfacet
  facet normal 0 -1 0
    outer loop
      vertex 66.09607359798385 14.5 7.47545161008064
      vertex 66 14.5 6.5
      vertex 66.09607359798385 14.5 5.52454838991936
    endloop
  endfacet
  facet normal 0 -1 0
    outer loop
      vertex 66.09607359798385 14.5 7.47545161008064
      vertex 66.09607359798385 14.5 5.52454838991936
      vertex 66.38060233744356 14.5 4.58658283817455
    endloop
  endfacet
  facet normal 0 -1 0
    outer loop
      vertex 66.38060233744356 14.5 8.41341716182545
      vertex 66.38060233744356 14.5 4.58658283817455
      vertex 66.84265193848728 14.5 3.7221488349019864
    endloop
  endfacet
  facet normal 0 -1 0
    outer loop
      vertex 66.84265193848728 14.5 9.277851165098014
      vertex 66.84265193848728 14.5 3.7221488349019864
      vertex 67.46446609406726 14.5 2.9644660940672622
    endloop
  endfacet
  facet normal -0.6343932841636477 0 0.7730104533627351
    outer loop
      vertex 67.46446609406726 22.5 10.035533905932738
      vertex 67.46446609406726 14.5 10.035533905932738
      vertex 68.22214883490199 22.5 10.657348061512728
    endloop
  endfacet
  facet normal 0.7730104533627388 3.312892803882953e-18 0.6343932841636434
    outer loop
      vertex 74.53553390593274 22.5 10.035533905932738
      vertex 75.15734806151272 14.5 9.277851165098014
      vertex 75.15734806151272 22.5 9.277851165098014
    endloop
  endfacet
  facet normal 0.8819212643483516 -1.87065433288206e-18 0.47139673682600414
    outer loop
      vertex 75.15734806151272 22.5 9.277851165098014
      vertex 75.61939766255644 14.5 8.41341716182545
      vertex 75.61939766255644 22.5 8.41341716182545
    endloop
  endfacet
  facet normal 0.9569403357322096 1.923451259869896e-18 0.2902846772544598
    outer loop
      vertex 75.61939766255644 22.5 8.41341716182545
      vertex 75.90392640201615 14.5 7.47545161008064
      vertex 75.90392640201615 22.5 7.47545161008064
    endloop
  endfacet
  facet normal 0.995184726672197 -4.669966787177784e-20 0.09801714032955905
    outer loop
      vertex 75.90392640201615 22.5 7.47545161008064
      vertex 76 14.5 6.5
      vertex 76 22.5 6.5
    endloop
  endfacet
  facet normal 0.995184726672197 0 -0.09801714032955905
    outer loop
      vertex 75.90392640201615 22.5 5.52454838991936
      vertex 76 22.5 6.5
      vertex 75.90392640201615 14.5 5.52454838991936
    endloop
  endfacet
  facet normal 0.6343932841636477 0 0.7730104533627351
    outer loop
      vertex 74.53553390593274 22.5 10.035533905932738
      vertex 73.77785116509801 14.5 10.657348061512728
      vertex 74.53553390593274 14.5 10.035533905932738
    endloop
  endfacet
  facet normal 0.7730104533627388 0 0.6343932841636434
    outer loop
      vertex 74.53553390593274 22.5 10.035533905932738
      vertex 74.53553390593274 14.5 10.035533905932738
      vertex 75.15734806151272 14.5 9.277851165098014
    endloop
  endfacet
  facet normal 0.8819212643483516 0 0.47139673682600414
    outer loop
      vertex 75.15734806151272 22.5 9.277851165098014
      vertex 75.15734806151272 14.5 9.277851165098014
      vertex 75.61939766255644 14.5 8.41341716182545
    endloop
  endfacet
  facet normal 0.9569403357322096 0 0.2902846772544598
    outer loop
      vertex 75.61939766255644 22.5 8.41341716182545
      vertex 75.61939766255644 14.5 8.41341716182545
      vertex 75.90392640201615 14.5 7.47545161008064
    endloop
  endfacet
  facet normal 0 -1 0
    outer loop
      vertex 69.08658283817455 14.5 11.119397662556437
      vertex 70.15147186257614 14.5 7.348528137423855
      vertex 70.02454838991936 14.5 11.403926402016154
    endloop
  endfacet
  facet normal 0 -1 0
    outer loop
      vertex 70.02454838991936 14.5 11.403926402016154
      vertex 71 14.5 7.700000000000003
      vertex 71 14.5 11.5
    endloop
  endfacet
  facet normal 0 -1 0
    outer loop
      vertex 71 14.5 11.5
      vertex 71.4592201188381 14.5 7.608655439013546
      vertex 71.97545161008064 14.5 11.403926402016154
    endloop
  endfacet
  facet normal 0 -1 0
    outer loop
      vertex 70.02454838991936 14.5 11.403926402016154
      vertex 70.33331572037648 14.5 7.4977635347630525
      vertex 70.5407798811619 14.5 7.608655439013546
    endloop
  endfacet
  facet normal 0 -1 0
    outer loop
      vertex 70.02454838991936 14.5 11.403926402016154
      vertex 70.15147186257614 14.5 7.348528137423855
      vertex 70.33331572037648 14.5 7.4977635347630525
    endloop
  endfacet
  facet normal 0 -1 0
    outer loop
      vertex 69.08658283817455 14.5 11.119397662556437
      vertex 70.00223646523695 14.5 7.166684279623524
      vertex 70.15147186257614 14.5 7.348528137423855
    endloop
  endfacet
  facet normal 0 -1 0
    outer loop
      vertex 69.08658283817455 14.5 11.119397662556437
      vertex 69.89134456098645 14.5 6.959220118838111
      vertex 70.00223646523695 14.5 7.166684279623524
    endloop
  endfacet
  facet normal 0 -1 0
    outer loop
      vertex 70.02454838991936 14.5 11.403926402016154
      vertex 70.5407798811619 14.5 7.608655439013546
      vertex 70.76589161358065 14.5 7.676942336483876
    endloop
  endfacet
  facet normal 0 -1 0
    outer loop
      vertex 70.02454838991936 14.5 11.403926402016154
      vertex 70.76589161358065 14.5 7.676942336483876
      vertex 71 14.5 7.700000000000003
    endloop
  endfacet
  facet normal 0 -1 0
    outer loop
      vertex 71 14.5 11.5
      vertex 71 14.5 7.700000000000003
      vertex 71.23410838641935 14.5 7.676942336483876
    endloop
  endfacet
  facet normal 0 -1 0
    outer loop
      vertex 71 14.5 11.5
      vertex 71.23410838641935 14.5 7.676942336483876
      vertex 71.4592201188381 14.5 7.608655439013546
    endloop
  endfacet
  facet normal 0 -1 0
    outer loop
      vertex 71.97545161008064 14.5 11.403926402016154
      vertex 71.4592201188381 14.5 7.608655439013546
      vertex 71.66668427962352 14.5 7.4977635347630525
    endloop
  endfacet
  facet normal 0 -1 0
    outer loop
      vertex 71.97545161008064 14.5 11.403926402016154
      vertex 71.66668427962352 14.5 7.4977635347630525
      vertex 71.84852813742386 14.5 7.348528137423855
    endloop
  endfacet
  facet normal 0 -1 0
    outer loop
      vertex 71.97545161008064 14.5 11.403926402016154
      vertex 71.84852813742386 14.5 7.348528137423855
      vertex 71.99776353476305 14.5 7.166684279623524
    endloop
  endfacet
  facet normal 0 -1 0
    outer loop
      vertex 71.97545161008064 14.5 11.403926402016154
      vertex 71.99776353476305 14.5 7.166684279623524
      vertex 72.10865543901355 14.5 6.959220118838111
    endloop
  endfacet
  facet normal 0 -1 0
    outer loop
      vertex 71.97545161008064 14.5 11.403926402016154
      vertex 72.10865543901355 14.5 6.959220118838111
      vertex 72.17694233648388 14.5 6.734108386419351
    endloop
  endfacet
  facet normal 0 -1 0
    outer loop
      vertex 71.97545161008064 14.5 11.403926402016154
      vertex 73.9695803327957 14.5 2.5
      vertex 72.91341716182545 14.5 11.119397662556437
    endloop
  endfacet
  facet normal 0 -1 0
    outer loop
      vertex 69.08658283817455 14.5 11.119397662556437
      vertex 68.22214883490199 14.5 10.657348061512728
      vertex 68.0304196672043 14.5 2.5
    endloop
  endfacet
  facet normal 0 -1 0
    outer loop
      vertex 69.08658283817455 14.5 11.119397662556437
      vertex 69.82305766351612 14.5 6.734108386419351
      vertex 69.89134456098645 14.5 6.959220118838111
    endloop
  endfacet
  facet normal 0 -1 0
    outer loop
      vertex 69.08658283817455 14.5 11.119397662556437
      vertex 69.8 14.5 6.5
      vertex 69.82305766351612 14.5 6.734108386419351
    endloop
  endfacet
  facet normal 0 -1 0
    outer loop
      vertex 67.46446609406726 14.5 10.035533905932738
      vertex 68.0304196672043 14.5 2.5
      vertex 68.22214883490199 14.5 10.657348061512728
    endloop
  endfacet
  facet normal 0 -1 0
    outer loop
      vertex 71.97545161008064 14.5 11.403926402016154
      vertex 72.17694233648388 14.5 6.734108386419351
      vertex 72.2 14.5 6.5
    endloop
  endfacet
  facet normal 0 -1 0
    outer loop
      vertex 72.91341716182545 14.5 11.119397662556437
      vertex 73.9695803327957 14.5 2.5
      vertex 73.77785116509801 14.5 10.657348061512728
    endloop
  endfacet
  facet normal 0 -1 0
    outer loop
      vertex 73.77785116509801 14.5 10.657348061512728
      vertex 74.53553390593274 14.5 2.9644660940672622
      vertex 74.53553390593274 14.5 10.035533905932738
    endloop
  endfacet
  facet normal 0.995184726672197 0 0.09801714032955905
    outer loop
      vertex 75.90392640201615 22.5 7.47545161008064
      vertex 75.90392640201615 14.5 7.47545161008064
      vertex 76 14.5 6.5
    endloop
  endfacet
  facet normal 0.995184726672197 0 -0.09801714032955905
    outer loop
      vertex 76 22.5 6.5
      vertex 76 14.5 6.5
      vertex 75.90392640201615 14.5 5.52454838991936
    endloop
  endfacet
  facet normal 0.9569403357322096 0 -0.2902846772544598
    outer loop
      vertex 75.90392640201615 22.5 5.52454838991936
      vertex 75.90392640201615 14.5 5.52454838991936
      vertex 75.61939766255644 14.5 4.58658283817455
    endloop
  endfacet
  facet normal 0 -1 0
    outer loop
      vertex 69.08658283817455 14.5 11.119397662556437
      vertex 68.0304196672043 14.5 2.5
      vertex 69.8 14.5 6.5
    endloop
  endfacet
  facet normal 0 -1 0
    outer loop
      vertex 71.97545161008064 14.5 11.403926402016154
      vertex 72.2 14.5 6.5
      vertex 73.9695803327957 14.5 2.5
    endloop
  endfacet
  facet normal 0 -1 0
    outer loop
      vertex 74.53553390593274 14.5 10.035533905932738
      vertex 75.15734806151272 14.5 3.7221488349019864
      vertex 75.15734806151272 14.5 9.277851165098014
    endloop
  endfacet
  facet normal 0 -1 0
    outer loop
      vertex 75.15734806151272 14.5 9.277851165098014
      vertex 75.61939766255644 14.5 4.58658283817455
      vertex 75.61939766255644 14.5 8.41341716182545
    endloop
  endfacet
  facet normal 0 -1 0
    outer loop
      vertex 75.61939766255644 14.5 8.41341716182545
      vertex 75.90392640201615 14.5 5.52454838991936
      vertex 75.90392640201615 14.5 7.47545161008064
    endloop
  endfacet
  facet normal 0 -1 0
    outer loop
      vertex 75.90392640201615 14.5 7.47545161008064
      vertex 75.90392640201615 14.5 5.52454838991936
      vertex 76 14.5 6.5
    endloop
  endfacet
  facet normal 0 -1 0
    outer loop
      vertex 67.46446609406726 14.5 10.035533905932738
      vertex 67.46446609406726 14.5 2.9644660940672622
      vertex 68.0304196672043 14.5 2.5
    endloop
  endfacet
  facet normal 0 -1 0
    outer loop
      vertex 75.61939766255644 14.5 8.41341716182545
      vertex 75.61939766255644 14.5 4.58658283817455
      vertex 75.90392640201615 14.5 5.52454838991936
    endloop
  endfacet
  facet normal 0 -1 0
    outer loop
      vertex 75.15734806151272 14.5 9.277851165098014
      vertex 75.15734806151272 14.5 3.7221488349019864
      vertex 75.61939766255644 14.5 4.58658283817455
    endloop
  endfacet
  facet normal 0 -1 0
    outer loop
      vertex 74.53553390593274 14.5 10.035533905932738
      vertex 74.53553390593274 14.5 2.9644660940672622
      vertex 75.15734806151272 14.5 3.7221488349019864
    endloop
  endfacet
  facet normal 0 -1 0
    outer loop
      vertex 73.77785116509801 14.5 10.657348061512728
      vertex 73.9695803327957 14.5 2.5
      vertex 74.53553390593274 14.5 2.9644660940672622
    endloop
  endfacet
  facet normal -0.8819212643483516 0 -0.47139673682600414
    outer loop
      vertex 66.38060233744356 22.5 4.58658283817455
      vertex 66.84265193848728 22.5 3.7221488349019864
      vertex 66.38060233744356 14.5 4.58658283817455
    endloop
  endfacet
  facet normal -0.7730104533627388 0 -0.6343932841636434
    outer loop
      vertex 66.84265193848728 22.5 3.7221488349019864
      vertex 67.46446609406726 22.5 2.9644660940672622
      vertex 66.84265193848728 14.5 3.7221488349019864
    endloop
  endfacet
  facet normal -0.9569403357322096 0 -0.2902846772544598
    outer loop
      vertex 66.38060233744356 22.5 4.58658283817455
      vertex 66.38060233744356 14.5 4.58658283817455
      vertex 66.09607359798385 14.5 5.52454838991936
    endloop
  endfacet
  facet normal -0.8819212643483516 0 -0.47139673682600414
    outer loop
      vertex 66.84265193848728 22.5 3.7221488349019864
      vertex 66.84265193848728 14.5 3.7221488349019864
      vertex 66.38060233744356 14.5 4.58658283817455
    endloop
  endfacet
  facet normal -0.7730104533627388 0 -0.6343932841636434
    outer loop
      vertex 67.46446609406726 22.5 2.9644660940672622
      vertex 67.46446609406726 14.5 2.9644660940672622
      vertex 66.84265193848728 14.5 3.7221488349019864
    endloop
  endfacet
  facet normal 0.9569403357322096 -1.923451259869896e-18 -0.2902846772544598
    outer loop
      vertex 75.90392640201615 22.5 5.52454838991936
      vertex 75.61939766255644 14.5 4.58658283817455
      vertex 75.61939766255644 22.5 4.58658283817455
    endloop
  endfacet
  facet normal 0.8819212643483516 1.87065433288206e-18 -0.47139673682600414
    outer loop
      vertex 75.61939766255644 22.5 4.58658283817455
      vertex 75.15734806151272 14.5 3.7221488349019864
      vertex 75.15734806151272 22.5 3.7221488349019864
    endloop
  endfacet
  facet normal -0.6343932841636447 0 -0.7730104533627375
    outer loop
      vertex 67.46446609406726 22.5 2.9644660940672622
      vertex 68.0304196672043 22.5 2.5
      vertex 67.46446609406726 14.5 2.9644660940672622
    endloop
  endfacet
  facet normal 0.7730104533627388 -3.312892803882953e-18 -0.6343932841636434
    outer loop
      vertex 75.15734806151272 22.5 3.7221488349019864
      vertex 74.53553390593274 14.5 2.9644660940672622
      vertex 74.53553390593274 22.5 2.9644660940672622
    endloop
  endfacet
  facet normal 0.6343932841636447 0 -0.7730104533627375
    outer loop
      vertex 73.9695803327957 22.5 2.5
      vertex 74.53553390593274 22.5 2.9644660940672622
      vertex 73.9695803327957 14.5 2.5
    endloop
  endfacet
  facet normal 0.8819212643483516 0 -0.47139673682600414
    outer loop
      vertex 75.61939766255644 22.5 4.58658283817455
      vertex 75.61939766255644 14.5 4.58658283817455
      vertex 75.15734806151272 14.5 3.7221488349019864
    endloop
  endfacet
  facet normal -0.6343932841636447 -4.447855715439011e-18 -0.7730104533627375
    outer loop
      vertex 67.46446609406726 14.5 2.9644660940672622
      vertex 68.0304196672043 22.5 2.5
      vertex 68.0304196672043 14.5 2.5
    endloop
  endfacet
  facet normal 0.7730104533627388 0 -0.6343932841636434
    outer loop
      vertex 75.15734806151272 22.5 3.7221488349019864
      vertex 75.15734806151272 14.5 3.7221488349019864
      vertex 74.53553390593274 14.5 2.9644660940672622
    endloop
  endfacet
  facet normal 0.6343932841636447 0 -0.7730104533627375
    outer loop
      vertex 74.53553390593274 22.5 2.9644660940672622
      vertex 74.53553390593274 14.5 2.9644660940672622
      vertex 73.9695803327957 14.5 2.5
    endloop
  endfacet
  facet normal 0 -1 0
    outer loop
      vertex 69.8 14.5 6.5
      vertex 68.0304196672043 14.5 2.5
      vertex 69.82305766351612 14.5 6.265891613580649
    endloop
  endfacet
  facet normal 0 -1 0
    outer loop
      vertex 69.82305766351612 14.5 6.265891613580649
      vertex 68.0304196672043 14.5 2.5
      vertex 69.89134456098645 14.5 6.040779881161889
    endloop
  endfacet
  facet normal 0 -1 0
    outer loop
      vertex 69.89134456098645 14.5 6.040779881161889
      vertex 68.0304196672043 14.5 2.5
      vertex 70.00223646523695 14.5 5.833315720376476
    endloop
  endfacet
  facet normal 0 -1 0
    outer loop
      vertex 70.00223646523695 14.5 5.833315720376476
      vertex 68.0304196672043 14.5 2.5
      vertex 70.15147186257614 14.5 5.651471862576145
    endloop
  endfacet
  facet normal 0 -1 0
    outer loop
      vertex 70.15147186257614 14.5 5.651471862576145
      vertex 68.0304196672043 14.5 2.5
      vertex 70.33331572037648 14.5 5.5022364652369475
    endloop
  endfacet
  facet normal 0 -1 0
    outer loop
      vertex 72.2 14.5 6.5
      vertex 72.17694233648388 14.5 6.265891613580649
      vertex 73.9695803327957 14.5 2.5
    endloop
  endfacet
  facet normal 0 -1 0
    outer loop
      vertex 72.17694233648388 14.5 6.265891613580649
      vertex 72.10865543901355 14.5 6.040779881161889
      vertex 73.9695803327957 14.5 2.5
    endloop
  endfacet
  facet normal 0 -1 0
    outer loop
      vertex 72.10865543901355 14.5 6.040779881161889
      vertex 71.99776353476305 14.5 5.833315720376476
      vertex 73.9695803327957 14.5 2.5
    endloop
  endfacet
  facet normal 0 -1 0
    outer loop
      vertex 71.84852813742386 14.5 5.651471862576145
      vertex 73.9695803327957 14.5 2.5
      vertex 71.99776353476305 14.5 5.833315720376476
    endloop
  endfacet
  facet normal 0 -1 0
    outer loop
      vertex 71.66668427962352 14.5 5.5022364652369475
      vertex 73.9695803327957 14.5 2.5
      vertex 71.84852813742386 14.5 5.651471862576145
    endloop
  endfacet
  facet normal 0 -1 0
    outer loop
      vertex 70.33331572037648 14.5 5.5022364652369475
      vertex 68.0304196672043 14.5 2.5
      vertex 70.5407798811619 14.5 5.391344560986454
    endloop
  endfacet
  facet normal 0 -1 0
    outer loop
      vertex 70.5407798811619 14.5 5.391344560986454
      vertex 68.0304196672043 14.5 2.5
      vertex 70.76589161358065 14.5 5.323057663516124
    endloop
  endfacet
  facet normal 0 -1 0
    outer loop
      vertex 70.76589161358065 14.5 5.323057663516124
      vertex 68.0304196672043 14.5 2.5
      vertex 71 14.5 5.299999999999997
    endloop
  endfacet
  facet normal 0 -1 0
    outer loop
      vertex 71.4592201188381 14.5 5.391344560986454
      vertex 73.9695803327957 14.5 2.5
      vertex 71.66668427962352 14.5 5.5022364652369475
    endloop
  endfacet
  facet normal 0 -1 0
    outer loop
      vertex 71.4592201188381 14.5 5.391344560986454
      vertex 71.23410838641935 14.5 5.323057663516124
      vertex 73.9695803327957 14.5 2.5
    endloop
  endfacet
  facet normal 0 -1 0
    outer loop
      vertex 71 14.5 5.299999999999997
      vertex 73.9695803327957 14.5 2.5
      vertex 71.23410838641935 14.5 5.323057663516124
    endloop
  endfacet
  facet normal 0 -1 0
    outer loop
      vertex 71 14.5 5.299999999999997
      vertex 68.0304196672043 14.5 2.5
      vertex 73.9695803327957 14.5 2.5
    endloop
  endfacet
  facet normal -0.4713967368259985 0 0.8819212643483546
    outer loop
      vertex -73.77785116509801 22.5 10.657348061512728
      vertex -73.77785116509801 14.5 10.657348061512728
      vertex -72.91341716182545 22.5 11.119397662556437
    endloop
  endfacet
  facet normal -0.2902846772544598 0 0.9569403357322096
    outer loop
      vertex -72.91341716182545 22.5 11.119397662556437
      vertex -72.91341716182545 14.5 11.119397662556437
      vertex -71.97545161008064 22.5 11.403926402016154
    endloop
  endfacet
  facet normal -0.09801714032955905 0 0.995184726672197
    outer loop
      vertex -71.97545161008064 22.5 11.403926402016154
      vertex -71.97545161008064 14.5 11.403926402016154
      vertex -71 22.5 11.5
    endloop
  endfacet
  facet normal 0.09801714032955905 0 0.995184726672197
    outer loop
      vertex -71 22.5 11.5
      vertex -71 14.5 11.5
      vertex -70.02454838991936 22.5 11.403926402016154
    endloop
  endfacet
  facet normal 0.2902846772544598 0 0.9569403357322096
    outer loop
      vertex -70.02454838991936 22.5 11.403926402016154
      vertex -70.02454838991936 14.5 11.403926402016154
      vertex -69.08658283817455 22.5 11.119397662556437
    endloop
  endfacet
  facet normal 0.4713967368259985 0 0.8819212643483546
    outer loop
      vertex -69.08658283817455 22.5 11.119397662556437
      vertex -69.08658283817455 14.5 11.119397662556437
      vertex -68.22214883490199 22.5 10.657348061512728
    endloop
  endfacet
  facet normal 0.6343932841636477 0 0.7730104533627351
    outer loop
      vertex -68.22214883490199 22.5 10.657348061512728
      vertex -68.22214883490199 14.5 10.657348061512728
      vertex -67.46446609406726 22.5 10.035533905932738
    endloop
  endfacet
  facet normal -0.4713967368259985 0 0.8819212643483546
    outer loop
      vertex -72.91341716182545 22.5 11.119397662556437
      vertex -73.77785116509801 14.5 10.657348061512728
      vertex -72.91341716182545 14.5 11.119397662556437
    endloop
  endfacet
  facet normal -0.6343932841636477 0 0.7730104533627351
    outer loop
      vertex -73.77785116509801 22.5 10.657348061512728
      vertex -74.53553390593274 14.5 10.035533905932738
      vertex -73.77785116509801 14.5 10.657348061512728
    endloop
  endfacet
  facet normal -0.2902846772544598 0 0.9569403357322096
    outer loop
      vertex -71.97545161008064 22.5 11.403926402016154
      vertex -72.91341716182545 14.5 11.119397662556437
      vertex -71.97545161008064 14.5 11.403926402016154
    endloop
  endfacet
  facet normal -0.09801714032955905 0 0.995184726672197
    outer loop
      vertex -71 22.5 11.5
      vertex -71.97545161008064 14.5 11.403926402016154
      vertex -71 14.5 11.5
    endloop
  endfacet
  facet normal 0.09801714032955905 0 0.995184726672197
    outer loop
      vertex -70.02454838991936 22.5 11.403926402016154
      vertex -71 14.5 11.5
      vertex -70.02454838991936 14.5 11.403926402016154
    endloop
  endfacet
  facet normal 0.2902846772544598 0 0.9569403357322096
    outer loop
      vertex -69.08658283817455 22.5 11.119397662556437
      vertex -70.02454838991936 14.5 11.403926402016154
      vertex -69.08658283817455 14.5 11.119397662556437
    endloop
  endfacet
  facet normal 0.4713967368259985 0 0.8819212643483546
    outer loop
      vertex -68.22214883490199 22.5 10.657348061512728
      vertex -69.08658283817455 14.5 11.119397662556437
      vertex -68.22214883490199 14.5 10.657348061512728
    endloop
  endfacet
  facet normal -0.6343932841636477 0 0.7730104533627351
    outer loop
      vertex -74.53553390593274 22.5 10.035533905932738
      vertex -74.53553390593274 14.5 10.035533905932738
      vertex -73.77785116509801 22.5 10.657348061512728
    endloop
  endfacet
  facet normal -0.7730104533627388 0 0.6343932841636434
    outer loop
      vertex -74.53553390593274 22.5 10.035533905932738
      vertex -75.15734806151272 22.5 9.277851165098014
      vertex -74.53553390593274 14.5 10.035533905932738
    endloop
  endfacet
  facet normal -0.8819212643483516 0 0.47139673682600414
    outer loop
      vertex -75.15734806151272 22.5 9.277851165098014
      vertex -75.61939766255644 22.5 8.41341716182545
      vertex -75.15734806151272 14.5 9.277851165098014
    endloop
  endfacet
  facet normal -0.9569403357322096 0 0.2902846772544598
    outer loop
      vertex -75.61939766255644 22.5 8.41341716182545
      vertex -75.90392640201615 22.5 7.47545161008064
      vertex -75.61939766255644 14.5 8.41341716182545
    endloop
  endfacet
  facet normal -0.995184726672197 0 0.09801714032955905
    outer loop
      vertex -75.90392640201615 22.5 7.47545161008064
      vertex -76 22.5 6.5
      vertex -75.90392640201615 14.5 7.47545161008064
    endloop
  endfacet
  facet normal -0.995184726672197 0 -0.09801714032955905
    outer loop
      vertex -76 22.5 6.5
      vertex -75.90392640201615 22.5 5.52454838991936
      vertex -76 14.5 6.5
    endloop
  endfacet
  facet normal -0.9569403357322096 0 -0.2902846772544598
    outer loop
      vertex -75.90392640201615 22.5 5.52454838991936
      vertex -75.61939766255644 22.5 4.58658283817455
      vertex -75.90392640201615 14.5 5.52454838991936
    endloop
  endfacet
  facet normal -0.7730104533627388 0 0.6343932841636434
    outer loop
      vertex -75.15734806151272 22.5 9.277851165098014
      vertex -75.15734806151272 14.5 9.277851165098014
      vertex -74.53553390593274 14.5 10.035533905932738
    endloop
  endfacet
  facet normal 0.6343932841636477 3.430473555544094e-18 0.7730104533627351
    outer loop
      vertex -68.22214883490199 14.5 10.657348061512728
      vertex -67.46446609406726 14.5 10.035533905932738
      vertex -67.46446609406726 22.5 10.035533905932738
    endloop
  endfacet
  facet normal -0.8819212643483516 0 0.47139673682600414
    outer loop
      vertex -75.61939766255644 22.5 8.41341716182545
      vertex -75.61939766255644 14.5 8.41341716182545
      vertex -75.15734806151272 14.5 9.277851165098014
    endloop
  endfacet
  facet normal -0.9569403357322096 0 0.2902846772544598
    outer loop
      vertex -75.90392640201615 22.5 7.47545161008064
      vertex -75.90392640201615 14.5 7.47545161008064
      vertex -75.61939766255644 14.5 8.41341716182545
    endloop
  endfacet
  facet normal 0 -1 0
    outer loop
      vertex -72.91341716182545 14.5 11.119397662556437
      vertex -71.84852813742386 14.5 7.348528137423855
      vertex -71.97545161008064 14.5 11.403926402016154
    endloop
  endfacet
  facet normal 0 -1 0
    outer loop
      vertex -71.97545161008064 14.5 11.403926402016154
      vertex -71 14.5 7.700000000000003
      vertex -71 14.5 11.5
    endloop
  endfacet
  facet normal 0 -1 0
    outer loop
      vertex -71 14.5 11.5
      vertex -70.5407798811619 14.5 7.608655439013546
      vertex -70.02454838991936 14.5 11.403926402016154
    endloop
  endfacet
  facet normal 0 -1 0
    outer loop
      vertex -73.77785116509801 14.5 10.657348061512728
      vertex -73.9695803327957 14.5 2.5
      vertex -72.91341716182545 14.5 11.119397662556437
    endloop
  endfacet
  facet normal 0 -1 0
    outer loop
      vertex -74.53553390593274 14.5 10.035533905932738
      vertex -73.9695803327957 14.5 2.5
      vertex -73.77785116509801 14.5 10.657348061512728
    endloop
  endfacet
  facet normal 0 -1 0
    outer loop
      vertex -71.97545161008064 14.5 11.403926402016154
      vertex -71.84852813742386 14.5 7.348528137423855
      vertex -71.66668427962352 14.5 7.4977635347630525
    endloop
  endfacet
  facet normal 0 -1 0
    outer loop
      vertex -71.97545161008064 14.5 11.403926402016154
      vertex -71.4592201188381 14.5 7.608655439013546
      vertex -71.23410838641935 14.5 7.676942336483876
    endloop
  endfacet
  facet normal 0 -1 0
    outer loop
      vertex -71.97545161008064 14.5 11.403926402016154
      vertex -71.23410838641935 14.5 7.676942336483876
      vertex -71 14.5 7.700000000000003
    endloop
  endfacet
  facet normal 0 -1 0
    outer loop
      vertex -71.97545161008064 14.5 11.403926402016154
      vertex -71.66668427962352 14.5 7.4977635347630525
      vertex -71.4592201188381 14.5 7.608655439013546
    endloop
  endfacet
  facet normal 0 -1 0
    outer loop
      vertex -71 14.5 11.5
      vertex -71 14.5 7.700000000000003
      vertex -70.76589161358065 14.5 7.676942336483876
    endloop
  endfacet
  facet normal 0 -1 0
    outer loop
      vertex -71 14.5 11.5
      vertex -70.76589161358065 14.5 7.676942336483876
      vertex -70.5407798811619 14.5 7.608655439013546
    endloop
  endfacet
  facet normal 0 -1 0
    outer loop
      vertex -72.91341716182545 14.5 11.119397662556437
      vertex -71.99776353476305 14.5 7.166684279623524
      vertex -71.84852813742386 14.5 7.348528137423855
    endloop
  endfacet
  facet normal 0 -1 0
    outer loop
      vertex -72.91341716182545 14.5 11.119397662556437
      vertex -72.10865543901355 14.5 6.959220118838111
      vertex -71.99776353476305 14.5 7.166684279623524
    endloop
  endfacet
  facet normal 0 -1 0
    outer loop
      vertex -70.02454838991936 14.5 11.403926402016154
      vertex -70.5407798811619 14.5 7.608655439013546
      vertex -70.33331572037648 14.5 7.4977635347630525
    endloop
  endfacet
  facet normal 0 -1 0
    outer loop
      vertex -70.02454838991936 14.5 11.403926402016154
      vertex -70.33331572037648 14.5 7.4977635347630525
      vertex -70.15147186257614 14.5 7.348528137423855
    endloop
  endfacet
  facet normal 0 -1 0
    outer loop
      vertex -70.02454838991936 14.5 11.403926402016154
      vertex -70.15147186257614 14.5 7.348528137423855
      vertex -70.00223646523695 14.5 7.166684279623524
    endloop
  endfacet
  facet normal 0 -1 0
    outer loop
      vertex -70.02454838991936 14.5 11.403926402016154
      vertex -70.00223646523695 14.5 7.166684279623524
      vertex -69.89134456098645 14.5 6.959220118838111
    endloop
  endfacet
  facet normal 0 -1 0
    outer loop
      vertex -70.02454838991936 14.5 11.403926402016154
      vertex -69.89134456098645 14.5 6.959220118838111
      vertex -69.82305766351612 14.5 6.734108386419351
    endloop
  endfacet
  facet normal 0 -1 0
    outer loop
      vertex -70.02454838991936 14.5 11.403926402016154
      vertex -68.0304196672043 14.5 2.5
      vertex -69.08658283817455 14.5 11.119397662556437
    endloop
  endfacet
  facet normal 0 -1 0
    outer loop
      vertex -72.91341716182545 14.5 11.119397662556437
      vertex -72.17694233648388 14.5 6.734108386419351
      vertex -72.10865543901355 14.5 6.959220118838111
    endloop
  endfacet
  facet normal 0 -1 0
    outer loop
      vertex -72.91341716182545 14.5 11.119397662556437
      vertex -72.2 14.5 6.5
      vertex -72.17694233648388 14.5 6.734108386419351
    endloop
  endfacet
  facet normal 0 -1 0
    outer loop
      vertex -70.02454838991936 14.5 11.403926402016154
      vertex -69.82305766351612 14.5 6.734108386419351
      vertex -69.8 14.5 6.5
    endloop
  endfacet
  facet normal 0 -1 0
    outer loop
      vertex -69.08658283817455 14.5 11.119397662556437
      vertex -68.0304196672043 14.5 2.5
      vertex -68.22214883490199 14.5 10.657348061512728
    endloop
  endfacet
  facet normal 0 -1 0
    outer loop
      vertex -68.22214883490199 14.5 10.657348061512728
      vertex -67.46446609406726 14.5 2.9644660940672622
      vertex -67.46446609406726 14.5 10.035533905932738
    endloop
  endfacet
  facet normal -0.995184726672197 0 0.09801714032955905
    outer loop
      vertex -76 22.5 6.5
      vertex -76 14.5 6.5
      vertex -75.90392640201615 14.5 7.47545161008064
    endloop
  endfacet
  facet normal -0.995184726672197 0 -0.09801714032955905
    outer loop
      vertex -75.90392640201615 22.5 5.52454838991936
      vertex -75.90392640201615 14.5 5.52454838991936
      vertex -76 14.5 6.5
    endloop
  endfacet
  facet normal 0 -1 0
    outer loop
      vertex -74.53553390593274 14.5 10.035533905932738
      vertex -75.15734806151272 14.5 9.277851165098014
      vertex -74.53553390593274 14.5 2.9644660940672622
    endloop
  endfacet
  facet normal 0 -1 0
    outer loop
      vertex -75.15734806151272 14.5 9.277851165098014
      vertex -75.61939766255644 14.5 8.41341716182545
      vertex -75.15734806151272 14.5 3.7221488349019864
    endloop
  endfacet
  facet normal 0 -1 0
    outer loop
      vertex -75.61939766255644 14.5 8.41341716182545
      vertex -75.90392640201615 14.5 7.47545161008064
      vertex -75.61939766255644 14.5 4.58658283817455
    endloop
  endfacet
  facet normal 0 -1 0
    outer loop
      vertex -75.90392640201615 14.5 7.47545161008064
      vertex -76 14.5 6.5
      vertex -75.90392640201615 14.5 5.52454838991936
    endloop
  endfacet
  facet normal 0 -1 0
    outer loop
      vertex -72.91341716182545 14.5 11.119397662556437
      vertex -73.9695803327957 14.5 2.5
      vertex -72.2 14.5 6.5
    endloop
  endfacet
  facet normal 0 -1 0
    outer loop
      vertex -70.02454838991936 14.5 11.403926402016154
      vertex -69.8 14.5 6.5
      vertex -68.0304196672043 14.5 2.5
    endloop
  endfacet
  facet normal 0 -1 0
    outer loop
      vertex -75.90392640201615 14.5 7.47545161008064
      vertex -75.90392640201615 14.5 5.52454838991936
      vertex -75.61939766255644 14.5 4.58658283817455
    endloop
  endfacet
  facet normal 0 -1 0
    outer loop
      vertex -75.61939766255644 14.5 8.41341716182545
      vertex -75.61939766255644 14.5 4.58658283817455
      vertex -75.15734806151272 14.5 3.7221488349019864
    endloop
  endfacet
  facet normal 0 -1 0
    outer loop
      vertex -75.15734806151272 14.5 9.277851165098014
      vertex -75.15734806151272 14.5 3.7221488349019864
      vertex -74.53553390593274 14.5 2.9644660940672622
    endloop
  endfacet
  facet normal 0 -1 0
    outer loop
      vertex -74.53553390593274 14.5 10.035533905932738
      vertex -74.53553390593274 14.5 2.9644660940672622
      vertex -73.9695803327957 14.5 2.5
    endloop
  endfacet
  facet normal 0 -1 0
    outer loop
      vertex -68.22214883490199 14.5 10.657348061512728
      vertex -68.0304196672043 14.5 2.5
      vertex -67.46446609406726 14.5 2.9644660940672622
    endloop
  endfacet
  facet normal 0.7730104533627388 3.312892803882953e-18 0.6343932841636434
    outer loop
      vertex -67.46446609406726 22.5 10.035533905932738
      vertex -66.84265193848728 14.5 9.277851165098014
      vertex -66.84265193848728 22.5 9.277851165098014
    endloop
  endfacet
  facet normal 0.8819212643483516 -1.87065433288206e-18 0.47139673682600414
    outer loop
      vertex -66.84265193848728 22.5 9.277851165098014
      vertex -66.38060233744356 14.5 8.41341716182545
      vertex -66.38060233744356 22.5 8.41341716182545
    endloop
  endfacet
  facet normal 0.9569403357322096 1.923451259869896e-18 0.2902846772544598
    outer loop
      vertex -66.38060233744356 22.5 8.41341716182545
      vertex -66.09607359798385 14.5 7.47545161008064
      vertex -66.09607359798385 22.5 7.47545161008064
    endloop
  endfacet
  facet normal 0.995184726672197 -4.669966787177784e-20 0.09801714032955905
    outer loop
      vertex -66.09607359798385 22.5 7.47545161008064
      vertex -66 14.5 6.5
      vertex -66 22.5 6.5
    endloop
  endfacet
  facet normal 0.995184726672197 0 -0.09801714032955905
    outer loop
      vertex -66.09607359798385 22.5 5.52454838991936
      vertex -66 22.5 6.5
      vertex -66.09607359798385 14.5 5.52454838991936
    endloop
  endfacet
  facet normal 0.7730104533627388 0 0.6343932841636434
    outer loop
      vertex -67.46446609406726 22.5 10.035533905932738
      vertex -67.46446609406726 14.5 10.035533905932738
      vertex -66.84265193848728 14.5 9.277851165098014
    endloop
  endfacet
  facet normal 0.8819212643483516 0 0.47139673682600414
    outer loop
      vertex -66.84265193848728 22.5 9.277851165098014
      vertex -66.84265193848728 14.5 9.277851165098014
      vertex -66.38060233744356 14.5 8.41341716182545
    endloop
  endfacet
  facet normal 0.9569403357322096 0 0.2902846772544598
    outer loop
      vertex -66.38060233744356 22.5 8.41341716182545
      vertex -66.38060233744356 14.5 8.41341716182545
      vertex -66.09607359798385 14.5 7.47545161008064
    endloop
  endfacet
  facet normal 0.995184726672197 0 0.09801714032955905
    outer loop
      vertex -66.09607359798385 22.5 7.47545161008064
      vertex -66.09607359798385 14.5 7.47545161008064
      vertex -66 14.5 6.5
    endloop
  endfacet
  facet normal 0.995184726672197 0 -0.09801714032955905
    outer loop
      vertex -66 22.5 6.5
      vertex -66 14.5 6.5
      vertex -66.09607359798385 14.5 5.52454838991936
    endloop
  endfacet
  facet normal 0.9569403357322096 0 -0.2902846772544598
    outer loop
      vertex -66.09607359798385 22.5 5.52454838991936
      vertex -66.09607359798385 14.5 5.52454838991936
      vertex -66.38060233744356 14.5 4.58658283817455
    endloop
  endfacet
  facet normal 0 -1 0
    outer loop
      vertex -67.46446609406726 14.5 10.035533905932738
      vertex -66.84265193848728 14.5 3.7221488349019864
      vertex -66.84265193848728 14.5 9.277851165098014
    endloop
  endfacet
  facet normal 0 -1 0
    outer loop
      vertex -66.84265193848728 14.5 9.277851165098014
      vertex -66.38060233744356 14.5 4.58658283817455
      vertex -66.38060233744356 14.5 8.41341716182545
    endloop
  endfacet
  facet normal 0 -1 0
    outer loop
      vertex -66.38060233744356 14.5 8.41341716182545
      vertex -66.09607359798385 14.5 5.52454838991936
      vertex -66.09607359798385 14.5 7.47545161008064
    endloop
  endfacet
  facet normal 0 -1 0
    outer loop
      vertex -66.09607359798385 14.5 7.47545161008064
      vertex -66.09607359798385 14.5 5.52454838991936
      vertex -66 14.5 6.5
    endloop
  endfacet
  facet normal 0 -1 0
    outer loop
      vertex -66.38060233744356 14.5 8.41341716182545
      vertex -66.38060233744356 14.5 4.58658283817455
      vertex -66.09607359798385 14.5 5.52454838991936
    endloop
  endfacet
  facet normal 0 -1 0
    outer loop
      vertex -66.84265193848728 14.5 9.277851165098014
      vertex -66.84265193848728 14.5 3.7221488349019864
      vertex -66.38060233744356 14.5 4.58658283817455
    endloop
  endfacet
  facet normal 0 -1 0
    outer loop
      vertex -67.46446609406726 14.5 10.035533905932738
      vertex -67.46446609406726 14.5 2.9644660940672622
      vertex -66.84265193848728 14.5 3.7221488349019864
    endloop
  endfacet
  facet normal -0.8819212643483516 0 -0.47139673682600414
    outer loop
      vertex -75.61939766255644 22.5 4.58658283817455
      vertex -75.15734806151272 22.5 3.7221488349019864
      vertex -75.61939766255644 14.5 4.58658283817455
    endloop
  endfacet
  facet normal -0.7730104533627388 0 -0.6343932841636434
    outer loop
      vertex -75.15734806151272 22.5 3.7221488349019864
      vertex -74.53553390593274 22.5 2.9644660940672622
      vertex -75.15734806151272 14.5 3.7221488349019864
    endloop
  endfacet
  facet normal -0.6343932841636447 0 -0.7730104533627375
    outer loop
      vertex -74.53553390593274 22.5 2.9644660940672622
      vertex -73.9695803327957 22.5 2.5
      vertex -74.53553390593274 14.5 2.9644660940672622
    endloop
  endfacet
  facet normal 0.6343932841636447 4.447855715439011e-18 -0.7730104533627375
    outer loop
      vertex -68.0304196672043 22.5 2.5
      vertex -67.46446609406726 22.5 2.9644660940672622
      vertex -67.46446609406726 14.5 2.9644660940672622
    endloop
  endfacet
  facet normal -0.9569403357322096 0 -0.2902846772544598
    outer loop
      vertex -75.61939766255644 22.5 4.58658283817455
      vertex -75.61939766255644 14.5 4.58658283817455
      vertex -75.90392640201615 14.5 5.52454838991936
    endloop
  endfacet
  facet normal -0.8819212643483516 0 -0.47139673682600414
    outer loop
      vertex -75.15734806151272 22.5 3.7221488349019864
      vertex -75.15734806151272 14.5 3.7221488349019864
      vertex -75.61939766255644 14.5 4.58658283817455
    endloop
  endfacet
  facet normal -0.7730104533627388 0 -0.6343932841636434
    outer loop
      vertex -74.53553390593274 22.5 2.9644660940672622
      vertex -74.53553390593274 14.5 2.9644660940672622
      vertex -75.15734806151272 14.5 3.7221488349019864
    endloop
  endfacet
  facet normal -0.6343932841636447 0 -0.7730104533627375
    outer loop
      vertex -73.9695803327957 22.5 2.5
      vertex -73.9695803327957 14.5 2.5
      vertex -74.53553390593274 14.5 2.9644660940672622
    endloop
  endfacet
  facet normal 0.6343932841636447 0 -0.7730104533627375
    outer loop
      vertex -68.0304196672043 22.5 2.5
      vertex -67.46446609406726 14.5 2.9644660940672622
      vertex -68.0304196672043 14.5 2.5
    endloop
  endfacet
  facet normal 0 -1 0
    outer loop
      vertex -73.9695803327957 14.5 2.5
      vertex -72.17694233648388 14.5 6.265891613580649
      vertex -72.2 14.5 6.5
    endloop
  endfacet
  facet normal 0 -1 0
    outer loop
      vertex -73.9695803327957 14.5 2.5
      vertex -72.10865543901355 14.5 6.040779881161889
      vertex -72.17694233648388 14.5 6.265891613580649
    endloop
  endfacet
  facet normal 0 -1 0
    outer loop
      vertex -73.9695803327957 14.5 2.5
      vertex -71.99776353476305 14.5 5.833315720376476
      vertex -72.10865543901355 14.5 6.040779881161889
    endloop
  endfacet
  facet normal 0 -1 0
    outer loop
      vertex -73.9695803327957 14.5 2.5
      vertex -71.84852813742386 14.5 5.651471862576145
      vertex -71.99776353476305 14.5 5.833315720376476
    endloop
  endfacet
  facet normal 0 -1 0
    outer loop
      vertex -73.9695803327957 14.5 2.5
      vertex -71.66668427962352 14.5 5.5022364652369475
      vertex -71.84852813742386 14.5 5.651471862576145
    endloop
  endfacet
  facet normal 0 -1 0
    outer loop
      vertex -73.9695803327957 14.5 2.5
      vertex -70.15147186257614 14.5 5.651471862576145
      vertex -70.33331572037648 14.5 5.5022364652369475
    endloop
  endfacet
  facet normal 0 -1 0
    outer loop
      vertex -69.8 14.5 6.5
      vertex -69.82305766351612 14.5 6.265891613580649
      vertex -68.0304196672043 14.5 2.5
    endloop
  endfacet
  facet normal 0 -1 0
    outer loop
      vertex -69.82305766351612 14.5 6.265891613580649
      vertex -69.89134456098645 14.5 6.040779881161889
      vertex -68.0304196672043 14.5 2.5
    endloop
  endfacet
  facet normal 0 -1 0
    outer loop
      vertex -69.89134456098645 14.5 6.040779881161889
      vertex -70.00223646523695 14.5 5.833315720376476
      vertex -68.0304196672043 14.5 2.5
    endloop
  endfacet
  facet normal 0 -1 0
    outer loop
      vertex -70.15147186257614 14.5 5.651471862576145
      vertex -68.0304196672043 14.5 2.5
      vertex -70.00223646523695 14.5 5.833315720376476
    endloop
  endfacet
  facet normal 0 -1 0
    outer loop
      vertex -73.9695803327957 14.5 2.5
      vertex -71.4592201188381 14.5 5.391344560986454
      vertex -71.66668427962352 14.5 5.5022364652369475
    endloop
  endfacet
  facet normal 0 -1 0
    outer loop
      vertex -73.9695803327957 14.5 2.5
      vertex -71.23410838641935 14.5 5.323057663516124
      vertex -71.4592201188381 14.5 5.391344560986454
    endloop
  endfacet
  facet normal 0 -1 0
    outer loop
      vertex -73.9695803327957 14.5 2.5
      vertex -70.5407798811619 14.5 5.391344560986454
      vertex -70.76589161358065 14.5 5.323057663516124
    endloop
  endfacet
  facet normal 0 -1 0
    outer loop
      vertex -73.9695803327957 14.5 2.5
      vertex -71 14.5 5.299999999999997
      vertex -71.23410838641935 14.5 5.323057663516124
    endloop
  endfacet
  facet normal 0 -1 0
    outer loop
      vertex -73.9695803327957 14.5 2.5
      vertex -70.76589161358065 14.5 5.323057663516124
      vertex -71 14.5 5.299999999999997
    endloop
  endfacet
  facet normal 0 -1 0
    outer loop
      vertex -73.9695803327957 14.5 2.5
      vertex -70.33331572037648 14.5 5.5022364652369475
      vertex -70.5407798811619 14.5 5.391344560986454
    endloop
  endfacet
  facet normal 0 -1 0
    outer loop
      vertex -73.9695803327957 14.5 2.5
      vertex -68.0304196672043 14.5 2.5
      vertex -70.15147186257614 14.5 5.651471862576145
    endloop
  endfacet
  facet normal 0.9569403357322096 -1.923451259869896e-18 -0.2902846772544598
    outer loop
      vertex -66.09607359798385 22.5 5.52454838991936
      vertex -66.38060233744356 14.5 4.58658283817455
      vertex -66.38060233744356 22.5 4.58658283817455
    endloop
  endfacet
  facet normal 0.8819212643483516 1.87065433288206e-18 -0.47139673682600414
    outer loop
      vertex -66.38060233744356 22.5 4.58658283817455
      vertex -66.84265193848728 14.5 3.7221488349019864
      vertex -66.84265193848728 22.5 3.7221488349019864
    endloop
  endfacet
  facet normal 0.7730104533627388 -3.312892803882953e-18 -0.6343932841636434
    outer loop
      vertex -66.84265193848728 22.5 3.7221488349019864
      vertex -67.46446609406726 14.5 2.9644660940672622
      vertex -67.46446609406726 22.5 2.9644660940672622
    endloop
  endfacet
  facet normal 0.8819212643483516 0 -0.47139673682600414
    outer loop
      vertex -66.38060233744356 22.5 4.58658283817455
      vertex -66.38060233744356 14.5 4.58658283817455
      vertex -66.84265193848728 14.5 3.7221488349019864
    endloop
  endfacet
  facet normal 0.7730104533627388 0 -0.6343932841636434
    outer loop
      vertex -66.84265193848728 22.5 3.7221488349019864
      vertex -66.84265193848728 14.5 3.7221488349019864
      vertex -67.46446609406726 14.5 2.9644660940672622
    endloop
  endfacet
  facet normal 0.09801714032957698 1.6198939491989695e-19 -0.9951847266721953
    outer loop
      vertex 70.76589161358065 22.5 7.676942336483876
      vertex 71 22.5 7.700000000000003
      vertex 71 14.5 7.700000000000003
    endloop
  endfacet
  facet normal 0.6343932841636521 -3.1105348518766943e-19 -0.7730104533627314
    outer loop
      vertex 70.15147186257614 22.5 7.348528137423855
      vertex 70.33331572037648 22.5 7.4977635347630525
      vertex 70.33331572037648 14.5 7.4977635347630525
    endloop
  endfacet
  facet normal 0.7730104533627314 0 -0.6343932841636521
    outer loop
      vertex 70.15147186257614 22.5 7.348528137423855
      vertex 70.15147186257614 14.5 7.348528137423855
      vertex 70.00223646523695 22.5 7.166684279623524
    endloop
  endfacet
  facet normal 0.8819212643483467 -7.511006499129588e-20 -0.4713967368260133
    outer loop
      vertex 69.89134456098645 22.5 6.959220118838111
      vertex 70.00223646523695 22.5 7.166684279623524
      vertex 70.00223646523695 14.5 7.166684279623524
    endloop
  endfacet
  facet normal 0.2902846772544523 0 -0.9569403357322119
    outer loop
      vertex 70.76589161358065 22.5 7.676942336483876
      vertex 70.76589161358065 14.5 7.676942336483876
      vertex 70.5407798811619 22.5 7.608655439013546
    endloop
  endfacet
  facet normal 0.4713967368260007 1.2144999966420546e-19 -0.8819212643483534
    outer loop
      vertex 70.33331572037648 22.5 7.4977635347630525
      vertex 70.5407798811619 22.5 7.608655439013546
      vertex 70.5407798811619 14.5 7.608655439013546
    endloop
  endfacet
  facet normal -0.09801714032957698 -1.6198939491989695e-19 -0.9951847266721953
    outer loop
      vertex 71 22.5 7.700000000000003
      vertex 71.23410838641935 22.5 7.676942336483876
      vertex 71.23410838641935 14.5 7.676942336483876
    endloop
  endfacet
  facet normal -0.2902846772544523 -1.9490811645485705e-19 -0.9569403357322119
    outer loop
      vertex 71.23410838641935 22.5 7.676942336483876
      vertex 71.4592201188381 22.5 7.608655439013546
      vertex 71.4592201188381 14.5 7.608655439013546
    endloop
  endfacet
  facet normal -0.4713967368260007 -1.2144999966420546e-19 -0.8819212643483534
    outer loop
      vertex 71.4592201188381 22.5 7.608655439013546
      vertex 71.66668427962352 22.5 7.4977635347630525
      vertex 71.66668427962352 14.5 7.4977635347630525
    endloop
  endfacet
  facet normal -0.6343932841636521 3.1105348518766943e-19 -0.7730104533627314
    outer loop
      vertex 71.66668427962352 22.5 7.4977635347630525
      vertex 71.84852813742386 22.5 7.348528137423855
      vertex 71.84852813742386 14.5 7.348528137423855
    endloop
  endfacet
  facet normal -0.7730104533627314 3.1105348518766943e-19 -0.6343932841636521
    outer loop
      vertex 71.84852813742386 22.5 7.348528137423855
      vertex 71.99776353476305 22.5 7.166684279623524
      vertex 71.99776353476305 14.5 7.166684279623524
    endloop
  endfacet
  facet normal 0.9569403357322145 0 -0.2902846772544439
    outer loop
      vertex 69.89134456098645 22.5 6.959220118838111
      vertex 69.89134456098645 14.5 6.959220118838111
      vertex 69.82305766351612 22.5 6.734108386419351
    endloop
  endfacet
  facet normal 0.9951847266721953 0 -0.09801714032957698
    outer loop
      vertex 69.82305766351612 22.5 6.734108386419351
      vertex 69.82305766351612 14.5 6.734108386419351
      vertex 69.8 22.5 6.5
    endloop
  endfacet
  facet normal 0.9951847266721953 0 0.09801714032957698
    outer loop
      vertex 69.8 22.5 6.5
      vertex 69.8 14.5 6.5
      vertex 69.82305766351612 22.5 6.265891613580649
    endloop
  endfacet
  facet normal -0.8819212643483467 7.511006499129588e-20 -0.4713967368260133
    outer loop
      vertex 71.99776353476305 22.5 7.166684279623524
      vertex 72.10865543901355 22.5 6.959220118838111
      vertex 72.10865543901355 14.5 6.959220118838111
    endloop
  endfacet
  facet normal -0.9569403357322145 7.873865572327267e-20 -0.2902846772544439
    outer loop
      vertex 72.10865543901355 22.5 6.959220118838111
      vertex 72.17694233648388 22.5 6.734108386419351
      vertex 72.17694233648388 14.5 6.734108386419351
    endloop
  endfacet
  facet normal -0.9951847266721953 -1.6198939491989695e-19 -0.09801714032957698
    outer loop
      vertex 72.17694233648388 22.5 6.734108386419351
      vertex 72.2 22.5 6.5
      vertex 72.2 14.5 6.5
    endloop
  endfacet
  facet normal 0.9569403357322145 0 0.2902846772544439
    outer loop
      vertex 69.82305766351612 22.5 6.265891613580649
      vertex 69.82305766351612 14.5 6.265891613580649
      vertex 69.89134456098645 22.5 6.040779881161889
    endloop
  endfacet
  facet normal 0.8819212643483467 0 0.4713967368260133
    outer loop
      vertex 69.89134456098645 22.5 6.040779881161889
      vertex 69.89134456098645 14.5 6.040779881161889
      vertex 70.00223646523695 22.5 5.833315720376476
    endloop
  endfacet
  facet normal 0.7730104533627314 0 0.6343932841636521
    outer loop
      vertex 70.00223646523695 22.5 5.833315720376476
      vertex 70.00223646523695 14.5 5.833315720376476
      vertex 70.15147186257614 22.5 5.651471862576145
    endloop
  endfacet
  facet normal -0.9951847266721953 1.6198939491989695e-19 0.09801714032957698
    outer loop
      vertex 72.2 22.5 6.5
      vertex 72.17694233648388 22.5 6.265891613580649
      vertex 72.17694233648388 14.5 6.265891613580649
    endloop
  endfacet
  facet normal -0.9569403357322145 -7.873865572327267e-20 0.2902846772544439
    outer loop
      vertex 72.17694233648388 22.5 6.265891613580649
      vertex 72.10865543901355 22.5 6.040779881161889
      vertex 72.10865543901355 14.5 6.040779881161889
    endloop
  endfacet
  facet normal -0.8819212643483467 -7.511006499129588e-20 0.4713967368260133
    outer loop
      vertex 72.10865543901355 22.5 6.040779881161889
      vertex 71.99776353476305 22.5 5.833315720376476
      vertex 71.99776353476305 14.5 5.833315720376476
    endloop
  endfacet
  facet normal 0.6343932841636521 0 0.7730104533627314
    outer loop
      vertex 70.15147186257614 22.5 5.651471862576145
      vertex 70.15147186257614 14.5 5.651471862576145
      vertex 70.33331572037648 22.5 5.5022364652369475
    endloop
  endfacet
  facet normal 0.4713967368260007 0 0.8819212643483534
    outer loop
      vertex 70.33331572037648 22.5 5.5022364652369475
      vertex 70.33331572037648 14.5 5.5022364652369475
      vertex 70.5407798811619 22.5 5.391344560986454
    endloop
  endfacet
  facet normal -0.7730104533627314 0 0.6343932841636521
    outer loop
      vertex 71.84852813742386 22.5 5.651471862576145
      vertex 71.84852813742386 14.5 5.651471862576145
      vertex 71.99776353476305 22.5 5.833315720376476
    endloop
  endfacet
  facet normal -0.6343932841636521 0 0.7730104533627314
    outer loop
      vertex 71.66668427962352 22.5 5.5022364652369475
      vertex 71.66668427962352 14.5 5.5022364652369475
      vertex 71.84852813742386 22.5 5.651471862576145
    endloop
  endfacet
  facet normal 0.2902846772544523 0 0.9569403357322119
    outer loop
      vertex 70.5407798811619 22.5 5.391344560986454
      vertex 70.5407798811619 14.5 5.391344560986454
      vertex 70.76589161358065 22.5 5.323057663516124
    endloop
  endfacet
  facet normal 0.09801714032957698 0 0.9951847266721953
    outer loop
      vertex 70.76589161358065 22.5 5.323057663516124
      vertex 70.76589161358065 14.5 5.323057663516124
      vertex 71 22.5 5.299999999999997
    endloop
  endfacet
  facet normal -0.4713967368260007 0 0.8819212643483534
    outer loop
      vertex 71.4592201188381 22.5 5.391344560986454
      vertex 71.4592201188381 14.5 5.391344560986454
      vertex 71.66668427962352 22.5 5.5022364652369475
    endloop
  endfacet
  facet normal -0.2902846772544523 1.9490811645485705e-19 0.9569403357322119
    outer loop
      vertex 71.4592201188381 22.5 5.391344560986454
      vertex 71.23410838641935 22.5 5.323057663516124
      vertex 71.23410838641935 14.5 5.323057663516124
    endloop
  endfacet
  facet normal -0.09801714032957698 0 0.9951847266721953
    outer loop
      vertex 71 22.5 5.299999999999997
      vertex 71 14.5 5.299999999999997
      vertex 71.23410838641935 22.5 5.323057663516124
    endloop
  endfacet
  facet normal -0.09801714032957698 0 -0.9951847266721953
    outer loop
      vertex 71 22.5 7.700000000000003
      vertex 71.23410838641935 14.5 7.676942336483876
      vertex 71 14.5 7.700000000000003
    endloop
  endfacet
  facet normal 0.6343932841636521 0 -0.7730104533627314
    outer loop
      vertex 70.15147186257614 22.5 7.348528137423855
      vertex 70.33331572037648 14.5 7.4977635347630525
      vertex 70.15147186257614 14.5 7.348528137423855
    endloop
  endfacet
  facet normal 0.7730104533627314 0 -0.6343932841636521
    outer loop
      vertex 70.00223646523695 22.5 7.166684279623524
      vertex 70.15147186257614 14.5 7.348528137423855
      vertex 70.00223646523695 14.5 7.166684279623524
    endloop
  endfacet
  facet normal 0.2902846772544523 0 -0.9569403357322119
    outer loop
      vertex 70.5407798811619 22.5 7.608655439013546
      vertex 70.76589161358065 14.5 7.676942336483876
      vertex 70.5407798811619 14.5 7.608655439013546
    endloop
  endfacet
  facet normal 0.09801714032957698 0 -0.9951847266721953
    outer loop
      vertex 70.76589161358065 22.5 7.676942336483876
      vertex 71 14.5 7.700000000000003
      vertex 70.76589161358065 14.5 7.676942336483876
    endloop
  endfacet
  facet normal 0.4713967368260007 0 -0.8819212643483534
    outer loop
      vertex 70.33331572037648 22.5 7.4977635347630525
      vertex 70.5407798811619 14.5 7.608655439013546
      vertex 70.33331572037648 14.5 7.4977635347630525
    endloop
  endfacet
  facet normal -0.2902846772544523 0 -0.9569403357322119
    outer loop
      vertex 71.23410838641935 22.5 7.676942336483876
      vertex 71.4592201188381 14.5 7.608655439013546
      vertex 71.23410838641935 14.5 7.676942336483876
    endloop
  endfacet
  facet normal -0.4713967368260007 0 -0.8819212643483534
    outer loop
      vertex 71.4592201188381 22.5 7.608655439013546
      vertex 71.66668427962352 14.5 7.4977635347630525
      vertex 71.4592201188381 14.5 7.608655439013546
    endloop
  endfacet
  facet normal -0.6343932841636521 0 -0.7730104533627314
    outer loop
      vertex 71.66668427962352 22.5 7.4977635347630525
      vertex 71.84852813742386 14.5 7.348528137423855
      vertex 71.66668427962352 14.5 7.4977635347630525
    endloop
  endfacet
  facet normal -0.7730104533627314 0 -0.6343932841636521
    outer loop
      vertex 71.84852813742386 22.5 7.348528137423855
      vertex 71.99776353476305 14.5 7.166684279623524
      vertex 71.84852813742386 14.5 7.348528137423855
    endloop
  endfacet
  facet normal -0.8819212643483467 0 -0.4713967368260133
    outer loop
      vertex 71.99776353476305 22.5 7.166684279623524
      vertex 72.10865543901355 14.5 6.959220118838111
      vertex 71.99776353476305 14.5 7.166684279623524
    endloop
  endfacet
  facet normal 0.8819212643483467 0 -0.4713967368260133
    outer loop
      vertex 69.89134456098645 22.5 6.959220118838111
      vertex 70.00223646523695 14.5 7.166684279623524
      vertex 69.89134456098645 14.5 6.959220118838111
    endloop
  endfacet
  facet normal 0.9569403357322145 0 -0.2902846772544439
    outer loop
      vertex 69.82305766351612 22.5 6.734108386419351
      vertex 69.89134456098645 14.5 6.959220118838111
      vertex 69.82305766351612 14.5 6.734108386419351
    endloop
  endfacet
  facet normal 0.9951847266721953 0 -0.09801714032957698
    outer loop
      vertex 69.8 22.5 6.5
      vertex 69.82305766351612 14.5 6.734108386419351
      vertex 69.8 14.5 6.5
    endloop
  endfacet
  facet normal -0.9569403357322145 0 -0.2902846772544439
    outer loop
      vertex 72.10865543901355 22.5 6.959220118838111
      vertex 72.17694233648388 14.5 6.734108386419351
      vertex 72.10865543901355 14.5 6.959220118838111
    endloop
  endfacet
  facet normal -0.9951847266721953 0 -0.09801714032957698
    outer loop
      vertex 72.17694233648388 22.5 6.734108386419351
      vertex 72.2 14.5 6.5
      vertex 72.17694233648388 14.5 6.734108386419351
    endloop
  endfacet
  facet normal -0.9951847266721953 0 0.09801714032957698
    outer loop
      vertex 72.2 22.5 6.5
      vertex 72.17694233648388 14.5 6.265891613580649
      vertex 72.2 14.5 6.5
    endloop
  endfacet
  facet normal 0.9951847266721953 0 0.09801714032957698
    outer loop
      vertex 69.82305766351612 22.5 6.265891613580649
      vertex 69.8 14.5 6.5
      vertex 69.82305766351612 14.5 6.265891613580649
    endloop
  endfacet
  facet normal 0.9569403357322145 0 0.2902846772544439
    outer loop
      vertex 69.89134456098645 22.5 6.040779881161889
      vertex 69.82305766351612 14.5 6.265891613580649
      vertex 69.89134456098645 14.5 6.040779881161889
    endloop
  endfacet
  facet normal 0.8819212643483467 0 0.4713967368260133
    outer loop
      vertex 70.00223646523695 22.5 5.833315720376476
      vertex 69.89134456098645 14.5 6.040779881161889
      vertex 70.00223646523695 14.5 5.833315720376476
    endloop
  endfacet
  facet normal -0.9569403357322145 0 0.2902846772544439
    outer loop
      vertex 72.17694233648388 22.5 6.265891613580649
      vertex 72.10865543901355 14.5 6.040779881161889
      vertex 72.17694233648388 14.5 6.265891613580649
    endloop
  endfacet
  facet normal -0.8819212643483467 0 0.4713967368260133
    outer loop
      vertex 72.10865543901355 22.5 6.040779881161889
      vertex 71.99776353476305 14.5 5.833315720376476
      vertex 72.10865543901355 14.5 6.040779881161889
    endloop
  endfacet
  facet normal -0.7730104533627314 0 0.6343932841636521
    outer loop
      vertex 71.99776353476305 22.5 5.833315720376476
      vertex 71.84852813742386 14.5 5.651471862576145
      vertex 71.99776353476305 14.5 5.833315720376476
    endloop
  endfacet
  facet normal 0.7730104533627314 0 0.6343932841636521
    outer loop
      vertex 70.15147186257614 22.5 5.651471862576145
      vertex 70.00223646523695 14.5 5.833315720376476
      vertex 70.15147186257614 14.5 5.651471862576145
    endloop
  endfacet
  facet normal 0.6343932841636521 0 0.7730104533627314
    outer loop
      vertex 70.33331572037648 22.5 5.5022364652369475
      vertex 70.15147186257614 14.5 5.651471862576145
      vertex 70.33331572037648 14.5 5.5022364652369475
    endloop
  endfacet
  facet normal -0.4713967368260007 0 0.8819212643483534
    outer loop
      vertex 71.66668427962352 22.5 5.5022364652369475
      vertex 71.4592201188381 14.5 5.391344560986454
      vertex 71.66668427962352 14.5 5.5022364652369475
    endloop
  endfacet
  facet normal -0.6343932841636521 0 0.7730104533627314
    outer loop
      vertex 71.84852813742386 22.5 5.651471862576145
      vertex 71.66668427962352 14.5 5.5022364652369475
      vertex 71.84852813742386 14.5 5.651471862576145
    endloop
  endfacet
  facet normal 0.4713967368260007 0 0.8819212643483534
    outer loop
      vertex 70.5407798811619 22.5 5.391344560986454
      vertex 70.33331572037648 14.5 5.5022364652369475
      vertex 70.5407798811619 14.5 5.391344560986454
    endloop
  endfacet
  facet normal 0.2902846772544523 0 0.9569403357322119
    outer loop
      vertex 70.76589161358065 22.5 5.323057663516124
      vertex 70.5407798811619 14.5 5.391344560986454
      vertex 70.76589161358065 14.5 5.323057663516124
    endloop
  endfacet
  facet normal 0.09801714032957698 0 0.9951847266721953
    outer loop
      vertex 71 22.5 5.299999999999997
      vertex 70.76589161358065 14.5 5.323057663516124
      vertex 71 14.5 5.299999999999997
    endloop
  endfacet
  facet normal -0.2902846772544523 0 0.9569403357322119
    outer loop
      vertex 71.4592201188381 22.5 5.391344560986454
      vertex 71.23410838641935 14.5 5.323057663516124
      vertex 71.4592201188381 14.5 5.391344560986454
    endloop
  endfacet
  facet normal -0.09801714032957698 0 0.9951847266721953
    outer loop
      vertex 71.23410838641935 22.5 5.323057663516124
      vertex 71 14.5 5.299999999999997
      vertex 71.23410838641935 14.5 5.323057663516124
    endloop
  endfacet
  facet normal 0.09801714032957698 1.6198939491989695e-19 -0.9951847266721953
    outer loop
      vertex -71.23410838641935 22.5 7.676942336483876
      vertex -71 22.5 7.700000000000003
      vertex -71 14.5 7.700000000000003
    endloop
  endfacet
  facet normal 0.6343932841636521 -3.1105348518766943e-19 -0.7730104533627314
    outer loop
      vertex -71.84852813742386 22.5 7.348528137423855
      vertex -71.66668427962352 22.5 7.4977635347630525
      vertex -71.66668427962352 14.5 7.4977635347630525
    endloop
  endfacet
  facet normal 0.2902846772544523 0 -0.9569403357322119
    outer loop
      vertex -71.23410838641935 22.5 7.676942336483876
      vertex -71.23410838641935 14.5 7.676942336483876
      vertex -71.4592201188381 22.5 7.608655439013546
    endloop
  endfacet
  facet normal 0.4713967368260007 1.2144999966420546e-19 -0.8819212643483534
    outer loop
      vertex -71.66668427962352 22.5 7.4977635347630525
      vertex -71.4592201188381 22.5 7.608655439013546
      vertex -71.4592201188381 14.5 7.608655439013546
    endloop
  endfacet
  facet normal -0.09801714032957698 -1.6198939491989695e-19 -0.9951847266721953
    outer loop
      vertex -71 22.5 7.700000000000003
      vertex -70.76589161358065 22.5 7.676942336483876
      vertex -70.76589161358065 14.5 7.676942336483876
    endloop
  endfacet
  facet normal -0.2902846772544523 -1.9490811645485705e-19 -0.9569403357322119
    outer loop
      vertex -70.76589161358065 22.5 7.676942336483876
      vertex -70.5407798811619 22.5 7.608655439013546
      vertex -70.5407798811619 14.5 7.608655439013546
    endloop
  endfacet
  facet normal -0.4713967368260007 -1.2144999966420546e-19 -0.8819212643483534
    outer loop
      vertex -70.5407798811619 22.5 7.608655439013546
      vertex -70.33331572037648 22.5 7.4977635347630525
      vertex -70.33331572037648 14.5 7.4977635347630525
    endloop
  endfacet
  facet normal 0.7730104533627314 0 -0.6343932841636521
    outer loop
      vertex -71.84852813742386 22.5 7.348528137423855
      vertex -71.84852813742386 14.5 7.348528137423855
      vertex -71.99776353476305 22.5 7.166684279623524
    endloop
  endfacet
  facet normal 0.8819212643483467 -7.511006499129588e-20 -0.4713967368260133
    outer loop
      vertex -72.10865543901355 22.5 6.959220118838111
      vertex -71.99776353476305 22.5 7.166684279623524
      vertex -71.99776353476305 14.5 7.166684279623524
    endloop
  endfacet
  facet normal -0.6343932841636521 3.1105348518766943e-19 -0.7730104533627314
    outer loop
      vertex -70.33331572037648 22.5 7.4977635347630525
      vertex -70.15147186257614 22.5 7.348528137423855
      vertex -70.15147186257614 14.5 7.348528137423855
    endloop
  endfacet
  facet normal -0.7730104533627314 3.1105348518766943e-19 -0.6343932841636521
    outer loop
      vertex -70.15147186257614 22.5 7.348528137423855
      vertex -70.00223646523695 22.5 7.166684279623524
      vertex -70.00223646523695 14.5 7.166684279623524
    endloop
  endfacet
  facet normal 0.9569403357322145 0 -0.2902846772544439
    outer loop
      vertex -72.10865543901355 22.5 6.959220118838111
      vertex -72.10865543901355 14.5 6.959220118838111
      vertex -72.17694233648388 22.5 6.734108386419351
    endloop
  endfacet
  facet normal 0.9951847266721953 0 -0.09801714032957698
    outer loop
      vertex -72.17694233648388 22.5 6.734108386419351
      vertex -72.17694233648388 14.5 6.734108386419351
      vertex -72.2 22.5 6.5
    endloop
  endfacet
  facet normal 0.9951847266721953 0 0.09801714032957698
    outer loop
      vertex -72.2 22.5 6.5
      vertex -72.2 14.5 6.5
      vertex -72.17694233648388 22.5 6.265891613580649
    endloop
  endfacet
  facet normal -0.8819212643483467 7.511006499129588e-20 -0.4713967368260133
    outer loop
      vertex -70.00223646523695 22.5 7.166684279623524
      vertex -69.89134456098645 22.5 6.959220118838111
      vertex -69.89134456098645 14.5 6.959220118838111
    endloop
  endfacet
  facet normal -0.9569403357322145 7.873865572327267e-20 -0.2902846772544439
    outer loop
      vertex -69.89134456098645 22.5 6.959220118838111
      vertex -69.82305766351612 22.5 6.734108386419351
      vertex -69.82305766351612 14.5 6.734108386419351
    endloop
  endfacet
  facet normal -0.9951847266721953 -1.6198939491989695e-19 -0.09801714032957698
    outer loop
      vertex -69.82305766351612 22.5 6.734108386419351
      vertex -69.8 22.5 6.5
      vertex -69.8 14.5 6.5
    endloop
  endfacet
  facet normal 0.9569403357322145 0 0.2902846772544439
    outer loop
      vertex -72.17694233648388 22.5 6.265891613580649
      vertex -72.17694233648388 14.5 6.265891613580649
      vertex -72.10865543901355 22.5 6.040779881161889
    endloop
  endfacet
  facet normal 0.8819212643483467 0 0.4713967368260133
    outer loop
      vertex -72.10865543901355 22.5 6.040779881161889
      vertex -72.10865543901355 14.5 6.040779881161889
      vertex -71.99776353476305 22.5 5.833315720376476
    endloop
  endfacet
  facet normal 0.7730104533627314 0 0.6343932841636521
    outer loop
      vertex -71.99776353476305 22.5 5.833315720376476
      vertex -71.99776353476305 14.5 5.833315720376476
      vertex -71.84852813742386 22.5 5.651471862576145
    endloop
  endfacet
  facet normal -0.9951847266721953 1.6198939491989695e-19 0.09801714032957698
    outer loop
      vertex -69.8 22.5 6.5
      vertex -69.82305766351612 22.5 6.265891613580649
      vertex -69.82305766351612 14.5 6.265891613580649
    endloop
  endfacet
  facet normal -0.9569403357322145 -7.873865572327267e-20 0.2902846772544439
    outer loop
      vertex -69.82305766351612 22.5 6.265891613580649
      vertex -69.89134456098645 22.5 6.040779881161889
      vertex -69.89134456098645 14.5 6.040779881161889
    endloop
  endfacet
  facet normal -0.8819212643483467 -7.511006499129588e-20 0.4713967368260133
    outer loop
      vertex -69.89134456098645 22.5 6.040779881161889
      vertex -70.00223646523695 22.5 5.833315720376476
      vertex -70.00223646523695 14.5 5.833315720376476
    endloop
  endfacet
  facet normal 0.6343932841636521 0 0.7730104533627314
    outer loop
      vertex -71.84852813742386 22.5 5.651471862576145
      vertex -71.84852813742386 14.5 5.651471862576145
      vertex -71.66668427962352 22.5 5.5022364652369475
    endloop
  endfacet
  facet normal 0.4713967368260007 0 0.8819212643483534
    outer loop
      vertex -71.66668427962352 22.5 5.5022364652369475
      vertex -71.66668427962352 14.5 5.5022364652369475
      vertex -71.4592201188381 22.5 5.391344560986454
    endloop
  endfacet
  facet normal 0.2902846772544523 0 0.9569403357322119
    outer loop
      vertex -71.4592201188381 22.5 5.391344560986454
      vertex -71.4592201188381 14.5 5.391344560986454
      vertex -71.23410838641935 22.5 5.323057663516124
    endloop
  endfacet
  facet normal 0.09801714032957698 0 0.9951847266721953
    outer loop
      vertex -71.23410838641935 22.5 5.323057663516124
      vertex -71.23410838641935 14.5 5.323057663516124
      vertex -71 22.5 5.299999999999997
    endloop
  endfacet
  facet normal -0.4713967368260007 0 0.8819212643483534
    outer loop
      vertex -70.5407798811619 22.5 5.391344560986454
      vertex -70.5407798811619 14.5 5.391344560986454
      vertex -70.33331572037648 22.5 5.5022364652369475
    endloop
  endfacet
  facet normal -0.2902846772544523 1.9490811645485705e-19 0.9569403357322119
    outer loop
      vertex -70.5407798811619 22.5 5.391344560986454
      vertex -70.76589161358065 22.5 5.323057663516124
      vertex -70.76589161358065 14.5 5.323057663516124
    endloop
  endfacet
  facet normal -0.09801714032957698 0 0.9951847266721953
    outer loop
      vertex -71 22.5 5.299999999999997
      vertex -71 14.5 5.299999999999997
      vertex -70.76589161358065 22.5 5.323057663516124
    endloop
  endfacet
  facet normal -0.7730104533627314 0 0.6343932841636521
    outer loop
      vertex -70.15147186257614 22.5 5.651471862576145
      vertex -70.15147186257614 14.5 5.651471862576145
      vertex -70.00223646523695 22.5 5.833315720376476
    endloop
  endfacet
  facet normal -0.6343932841636521 0 0.7730104533627314
    outer loop
      vertex -70.33331572037648 22.5 5.5022364652369475
      vertex -70.33331572037648 14.5 5.5022364652369475
      vertex -70.15147186257614 22.5 5.651471862576145
    endloop
  endfacet
  facet normal -0.09801714032957698 0 -0.9951847266721953
    outer loop
      vertex -71 22.5 7.700000000000003
      vertex -70.76589161358065 14.5 7.676942336483876
      vertex -71 14.5 7.700000000000003
    endloop
  endfacet
  facet normal 0.6343932841636521 0 -0.7730104533627314
    outer loop
      vertex -71.84852813742386 22.5 7.348528137423855
      vertex -71.66668427962352 14.5 7.4977635347630525
      vertex -71.84852813742386 14.5 7.348528137423855
    endloop
  endfacet
  facet normal 0.2902846772544523 0 -0.9569403357322119
    outer loop
      vertex -71.4592201188381 22.5 7.608655439013546
      vertex -71.23410838641935 14.5 7.676942336483876
      vertex -71.4592201188381 14.5 7.608655439013546
    endloop
  endfacet
  facet normal 0.09801714032957698 0 -0.9951847266721953
    outer loop
      vertex -71.23410838641935 22.5 7.676942336483876
      vertex -71 14.5 7.700000000000003
      vertex -71.23410838641935 14.5 7.676942336483876
    endloop
  endfacet
  facet normal 0.4713967368260007 0 -0.8819212643483534
    outer loop
      vertex -71.66668427962352 22.5 7.4977635347630525
      vertex -71.4592201188381 14.5 7.608655439013546
      vertex -71.66668427962352 14.5 7.4977635347630525
    endloop
  endfacet
  facet normal -0.2902846772544523 0 -0.9569403357322119
    outer loop
      vertex -70.76589161358065 22.5 7.676942336483876
      vertex -70.5407798811619 14.5 7.608655439013546
      vertex -70.76589161358065 14.5 7.676942336483876
    endloop
  endfacet
  facet normal -0.4713967368260007 0 -0.8819212643483534
    outer loop
      vertex -70.5407798811619 22.5 7.608655439013546
      vertex -70.33331572037648 14.5 7.4977635347630525
      vertex -70.5407798811619 14.5 7.608655439013546
    endloop
  endfacet
  facet normal 0.7730104533627314 0 -0.6343932841636521
    outer loop
      vertex -71.99776353476305 22.5 7.166684279623524
      vertex -71.84852813742386 14.5 7.348528137423855
      vertex -71.99776353476305 14.5 7.166684279623524
    endloop
  endfacet
  facet normal -0.6343932841636521 0 -0.7730104533627314
    outer loop
      vertex -70.33331572037648 22.5 7.4977635347630525
      vertex -70.15147186257614 14.5 7.348528137423855
      vertex -70.33331572037648 14.5 7.4977635347630525
    endloop
  endfacet
  facet normal -0.7730104533627314 0 -0.6343932841636521
    outer loop
      vertex -70.15147186257614 22.5 7.348528137423855
      vertex -70.00223646523695 14.5 7.166684279623524
      vertex -70.15147186257614 14.5 7.348528137423855
    endloop
  endfacet
  facet normal -0.8819212643483467 0 -0.4713967368260133
    outer loop
      vertex -70.00223646523695 22.5 7.166684279623524
      vertex -69.89134456098645 14.5 6.959220118838111
      vertex -70.00223646523695 14.5 7.166684279623524
    endloop
  endfacet
  facet normal 0.8819212643483467 0 -0.4713967368260133
    outer loop
      vertex -72.10865543901355 22.5 6.959220118838111
      vertex -71.99776353476305 14.5 7.166684279623524
      vertex -72.10865543901355 14.5 6.959220118838111
    endloop
  endfacet
  facet normal 0.9569403357322145 0 -0.2902846772544439
    outer loop
      vertex -72.17694233648388 22.5 6.734108386419351
      vertex -72.10865543901355 14.5 6.959220118838111
      vertex -72.17694233648388 14.5 6.734108386419351
    endloop
  endfacet
  facet normal 0.9951847266721953 0 -0.09801714032957698
    outer loop
      vertex -72.2 22.5 6.5
      vertex -72.17694233648388 14.5 6.734108386419351
      vertex -72.2 14.5 6.5
    endloop
  endfacet
  facet normal -0.9569403357322145 0 -0.2902846772544439
    outer loop
      vertex -69.89134456098645 22.5 6.959220118838111
      vertex -69.82305766351612 14.5 6.734108386419351
      vertex -69.89134456098645 14.5 6.959220118838111
    endloop
  endfacet
  facet normal -0.9951847266721953 0 -0.09801714032957698
    outer loop
      vertex -69.82305766351612 22.5 6.734108386419351
      vertex -69.8 14.5 6.5
      vertex -69.82305766351612 14.5 6.734108386419351
    endloop
  endfacet
  facet normal -0.9951847266721953 0 0.09801714032957698
    outer loop
      vertex -69.8 22.5 6.5
      vertex -69.82305766351612 14.5 6.265891613580649
      vertex -69.8 14.5 6.5
    endloop
  endfacet
  facet normal 0.9951847266721953 0 0.09801714032957698
    outer loop
      vertex -72.17694233648388 22.5 6.265891613580649
      vertex -72.2 14.5 6.5
      vertex -72.17694233648388 14.5 6.265891613580649
    endloop
  endfacet
  facet normal 0.9569403357322145 0 0.2902846772544439
    outer loop
      vertex -72.10865543901355 22.5 6.040779881161889
      vertex -72.17694233648388 14.5 6.265891613580649
      vertex -72.10865543901355 14.5 6.040779881161889
    endloop
  endfacet
  facet normal 0.8819212643483467 0 0.4713967368260133
    outer loop
      vertex -71.99776353476305 22.5 5.833315720376476
      vertex -72.10865543901355 14.5 6.040779881161889
      vertex -71.99776353476305 14.5 5.833315720376476
    endloop
  endfacet
  facet normal -0.9569403357322145 0 0.2902846772544439
    outer loop
      vertex -69.82305766351612 22.5 6.265891613580649
      vertex -69.89134456098645 14.5 6.040779881161889
      vertex -69.82305766351612 14.5 6.265891613580649
    endloop
  endfacet
  facet normal -0.8819212643483467 0 0.4713967368260133
    outer loop
      vertex -69.89134456098645 22.5 6.040779881161889
      vertex -70.00223646523695 14.5 5.833315720376476
      vertex -69.89134456098645 14.5 6.040779881161889
    endloop
  endfacet
  facet normal -0.7730104533627314 0 0.6343932841636521
    outer loop
      vertex -70.00223646523695 22.5 5.833315720376476
      vertex -70.15147186257614 14.5 5.651471862576145
      vertex -70.00223646523695 14.5 5.833315720376476
    endloop
  endfacet
  facet normal 0.7730104533627314 0 0.6343932841636521
    outer loop
      vertex -71.84852813742386 22.5 5.651471862576145
      vertex -71.99776353476305 14.5 5.833315720376476
      vertex -71.84852813742386 14.5 5.651471862576145
    endloop
  endfacet
  facet normal 0.6343932841636521 0 0.7730104533627314
    outer loop
      vertex -71.66668427962352 22.5 5.5022364652369475
      vertex -71.84852813742386 14.5 5.651471862576145
      vertex -71.66668427962352 14.5 5.5022364652369475
    endloop
  endfacet
  facet normal -0.4713967368260007 0 0.8819212643483534
    outer loop
      vertex -70.33331572037648 22.5 5.5022364652369475
      vertex -70.5407798811619 14.5 5.391344560986454
      vertex -70.33331572037648 14.5 5.5022364652369475
    endloop
  endfacet
  facet normal 0.4713967368260007 0 0.8819212643483534
    outer loop
      vertex -71.4592201188381 22.5 5.391344560986454
      vertex -71.66668427962352 14.5 5.5022364652369475
      vertex -71.4592201188381 14.5 5.391344560986454
    endloop
  endfacet
  facet normal 0.2902846772544523 0 0.9569403357322119
    outer loop
      vertex -71.23410838641935 22.5 5.323057663516124
      vertex -71.4592201188381 14.5 5.391344560986454
      vertex -71.23410838641935 14.5 5.323057663516124
    endloop
  endfacet
  facet normal 0.09801714032957698 0 0.9951847266721953
    outer loop
      vertex -71 22.5 5.299999999999997
      vertex -71.23410838641935 14.5 5.323057663516124
      vertex -71 14.5 5.299999999999997
    endloop
  endfacet
  facet normal -0.2902846772544523 0 0.9569403357322119
    outer loop
      vertex -70.5407798811619 22.5 5.391344560986454
      vertex -70.76589161358065 14.5 5.323057663516124
      vertex -70.5407798811619 14.5 5.391344560986454
    endloop
  endfacet
  facet normal -0.09801714032957698 0 0.9951847266721953
    outer loop
      vertex -70.76589161358065 22.5 5.323057663516124
      vertex -71 14.5 5.299999999999997
      vertex -70.76589161358065 14.5 5.323057663516124
    endloop
  endfacet
  facet normal -0.6343932841636521 0 0.7730104533627314
    outer loop
      vertex -70.15147186257614 22.5 5.651471862576145
      vertex -70.33331572037648 14.5 5.5022364652369475
      vertex -70.15147186257614 14.5 5.651471862576145
    endloop
  endfacet
  facet normal 0 0 1
    outer loop
      vertex -87.5 22.5 20.5
      vertex -90 25 20.5
      vertex -87.5 -22 20.5
    endloop
  endfacet
  facet normal 0 0 1
    outer loop
      vertex -87.5 22.5 20.5
      vertex 90 25 20.5
      vertex -90 25 20.5
    endloop
  endfacet
  facet normal 0 0 1
    outer loop
      vertex -90 25 20.5
      vertex -90 -22 20.5
      vertex -87.5 -22 20.5
    endloop
  endfacet
  facet normal 0 0 1
    outer loop
      vertex 90 25 20.5
      vertex -87.5 22.5 20.5
      vertex 87.5 22.5 20.5
    endloop
  endfacet
  facet normal 0 0 1
    outer loop
      vertex 90 25 20.5
      vertex 87.5 22.5 20.5
      vertex 90 -22 20.5
    endloop
  endfacet
  facet normal 0 0 1
    outer loop
      vertex 87.5 -22 20.5
      vertex 90 -22 20.5
      vertex 87.5 22.5 20.5
    endloop
  endfacet
endsolid OpenSCAD_Model
