solid OpenSCAD_Model
  facet normal 0.4713967368260019 -1.579706661869491e-18 0.8819212643483527
    outer loop
      vertex -82.38891237283136 22 -50.330351379684075
      vertex -82.11229349178414 22 -50.47820725201806
      vertex -82.11229349178414 25 -50.47820725201806
    endloop
  endfacet
  facet normal 0.29028467725447027 7.744269271429462e-19 0.9569403357322064
    outer loop
      vertex -82.11229349178414 22 -50.47820725201806
      vertex -81.81214451522581 22 -50.56925644864517
      vertex -81.81214451522581 25 -50.56925644864517
    endloop
  endfacet
  facet normal 0.09801714032955908 -1.3421078132189553e-19 0.995184726672197
    outer loop
      vertex -81.81214451522581 22 -50.56925644864517
      vertex -81.5 22 -50.6
      vertex -81.5 25 -50.6
    endloop
  endfacet
  facet normal -0.09801714032955908 1.3421078132189553e-19 0.995184726672197
    outer loop
      vertex -81.5 22 -50.6
      vertex -81.18785548477419 22 -50.56925644864517
      vertex -81.18785548477419 25 -50.56925644864517
    endloop
  endfacet
  facet normal -0.29028467725447027 -7.744269271429462e-19 0.9569403357322064
    outer loop
      vertex -81.18785548477419 22 -50.56925644864517
      vertex -80.88770650821586 22 -50.47820725201806
      vertex -80.88770650821586 25 -50.47820725201806
    endloop
  endfacet
  facet normal -0.4713967368260019 1.579706661869491e-18 0.8819212643483527
    outer loop
      vertex -80.88770650821586 22 -50.47820725201806
      vertex -80.61108762716864 22 -50.330351379684075
      vertex -80.61108762716864 25 -50.330351379684075
    endloop
  endfacet
  facet normal 0.9569403357322084 0 0.290284677254464
    outer loop
      vertex -82.97820725201805 22 -49.61229349178414
      vertex -82.97820725201805 25 -49.61229349178414
      vertex -83.06925644864516 22 -49.3121445152258
    endloop
  endfacet
  facet normal 0.9951847266721968 0 0.09801714032956128
    outer loop
      vertex -83.06925644864516 22 -49.3121445152258
      vertex -83.06925644864516 25 -49.3121445152258
      vertex -83.1 22 -49
    endloop
  endfacet
  facet normal 0.9951847266721968 0 -0.09801714032956128
    outer loop
      vertex -83.1 22 -49
      vertex -83.1 25 -49
      vertex -83.06925644864516 22 -48.6878554847742
    endloop
  endfacet
  facet normal 0.9569403357322084 0 -0.290284677254464
    outer loop
      vertex -83.06925644864516 22 -48.6878554847742
      vertex -83.06925644864516 25 -48.6878554847742
      vertex -82.97820725201805 22 -48.38770650821586
    endloop
  endfacet
  facet normal 0.7730104533627271 -4.779117540533459e-19 0.6343932841636575
    outer loop
      vertex -82.83035137968407 22 -49.88891237283136
      vertex -82.63137084989847 22 -50.131370849898474
      vertex -82.63137084989847 25 -50.131370849898474
    endloop
  endfacet
  facet normal 0.6343932841636464 1.3209407464228927e-18 0.7730104533627362
    outer loop
      vertex -82.63137084989847 22 -50.131370849898474
      vertex -82.38891237283136 22 -50.330351379684075
      vertex -82.38891237283136 25 -50.330351379684075
    endloop
  endfacet
  facet normal 0.8819212643483673 0 0.47139673682597494
    outer loop
      vertex -82.83035137968407 22 -49.88891237283136
      vertex -82.83035137968407 25 -49.88891237283136
      vertex -82.97820725201805 22 -49.61229349178414
    endloop
  endfacet
  facet normal 0.8819212643483673 0 -0.47139673682597494
    outer loop
      vertex -82.97820725201805 22 -48.38770650821586
      vertex -82.97820725201805 25 -48.38770650821586
      vertex -82.83035137968407 22 -48.11108762716864
    endloop
  endfacet
  facet normal 0.7730104533627271 0 -0.6343932841636575
    outer loop
      vertex -82.83035137968407 22 -48.11108762716864
      vertex -82.83035137968407 25 -48.11108762716864
      vertex -82.63137084989847 22 -47.868629150101526
    endloop
  endfacet
  facet normal 0.6343932841636464 0 -0.7730104533627362
    outer loop
      vertex -82.63137084989847 22 -47.868629150101526
      vertex -82.63137084989847 25 -47.868629150101526
      vertex -82.38891237283136 22 -47.669648620315925
    endloop
  endfacet
  facet normal 0.4713967368260019 1.579706661869491e-18 -0.8819212643483527
    outer loop
      vertex -82.11229349178414 22 -47.52179274798194
      vertex -82.38891237283136 22 -47.669648620315925
      vertex -82.38891237283136 25 -47.669648620315925
    endloop
  endfacet
  facet normal 0.29028467725447027 -7.744269271429462e-19 -0.9569403357322064
    outer loop
      vertex -81.81214451522581 22 -47.43074355135483
      vertex -82.11229349178414 22 -47.52179274798194
      vertex -82.11229349178414 25 -47.52179274798194
    endloop
  endfacet
  facet normal 0.09801714032955908 1.3421078132189553e-19 -0.995184726672197
    outer loop
      vertex -81.5 22 -47.4
      vertex -81.81214451522581 22 -47.43074355135483
      vertex -81.81214451522581 25 -47.43074355135483
    endloop
  endfacet
  facet normal -0.6343932841636464 -1.3209407464228927e-18 0.7730104533627362
    outer loop
      vertex -80.61108762716864 22 -50.330351379684075
      vertex -80.36862915010153 22 -50.131370849898474
      vertex -80.36862915010153 25 -50.131370849898474
    endloop
  endfacet
  facet normal -0.7730104533627271 0 0.6343932841636575
    outer loop
      vertex -80.16964862031593 22 -49.88891237283136
      vertex -80.16964862031593 25 -49.88891237283136
      vertex -80.36862915010153 22 -50.131370849898474
    endloop
  endfacet
  facet normal -0.8819212643483673 0 0.47139673682597494
    outer loop
      vertex -80.02179274798195 22 -49.61229349178414
      vertex -80.02179274798195 25 -49.61229349178414
      vertex -80.16964862031593 22 -49.88891237283136
    endloop
  endfacet
  facet normal -0.9569403357322084 0 0.290284677254464
    outer loop
      vertex -79.93074355135484 22 -49.3121445152258
      vertex -79.93074355135484 25 -49.3121445152258
      vertex -80.02179274798195 22 -49.61229349178414
    endloop
  endfacet
  facet normal -0.9951847266721968 0 0.09801714032956128
    outer loop
      vertex -79.9 22 -49
      vertex -79.9 25 -49
      vertex -79.93074355135484 22 -49.3121445152258
    endloop
  endfacet
  facet normal -0.9951847266721968 0 -0.09801714032956128
    outer loop
      vertex -79.93074355135484 22 -48.6878554847742
      vertex -79.93074355135484 25 -48.6878554847742
      vertex -79.9 22 -49
    endloop
  endfacet
  facet normal -0.6343932841636464 1.3209407464228927e-18 -0.7730104533627362
    outer loop
      vertex -80.36862915010153 22 -47.868629150101526
      vertex -80.61108762716864 22 -47.669648620315925
      vertex -80.61108762716864 25 -47.669648620315925
    endloop
  endfacet
  facet normal -0.7730104533627271 -4.779117540533459e-19 -0.6343932841636575
    outer loop
      vertex -80.16964862031593 22 -48.11108762716864
      vertex -80.36862915010153 22 -47.868629150101526
      vertex -80.36862915010153 25 -47.868629150101526
    endloop
  endfacet
  facet normal -0.09801714032955908 -1.3421078132189553e-19 -0.995184726672197
    outer loop
      vertex -81.18785548477419 22 -47.43074355135483
      vertex -81.5 22 -47.4
      vertex -81.5 25 -47.4
    endloop
  endfacet
  facet normal -0.29028467725447027 7.744269271429462e-19 -0.9569403357322064
    outer loop
      vertex -80.88770650821586 22 -47.52179274798194
      vertex -81.18785548477419 22 -47.43074355135483
      vertex -81.18785548477419 25 -47.43074355135483
    endloop
  endfacet
  facet normal -0.4713967368260019 -1.579706661869491e-18 -0.8819212643483527
    outer loop
      vertex -80.61108762716864 22 -47.669648620315925
      vertex -80.88770650821586 22 -47.52179274798194
      vertex -80.88770650821586 25 -47.52179274798194
    endloop
  endfacet
  facet normal -0.9569403357322084 0 -0.290284677254464
    outer loop
      vertex -80.02179274798195 22 -48.38770650821586
      vertex -80.02179274798195 25 -48.38770650821586
      vertex -79.93074355135484 22 -48.6878554847742
    endloop
  endfacet
  facet normal -0.8819212643483673 0 -0.47139673682597494
    outer loop
      vertex -80.16964862031593 22 -48.11108762716864
      vertex -80.16964862031593 25 -48.11108762716864
      vertex -80.02179274798195 22 -48.38770650821586
    endloop
  endfacet
  facet normal 0.4713967368260019 0 0.8819212643483527
    outer loop
      vertex -82.38891237283136 22 -50.330351379684075
      vertex -82.11229349178414 25 -50.47820725201806
      vertex -82.38891237283136 25 -50.330351379684075
    endloop
  endfacet
  facet normal 0.29028467725447027 0 0.9569403357322064
    outer loop
      vertex -82.11229349178414 22 -50.47820725201806
      vertex -81.81214451522581 25 -50.56925644864517
      vertex -82.11229349178414 25 -50.47820725201806
    endloop
  endfacet
  facet normal 0.09801714032955908 0 0.995184726672197
    outer loop
      vertex -81.81214451522581 22 -50.56925644864517
      vertex -81.5 25 -50.6
      vertex -81.81214451522581 25 -50.56925644864517
    endloop
  endfacet
  facet normal -0.09801714032955908 0 0.995184726672197
    outer loop
      vertex -81.5 22 -50.6
      vertex -81.18785548477419 25 -50.56925644864517
      vertex -81.5 25 -50.6
    endloop
  endfacet
  facet normal -0.29028467725447027 0 0.9569403357322064
    outer loop
      vertex -81.18785548477419 22 -50.56925644864517
      vertex -80.88770650821586 25 -50.47820725201806
      vertex -81.18785548477419 25 -50.56925644864517
    endloop
  endfacet
  facet normal -0.4713967368260019 0 0.8819212643483527
    outer loop
      vertex -80.88770650821586 22 -50.47820725201806
      vertex -80.61108762716864 25 -50.330351379684075
      vertex -80.88770650821586 25 -50.47820725201806
    endloop
  endfacet
  facet normal 0.9569403357322084 0 0.290284677254464
    outer loop
      vertex -83.06925644864516 22 -49.3121445152258
      vertex -82.97820725201805 25 -49.61229349178414
      vertex -83.06925644864516 25 -49.3121445152258
    endloop
  endfacet
  facet normal 0.9951847266721968 0 0.09801714032956128
    outer loop
      vertex -83.1 22 -49
      vertex -83.06925644864516 25 -49.3121445152258
      vertex -83.1 25 -49
    endloop
  endfacet
  facet normal 0.9951847266721968 0 -0.09801714032956128
    outer loop
      vertex -83.06925644864516 22 -48.6878554847742
      vertex -83.1 25 -49
      vertex -83.06925644864516 25 -48.6878554847742
    endloop
  endfacet
  facet normal 0.7730104533627271 0 0.6343932841636575
    outer loop
      vertex -82.83035137968407 22 -49.88891237283136
      vertex -82.63137084989847 25 -50.131370849898474
      vertex -82.83035137968407 25 -49.88891237283136
    endloop
  endfacet
  facet normal 0.6343932841636464 0 0.7730104533627362
    outer loop
      vertex -82.63137084989847 22 -50.131370849898474
      vertex -82.38891237283136 25 -50.330351379684075
      vertex -82.63137084989847 25 -50.131370849898474
    endloop
  endfacet
  facet normal 0.8819212643483673 0 0.47139673682597494
    outer loop
      vertex -82.97820725201805 22 -49.61229349178414
      vertex -82.83035137968407 25 -49.88891237283136
      vertex -82.97820725201805 25 -49.61229349178414
    endloop
  endfacet
  facet normal 0.9569403357322084 0 -0.290284677254464
    outer loop
      vertex -82.97820725201805 22 -48.38770650821586
      vertex -83.06925644864516 25 -48.6878554847742
      vertex -82.97820725201805 25 -48.38770650821586
    endloop
  endfacet
  facet normal 0.8819212643483673 0 -0.47139673682597494
    outer loop
      vertex -82.83035137968407 22 -48.11108762716864
      vertex -82.97820725201805 25 -48.38770650821586
      vertex -82.83035137968407 25 -48.11108762716864
    endloop
  endfacet
  facet normal 0.7730104533627271 0 -0.6343932841636575
    outer loop
      vertex -82.63137084989847 22 -47.868629150101526
      vertex -82.83035137968407 25 -48.11108762716864
      vertex -82.63137084989847 25 -47.868629150101526
    endloop
  endfacet
  facet normal 0.6343932841636464 0 -0.7730104533627362
    outer loop
      vertex -82.38891237283136 22 -47.669648620315925
      vertex -82.63137084989847 25 -47.868629150101526
      vertex -82.38891237283136 25 -47.669648620315925
    endloop
  endfacet
  facet normal 0.4713967368260019 0 -0.8819212643483527
    outer loop
      vertex -82.11229349178414 22 -47.52179274798194
      vertex -82.38891237283136 25 -47.669648620315925
      vertex -82.11229349178414 25 -47.52179274798194
    endloop
  endfacet
  facet normal 0.29028467725447027 0 -0.9569403357322064
    outer loop
      vertex -81.81214451522581 22 -47.43074355135483
      vertex -82.11229349178414 25 -47.52179274798194
      vertex -81.81214451522581 25 -47.43074355135483
    endloop
  endfacet
  facet normal 0.09801714032955908 0 -0.995184726672197
    outer loop
      vertex -81.5 22 -47.4
      vertex -81.81214451522581 25 -47.43074355135483
      vertex -81.5 25 -47.4
    endloop
  endfacet
  facet normal -0.6343932841636464 0 0.7730104533627362
    outer loop
      vertex -80.61108762716864 22 -50.330351379684075
      vertex -80.36862915010153 25 -50.131370849898474
      vertex -80.61108762716864 25 -50.330351379684075
    endloop
  endfacet
  facet normal -0.7730104533627271 0 0.6343932841636575
    outer loop
      vertex -80.36862915010153 22 -50.131370849898474
      vertex -80.16964862031593 25 -49.88891237283136
      vertex -80.36862915010153 25 -50.131370849898474
    endloop
  endfacet
  facet normal -0.8819212643483673 0 0.47139673682597494
    outer loop
      vertex -80.16964862031593 22 -49.88891237283136
      vertex -80.02179274798195 25 -49.61229349178414
      vertex -80.16964862031593 25 -49.88891237283136
    endloop
  endfacet
  facet normal -0.9569403357322084 0 0.290284677254464
    outer loop
      vertex -80.02179274798195 22 -49.61229349178414
      vertex -79.93074355135484 25 -49.3121445152258
      vertex -80.02179274798195 25 -49.61229349178414
    endloop
  endfacet
  facet normal -0.9951847266721968 0 0.09801714032956128
    outer loop
      vertex -79.93074355135484 22 -49.3121445152258
      vertex -79.9 25 -49
      vertex -79.93074355135484 25 -49.3121445152258
    endloop
  endfacet
  facet normal -0.9951847266721968 0 -0.09801714032956128
    outer loop
      vertex -79.9 22 -49
      vertex -79.93074355135484 25 -48.6878554847742
      vertex -79.9 25 -49
    endloop
  endfacet
  facet normal -0.9569403357322084 0 -0.290284677254464
    outer loop
      vertex -79.93074355135484 22 -48.6878554847742
      vertex -80.02179274798195 25 -48.38770650821586
      vertex -79.93074355135484 25 -48.6878554847742
    endloop
  endfacet
  facet normal -0.4713967368260019 0 -0.8819212643483527
    outer loop
      vertex -80.61108762716864 22 -47.669648620315925
      vertex -80.88770650821586 25 -47.52179274798194
      vertex -80.61108762716864 25 -47.669648620315925
    endloop
  endfacet
  facet normal -0.7730104533627271 0 -0.6343932841636575
    outer loop
      vertex -80.16964862031593 22 -48.11108762716864
      vertex -80.36862915010153 25 -47.868629150101526
      vertex -80.16964862031593 25 -48.11108762716864
    endloop
  endfacet
  facet normal -0.6343932841636464 0 -0.7730104533627362
    outer loop
      vertex -80.36862915010153 22 -47.868629150101526
      vertex -80.61108762716864 25 -47.669648620315925
      vertex -80.36862915010153 25 -47.868629150101526
    endloop
  endfacet
  facet normal -0.09801714032955908 0 -0.995184726672197
    outer loop
      vertex -81.18785548477419 22 -47.43074355135483
      vertex -81.5 25 -47.4
      vertex -81.18785548477419 25 -47.43074355135483
    endloop
  endfacet
  facet normal -0.29028467725447027 0 -0.9569403357322064
    outer loop
      vertex -80.88770650821586 22 -47.52179274798194
      vertex -81.18785548477419 25 -47.43074355135483
      vertex -80.88770650821586 25 -47.52179274798194
    endloop
  endfacet
  facet normal -0.8819212643483673 0 -0.47139673682597494
    outer loop
      vertex -80.02179274798195 22 -48.38770650821586
      vertex -80.16964862031593 25 -48.11108762716864
      vertex -80.02179274798195 25 -48.38770650821586
    endloop
  endfacet
  facet normal 0.9569403357322084 0 0.290284677254464
    outer loop
      vertex -82.97820725201805 22 48.38770650821586
      vertex -82.97820725201805 25 48.38770650821586
      vertex -83.06925644864516 22 48.6878554847742
    endloop
  endfacet
  facet normal 0.4713967368260019 -1.579706661869491e-18 0.8819212643483527
    outer loop
      vertex -82.38891237283136 22 47.669648620315925
      vertex -82.11229349178414 22 47.52179274798194
      vertex -82.11229349178414 25 47.52179274798194
    endloop
  endfacet
  facet normal 0.29028467725447027 7.744269271429462e-19 0.9569403357322064
    outer loop
      vertex -82.11229349178414 22 47.52179274798194
      vertex -81.81214451522581 22 47.43074355135483
      vertex -81.81214451522581 25 47.43074355135483
    endloop
  endfacet
  facet normal 0.09801714032955908 -1.3421078132189553e-19 0.995184726672197
    outer loop
      vertex -81.81214451522581 22 47.43074355135483
      vertex -81.5 22 47.4
      vertex -81.5 25 47.4
    endloop
  endfacet
  facet normal 0.7730104533627271 0 0.6343932841636575
    outer loop
      vertex -82.63137084989847 22 47.868629150101526
      vertex -82.63137084989847 25 47.868629150101526
      vertex -82.83035137968407 22 48.11108762716864
    endloop
  endfacet
  facet normal 0.6343932841636464 1.3209407464228927e-18 0.7730104533627362
    outer loop
      vertex -82.63137084989847 22 47.868629150101526
      vertex -82.38891237283136 22 47.669648620315925
      vertex -82.38891237283136 25 47.669648620315925
    endloop
  endfacet
  facet normal 0.8819212643483673 0 0.47139673682597494
    outer loop
      vertex -82.83035137968407 22 48.11108762716864
      vertex -82.83035137968407 25 48.11108762716864
      vertex -82.97820725201805 22 48.38770650821586
    endloop
  endfacet
  facet normal 0.9951847266721968 0 0.09801714032956128
    outer loop
      vertex -83.06925644864516 22 48.6878554847742
      vertex -83.06925644864516 25 48.6878554847742
      vertex -83.1 22 49
    endloop
  endfacet
  facet normal 0.9951847266721968 0 -0.09801714032956128
    outer loop
      vertex -83.1 22 49
      vertex -83.1 25 49
      vertex -83.06925644864516 22 49.3121445152258
    endloop
  endfacet
  facet normal 0.9569403357322084 0 -0.290284677254464
    outer loop
      vertex -83.06925644864516 22 49.3121445152258
      vertex -83.06925644864516 25 49.3121445152258
      vertex -82.97820725201805 22 49.61229349178414
    endloop
  endfacet
  facet normal 0.8819212643483673 0 -0.47139673682597494
    outer loop
      vertex -82.97820725201805 22 49.61229349178414
      vertex -82.97820725201805 25 49.61229349178414
      vertex -82.83035137968407 22 49.88891237283136
    endloop
  endfacet
  facet normal 0.7730104533627271 0 -0.6343932841636575
    outer loop
      vertex -82.83035137968407 22 49.88891237283136
      vertex -82.83035137968407 25 49.88891237283136
      vertex -82.63137084989847 22 50.131370849898474
    endloop
  endfacet
  facet normal 0.6343932841636464 0 -0.7730104533627362
    outer loop
      vertex -82.63137084989847 22 50.131370849898474
      vertex -82.63137084989847 25 50.131370849898474
      vertex -82.38891237283136 22 50.330351379684075
    endloop
  endfacet
  facet normal -0.09801714032955908 1.3421078132189553e-19 0.995184726672197
    outer loop
      vertex -81.5 22 47.4
      vertex -81.18785548477419 22 47.43074355135483
      vertex -81.18785548477419 25 47.43074355135483
    endloop
  endfacet
  facet normal -0.29028467725447027 -7.744269271429462e-19 0.9569403357322064
    outer loop
      vertex -81.18785548477419 22 47.43074355135483
      vertex -80.88770650821586 22 47.52179274798194
      vertex -80.88770650821586 25 47.52179274798194
    endloop
  endfacet
  facet normal -0.4713967368260019 1.579706661869491e-18 0.8819212643483527
    outer loop
      vertex -80.88770650821586 22 47.52179274798194
      vertex -80.61108762716864 22 47.669648620315925
      vertex -80.61108762716864 25 47.669648620315925
    endloop
  endfacet
  facet normal -0.6343932841636464 -1.3209407464228927e-18 0.7730104533627362
    outer loop
      vertex -80.61108762716864 22 47.669648620315925
      vertex -80.36862915010153 22 47.868629150101526
      vertex -80.36862915010153 25 47.868629150101526
    endloop
  endfacet
  facet normal -0.7730104533627271 0 0.6343932841636575
    outer loop
      vertex -80.16964862031593 22 48.11108762716864
      vertex -80.16964862031593 25 48.11108762716864
      vertex -80.36862915010153 22 47.868629150101526
    endloop
  endfacet
  facet normal -0.8819212643483673 0 0.47139673682597494
    outer loop
      vertex -80.02179274798195 22 48.38770650821586
      vertex -80.02179274798195 25 48.38770650821586
      vertex -80.16964862031593 22 48.11108762716864
    endloop
  endfacet
  facet normal -0.6343932841636464 1.3209407464228927e-18 -0.7730104533627362
    outer loop
      vertex -80.36862915010153 22 50.131370849898474
      vertex -80.61108762716864 22 50.330351379684075
      vertex -80.61108762716864 25 50.330351379684075
    endloop
  endfacet
  facet normal -0.7730104533627271 0 -0.6343932841636575
    outer loop
      vertex -80.36862915010153 22 50.131370849898474
      vertex -80.36862915010153 25 50.131370849898474
      vertex -80.16964862031593 22 49.88891237283136
    endloop
  endfacet
  facet normal -0.9569403357322084 0 0.290284677254464
    outer loop
      vertex -79.93074355135484 22 48.6878554847742
      vertex -79.93074355135484 25 48.6878554847742
      vertex -80.02179274798195 22 48.38770650821586
    endloop
  endfacet
  facet normal -0.9951847266721968 0 0.09801714032956128
    outer loop
      vertex -79.9 22 49
      vertex -79.9 25 49
      vertex -79.93074355135484 22 48.6878554847742
    endloop
  endfacet
  facet normal -0.9951847266721968 0 -0.09801714032956128
    outer loop
      vertex -79.93074355135484 22 49.3121445152258
      vertex -79.93074355135484 25 49.3121445152258
      vertex -79.9 22 49
    endloop
  endfacet
  facet normal -0.9569403357322084 0 -0.290284677254464
    outer loop
      vertex -80.02179274798195 22 49.61229349178414
      vertex -80.02179274798195 25 49.61229349178414
      vertex -79.93074355135484 22 49.3121445152258
    endloop
  endfacet
  facet normal -0.8819212643483673 0 -0.47139673682597494
    outer loop
      vertex -80.16964862031593 22 49.88891237283136
      vertex -80.16964862031593 25 49.88891237283136
      vertex -80.02179274798195 22 49.61229349178414
    endloop
  endfacet
  facet normal 0.4713967368260019 1.579706661869491e-18 -0.8819212643483527
    outer loop
      vertex -82.11229349178414 22 50.47820725201806
      vertex -82.38891237283136 22 50.330351379684075
      vertex -82.38891237283136 25 50.330351379684075
    endloop
  endfacet
  facet normal 0.29028467725447027 -7.744269271429462e-19 -0.9569403357322064
    outer loop
      vertex -81.81214451522581 22 50.56925644864517
      vertex -82.11229349178414 22 50.47820725201806
      vertex -82.11229349178414 25 50.47820725201806
    endloop
  endfacet
  facet normal 0.09801714032955908 1.3421078132189553e-19 -0.995184726672197
    outer loop
      vertex -81.5 22 50.6
      vertex -81.81214451522581 22 50.56925644864517
      vertex -81.81214451522581 25 50.56925644864517
    endloop
  endfacet
  facet normal -0.09801714032955908 -1.3421078132189553e-19 -0.995184726672197
    outer loop
      vertex -81.18785548477419 22 50.56925644864517
      vertex -81.5 22 50.6
      vertex -81.5 25 50.6
    endloop
  endfacet
  facet normal -0.29028467725447027 7.744269271429462e-19 -0.9569403357322064
    outer loop
      vertex -80.88770650821586 22 50.47820725201806
      vertex -81.18785548477419 22 50.56925644864517
      vertex -81.18785548477419 25 50.56925644864517
    endloop
  endfacet
  facet normal -0.4713967368260019 -1.579706661869491e-18 -0.8819212643483527
    outer loop
      vertex -80.61108762716864 22 50.330351379684075
      vertex -80.88770650821586 22 50.47820725201806
      vertex -80.88770650821586 25 50.47820725201806
    endloop
  endfacet
  facet normal 0.29028467725447027 0 0.9569403357322064
    outer loop
      vertex -82.11229349178414 22 47.52179274798194
      vertex -81.81214451522581 25 47.43074355135483
      vertex -82.11229349178414 25 47.52179274798194
    endloop
  endfacet
  facet normal 0.09801714032955908 0 0.995184726672197
    outer loop
      vertex -81.81214451522581 22 47.43074355135483
      vertex -81.5 25 47.4
      vertex -81.81214451522581 25 47.43074355135483
    endloop
  endfacet
  facet normal 0.7730104533627271 0 0.6343932841636575
    outer loop
      vertex -82.83035137968407 22 48.11108762716864
      vertex -82.63137084989847 25 47.868629150101526
      vertex -82.83035137968407 25 48.11108762716864
    endloop
  endfacet
  facet normal 0.6343932841636464 0 0.7730104533627362
    outer loop
      vertex -82.63137084989847 22 47.868629150101526
      vertex -82.38891237283136 25 47.669648620315925
      vertex -82.63137084989847 25 47.868629150101526
    endloop
  endfacet
  facet normal 0.4713967368260019 0 0.8819212643483527
    outer loop
      vertex -82.38891237283136 22 47.669648620315925
      vertex -82.11229349178414 25 47.52179274798194
      vertex -82.38891237283136 25 47.669648620315925
    endloop
  endfacet
  facet normal 0.8819212643483673 0 0.47139673682597494
    outer loop
      vertex -82.97820725201805 22 48.38770650821586
      vertex -82.83035137968407 25 48.11108762716864
      vertex -82.97820725201805 25 48.38770650821586
    endloop
  endfacet
  facet normal 0.9569403357322084 0 0.290284677254464
    outer loop
      vertex -83.06925644864516 22 48.6878554847742
      vertex -82.97820725201805 25 48.38770650821586
      vertex -83.06925644864516 25 48.6878554847742
    endloop
  endfacet
  facet normal 0.9951847266721968 0 0.09801714032956128
    outer loop
      vertex -83.1 22 49
      vertex -83.06925644864516 25 48.6878554847742
      vertex -83.1 25 49
    endloop
  endfacet
  facet normal 0.9951847266721968 0 -0.09801714032956128
    outer loop
      vertex -83.06925644864516 22 49.3121445152258
      vertex -83.1 25 49
      vertex -83.06925644864516 25 49.3121445152258
    endloop
  endfacet
  facet normal 0.9569403357322084 0 -0.290284677254464
    outer loop
      vertex -82.97820725201805 22 49.61229349178414
      vertex -83.06925644864516 25 49.3121445152258
      vertex -82.97820725201805 25 49.61229349178414
    endloop
  endfacet
  facet normal 0.8819212643483673 0 -0.47139673682597494
    outer loop
      vertex -82.83035137968407 22 49.88891237283136
      vertex -82.97820725201805 25 49.61229349178414
      vertex -82.83035137968407 25 49.88891237283136
    endloop
  endfacet
  facet normal 0.7730104533627271 0 -0.6343932841636575
    outer loop
      vertex -82.63137084989847 22 50.131370849898474
      vertex -82.83035137968407 25 49.88891237283136
      vertex -82.63137084989847 25 50.131370849898474
    endloop
  endfacet
  facet normal 0.6343932841636464 0 -0.7730104533627362
    outer loop
      vertex -82.38891237283136 22 50.330351379684075
      vertex -82.63137084989847 25 50.131370849898474
      vertex -82.38891237283136 25 50.330351379684075
    endloop
  endfacet
  facet normal -0.09801714032955908 0 0.995184726672197
    outer loop
      vertex -81.5 22 47.4
      vertex -81.18785548477419 25 47.43074355135483
      vertex -81.5 25 47.4
    endloop
  endfacet
  facet normal -0.29028467725447027 0 0.9569403357322064
    outer loop
      vertex -81.18785548477419 22 47.43074355135483
      vertex -80.88770650821586 25 47.52179274798194
      vertex -81.18785548477419 25 47.43074355135483
    endloop
  endfacet
  facet normal -0.4713967368260019 0 0.8819212643483527
    outer loop
      vertex -80.88770650821586 22 47.52179274798194
      vertex -80.61108762716864 25 47.669648620315925
      vertex -80.88770650821586 25 47.52179274798194
    endloop
  endfacet
  facet normal -0.6343932841636464 0 0.7730104533627362
    outer loop
      vertex -80.61108762716864 22 47.669648620315925
      vertex -80.36862915010153 25 47.868629150101526
      vertex -80.61108762716864 25 47.669648620315925
    endloop
  endfacet
  facet normal -0.7730104533627271 0 0.6343932841636575
    outer loop
      vertex -80.36862915010153 22 47.868629150101526
      vertex -80.16964862031593 25 48.11108762716864
      vertex -80.36862915010153 25 47.868629150101526
    endloop
  endfacet
  facet normal -0.8819212643483673 0 0.47139673682597494
    outer loop
      vertex -80.16964862031593 22 48.11108762716864
      vertex -80.02179274798195 25 48.38770650821586
      vertex -80.16964862031593 25 48.11108762716864
    endloop
  endfacet
  facet normal -0.9569403357322084 0 0.290284677254464
    outer loop
      vertex -80.02179274798195 22 48.38770650821586
      vertex -79.93074355135484 25 48.6878554847742
      vertex -80.02179274798195 25 48.38770650821586
    endloop
  endfacet
  facet normal -0.7730104533627271 0 -0.6343932841636575
    outer loop
      vertex -80.16964862031593 22 49.88891237283136
      vertex -80.36862915010153 25 50.131370849898474
      vertex -80.16964862031593 25 49.88891237283136
    endloop
  endfacet
  facet normal -0.6343932841636464 0 -0.7730104533627362
    outer loop
      vertex -80.36862915010153 22 50.131370849898474
      vertex -80.61108762716864 25 50.330351379684075
      vertex -80.36862915010153 25 50.131370849898474
    endloop
  endfacet
  facet normal -0.9951847266721968 0 0.09801714032956128
    outer loop
      vertex -79.93074355135484 22 48.6878554847742
      vertex -79.9 25 49
      vertex -79.93074355135484 25 48.6878554847742
    endloop
  endfacet
  facet normal -0.9951847266721968 0 -0.09801714032956128
    outer loop
      vertex -79.9 22 49
      vertex -79.93074355135484 25 49.3121445152258
      vertex -79.9 25 49
    endloop
  endfacet
  facet normal -0.9569403357322084 0 -0.290284677254464
    outer loop
      vertex -79.93074355135484 22 49.3121445152258
      vertex -80.02179274798195 25 49.61229349178414
      vertex -79.93074355135484 25 49.3121445152258
    endloop
  endfacet
  facet normal -0.8819212643483673 0 -0.47139673682597494
    outer loop
      vertex -80.02179274798195 22 49.61229349178414
      vertex -80.16964862031593 25 49.88891237283136
      vertex -80.02179274798195 25 49.61229349178414
    endloop
  endfacet
  facet normal 0.4713967368260019 0 -0.8819212643483527
    outer loop
      vertex -82.11229349178414 22 50.47820725201806
      vertex -82.38891237283136 25 50.330351379684075
      vertex -82.11229349178414 25 50.47820725201806
    endloop
  endfacet
  facet normal 0.29028467725447027 0 -0.9569403357322064
    outer loop
      vertex -81.81214451522581 22 50.56925644864517
      vertex -82.11229349178414 25 50.47820725201806
      vertex -81.81214451522581 25 50.56925644864517
    endloop
  endfacet
  facet normal 0.09801714032955908 0 -0.995184726672197
    outer loop
      vertex -81.5 22 50.6
      vertex -81.81214451522581 25 50.56925644864517
      vertex -81.5 25 50.6
    endloop
  endfacet
  facet normal -0.09801714032955908 0 -0.995184726672197
    outer loop
      vertex -81.18785548477419 22 50.56925644864517
      vertex -81.5 25 50.6
      vertex -81.18785548477419 25 50.56925644864517
    endloop
  endfacet
  facet normal -0.29028467725447027 0 -0.9569403357322064
    outer loop
      vertex -80.88770650821586 22 50.47820725201806
      vertex -81.18785548477419 25 50.56925644864517
      vertex -80.88770650821586 25 50.47820725201806
    endloop
  endfacet
  facet normal -0.4713967368260019 0 -0.8819212643483527
    outer loop
      vertex -80.61108762716864 22 50.330351379684075
      vertex -80.88770650821586 25 50.47820725201806
      vertex -80.61108762716864 25 50.330351379684075
    endloop
  endfacet
  facet normal 0.4713967368260019 -1.579706661869491e-18 0.8819212643483527
    outer loop
      vertex 80.61108762716864 22 -50.330351379684075
      vertex 80.88770650821586 22 -50.47820725201806
      vertex 80.88770650821586 25 -50.47820725201806
    endloop
  endfacet
  facet normal 0.29028467725447027 7.744269271429462e-19 0.9569403357322064
    outer loop
      vertex 80.88770650821586 22 -50.47820725201806
      vertex 81.18785548477419 22 -50.56925644864517
      vertex 81.18785548477419 25 -50.56925644864517
    endloop
  endfacet
  facet normal 0.09801714032955908 -1.3421078132189553e-19 0.995184726672197
    outer loop
      vertex 81.18785548477419 22 -50.56925644864517
      vertex 81.5 22 -50.6
      vertex 81.5 25 -50.6
    endloop
  endfacet
  facet normal -0.09801714032955908 1.3421078132189553e-19 0.995184726672197
    outer loop
      vertex 81.5 22 -50.6
      vertex 81.81214451522581 22 -50.56925644864517
      vertex 81.81214451522581 25 -50.56925644864517
    endloop
  endfacet
  facet normal -0.29028467725447027 -7.744269271429462e-19 0.9569403357322064
    outer loop
      vertex 81.81214451522581 22 -50.56925644864517
      vertex 82.11229349178414 22 -50.47820725201806
      vertex 82.11229349178414 25 -50.47820725201806
    endloop
  endfacet
  facet normal -0.4713967368260019 1.579706661869491e-18 0.8819212643483527
    outer loop
      vertex 82.11229349178414 22 -50.47820725201806
      vertex 82.38891237283136 22 -50.330351379684075
      vertex 82.38891237283136 25 -50.330351379684075
    endloop
  endfacet
  facet normal 0.8819212643483673 0 0.47139673682597494
    outer loop
      vertex 80.16964862031593 22 -49.88891237283136
      vertex 80.16964862031593 25 -49.88891237283136
      vertex 80.02179274798195 22 -49.61229349178414
    endloop
  endfacet
  facet normal 0.9569403357322084 0 0.290284677254464
    outer loop
      vertex 80.02179274798195 22 -49.61229349178414
      vertex 80.02179274798195 25 -49.61229349178414
      vertex 79.93074355135484 22 -49.3121445152258
    endloop
  endfacet
  facet normal 0.9951847266721968 0 0.09801714032956128
    outer loop
      vertex 79.93074355135484 22 -49.3121445152258
      vertex 79.93074355135484 25 -49.3121445152258
      vertex 79.9 22 -49
    endloop
  endfacet
  facet normal 0.9951847266721968 0 -0.09801714032956128
    outer loop
      vertex 79.9 22 -49
      vertex 79.9 25 -49
      vertex 79.93074355135484 22 -48.6878554847742
    endloop
  endfacet
  facet normal 0.9569403357322084 0 -0.290284677254464
    outer loop
      vertex 79.93074355135484 22 -48.6878554847742
      vertex 79.93074355135484 25 -48.6878554847742
      vertex 80.02179274798195 22 -48.38770650821586
    endloop
  endfacet
  facet normal 0.7730104533627271 -4.779117540533459e-19 0.6343932841636575
    outer loop
      vertex 80.16964862031593 22 -49.88891237283136
      vertex 80.36862915010153 22 -50.131370849898474
      vertex 80.36862915010153 25 -50.131370849898474
    endloop
  endfacet
  facet normal 0.6343932841636464 1.3209407464228927e-18 0.7730104533627362
    outer loop
      vertex 80.36862915010153 22 -50.131370849898474
      vertex 80.61108762716864 22 -50.330351379684075
      vertex 80.61108762716864 25 -50.330351379684075
    endloop
  endfacet
  facet normal 0.8819212643483673 0 -0.47139673682597494
    outer loop
      vertex 80.02179274798195 22 -48.38770650821586
      vertex 80.02179274798195 25 -48.38770650821586
      vertex 80.16964862031593 22 -48.11108762716864
    endloop
  endfacet
  facet normal 0.7730104533627271 0 -0.6343932841636575
    outer loop
      vertex 80.16964862031593 22 -48.11108762716864
      vertex 80.16964862031593 25 -48.11108762716864
      vertex 80.36862915010153 22 -47.868629150101526
    endloop
  endfacet
  facet normal 0.6343932841636464 0 -0.7730104533627362
    outer loop
      vertex 80.36862915010153 22 -47.868629150101526
      vertex 80.36862915010153 25 -47.868629150101526
      vertex 80.61108762716864 22 -47.669648620315925
    endloop
  endfacet
  facet normal 0.4713967368260019 1.579706661869491e-18 -0.8819212643483527
    outer loop
      vertex 80.88770650821586 22 -47.52179274798194
      vertex 80.61108762716864 22 -47.669648620315925
      vertex 80.61108762716864 25 -47.669648620315925
    endloop
  endfacet
  facet normal 0.29028467725447027 -7.744269271429462e-19 -0.9569403357322064
    outer loop
      vertex 81.18785548477419 22 -47.43074355135483
      vertex 80.88770650821586 22 -47.52179274798194
      vertex 80.88770650821586 25 -47.52179274798194
    endloop
  endfacet
  facet normal 0.09801714032955908 1.3421078132189553e-19 -0.995184726672197
    outer loop
      vertex 81.5 22 -47.4
      vertex 81.18785548477419 22 -47.43074355135483
      vertex 81.18785548477419 25 -47.43074355135483
    endloop
  endfacet
  facet normal -0.6343932841636464 -1.3209407464228927e-18 0.7730104533627362
    outer loop
      vertex 82.38891237283136 22 -50.330351379684075
      vertex 82.63137084989847 22 -50.131370849898474
      vertex 82.63137084989847 25 -50.131370849898474
    endloop
  endfacet
  facet normal -0.7730104533627271 0 0.6343932841636575
    outer loop
      vertex 82.83035137968407 22 -49.88891237283136
      vertex 82.83035137968407 25 -49.88891237283136
      vertex 82.63137084989847 22 -50.131370849898474
    endloop
  endfacet
  facet normal -0.8819212643483673 0 0.47139673682597494
    outer loop
      vertex 82.97820725201805 22 -49.61229349178414
      vertex 82.97820725201805 25 -49.61229349178414
      vertex 82.83035137968407 22 -49.88891237283136
    endloop
  endfacet
  facet normal -0.9569403357322084 0 0.290284677254464
    outer loop
      vertex 83.06925644864516 22 -49.3121445152258
      vertex 83.06925644864516 25 -49.3121445152258
      vertex 82.97820725201805 22 -49.61229349178414
    endloop
  endfacet
  facet normal -0.9951847266721968 0 0.09801714032956128
    outer loop
      vertex 83.1 22 -49
      vertex 83.1 25 -49
      vertex 83.06925644864516 22 -49.3121445152258
    endloop
  endfacet
  facet normal -0.9951847266721968 0 -0.09801714032956128
    outer loop
      vertex 83.06925644864516 22 -48.6878554847742
      vertex 83.06925644864516 25 -48.6878554847742
      vertex 83.1 22 -49
    endloop
  endfacet
  facet normal -0.8819212643483673 0 -0.47139673682597494
    outer loop
      vertex 82.83035137968407 22 -48.11108762716864
      vertex 82.83035137968407 25 -48.11108762716864
      vertex 82.97820725201805 22 -48.38770650821586
    endloop
  endfacet
  facet normal -0.6343932841636464 1.3209407464228927e-18 -0.7730104533627362
    outer loop
      vertex 82.63137084989847 22 -47.868629150101526
      vertex 82.38891237283136 22 -47.669648620315925
      vertex 82.38891237283136 25 -47.669648620315925
    endloop
  endfacet
  facet normal -0.7730104533627271 -4.779117540533459e-19 -0.6343932841636575
    outer loop
      vertex 82.83035137968407 22 -48.11108762716864
      vertex 82.63137084989847 22 -47.868629150101526
      vertex 82.63137084989847 25 -47.868629150101526
    endloop
  endfacet
  facet normal -0.09801714032955908 -1.3421078132189553e-19 -0.995184726672197
    outer loop
      vertex 81.81214451522581 22 -47.43074355135483
      vertex 81.5 22 -47.4
      vertex 81.5 25 -47.4
    endloop
  endfacet
  facet normal -0.29028467725447027 7.744269271429462e-19 -0.9569403357322064
    outer loop
      vertex 82.11229349178414 22 -47.52179274798194
      vertex 81.81214451522581 22 -47.43074355135483
      vertex 81.81214451522581 25 -47.43074355135483
    endloop
  endfacet
  facet normal -0.4713967368260019 -1.579706661869491e-18 -0.8819212643483527
    outer loop
      vertex 82.38891237283136 22 -47.669648620315925
      vertex 82.11229349178414 22 -47.52179274798194
      vertex 82.11229349178414 25 -47.52179274798194
    endloop
  endfacet
  facet normal -0.9569403357322084 0 -0.290284677254464
    outer loop
      vertex 82.97820725201805 22 -48.38770650821586
      vertex 82.97820725201805 25 -48.38770650821586
      vertex 83.06925644864516 22 -48.6878554847742
    endloop
  endfacet
  facet normal 0.4713967368260019 0 0.8819212643483527
    outer loop
      vertex 80.61108762716864 22 -50.330351379684075
      vertex 80.88770650821586 25 -50.47820725201806
      vertex 80.61108762716864 25 -50.330351379684075
    endloop
  endfacet
  facet normal 0.29028467725447027 0 0.9569403357322064
    outer loop
      vertex 80.88770650821586 22 -50.47820725201806
      vertex 81.18785548477419 25 -50.56925644864517
      vertex 80.88770650821586 25 -50.47820725201806
    endloop
  endfacet
  facet normal 0.09801714032955908 0 0.995184726672197
    outer loop
      vertex 81.18785548477419 22 -50.56925644864517
      vertex 81.5 25 -50.6
      vertex 81.18785548477419 25 -50.56925644864517
    endloop
  endfacet
  facet normal -0.09801714032955908 0 0.995184726672197
    outer loop
      vertex 81.5 22 -50.6
      vertex 81.81214451522581 25 -50.56925644864517
      vertex 81.5 25 -50.6
    endloop
  endfacet
  facet normal -0.29028467725447027 0 0.9569403357322064
    outer loop
      vertex 81.81214451522581 22 -50.56925644864517
      vertex 82.11229349178414 25 -50.47820725201806
      vertex 81.81214451522581 25 -50.56925644864517
    endloop
  endfacet
  facet normal -0.4713967368260019 0 0.8819212643483527
    outer loop
      vertex 82.11229349178414 22 -50.47820725201806
      vertex 82.38891237283136 25 -50.330351379684075
      vertex 82.11229349178414 25 -50.47820725201806
    endloop
  endfacet
  facet normal 0.8819212643483673 0 0.47139673682597494
    outer loop
      vertex 80.02179274798195 22 -49.61229349178414
      vertex 80.16964862031593 25 -49.88891237283136
      vertex 80.02179274798195 25 -49.61229349178414
    endloop
  endfacet
  facet normal 0.9569403357322084 0 0.290284677254464
    outer loop
      vertex 79.93074355135484 22 -49.3121445152258
      vertex 80.02179274798195 25 -49.61229349178414
      vertex 79.93074355135484 25 -49.3121445152258
    endloop
  endfacet
  facet normal 0.9951847266721968 0 0.09801714032956128
    outer loop
      vertex 79.9 22 -49
      vertex 79.93074355135484 25 -49.3121445152258
      vertex 79.9 25 -49
    endloop
  endfacet
  facet normal 0.9951847266721968 0 -0.09801714032956128
    outer loop
      vertex 79.93074355135484 22 -48.6878554847742
      vertex 79.9 25 -49
      vertex 79.93074355135484 25 -48.6878554847742
    endloop
  endfacet
  facet normal 0.6343932841636464 0 0.7730104533627362
    outer loop
      vertex 80.36862915010153 22 -50.131370849898474
      vertex 80.61108762716864 25 -50.330351379684075
      vertex 80.36862915010153 25 -50.131370849898474
    endloop
  endfacet
  facet normal 0.7730104533627271 0 0.6343932841636575
    outer loop
      vertex 80.16964862031593 22 -49.88891237283136
      vertex 80.36862915010153 25 -50.131370849898474
      vertex 80.16964862031593 25 -49.88891237283136
    endloop
  endfacet
  facet normal 0.9569403357322084 0 -0.290284677254464
    outer loop
      vertex 80.02179274798195 22 -48.38770650821586
      vertex 79.93074355135484 25 -48.6878554847742
      vertex 80.02179274798195 25 -48.38770650821586
    endloop
  endfacet
  facet normal 0.8819212643483673 0 -0.47139673682597494
    outer loop
      vertex 80.16964862031593 22 -48.11108762716864
      vertex 80.02179274798195 25 -48.38770650821586
      vertex 80.16964862031593 25 -48.11108762716864
    endloop
  endfacet
  facet normal 0.7730104533627271 0 -0.6343932841636575
    outer loop
      vertex 80.36862915010153 22 -47.868629150101526
      vertex 80.16964862031593 25 -48.11108762716864
      vertex 80.36862915010153 25 -47.868629150101526
    endloop
  endfacet
  facet normal 0.6343932841636464 0 -0.7730104533627362
    outer loop
      vertex 80.61108762716864 22 -47.669648620315925
      vertex 80.36862915010153 25 -47.868629150101526
      vertex 80.61108762716864 25 -47.669648620315925
    endloop
  endfacet
  facet normal 0.4713967368260019 0 -0.8819212643483527
    outer loop
      vertex 80.88770650821586 22 -47.52179274798194
      vertex 80.61108762716864 25 -47.669648620315925
      vertex 80.88770650821586 25 -47.52179274798194
    endloop
  endfacet
  facet normal 0.29028467725447027 0 -0.9569403357322064
    outer loop
      vertex 81.18785548477419 22 -47.43074355135483
      vertex 80.88770650821586 25 -47.52179274798194
      vertex 81.18785548477419 25 -47.43074355135483
    endloop
  endfacet
  facet normal 0.09801714032955908 0 -0.995184726672197
    outer loop
      vertex 81.5 22 -47.4
      vertex 81.18785548477419 25 -47.43074355135483
      vertex 81.5 25 -47.4
    endloop
  endfacet
  facet normal -0.6343932841636464 0 0.7730104533627362
    outer loop
      vertex 82.38891237283136 22 -50.330351379684075
      vertex 82.63137084989847 25 -50.131370849898474
      vertex 82.38891237283136 25 -50.330351379684075
    endloop
  endfacet
  facet normal -0.7730104533627271 0 0.6343932841636575
    outer loop
      vertex 82.63137084989847 22 -50.131370849898474
      vertex 82.83035137968407 25 -49.88891237283136
      vertex 82.63137084989847 25 -50.131370849898474
    endloop
  endfacet
  facet normal -0.8819212643483673 0 0.47139673682597494
    outer loop
      vertex 82.83035137968407 22 -49.88891237283136
      vertex 82.97820725201805 25 -49.61229349178414
      vertex 82.83035137968407 25 -49.88891237283136
    endloop
  endfacet
  facet normal -0.9569403357322084 0 0.290284677254464
    outer loop
      vertex 82.97820725201805 22 -49.61229349178414
      vertex 83.06925644864516 25 -49.3121445152258
      vertex 82.97820725201805 25 -49.61229349178414
    endloop
  endfacet
  facet normal -0.9951847266721968 0 0.09801714032956128
    outer loop
      vertex 83.06925644864516 22 -49.3121445152258
      vertex 83.1 25 -49
      vertex 83.06925644864516 25 -49.3121445152258
    endloop
  endfacet
  facet normal -0.9951847266721968 0 -0.09801714032956128
    outer loop
      vertex 83.1 22 -49
      vertex 83.06925644864516 25 -48.6878554847742
      vertex 83.1 25 -49
    endloop
  endfacet
  facet normal -0.9569403357322084 0 -0.290284677254464
    outer loop
      vertex 83.06925644864516 22 -48.6878554847742
      vertex 82.97820725201805 25 -48.38770650821586
      vertex 83.06925644864516 25 -48.6878554847742
    endloop
  endfacet
  facet normal -0.8819212643483673 0 -0.47139673682597494
    outer loop
      vertex 82.97820725201805 22 -48.38770650821586
      vertex 82.83035137968407 25 -48.11108762716864
      vertex 82.97820725201805 25 -48.38770650821586
    endloop
  endfacet
  facet normal -0.4713967368260019 0 -0.8819212643483527
    outer loop
      vertex 82.38891237283136 22 -47.669648620315925
      vertex 82.11229349178414 25 -47.52179274798194
      vertex 82.38891237283136 25 -47.669648620315925
    endloop
  endfacet
  facet normal -0.6343932841636464 0 -0.7730104533627362
    outer loop
      vertex 82.63137084989847 22 -47.868629150101526
      vertex 82.38891237283136 25 -47.669648620315925
      vertex 82.63137084989847 25 -47.868629150101526
    endloop
  endfacet
  facet normal -0.7730104533627271 0 -0.6343932841636575
    outer loop
      vertex 82.83035137968407 22 -48.11108762716864
      vertex 82.63137084989847 25 -47.868629150101526
      vertex 82.83035137968407 25 -48.11108762716864
    endloop
  endfacet
  facet normal -0.09801714032955908 0 -0.995184726672197
    outer loop
      vertex 81.81214451522581 22 -47.43074355135483
      vertex 81.5 25 -47.4
      vertex 81.81214451522581 25 -47.43074355135483
    endloop
  endfacet
  facet normal -0.29028467725447027 0 -0.9569403357322064
    outer loop
      vertex 82.11229349178414 22 -47.52179274798194
      vertex 81.81214451522581 25 -47.43074355135483
      vertex 82.11229349178414 25 -47.52179274798194
    endloop
  endfacet
  facet normal 0.8819212643483673 0 0.47139673682597494
    outer loop
      vertex 80.16964862031593 22 48.11108762716864
      vertex 80.16964862031593 25 48.11108762716864
      vertex 80.02179274798195 22 48.38770650821586
    endloop
  endfacet
  facet normal 0.9569403357322084 0 0.290284677254464
    outer loop
      vertex 80.02179274798195 22 48.38770650821586
      vertex 80.02179274798195 25 48.38770650821586
      vertex 79.93074355135484 22 48.6878554847742
    endloop
  endfacet
  facet normal 0.4713967368260019 -1.579706661869491e-18 0.8819212643483527
    outer loop
      vertex 80.61108762716864 22 47.669648620315925
      vertex 80.88770650821586 22 47.52179274798194
      vertex 80.88770650821586 25 47.52179274798194
    endloop
  endfacet
  facet normal 0.29028467725447027 7.744269271429462e-19 0.9569403357322064
    outer loop
      vertex 80.88770650821586 22 47.52179274798194
      vertex 81.18785548477419 22 47.43074355135483
      vertex 81.18785548477419 25 47.43074355135483
    endloop
  endfacet
  facet normal 0.09801714032955908 -1.3421078132189553e-19 0.995184726672197
    outer loop
      vertex 81.18785548477419 22 47.43074355135483
      vertex 81.5 22 47.4
      vertex 81.5 25 47.4
    endloop
  endfacet
  facet normal 0.7730104533627271 0 0.6343932841636575
    outer loop
      vertex 80.36862915010153 22 47.868629150101526
      vertex 80.36862915010153 25 47.868629150101526
      vertex 80.16964862031593 22 48.11108762716864
    endloop
  endfacet
  facet normal 0.6343932841636464 1.3209407464228927e-18 0.7730104533627362
    outer loop
      vertex 80.36862915010153 22 47.868629150101526
      vertex 80.61108762716864 22 47.669648620315925
      vertex 80.61108762716864 25 47.669648620315925
    endloop
  endfacet
  facet normal 0.9951847266721968 0 0.09801714032956128
    outer loop
      vertex 79.93074355135484 22 48.6878554847742
      vertex 79.93074355135484 25 48.6878554847742
      vertex 79.9 22 49
    endloop
  endfacet
  facet normal 0.9951847266721968 0 -0.09801714032956128
    outer loop
      vertex 79.9 22 49
      vertex 79.9 25 49
      vertex 79.93074355135484 22 49.3121445152258
    endloop
  endfacet
  facet normal 0.9569403357322084 0 -0.290284677254464
    outer loop
      vertex 79.93074355135484 22 49.3121445152258
      vertex 79.93074355135484 25 49.3121445152258
      vertex 80.02179274798195 22 49.61229349178414
    endloop
  endfacet
  facet normal 0.8819212643483673 0 -0.47139673682597494
    outer loop
      vertex 80.02179274798195 22 49.61229349178414
      vertex 80.02179274798195 25 49.61229349178414
      vertex 80.16964862031593 22 49.88891237283136
    endloop
  endfacet
  facet normal 0.7730104533627271 0 -0.6343932841636575
    outer loop
      vertex 80.16964862031593 22 49.88891237283136
      vertex 80.16964862031593 25 49.88891237283136
      vertex 80.36862915010153 22 50.131370849898474
    endloop
  endfacet
  facet normal 0.6343932841636464 0 -0.7730104533627362
    outer loop
      vertex 80.36862915010153 22 50.131370849898474
      vertex 80.36862915010153 25 50.131370849898474
      vertex 80.61108762716864 22 50.330351379684075
    endloop
  endfacet
  facet normal -0.09801714032955908 1.3421078132189553e-19 0.995184726672197
    outer loop
      vertex 81.5 22 47.4
      vertex 81.81214451522581 22 47.43074355135483
      vertex 81.81214451522581 25 47.43074355135483
    endloop
  endfacet
  facet normal -0.29028467725447027 -7.744269271429462e-19 0.9569403357322064
    outer loop
      vertex 81.81214451522581 22 47.43074355135483
      vertex 82.11229349178414 22 47.52179274798194
      vertex 82.11229349178414 25 47.52179274798194
    endloop
  endfacet
  facet normal -0.4713967368260019 1.579706661869491e-18 0.8819212643483527
    outer loop
      vertex 82.11229349178414 22 47.52179274798194
      vertex 82.38891237283136 22 47.669648620315925
      vertex 82.38891237283136 25 47.669648620315925
    endloop
  endfacet
  facet normal -0.6343932841636464 -1.3209407464228927e-18 0.7730104533627362
    outer loop
      vertex 82.38891237283136 22 47.669648620315925
      vertex 82.63137084989847 22 47.868629150101526
      vertex 82.63137084989847 25 47.868629150101526
    endloop
  endfacet
  facet normal -0.7730104533627271 0 0.6343932841636575
    outer loop
      vertex 82.83035137968407 22 48.11108762716864
      vertex 82.83035137968407 25 48.11108762716864
      vertex 82.63137084989847 22 47.868629150101526
    endloop
  endfacet
  facet normal -0.8819212643483673 0 0.47139673682597494
    outer loop
      vertex 82.97820725201805 22 48.38770650821586
      vertex 82.97820725201805 25 48.38770650821586
      vertex 82.83035137968407 22 48.11108762716864
    endloop
  endfacet
  facet normal -0.8819212643483673 0 -0.47139673682597494
    outer loop
      vertex 82.83035137968407 22 49.88891237283136
      vertex 82.83035137968407 25 49.88891237283136
      vertex 82.97820725201805 22 49.61229349178414
    endloop
  endfacet
  facet normal -0.6343932841636464 1.3209407464228927e-18 -0.7730104533627362
    outer loop
      vertex 82.63137084989847 22 50.131370849898474
      vertex 82.38891237283136 22 50.330351379684075
      vertex 82.38891237283136 25 50.330351379684075
    endloop
  endfacet
  facet normal -0.7730104533627271 0 -0.6343932841636575
    outer loop
      vertex 82.63137084989847 22 50.131370849898474
      vertex 82.63137084989847 25 50.131370849898474
      vertex 82.83035137968407 22 49.88891237283136
    endloop
  endfacet
  facet normal -0.9569403357322084 0 0.290284677254464
    outer loop
      vertex 83.06925644864516 22 48.6878554847742
      vertex 83.06925644864516 25 48.6878554847742
      vertex 82.97820725201805 22 48.38770650821586
    endloop
  endfacet
  facet normal -0.9951847266721968 0 0.09801714032956128
    outer loop
      vertex 83.1 22 49
      vertex 83.1 25 49
      vertex 83.06925644864516 22 48.6878554847742
    endloop
  endfacet
  facet normal -0.9951847266721968 0 -0.09801714032956128
    outer loop
      vertex 83.06925644864516 22 49.3121445152258
      vertex 83.06925644864516 25 49.3121445152258
      vertex 83.1 22 49
    endloop
  endfacet
  facet normal -0.9569403357322084 0 -0.290284677254464
    outer loop
      vertex 82.97820725201805 22 49.61229349178414
      vertex 82.97820725201805 25 49.61229349178414
      vertex 83.06925644864516 22 49.3121445152258
    endloop
  endfacet
  facet normal 0.4713967368260019 1.579706661869491e-18 -0.8819212643483527
    outer loop
      vertex 80.88770650821586 22 50.47820725201806
      vertex 80.61108762716864 22 50.330351379684075
      vertex 80.61108762716864 25 50.330351379684075
    endloop
  endfacet
  facet normal 0.29028467725447027 -7.744269271429462e-19 -0.9569403357322064
    outer loop
      vertex 81.18785548477419 22 50.56925644864517
      vertex 80.88770650821586 22 50.47820725201806
      vertex 80.88770650821586 25 50.47820725201806
    endloop
  endfacet
  facet normal 0.09801714032955908 1.3421078132189553e-19 -0.995184726672197
    outer loop
      vertex 81.5 22 50.6
      vertex 81.18785548477419 22 50.56925644864517
      vertex 81.18785548477419 25 50.56925644864517
    endloop
  endfacet
  facet normal -0.09801714032955908 -1.3421078132189553e-19 -0.995184726672197
    outer loop
      vertex 81.81214451522581 22 50.56925644864517
      vertex 81.5 22 50.6
      vertex 81.5 25 50.6
    endloop
  endfacet
  facet normal -0.29028467725447027 7.744269271429462e-19 -0.9569403357322064
    outer loop
      vertex 82.11229349178414 22 50.47820725201806
      vertex 81.81214451522581 22 50.56925644864517
      vertex 81.81214451522581 25 50.56925644864517
    endloop
  endfacet
  facet normal -0.4713967368260019 -1.579706661869491e-18 -0.8819212643483527
    outer loop
      vertex 82.38891237283136 22 50.330351379684075
      vertex 82.11229349178414 22 50.47820725201806
      vertex 82.11229349178414 25 50.47820725201806
    endloop
  endfacet
  facet normal 0.8819212643483673 0 0.47139673682597494
    outer loop
      vertex 80.02179274798195 22 48.38770650821586
      vertex 80.16964862031593 25 48.11108762716864
      vertex 80.02179274798195 25 48.38770650821586
    endloop
  endfacet
  facet normal 0.29028467725447027 0 0.9569403357322064
    outer loop
      vertex 80.88770650821586 22 47.52179274798194
      vertex 81.18785548477419 25 47.43074355135483
      vertex 80.88770650821586 25 47.52179274798194
    endloop
  endfacet
  facet normal 0.09801714032955908 0 0.995184726672197
    outer loop
      vertex 81.18785548477419 22 47.43074355135483
      vertex 81.5 25 47.4
      vertex 81.18785548477419 25 47.43074355135483
    endloop
  endfacet
  facet normal 0.6343932841636464 0 0.7730104533627362
    outer loop
      vertex 80.36862915010153 22 47.868629150101526
      vertex 80.61108762716864 25 47.669648620315925
      vertex 80.36862915010153 25 47.868629150101526
    endloop
  endfacet
  facet normal 0.7730104533627271 0 0.6343932841636575
    outer loop
      vertex 80.16964862031593 22 48.11108762716864
      vertex 80.36862915010153 25 47.868629150101526
      vertex 80.16964862031593 25 48.11108762716864
    endloop
  endfacet
  facet normal 0.4713967368260019 0 0.8819212643483527
    outer loop
      vertex 80.61108762716864 22 47.669648620315925
      vertex 80.88770650821586 25 47.52179274798194
      vertex 80.61108762716864 25 47.669648620315925
    endloop
  endfacet
  facet normal 0.9569403357322084 0 0.290284677254464
    outer loop
      vertex 79.93074355135484 22 48.6878554847742
      vertex 80.02179274798195 25 48.38770650821586
      vertex 79.93074355135484 25 48.6878554847742
    endloop
  endfacet
  facet normal 0.9951847266721968 0 0.09801714032956128
    outer loop
      vertex 79.9 22 49
      vertex 79.93074355135484 25 48.6878554847742
      vertex 79.9 25 49
    endloop
  endfacet
  facet normal 0.9951847266721968 0 -0.09801714032956128
    outer loop
      vertex 79.93074355135484 22 49.3121445152258
      vertex 79.9 25 49
      vertex 79.93074355135484 25 49.3121445152258
    endloop
  endfacet
  facet normal 0.9569403357322084 0 -0.290284677254464
    outer loop
      vertex 80.02179274798195 22 49.61229349178414
      vertex 79.93074355135484 25 49.3121445152258
      vertex 80.02179274798195 25 49.61229349178414
    endloop
  endfacet
  facet normal 0.8819212643483673 0 -0.47139673682597494
    outer loop
      vertex 80.16964862031593 22 49.88891237283136
      vertex 80.02179274798195 25 49.61229349178414
      vertex 80.16964862031593 25 49.88891237283136
    endloop
  endfacet
  facet normal 0.7730104533627271 0 -0.6343932841636575
    outer loop
      vertex 80.36862915010153 22 50.131370849898474
      vertex 80.16964862031593 25 49.88891237283136
      vertex 80.36862915010153 25 50.131370849898474
    endloop
  endfacet
  facet normal 0.6343932841636464 0 -0.7730104533627362
    outer loop
      vertex 80.61108762716864 22 50.330351379684075
      vertex 80.36862915010153 25 50.131370849898474
      vertex 80.61108762716864 25 50.330351379684075
    endloop
  endfacet
  facet normal -0.09801714032955908 0 0.995184726672197
    outer loop
      vertex 81.5 22 47.4
      vertex 81.81214451522581 25 47.43074355135483
      vertex 81.5 25 47.4
    endloop
  endfacet
  facet normal -0.29028467725447027 0 0.9569403357322064
    outer loop
      vertex 81.81214451522581 22 47.43074355135483
      vertex 82.11229349178414 25 47.52179274798194
      vertex 81.81214451522581 25 47.43074355135483
    endloop
  endfacet
  facet normal -0.4713967368260019 0 0.8819212643483527
    outer loop
      vertex 82.11229349178414 22 47.52179274798194
      vertex 82.38891237283136 25 47.669648620315925
      vertex 82.11229349178414 25 47.52179274798194
    endloop
  endfacet
  facet normal -0.6343932841636464 0 0.7730104533627362
    outer loop
      vertex 82.38891237283136 22 47.669648620315925
      vertex 82.63137084989847 25 47.868629150101526
      vertex 82.38891237283136 25 47.669648620315925
    endloop
  endfacet
  facet normal -0.7730104533627271 0 0.6343932841636575
    outer loop
      vertex 82.63137084989847 22 47.868629150101526
      vertex 82.83035137968407 25 48.11108762716864
      vertex 82.63137084989847 25 47.868629150101526
    endloop
  endfacet
  facet normal -0.8819212643483673 0 0.47139673682597494
    outer loop
      vertex 82.83035137968407 22 48.11108762716864
      vertex 82.97820725201805 25 48.38770650821586
      vertex 82.83035137968407 25 48.11108762716864
    endloop
  endfacet
  facet normal -0.9569403357322084 0 0.290284677254464
    outer loop
      vertex 82.97820725201805 22 48.38770650821586
      vertex 83.06925644864516 25 48.6878554847742
      vertex 82.97820725201805 25 48.38770650821586
    endloop
  endfacet
  facet normal -0.8819212643483673 0 -0.47139673682597494
    outer loop
      vertex 82.97820725201805 22 49.61229349178414
      vertex 82.83035137968407 25 49.88891237283136
      vertex 82.97820725201805 25 49.61229349178414
    endloop
  endfacet
  facet normal -0.6343932841636464 0 -0.7730104533627362
    outer loop
      vertex 82.63137084989847 22 50.131370849898474
      vertex 82.38891237283136 25 50.330351379684075
      vertex 82.63137084989847 25 50.131370849898474
    endloop
  endfacet
  facet normal -0.7730104533627271 0 -0.6343932841636575
    outer loop
      vertex 82.83035137968407 22 49.88891237283136
      vertex 82.63137084989847 25 50.131370849898474
      vertex 82.83035137968407 25 49.88891237283136
    endloop
  endfacet
  facet normal -0.9951847266721968 0 0.09801714032956128
    outer loop
      vertex 83.06925644864516 22 48.6878554847742
      vertex 83.1 25 49
      vertex 83.06925644864516 25 48.6878554847742
    endloop
  endfacet
  facet normal -0.9951847266721968 0 -0.09801714032956128
    outer loop
      vertex 83.1 22 49
      vertex 83.06925644864516 25 49.3121445152258
      vertex 83.1 25 49
    endloop
  endfacet
  facet normal -0.9569403357322084 0 -0.290284677254464
    outer loop
      vertex 83.06925644864516 22 49.3121445152258
      vertex 82.97820725201805 25 49.61229349178414
      vertex 83.06925644864516 25 49.3121445152258
    endloop
  endfacet
  facet normal 0.4713967368260019 0 -0.8819212643483527
    outer loop
      vertex 80.88770650821586 22 50.47820725201806
      vertex 80.61108762716864 25 50.330351379684075
      vertex 80.88770650821586 25 50.47820725201806
    endloop
  endfacet
  facet normal 0.29028467725447027 0 -0.9569403357322064
    outer loop
      vertex 81.18785548477419 22 50.56925644864517
      vertex 80.88770650821586 25 50.47820725201806
      vertex 81.18785548477419 25 50.56925644864517
    endloop
  endfacet
  facet normal 0.09801714032955908 0 -0.995184726672197
    outer loop
      vertex 81.5 22 50.6
      vertex 81.18785548477419 25 50.56925644864517
      vertex 81.5 25 50.6
    endloop
  endfacet
  facet normal -0.09801714032955908 0 -0.995184726672197
    outer loop
      vertex 81.81214451522581 22 50.56925644864517
      vertex 81.5 25 50.6
      vertex 81.81214451522581 25 50.56925644864517
    endloop
  endfacet
  facet normal -0.29028467725447027 0 -0.9569403357322064
    outer loop
      vertex 82.11229349178414 22 50.47820725201806
      vertex 81.81214451522581 25 50.56925644864517
      vertex 82.11229349178414 25 50.47820725201806
    endloop
  endfacet
  facet normal -0.4713967368260019 0 -0.8819212643483527
    outer loop
      vertex 82.38891237283136 22 50.330351379684075
      vertex 82.11229349178414 25 50.47820725201806
      vertex 82.38891237283136 25 50.330351379684075
    endloop
  endfacet
  facet normal 0.09801714032956017 0 0.9951847266721969
    outer loop
      vertex -20 25 -21.6
      vertex -20.312144515225807 22 -21.56925644864517
      vertex -20 22 -21.6
    endloop
  endfacet
  facet normal -0.09801714032956017 0 0.9951847266721969
    outer loop
      vertex -19.687855484774193 25 -21.56925644864517
      vertex -20 22 -21.6
      vertex -19.687855484774193 22 -21.56925644864517
    endloop
  endfacet
  facet normal 0.7730104533627428 2.4677210953142723e-18 0.6343932841636385
    outer loop
      vertex -21.33035137968407 22 -20.888912372831363
      vertex -21.131370849898477 22 -21.131370849898477
      vertex -21.131370849898477 25 -21.131370849898477
    endloop
  endfacet
  facet normal 0.8819212643483532 0 0.47139673682600136
    outer loop
      vertex -21.33035137968407 25 -20.888912372831363
      vertex -21.47820725201806 22 -20.612293491784143
      vertex -21.33035137968407 22 -20.888912372831363
    endloop
  endfacet
  facet normal 0.9569403357322075 0 0.29028467725446716
    outer loop
      vertex -21.47820725201806 25 -20.612293491784143
      vertex -21.56925644864517 22 -20.312144515225807
      vertex -21.47820725201806 22 -20.612293491784143
    endloop
  endfacet
  facet normal 0.9951847266721969 0 0.09801714032956017
    outer loop
      vertex -21.56925644864517 25 -20.312144515225807
      vertex -21.6 22 -20
      vertex -21.56925644864517 22 -20.312144515225807
    endloop
  endfacet
  facet normal 0.9951847266721969 0 -0.09801714032956017
    outer loop
      vertex -21.6 25 -20
      vertex -21.56925644864517 22 -19.687855484774193
      vertex -21.6 22 -20
    endloop
  endfacet
  facet normal 0.6343932841636385 0 0.7730104533627428
    outer loop
      vertex -20.888912372831363 25 -21.33035137968407
      vertex -21.131370849898477 22 -21.131370849898477
      vertex -20.888912372831363 22 -21.33035137968407
    endloop
  endfacet
  facet normal 0.47139673682600136 0 0.8819212643483532
    outer loop
      vertex -20.612293491784143 25 -21.47820725201806
      vertex -20.888912372831363 22 -21.33035137968407
      vertex -20.612293491784143 22 -21.47820725201806
    endloop
  endfacet
  facet normal 0.29028467725446716 0 0.9569403357322075
    outer loop
      vertex -20.312144515225807 25 -21.56925644864517
      vertex -20.612293491784143 22 -21.47820725201806
      vertex -20.312144515225807 22 -21.56925644864517
    endloop
  endfacet
  facet normal 0.9569403357322075 0 -0.29028467725446716
    outer loop
      vertex -21.56925644864517 25 -19.687855484774193
      vertex -21.47820725201806 22 -19.387706508215857
      vertex -21.56925644864517 22 -19.687855484774193
    endloop
  endfacet
  facet normal 0.8819212643483532 0 -0.47139673682600136
    outer loop
      vertex -21.47820725201806 25 -19.387706508215857
      vertex -21.33035137968407 22 -19.111087627168637
      vertex -21.47820725201806 22 -19.387706508215857
    endloop
  endfacet
  facet normal 0.7730104533627428 0 -0.6343932841636385
    outer loop
      vertex -21.33035137968407 25 -19.111087627168637
      vertex -21.131370849898477 22 -18.868629150101523
      vertex -21.33035137968407 22 -19.111087627168637
    endloop
  endfacet
  facet normal 0.6343932841636385 0 -0.7730104533627428
    outer loop
      vertex -21.131370849898477 22 -18.868629150101523
      vertex -21.131370849898477 25 -18.868629150101523
      vertex -20.888912372831363 22 -18.66964862031593
    endloop
  endfacet
  facet normal 0.47139673682600136 0 -0.8819212643483532
    outer loop
      vertex -20.888912372831363 25 -18.66964862031593
      vertex -20.612293491784143 22 -18.52179274798194
      vertex -20.888912372831363 22 -18.66964862031593
    endloop
  endfacet
  facet normal 0.29028467725446716 0 -0.9569403357322075
    outer loop
      vertex -20.612293491784143 25 -18.52179274798194
      vertex -20.312144515225807 22 -18.43074355135483
      vertex -20.612293491784143 22 -18.52179274798194
    endloop
  endfacet
  facet normal 0.09801714032956017 0 -0.9951847266721969
    outer loop
      vertex -20.312144515225807 25 -18.43074355135483
      vertex -20 22 -18.4
      vertex -20.312144515225807 22 -18.43074355135483
    endloop
  endfacet
  facet normal -0.09801714032956017 0 -0.9951847266721969
    outer loop
      vertex -20 25 -18.4
      vertex -19.687855484774193 22 -18.43074355135483
      vertex -20 22 -18.4
    endloop
  endfacet
  facet normal -0.29028467725446716 0 0.9569403357322075
    outer loop
      vertex -19.387706508215857 25 -21.47820725201806
      vertex -19.687855484774193 22 -21.56925644864517
      vertex -19.387706508215857 22 -21.47820725201806
    endloop
  endfacet
  facet normal -0.47139673682600136 0 0.8819212643483532
    outer loop
      vertex -19.111087627168637 25 -21.33035137968407
      vertex -19.387706508215857 22 -21.47820725201806
      vertex -19.111087627168637 22 -21.33035137968407
    endloop
  endfacet
  facet normal -0.6343932841636385 0 0.7730104533627428
    outer loop
      vertex -18.868629150101523 25 -21.131370849898477
      vertex -19.111087627168637 22 -21.33035137968407
      vertex -18.868629150101523 22 -21.131370849898477
    endloop
  endfacet
  facet normal -0.7730104533627428 0 0.6343932841636385
    outer loop
      vertex -18.66964862031593 25 -20.888912372831363
      vertex -18.868629150101523 22 -21.131370849898477
      vertex -18.66964862031593 22 -20.888912372831363
    endloop
  endfacet
  facet normal -0.8819212643483532 0 0.47139673682600136
    outer loop
      vertex -18.52179274798194 25 -20.612293491784143
      vertex -18.66964862031593 22 -20.888912372831363
      vertex -18.52179274798194 22 -20.612293491784143
    endloop
  endfacet
  facet normal -0.9569403357322075 0 0.29028467725446716
    outer loop
      vertex -18.43074355135483 25 -20.312144515225807
      vertex -18.52179274798194 22 -20.612293491784143
      vertex -18.43074355135483 22 -20.312144515225807
    endloop
  endfacet
  facet normal -0.9951847266721969 0 0.09801714032956017
    outer loop
      vertex -18.4 25 -20
      vertex -18.43074355135483 22 -20.312144515225807
      vertex -18.4 22 -20
    endloop
  endfacet
  facet normal -0.9951847266721969 0 -0.09801714032956017
    outer loop
      vertex -18.43074355135483 25 -19.687855484774193
      vertex -18.4 22 -20
      vertex -18.43074355135483 22 -19.687855484774193
    endloop
  endfacet
  facet normal -0.9569403357322075 0 -0.29028467725446716
    outer loop
      vertex -18.52179274798194 25 -19.387706508215857
      vertex -18.43074355135483 22 -19.687855484774193
      vertex -18.52179274798194 22 -19.387706508215857
    endloop
  endfacet
  facet normal -0.7730104533627428 0 -0.6343932841636385
    outer loop
      vertex -18.868629150101523 25 -18.868629150101523
      vertex -18.66964862031593 22 -19.111087627168637
      vertex -18.868629150101523 22 -18.868629150101523
    endloop
  endfacet
  facet normal -0.8819212643483532 0 -0.47139673682600136
    outer loop
      vertex -18.66964862031593 25 -19.111087627168637
      vertex -18.52179274798194 22 -19.387706508215857
      vertex -18.66964862031593 22 -19.111087627168637
    endloop
  endfacet
  facet normal -0.29028467725446716 0 -0.9569403357322075
    outer loop
      vertex -19.687855484774193 25 -18.43074355135483
      vertex -19.387706508215857 22 -18.52179274798194
      vertex -19.687855484774193 22 -18.43074355135483
    endloop
  endfacet
  facet normal -0.6343932841636385 0 -0.7730104533627428
    outer loop
      vertex -19.111087627168637 25 -18.66964862031593
      vertex -18.868629150101523 22 -18.868629150101523
      vertex -19.111087627168637 22 -18.66964862031593
    endloop
  endfacet
  facet normal -0.47139673682600136 0 -0.8819212643483532
    outer loop
      vertex -19.387706508215857 25 -18.52179274798194
      vertex -19.111087627168637 22 -18.66964862031593
      vertex -19.387706508215857 22 -18.52179274798194
    endloop
  endfacet
  facet normal 0.09801714032956017 -2.028037517143731e-19 0.9951847266721969
    outer loop
      vertex -20 25 -21.6
      vertex -20.312144515225807 25 -21.56925644864517
      vertex -20.312144515225807 22 -21.56925644864517
    endloop
  endfacet
  facet normal -0.09801714032956017 2.028037517143731e-19 0.9951847266721969
    outer loop
      vertex -19.687855484774193 25 -21.56925644864517
      vertex -20 25 -21.6
      vertex -20 22 -21.6
    endloop
  endfacet
  facet normal 0.7730104533627428 0 0.6343932841636385
    outer loop
      vertex -21.33035137968407 25 -20.888912372831363
      vertex -21.33035137968407 22 -20.888912372831363
      vertex -21.131370849898477 25 -21.131370849898477
    endloop
  endfacet
  facet normal 0.8819212643483532 0 0.47139673682600136
    outer loop
      vertex -21.47820725201806 25 -20.612293491784143
      vertex -21.47820725201806 22 -20.612293491784143
      vertex -21.33035137968407 25 -20.888912372831363
    endloop
  endfacet
  facet normal 0.9569403357322075 0 0.29028467725446716
    outer loop
      vertex -21.56925644864517 25 -20.312144515225807
      vertex -21.56925644864517 22 -20.312144515225807
      vertex -21.47820725201806 25 -20.612293491784143
    endloop
  endfacet
  facet normal 0.9951847266721969 0 0.09801714032956017
    outer loop
      vertex -21.6 25 -20
      vertex -21.6 22 -20
      vertex -21.56925644864517 25 -20.312144515225807
    endloop
  endfacet
  facet normal 0.9951847266721969 0 -0.09801714032956017
    outer loop
      vertex -21.56925644864517 25 -19.687855484774193
      vertex -21.56925644864517 22 -19.687855484774193
      vertex -21.6 25 -20
    endloop
  endfacet
  facet normal 0.47139673682600136 -1.825123910244892e-18 0.8819212643483532
    outer loop
      vertex -20.612293491784143 25 -21.47820725201806
      vertex -20.888912372831363 25 -21.33035137968407
      vertex -20.888912372831363 22 -21.33035137968407
    endloop
  endfacet
  facet normal 0.6343932841636385 2.4677210953142723e-18 0.7730104533627428
    outer loop
      vertex -20.888912372831363 25 -21.33035137968407
      vertex -21.131370849898477 25 -21.131370849898477
      vertex -21.131370849898477 22 -21.131370849898477
    endloop
  endfacet
  facet normal 0.29028467725446716 -8.974991320504869e-20 0.9569403357322075
    outer loop
      vertex -20.312144515225807 25 -21.56925644864517
      vertex -20.612293491784143 25 -21.47820725201806
      vertex -20.612293491784143 22 -21.47820725201806
    endloop
  endfacet
  facet normal 0.9569403357322075 0 -0.29028467725446716
    outer loop
      vertex -21.47820725201806 25 -19.387706508215857
      vertex -21.47820725201806 22 -19.387706508215857
      vertex -21.56925644864517 25 -19.687855484774193
    endloop
  endfacet
  facet normal 0.8819212643483532 0 -0.47139673682600136
    outer loop
      vertex -21.33035137968407 25 -19.111087627168637
      vertex -21.33035137968407 22 -19.111087627168637
      vertex -21.47820725201806 25 -19.387706508215857
    endloop
  endfacet
  facet normal 0.7730104533627428 0 -0.6343932841636385
    outer loop
      vertex -21.131370849898477 25 -18.868629150101523
      vertex -21.131370849898477 22 -18.868629150101523
      vertex -21.33035137968407 25 -19.111087627168637
    endloop
  endfacet
  facet normal 0.6343932841636385 -2.4677210953142723e-18 -0.7730104533627428
    outer loop
      vertex -21.131370849898477 25 -18.868629150101523
      vertex -20.888912372831363 25 -18.66964862031593
      vertex -20.888912372831363 22 -18.66964862031593
    endloop
  endfacet
  facet normal 0.47139673682600136 1.825123910244892e-18 -0.8819212643483532
    outer loop
      vertex -20.888912372831363 25 -18.66964862031593
      vertex -20.612293491784143 25 -18.52179274798194
      vertex -20.612293491784143 22 -18.52179274798194
    endloop
  endfacet
  facet normal 0.29028467725446716 8.974991320504869e-20 -0.9569403357322075
    outer loop
      vertex -20.612293491784143 25 -18.52179274798194
      vertex -20.312144515225807 25 -18.43074355135483
      vertex -20.312144515225807 22 -18.43074355135483
    endloop
  endfacet
  facet normal -0.09801714032956017 -2.028037517143731e-19 -0.9951847266721969
    outer loop
      vertex -20 25 -18.4
      vertex -19.687855484774193 25 -18.43074355135483
      vertex -19.687855484774193 22 -18.43074355135483
    endloop
  endfacet
  facet normal 0.09801714032956017 2.028037517143731e-19 -0.9951847266721969
    outer loop
      vertex -20.312144515225807 25 -18.43074355135483
      vertex -20 25 -18.4
      vertex -20 22 -18.4
    endloop
  endfacet
  facet normal -0.29028467725446716 8.974991320504869e-20 0.9569403357322075
    outer loop
      vertex -19.387706508215857 25 -21.47820725201806
      vertex -19.687855484774193 25 -21.56925644864517
      vertex -19.687855484774193 22 -21.56925644864517
    endloop
  endfacet
  facet normal -0.47139673682600136 1.825123910244892e-18 0.8819212643483532
    outer loop
      vertex -19.111087627168637 25 -21.33035137968407
      vertex -19.387706508215857 25 -21.47820725201806
      vertex -19.387706508215857 22 -21.47820725201806
    endloop
  endfacet
  facet normal -0.6343932841636385 -2.4677210953142723e-18 0.7730104533627428
    outer loop
      vertex -18.868629150101523 25 -21.131370849898477
      vertex -19.111087627168637 25 -21.33035137968407
      vertex -19.111087627168637 22 -21.33035137968407
    endloop
  endfacet
  facet normal -0.7730104533627428 0 0.6343932841636385
    outer loop
      vertex -18.868629150101523 25 -21.131370849898477
      vertex -18.868629150101523 22 -21.131370849898477
      vertex -18.66964862031593 25 -20.888912372831363
    endloop
  endfacet
  facet normal -0.8819212643483532 0 0.47139673682600136
    outer loop
      vertex -18.66964862031593 25 -20.888912372831363
      vertex -18.66964862031593 22 -20.888912372831363
      vertex -18.52179274798194 25 -20.612293491784143
    endloop
  endfacet
  facet normal -0.9569403357322075 0 0.29028467725446716
    outer loop
      vertex -18.52179274798194 25 -20.612293491784143
      vertex -18.52179274798194 22 -20.612293491784143
      vertex -18.43074355135483 25 -20.312144515225807
    endloop
  endfacet
  facet normal -0.9951847266721969 0 0.09801714032956017
    outer loop
      vertex -18.43074355135483 25 -20.312144515225807
      vertex -18.43074355135483 22 -20.312144515225807
      vertex -18.4 25 -20
    endloop
  endfacet
  facet normal -0.9951847266721969 0 -0.09801714032956017
    outer loop
      vertex -18.4 25 -20
      vertex -18.4 22 -20
      vertex -18.43074355135483 25 -19.687855484774193
    endloop
  endfacet
  facet normal -0.9569403357322075 0 -0.29028467725446716
    outer loop
      vertex -18.43074355135483 25 -19.687855484774193
      vertex -18.43074355135483 22 -19.687855484774193
      vertex -18.52179274798194 25 -19.387706508215857
    endloop
  endfacet
  facet normal -0.7730104533627428 0 -0.6343932841636385
    outer loop
      vertex -18.66964862031593 25 -19.111087627168637
      vertex -18.66964862031593 22 -19.111087627168637
      vertex -18.868629150101523 25 -18.868629150101523
    endloop
  endfacet
  facet normal -0.8819212643483532 0 -0.47139673682600136
    outer loop
      vertex -18.52179274798194 25 -19.387706508215857
      vertex -18.52179274798194 22 -19.387706508215857
      vertex -18.66964862031593 25 -19.111087627168637
    endloop
  endfacet
  facet normal -0.29028467725446716 -8.974991320504869e-20 -0.9569403357322075
    outer loop
      vertex -19.687855484774193 25 -18.43074355135483
      vertex -19.387706508215857 25 -18.52179274798194
      vertex -19.387706508215857 22 -18.52179274798194
    endloop
  endfacet
  facet normal -0.47139673682600136 -1.825123910244892e-18 -0.8819212643483532
    outer loop
      vertex -19.387706508215857 25 -18.52179274798194
      vertex -19.111087627168637 25 -18.66964862031593
      vertex -19.111087627168637 22 -18.66964862031593
    endloop
  endfacet
  facet normal -0.6343932841636385 2.4677210953142723e-18 -0.7730104533627428
    outer loop
      vertex -19.111087627168637 25 -18.66964862031593
      vertex -18.868629150101523 25 -18.868629150101523
      vertex -18.868629150101523 22 -18.868629150101523
    endloop
  endfacet
  facet normal 0.7730104533627428 2.4677210953142723e-18 0.6343932841636385
    outer loop
      vertex -21.33035137968407 22 19.111087627168637
      vertex -21.131370849898477 22 18.868629150101523
      vertex -21.131370849898477 25 18.868629150101523
    endloop
  endfacet
  facet normal 0.8819212643483532 0 0.47139673682600136
    outer loop
      vertex -21.33035137968407 22 19.111087627168637
      vertex -21.33035137968407 25 19.111087627168637
      vertex -21.47820725201806 22 19.387706508215857
    endloop
  endfacet
  facet normal 0.9569403357322075 0 0.29028467725446716
    outer loop
      vertex -21.47820725201806 22 19.387706508215857
      vertex -21.47820725201806 25 19.387706508215857
      vertex -21.56925644864517 22 19.687855484774193
    endloop
  endfacet
  facet normal 0.6343932841636385 2.4677210953142723e-18 0.7730104533627428
    outer loop
      vertex -21.131370849898477 22 18.868629150101523
      vertex -20.888912372831363 22 18.66964862031593
      vertex -20.888912372831363 25 18.66964862031593
    endloop
  endfacet
  facet normal 0.47139673682600136 -1.825123910244892e-18 0.8819212643483532
    outer loop
      vertex -20.888912372831363 22 18.66964862031593
      vertex -20.612293491784143 22 18.52179274798194
      vertex -20.612293491784143 25 18.52179274798194
    endloop
  endfacet
  facet normal 0.29028467725446716 -8.974991320504869e-20 0.9569403357322075
    outer loop
      vertex -20.612293491784143 22 18.52179274798194
      vertex -20.312144515225807 22 18.43074355135483
      vertex -20.312144515225807 25 18.43074355135483
    endloop
  endfacet
  facet normal 0.09801714032956017 -2.028037517143731e-19 0.9951847266721969
    outer loop
      vertex -20.312144515225807 22 18.43074355135483
      vertex -20 22 18.4
      vertex -20 25 18.4
    endloop
  endfacet
  facet normal -0.09801714032956017 2.028037517143731e-19 0.9951847266721969
    outer loop
      vertex -20 22 18.4
      vertex -19.687855484774193 22 18.43074355135483
      vertex -19.687855484774193 25 18.43074355135483
    endloop
  endfacet
  facet normal 0.9951847266721969 0 0.09801714032956017
    outer loop
      vertex -21.56925644864517 22 19.687855484774193
      vertex -21.56925644864517 25 19.687855484774193
      vertex -21.6 22 20
    endloop
  endfacet
  facet normal 0.9951847266721969 0 -0.09801714032956017
    outer loop
      vertex -21.6 22 20
      vertex -21.6 25 20
      vertex -21.56925644864517 22 20.312144515225807
    endloop
  endfacet
  facet normal 0.9569403357322075 0 -0.29028467725446716
    outer loop
      vertex -21.56925644864517 22 20.312144515225807
      vertex -21.56925644864517 25 20.312144515225807
      vertex -21.47820725201806 22 20.612293491784143
    endloop
  endfacet
  facet normal 0.8819212643483532 0 -0.47139673682600136
    outer loop
      vertex -21.47820725201806 22 20.612293491784143
      vertex -21.47820725201806 25 20.612293491784143
      vertex -21.33035137968407 22 20.888912372831363
    endloop
  endfacet
  facet normal 0.7730104533627428 0 -0.6343932841636385
    outer loop
      vertex -21.33035137968407 22 20.888912372831363
      vertex -21.33035137968407 25 20.888912372831363
      vertex -21.131370849898477 22 21.131370849898477
    endloop
  endfacet
  facet normal 0.6343932841636385 0 -0.7730104533627428
    outer loop
      vertex -21.131370849898477 22 21.131370849898477
      vertex -21.131370849898477 25 21.131370849898477
      vertex -20.888912372831363 22 21.33035137968407
    endloop
  endfacet
  facet normal 0.47139673682600136 1.825123910244892e-18 -0.8819212643483532
    outer loop
      vertex -20.612293491784143 22 21.47820725201806
      vertex -20.888912372831363 22 21.33035137968407
      vertex -20.888912372831363 25 21.33035137968407
    endloop
  endfacet
  facet normal 0.29028467725446716 8.974991320504869e-20 -0.9569403357322075
    outer loop
      vertex -20.312144515225807 22 21.56925644864517
      vertex -20.612293491784143 22 21.47820725201806
      vertex -20.612293491784143 25 21.47820725201806
    endloop
  endfacet
  facet normal -0.29028467725446716 8.974991320504869e-20 0.9569403357322075
    outer loop
      vertex -19.687855484774193 22 18.43074355135483
      vertex -19.387706508215857 22 18.52179274798194
      vertex -19.387706508215857 25 18.52179274798194
    endloop
  endfacet
  facet normal -0.47139673682600136 1.825123910244892e-18 0.8819212643483532
    outer loop
      vertex -19.387706508215857 22 18.52179274798194
      vertex -19.111087627168637 22 18.66964862031593
      vertex -19.111087627168637 25 18.66964862031593
    endloop
  endfacet
  facet normal -0.6343932841636385 -2.4677210953142723e-18 0.7730104533627428
    outer loop
      vertex -19.111087627168637 22 18.66964862031593
      vertex -18.868629150101523 22 18.868629150101523
      vertex -18.868629150101523 25 18.868629150101523
    endloop
  endfacet
  facet normal -0.7730104533627428 0 0.6343932841636385
    outer loop
      vertex -18.66964862031593 22 19.111087627168637
      vertex -18.66964862031593 25 19.111087627168637
      vertex -18.868629150101523 22 18.868629150101523
    endloop
  endfacet
  facet normal -0.8819212643483532 0 0.47139673682600136
    outer loop
      vertex -18.52179274798194 22 19.387706508215857
      vertex -18.52179274798194 25 19.387706508215857
      vertex -18.66964862031593 22 19.111087627168637
    endloop
  endfacet
  facet normal -0.9569403357322075 0 0.29028467725446716
    outer loop
      vertex -18.43074355135483 22 19.687855484774193
      vertex -18.43074355135483 25 19.687855484774193
      vertex -18.52179274798194 22 19.387706508215857
    endloop
  endfacet
  facet normal -0.9951847266721969 0 0.09801714032956017
    outer loop
      vertex -18.4 22 20
      vertex -18.4 25 20
      vertex -18.43074355135483 22 19.687855484774193
    endloop
  endfacet
  facet normal -0.9951847266721969 0 -0.09801714032956017
    outer loop
      vertex -18.43074355135483 22 20.312144515225807
      vertex -18.43074355135483 25 20.312144515225807
      vertex -18.4 22 20
    endloop
  endfacet
  facet normal -0.9569403357322075 0 -0.29028467725446716
    outer loop
      vertex -18.52179274798194 22 20.612293491784143
      vertex -18.52179274798194 25 20.612293491784143
      vertex -18.43074355135483 22 20.312144515225807
    endloop
  endfacet
  facet normal -0.29028467725446716 -8.974991320504869e-20 -0.9569403357322075
    outer loop
      vertex -19.387706508215857 22 21.47820725201806
      vertex -19.687855484774193 22 21.56925644864517
      vertex -19.687855484774193 25 21.56925644864517
    endloop
  endfacet
  facet normal -0.6343932841636385 2.4677210953142723e-18 -0.7730104533627428
    outer loop
      vertex -18.868629150101523 22 21.131370849898477
      vertex -19.111087627168637 22 21.33035137968407
      vertex -19.111087627168637 25 21.33035137968407
    endloop
  endfacet
  facet normal -0.47139673682600136 -1.825123910244892e-18 -0.8819212643483532
    outer loop
      vertex -19.111087627168637 22 21.33035137968407
      vertex -19.387706508215857 22 21.47820725201806
      vertex -19.387706508215857 25 21.47820725201806
    endloop
  endfacet
  facet normal -0.7730104533627428 0 -0.6343932841636385
    outer loop
      vertex -18.868629150101523 22 21.131370849898477
      vertex -18.868629150101523 25 21.131370849898477
      vertex -18.66964862031593 22 20.888912372831363
    endloop
  endfacet
  facet normal -0.8819212643483532 0 -0.47139673682600136
    outer loop
      vertex -18.66964862031593 22 20.888912372831363
      vertex -18.66964862031593 25 20.888912372831363
      vertex -18.52179274798194 22 20.612293491784143
    endloop
  endfacet
  facet normal 0.09801714032956017 2.028037517143731e-19 -0.9951847266721969
    outer loop
      vertex -20 22 21.6
      vertex -20.312144515225807 22 21.56925644864517
      vertex -20.312144515225807 25 21.56925644864517
    endloop
  endfacet
  facet normal -0.09801714032956017 -2.028037517143731e-19 -0.9951847266721969
    outer loop
      vertex -19.687855484774193 22 21.56925644864517
      vertex -20 22 21.6
      vertex -20 25 21.6
    endloop
  endfacet
  facet normal 0.7730104533627428 0 0.6343932841636385
    outer loop
      vertex -21.33035137968407 22 19.111087627168637
      vertex -21.131370849898477 25 18.868629150101523
      vertex -21.33035137968407 25 19.111087627168637
    endloop
  endfacet
  facet normal 0.8819212643483532 0 0.47139673682600136
    outer loop
      vertex -21.47820725201806 22 19.387706508215857
      vertex -21.33035137968407 25 19.111087627168637
      vertex -21.47820725201806 25 19.387706508215857
    endloop
  endfacet
  facet normal 0.9569403357322075 0 0.29028467725446716
    outer loop
      vertex -21.56925644864517 22 19.687855484774193
      vertex -21.47820725201806 25 19.387706508215857
      vertex -21.56925644864517 25 19.687855484774193
    endloop
  endfacet
  facet normal 0.47139673682600136 0 0.8819212643483532
    outer loop
      vertex -20.888912372831363 22 18.66964862031593
      vertex -20.612293491784143 25 18.52179274798194
      vertex -20.888912372831363 25 18.66964862031593
    endloop
  endfacet
  facet normal 0.6343932841636385 0 0.7730104533627428
    outer loop
      vertex -21.131370849898477 22 18.868629150101523
      vertex -20.888912372831363 25 18.66964862031593
      vertex -21.131370849898477 25 18.868629150101523
    endloop
  endfacet
  facet normal 0.29028467725446716 0 0.9569403357322075
    outer loop
      vertex -20.612293491784143 22 18.52179274798194
      vertex -20.312144515225807 25 18.43074355135483
      vertex -20.612293491784143 25 18.52179274798194
    endloop
  endfacet
  facet normal -0.09801714032956017 0 0.9951847266721969
    outer loop
      vertex -20 22 18.4
      vertex -19.687855484774193 25 18.43074355135483
      vertex -20 25 18.4
    endloop
  endfacet
  facet normal 0.09801714032956017 0 0.9951847266721969
    outer loop
      vertex -20.312144515225807 22 18.43074355135483
      vertex -20 25 18.4
      vertex -20.312144515225807 25 18.43074355135483
    endloop
  endfacet
  facet normal 0.9951847266721969 0 0.09801714032956017
    outer loop
      vertex -21.6 22 20
      vertex -21.56925644864517 25 19.687855484774193
      vertex -21.6 25 20
    endloop
  endfacet
  facet normal 0.9951847266721969 0 -0.09801714032956017
    outer loop
      vertex -21.56925644864517 22 20.312144515225807
      vertex -21.6 25 20
      vertex -21.56925644864517 25 20.312144515225807
    endloop
  endfacet
  facet normal 0.9569403357322075 0 -0.29028467725446716
    outer loop
      vertex -21.47820725201806 22 20.612293491784143
      vertex -21.56925644864517 25 20.312144515225807
      vertex -21.47820725201806 25 20.612293491784143
    endloop
  endfacet
  facet normal 0.8819212643483532 0 -0.47139673682600136
    outer loop
      vertex -21.33035137968407 22 20.888912372831363
      vertex -21.47820725201806 25 20.612293491784143
      vertex -21.33035137968407 25 20.888912372831363
    endloop
  endfacet
  facet normal 0.7730104533627428 0 -0.6343932841636385
    outer loop
      vertex -21.131370849898477 22 21.131370849898477
      vertex -21.33035137968407 25 20.888912372831363
      vertex -21.131370849898477 25 21.131370849898477
    endloop
  endfacet
  facet normal 0.6343932841636385 0 -0.7730104533627428
    outer loop
      vertex -20.888912372831363 22 21.33035137968407
      vertex -21.131370849898477 25 21.131370849898477
      vertex -20.888912372831363 25 21.33035137968407
    endloop
  endfacet
  facet normal 0.47139673682600136 0 -0.8819212643483532
    outer loop
      vertex -20.612293491784143 22 21.47820725201806
      vertex -20.888912372831363 25 21.33035137968407
      vertex -20.612293491784143 25 21.47820725201806
    endloop
  endfacet
  facet normal 0.29028467725446716 0 -0.9569403357322075
    outer loop
      vertex -20.312144515225807 22 21.56925644864517
      vertex -20.612293491784143 25 21.47820725201806
      vertex -20.312144515225807 25 21.56925644864517
    endloop
  endfacet
  facet normal -0.29028467725446716 0 0.9569403357322075
    outer loop
      vertex -19.687855484774193 22 18.43074355135483
      vertex -19.387706508215857 25 18.52179274798194
      vertex -19.687855484774193 25 18.43074355135483
    endloop
  endfacet
  facet normal -0.47139673682600136 0 0.8819212643483532
    outer loop
      vertex -19.387706508215857 22 18.52179274798194
      vertex -19.111087627168637 25 18.66964862031593
      vertex -19.387706508215857 25 18.52179274798194
    endloop
  endfacet
  facet normal -0.6343932841636385 0 0.7730104533627428
    outer loop
      vertex -19.111087627168637 22 18.66964862031593
      vertex -18.868629150101523 25 18.868629150101523
      vertex -19.111087627168637 25 18.66964862031593
    endloop
  endfacet
  facet normal -0.7730104533627428 0 0.6343932841636385
    outer loop
      vertex -18.868629150101523 22 18.868629150101523
      vertex -18.66964862031593 25 19.111087627168637
      vertex -18.868629150101523 25 18.868629150101523
    endloop
  endfacet
  facet normal -0.8819212643483532 0 0.47139673682600136
    outer loop
      vertex -18.66964862031593 22 19.111087627168637
      vertex -18.52179274798194 25 19.387706508215857
      vertex -18.66964862031593 25 19.111087627168637
    endloop
  endfacet
  facet normal -0.9569403357322075 0 0.29028467725446716
    outer loop
      vertex -18.52179274798194 22 19.387706508215857
      vertex -18.43074355135483 25 19.687855484774193
      vertex -18.52179274798194 25 19.387706508215857
    endloop
  endfacet
  facet normal -0.9951847266721969 0 0.09801714032956017
    outer loop
      vertex -18.43074355135483 22 19.687855484774193
      vertex -18.4 25 20
      vertex -18.43074355135483 25 19.687855484774193
    endloop
  endfacet
  facet normal -0.9951847266721969 0 -0.09801714032956017
    outer loop
      vertex -18.4 22 20
      vertex -18.43074355135483 25 20.312144515225807
      vertex -18.4 25 20
    endloop
  endfacet
  facet normal -0.9569403357322075 0 -0.29028467725446716
    outer loop
      vertex -18.43074355135483 22 20.312144515225807
      vertex -18.52179274798194 25 20.612293491784143
      vertex -18.43074355135483 25 20.312144515225807
    endloop
  endfacet
  facet normal -0.29028467725446716 0 -0.9569403357322075
    outer loop
      vertex -19.387706508215857 22 21.47820725201806
      vertex -19.687855484774193 25 21.56925644864517
      vertex -19.387706508215857 25 21.47820725201806
    endloop
  endfacet
  facet normal -0.47139673682600136 0 -0.8819212643483532
    outer loop
      vertex -19.111087627168637 22 21.33035137968407
      vertex -19.387706508215857 25 21.47820725201806
      vertex -19.111087627168637 25 21.33035137968407
    endloop
  endfacet
  facet normal -0.7730104533627428 0 -0.6343932841636385
    outer loop
      vertex -18.66964862031593 22 20.888912372831363
      vertex -18.868629150101523 25 21.131370849898477
      vertex -18.66964862031593 25 20.888912372831363
    endloop
  endfacet
  facet normal -0.8819212643483532 0 -0.47139673682600136
    outer loop
      vertex -18.52179274798194 22 20.612293491784143
      vertex -18.66964862031593 25 20.888912372831363
      vertex -18.52179274798194 25 20.612293491784143
    endloop
  endfacet
  facet normal -0.6343932841636385 0 -0.7730104533627428
    outer loop
      vertex -18.868629150101523 22 21.131370849898477
      vertex -19.111087627168637 25 21.33035137968407
      vertex -18.868629150101523 25 21.131370849898477
    endloop
  endfacet
  facet normal 0.09801714032956017 0 -0.9951847266721969
    outer loop
      vertex -20 22 21.6
      vertex -20.312144515225807 25 21.56925644864517
      vertex -20 25 21.6
    endloop
  endfacet
  facet normal -0.09801714032956017 0 -0.9951847266721969
    outer loop
      vertex -19.687855484774193 22 21.56925644864517
      vertex -20 25 21.6
      vertex -19.687855484774193 25 21.56925644864517
    endloop
  endfacet
  facet normal 0.09801714032956017 0 0.9951847266721969
    outer loop
      vertex 20 25 -21.6
      vertex 19.687855484774193 22 -21.56925644864517
      vertex 20 22 -21.6
    endloop
  endfacet
  facet normal -0.09801714032956017 0 0.9951847266721969
    outer loop
      vertex 20.312144515225807 25 -21.56925644864517
      vertex 20 22 -21.6
      vertex 20.312144515225807 22 -21.56925644864517
    endloop
  endfacet
  facet normal 0.8819212643483532 0 0.47139673682600136
    outer loop
      vertex 18.66964862031593 25 -20.888912372831363
      vertex 18.52179274798194 22 -20.612293491784143
      vertex 18.66964862031593 22 -20.888912372831363
    endloop
  endfacet
  facet normal 0.7730104533627428 2.4677210953142723e-18 0.6343932841636385
    outer loop
      vertex 18.66964862031593 22 -20.888912372831363
      vertex 18.868629150101523 22 -21.131370849898477
      vertex 18.868629150101523 25 -21.131370849898477
    endloop
  endfacet
  facet normal 0.47139673682600136 0 0.8819212643483532
    outer loop
      vertex 19.387706508215857 25 -21.47820725201806
      vertex 19.111087627168637 22 -21.33035137968407
      vertex 19.387706508215857 22 -21.47820725201806
    endloop
  endfacet
  facet normal 0.6343932841636385 0 0.7730104533627428
    outer loop
      vertex 19.111087627168637 25 -21.33035137968407
      vertex 18.868629150101523 22 -21.131370849898477
      vertex 19.111087627168637 22 -21.33035137968407
    endloop
  endfacet
  facet normal 0.29028467725446716 0 0.9569403357322075
    outer loop
      vertex 19.687855484774193 25 -21.56925644864517
      vertex 19.387706508215857 22 -21.47820725201806
      vertex 19.687855484774193 22 -21.56925644864517
    endloop
  endfacet
  facet normal 0.9569403357322075 0 0.29028467725446716
    outer loop
      vertex 18.52179274798194 25 -20.612293491784143
      vertex 18.43074355135483 22 -20.312144515225807
      vertex 18.52179274798194 22 -20.612293491784143
    endloop
  endfacet
  facet normal 0.9951847266721969 0 0.09801714032956017
    outer loop
      vertex 18.43074355135483 25 -20.312144515225807
      vertex 18.4 22 -20
      vertex 18.43074355135483 22 -20.312144515225807
    endloop
  endfacet
  facet normal 0.9951847266721969 0 -0.09801714032956017
    outer loop
      vertex 18.4 25 -20
      vertex 18.43074355135483 22 -19.687855484774193
      vertex 18.4 22 -20
    endloop
  endfacet
  facet normal 0.9569403357322075 0 -0.29028467725446716
    outer loop
      vertex 18.43074355135483 25 -19.687855484774193
      vertex 18.52179274798194 22 -19.387706508215857
      vertex 18.43074355135483 22 -19.687855484774193
    endloop
  endfacet
  facet normal 0.8819212643483532 0 -0.47139673682600136
    outer loop
      vertex 18.52179274798194 25 -19.387706508215857
      vertex 18.66964862031593 22 -19.111087627168637
      vertex 18.52179274798194 22 -19.387706508215857
    endloop
  endfacet
  facet normal 0.7730104533627428 0 -0.6343932841636385
    outer loop
      vertex 18.66964862031593 25 -19.111087627168637
      vertex 18.868629150101523 22 -18.868629150101523
      vertex 18.66964862031593 22 -19.111087627168637
    endloop
  endfacet
  facet normal 0.6343932841636385 0 -0.7730104533627428
    outer loop
      vertex 18.868629150101523 22 -18.868629150101523
      vertex 18.868629150101523 25 -18.868629150101523
      vertex 19.111087627168637 22 -18.66964862031593
    endloop
  endfacet
  facet normal 0.47139673682600136 0 -0.8819212643483532
    outer loop
      vertex 19.111087627168637 25 -18.66964862031593
      vertex 19.387706508215857 22 -18.52179274798194
      vertex 19.111087627168637 22 -18.66964862031593
    endloop
  endfacet
  facet normal 0.29028467725446716 0 -0.9569403357322075
    outer loop
      vertex 19.387706508215857 25 -18.52179274798194
      vertex 19.687855484774193 22 -18.43074355135483
      vertex 19.387706508215857 22 -18.52179274798194
    endloop
  endfacet
  facet normal -0.29028467725446716 0 0.9569403357322075
    outer loop
      vertex 20.612293491784143 25 -21.47820725201806
      vertex 20.312144515225807 22 -21.56925644864517
      vertex 20.612293491784143 22 -21.47820725201806
    endloop
  endfacet
  facet normal -0.47139673682600136 0 0.8819212643483532
    outer loop
      vertex 20.888912372831363 25 -21.33035137968407
      vertex 20.612293491784143 22 -21.47820725201806
      vertex 20.888912372831363 22 -21.33035137968407
    endloop
  endfacet
  facet normal -0.6343932841636385 0 0.7730104533627428
    outer loop
      vertex 21.131370849898477 25 -21.131370849898477
      vertex 20.888912372831363 22 -21.33035137968407
      vertex 21.131370849898477 22 -21.131370849898477
    endloop
  endfacet
  facet normal -0.7730104533627428 0 0.6343932841636385
    outer loop
      vertex 21.33035137968407 25 -20.888912372831363
      vertex 21.131370849898477 22 -21.131370849898477
      vertex 21.33035137968407 22 -20.888912372831363
    endloop
  endfacet
  facet normal -0.8819212643483532 0 0.47139673682600136
    outer loop
      vertex 21.47820725201806 25 -20.612293491784143
      vertex 21.33035137968407 22 -20.888912372831363
      vertex 21.47820725201806 22 -20.612293491784143
    endloop
  endfacet
  facet normal -0.9569403357322075 0 0.29028467725446716
    outer loop
      vertex 21.56925644864517 25 -20.312144515225807
      vertex 21.47820725201806 22 -20.612293491784143
      vertex 21.56925644864517 22 -20.312144515225807
    endloop
  endfacet
  facet normal -0.9951847266721969 0 0.09801714032956017
    outer loop
      vertex 21.6 25 -20
      vertex 21.56925644864517 22 -20.312144515225807
      vertex 21.6 22 -20
    endloop
  endfacet
  facet normal -0.9951847266721969 0 -0.09801714032956017
    outer loop
      vertex 21.56925644864517 25 -19.687855484774193
      vertex 21.6 22 -20
      vertex 21.56925644864517 22 -19.687855484774193
    endloop
  endfacet
  facet normal 0.09801714032956017 0 -0.9951847266721969
    outer loop
      vertex 19.687855484774193 25 -18.43074355135483
      vertex 20 22 -18.4
      vertex 19.687855484774193 22 -18.43074355135483
    endloop
  endfacet
  facet normal -0.09801714032956017 0 -0.9951847266721969
    outer loop
      vertex 20 25 -18.4
      vertex 20.312144515225807 22 -18.43074355135483
      vertex 20 22 -18.4
    endloop
  endfacet
  facet normal -0.29028467725446716 0 -0.9569403357322075
    outer loop
      vertex 20.312144515225807 25 -18.43074355135483
      vertex 20.612293491784143 22 -18.52179274798194
      vertex 20.312144515225807 22 -18.43074355135483
    endloop
  endfacet
  facet normal -0.47139673682600136 0 -0.8819212643483532
    outer loop
      vertex 20.612293491784143 25 -18.52179274798194
      vertex 20.888912372831363 22 -18.66964862031593
      vertex 20.612293491784143 22 -18.52179274798194
    endloop
  endfacet
  facet normal -0.6343932841636385 0 -0.7730104533627428
    outer loop
      vertex 20.888912372831363 25 -18.66964862031593
      vertex 21.131370849898477 22 -18.868629150101523
      vertex 20.888912372831363 22 -18.66964862031593
    endloop
  endfacet
  facet normal -0.9569403357322075 0 -0.29028467725446716
    outer loop
      vertex 21.47820725201806 25 -19.387706508215857
      vertex 21.56925644864517 22 -19.687855484774193
      vertex 21.47820725201806 22 -19.387706508215857
    endloop
  endfacet
  facet normal -0.8819212643483532 0 -0.47139673682600136
    outer loop
      vertex 21.33035137968407 25 -19.111087627168637
      vertex 21.47820725201806 22 -19.387706508215857
      vertex 21.33035137968407 22 -19.111087627168637
    endloop
  endfacet
  facet normal -0.7730104533627428 0 -0.6343932841636385
    outer loop
      vertex 21.131370849898477 25 -18.868629150101523
      vertex 21.33035137968407 22 -19.111087627168637
      vertex 21.131370849898477 22 -18.868629150101523
    endloop
  endfacet
  facet normal 0.09801714032956017 -2.028037517143731e-19 0.9951847266721969
    outer loop
      vertex 20 25 -21.6
      vertex 19.687855484774193 25 -21.56925644864517
      vertex 19.687855484774193 22 -21.56925644864517
    endloop
  endfacet
  facet normal -0.09801714032956017 2.028037517143731e-19 0.9951847266721969
    outer loop
      vertex 20.312144515225807 25 -21.56925644864517
      vertex 20 25 -21.6
      vertex 20 22 -21.6
    endloop
  endfacet
  facet normal 0.6343932841636385 2.4677210953142723e-18 0.7730104533627428
    outer loop
      vertex 19.111087627168637 25 -21.33035137968407
      vertex 18.868629150101523 25 -21.131370849898477
      vertex 18.868629150101523 22 -21.131370849898477
    endloop
  endfacet
  facet normal 0.8819212643483532 0 0.47139673682600136
    outer loop
      vertex 18.52179274798194 25 -20.612293491784143
      vertex 18.52179274798194 22 -20.612293491784143
      vertex 18.66964862031593 25 -20.888912372831363
    endloop
  endfacet
  facet normal 0.7730104533627428 0 0.6343932841636385
    outer loop
      vertex 18.66964862031593 25 -20.888912372831363
      vertex 18.66964862031593 22 -20.888912372831363
      vertex 18.868629150101523 25 -21.131370849898477
    endloop
  endfacet
  facet normal 0.47139673682600136 -1.825123910244892e-18 0.8819212643483532
    outer loop
      vertex 19.387706508215857 25 -21.47820725201806
      vertex 19.111087627168637 25 -21.33035137968407
      vertex 19.111087627168637 22 -21.33035137968407
    endloop
  endfacet
  facet normal 0.29028467725446716 -8.974991320504869e-20 0.9569403357322075
    outer loop
      vertex 19.687855484774193 25 -21.56925644864517
      vertex 19.387706508215857 25 -21.47820725201806
      vertex 19.387706508215857 22 -21.47820725201806
    endloop
  endfacet
  facet normal 0.9569403357322075 0 0.29028467725446716
    outer loop
      vertex 18.43074355135483 25 -20.312144515225807
      vertex 18.43074355135483 22 -20.312144515225807
      vertex 18.52179274798194 25 -20.612293491784143
    endloop
  endfacet
  facet normal 0.9951847266721969 0 0.09801714032956017
    outer loop
      vertex 18.4 25 -20
      vertex 18.4 22 -20
      vertex 18.43074355135483 25 -20.312144515225807
    endloop
  endfacet
  facet normal 0.9951847266721969 0 -0.09801714032956017
    outer loop
      vertex 18.43074355135483 25 -19.687855484774193
      vertex 18.43074355135483 22 -19.687855484774193
      vertex 18.4 25 -20
    endloop
  endfacet
  facet normal 0.9569403357322075 0 -0.29028467725446716
    outer loop
      vertex 18.52179274798194 25 -19.387706508215857
      vertex 18.52179274798194 22 -19.387706508215857
      vertex 18.43074355135483 25 -19.687855484774193
    endloop
  endfacet
  facet normal 0.8819212643483532 0 -0.47139673682600136
    outer loop
      vertex 18.66964862031593 25 -19.111087627168637
      vertex 18.66964862031593 22 -19.111087627168637
      vertex 18.52179274798194 25 -19.387706508215857
    endloop
  endfacet
  facet normal 0.7730104533627428 0 -0.6343932841636385
    outer loop
      vertex 18.868629150101523 25 -18.868629150101523
      vertex 18.868629150101523 22 -18.868629150101523
      vertex 18.66964862031593 25 -19.111087627168637
    endloop
  endfacet
  facet normal 0.6343932841636385 -2.4677210953142723e-18 -0.7730104533627428
    outer loop
      vertex 18.868629150101523 25 -18.868629150101523
      vertex 19.111087627168637 25 -18.66964862031593
      vertex 19.111087627168637 22 -18.66964862031593
    endloop
  endfacet
  facet normal 0.47139673682600136 1.825123910244892e-18 -0.8819212643483532
    outer loop
      vertex 19.111087627168637 25 -18.66964862031593
      vertex 19.387706508215857 25 -18.52179274798194
      vertex 19.387706508215857 22 -18.52179274798194
    endloop
  endfacet
  facet normal 0.29028467725446716 8.974991320504869e-20 -0.9569403357322075
    outer loop
      vertex 19.387706508215857 25 -18.52179274798194
      vertex 19.687855484774193 25 -18.43074355135483
      vertex 19.687855484774193 22 -18.43074355135483
    endloop
  endfacet
  facet normal -0.29028467725446716 8.974991320504869e-20 0.9569403357322075
    outer loop
      vertex 20.612293491784143 25 -21.47820725201806
      vertex 20.312144515225807 25 -21.56925644864517
      vertex 20.312144515225807 22 -21.56925644864517
    endloop
  endfacet
  facet normal -0.47139673682600136 1.825123910244892e-18 0.8819212643483532
    outer loop
      vertex 20.888912372831363 25 -21.33035137968407
      vertex 20.612293491784143 25 -21.47820725201806
      vertex 20.612293491784143 22 -21.47820725201806
    endloop
  endfacet
  facet normal -0.6343932841636385 -2.4677210953142723e-18 0.7730104533627428
    outer loop
      vertex 21.131370849898477 25 -21.131370849898477
      vertex 20.888912372831363 25 -21.33035137968407
      vertex 20.888912372831363 22 -21.33035137968407
    endloop
  endfacet
  facet normal -0.7730104533627428 0 0.6343932841636385
    outer loop
      vertex 21.131370849898477 25 -21.131370849898477
      vertex 21.131370849898477 22 -21.131370849898477
      vertex 21.33035137968407 25 -20.888912372831363
    endloop
  endfacet
  facet normal -0.8819212643483532 0 0.47139673682600136
    outer loop
      vertex 21.33035137968407 25 -20.888912372831363
      vertex 21.33035137968407 22 -20.888912372831363
      vertex 21.47820725201806 25 -20.612293491784143
    endloop
  endfacet
  facet normal -0.9569403357322075 0 0.29028467725446716
    outer loop
      vertex 21.47820725201806 25 -20.612293491784143
      vertex 21.47820725201806 22 -20.612293491784143
      vertex 21.56925644864517 25 -20.312144515225807
    endloop
  endfacet
  facet normal -0.9951847266721969 0 0.09801714032956017
    outer loop
      vertex 21.56925644864517 25 -20.312144515225807
      vertex 21.56925644864517 22 -20.312144515225807
      vertex 21.6 25 -20
    endloop
  endfacet
  facet normal -0.9951847266721969 0 -0.09801714032956017
    outer loop
      vertex 21.6 25 -20
      vertex 21.6 22 -20
      vertex 21.56925644864517 25 -19.687855484774193
    endloop
  endfacet
  facet normal -0.09801714032956017 -2.028037517143731e-19 -0.9951847266721969
    outer loop
      vertex 20 25 -18.4
      vertex 20.312144515225807 25 -18.43074355135483
      vertex 20.312144515225807 22 -18.43074355135483
    endloop
  endfacet
  facet normal 0.09801714032956017 2.028037517143731e-19 -0.9951847266721969
    outer loop
      vertex 19.687855484774193 25 -18.43074355135483
      vertex 20 25 -18.4
      vertex 20 22 -18.4
    endloop
  endfacet
  facet normal -0.29028467725446716 -8.974991320504869e-20 -0.9569403357322075
    outer loop
      vertex 20.312144515225807 25 -18.43074355135483
      vertex 20.612293491784143 25 -18.52179274798194
      vertex 20.612293491784143 22 -18.52179274798194
    endloop
  endfacet
  facet normal -0.6343932841636385 2.4677210953142723e-18 -0.7730104533627428
    outer loop
      vertex 20.888912372831363 25 -18.66964862031593
      vertex 21.131370849898477 25 -18.868629150101523
      vertex 21.131370849898477 22 -18.868629150101523
    endloop
  endfacet
  facet normal -0.47139673682600136 -1.825123910244892e-18 -0.8819212643483532
    outer loop
      vertex 20.612293491784143 25 -18.52179274798194
      vertex 20.888912372831363 25 -18.66964862031593
      vertex 20.888912372831363 22 -18.66964862031593
    endloop
  endfacet
  facet normal -0.9569403357322075 0 -0.29028467725446716
    outer loop
      vertex 21.56925644864517 25 -19.687855484774193
      vertex 21.56925644864517 22 -19.687855484774193
      vertex 21.47820725201806 25 -19.387706508215857
    endloop
  endfacet
  facet normal -0.8819212643483532 0 -0.47139673682600136
    outer loop
      vertex 21.47820725201806 25 -19.387706508215857
      vertex 21.47820725201806 22 -19.387706508215857
      vertex 21.33035137968407 25 -19.111087627168637
    endloop
  endfacet
  facet normal -0.7730104533627428 0 -0.6343932841636385
    outer loop
      vertex 21.33035137968407 25 -19.111087627168637
      vertex 21.33035137968407 22 -19.111087627168637
      vertex 21.131370849898477 25 -18.868629150101523
    endloop
  endfacet
  facet normal 0.47139673682600136 -1.825123910244892e-18 0.8819212643483532
    outer loop
      vertex 19.111087627168637 22 18.66964862031593
      vertex 19.387706508215857 22 18.52179274798194
      vertex 19.387706508215857 25 18.52179274798194
    endloop
  endfacet
  facet normal 0.6343932841636385 2.4677210953142723e-18 0.7730104533627428
    outer loop
      vertex 18.868629150101523 22 18.868629150101523
      vertex 19.111087627168637 22 18.66964862031593
      vertex 19.111087627168637 25 18.66964862031593
    endloop
  endfacet
  facet normal 0.29028467725446716 -8.974991320504869e-20 0.9569403357322075
    outer loop
      vertex 19.387706508215857 22 18.52179274798194
      vertex 19.687855484774193 22 18.43074355135483
      vertex 19.687855484774193 25 18.43074355135483
    endloop
  endfacet
  facet normal 0.8819212643483532 0 0.47139673682600136
    outer loop
      vertex 18.66964862031593 22 19.111087627168637
      vertex 18.66964862031593 25 19.111087627168637
      vertex 18.52179274798194 22 19.387706508215857
    endloop
  endfacet
  facet normal 0.7730104533627428 2.4677210953142723e-18 0.6343932841636385
    outer loop
      vertex 18.66964862031593 22 19.111087627168637
      vertex 18.868629150101523 22 18.868629150101523
      vertex 18.868629150101523 25 18.868629150101523
    endloop
  endfacet
  facet normal 0.9569403357322075 0 0.29028467725446716
    outer loop
      vertex 18.52179274798194 22 19.387706508215857
      vertex 18.52179274798194 25 19.387706508215857
      vertex 18.43074355135483 22 19.687855484774193
    endloop
  endfacet
  facet normal 0.9951847266721969 0 0.09801714032956017
    outer loop
      vertex 18.43074355135483 22 19.687855484774193
      vertex 18.43074355135483 25 19.687855484774193
      vertex 18.4 22 20
    endloop
  endfacet
  facet normal 0.9951847266721969 0 -0.09801714032956017
    outer loop
      vertex 18.4 22 20
      vertex 18.4 25 20
      vertex 18.43074355135483 22 20.312144515225807
    endloop
  endfacet
  facet normal 0.9569403357322075 0 -0.29028467725446716
    outer loop
      vertex 18.43074355135483 22 20.312144515225807
      vertex 18.43074355135483 25 20.312144515225807
      vertex 18.52179274798194 22 20.612293491784143
    endloop
  endfacet
  facet normal 0.8819212643483532 0 -0.47139673682600136
    outer loop
      vertex 18.52179274798194 22 20.612293491784143
      vertex 18.52179274798194 25 20.612293491784143
      vertex 18.66964862031593 22 20.888912372831363
    endloop
  endfacet
  facet normal 0.7730104533627428 0 -0.6343932841636385
    outer loop
      vertex 18.66964862031593 22 20.888912372831363
      vertex 18.66964862031593 25 20.888912372831363
      vertex 18.868629150101523 22 21.131370849898477
    endloop
  endfacet
  facet normal 0.6343932841636385 0 -0.7730104533627428
    outer loop
      vertex 18.868629150101523 22 21.131370849898477
      vertex 18.868629150101523 25 21.131370849898477
      vertex 19.111087627168637 22 21.33035137968407
    endloop
  endfacet
  facet normal 0.47139673682600136 1.825123910244892e-18 -0.8819212643483532
    outer loop
      vertex 19.387706508215857 22 21.47820725201806
      vertex 19.111087627168637 22 21.33035137968407
      vertex 19.111087627168637 25 21.33035137968407
    endloop
  endfacet
  facet normal 0.29028467725446716 8.974991320504869e-20 -0.9569403357322075
    outer loop
      vertex 19.687855484774193 22 21.56925644864517
      vertex 19.387706508215857 22 21.47820725201806
      vertex 19.387706508215857 25 21.47820725201806
    endloop
  endfacet
  facet normal 0.09801714032956017 -2.028037517143731e-19 0.9951847266721969
    outer loop
      vertex 19.687855484774193 22 18.43074355135483
      vertex 20 22 18.4
      vertex 20 25 18.4
    endloop
  endfacet
  facet normal -0.09801714032956017 2.028037517143731e-19 0.9951847266721969
    outer loop
      vertex 20 22 18.4
      vertex 20.312144515225807 22 18.43074355135483
      vertex 20.312144515225807 25 18.43074355135483
    endloop
  endfacet
  facet normal -0.29028467725446716 8.974991320504869e-20 0.9569403357322075
    outer loop
      vertex 20.312144515225807 22 18.43074355135483
      vertex 20.612293491784143 22 18.52179274798194
      vertex 20.612293491784143 25 18.52179274798194
    endloop
  endfacet
  facet normal -0.47139673682600136 1.825123910244892e-18 0.8819212643483532
    outer loop
      vertex 20.612293491784143 22 18.52179274798194
      vertex 20.888912372831363 22 18.66964862031593
      vertex 20.888912372831363 25 18.66964862031593
    endloop
  endfacet
  facet normal -0.6343932841636385 -2.4677210953142723e-18 0.7730104533627428
    outer loop
      vertex 20.888912372831363 22 18.66964862031593
      vertex 21.131370849898477 22 18.868629150101523
      vertex 21.131370849898477 25 18.868629150101523
    endloop
  endfacet
  facet normal -0.7730104533627428 0 0.6343932841636385
    outer loop
      vertex 21.33035137968407 22 19.111087627168637
      vertex 21.33035137968407 25 19.111087627168637
      vertex 21.131370849898477 22 18.868629150101523
    endloop
  endfacet
  facet normal -0.8819212643483532 0 0.47139673682600136
    outer loop
      vertex 21.47820725201806 22 19.387706508215857
      vertex 21.47820725201806 25 19.387706508215857
      vertex 21.33035137968407 22 19.111087627168637
    endloop
  endfacet
  facet normal -0.9569403357322075 0 0.29028467725446716
    outer loop
      vertex 21.56925644864517 22 19.687855484774193
      vertex 21.56925644864517 25 19.687855484774193
      vertex 21.47820725201806 22 19.387706508215857
    endloop
  endfacet
  facet normal -0.29028467725446716 -8.974991320504869e-20 -0.9569403357322075
    outer loop
      vertex 20.612293491784143 22 21.47820725201806
      vertex 20.312144515225807 22 21.56925644864517
      vertex 20.312144515225807 25 21.56925644864517
    endloop
  endfacet
  facet normal -0.47139673682600136 -1.825123910244892e-18 -0.8819212643483532
    outer loop
      vertex 20.888912372831363 22 21.33035137968407
      vertex 20.612293491784143 22 21.47820725201806
      vertex 20.612293491784143 25 21.47820725201806
    endloop
  endfacet
  facet normal -0.6343932841636385 2.4677210953142723e-18 -0.7730104533627428
    outer loop
      vertex 21.131370849898477 22 21.131370849898477
      vertex 20.888912372831363 22 21.33035137968407
      vertex 20.888912372831363 25 21.33035137968407
    endloop
  endfacet
  facet normal -0.9951847266721969 0 0.09801714032956017
    outer loop
      vertex 21.6 22 20
      vertex 21.6 25 20
      vertex 21.56925644864517 22 19.687855484774193
    endloop
  endfacet
  facet normal -0.9951847266721969 0 -0.09801714032956017
    outer loop
      vertex 21.56925644864517 22 20.312144515225807
      vertex 21.56925644864517 25 20.312144515225807
      vertex 21.6 22 20
    endloop
  endfacet
  facet normal -0.9569403357322075 0 -0.29028467725446716
    outer loop
      vertex 21.47820725201806 22 20.612293491784143
      vertex 21.47820725201806 25 20.612293491784143
      vertex 21.56925644864517 22 20.312144515225807
    endloop
  endfacet
  facet normal -0.8819212643483532 0 -0.47139673682600136
    outer loop
      vertex 21.33035137968407 22 20.888912372831363
      vertex 21.33035137968407 25 20.888912372831363
      vertex 21.47820725201806 22 20.612293491784143
    endloop
  endfacet
  facet normal -0.7730104533627428 0 -0.6343932841636385
    outer loop
      vertex 21.131370849898477 22 21.131370849898477
      vertex 21.131370849898477 25 21.131370849898477
      vertex 21.33035137968407 22 20.888912372831363
    endloop
  endfacet
  facet normal 0.09801714032956017 2.028037517143731e-19 -0.9951847266721969
    outer loop
      vertex 20 22 21.6
      vertex 19.687855484774193 22 21.56925644864517
      vertex 19.687855484774193 25 21.56925644864517
    endloop
  endfacet
  facet normal -0.09801714032956017 -2.028037517143731e-19 -0.9951847266721969
    outer loop
      vertex 20.312144515225807 22 21.56925644864517
      vertex 20 22 21.6
      vertex 20 25 21.6
    endloop
  endfacet
  facet normal 0.6343932841636385 0 0.7730104533627428
    outer loop
      vertex 18.868629150101523 22 18.868629150101523
      vertex 19.111087627168637 25 18.66964862031593
      vertex 18.868629150101523 25 18.868629150101523
    endloop
  endfacet
  facet normal 0.47139673682600136 0 0.8819212643483532
    outer loop
      vertex 19.111087627168637 22 18.66964862031593
      vertex 19.387706508215857 25 18.52179274798194
      vertex 19.111087627168637 25 18.66964862031593
    endloop
  endfacet
  facet normal 0.29028467725446716 0 0.9569403357322075
    outer loop
      vertex 19.387706508215857 22 18.52179274798194
      vertex 19.687855484774193 25 18.43074355135483
      vertex 19.387706508215857 25 18.52179274798194
    endloop
  endfacet
  facet normal 0.8819212643483532 0 0.47139673682600136
    outer loop
      vertex 18.52179274798194 22 19.387706508215857
      vertex 18.66964862031593 25 19.111087627168637
      vertex 18.52179274798194 25 19.387706508215857
    endloop
  endfacet
  facet normal 0.7730104533627428 0 0.6343932841636385
    outer loop
      vertex 18.66964862031593 22 19.111087627168637
      vertex 18.868629150101523 25 18.868629150101523
      vertex 18.66964862031593 25 19.111087627168637
    endloop
  endfacet
  facet normal 0.9569403357322075 0 0.29028467725446716
    outer loop
      vertex 18.43074355135483 22 19.687855484774193
      vertex 18.52179274798194 25 19.387706508215857
      vertex 18.43074355135483 25 19.687855484774193
    endloop
  endfacet
  facet normal 0.9951847266721969 0 0.09801714032956017
    outer loop
      vertex 18.4 22 20
      vertex 18.43074355135483 25 19.687855484774193
      vertex 18.4 25 20
    endloop
  endfacet
  facet normal 0.9951847266721969 0 -0.09801714032956017
    outer loop
      vertex 18.43074355135483 22 20.312144515225807
      vertex 18.4 25 20
      vertex 18.43074355135483 25 20.312144515225807
    endloop
  endfacet
  facet normal 0.9569403357322075 0 -0.29028467725446716
    outer loop
      vertex 18.52179274798194 22 20.612293491784143
      vertex 18.43074355135483 25 20.312144515225807
      vertex 18.52179274798194 25 20.612293491784143
    endloop
  endfacet
  facet normal 0.8819212643483532 0 -0.47139673682600136
    outer loop
      vertex 18.66964862031593 22 20.888912372831363
      vertex 18.52179274798194 25 20.612293491784143
      vertex 18.66964862031593 25 20.888912372831363
    endloop
  endfacet
  facet normal 0.7730104533627428 0 -0.6343932841636385
    outer loop
      vertex 18.868629150101523 22 21.131370849898477
      vertex 18.66964862031593 25 20.888912372831363
      vertex 18.868629150101523 25 21.131370849898477
    endloop
  endfacet
  facet normal 0.6343932841636385 0 -0.7730104533627428
    outer loop
      vertex 19.111087627168637 22 21.33035137968407
      vertex 18.868629150101523 25 21.131370849898477
      vertex 19.111087627168637 25 21.33035137968407
    endloop
  endfacet
  facet normal 0.47139673682600136 0 -0.8819212643483532
    outer loop
      vertex 19.387706508215857 22 21.47820725201806
      vertex 19.111087627168637 25 21.33035137968407
      vertex 19.387706508215857 25 21.47820725201806
    endloop
  endfacet
  facet normal 0.29028467725446716 0 -0.9569403357322075
    outer loop
      vertex 19.687855484774193 22 21.56925644864517
      vertex 19.387706508215857 25 21.47820725201806
      vertex 19.687855484774193 25 21.56925644864517
    endloop
  endfacet
  facet normal -0.09801714032956017 0 0.9951847266721969
    outer loop
      vertex 20 22 18.4
      vertex 20.312144515225807 25 18.43074355135483
      vertex 20 25 18.4
    endloop
  endfacet
  facet normal 0.09801714032956017 0 0.9951847266721969
    outer loop
      vertex 19.687855484774193 22 18.43074355135483
      vertex 20 25 18.4
      vertex 19.687855484774193 25 18.43074355135483
    endloop
  endfacet
  facet normal -0.29028467725446716 0 0.9569403357322075
    outer loop
      vertex 20.312144515225807 22 18.43074355135483
      vertex 20.612293491784143 25 18.52179274798194
      vertex 20.312144515225807 25 18.43074355135483
    endloop
  endfacet
  facet normal -0.47139673682600136 0 0.8819212643483532
    outer loop
      vertex 20.612293491784143 22 18.52179274798194
      vertex 20.888912372831363 25 18.66964862031593
      vertex 20.612293491784143 25 18.52179274798194
    endloop
  endfacet
  facet normal -0.6343932841636385 0 0.7730104533627428
    outer loop
      vertex 20.888912372831363 22 18.66964862031593
      vertex 21.131370849898477 25 18.868629150101523
      vertex 20.888912372831363 25 18.66964862031593
    endloop
  endfacet
  facet normal -0.7730104533627428 0 0.6343932841636385
    outer loop
      vertex 21.131370849898477 22 18.868629150101523
      vertex 21.33035137968407 25 19.111087627168637
      vertex 21.131370849898477 25 18.868629150101523
    endloop
  endfacet
  facet normal -0.8819212643483532 0 0.47139673682600136
    outer loop
      vertex 21.33035137968407 22 19.111087627168637
      vertex 21.47820725201806 25 19.387706508215857
      vertex 21.33035137968407 25 19.111087627168637
    endloop
  endfacet
  facet normal -0.9569403357322075 0 0.29028467725446716
    outer loop
      vertex 21.47820725201806 22 19.387706508215857
      vertex 21.56925644864517 25 19.687855484774193
      vertex 21.47820725201806 25 19.387706508215857
    endloop
  endfacet
  facet normal -0.29028467725446716 0 -0.9569403357322075
    outer loop
      vertex 20.612293491784143 22 21.47820725201806
      vertex 20.312144515225807 25 21.56925644864517
      vertex 20.612293491784143 25 21.47820725201806
    endloop
  endfacet
  facet normal -0.6343932841636385 0 -0.7730104533627428
    outer loop
      vertex 21.131370849898477 22 21.131370849898477
      vertex 20.888912372831363 25 21.33035137968407
      vertex 21.131370849898477 25 21.131370849898477
    endloop
  endfacet
  facet normal -0.47139673682600136 0 -0.8819212643483532
    outer loop
      vertex 20.888912372831363 22 21.33035137968407
      vertex 20.612293491784143 25 21.47820725201806
      vertex 20.888912372831363 25 21.33035137968407
    endloop
  endfacet
  facet normal -0.9951847266721969 0 0.09801714032956017
    outer loop
      vertex 21.56925644864517 22 19.687855484774193
      vertex 21.6 25 20
      vertex 21.56925644864517 25 19.687855484774193
    endloop
  endfacet
  facet normal -0.9951847266721969 0 -0.09801714032956017
    outer loop
      vertex 21.6 22 20
      vertex 21.56925644864517 25 20.312144515225807
      vertex 21.6 25 20
    endloop
  endfacet
  facet normal -0.9569403357322075 0 -0.29028467725446716
    outer loop
      vertex 21.56925644864517 22 20.312144515225807
      vertex 21.47820725201806 25 20.612293491784143
      vertex 21.56925644864517 25 20.312144515225807
    endloop
  endfacet
  facet normal -0.8819212643483532 0 -0.47139673682600136
    outer loop
      vertex 21.47820725201806 22 20.612293491784143
      vertex 21.33035137968407 25 20.888912372831363
      vertex 21.47820725201806 25 20.612293491784143
    endloop
  endfacet
  facet normal -0.7730104533627428 0 -0.6343932841636385
    outer loop
      vertex 21.33035137968407 22 20.888912372831363
      vertex 21.131370849898477 25 21.131370849898477
      vertex 21.33035137968407 25 20.888912372831363
    endloop
  endfacet
  facet normal 0.09801714032956017 0 -0.9951847266721969
    outer loop
      vertex 20 22 21.6
      vertex 19.687855484774193 25 21.56925644864517
      vertex 20 25 21.6
    endloop
  endfacet
  facet normal -0.09801714032956017 0 -0.9951847266721969
    outer loop
      vertex 20.312144515225807 22 21.56925644864517
      vertex 20 25 21.6
      vertex 20.312144515225807 25 21.56925644864517
    endloop
  endfacet
  facet normal 0 -1 0
    outer loop
      vertex -90 22 -57.5
      vertex -82.63137084989847 22 -50.131370849898474
      vertex -82.83035137968407 22 -49.88891237283136
    endloop
  endfacet
  facet normal 0 -1 0
    outer loop
      vertex -90 22 -57.5
      vertex -82.83035137968407 22 -49.88891237283136
      vertex -82.97820725201805 22 -49.61229349178414
    endloop
  endfacet
  facet normal 0 -1 0
    outer loop
      vertex -90 22 -57.5
      vertex -82.97820725201805 22 -49.61229349178414
      vertex -83.06925644864516 22 -49.3121445152258
    endloop
  endfacet
  facet normal 0 -1 0
    outer loop
      vertex -90 22 -57.5
      vertex -82.38891237283136 22 -50.330351379684075
      vertex -82.63137084989847 22 -50.131370849898474
    endloop
  endfacet
  facet normal 0 -1 0
    outer loop
      vertex -90 22 -57.5
      vertex -82.11229349178414 22 -50.47820725201806
      vertex -82.38891237283136 22 -50.330351379684075
    endloop
  endfacet
  facet normal 0 -1 0
    outer loop
      vertex -90 22 -57.5
      vertex -81.81214451522581 22 -50.56925644864517
      vertex -82.11229349178414 22 -50.47820725201806
    endloop
  endfacet
  facet normal 0 -1 0
    outer loop
      vertex -90 22 -57.5
      vertex -81.5 22 -50.6
      vertex -81.81214451522581 22 -50.56925644864517
    endloop
  endfacet
  facet normal 0 -1 0
    outer loop
      vertex -90 22 -57.5
      vertex -83.06925644864516 22 -49.3121445152258
      vertex -83.1 22 -49
    endloop
  endfacet
  facet normal 0 -1 0
    outer loop
      vertex -90 22 -57.5
      vertex -81.18785548477419 22 -50.56925644864517
      vertex -81.5 22 -50.6
    endloop
  endfacet
  facet normal 0 -1 0
    outer loop
      vertex -90 22 -57.5
      vertex -80.88770650821586 22 -50.47820725201806
      vertex -81.18785548477419 22 -50.56925644864517
    endloop
  endfacet
  facet normal 0 -1 0
    outer loop
      vertex -90 22 -57.5
      vertex -80.61108762716864 22 -50.330351379684075
      vertex -80.88770650821586 22 -50.47820725201806
    endloop
  endfacet
  facet normal 0 -1 0
    outer loop
      vertex -90 22 -57.5
      vertex 18.868629150101523 22 21.131370849898477
      vertex -80.61108762716864 22 -50.330351379684075
    endloop
  endfacet
  facet normal 0 -1 0
    outer loop
      vertex -90 22 -57.5
      vertex -83.1 22 -49
      vertex -90 22 57.5
    endloop
  endfacet
  facet normal 0 -1 0
    outer loop
      vertex -82.63137084989847 22 -47.868629150101526
      vertex -82.38891237283136 22 -47.669648620315925
      vertex -82.63137084989847 22 47.868629150101526
    endloop
  endfacet
  facet normal 0 -1 0
    outer loop
      vertex -82.11229349178414 22 -47.52179274798194
      vertex -82.38891237283136 22 47.669648620315925
      vertex -82.38891237283136 22 -47.669648620315925
    endloop
  endfacet
  facet normal 0 -1 0
    outer loop
      vertex -81.81214451522581 22 -47.43074355135483
      vertex -82.11229349178414 22 47.52179274798194
      vertex -82.11229349178414 22 -47.52179274798194
    endloop
  endfacet
  facet normal 0 -1 0
    outer loop
      vertex -81.5 22 -47.4
      vertex -81.81214451522581 22 47.43074355135483
      vertex -81.81214451522581 22 -47.43074355135483
    endloop
  endfacet
  facet normal 0 -1 0
    outer loop
      vertex -81.18785548477419 22 -47.43074355135483
      vertex -81.5 22 47.4
      vertex -81.5 22 -47.4
    endloop
  endfacet
  facet normal 0 -1 0
    outer loop
      vertex -80.88770650821586 22 -47.52179274798194
      vertex -81.18785548477419 22 47.43074355135483
      vertex -81.18785548477419 22 -47.43074355135483
    endloop
  endfacet
  facet normal 0 -1 0
    outer loop
      vertex -90 22 57.5
      vertex -83.1 22 -49
      vertex -83.06925644864516 22 -48.6878554847742
    endloop
  endfacet
  facet normal 0 -1 0
    outer loop
      vertex -90 22 57.5
      vertex -83.06925644864516 22 -48.6878554847742
      vertex -82.97820725201805 22 -48.38770650821586
    endloop
  endfacet
  facet normal 0 -1 0
    outer loop
      vertex -90 22 57.5
      vertex -82.97820725201805 22 -48.38770650821586
      vertex -82.83035137968407 22 -48.11108762716864
    endloop
  endfacet
  facet normal 0 -1 0
    outer loop
      vertex -90 22 57.5
      vertex -82.83035137968407 22 -48.11108762716864
      vertex -82.63137084989847 22 -47.868629150101526
    endloop
  endfacet
  facet normal 0 -1 0
    outer loop
      vertex -80.16964862031593 22 -49.88891237283136
      vertex -80.36862915010153 22 -50.131370849898474
      vertex -20 22 18.4
    endloop
  endfacet
  facet normal 0 -1 0
    outer loop
      vertex -80.02179274798195 22 -49.61229349178414
      vertex -80.16964862031593 22 -49.88891237283136
      vertex -20 22 18.4
    endloop
  endfacet
  facet normal 0 -1 0
    outer loop
      vertex -80.16964862031593 22 -48.11108762716864
      vertex -20.888912372831363 22 18.66964862031593
      vertex -80.36862915010153 22 -47.868629150101526
    endloop
  endfacet
  facet normal 0 -1 0
    outer loop
      vertex -80.61108762716864 22 -47.669648620315925
      vertex -21.33035137968407 22 19.111087627168637
      vertex -80.88770650821586 22 -47.52179274798194
    endloop
  endfacet
  facet normal 0 -1 0
    outer loop
      vertex -80.36862915010153 22 -47.868629150101526
      vertex -21.131370849898477 22 18.868629150101523
      vertex -80.61108762716864 22 -47.669648620315925
    endloop
  endfacet
  facet normal 0 -1 0
    outer loop
      vertex -79.93074355135484 22 -49.3121445152258
      vertex -80.02179274798195 22 -49.61229349178414
      vertex -20 22 18.4
    endloop
  endfacet
  facet normal 0 -1 0
    outer loop
      vertex -79.9 22 -49
      vertex -79.93074355135484 22 -49.3121445152258
      vertex -20 22 18.4
    endloop
  endfacet
  facet normal 0 -1 0
    outer loop
      vertex -80.02179274798195 22 -48.38770650821586
      vertex -79.93074355135484 22 -48.6878554847742
      vertex -20.612293491784143 22 18.52179274798194
    endloop
  endfacet
  facet normal 0 -1 0
    outer loop
      vertex -79.93074355135484 22 -48.6878554847742
      vertex -79.9 22 -49
      vertex -20.312144515225807 22 18.43074355135483
    endloop
  endfacet
  facet normal 0 -1 0
    outer loop
      vertex -80.16964862031593 22 -48.11108762716864
      vertex -80.02179274798195 22 -48.38770650821586
      vertex -20.888912372831363 22 18.66964862031593
    endloop
  endfacet
  facet normal 0 -1 0
    outer loop
      vertex -80.61108762716864 22 -50.330351379684075
      vertex 18.868629150101523 22 21.131370849898477
      vertex -80.36862915010153 22 -50.131370849898474
    endloop
  endfacet
  facet normal 0 -1 0
    outer loop
      vertex -90 22 -57.5
      vertex -20.888912372831363 22 -21.33035137968407
      vertex -21.131370849898477 22 -21.131370849898477
    endloop
  endfacet
  facet normal 0 -1 0
    outer loop
      vertex -90 22 -57.5
      vertex -20.312144515225807 22 -21.56925644864517
      vertex -20.612293491784143 22 -21.47820725201806
    endloop
  endfacet
  facet normal 0 -1 0
    outer loop
      vertex -90 22 -57.5
      vertex -20.612293491784143 22 -21.47820725201806
      vertex -20.888912372831363 22 -21.33035137968407
    endloop
  endfacet
  facet normal 0 -1 0
    outer loop
      vertex -90 22 -57.5
      vertex -21.47820725201806 22 -20.612293491784143
      vertex -21.56925644864517 22 -20.312144515225807
    endloop
  endfacet
  facet normal 0 -1 0
    outer loop
      vertex -90 22 -57.5
      vertex -21.56925644864517 22 -20.312144515225807
      vertex -21.6 22 -20
    endloop
  endfacet
  facet normal 0 -1 0
    outer loop
      vertex -90 22 -57.5
      vertex -21.6 22 -20
      vertex -21.56925644864517 22 -19.687855484774193
    endloop
  endfacet
  facet normal 0 -1 0
    outer loop
      vertex -90 22 -57.5
      vertex -21.131370849898477 22 -21.131370849898477
      vertex -21.33035137968407 22 -20.888912372831363
    endloop
  endfacet
  facet normal 0 -1 0
    outer loop
      vertex -90 22 -57.5
      vertex -21.33035137968407 22 -20.888912372831363
      vertex -21.47820725201806 22 -20.612293491784143
    endloop
  endfacet
  facet normal 0 -1 0
    outer loop
      vertex -90 22 -57.5
      vertex -20 22 -21.6
      vertex -20.312144515225807 22 -21.56925644864517
    endloop
  endfacet
  facet normal 0 -1 0
    outer loop
      vertex -90 22 -57.5
      vertex -21.56925644864517 22 -19.687855484774193
      vertex -21.47820725201806 22 -19.387706508215857
    endloop
  endfacet
  facet normal 0 -1 0
    outer loop
      vertex -90 22 -57.5
      vertex -21.47820725201806 22 -19.387706508215857
      vertex -21.33035137968407 22 -19.111087627168637
    endloop
  endfacet
  facet normal 0 -1 0
    outer loop
      vertex -90 22 -57.5
      vertex -21.33035137968407 22 -19.111087627168637
      vertex -21.131370849898477 22 -18.868629150101523
    endloop
  endfacet
  facet normal 0 -1 0
    outer loop
      vertex -90 22 -57.5
      vertex -21.131370849898477 22 -18.868629150101523
      vertex -20.888912372831363 22 -18.66964862031593
    endloop
  endfacet
  facet normal 0 -1 0
    outer loop
      vertex -90 22 -57.5
      vertex 90 22 -57.5
      vertex -20 22 -21.6
    endloop
  endfacet
  facet normal 0 -1 0
    outer loop
      vertex -20.888912372831363 22 18.66964862031593
      vertex -80.02179274798195 22 -48.38770650821586
      vertex -20.612293491784143 22 18.52179274798194
    endloop
  endfacet
  facet normal 0 -1 0
    outer loop
      vertex -20.612293491784143 22 18.52179274798194
      vertex -79.93074355135484 22 -48.6878554847742
      vertex -20.312144515225807 22 18.43074355135483
    endloop
  endfacet
  facet normal 0 -1 0
    outer loop
      vertex -80.36862915010153 22 -50.131370849898474
      vertex -19.687855484774193 22 18.43074355135483
      vertex -20 22 18.4
    endloop
  endfacet
  facet normal 0 -1 0
    outer loop
      vertex -80.36862915010153 22 -50.131370849898474
      vertex -19.387706508215857 22 18.52179274798194
      vertex -19.687855484774193 22 18.43074355135483
    endloop
  endfacet
  facet normal 0 -1 0
    outer loop
      vertex -20.312144515225807 22 18.43074355135483
      vertex -79.9 22 -49
      vertex -20 22 18.4
    endloop
  endfacet
  facet normal 0 -1 0
    outer loop
      vertex -80.36862915010153 22 -50.131370849898474
      vertex -19.111087627168637 22 18.66964862031593
      vertex -19.387706508215857 22 18.52179274798194
    endloop
  endfacet
  facet normal 0 -1 0
    outer loop
      vertex -21.131370849898477 22 18.868629150101523
      vertex -80.36862915010153 22 -47.868629150101526
      vertex -20.888912372831363 22 18.66964862031593
    endloop
  endfacet
  facet normal 0 -1 0
    outer loop
      vertex -80.61108762716864 22 -47.669648620315925
      vertex -21.131370849898477 22 18.868629150101523
      vertex -21.33035137968407 22 19.111087627168637
    endloop
  endfacet
  facet normal 0 -1 0
    outer loop
      vertex -80.36862915010153 22 -50.131370849898474
      vertex 18.868629150101523 22 21.131370849898477
      vertex -19.111087627168637 22 18.66964862031593
    endloop
  endfacet
  facet normal 0 -1 0
    outer loop
      vertex -20 22 -21.6
      vertex 19.687855484774193 22 -21.56925644864517
      vertex -19.687855484774193 22 -21.56925644864517
    endloop
  endfacet
  facet normal 0 -1 0
    outer loop
      vertex -19.687855484774193 22 -21.56925644864517
      vertex 19.387706508215857 22 -21.47820725201806
      vertex -19.387706508215857 22 -21.47820725201806
    endloop
  endfacet
  facet normal 0 -1 0
    outer loop
      vertex -19.387706508215857 22 -21.47820725201806
      vertex 19.111087627168637 22 -21.33035137968407
      vertex -19.111087627168637 22 -21.33035137968407
    endloop
  endfacet
  facet normal 0 -1 0
    outer loop
      vertex -19.111087627168637 22 -21.33035137968407
      vertex 18.868629150101523 22 -21.131370849898477
      vertex -18.868629150101523 22 -21.131370849898477
    endloop
  endfacet
  facet normal 0 -1 0
    outer loop
      vertex -18.66964862031593 22 -20.888912372831363
      vertex -18.868629150101523 22 -21.131370849898477
      vertex 18.66964862031593 22 -20.888912372831363
    endloop
  endfacet
  facet normal 0 -1 0
    outer loop
      vertex -18.52179274798194 22 -20.612293491784143
      vertex -18.66964862031593 22 -20.888912372831363
      vertex 18.52179274798194 22 -20.612293491784143
    endloop
  endfacet
  facet normal 0 -1 0
    outer loop
      vertex -18.43074355135483 22 -20.312144515225807
      vertex -18.52179274798194 22 -20.612293491784143
      vertex 18.43074355135483 22 -20.312144515225807
    endloop
  endfacet
  facet normal 0 -1 0
    outer loop
      vertex -18.4 22 -20
      vertex -18.43074355135483 22 -20.312144515225807
      vertex 18.4 22 -20
    endloop
  endfacet
  facet normal 0 -1 0
    outer loop
      vertex -18.43074355135483 22 -19.687855484774193
      vertex -18.4 22 -20
      vertex 18.43074355135483 22 -19.687855484774193
    endloop
  endfacet
  facet normal 0 -1 0
    outer loop
      vertex -18.52179274798194 22 -19.387706508215857
      vertex -18.43074355135483 22 -19.687855484774193
      vertex 18.52179274798194 22 -19.387706508215857
    endloop
  endfacet
  facet normal 0 -1 0
    outer loop
      vertex -18.66964862031593 22 -19.111087627168637
      vertex -18.52179274798194 22 -19.387706508215857
      vertex 18.66964862031593 22 -19.111087627168637
    endloop
  endfacet
  facet normal 0 -1 0
    outer loop
      vertex -18.868629150101523 22 -18.868629150101523
      vertex -18.66964862031593 22 -19.111087627168637
      vertex 18.868629150101523 22 -18.868629150101523
    endloop
  endfacet
  facet normal 0 -1 0
    outer loop
      vertex -19.111087627168637 22 -18.66964862031593
      vertex 19.387706508215857 22 -18.52179274798194
      vertex -19.387706508215857 22 -18.52179274798194
    endloop
  endfacet
  facet normal 0 -1 0
    outer loop
      vertex -18.868629150101523 22 -18.868629150101523
      vertex 19.111087627168637 22 -18.66964862031593
      vertex -19.111087627168637 22 -18.66964862031593
    endloop
  endfacet
  facet normal 0 -1 0
    outer loop
      vertex -90 22 -57.5
      vertex 18.66964862031593 22 19.111087627168637
      vertex 18.52179274798194 22 19.387706508215857
    endloop
  endfacet
  facet normal 0 -1 0
    outer loop
      vertex -90 22 -57.5
      vertex 19.387706508215857 22 18.52179274798194
      vertex 19.111087627168637 22 18.66964862031593
    endloop
  endfacet
  facet normal 0 -1 0
    outer loop
      vertex -90 22 -57.5
      vertex 19.687855484774193 22 18.43074355135483
      vertex 19.387706508215857 22 18.52179274798194
    endloop
  endfacet
  facet normal 0 -1 0
    outer loop
      vertex -90 22 -57.5
      vertex 19.111087627168637 22 18.66964862031593
      vertex 18.868629150101523 22 18.868629150101523
    endloop
  endfacet
  facet normal 0 -1 0
    outer loop
      vertex -90 22 -57.5
      vertex 18.868629150101523 22 18.868629150101523
      vertex 18.66964862031593 22 19.111087627168637
    endloop
  endfacet
  facet normal 0 -1 0
    outer loop
      vertex -90 22 -57.5
      vertex 18.52179274798194 22 19.387706508215857
      vertex 18.43074355135483 22 19.687855484774193
    endloop
  endfacet
  facet normal 0 -1 0
    outer loop
      vertex -90 22 -57.5
      vertex 18.43074355135483 22 19.687855484774193
      vertex 18.4 22 20
    endloop
  endfacet
  facet normal 0 -1 0
    outer loop
      vertex -90 22 -57.5
      vertex 18.4 22 20
      vertex 18.43074355135483 22 20.312144515225807
    endloop
  endfacet
  facet normal 0 -1 0
    outer loop
      vertex -90 22 -57.5
      vertex 18.43074355135483 22 20.312144515225807
      vertex 18.52179274798194 22 20.612293491784143
    endloop
  endfacet
  facet normal 0 -1 0
    outer loop
      vertex -90 22 -57.5
      vertex 18.52179274798194 22 20.612293491784143
      vertex 18.66964862031593 22 20.888912372831363
    endloop
  endfacet
  facet normal 0 -1 0
    outer loop
      vertex -90 22 -57.5
      vertex 18.66964862031593 22 20.888912372831363
      vertex 18.868629150101523 22 21.131370849898477
    endloop
  endfacet
  facet normal 0 -1 0
    outer loop
      vertex -90 22 -57.5
      vertex 20 22 18.4
      vertex 19.687855484774193 22 18.43074355135483
    endloop
  endfacet
  facet normal 0 -1 0
    outer loop
      vertex -90 22 -57.5
      vertex 20.312144515225807 22 18.43074355135483
      vertex 20 22 18.4
    endloop
  endfacet
  facet normal 0 -1 0
    outer loop
      vertex -90 22 -57.5
      vertex 20.612293491784143 22 18.52179274798194
      vertex 20.312144515225807 22 18.43074355135483
    endloop
  endfacet
  facet normal 0 -1 0
    outer loop
      vertex -90 22 -57.5
      vertex 20.888912372831363 22 18.66964862031593
      vertex 20.612293491784143 22 18.52179274798194
    endloop
  endfacet
  facet normal 0 -1 0
    outer loop
      vertex -90 22 -57.5
      vertex -20.888912372831363 22 -18.66964862031593
      vertex 90 22 57.5
    endloop
  endfacet
  facet normal 0 -1 0
    outer loop
      vertex -90 22 57.5
      vertex -82.63137084989847 22 -47.868629150101526
      vertex -82.83035137968407 22 48.11108762716864
    endloop
  endfacet
  facet normal 0 -1 0
    outer loop
      vertex -82.63137084989847 22 -47.868629150101526
      vertex -82.63137084989847 22 47.868629150101526
      vertex -82.83035137968407 22 48.11108762716864
    endloop
  endfacet
  facet normal 0 -1 0
    outer loop
      vertex -82.63137084989847 22 47.868629150101526
      vertex -82.38891237283136 22 -47.669648620315925
      vertex -82.38891237283136 22 47.669648620315925
    endloop
  endfacet
  facet normal 0 -1 0
    outer loop
      vertex -82.38891237283136 22 47.669648620315925
      vertex -82.11229349178414 22 -47.52179274798194
      vertex -82.11229349178414 22 47.52179274798194
    endloop
  endfacet
  facet normal 0 -1 0
    outer loop
      vertex -81.81214451522581 22 -47.43074355135483
      vertex -81.81214451522581 22 47.43074355135483
      vertex -82.11229349178414 22 47.52179274798194
    endloop
  endfacet
  facet normal 0 -1 0
    outer loop
      vertex -81.5 22 -47.4
      vertex -81.5 22 47.4
      vertex -81.81214451522581 22 47.43074355135483
    endloop
  endfacet
  facet normal 0 -1 0
    outer loop
      vertex -81.18785548477419 22 -47.43074355135483
      vertex -81.18785548477419 22 47.43074355135483
      vertex -81.5 22 47.4
    endloop
  endfacet
  facet normal 0 -1 0
    outer loop
      vertex -80.88770650821586 22 -47.52179274798194
      vertex -80.88770650821586 22 47.52179274798194
      vertex -81.18785548477419 22 47.43074355135483
    endloop
  endfacet
  facet normal 0 -1 0
    outer loop
      vertex -21.33035137968407 22 19.111087627168637
      vertex -80.88770650821586 22 47.52179274798194
      vertex -80.88770650821586 22 -47.52179274798194
    endloop
  endfacet
  facet normal 0 -1 0
    outer loop
      vertex -90 22 57.5
      vertex -82.83035137968407 22 48.11108762716864
      vertex -82.97820725201805 22 48.38770650821586
    endloop
  endfacet
  facet normal 0 -1 0
    outer loop
      vertex -90 22 57.5
      vertex -82.97820725201805 22 48.38770650821586
      vertex -83.06925644864516 22 48.6878554847742
    endloop
  endfacet
  facet normal 0 -1 0
    outer loop
      vertex -90 22 57.5
      vertex -83.06925644864516 22 48.6878554847742
      vertex -83.1 22 49
    endloop
  endfacet
  facet normal 0 -1 0
    outer loop
      vertex -90 22 57.5
      vertex -83.1 22 49
      vertex -83.06925644864516 22 49.3121445152258
    endloop
  endfacet
  facet normal 0 -1 0
    outer loop
      vertex -90 22 57.5
      vertex -83.06925644864516 22 49.3121445152258
      vertex -82.97820725201805 22 49.61229349178414
    endloop
  endfacet
  facet normal 0 -1 0
    outer loop
      vertex -90 22 57.5
      vertex -82.97820725201805 22 49.61229349178414
      vertex -82.83035137968407 22 49.88891237283136
    endloop
  endfacet
  facet normal 0 -1 0
    outer loop
      vertex -90 22 57.5
      vertex -82.83035137968407 22 49.88891237283136
      vertex -82.63137084989847 22 50.131370849898474
    endloop
  endfacet
  facet normal 0 -1 0
    outer loop
      vertex -90 22 57.5
      vertex -82.63137084989847 22 50.131370849898474
      vertex -82.38891237283136 22 50.330351379684075
    endloop
  endfacet
  facet normal 0 -1 0
    outer loop
      vertex -90 22 57.5
      vertex -82.38891237283136 22 50.330351379684075
      vertex -82.11229349178414 22 50.47820725201806
    endloop
  endfacet
  facet normal 0 -1 0
    outer loop
      vertex -90 22 57.5
      vertex -82.11229349178414 22 50.47820725201806
      vertex -81.81214451522581 22 50.56925644864517
    endloop
  endfacet
  facet normal 0 -1 0
    outer loop
      vertex -90 22 57.5
      vertex -81.81214451522581 22 50.56925644864517
      vertex -81.5 22 50.6
    endloop
  endfacet
  facet normal 0 -1 0
    outer loop
      vertex -80.88770650821586 22 47.52179274798194
      vertex -21.56925644864517 22 19.687855484774193
      vertex -80.61108762716864 22 47.669648620315925
    endloop
  endfacet
  facet normal 0 -1 0
    outer loop
      vertex -80.61108762716864 22 47.669648620315925
      vertex -21.6 22 20
      vertex -80.36862915010153 22 47.868629150101526
    endloop
  endfacet
  facet normal 0 -1 0
    outer loop
      vertex -80.16964862031593 22 48.11108762716864
      vertex -80.36862915010153 22 47.868629150101526
      vertex -21.47820725201806 22 20.612293491784143
    endloop
  endfacet
  facet normal 0 -1 0
    outer loop
      vertex -80.02179274798195 22 48.38770650821586
      vertex -80.16964862031593 22 48.11108762716864
      vertex -21.47820725201806 22 20.612293491784143
    endloop
  endfacet
  facet normal 0 -1 0
    outer loop
      vertex -79.93074355135484 22 48.6878554847742
      vertex -80.02179274798195 22 48.38770650821586
      vertex -21.33035137968407 22 20.888912372831363
    endloop
  endfacet
  facet normal 0 -1 0
    outer loop
      vertex -79.9 22 49
      vertex -79.93074355135484 22 48.6878554847742
      vertex -21.131370849898477 22 21.131370849898477
    endloop
  endfacet
  facet normal 0 -1 0
    outer loop
      vertex -79.93074355135484 22 49.3121445152258
      vertex -79.9 22 49
      vertex -20.888912372831363 22 21.33035137968407
    endloop
  endfacet
  facet normal 0 -1 0
    outer loop
      vertex -80.02179274798195 22 49.61229349178414
      vertex -79.93074355135484 22 49.3121445152258
      vertex -20.612293491784143 22 21.47820725201806
    endloop
  endfacet
  facet normal 0 -1 0
    outer loop
      vertex -80.16964862031593 22 49.88891237283136
      vertex -80.02179274798195 22 49.61229349178414
      vertex -20.312144515225807 22 21.56925644864517
    endloop
  endfacet
  facet normal -1 0 0
    outer loop
      vertex -90 22 -57.5
      vertex -90 22 57.5
      vertex -90 25 57.5
    endloop
  endfacet
  facet normal 0 -1 0
    outer loop
      vertex -21.33035137968407 22 19.111087627168637
      vertex -21.47820725201806 22 19.387706508215857
      vertex -80.88770650821586 22 47.52179274798194
    endloop
  endfacet
  facet normal 0 -1 0
    outer loop
      vertex -21.47820725201806 22 19.387706508215857
      vertex -21.56925644864517 22 19.687855484774193
      vertex -80.88770650821586 22 47.52179274798194
    endloop
  endfacet
  facet normal 0 -1 0
    outer loop
      vertex -21.56925644864517 22 19.687855484774193
      vertex -21.6 22 20
      vertex -80.61108762716864 22 47.669648620315925
    endloop
  endfacet
  facet normal 0 -1 0
    outer loop
      vertex -80.36862915010153 22 47.868629150101526
      vertex -21.6 22 20
      vertex -21.56925644864517 22 20.312144515225807
    endloop
  endfacet
  facet normal 0 -1 0
    outer loop
      vertex -21.56925644864517 22 20.312144515225807
      vertex -21.47820725201806 22 20.612293491784143
      vertex -80.36862915010153 22 47.868629150101526
    endloop
  endfacet
  facet normal 0 -1 0
    outer loop
      vertex -80.02179274798195 22 48.38770650821586
      vertex -21.47820725201806 22 20.612293491784143
      vertex -21.33035137968407 22 20.888912372831363
    endloop
  endfacet
  facet normal 0 -1 0
    outer loop
      vertex -79.93074355135484 22 48.6878554847742
      vertex -21.33035137968407 22 20.888912372831363
      vertex -21.131370849898477 22 21.131370849898477
    endloop
  endfacet
  facet normal 0 -1 0
    outer loop
      vertex -79.9 22 49
      vertex -21.131370849898477 22 21.131370849898477
      vertex -20.888912372831363 22 21.33035137968407
    endloop
  endfacet
  facet normal 0 -1 0
    outer loop
      vertex -79.93074355135484 22 49.3121445152258
      vertex -20.888912372831363 22 21.33035137968407
      vertex -20.612293491784143 22 21.47820725201806
    endloop
  endfacet
  facet normal 0 -1 0
    outer loop
      vertex -80.02179274798195 22 49.61229349178414
      vertex -20.612293491784143 22 21.47820725201806
      vertex -20.312144515225807 22 21.56925644864517
    endloop
  endfacet
  facet normal 0 -1 0
    outer loop
      vertex 90 22 57.5
      vertex -81.5 22 50.6
      vertex -81.18785548477419 22 50.56925644864517
    endloop
  endfacet
  facet normal 0 -1 0
    outer loop
      vertex 90 22 57.5
      vertex -81.18785548477419 22 50.56925644864517
      vertex -80.88770650821586 22 50.47820725201806
    endloop
  endfacet
  facet normal 0 -1 0
    outer loop
      vertex 90 22 57.5
      vertex -80.36862915010153 22 50.131370849898474
      vertex -80.16964862031593 22 49.88891237283136
    endloop
  endfacet
  facet normal 0 -1 0
    outer loop
      vertex 90 22 57.5
      vertex -80.88770650821586 22 50.47820725201806
      vertex -80.61108762716864 22 50.330351379684075
    endloop
  endfacet
  facet normal 0 -1 0
    outer loop
      vertex 90 22 57.5
      vertex -80.61108762716864 22 50.330351379684075
      vertex -80.36862915010153 22 50.131370849898474
    endloop
  endfacet
  facet normal 0 -1 0
    outer loop
      vertex -90 22 57.5
      vertex -81.5 22 50.6
      vertex 90 22 57.5
    endloop
  endfacet
  facet normal 0 -1 0
    outer loop
      vertex 90 22 57.5
      vertex -80.16964862031593 22 49.88891237283136
      vertex -20.312144515225807 22 21.56925644864517
    endloop
  endfacet
  facet normal 0 0 1
    outer loop
      vertex -90 22 57.5
      vertex 90 22 57.5
      vertex -90 25 57.5
    endloop
  endfacet
  facet normal -1 0 0
    outer loop
      vertex -90 22 -57.5
      vertex -90 25 57.5
      vertex -90 25 -57.5
    endloop
  endfacet
  facet normal 0 1 0
    outer loop
      vertex -90 25 -57.5
      vertex -82.83035137968407 25 -49.88891237283136
      vertex -82.63137084989847 25 -50.131370849898474
    endloop
  endfacet
  facet normal 0 1 0
    outer loop
      vertex -90 25 -57.5
      vertex -82.97820725201805 25 -49.61229349178414
      vertex -82.83035137968407 25 -49.88891237283136
    endloop
  endfacet
  facet normal 0 1 0
    outer loop
      vertex -90 25 -57.5
      vertex -83.06925644864516 25 -49.3121445152258
      vertex -82.97820725201805 25 -49.61229349178414
    endloop
  endfacet
  facet normal 0 1 0
    outer loop
      vertex -90 25 -57.5
      vertex -82.63137084989847 25 -50.131370849898474
      vertex -82.38891237283136 25 -50.330351379684075
    endloop
  endfacet
  facet normal 0 1 0
    outer loop
      vertex -90 25 -57.5
      vertex -82.38891237283136 25 -50.330351379684075
      vertex -82.11229349178414 25 -50.47820725201806
    endloop
  endfacet
  facet normal 0 1 0
    outer loop
      vertex -90 25 -57.5
      vertex -82.11229349178414 25 -50.47820725201806
      vertex -81.81214451522581 25 -50.56925644864517
    endloop
  endfacet
  facet normal 0 1 0
    outer loop
      vertex -90 25 -57.5
      vertex -81.81214451522581 25 -50.56925644864517
      vertex -81.5 25 -50.6
    endloop
  endfacet
  facet normal 0 1 0
    outer loop
      vertex -90 25 -57.5
      vertex -83.1 25 -49
      vertex -83.06925644864516 25 -49.3121445152258
    endloop
  endfacet
  facet normal 0 1 0
    outer loop
      vertex -90 25 -57.5
      vertex -83.06925644864516 25 -48.6878554847742
      vertex -83.1 25 -49
    endloop
  endfacet
  facet normal 0 1 0
    outer loop
      vertex -90 25 -57.5
      vertex -82.97820725201805 25 -48.38770650821586
      vertex -83.06925644864516 25 -48.6878554847742
    endloop
  endfacet
  facet normal 0 1 0
    outer loop
      vertex -90 25 -57.5
      vertex -82.83035137968407 25 -48.11108762716864
      vertex -82.97820725201805 25 -48.38770650821586
    endloop
  endfacet
  facet normal 0 1 0
    outer loop
      vertex -80.16964862031593 25 -49.88891237283136
      vertex -80.02179274798195 25 -49.61229349178414
      vertex -20.312144515225807 25 -21.56925644864517
    endloop
  endfacet
  facet normal 0 1 0
    outer loop
      vertex -80.02179274798195 25 -49.61229349178414
      vertex -79.93074355135484 25 -49.3121445152258
      vertex -20.612293491784143 25 -21.47820725201806
    endloop
  endfacet
  facet normal 0 1 0
    outer loop
      vertex -79.93074355135484 25 -49.3121445152258
      vertex -79.9 25 -49
      vertex -20.888912372831363 25 -21.33035137968407
    endloop
  endfacet
  facet normal 0 1 0
    outer loop
      vertex -79.9 25 -49
      vertex -79.93074355135484 25 -48.6878554847742
      vertex -21.131370849898477 25 -21.131370849898477
    endloop
  endfacet
  facet normal 0 1 0
    outer loop
      vertex -80.16964862031593 25 -48.11108762716864
      vertex -80.36862915010153 25 -47.868629150101526
      vertex -21.47820725201806 25 -20.612293491784143
    endloop
  endfacet
  facet normal 0 1 0
    outer loop
      vertex -80.02179274798195 25 -48.38770650821586
      vertex -80.16964862031593 25 -48.11108762716864
      vertex -21.47820725201806 25 -20.612293491784143
    endloop
  endfacet
  facet normal 0 1 0
    outer loop
      vertex -80.61108762716864 25 -47.669648620315925
      vertex -21.6 25 -20
      vertex -80.36862915010153 25 -47.868629150101526
    endloop
  endfacet
  facet normal 0 1 0
    outer loop
      vertex -80.88770650821586 25 -47.52179274798194
      vertex -21.56925644864517 25 -19.687855484774193
      vertex -80.61108762716864 25 -47.669648620315925
    endloop
  endfacet
  facet normal 0 1 0
    outer loop
      vertex -79.93074355135484 25 -48.6878554847742
      vertex -80.02179274798195 25 -48.38770650821586
      vertex -21.33035137968407 25 -20.888912372831363
    endloop
  endfacet
  facet normal 0 1 0
    outer loop
      vertex -90 25 -57.5
      vertex -82.63137084989847 25 47.868629150101526
      vertex -82.83035137968407 25 -48.11108762716864
    endloop
  endfacet
  facet normal 0 1 0
    outer loop
      vertex -82.63137084989847 25 -47.868629150101526
      vertex -82.83035137968407 25 -48.11108762716864
      vertex -82.63137084989847 25 47.868629150101526
    endloop
  endfacet
  facet normal 0 1 0
    outer loop
      vertex -82.63137084989847 25 -47.868629150101526
      vertex -82.38891237283136 25 47.669648620315925
      vertex -82.38891237283136 25 -47.669648620315925
    endloop
  endfacet
  facet normal 0 1 0
    outer loop
      vertex -82.38891237283136 25 -47.669648620315925
      vertex -82.11229349178414 25 47.52179274798194
      vertex -82.11229349178414 25 -47.52179274798194
    endloop
  endfacet
  facet normal 0 1 0
    outer loop
      vertex -82.11229349178414 25 -47.52179274798194
      vertex -81.81214451522581 25 47.43074355135483
      vertex -81.81214451522581 25 -47.43074355135483
    endloop
  endfacet
  facet normal 0 1 0
    outer loop
      vertex -81.81214451522581 25 -47.43074355135483
      vertex -81.5 25 47.4
      vertex -81.5 25 -47.4
    endloop
  endfacet
  facet normal 0 1 0
    outer loop
      vertex -81.5 25 -47.4
      vertex -81.18785548477419 25 47.43074355135483
      vertex -81.18785548477419 25 -47.43074355135483
    endloop
  endfacet
  facet normal 0 1 0
    outer loop
      vertex -81.18785548477419 25 -47.43074355135483
      vertex -80.88770650821586 25 47.52179274798194
      vertex -80.88770650821586 25 -47.52179274798194
    endloop
  endfacet
  facet normal 0 1 0
    outer loop
      vertex -21.33035137968407 25 -19.111087627168637
      vertex -80.88770650821586 25 -47.52179274798194
      vertex -80.88770650821586 25 47.52179274798194
    endloop
  endfacet
  facet normal 0 0 -1
    outer loop
      vertex -90 22 -57.5
      vertex -90 25 -57.5
      vertex 90 25 -57.5
    endloop
  endfacet
  facet normal 0 1 0
    outer loop
      vertex -90 25 -57.5
      vertex -81.5 25 -50.6
      vertex 90 25 -57.5
    endloop
  endfacet
  facet normal 0 1 0
    outer loop
      vertex 90 25 -57.5
      vertex -81.5 25 -50.6
      vertex -81.18785548477419 25 -50.56925644864517
    endloop
  endfacet
  facet normal 0 1 0
    outer loop
      vertex 90 25 -57.5
      vertex -81.18785548477419 25 -50.56925644864517
      vertex -80.88770650821586 25 -50.47820725201806
    endloop
  endfacet
  facet normal 0 1 0
    outer loop
      vertex 90 25 -57.5
      vertex -80.88770650821586 25 -50.47820725201806
      vertex -80.61108762716864 25 -50.330351379684075
    endloop
  endfacet
  facet normal 0 1 0
    outer loop
      vertex 90 25 -57.5
      vertex -80.61108762716864 25 -50.330351379684075
      vertex -80.36862915010153 25 -50.131370849898474
    endloop
  endfacet
  facet normal 0 1 0
    outer loop
      vertex 90 25 -57.5
      vertex -80.36862915010153 25 -50.131370849898474
      vertex -80.16964862031593 25 -49.88891237283136
    endloop
  endfacet
  facet normal 0 1 0
    outer loop
      vertex -79.93074355135484 25 -49.3121445152258
      vertex -20.888912372831363 25 -21.33035137968407
      vertex -20.612293491784143 25 -21.47820725201806
    endloop
  endfacet
  facet normal 0 1 0
    outer loop
      vertex -80.02179274798195 25 -49.61229349178414
      vertex -20.612293491784143 25 -21.47820725201806
      vertex -20.312144515225807 25 -21.56925644864517
    endloop
  endfacet
  facet normal 0 1 0
    outer loop
      vertex -79.93074355135484 25 -48.6878554847742
      vertex -21.33035137968407 25 -20.888912372831363
      vertex -21.131370849898477 25 -21.131370849898477
    endloop
  endfacet
  facet normal 0 1 0
    outer loop
      vertex -80.02179274798195 25 -48.38770650821586
      vertex -21.47820725201806 25 -20.612293491784143
      vertex -21.33035137968407 25 -20.888912372831363
    endloop
  endfacet
  facet normal 0 1 0
    outer loop
      vertex -21.56925644864517 25 -20.312144515225807
      vertex -21.47820725201806 25 -20.612293491784143
      vertex -80.36862915010153 25 -47.868629150101526
    endloop
  endfacet
  facet normal 0 1 0
    outer loop
      vertex -21.6 25 -20
      vertex -21.56925644864517 25 -20.312144515225807
      vertex -80.36862915010153 25 -47.868629150101526
    endloop
  endfacet
  facet normal 0 1 0
    outer loop
      vertex -21.56925644864517 25 -19.687855484774193
      vertex -21.6 25 -20
      vertex -80.61108762716864 25 -47.669648620315925
    endloop
  endfacet
  facet normal 0 1 0
    outer loop
      vertex -21.47820725201806 25 -19.387706508215857
      vertex -21.56925644864517 25 -19.687855484774193
      vertex -80.88770650821586 25 -47.52179274798194
    endloop
  endfacet
  facet normal 0 1 0
    outer loop
      vertex -79.9 25 -49
      vertex -21.131370849898477 25 -21.131370849898477
      vertex -20.888912372831363 25 -21.33035137968407
    endloop
  endfacet
  facet normal 0 1 0
    outer loop
      vertex 90 25 -57.5
      vertex -80.16964862031593 25 -49.88891237283136
      vertex -20.312144515225807 25 -21.56925644864517
    endloop
  endfacet
  facet normal 0 1 0
    outer loop
      vertex -21.33035137968407 25 -19.111087627168637
      vertex -21.47820725201806 25 -19.387706508215857
      vertex -80.88770650821586 25 -47.52179274798194
    endloop
  endfacet
  facet normal 0 1 0
    outer loop
      vertex -90 25 -57.5
      vertex -82.97820725201805 25 48.38770650821586
      vertex -82.83035137968407 25 48.11108762716864
    endloop
  endfacet
  facet normal 0 1 0
    outer loop
      vertex -90 25 -57.5
      vertex -82.83035137968407 25 48.11108762716864
      vertex -82.63137084989847 25 47.868629150101526
    endloop
  endfacet
  facet normal 0 1 0
    outer loop
      vertex -90 25 -57.5
      vertex -83.06925644864516 25 48.6878554847742
      vertex -82.97820725201805 25 48.38770650821586
    endloop
  endfacet
  facet normal 0 1 0
    outer loop
      vertex -90 25 -57.5
      vertex -83.1 25 49
      vertex -83.06925644864516 25 48.6878554847742
    endloop
  endfacet
  facet normal 0 1 0
    outer loop
      vertex -90 25 -57.5
      vertex -90 25 57.5
      vertex -83.1 25 49
    endloop
  endfacet
  facet normal 0 1 0
    outer loop
      vertex -82.63137084989847 25 -47.868629150101526
      vertex -82.63137084989847 25 47.868629150101526
      vertex -82.38891237283136 25 47.669648620315925
    endloop
  endfacet
  facet normal 0 1 0
    outer loop
      vertex -82.38891237283136 25 -47.669648620315925
      vertex -82.38891237283136 25 47.669648620315925
      vertex -82.11229349178414 25 47.52179274798194
    endloop
  endfacet
  facet normal 0 1 0
    outer loop
      vertex -82.11229349178414 25 -47.52179274798194
      vertex -82.11229349178414 25 47.52179274798194
      vertex -81.81214451522581 25 47.43074355135483
    endloop
  endfacet
  facet normal 0 1 0
    outer loop
      vertex -81.81214451522581 25 -47.43074355135483
      vertex -81.81214451522581 25 47.43074355135483
      vertex -81.5 25 47.4
    endloop
  endfacet
  facet normal 0 1 0
    outer loop
      vertex -81.5 25 -47.4
      vertex -81.5 25 47.4
      vertex -81.18785548477419 25 47.43074355135483
    endloop
  endfacet
  facet normal 0 1 0
    outer loop
      vertex -81.18785548477419 25 -47.43074355135483
      vertex -81.18785548477419 25 47.43074355135483
      vertex -80.88770650821586 25 47.52179274798194
    endloop
  endfacet
  facet normal 0 1 0
    outer loop
      vertex -21.33035137968407 25 -19.111087627168637
      vertex -80.88770650821586 25 47.52179274798194
      vertex -80.61108762716864 25 47.669648620315925
    endloop
  endfacet
  facet normal 0 1 0
    outer loop
      vertex -21.131370849898477 25 -18.868629150101523
      vertex -80.61108762716864 25 47.669648620315925
      vertex -80.36862915010153 25 47.868629150101526
    endloop
  endfacet
  facet normal 0 1 0
    outer loop
      vertex -80.36862915010153 25 47.868629150101526
      vertex -80.16964862031593 25 48.11108762716864
      vertex -20.888912372831363 25 -18.66964862031593
    endloop
  endfacet
  facet normal 0 1 0
    outer loop
      vertex -20.888912372831363 25 -18.66964862031593
      vertex -80.16964862031593 25 48.11108762716864
      vertex -80.02179274798195 25 48.38770650821586
    endloop
  endfacet
  facet normal 0 1 0
    outer loop
      vertex -20.612293491784143 25 -18.52179274798194
      vertex -80.02179274798195 25 48.38770650821586
      vertex -79.93074355135484 25 48.6878554847742
    endloop
  endfacet
  facet normal 0 1 0
    outer loop
      vertex -20.312144515225807 25 -18.43074355135483
      vertex -79.93074355135484 25 48.6878554847742
      vertex -79.9 25 49
    endloop
  endfacet
  facet normal 0 1 0
    outer loop
      vertex -79.9 25 49
      vertex -79.93074355135484 25 49.3121445152258
      vertex -20 25 -18.4
    endloop
  endfacet
  facet normal 0 1 0
    outer loop
      vertex -79.93074355135484 25 49.3121445152258
      vertex -80.02179274798195 25 49.61229349178414
      vertex -20 25 -18.4
    endloop
  endfacet
  facet normal 0 1 0
    outer loop
      vertex -80.16964862031593 25 49.88891237283136
      vertex -80.36862915010153 25 50.131370849898474
      vertex -20 25 -18.4
    endloop
  endfacet
  facet normal 0 1 0
    outer loop
      vertex -80.02179274798195 25 49.61229349178414
      vertex -80.16964862031593 25 49.88891237283136
      vertex -20 25 -18.4
    endloop
  endfacet
  facet normal 0 1 0
    outer loop
      vertex -80.61108762716864 25 50.330351379684075
      vertex 18.868629150101523 25 -21.131370849898477
      vertex -80.36862915010153 25 50.131370849898474
    endloop
  endfacet
  facet normal 0 1 0
    outer loop
      vertex -90 25 57.5
      vertex -83.06925644864516 25 49.3121445152258
      vertex -83.1 25 49
    endloop
  endfacet
  facet normal 0 1 0
    outer loop
      vertex -90 25 57.5
      vertex -82.97820725201805 25 49.61229349178414
      vertex -83.06925644864516 25 49.3121445152258
    endloop
  endfacet
  facet normal 0 1 0
    outer loop
      vertex -90 25 57.5
      vertex -82.83035137968407 25 49.88891237283136
      vertex -82.97820725201805 25 49.61229349178414
    endloop
  endfacet
  facet normal 0 1 0
    outer loop
      vertex -90 25 57.5
      vertex -82.63137084989847 25 50.131370849898474
      vertex -82.83035137968407 25 49.88891237283136
    endloop
  endfacet
  facet normal 0 1 0
    outer loop
      vertex -90 25 57.5
      vertex -82.38891237283136 25 50.330351379684075
      vertex -82.63137084989847 25 50.131370849898474
    endloop
  endfacet
  facet normal 0 1 0
    outer loop
      vertex -90 25 57.5
      vertex -82.11229349178414 25 50.47820725201806
      vertex -82.38891237283136 25 50.330351379684075
    endloop
  endfacet
  facet normal 0 1 0
    outer loop
      vertex -90 25 57.5
      vertex -81.81214451522581 25 50.56925644864517
      vertex -82.11229349178414 25 50.47820725201806
    endloop
  endfacet
  facet normal 0 1 0
    outer loop
      vertex -90 25 57.5
      vertex -81.5 25 50.6
      vertex -81.81214451522581 25 50.56925644864517
    endloop
  endfacet
  facet normal 0 1 0
    outer loop
      vertex -90 25 57.5
      vertex -81.18785548477419 25 50.56925644864517
      vertex -81.5 25 50.6
    endloop
  endfacet
  facet normal 0 1 0
    outer loop
      vertex -90 25 57.5
      vertex -80.88770650821586 25 50.47820725201806
      vertex -81.18785548477419 25 50.56925644864517
    endloop
  endfacet
  facet normal 0 1 0
    outer loop
      vertex -90 25 57.5
      vertex -80.61108762716864 25 50.330351379684075
      vertex -80.88770650821586 25 50.47820725201806
    endloop
  endfacet
  facet normal 0 1 0
    outer loop
      vertex -90 25 57.5
      vertex 18.868629150101523 25 -21.131370849898477
      vertex -80.61108762716864 25 50.330351379684075
    endloop
  endfacet
  facet normal 0 1 0
    outer loop
      vertex -21.131370849898477 25 -18.868629150101523
      vertex -21.33035137968407 25 -19.111087627168637
      vertex -80.61108762716864 25 47.669648620315925
    endloop
  endfacet
  facet normal 0 1 0
    outer loop
      vertex -21.131370849898477 25 -18.868629150101523
      vertex -80.36862915010153 25 47.868629150101526
      vertex -20.888912372831363 25 -18.66964862031593
    endloop
  endfacet
  facet normal 0 1 0
    outer loop
      vertex -20.888912372831363 25 -18.66964862031593
      vertex -80.02179274798195 25 48.38770650821586
      vertex -20.612293491784143 25 -18.52179274798194
    endloop
  endfacet
  facet normal 0 1 0
    outer loop
      vertex -20.612293491784143 25 -18.52179274798194
      vertex -79.93074355135484 25 48.6878554847742
      vertex -20.312144515225807 25 -18.43074355135483
    endloop
  endfacet
  facet normal 0 1 0
    outer loop
      vertex -20.312144515225807 25 -18.43074355135483
      vertex -79.9 25 49
      vertex -20 25 -18.4
    endloop
  endfacet
  facet normal 0 1 0
    outer loop
      vertex -20 25 -18.4
      vertex -80.36862915010153 25 50.131370849898474
      vertex -19.687855484774193 25 -18.43074355135483
    endloop
  endfacet
  facet normal 0 1 0
    outer loop
      vertex -19.687855484774193 25 -18.43074355135483
      vertex -80.36862915010153 25 50.131370849898474
      vertex -19.387706508215857 25 -18.52179274798194
    endloop
  endfacet
  facet normal 0 1 0
    outer loop
      vertex -19.387706508215857 25 -18.52179274798194
      vertex -80.36862915010153 25 50.131370849898474
      vertex -19.111087627168637 25 -18.66964862031593
    endloop
  endfacet
  facet normal 0 1 0
    outer loop
      vertex -19.111087627168637 25 -18.66964862031593
      vertex -80.36862915010153 25 50.131370849898474
      vertex 18.868629150101523 25 -21.131370849898477
    endloop
  endfacet
  facet normal 0 1 0
    outer loop
      vertex -90 25 57.5
      vertex 18.52179274798194 25 -20.612293491784143
      vertex 18.66964862031593 25 -20.888912372831363
    endloop
  endfacet
  facet normal 0 1 0
    outer loop
      vertex -90 25 57.5
      vertex 18.66964862031593 25 -20.888912372831363
      vertex 18.868629150101523 25 -21.131370849898477
    endloop
  endfacet
  facet normal 0 1 0
    outer loop
      vertex -90 25 57.5
      vertex 18.43074355135483 25 -20.312144515225807
      vertex 18.52179274798194 25 -20.612293491784143
    endloop
  endfacet
  facet normal 0 1 0
    outer loop
      vertex -90 25 57.5
      vertex 18.4 25 -20
      vertex 18.43074355135483 25 -20.312144515225807
    endloop
  endfacet
  facet normal 0 1 0
    outer loop
      vertex -90 25 57.5
      vertex 18.43074355135483 25 -19.687855484774193
      vertex 18.4 25 -20
    endloop
  endfacet
  facet normal 0 1 0
    outer loop
      vertex -90 25 57.5
      vertex 18.52179274798194 25 -19.387706508215857
      vertex 18.43074355135483 25 -19.687855484774193
    endloop
  endfacet
  facet normal 0 1 0
    outer loop
      vertex -90 25 57.5
      vertex 18.66964862031593 25 -19.111087627168637
      vertex 18.52179274798194 25 -19.387706508215857
    endloop
  endfacet
  facet normal 0 1 0
    outer loop
      vertex -90 25 57.5
      vertex 18.868629150101523 25 -18.868629150101523
      vertex 18.66964862031593 25 -19.111087627168637
    endloop
  endfacet
  facet normal 0 1 0
    outer loop
      vertex -90 25 57.5
      vertex 19.111087627168637 25 -18.66964862031593
      vertex 18.868629150101523 25 -18.868629150101523
    endloop
  endfacet
  facet normal 0 1 0
    outer loop
      vertex -90 25 57.5
      vertex 19.387706508215857 25 -18.52179274798194
      vertex 19.111087627168637 25 -18.66964862031593
    endloop
  endfacet
  facet normal 0 1 0
    outer loop
      vertex -90 25 57.5
      vertex 19.687855484774193 25 -18.43074355135483
      vertex 19.387706508215857 25 -18.52179274798194
    endloop
  endfacet
  facet normal 0 1 0
    outer loop
      vertex -90 25 57.5
      vertex 20 25 -18.4
      vertex 19.687855484774193 25 -18.43074355135483
    endloop
  endfacet
  facet normal 0 1 0
    outer loop
      vertex -90 25 57.5
      vertex 20.312144515225807 25 -18.43074355135483
      vertex 20 25 -18.4
    endloop
  endfacet
  facet normal 0 1 0
    outer loop
      vertex -90 25 57.5
      vertex 20.612293491784143 25 -18.52179274798194
      vertex 20.312144515225807 25 -18.43074355135483
    endloop
  endfacet
  facet normal 0 1 0
    outer loop
      vertex -90 25 57.5
      vertex 20.888912372831363 25 -18.66964862031593
      vertex 20.612293491784143 25 -18.52179274798194
    endloop
  endfacet
  facet normal 0 1 0
    outer loop
      vertex -90 25 57.5
      vertex -20.888912372831363 25 18.66964862031593
      vertex 90 25 -57.5
    endloop
  endfacet
  facet normal 0 1 0
    outer loop
      vertex -19.111087627168637 25 18.66964862031593
      vertex 19.387706508215857 25 18.52179274798194
      vertex -19.387706508215857 25 18.52179274798194
    endloop
  endfacet
  facet normal 0 1 0
    outer loop
      vertex -18.868629150101523 25 18.868629150101523
      vertex 19.111087627168637 25 18.66964862031593
      vertex -19.111087627168637 25 18.66964862031593
    endloop
  endfacet
  facet normal 0 1 0
    outer loop
      vertex -18.868629150101523 25 18.868629150101523
      vertex -18.66964862031593 25 19.111087627168637
      vertex 18.868629150101523 25 18.868629150101523
    endloop
  endfacet
  facet normal 0 1 0
    outer loop
      vertex -18.66964862031593 25 19.111087627168637
      vertex -18.52179274798194 25 19.387706508215857
      vertex 18.66964862031593 25 19.111087627168637
    endloop
  endfacet
  facet normal 0 1 0
    outer loop
      vertex -18.52179274798194 25 19.387706508215857
      vertex -18.43074355135483 25 19.687855484774193
      vertex 18.52179274798194 25 19.387706508215857
    endloop
  endfacet
  facet normal 0 1 0
    outer loop
      vertex -18.43074355135483 25 19.687855484774193
      vertex -18.4 25 20
      vertex 18.43074355135483 25 19.687855484774193
    endloop
  endfacet
  facet normal 0 1 0
    outer loop
      vertex -18.4 25 20
      vertex -18.43074355135483 25 20.312144515225807
      vertex 18.4 25 20
    endloop
  endfacet
  facet normal 0 1 0
    outer loop
      vertex -18.43074355135483 25 20.312144515225807
      vertex -18.52179274798194 25 20.612293491784143
      vertex 18.43074355135483 25 20.312144515225807
    endloop
  endfacet
  facet normal 0 1 0
    outer loop
      vertex -19.111087627168637 25 21.33035137968407
      vertex 18.868629150101523 25 21.131370849898477
      vertex -18.868629150101523 25 21.131370849898477
    endloop
  endfacet
  facet normal 0 1 0
    outer loop
      vertex -19.687855484774193 25 21.56925644864517
      vertex 19.387706508215857 25 21.47820725201806
      vertex -19.387706508215857 25 21.47820725201806
    endloop
  endfacet
  facet normal 0 1 0
    outer loop
      vertex -19.387706508215857 25 21.47820725201806
      vertex 19.111087627168637 25 21.33035137968407
      vertex -19.111087627168637 25 21.33035137968407
    endloop
  endfacet
  facet normal 0 1 0
    outer loop
      vertex -18.52179274798194 25 20.612293491784143
      vertex -18.66964862031593 25 20.888912372831363
      vertex 18.52179274798194 25 20.612293491784143
    endloop
  endfacet
  facet normal 0 1 0
    outer loop
      vertex -18.66964862031593 25 20.888912372831363
      vertex -18.868629150101523 25 21.131370849898477
      vertex 18.66964862031593 25 20.888912372831363
    endloop
  endfacet
  facet normal 0 1 0
    outer loop
      vertex -20 25 21.6
      vertex 19.687855484774193 25 21.56925644864517
      vertex -19.687855484774193 25 21.56925644864517
    endloop
  endfacet
  facet normal 0 1 0
    outer loop
      vertex -90 25 57.5
      vertex -21.56925644864517 25 19.687855484774193
      vertex -21.47820725201806 25 19.387706508215857
    endloop
  endfacet
  facet normal 0 1 0
    outer loop
      vertex -90 25 57.5
      vertex -21.33035137968407 25 19.111087627168637
      vertex -21.131370849898477 25 18.868629150101523
    endloop
  endfacet
  facet normal 0 1 0
    outer loop
      vertex -90 25 57.5
      vertex -21.131370849898477 25 18.868629150101523
      vertex -20.888912372831363 25 18.66964862031593
    endloop
  endfacet
  facet normal 0 1 0
    outer loop
      vertex -90 25 57.5
      vertex -21.47820725201806 25 19.387706508215857
      vertex -21.33035137968407 25 19.111087627168637
    endloop
  endfacet
  facet normal 0 1 0
    outer loop
      vertex -90 25 57.5
      vertex -21.6 25 20
      vertex -21.56925644864517 25 19.687855484774193
    endloop
  endfacet
  facet normal 0 1 0
    outer loop
      vertex -90 25 57.5
      vertex -21.56925644864517 25 20.312144515225807
      vertex -21.6 25 20
    endloop
  endfacet
  facet normal 0 1 0
    outer loop
      vertex -90 25 57.5
      vertex -21.47820725201806 25 20.612293491784143
      vertex -21.56925644864517 25 20.312144515225807
    endloop
  endfacet
  facet normal 0 1 0
    outer loop
      vertex -90 25 57.5
      vertex -21.33035137968407 25 20.888912372831363
      vertex -21.47820725201806 25 20.612293491784143
    endloop
  endfacet
  facet normal 0 1 0
    outer loop
      vertex -90 25 57.5
      vertex -21.131370849898477 25 21.131370849898477
      vertex -21.33035137968407 25 20.888912372831363
    endloop
  endfacet
  facet normal 0 1 0
    outer loop
      vertex -90 25 57.5
      vertex -20.888912372831363 25 21.33035137968407
      vertex -21.131370849898477 25 21.131370849898477
    endloop
  endfacet
  facet normal 0 1 0
    outer loop
      vertex -90 25 57.5
      vertex -20.612293491784143 25 21.47820725201806
      vertex -20.888912372831363 25 21.33035137968407
    endloop
  endfacet
  facet normal 0 1 0
    outer loop
      vertex -90 25 57.5
      vertex -20.312144515225807 25 21.56925644864517
      vertex -20.612293491784143 25 21.47820725201806
    endloop
  endfacet
  facet normal 0 1 0
    outer loop
      vertex -90 25 57.5
      vertex -20 25 21.6
      vertex -20.312144515225807 25 21.56925644864517
    endloop
  endfacet
  facet normal 0 1 0
    outer loop
      vertex -90 25 57.5
      vertex 90 25 57.5
      vertex -20 25 21.6
    endloop
  endfacet
  facet normal 0 -1 0
    outer loop
      vertex 90 22 -57.5
      vertex 20 22 -21.6
      vertex -20 22 -21.6
    endloop
  endfacet
  facet normal 0 -1 0
    outer loop
      vertex 90 22 -57.5
      vertex 20.312144515225807 22 -21.56925644864517
      vertex 20 22 -21.6
    endloop
  endfacet
  facet normal 0 -1 0
    outer loop
      vertex 90 22 -57.5
      vertex 20.612293491784143 22 -21.47820725201806
      vertex 20.312144515225807 22 -21.56925644864517
    endloop
  endfacet
  facet normal 0 -1 0
    outer loop
      vertex 90 22 -57.5
      vertex 20.888912372831363 22 -21.33035137968407
      vertex 20.612293491784143 22 -21.47820725201806
    endloop
  endfacet
  facet normal 0 -1 0
    outer loop
      vertex 90 22 -57.5
      vertex 21.131370849898477 22 -21.131370849898477
      vertex 20.888912372831363 22 -21.33035137968407
    endloop
  endfacet
  facet normal 0 -1 0
    outer loop
      vertex 90 22 -57.5
      vertex 21.33035137968407 22 -20.888912372831363
      vertex 21.131370849898477 22 -21.131370849898477
    endloop
  endfacet
  facet normal 0 -1 0
    outer loop
      vertex 90 22 -57.5
      vertex 21.47820725201806 22 -20.612293491784143
      vertex 21.33035137968407 22 -20.888912372831363
    endloop
  endfacet
  facet normal 0 -1 0
    outer loop
      vertex 90 22 -57.5
      vertex 21.56925644864517 22 -20.312144515225807
      vertex 21.47820725201806 22 -20.612293491784143
    endloop
  endfacet
  facet normal 0 -1 0
    outer loop
      vertex 90 22 -57.5
      vertex 21.6 22 -20
      vertex 21.56925644864517 22 -20.312144515225807
    endloop
  endfacet
  facet normal 0 -1 0
    outer loop
      vertex 90 22 -57.5
      vertex 21.56925644864517 22 -19.687855484774193
      vertex 21.6 22 -20
    endloop
  endfacet
  facet normal 0 -1 0
    outer loop
      vertex 90 22 -57.5
      vertex 21.33035137968407 22 -19.111087627168637
      vertex 21.47820725201806 22 -19.387706508215857
    endloop
  endfacet
  facet normal 0 -1 0
    outer loop
      vertex 90 22 -57.5
      vertex 21.131370849898477 22 -18.868629150101523
      vertex 21.33035137968407 22 -19.111087627168637
    endloop
  endfacet
  facet normal 0 -1 0
    outer loop
      vertex 90 22 -57.5
      vertex 21.47820725201806 22 -19.387706508215857
      vertex 21.56925644864517 22 -19.687855484774193
    endloop
  endfacet
  facet normal 0 -1 0
    outer loop
      vertex -20 22 -21.6
      vertex 20 22 -21.6
      vertex 19.687855484774193 22 -21.56925644864517
    endloop
  endfacet
  facet normal 0 -1 0
    outer loop
      vertex -19.111087627168637 22 -21.33035137968407
      vertex 19.111087627168637 22 -21.33035137968407
      vertex 18.868629150101523 22 -21.131370849898477
    endloop
  endfacet
  facet normal 0 -1 0
    outer loop
      vertex -18.868629150101523 22 -21.131370849898477
      vertex 18.868629150101523 22 -21.131370849898477
      vertex 18.66964862031593 22 -20.888912372831363
    endloop
  endfacet
  facet normal 0 -1 0
    outer loop
      vertex -18.66964862031593 22 -20.888912372831363
      vertex 18.66964862031593 22 -20.888912372831363
      vertex 18.52179274798194 22 -20.612293491784143
    endloop
  endfacet
  facet normal 0 -1 0
    outer loop
      vertex -19.687855484774193 22 -21.56925644864517
      vertex 19.687855484774193 22 -21.56925644864517
      vertex 19.387706508215857 22 -21.47820725201806
    endloop
  endfacet
  facet normal 0 -1 0
    outer loop
      vertex -19.387706508215857 22 -21.47820725201806
      vertex 19.387706508215857 22 -21.47820725201806
      vertex 19.111087627168637 22 -21.33035137968407
    endloop
  endfacet
  facet normal 0 -1 0
    outer loop
      vertex -18.52179274798194 22 -20.612293491784143
      vertex 18.52179274798194 22 -20.612293491784143
      vertex 18.43074355135483 22 -20.312144515225807
    endloop
  endfacet
  facet normal 0 -1 0
    outer loop
      vertex -18.43074355135483 22 -20.312144515225807
      vertex 18.43074355135483 22 -20.312144515225807
      vertex 18.4 22 -20
    endloop
  endfacet
  facet normal 0 -1 0
    outer loop
      vertex -18.4 22 -20
      vertex 18.4 22 -20
      vertex 18.43074355135483 22 -19.687855484774193
    endloop
  endfacet
  facet normal 0 -1 0
    outer loop
      vertex -18.43074355135483 22 -19.687855484774193
      vertex 18.43074355135483 22 -19.687855484774193
      vertex 18.52179274798194 22 -19.387706508215857
    endloop
  endfacet
  facet normal 0 -1 0
    outer loop
      vertex -18.52179274798194 22 -19.387706508215857
      vertex 18.52179274798194 22 -19.387706508215857
      vertex 18.66964862031593 22 -19.111087627168637
    endloop
  endfacet
  facet normal 0 -1 0
    outer loop
      vertex -18.66964862031593 22 -19.111087627168637
      vertex 18.66964862031593 22 -19.111087627168637
      vertex 18.868629150101523 22 -18.868629150101523
    endloop
  endfacet
  facet normal 0 -1 0
    outer loop
      vertex -18.868629150101523 22 -18.868629150101523
      vertex 18.868629150101523 22 -18.868629150101523
      vertex 19.111087627168637 22 -18.66964862031593
    endloop
  endfacet
  facet normal 0 -1 0
    outer loop
      vertex -19.111087627168637 22 -18.66964862031593
      vertex 19.111087627168637 22 -18.66964862031593
      vertex 19.387706508215857 22 -18.52179274798194
    endloop
  endfacet
  facet normal 0 0 -1
    outer loop
      vertex -90 22 -57.5
      vertex 90 25 -57.5
      vertex 90 22 -57.5
    endloop
  endfacet
  facet normal 0 -1 0
    outer loop
      vertex 80.36862915010153 22 -50.131370849898474
      vertex 21.131370849898477 22 -18.868629150101523
      vertex 80.61108762716864 22 -50.330351379684075
    endloop
  endfacet
  facet normal 0 -1 0
    outer loop
      vertex 21.131370849898477 22 -18.868629150101523
      vertex 80.36862915010153 22 -50.131370849898474
      vertex 80.16964862031593 22 -49.88891237283136
    endloop
  endfacet
  facet normal 0 -1 0
    outer loop
      vertex 80.61108762716864 22 -50.330351379684075
      vertex 21.131370849898477 22 -18.868629150101523
      vertex 80.88770650821586 22 -50.47820725201806
    endloop
  endfacet
  facet normal 0 -1 0
    outer loop
      vertex 80.16964862031593 22 -49.88891237283136
      vertex 80.02179274798195 22 -49.61229349178414
      vertex 21.131370849898477 22 -18.868629150101523
    endloop
  endfacet
  facet normal 0 -1 0
    outer loop
      vertex 80.02179274798195 22 -49.61229349178414
      vertex 79.93074355135484 22 -49.3121445152258
      vertex 21.131370849898477 22 -18.868629150101523
    endloop
  endfacet
  facet normal 0 -1 0
    outer loop
      vertex 79.93074355135484 22 -49.3121445152258
      vertex 79.9 22 -49
      vertex 21.131370849898477 22 -18.868629150101523
    endloop
  endfacet
  facet normal 0 -1 0
    outer loop
      vertex 79.9 22 -49
      vertex 79.93074355135484 22 -48.6878554847742
      vertex 21.131370849898477 22 -18.868629150101523
    endloop
  endfacet
  facet normal 0 -1 0
    outer loop
      vertex 79.93074355135484 22 -48.6878554847742
      vertex 80.02179274798195 22 -48.38770650821586
      vertex 21.131370849898477 22 -18.868629150101523
    endloop
  endfacet
  facet normal 0 -1 0
    outer loop
      vertex 90 22 -57.5
      vertex 80.88770650821586 22 -50.47820725201806
      vertex 21.131370849898477 22 -18.868629150101523
    endloop
  endfacet
  facet normal 0 -1 0
    outer loop
      vertex 90 22 -57.5
      vertex 81.18785548477419 22 -50.56925644864517
      vertex 80.88770650821586 22 -50.47820725201806
    endloop
  endfacet
  facet normal 0 -1 0
    outer loop
      vertex 90 22 -57.5
      vertex 81.5 22 -50.6
      vertex 81.18785548477419 22 -50.56925644864517
    endloop
  endfacet
  facet normal 0 -1 0
    outer loop
      vertex 90 22 -57.5
      vertex 81.81214451522581 22 -50.56925644864517
      vertex 81.5 22 -50.6
    endloop
  endfacet
  facet normal 0 -1 0
    outer loop
      vertex 90 22 -57.5
      vertex 82.11229349178414 22 -50.47820725201806
      vertex 81.81214451522581 22 -50.56925644864517
    endloop
  endfacet
  facet normal 0 -1 0
    outer loop
      vertex 90 22 -57.5
      vertex 82.38891237283136 22 -50.330351379684075
      vertex 82.11229349178414 22 -50.47820725201806
    endloop
  endfacet
  facet normal 0 -1 0
    outer loop
      vertex 90 22 -57.5
      vertex 82.63137084989847 22 -50.131370849898474
      vertex 82.38891237283136 22 -50.330351379684075
    endloop
  endfacet
  facet normal 0 -1 0
    outer loop
      vertex 90 22 -57.5
      vertex 82.83035137968407 22 -49.88891237283136
      vertex 82.63137084989847 22 -50.131370849898474
    endloop
  endfacet
  facet normal 0 -1 0
    outer loop
      vertex 90 22 -57.5
      vertex 82.97820725201805 22 -49.61229349178414
      vertex 82.83035137968407 22 -49.88891237283136
    endloop
  endfacet
  facet normal 0 -1 0
    outer loop
      vertex 90 22 -57.5
      vertex 83.06925644864516 22 -49.3121445152258
      vertex 82.97820725201805 22 -49.61229349178414
    endloop
  endfacet
  facet normal 0 -1 0
    outer loop
      vertex 90 22 -57.5
      vertex 83.1 22 -49
      vertex 83.06925644864516 22 -49.3121445152258
    endloop
  endfacet
  facet normal 0 -1 0
    outer loop
      vertex 80.02179274798195 22 -48.38770650821586
      vertex 80.02179274798195 22 48.38770650821586
      vertex 21.131370849898477 22 -18.868629150101523
    endloop
  endfacet
  facet normal 0 -1 0
    outer loop
      vertex 80.02179274798195 22 -48.38770650821586
      vertex 80.16964862031593 22 -48.11108762716864
      vertex 80.02179274798195 22 48.38770650821586
    endloop
  endfacet
  facet normal 0 -1 0
    outer loop
      vertex 80.16964862031593 22 -48.11108762716864
      vertex 80.36862915010153 22 -47.868629150101526
      vertex 80.16964862031593 22 48.11108762716864
    endloop
  endfacet
  facet normal 0 -1 0
    outer loop
      vertex 80.36862915010153 22 -47.868629150101526
      vertex 80.61108762716864 22 -47.669648620315925
      vertex 80.36862915010153 22 47.868629150101526
    endloop
  endfacet
  facet normal 0 -1 0
    outer loop
      vertex 80.88770650821586 22 -47.52179274798194
      vertex 80.61108762716864 22 47.669648620315925
      vertex 80.61108762716864 22 -47.669648620315925
    endloop
  endfacet
  facet normal 0 -1 0
    outer loop
      vertex 81.18785548477419 22 -47.43074355135483
      vertex 80.88770650821586 22 47.52179274798194
      vertex 80.88770650821586 22 -47.52179274798194
    endloop
  endfacet
  facet normal 0 -1 0
    outer loop
      vertex 81.5 22 -47.4
      vertex 81.18785548477419 22 47.43074355135483
      vertex 81.18785548477419 22 -47.43074355135483
    endloop
  endfacet
  facet normal 0 -1 0
    outer loop
      vertex 81.81214451522581 22 -47.43074355135483
      vertex 81.5 22 47.4
      vertex 81.5 22 -47.4
    endloop
  endfacet
  facet normal 0 -1 0
    outer loop
      vertex 82.11229349178414 22 -47.52179274798194
      vertex 81.81214451522581 22 47.43074355135483
      vertex 81.81214451522581 22 -47.43074355135483
    endloop
  endfacet
  facet normal 0 -1 0
    outer loop
      vertex 82.38891237283136 22 -47.669648620315925
      vertex 82.11229349178414 22 47.52179274798194
      vertex 82.11229349178414 22 -47.52179274798194
    endloop
  endfacet
  facet normal 0 -1 0
    outer loop
      vertex 82.63137084989847 22 -47.868629150101526
      vertex 82.38891237283136 22 47.669648620315925
      vertex 82.38891237283136 22 -47.669648620315925
    endloop
  endfacet
  facet normal 0 -1 0
    outer loop
      vertex 90 22 -57.5
      vertex 90 22 57.5
      vertex 83.1 22 -49
    endloop
  endfacet
  facet normal 0 -1 0
    outer loop
      vertex 90 22 57.5
      vertex 83.06925644864516 22 -48.6878554847742
      vertex 83.1 22 -49
    endloop
  endfacet
  facet normal 0 -1 0
    outer loop
      vertex 90 22 57.5
      vertex 82.97820725201805 22 -48.38770650821586
      vertex 83.06925644864516 22 -48.6878554847742
    endloop
  endfacet
  facet normal 0 -1 0
    outer loop
      vertex 90 22 57.5
      vertex 82.63137084989847 22 -47.868629150101526
      vertex 82.83035137968407 22 -48.11108762716864
    endloop
  endfacet
  facet normal 0 -1 0
    outer loop
      vertex 90 22 57.5
      vertex 82.83035137968407 22 -48.11108762716864
      vertex 82.97820725201805 22 -48.38770650821586
    endloop
  endfacet
  facet normal 1 0 0
    outer loop
      vertex 90 22 -57.5
      vertex 90 25 -57.5
      vertex 90 22 57.5
    endloop
  endfacet
  facet normal 0 -1 0
    outer loop
      vertex -90 22 -57.5
      vertex 90 22 57.5
      vertex 20.888912372831363 22 18.66964862031593
    endloop
  endfacet
  facet normal 0 -1 0
    outer loop
      vertex -20 22 -18.4
      vertex 80.02179274798195 22 49.61229349178414
      vertex -20.312144515225807 22 -18.43074355135483
    endloop
  endfacet
  facet normal 0 -1 0
    outer loop
      vertex -20.312144515225807 22 -18.43074355135483
      vertex 80.16964862031593 22 49.88891237283136
      vertex -20.612293491784143 22 -18.52179274798194
    endloop
  endfacet
  facet normal 0 -1 0
    outer loop
      vertex -19.687855484774193 22 -18.43074355135483
      vertex 79.93074355135484 22 49.3121445152258
      vertex -20 22 -18.4
    endloop
  endfacet
  facet normal 0 -1 0
    outer loop
      vertex -19.387706508215857 22 -18.52179274798194
      vertex 79.93074355135484 22 49.3121445152258
      vertex -19.687855484774193 22 -18.43074355135483
    endloop
  endfacet
  facet normal 0 -1 0
    outer loop
      vertex 90 22 57.5
      vertex -20.888912372831363 22 -18.66964862031593
      vertex -20.612293491784143 22 -18.52179274798194
    endloop
  endfacet
  facet normal 0 -1 0
    outer loop
      vertex -19.111087627168637 22 18.66964862031593
      vertex 18.868629150101523 22 21.131370849898477
      vertex 19.111087627168637 22 21.33035137968407
    endloop
  endfacet
  facet normal 0 -1 0
    outer loop
      vertex -19.111087627168637 22 18.66964862031593
      vertex 19.111087627168637 22 21.33035137968407
      vertex 19.387706508215857 22 21.47820725201806
    endloop
  endfacet
  facet normal 0 -1 0
    outer loop
      vertex -19.387706508215857 22 -18.52179274798194
      vertex 19.387706508215857 22 -18.52179274798194
      vertex 79.93074355135484 22 49.3121445152258
    endloop
  endfacet
  facet normal 0 -1 0
    outer loop
      vertex 19.687855484774193 22 -18.43074355135483
      vertex 79.93074355135484 22 49.3121445152258
      vertex 19.387706508215857 22 -18.52179274798194
    endloop
  endfacet
  facet normal 0 -1 0
    outer loop
      vertex 20 22 -18.4
      vertex 79.9 22 49
      vertex 19.687855484774193 22 -18.43074355135483
    endloop
  endfacet
  facet normal 0 -1 0
    outer loop
      vertex 20.612293491784143 22 -18.52179274798194
      vertex 80.02179274798195 22 48.38770650821586
      vertex 20.312144515225807 22 -18.43074355135483
    endloop
  endfacet
  facet normal 0 -1 0
    outer loop
      vertex 20.312144515225807 22 -18.43074355135483
      vertex 79.93074355135484 22 48.6878554847742
      vertex 20 22 -18.4
    endloop
  endfacet
  facet normal 0 -1 0
    outer loop
      vertex 20.888912372831363 22 -18.66964862031593
      vertex 80.02179274798195 22 48.38770650821586
      vertex 20.612293491784143 22 -18.52179274798194
    endloop
  endfacet
  facet normal 0 -1 0
    outer loop
      vertex 21.131370849898477 22 -18.868629150101523
      vertex 80.02179274798195 22 48.38770650821586
      vertex 20.888912372831363 22 -18.66964862031593
    endloop
  endfacet
  facet normal 0 -1 0
    outer loop
      vertex 90 22 57.5
      vertex -20.312144515225807 22 21.56925644864517
      vertex -20 22 21.6
    endloop
  endfacet
  facet normal 0 -1 0
    outer loop
      vertex 90 22 57.5
      vertex -20 22 21.6
      vertex -19.687855484774193 22 21.56925644864517
    endloop
  endfacet
  facet normal 0 -1 0
    outer loop
      vertex 90 22 57.5
      vertex -18.868629150101523 22 18.868629150101523
      vertex -19.111087627168637 22 18.66964862031593
    endloop
  endfacet
  facet normal 0 -1 0
    outer loop
      vertex 90 22 57.5
      vertex -18.66964862031593 22 19.111087627168637
      vertex -18.868629150101523 22 18.868629150101523
    endloop
  endfacet
  facet normal 0 -1 0
    outer loop
      vertex 90 22 57.5
      vertex -18.52179274798194 22 19.387706508215857
      vertex -18.66964862031593 22 19.111087627168637
    endloop
  endfacet
  facet normal 0 -1 0
    outer loop
      vertex 90 22 57.5
      vertex -18.43074355135483 22 19.687855484774193
      vertex -18.52179274798194 22 19.387706508215857
    endloop
  endfacet
  facet normal 0 -1 0
    outer loop
      vertex 90 22 57.5
      vertex -18.868629150101523 22 21.131370849898477
      vertex -18.66964862031593 22 20.888912372831363
    endloop
  endfacet
  facet normal 0 -1 0
    outer loop
      vertex 90 22 57.5
      vertex -18.4 22 20
      vertex -18.43074355135483 22 19.687855484774193
    endloop
  endfacet
  facet normal 0 -1 0
    outer loop
      vertex 90 22 57.5
      vertex -18.43074355135483 22 20.312144515225807
      vertex -18.4 22 20
    endloop
  endfacet
  facet normal 0 -1 0
    outer loop
      vertex 90 22 57.5
      vertex -18.52179274798194 22 20.612293491784143
      vertex -18.43074355135483 22 20.312144515225807
    endloop
  endfacet
  facet normal 0 -1 0
    outer loop
      vertex 90 22 57.5
      vertex -18.66964862031593 22 20.888912372831363
      vertex -18.52179274798194 22 20.612293491784143
    endloop
  endfacet
  facet normal 0 -1 0
    outer loop
      vertex 90 22 57.5
      vertex -19.387706508215857 22 21.47820725201806
      vertex -19.111087627168637 22 21.33035137968407
    endloop
  endfacet
  facet normal 0 -1 0
    outer loop
      vertex 90 22 57.5
      vertex -19.687855484774193 22 21.56925644864517
      vertex -19.387706508215857 22 21.47820725201806
    endloop
  endfacet
  facet normal 0 -1 0
    outer loop
      vertex 90 22 57.5
      vertex -19.111087627168637 22 21.33035137968407
      vertex -18.868629150101523 22 21.131370849898477
    endloop
  endfacet
  facet normal 0 -1 0
    outer loop
      vertex 90 22 57.5
      vertex -19.111087627168637 22 18.66964862031593
      vertex 19.387706508215857 22 21.47820725201806
    endloop
  endfacet
  facet normal 0 -1 0
    outer loop
      vertex 90 22 57.5
      vertex 21.131370849898477 22 18.868629150101523
      vertex 20.888912372831363 22 18.66964862031593
    endloop
  endfacet
  facet normal 0 -1 0
    outer loop
      vertex 90 22 57.5
      vertex 21.33035137968407 22 19.111087627168637
      vertex 21.131370849898477 22 18.868629150101523
    endloop
  endfacet
  facet normal 0 -1 0
    outer loop
      vertex 90 22 57.5
      vertex 21.47820725201806 22 19.387706508215857
      vertex 21.33035137968407 22 19.111087627168637
    endloop
  endfacet
  facet normal 0 -1 0
    outer loop
      vertex 90 22 57.5
      vertex 21.56925644864517 22 19.687855484774193
      vertex 21.47820725201806 22 19.387706508215857
    endloop
  endfacet
  facet normal 0 -1 0
    outer loop
      vertex 90 22 57.5
      vertex 19.387706508215857 22 21.47820725201806
      vertex 19.687855484774193 22 21.56925644864517
    endloop
  endfacet
  facet normal 0 -1 0
    outer loop
      vertex 90 22 57.5
      vertex 19.687855484774193 22 21.56925644864517
      vertex 20 22 21.6
    endloop
  endfacet
  facet normal 0 -1 0
    outer loop
      vertex 90 22 57.5
      vertex 20 22 21.6
      vertex 20.312144515225807 22 21.56925644864517
    endloop
  endfacet
  facet normal 0 -1 0
    outer loop
      vertex 90 22 57.5
      vertex 21.33035137968407 22 20.888912372831363
      vertex 21.47820725201806 22 20.612293491784143
    endloop
  endfacet
  facet normal 0 -1 0
    outer loop
      vertex 90 22 57.5
      vertex 21.131370849898477 22 21.131370849898477
      vertex 21.33035137968407 22 20.888912372831363
    endloop
  endfacet
  facet normal 0 -1 0
    outer loop
      vertex 90 22 57.5
      vertex 21.6 22 20
      vertex 21.56925644864517 22 19.687855484774193
    endloop
  endfacet
  facet normal 0 -1 0
    outer loop
      vertex 90 22 57.5
      vertex 21.56925644864517 22 20.312144515225807
      vertex 21.6 22 20
    endloop
  endfacet
  facet normal 0 -1 0
    outer loop
      vertex 90 22 57.5
      vertex 21.47820725201806 22 20.612293491784143
      vertex 21.56925644864517 22 20.312144515225807
    endloop
  endfacet
  facet normal 0 -1 0
    outer loop
      vertex 90 22 57.5
      vertex 20.612293491784143 22 21.47820725201806
      vertex 20.888912372831363 22 21.33035137968407
    endloop
  endfacet
  facet normal 0 -1 0
    outer loop
      vertex 90 22 57.5
      vertex 20.312144515225807 22 21.56925644864517
      vertex 20.612293491784143 22 21.47820725201806
    endloop
  endfacet
  facet normal 0 -1 0
    outer loop
      vertex 90 22 57.5
      vertex 20.888912372831363 22 21.33035137968407
      vertex 21.131370849898477 22 21.131370849898477
    endloop
  endfacet
  facet normal 0 -1 0
    outer loop
      vertex -20 22 -18.4
      vertex 79.93074355135484 22 49.3121445152258
      vertex 80.02179274798195 22 49.61229349178414
    endloop
  endfacet
  facet normal 0 -1 0
    outer loop
      vertex -20.312144515225807 22 -18.43074355135483
      vertex 80.02179274798195 22 49.61229349178414
      vertex 80.16964862031593 22 49.88891237283136
    endloop
  endfacet
  facet normal 0 -1 0
    outer loop
      vertex -20.612293491784143 22 -18.52179274798194
      vertex 80.16964862031593 22 49.88891237283136
      vertex 80.36862915010153 22 50.131370849898474
    endloop
  endfacet
  facet normal 0 -1 0
    outer loop
      vertex -20.612293491784143 22 -18.52179274798194
      vertex 80.36862915010153 22 50.131370849898474
      vertex 80.61108762716864 22 50.330351379684075
    endloop
  endfacet
  facet normal 0 -1 0
    outer loop
      vertex 80.02179274798195 22 48.38770650821586
      vertex 79.93074355135484 22 48.6878554847742
      vertex 20.312144515225807 22 -18.43074355135483
    endloop
  endfacet
  facet normal 0 -1 0
    outer loop
      vertex 79.93074355135484 22 48.6878554847742
      vertex 79.9 22 49
      vertex 20 22 -18.4
    endloop
  endfacet
  facet normal 0 -1 0
    outer loop
      vertex 79.9 22 49
      vertex 79.93074355135484 22 49.3121445152258
      vertex 19.687855484774193 22 -18.43074355135483
    endloop
  endfacet
  facet normal 0 -1 0
    outer loop
      vertex 80.16964862031593 22 48.11108762716864
      vertex 80.02179274798195 22 48.38770650821586
      vertex 80.16964862031593 22 -48.11108762716864
    endloop
  endfacet
  facet normal 0 -1 0
    outer loop
      vertex 80.36862915010153 22 -47.868629150101526
      vertex 80.36862915010153 22 47.868629150101526
      vertex 80.16964862031593 22 48.11108762716864
    endloop
  endfacet
  facet normal 0 -1 0
    outer loop
      vertex 80.61108762716864 22 47.669648620315925
      vertex 80.88770650821586 22 -47.52179274798194
      vertex 80.88770650821586 22 47.52179274798194
    endloop
  endfacet
  facet normal 0 -1 0
    outer loop
      vertex 80.36862915010153 22 47.868629150101526
      vertex 80.61108762716864 22 -47.669648620315925
      vertex 80.61108762716864 22 47.669648620315925
    endloop
  endfacet
  facet normal 0 -1 0
    outer loop
      vertex 81.18785548477419 22 -47.43074355135483
      vertex 81.18785548477419 22 47.43074355135483
      vertex 80.88770650821586 22 47.52179274798194
    endloop
  endfacet
  facet normal 0 -1 0
    outer loop
      vertex 81.5 22 -47.4
      vertex 81.5 22 47.4
      vertex 81.18785548477419 22 47.43074355135483
    endloop
  endfacet
  facet normal 0 -1 0
    outer loop
      vertex 81.81214451522581 22 -47.43074355135483
      vertex 81.81214451522581 22 47.43074355135483
      vertex 81.5 22 47.4
    endloop
  endfacet
  facet normal 0 -1 0
    outer loop
      vertex 82.11229349178414 22 -47.52179274798194
      vertex 82.11229349178414 22 47.52179274798194
      vertex 81.81214451522581 22 47.43074355135483
    endloop
  endfacet
  facet normal 0 -1 0
    outer loop
      vertex 82.38891237283136 22 -47.669648620315925
      vertex 82.38891237283136 22 47.669648620315925
      vertex 82.11229349178414 22 47.52179274798194
    endloop
  endfacet
  facet normal 0 -1 0
    outer loop
      vertex 82.63137084989847 22 -47.868629150101526
      vertex 82.63137084989847 22 47.868629150101526
      vertex 82.38891237283136 22 47.669648620315925
    endloop
  endfacet
  facet normal 0 -1 0
    outer loop
      vertex 82.83035137968407 22 48.11108762716864
      vertex 82.63137084989847 22 47.868629150101526
      vertex 82.63137084989847 22 -47.868629150101526
    endloop
  endfacet
  facet normal 0 -1 0
    outer loop
      vertex 90 22 57.5
      vertex 82.83035137968407 22 48.11108762716864
      vertex 82.63137084989847 22 -47.868629150101526
    endloop
  endfacet
  facet normal 0 -1 0
    outer loop
      vertex 90 22 57.5
      vertex -20.612293491784143 22 -18.52179274798194
      vertex 80.61108762716864 22 50.330351379684075
    endloop
  endfacet
  facet normal 0 -1 0
    outer loop
      vertex 90 22 57.5
      vertex 80.61108762716864 22 50.330351379684075
      vertex 80.88770650821586 22 50.47820725201806
    endloop
  endfacet
  facet normal 0 -1 0
    outer loop
      vertex 90 22 57.5
      vertex 80.88770650821586 22 50.47820725201806
      vertex 81.18785548477419 22 50.56925644864517
    endloop
  endfacet
  facet normal 0 -1 0
    outer loop
      vertex 90 22 57.5
      vertex 81.18785548477419 22 50.56925644864517
      vertex 81.5 22 50.6
    endloop
  endfacet
  facet normal 0 -1 0
    outer loop
      vertex 90 22 57.5
      vertex 82.97820725201805 22 48.38770650821586
      vertex 82.83035137968407 22 48.11108762716864
    endloop
  endfacet
  facet normal 0 -1 0
    outer loop
      vertex 90 22 57.5
      vertex 83.06925644864516 22 48.6878554847742
      vertex 82.97820725201805 22 48.38770650821586
    endloop
  endfacet
  facet normal 0 -1 0
    outer loop
      vertex 90 22 57.5
      vertex 83.1 22 49
      vertex 83.06925644864516 22 48.6878554847742
    endloop
  endfacet
  facet normal 0 -1 0
    outer loop
      vertex 90 22 57.5
      vertex 83.06925644864516 22 49.3121445152258
      vertex 83.1 22 49
    endloop
  endfacet
  facet normal 0 -1 0
    outer loop
      vertex 90 22 57.5
      vertex 81.5 22 50.6
      vertex 81.81214451522581 22 50.56925644864517
    endloop
  endfacet
  facet normal 0 -1 0
    outer loop
      vertex 90 22 57.5
      vertex 81.81214451522581 22 50.56925644864517
      vertex 82.11229349178414 22 50.47820725201806
    endloop
  endfacet
  facet normal 0 -1 0
    outer loop
      vertex 90 22 57.5
      vertex 82.11229349178414 22 50.47820725201806
      vertex 82.38891237283136 22 50.330351379684075
    endloop
  endfacet
  facet normal 0 -1 0
    outer loop
      vertex 90 22 57.5
      vertex 82.38891237283136 22 50.330351379684075
      vertex 82.63137084989847 22 50.131370849898474
    endloop
  endfacet
  facet normal 0 -1 0
    outer loop
      vertex 90 22 57.5
      vertex 82.97820725201805 22 49.61229349178414
      vertex 83.06925644864516 22 49.3121445152258
    endloop
  endfacet
  facet normal 0 -1 0
    outer loop
      vertex 90 22 57.5
      vertex 82.83035137968407 22 49.88891237283136
      vertex 82.97820725201805 22 49.61229349178414
    endloop
  endfacet
  facet normal 0 -1 0
    outer loop
      vertex 90 22 57.5
      vertex 82.63137084989847 22 50.131370849898474
      vertex 82.83035137968407 22 49.88891237283136
    endloop
  endfacet
  facet normal 0 1 0
    outer loop
      vertex 90 25 -57.5
      vertex -20.312144515225807 25 -21.56925644864517
      vertex -20 25 -21.6
    endloop
  endfacet
  facet normal 0 1 0
    outer loop
      vertex 90 25 -57.5
      vertex -20 25 -21.6
      vertex -19.687855484774193 25 -21.56925644864517
    endloop
  endfacet
  facet normal 0 1 0
    outer loop
      vertex 90 25 -57.5
      vertex -19.687855484774193 25 -21.56925644864517
      vertex -19.387706508215857 25 -21.47820725201806
    endloop
  endfacet
  facet normal 0 1 0
    outer loop
      vertex 90 25 -57.5
      vertex -19.387706508215857 25 -21.47820725201806
      vertex -19.111087627168637 25 -21.33035137968407
    endloop
  endfacet
  facet normal 0 1 0
    outer loop
      vertex 90 25 -57.5
      vertex -19.111087627168637 25 -21.33035137968407
      vertex -18.868629150101523 25 -21.131370849898477
    endloop
  endfacet
  facet normal 0 1 0
    outer loop
      vertex 90 25 -57.5
      vertex -18.868629150101523 25 -21.131370849898477
      vertex -18.66964862031593 25 -20.888912372831363
    endloop
  endfacet
  facet normal 0 1 0
    outer loop
      vertex 90 25 -57.5
      vertex -18.66964862031593 25 -20.888912372831363
      vertex -18.52179274798194 25 -20.612293491784143
    endloop
  endfacet
  facet normal 0 1 0
    outer loop
      vertex 90 25 -57.5
      vertex -18.52179274798194 25 -20.612293491784143
      vertex -18.43074355135483 25 -20.312144515225807
    endloop
  endfacet
  facet normal 0 1 0
    outer loop
      vertex 90 25 -57.5
      vertex -18.43074355135483 25 -20.312144515225807
      vertex -18.4 25 -20
    endloop
  endfacet
  facet normal 0 1 0
    outer loop
      vertex 90 25 -57.5
      vertex -18.4 25 -20
      vertex -18.43074355135483 25 -19.687855484774193
    endloop
  endfacet
  facet normal 0 1 0
    outer loop
      vertex 90 25 -57.5
      vertex -18.868629150101523 25 -18.868629150101523
      vertex -19.111087627168637 25 -18.66964862031593
    endloop
  endfacet
  facet normal 0 1 0
    outer loop
      vertex 90 25 -57.5
      vertex -18.66964862031593 25 -19.111087627168637
      vertex -18.868629150101523 25 -18.868629150101523
    endloop
  endfacet
  facet normal 0 1 0
    outer loop
      vertex 90 25 -57.5
      vertex -18.43074355135483 25 -19.687855484774193
      vertex -18.52179274798194 25 -19.387706508215857
    endloop
  endfacet
  facet normal 0 1 0
    outer loop
      vertex 90 25 -57.5
      vertex -18.52179274798194 25 -19.387706508215857
      vertex -18.66964862031593 25 -19.111087627168637
    endloop
  endfacet
  facet normal 0 1 0
    outer loop
      vertex 90 25 -57.5
      vertex -19.111087627168637 25 -18.66964862031593
      vertex 19.387706508215857 25 -21.47820725201806
    endloop
  endfacet
  facet normal 0 1 0
    outer loop
      vertex 90 25 -57.5
      vertex 19.387706508215857 25 -21.47820725201806
      vertex 19.687855484774193 25 -21.56925644864517
    endloop
  endfacet
  facet normal 0 1 0
    outer loop
      vertex 90 25 -57.5
      vertex 19.687855484774193 25 -21.56925644864517
      vertex 20 25 -21.6
    endloop
  endfacet
  facet normal 0 1 0
    outer loop
      vertex 90 25 -57.5
      vertex 20 25 -21.6
      vertex 20.312144515225807 25 -21.56925644864517
    endloop
  endfacet
  facet normal 0 1 0
    outer loop
      vertex 90 25 -57.5
      vertex 20.312144515225807 25 -21.56925644864517
      vertex 20.612293491784143 25 -21.47820725201806
    endloop
  endfacet
  facet normal 0 1 0
    outer loop
      vertex 90 25 -57.5
      vertex 20.612293491784143 25 -21.47820725201806
      vertex 20.888912372831363 25 -21.33035137968407
    endloop
  endfacet
  facet normal 0 1 0
    outer loop
      vertex 90 25 -57.5
      vertex 20.888912372831363 25 -21.33035137968407
      vertex 21.131370849898477 25 -21.131370849898477
    endloop
  endfacet
  facet normal 0 1 0
    outer loop
      vertex 90 25 -57.5
      vertex 21.131370849898477 25 -21.131370849898477
      vertex 21.33035137968407 25 -20.888912372831363
    endloop
  endfacet
  facet normal 0 1 0
    outer loop
      vertex 90 25 -57.5
      vertex 21.33035137968407 25 -20.888912372831363
      vertex 21.47820725201806 25 -20.612293491784143
    endloop
  endfacet
  facet normal 0 1 0
    outer loop
      vertex 90 25 -57.5
      vertex 21.47820725201806 25 -20.612293491784143
      vertex 21.56925644864517 25 -20.312144515225807
    endloop
  endfacet
  facet normal 0 1 0
    outer loop
      vertex 90 25 -57.5
      vertex 21.56925644864517 25 -20.312144515225807
      vertex 21.6 25 -20
    endloop
  endfacet
  facet normal 0 1 0
    outer loop
      vertex 90 25 -57.5
      vertex 21.6 25 -20
      vertex 21.56925644864517 25 -19.687855484774193
    endloop
  endfacet
  facet normal 0 1 0
    outer loop
      vertex 90 25 -57.5
      vertex 21.47820725201806 25 -19.387706508215857
      vertex 21.33035137968407 25 -19.111087627168637
    endloop
  endfacet
  facet normal 0 1 0
    outer loop
      vertex 90 25 -57.5
      vertex 21.131370849898477 25 -18.868629150101523
      vertex 20.888912372831363 25 -18.66964862031593
    endloop
  endfacet
  facet normal 0 1 0
    outer loop
      vertex 90 25 -57.5
      vertex 21.33035137968407 25 -19.111087627168637
      vertex 21.131370849898477 25 -18.868629150101523
    endloop
  endfacet
  facet normal 0 1 0
    outer loop
      vertex 90 25 -57.5
      vertex 21.56925644864517 25 -19.687855484774193
      vertex 21.47820725201806 25 -19.387706508215857
    endloop
  endfacet
  facet normal 0 1 0
    outer loop
      vertex -19.111087627168637 25 -18.66964862031593
      vertex 18.868629150101523 25 -21.131370849898477
      vertex 19.111087627168637 25 -21.33035137968407
    endloop
  endfacet
  facet normal 0 1 0
    outer loop
      vertex -19.111087627168637 25 -18.66964862031593
      vertex 19.111087627168637 25 -21.33035137968407
      vertex 19.387706508215857 25 -21.47820725201806
    endloop
  endfacet
  facet normal 0 1 0
    outer loop
      vertex -90 25 57.5
      vertex 90 25 -57.5
      vertex 20.888912372831363 25 -18.66964862031593
    endloop
  endfacet
  facet normal 0 1 0
    outer loop
      vertex -20.312144515225807 25 18.43074355135483
      vertex 80.16964862031593 25 -49.88891237283136
      vertex -20.612293491784143 25 18.52179274798194
    endloop
  endfacet
  facet normal 0 1 0
    outer loop
      vertex -20 25 18.4
      vertex 80.02179274798195 25 -49.61229349178414
      vertex -20.312144515225807 25 18.43074355135483
    endloop
  endfacet
  facet normal 0 1 0
    outer loop
      vertex -19.687855484774193 25 18.43074355135483
      vertex 79.93074355135484 25 -49.3121445152258
      vertex -20 25 18.4
    endloop
  endfacet
  facet normal 0 1 0
    outer loop
      vertex -19.387706508215857 25 18.52179274798194
      vertex 79.93074355135484 25 -49.3121445152258
      vertex -19.687855484774193 25 18.43074355135483
    endloop
  endfacet
  facet normal 0 1 0
    outer loop
      vertex 90 25 -57.5
      vertex -20.888912372831363 25 18.66964862031593
      vertex -20.612293491784143 25 18.52179274798194
    endloop
  endfacet
  facet normal 0 1 0
    outer loop
      vertex -19.387706508215857 25 18.52179274798194
      vertex 19.387706508215857 25 18.52179274798194
      vertex 79.93074355135484 25 -49.3121445152258
    endloop
  endfacet
  facet normal 0 1 0
    outer loop
      vertex 79.93074355135484 25 -49.3121445152258
      vertex 19.387706508215857 25 18.52179274798194
      vertex 19.687855484774193 25 18.43074355135483
    endloop
  endfacet
  facet normal 0 1 0
    outer loop
      vertex 79.9 25 -49
      vertex 19.687855484774193 25 18.43074355135483
      vertex 20 25 18.4
    endloop
  endfacet
  facet normal 0 1 0
    outer loop
      vertex 79.93074355135484 25 -48.6878554847742
      vertex 20 25 18.4
      vertex 20.312144515225807 25 18.43074355135483
    endloop
  endfacet
  facet normal 0 1 0
    outer loop
      vertex 80.02179274798195 25 -48.38770650821586
      vertex 20.312144515225807 25 18.43074355135483
      vertex 20.612293491784143 25 18.52179274798194
    endloop
  endfacet
  facet normal 0 1 0
    outer loop
      vertex 80.02179274798195 25 -48.38770650821586
      vertex 20.612293491784143 25 18.52179274798194
      vertex 20.888912372831363 25 18.66964862031593
    endloop
  endfacet
  facet normal 0 1 0
    outer loop
      vertex 80.02179274798195 25 -48.38770650821586
      vertex 20.888912372831363 25 18.66964862031593
      vertex 21.131370849898477 25 18.868629150101523
    endloop
  endfacet
  facet normal 0 1 0
    outer loop
      vertex 90 25 -57.5
      vertex -20.612293491784143 25 18.52179274798194
      vertex 80.61108762716864 25 -50.330351379684075
    endloop
  endfacet
  facet normal 0 1 0
    outer loop
      vertex 90 25 -57.5
      vertex 80.61108762716864 25 -50.330351379684075
      vertex 80.88770650821586 25 -50.47820725201806
    endloop
  endfacet
  facet normal 0 1 0
    outer loop
      vertex 90 25 -57.5
      vertex 80.88770650821586 25 -50.47820725201806
      vertex 81.18785548477419 25 -50.56925644864517
    endloop
  endfacet
  facet normal 0 1 0
    outer loop
      vertex 90 25 -57.5
      vertex 81.18785548477419 25 -50.56925644864517
      vertex 81.5 25 -50.6
    endloop
  endfacet
  facet normal 0 1 0
    outer loop
      vertex 90 25 -57.5
      vertex 81.5 25 -50.6
      vertex 81.81214451522581 25 -50.56925644864517
    endloop
  endfacet
  facet normal 0 1 0
    outer loop
      vertex 90 25 -57.5
      vertex 81.81214451522581 25 -50.56925644864517
      vertex 82.11229349178414 25 -50.47820725201806
    endloop
  endfacet
  facet normal 0 1 0
    outer loop
      vertex 90 25 -57.5
      vertex 82.11229349178414 25 -50.47820725201806
      vertex 82.38891237283136 25 -50.330351379684075
    endloop
  endfacet
  facet normal 0 1 0
    outer loop
      vertex 90 25 -57.5
      vertex 82.38891237283136 25 -50.330351379684075
      vertex 82.63137084989847 25 -50.131370849898474
    endloop
  endfacet
  facet normal 0 1 0
    outer loop
      vertex 90 25 -57.5
      vertex 82.63137084989847 25 -50.131370849898474
      vertex 82.83035137968407 25 -49.88891237283136
    endloop
  endfacet
  facet normal 0 1 0
    outer loop
      vertex 90 25 -57.5
      vertex 82.83035137968407 25 -49.88891237283136
      vertex 82.97820725201805 25 -49.61229349178414
    endloop
  endfacet
  facet normal 0 1 0
    outer loop
      vertex 90 25 -57.5
      vertex 82.97820725201805 25 -49.61229349178414
      vertex 83.06925644864516 25 -49.3121445152258
    endloop
  endfacet
  facet normal 0 1 0
    outer loop
      vertex 90 25 -57.5
      vertex 83.06925644864516 25 -49.3121445152258
      vertex 83.1 25 -49
    endloop
  endfacet
  facet normal 0 1 0
    outer loop
      vertex 90 25 -57.5
      vertex 83.1 25 -49
      vertex 83.06925644864516 25 -48.6878554847742
    endloop
  endfacet
  facet normal 0 1 0
    outer loop
      vertex 90 25 -57.5
      vertex 83.06925644864516 25 -48.6878554847742
      vertex 82.97820725201805 25 -48.38770650821586
    endloop
  endfacet
  facet normal 0 1 0
    outer loop
      vertex 90 25 -57.5
      vertex 82.97820725201805 25 -48.38770650821586
      vertex 82.83035137968407 25 -48.11108762716864
    endloop
  endfacet
  facet normal 0 1 0
    outer loop
      vertex -20.612293491784143 25 18.52179274798194
      vertex 80.16964862031593 25 -49.88891237283136
      vertex 80.36862915010153 25 -50.131370849898474
    endloop
  endfacet
  facet normal 0 1 0
    outer loop
      vertex -20.312144515225807 25 18.43074355135483
      vertex 80.02179274798195 25 -49.61229349178414
      vertex 80.16964862031593 25 -49.88891237283136
    endloop
  endfacet
  facet normal 0 1 0
    outer loop
      vertex -20.612293491784143 25 18.52179274798194
      vertex 80.36862915010153 25 -50.131370849898474
      vertex 80.61108762716864 25 -50.330351379684075
    endloop
  endfacet
  facet normal 0 1 0
    outer loop
      vertex -20 25 18.4
      vertex 79.93074355135484 25 -49.3121445152258
      vertex 80.02179274798195 25 -49.61229349178414
    endloop
  endfacet
  facet normal 0 1 0
    outer loop
      vertex 79.9 25 -49
      vertex 79.93074355135484 25 -49.3121445152258
      vertex 19.687855484774193 25 18.43074355135483
    endloop
  endfacet
  facet normal 0 1 0
    outer loop
      vertex 79.93074355135484 25 -48.6878554847742
      vertex 79.9 25 -49
      vertex 20 25 18.4
    endloop
  endfacet
  facet normal 0 1 0
    outer loop
      vertex 80.02179274798195 25 -48.38770650821586
      vertex 79.93074355135484 25 -48.6878554847742
      vertex 20.312144515225807 25 18.43074355135483
    endloop
  endfacet
  facet normal 0 1 0
    outer loop
      vertex 80.16964862031593 25 -48.11108762716864
      vertex 80.02179274798195 25 -48.38770650821586
      vertex 80.16964862031593 25 48.11108762716864
    endloop
  endfacet
  facet normal 0 1 0
    outer loop
      vertex 80.36862915010153 25 -47.868629150101526
      vertex 80.16964862031593 25 -48.11108762716864
      vertex 80.36862915010153 25 47.868629150101526
    endloop
  endfacet
  facet normal 0 1 0
    outer loop
      vertex 80.36862915010153 25 -47.868629150101526
      vertex 80.61108762716864 25 47.669648620315925
      vertex 80.61108762716864 25 -47.669648620315925
    endloop
  endfacet
  facet normal 0 1 0
    outer loop
      vertex 80.61108762716864 25 -47.669648620315925
      vertex 80.88770650821586 25 47.52179274798194
      vertex 80.88770650821586 25 -47.52179274798194
    endloop
  endfacet
  facet normal 0 1 0
    outer loop
      vertex 80.88770650821586 25 -47.52179274798194
      vertex 81.18785548477419 25 47.43074355135483
      vertex 81.18785548477419 25 -47.43074355135483
    endloop
  endfacet
  facet normal 0 1 0
    outer loop
      vertex 81.18785548477419 25 -47.43074355135483
      vertex 81.5 25 47.4
      vertex 81.5 25 -47.4
    endloop
  endfacet
  facet normal 0 1 0
    outer loop
      vertex 81.5 25 -47.4
      vertex 81.81214451522581 25 47.43074355135483
      vertex 81.81214451522581 25 -47.43074355135483
    endloop
  endfacet
  facet normal 0 1 0
    outer loop
      vertex 81.81214451522581 25 -47.43074355135483
      vertex 82.11229349178414 25 47.52179274798194
      vertex 82.11229349178414 25 -47.52179274798194
    endloop
  endfacet
  facet normal 0 1 0
    outer loop
      vertex 82.11229349178414 25 -47.52179274798194
      vertex 82.38891237283136 25 47.669648620315925
      vertex 82.38891237283136 25 -47.669648620315925
    endloop
  endfacet
  facet normal 0 1 0
    outer loop
      vertex 82.38891237283136 25 -47.669648620315925
      vertex 82.63137084989847 25 47.868629150101526
      vertex 82.63137084989847 25 -47.868629150101526
    endloop
  endfacet
  facet normal 0 1 0
    outer loop
      vertex 82.83035137968407 25 -48.11108762716864
      vertex 82.63137084989847 25 -47.868629150101526
      vertex 82.63137084989847 25 47.868629150101526
    endloop
  endfacet
  facet normal 0 1 0
    outer loop
      vertex 90 25 -57.5
      vertex 82.83035137968407 25 -48.11108762716864
      vertex 82.63137084989847 25 47.868629150101526
    endloop
  endfacet
  facet normal 0 0 1
    outer loop
      vertex -90 25 57.5
      vertex 90 22 57.5
      vertex 90 25 57.5
    endloop
  endfacet
  facet normal 0 1 0
    outer loop
      vertex -19.111087627168637 25 18.66964862031593
      vertex 19.111087627168637 25 18.66964862031593
      vertex 19.387706508215857 25 18.52179274798194
    endloop
  endfacet
  facet normal 0 1 0
    outer loop
      vertex -18.868629150101523 25 18.868629150101523
      vertex 18.868629150101523 25 18.868629150101523
      vertex 19.111087627168637 25 18.66964862031593
    endloop
  endfacet
  facet normal 0 1 0
    outer loop
      vertex -18.66964862031593 25 19.111087627168637
      vertex 18.66964862031593 25 19.111087627168637
      vertex 18.868629150101523 25 18.868629150101523
    endloop
  endfacet
  facet normal 0 1 0
    outer loop
      vertex -18.52179274798194 25 19.387706508215857
      vertex 18.52179274798194 25 19.387706508215857
      vertex 18.66964862031593 25 19.111087627168637
    endloop
  endfacet
  facet normal 0 1 0
    outer loop
      vertex -18.43074355135483 25 19.687855484774193
      vertex 18.43074355135483 25 19.687855484774193
      vertex 18.52179274798194 25 19.387706508215857
    endloop
  endfacet
  facet normal 0 1 0
    outer loop
      vertex -18.4 25 20
      vertex 18.4 25 20
      vertex 18.43074355135483 25 19.687855484774193
    endloop
  endfacet
  facet normal 0 1 0
    outer loop
      vertex -18.43074355135483 25 20.312144515225807
      vertex 18.43074355135483 25 20.312144515225807
      vertex 18.4 25 20
    endloop
  endfacet
  facet normal 0 1 0
    outer loop
      vertex -18.52179274798194 25 20.612293491784143
      vertex 18.52179274798194 25 20.612293491784143
      vertex 18.43074355135483 25 20.312144515225807
    endloop
  endfacet
  facet normal 0 1 0
    outer loop
      vertex -18.66964862031593 25 20.888912372831363
      vertex 18.66964862031593 25 20.888912372831363
      vertex 18.52179274798194 25 20.612293491784143
    endloop
  endfacet
  facet normal 0 1 0
    outer loop
      vertex -18.868629150101523 25 21.131370849898477
      vertex 18.868629150101523 25 21.131370849898477
      vertex 18.66964862031593 25 20.888912372831363
    endloop
  endfacet
  facet normal 0 1 0
    outer loop
      vertex -19.111087627168637 25 21.33035137968407
      vertex 19.111087627168637 25 21.33035137968407
      vertex 18.868629150101523 25 21.131370849898477
    endloop
  endfacet
  facet normal 0 1 0
    outer loop
      vertex -19.387706508215857 25 21.47820725201806
      vertex 19.387706508215857 25 21.47820725201806
      vertex 19.111087627168637 25 21.33035137968407
    endloop
  endfacet
  facet normal 0 1 0
    outer loop
      vertex -19.687855484774193 25 21.56925644864517
      vertex 19.687855484774193 25 21.56925644864517
      vertex 19.387706508215857 25 21.47820725201806
    endloop
  endfacet
  facet normal 0 1 0
    outer loop
      vertex -20 25 21.6
      vertex 20 25 21.6
      vertex 19.687855484774193 25 21.56925644864517
    endloop
  endfacet
  facet normal 0 1 0
    outer loop
      vertex 90 25 57.5
      vertex 20 25 21.6
      vertex -20 25 21.6
    endloop
  endfacet
  facet normal 0 1 0
    outer loop
      vertex 90 25 57.5
      vertex 21.131370849898477 25 18.868629150101523
      vertex 21.33035137968407 25 19.111087627168637
    endloop
  endfacet
  facet normal 0 1 0
    outer loop
      vertex 90 25 57.5
      vertex 21.33035137968407 25 19.111087627168637
      vertex 21.47820725201806 25 19.387706508215857
    endloop
  endfacet
  facet normal 0 1 0
    outer loop
      vertex 90 25 57.5
      vertex 21.47820725201806 25 19.387706508215857
      vertex 21.56925644864517 25 19.687855484774193
    endloop
  endfacet
  facet normal 0 1 0
    outer loop
      vertex 90 25 57.5
      vertex 20.312144515225807 25 21.56925644864517
      vertex 20 25 21.6
    endloop
  endfacet
  facet normal 0 1 0
    outer loop
      vertex 90 25 57.5
      vertex 21.47820725201806 25 20.612293491784143
      vertex 21.33035137968407 25 20.888912372831363
    endloop
  endfacet
  facet normal 0 1 0
    outer loop
      vertex 90 25 57.5
      vertex 21.33035137968407 25 20.888912372831363
      vertex 21.131370849898477 25 21.131370849898477
    endloop
  endfacet
  facet normal 0 1 0
    outer loop
      vertex 90 25 57.5
      vertex 21.56925644864517 25 19.687855484774193
      vertex 21.6 25 20
    endloop
  endfacet
  facet normal 0 1 0
    outer loop
      vertex 90 25 57.5
      vertex 21.6 25 20
      vertex 21.56925644864517 25 20.312144515225807
    endloop
  endfacet
  facet normal 0 1 0
    outer loop
      vertex 90 25 57.5
      vertex 21.56925644864517 25 20.312144515225807
      vertex 21.47820725201806 25 20.612293491784143
    endloop
  endfacet
  facet normal 0 1 0
    outer loop
      vertex 90 25 57.5
      vertex 20.888912372831363 25 21.33035137968407
      vertex 20.612293491784143 25 21.47820725201806
    endloop
  endfacet
  facet normal 0 1 0
    outer loop
      vertex 90 25 57.5
      vertex 20.612293491784143 25 21.47820725201806
      vertex 20.312144515225807 25 21.56925644864517
    endloop
  endfacet
  facet normal 0 1 0
    outer loop
      vertex 90 25 57.5
      vertex 21.131370849898477 25 21.131370849898477
      vertex 20.888912372831363 25 21.33035137968407
    endloop
  endfacet
  facet normal 1 0 0
    outer loop
      vertex 90 22 57.5
      vertex 90 25 -57.5
      vertex 90 25 57.5
    endloop
  endfacet
  facet normal 0 1 0
    outer loop
      vertex 80.02179274798195 25 -48.38770650821586
      vertex 21.131370849898477 25 18.868629150101523
      vertex 80.02179274798195 25 48.38770650821586
    endloop
  endfacet
  facet normal 0 1 0
    outer loop
      vertex 90 25 -57.5
      vertex 82.63137084989847 25 47.868629150101526
      vertex 82.83035137968407 25 48.11108762716864
    endloop
  endfacet
  facet normal 0 1 0
    outer loop
      vertex 90 25 -57.5
      vertex 82.83035137968407 25 48.11108762716864
      vertex 82.97820725201805 25 48.38770650821586
    endloop
  endfacet
  facet normal 0 1 0
    outer loop
      vertex 90 25 -57.5
      vertex 82.97820725201805 25 48.38770650821586
      vertex 83.06925644864516 25 48.6878554847742
    endloop
  endfacet
  facet normal 0 1 0
    outer loop
      vertex 90 25 -57.5
      vertex 83.06925644864516 25 48.6878554847742
      vertex 83.1 25 49
    endloop
  endfacet
  facet normal 0 1 0
    outer loop
      vertex 80.02179274798195 25 -48.38770650821586
      vertex 80.02179274798195 25 48.38770650821586
      vertex 80.16964862031593 25 48.11108762716864
    endloop
  endfacet
  facet normal 0 1 0
    outer loop
      vertex 80.36862915010153 25 -47.868629150101526
      vertex 80.36862915010153 25 47.868629150101526
      vertex 80.61108762716864 25 47.669648620315925
    endloop
  endfacet
  facet normal 0 1 0
    outer loop
      vertex 80.16964862031593 25 -48.11108762716864
      vertex 80.16964862031593 25 48.11108762716864
      vertex 80.36862915010153 25 47.868629150101526
    endloop
  endfacet
  facet normal 0 1 0
    outer loop
      vertex 80.61108762716864 25 -47.669648620315925
      vertex 80.61108762716864 25 47.669648620315925
      vertex 80.88770650821586 25 47.52179274798194
    endloop
  endfacet
  facet normal 0 1 0
    outer loop
      vertex 80.88770650821586 25 -47.52179274798194
      vertex 80.88770650821586 25 47.52179274798194
      vertex 81.18785548477419 25 47.43074355135483
    endloop
  endfacet
  facet normal 0 1 0
    outer loop
      vertex 81.18785548477419 25 -47.43074355135483
      vertex 81.18785548477419 25 47.43074355135483
      vertex 81.5 25 47.4
    endloop
  endfacet
  facet normal 0 1 0
    outer loop
      vertex 81.5 25 -47.4
      vertex 81.5 25 47.4
      vertex 81.81214451522581 25 47.43074355135483
    endloop
  endfacet
  facet normal 0 1 0
    outer loop
      vertex 81.81214451522581 25 -47.43074355135483
      vertex 81.81214451522581 25 47.43074355135483
      vertex 82.11229349178414 25 47.52179274798194
    endloop
  endfacet
  facet normal 0 1 0
    outer loop
      vertex 82.38891237283136 25 47.669648620315925
      vertex 82.11229349178414 25 -47.52179274798194
      vertex 82.11229349178414 25 47.52179274798194
    endloop
  endfacet
  facet normal 0 1 0
    outer loop
      vertex 82.63137084989847 25 47.868629150101526
      vertex 82.38891237283136 25 -47.669648620315925
      vertex 82.38891237283136 25 47.669648620315925
    endloop
  endfacet
  facet normal 0 1 0
    outer loop
      vertex 90 25 -57.5
      vertex 83.1 25 49
      vertex 90 25 57.5
    endloop
  endfacet
  facet normal 0 1 0
    outer loop
      vertex 21.131370849898477 25 18.868629150101523
      vertex 79.93074355135484 25 48.6878554847742
      vertex 80.02179274798195 25 48.38770650821586
    endloop
  endfacet
  facet normal 0 1 0
    outer loop
      vertex 21.131370849898477 25 18.868629150101523
      vertex 79.9 25 49
      vertex 79.93074355135484 25 48.6878554847742
    endloop
  endfacet
  facet normal 0 1 0
    outer loop
      vertex 21.131370849898477 25 18.868629150101523
      vertex 79.93074355135484 25 49.3121445152258
      vertex 79.9 25 49
    endloop
  endfacet
  facet normal 0 1 0
    outer loop
      vertex 21.131370849898477 25 18.868629150101523
      vertex 80.02179274798195 25 49.61229349178414
      vertex 79.93074355135484 25 49.3121445152258
    endloop
  endfacet
  facet normal 0 1 0
    outer loop
      vertex 21.131370849898477 25 18.868629150101523
      vertex 80.16964862031593 25 49.88891237283136
      vertex 80.02179274798195 25 49.61229349178414
    endloop
  endfacet
  facet normal 0 1 0
    outer loop
      vertex 21.131370849898477 25 18.868629150101523
      vertex 80.36862915010153 25 50.131370849898474
      vertex 80.16964862031593 25 49.88891237283136
    endloop
  endfacet
  facet normal 0 1 0
    outer loop
      vertex 21.131370849898477 25 18.868629150101523
      vertex 80.61108762716864 25 50.330351379684075
      vertex 80.36862915010153 25 50.131370849898474
    endloop
  endfacet
  facet normal 0 1 0
    outer loop
      vertex 21.131370849898477 25 18.868629150101523
      vertex 80.88770650821586 25 50.47820725201806
      vertex 80.61108762716864 25 50.330351379684075
    endloop
  endfacet
  facet normal 0 1 0
    outer loop
      vertex 90 25 57.5
      vertex 80.88770650821586 25 50.47820725201806
      vertex 21.131370849898477 25 18.868629150101523
    endloop
  endfacet
  facet normal 0 1 0
    outer loop
      vertex 90 25 57.5
      vertex 81.18785548477419 25 50.56925644864517
      vertex 80.88770650821586 25 50.47820725201806
    endloop
  endfacet
  facet normal 0 1 0
    outer loop
      vertex 90 25 57.5
      vertex 81.5 25 50.6
      vertex 81.18785548477419 25 50.56925644864517
    endloop
  endfacet
  facet normal 0 1 0
    outer loop
      vertex 90 25 57.5
      vertex 83.1 25 49
      vertex 83.06925644864516 25 49.3121445152258
    endloop
  endfacet
  facet normal 0 1 0
    outer loop
      vertex 90 25 57.5
      vertex 81.81214451522581 25 50.56925644864517
      vertex 81.5 25 50.6
    endloop
  endfacet
  facet normal 0 1 0
    outer loop
      vertex 90 25 57.5
      vertex 82.11229349178414 25 50.47820725201806
      vertex 81.81214451522581 25 50.56925644864517
    endloop
  endfacet
  facet normal 0 1 0
    outer loop
      vertex 90 25 57.5
      vertex 82.38891237283136 25 50.330351379684075
      vertex 82.11229349178414 25 50.47820725201806
    endloop
  endfacet
  facet normal 0 1 0
    outer loop
      vertex 90 25 57.5
      vertex 82.63137084989847 25 50.131370849898474
      vertex 82.38891237283136 25 50.330351379684075
    endloop
  endfacet
  facet normal 0 1 0
    outer loop
      vertex 90 25 57.5
      vertex 83.06925644864516 25 49.3121445152258
      vertex 82.97820725201805 25 49.61229349178414
    endloop
  endfacet
  facet normal 0 1 0
    outer loop
      vertex 90 25 57.5
      vertex 82.97820725201805 25 49.61229349178414
      vertex 82.83035137968407 25 49.88891237283136
    endloop
  endfacet
  facet normal 0 1 0
    outer loop
      vertex 90 25 57.5
      vertex 82.83035137968407 25 49.88891237283136
      vertex 82.63137084989847 25 50.131370849898474
    endloop
  endfacet
endsolid OpenSCAD_Model
