solid OpenSCAD_Model
  facet normal 0 0 -1
    outer loop
      vertex -11.690064869943306 -13.687307380800556 0
      vertex -12.727922061357857 -12.727922061357857 0
      vertex -11.233470639227605 -8.16159415649842 0
    endloop
  endfacet
  facet normal 0 0 -1
    outer loop
      vertex -11.690064869943306 -13.687307380800556 0
      vertex -10.558490301011629 -9.017802633747376 0
      vertex -10.580134541264517 -14.562305898749054 0
    endloop
  endfacet
  facet normal -0.6190939493098346 -0.7853169308807445 0
    outer loop
      vertex -11.690064869943306 -13.687307380800556 0
      vertex -10.580134541264517 -14.562305898749054 0
      vertex -11.690064869943306 -13.687307380800556 16.8
    endloop
  endfacet
  facet normal -0.6788007455329403 -0.7343225094356866 1.3268986204837449e-18
    outer loop
      vertex -11.690064869943306 -13.687307380800556 0
      vertex -12.727922061357857 -12.727922061357857 16.8
      vertex -12.727922061357857 -12.727922061357857 0
    endloop
  endfacet
  facet normal -0.7343225094356866 -0.6788007455329403 0
    outer loop
      vertex -13.687307380800556 -11.690064869943306 0
      vertex -12.727922061357857 -12.727922061357857 0
      vertex -13.687307380800556 -11.690064869943306 16.8
    endloop
  endfacet
  facet normal -0.7853169308807445 -0.6190939493098346 0
    outer loop
      vertex -13.687307380800556 -11.690064869943306 0
      vertex -13.687307380800556 -11.690064869943306 16.8
      vertex -14.562305898749054 -10.580134541264517 16.8
    endloop
  endfacet
  facet normal -0.6190939493098346 -0.7853169308807445 2.310068043309184e-18
    outer loop
      vertex -11.690064869943306 -13.687307380800556 16.8
      vertex -10.580134541264517 -14.562305898749054 0
      vertex -10.580134541264517 -14.562305898749054 16.8
    endloop
  endfacet
  facet normal -0.7343225094356866 -0.6788007455329403 0
    outer loop
      vertex -12.727922061357857 -12.727922061357857 0
      vertex -12.727922061357857 -12.727922061357857 16.8
      vertex -13.687307380800556 -11.690064869943306 16.8
    endloop
  endfacet
  facet normal -0.6788007455329403 -0.7343225094356866 0
    outer loop
      vertex -11.690064869943306 -13.687307380800556 0
      vertex -11.690064869943306 -13.687307380800556 16.8
      vertex -12.727922061357857 -12.727922061357857 16.8
    endloop
  endfacet
  facet normal -0.9081431738250817 -0.4186597375374271 0
    outer loop
      vertex -16.62983158520316 -6.888301782571616 0
      vertex -16.03811743539062 -8.171828995311843 0
      vertex -16.62983158520316 -6.888301782571616 16.8
    endloop
  endfacet
  facet normal -0.9381913359224843 -0.3461170570774926 -1.5730932380387249e-18
    outer loop
      vertex -16.62983158520316 -6.888301782571616 0
      vertex -17.119017293312762 -5.562305898749053 16.8
      vertex -17.119017293312762 -5.562305898749053 0
    endloop
  endfacet
  facet normal -0.9930684569549266 -0.1175373974578352 2.537260055828696e-19
    outer loop
      vertex -17.77839013071248 -2.815820370724156 0
      vertex -17.944512007196302 -1.412263723101209 7.386214841249955
      vertex -17.944512007196302 -1.412263723101209 0
    endloop
  endfacet
  facet normal 0 0 -1
    outer loop
      vertex -17.77839013071248 -2.815820370724156 0
      vertex -17.944512007196302 -1.412263723101209 0
      vertex -17.77839013071248 2.815820370724156 0
    endloop
  endfacet
  facet normal -0.9992290362407229 -0.039259815759069866 -2.6628215004303144e-19
    outer loop
      vertex -17.944512007196302 -1.412263723101209 0
      vertex -18 0 6.7
      vertex -18 0 0
    endloop
  endfacet
  facet normal 0 0 -1
    outer loop
      vertex -16.62983158520316 -6.888301782571616 0
      vertex -17.119017293312762 -5.562305898749053 0
      vertex -16.62983158520316 6.888301782571616 0
    endloop
  endfacet
  facet normal 0 0 -1
    outer loop
      vertex -17.119017293312762 -5.562305898749053 0
      vertex -17.50265856715818 -4.202016549406297 0
      vertex -17.119017293312762 5.562305898749053 0
    endloop
  endfacet
  facet normal 0 0 -1
    outer loop
      vertex -17.77839013071248 -2.815820370724156 0
      vertex -17.50265856715818 4.202016549406297 0
      vertex -17.50265856715818 -4.202016549406297 0
    endloop
  endfacet
  facet normal -0.9930684569549248 -0.11753739745784904 2.449127877523612e-15
    outer loop
      vertex -17.77839013071248 -2.815820370724156 0
      vertex -17.93001452924611 -1.534752295837366 7.559502583511292
      vertex -17.93930818558787 -1.4562305898749055 7.441986545873548
    endloop
  endfacet
  facet normal -0.9930684569549281 -0.11753739745782259 -2.4693680720856623e-15
    outer loop
      vertex -17.77839013071248 -2.815820370724156 0
      vertex -17.93930818558787 -1.4562305898749055 7.441986545873548
      vertex -17.944512007196302 -1.412263723101209 7.386214841249955
    endloop
  endfacet
  facet normal -0.9992290362407227 -0.03925981575907614 5.503093516727441e-16
    outer loop
      vertex -17.944512007196302 -1.412263723101209 0
      vertex -17.958430538171815 -1.0580134541264516 7.043769410125094
      vertex -17.96304775586572 -0.9404974164887079 6.965247704162634
    endloop
  endfacet
  facet normal -0.9992290362407227 -0.03925981575907633 -7.935472046395698e-17
    outer loop
      vertex -17.944512007196302 -1.412263723101209 0
      vertex -17.946222422836147 -1.3687307380800557 7.330993513005669
      vertex -17.949991858022397 -1.2727922061357857 7.227207793864214
    endloop
  endfacet
  facet normal -0.9992290362407221 -0.039259815759089677 0
    outer loop
      vertex -17.944512007196302 -1.412263723101209 0
      vertex -17.944512007196302 -1.412263723101209 7.386214841249955
      vertex -17.946222422836147 -1.3687307380800557 7.330993513005669
    endloop
  endfacet
  facet normal -0.9992290362407239 -0.03925981575904263 -1.1384451813196172e-15
    outer loop
      vertex -17.944512007196302 -1.412263723101209 0
      vertex -17.954069610033333 -1.1690064869943306 7.131269261919944
      vertex -17.958430538171815 -1.0580134541264516 7.043769410125094
    endloop
  endfacet
  facet normal -0.9992290362407228 -0.039259815759070095 -1.997705579159449e-16
    outer loop
      vertex -17.944512007196302 -1.412263723101209 0
      vertex -17.949991858022397 -1.2727922061357857 7.227207793864214
      vertex -17.954069610033333 -1.1690064869943306 7.131269261919944
    endloop
  endfacet
  facet normal -0.9992290362407231 -0.039259815759064245 -2.57067766816021e-16
    outer loop
      vertex -17.944512007196302 -1.412263723101209 0
      vertex -17.96304775586572 -0.9404974164887079 6.965247704162634
      vertex -17.96789279643258 -0.8171828995311843 6.896188256460938
    endloop
  endfacet
  facet normal -0.9992290362407223 -0.03925981575908186 1.2651082840345014e-15
    outer loop
      vertex -17.944512007196302 -1.412263723101209 0
      vertex -17.96789279643258 -0.8171828995311843 6.896188256460938
      vertex -17.972935788586163 -0.6888301782571616 6.837016841479684
    endloop
  endfacet
  facet normal -0.9992290362407228 -0.0392598157590708 9.16369674603883e-17
    outer loop
      vertex -17.944512007196302 -1.412263723101209 0
      vertex -17.972935788586163 -0.6888301782571616 6.837016841479684
      vertex -17.978145640602875 -0.5562305898749054 6.788098270668724
    endloop
  endfacet
  facet normal -0.9992290362407231 -0.03925981575906224 -9.915304753668377e-16
    outer loop
      vertex -17.944512007196302 -1.412263723101209 0
      vertex -17.978145640602875 -0.5562305898749054 6.788098270668724
      vertex -17.98349023201258 -0.4202016549406297 6.749734143284182
    endloop
  endfacet
  facet normal -0.9992290362407222 -0.03925981575908735 2.704357978413056e-15
    outer loop
      vertex -17.944512007196302 -1.412263723101209 0
      vertex -17.98349023201258 -0.4202016549406297 6.749734143284182
      vertex -17.98893661163199 -0.2815820370724156 6.722160986928752
    endloop
  endfacet
  facet normal -0.9992290362407232 -0.039259815759063704 -1.267602645556834e-15
    outer loop
      vertex -17.944512007196302 -1.412263723101209 0
      vertex -17.98893661163199 -0.2815820370724156 6.722160986928752
      vertex -17.99445120071963 -0.1412263723101209 6.70554879928037
    endloop
  endfacet
  facet normal -0.999229036240723 -0.0392598157590649 -1.0388317836876855e-15
    outer loop
      vertex -17.944512007196302 -1.412263723101209 0
      vertex -17.99445120071963 -0.1412263723101209 6.70554879928037
      vertex -18 0 6.7
    endloop
  endfacet
  facet normal -0.9807852804032301 -0.19509032201612975 0
    outer loop
      vertex -17.77839013071248 -2.815820370724156 0
      vertex -17.50265856715818 -4.202016549406297 0
      vertex -17.77839013071248 -2.815820370724156 16.8
    endloop
  endfacet
  facet normal -0.9624552364536471 -0.2714404498650755 -1.6389363072356347e-18
    outer loop
      vertex -17.119017293312762 -5.562305898749053 0
      vertex -17.50265856715818 -4.202016549406297 16.8
      vertex -17.50265856715818 -4.202016549406297 0
    endloop
  endfacet
  facet normal -0.9930684569549189 -0.11753739745789954 8.193899854162776e-15
    outer loop
      vertex -17.77839013071248 -2.815820370724156 0
      vertex -17.89927713829513 -1.7944512007196303 8.35877362768988
      vertex -17.901243320272414 -1.777839013071248 8.218417962927585
    endloop
  endfacet
  facet normal -0.9930684569549382 -0.11753739745773742 -1.1933391357491987e-14
    outer loop
      vertex -17.77839013071248 -2.815820370724156 0
      vertex -17.89862039462166 -1.8 8.5
      vertex -17.89927713829513 -1.7944512007196303 8.35877362768988
    endloop
  endfacet
  facet normal -0.9930684569549277 -0.11753739745782621 -1.4289001073548078e-15
    outer loop
      vertex -17.77839013071248 -2.815820370724156 0
      vertex -17.921840804971733 -1.6038117435390622 7.6828171004688155
      vertex -17.93001452924611 -1.534752295837366 7.559502583511292
    endloop
  endfacet
  facet normal -0.9930684569549265 -0.117537397457835 -2.737066444041239e-17
    outer loop
      vertex -17.77839013071248 -2.815820370724156 0
      vertex -17.91483740649292 -1.662983158520316 7.811169821742839
      vertex -17.921840804971733 -1.6038117435390622 7.6828171004688155
    endloop
  endfacet
  facet normal -0.9930684569549264 -0.11753739745783694 2.30297065793003e-16
    outer loop
      vertex -17.77839013071248 -2.815820370724156 0
      vertex -17.909047512090165 -1.7119017293312764 7.943769410125094
      vertex -17.91483740649292 -1.662983158520316 7.811169821742839
    endloop
  endfacet
  facet normal -0.9930684569549301 -0.1175373974578062 -4.092562822788241e-15
    outer loop
      vertex -17.77839013071248 -2.815820370724156 0
      vertex -17.904506818387794 -1.7502658567158178 8.07979834505937
      vertex -17.909047512090165 -1.7119017293312764 7.943769410125094
    endloop
  endfacet
  facet normal -0.9930684569549241 -0.11753739745785738 2.7719209542177558e-15
    outer loop
      vertex -17.77839013071248 -2.815820370724156 0
      vertex -17.901243320272414 -1.777839013071248 8.218417962927585
      vertex -17.904506818387794 -1.7502658567158178 8.07979834505937
    endloop
  endfacet
  facet normal -0.9930684569549034 -0.11753739745803138 2.3673780880068558e-14
    outer loop
      vertex -17.77839013071248 -2.815820370724156 0
      vertex -17.89927713829513 -1.7944512007196303 8.64122637231012
      vertex -17.89862039462166 -1.8 8.5
    endloop
  endfacet
  facet normal -0.9930684569549272 -0.11753739745783022 -4.2170406382314973e-16
    outer loop
      vertex -17.77839013071248 -2.815820370724156 0
      vertex -17.944512007196302 -1.412263723101209 16.8
      vertex -17.89927713829513 -1.7944512007196303 8.64122637231012
    endloop
  endfacet
  facet normal 0 0 -1
    outer loop
      vertex -13.687307380800556 -11.690064869943306 0
      vertex -14.562305898749054 -10.580134541264517 0
      vertex -13.501680468028539 -3.241466692260532 0
    endloop
  endfacet
  facet normal 0 0 -1
    outer loop
      vertex -13.687307380800556 -11.690064869943306 0
      vertex -12.371922590530218 -6.303809419050188 0
      vertex -12.727922061357857 -12.727922061357857 0
    endloop
  endfacet
  facet normal 0 0 -1
    outer loop
      vertex -12.727922061357857 -12.727922061357857 0
      vertex -12.371922590530218 -6.303809419050188 0
      vertex -11.83919289544469 -7.255066737269188 0
    endloop
  endfacet
  facet normal 0 0 -1
    outer loop
      vertex -11.690064869943306 -13.687307380800556 0
      vertex -11.233470639227605 -8.16159415649842 0
      vertex -10.558490301011629 -9.017802633747376 0
    endloop
  endfacet
  facet normal 0 0 -1
    outer loop
      vertex -12.727922061357857 -12.727922061357857 0
      vertex -11.83919289544469 -7.255066737269188 0
      vertex -11.233470639227605 -8.16159415649842 0
    endloop
  endfacet
  facet normal 0 0 -1
    outer loop
      vertex -13.687307380800556 -11.690064869943306 0
      vertex -12.828375268763386 -5.313687019533393 0
      vertex -12.371922590530218 -6.303809419050188 0
    endloop
  endfacet
  facet normal 0 0 -1
    outer loop
      vertex -13.687307380800556 -11.690064869943306 0
      vertex -13.205736747596973 -4.290803972560936 0
      vertex -12.828375268763386 -5.313687019533393 0
    endloop
  endfacet
  facet normal 0 0 -1
    outer loop
      vertex -13.687307380800556 -11.690064869943306 0
      vertex -13.501680468028539 -3.241466692260532 0
      vertex -13.205736747596973 -4.290803972560936 0
    endloop
  endfacet
  facet normal -0.8314696123025452 -0.5555702330196022 0
    outer loop
      vertex -15.347522958373661 -9.40497416488708 0
      vertex -14.562305898749054 -10.580134541264517 0
      vertex -15.347522958373661 -9.40497416488708 16.8
    endloop
  endfacet
  facet normal -0.8724960070727974 -0.48862124149695463 0
    outer loop
      vertex -16.03811743539062 -8.171828995311843 0
      vertex -15.347522958373661 -9.40497416488708 0
      vertex -16.03811743539062 -8.171828995311843 16.8
    endloop
  endfacet
  facet normal -0.7853169308807445 -0.6190939493098346 2.310068043309184e-18
    outer loop
      vertex -13.687307380800556 -11.690064869943306 0
      vertex -14.562305898749054 -10.580134541264517 16.8
      vertex -14.562305898749054 -10.580134541264517 0
    endloop
  endfacet
  facet normal 0 0 -1
    outer loop
      vertex -14.562305898749054 -10.580134541264517 0
      vertex -13.714381838610354 -2.172144691905286 0
      vertex -13.501680468028539 -3.241466692260532 0
    endloop
  endfacet
  facet normal 0 0 -1
    outer loop
      vertex -14.562305898749054 -10.580134541264517 0
      vertex -13.842529484662393 -1.0894306972130363 0
      vertex -13.714381838610354 -2.172144691905286 0
    endloop
  endfacet
  facet normal 0 0 -1
    outer loop
      vertex -15.347522958373661 -9.40497416488708 0
      vertex -14.562305898749054 10.580134541264517 0
      vertex -14.562305898749054 -10.580134541264517 0
    endloop
  endfacet
  facet normal 0 0 -1
    outer loop
      vertex -14.562305898749054 -10.580134541264517 0
      vertex -13.885333333333334 0 0
      vertex -13.842529484662393 -1.0894306972130363 0
    endloop
  endfacet
  facet normal 0 0 -1
    outer loop
      vertex -14.562305898749054 -10.580134541264517 0
      vertex -13.842529484662393 1.0894306972130363 0
      vertex -13.885333333333334 0 0
    endloop
  endfacet
  facet normal 0 0 -1
    outer loop
      vertex -16.62983158520316 -6.888301782571616 0
      vertex -16.03811743539062 8.171828995311843 0
      vertex -16.03811743539062 -8.171828995311843 0
    endloop
  endfacet
  facet normal 0 0 -1
    outer loop
      vertex -16.03811743539062 -8.171828995311843 0
      vertex -15.347522958373661 9.40497416488708 0
      vertex -15.347522958373661 -9.40497416488708 0
    endloop
  endfacet
  facet normal -0.9381913359224843 -0.3461170570774926 0
    outer loop
      vertex -16.62983158520316 -6.888301782571616 0
      vertex -16.62983158520316 -6.888301782571616 16.8
      vertex -17.119017293312762 -5.562305898749053 16.8
    endloop
  endfacet
  facet normal -0.9624552364536471 -0.2714404498650755 0
    outer loop
      vertex -17.119017293312762 -5.562305898749053 0
      vertex -17.119017293312762 -5.562305898749053 16.8
      vertex -17.50265856715818 -4.202016549406297 16.8
    endloop
  endfacet
  facet normal -0.9807852804032301 -0.19509032201612975 0
    outer loop
      vertex -17.50265856715818 -4.202016549406297 0
      vertex -17.50265856715818 -4.202016549406297 16.8
      vertex -17.77839013071248 -2.815820370724156 16.8
    endloop
  endfacet
  facet normal -0.9930684569549265 -0.1175373974578352 0
    outer loop
      vertex -17.77839013071248 -2.815820370724156 0
      vertex -17.77839013071248 -2.815820370724156 16.8
      vertex -17.944512007196302 -1.412263723101209 16.8
    endloop
  endfacet
  facet normal -0.993068456954901 -0.1175373974580514 1.0079864524037184e-14
    outer loop
      vertex -17.944512007196302 -1.412263723101209 16.8
      vertex -17.901243320272414 -1.777839013071248 8.781582037072415
      vertex -17.89927713829513 -1.7944512007196303 8.64122637231012
    endloop
  endfacet
  facet normal -0.9930684569549211 -0.11753739745788194 2.2597262094159215e-15
    outer loop
      vertex -17.944512007196302 -1.412263723101209 16.8
      vertex -17.904506818387794 -1.7502658567158178 8.92020165494063
      vertex -17.901243320272414 -1.777839013071248 8.781582037072415
    endloop
  endfacet
  facet normal -0.9930684569549325 -0.1175373974577847 -1.975338463835703e-15
    outer loop
      vertex -17.944512007196302 -1.412263723101209 16.8
      vertex -17.909047512090165 -1.7119017293312764 9.056230589874906
      vertex -17.904506818387794 -1.7502658567158178 8.92020165494063
    endloop
  endfacet
  facet normal -0.9930684569549263 -0.1175373974578378 1.0410846888478875e-16
    outer loop
      vertex -17.944512007196302 -1.412263723101209 16.8
      vertex -17.91483740649292 -1.662983158520316 9.188830178257161
      vertex -17.909047512090165 -1.7119017293312764 9.056230589874906
    endloop
  endfacet
  facet normal -0.9930684569549266 -0.11753739745783505 1.204912386081212e-17
    outer loop
      vertex -17.944512007196302 -1.412263723101209 16.8
      vertex -17.921840804971733 -1.6038117435390622 9.317182899531185
      vertex -17.91483740649292 -1.662983158520316 9.188830178257161
    endloop
  endfacet
  facet normal -0.993068456954928 -0.11753739745782325 -2.9398980101827217e-16
    outer loop
      vertex -17.944512007196302 -1.412263723101209 16.8
      vertex -17.93001452924611 -1.534752295837366 9.440497416488707
      vertex -17.921840804971733 -1.6038117435390622 9.317182899531185
    endloop
  endfacet
  facet normal -0.9930684569549244 -0.11753739745785281 2.0551391679286294e-16
    outer loop
      vertex -17.944512007196302 -1.412263723101209 16.8
      vertex -17.93930818558787 -1.4562305898749055 9.558013454126451
      vertex -17.93001452924611 -1.534752295837366 9.440497416488707
    endloop
  endfacet
  facet normal -0.9930684569549284 -0.11753739745781944 0
    outer loop
      vertex -17.944512007196302 -1.412263723101209 16.8
      vertex -17.944512007196302 -1.412263723101209 9.613785158750044
      vertex -17.93930818558787 -1.4562305898749055 9.558013454126451
    endloop
  endfacet
  facet normal -0.9992290362407221 -0.03925981575908967 0
    outer loop
      vertex -17.944512007196302 -1.412263723101209 16.8
      vertex -17.946222422836147 -1.3687307380800557 9.66900648699433
      vertex -17.944512007196302 -1.412263723101209 9.613785158750044
    endloop
  endfacet
  facet normal -0.9992290362407226 -0.03925981575907633 8.156257571661517e-17
    outer loop
      vertex -17.944512007196302 -1.412263723101209 16.8
      vertex -17.949991858022397 -1.2727922061357857 9.772792206135787
      vertex -17.946222422836147 -1.3687307380800557 9.66900648699433
    endloop
  endfacet
  facet normal -0.9992290362407228 -0.039259815759070116 2.0531021802777037e-16
    outer loop
      vertex -17.944512007196302 -1.412263723101209 16.8
      vertex -17.954069610033333 -1.1690064869943306 9.868730738080055
      vertex -17.949991858022397 -1.2727922061357857 9.772792206135787
    endloop
  endfacet
  facet normal -0.9992290362407239 -0.03925981575904264 1.1704940722508135e-15
    outer loop
      vertex -17.944512007196302 -1.412263723101209 16.8
      vertex -17.958430538171815 -1.0580134541264516 9.956230589874906
      vertex -17.954069610033333 -1.1690064869943306 9.868730738080055
    endloop
  endfacet
  facet normal -0.9992290362407227 -0.03925981575907613 -5.658757933466543e-16
    outer loop
      vertex -17.944512007196302 -1.412263723101209 16.8
      vertex -17.96304775586572 -0.9404974164887079 10.034752295837366
      vertex -17.958430538171815 -1.0580134541264516 9.956230589874906
    endloop
  endfacet
  facet normal -0.999229036240723 -0.03925981575906426 2.6445214230546433e-16
    outer loop
      vertex -17.944512007196302 -1.412263723101209 16.8
      vertex -17.96789279643258 -0.8171828995311843 10.103811743539062
      vertex -17.96304775586572 -0.9404974164887079 10.034752295837366
    endloop
  endfacet
  facet normal -0.9992290362407223 -0.03925981575908183 -1.3020267129987723e-15
    outer loop
      vertex -17.944512007196302 -1.412263723101209 16.8
      vertex -17.972935788586163 -0.6888301782571616 10.162983158520316
      vertex -17.96789279643258 -0.8171828995311843 10.103811743539062
    endloop
  endfacet
  facet normal -0.9992290362407228 -0.039259815759070775 -9.439298224234434e-17
    outer loop
      vertex -17.944512007196302 -1.412263723101209 16.8
      vertex -17.978145640602875 -0.5562305898749054 10.211901729331277
      vertex -17.972935788586163 -0.6888301782571616 10.162983158520316
    endloop
  endfacet
  facet normal -0.9992290362407229 -0.039259815759069866 2.5837869781324475e-17
    outer loop
      vertex -17.944512007196302 -1.412263723101209 16.8
      vertex -18 0 16.8
      vertex -17.978145640602875 -0.5562305898749054 10.211901729331277
    endloop
  endfacet
  facet normal -0.8724960070727974 -0.48862124149695463 0
    outer loop
      vertex -15.347522958373661 -9.40497416488708 0
      vertex -15.347522958373661 -9.40497416488708 16.8
      vertex -16.03811743539062 -8.171828995311843 16.8
    endloop
  endfacet
  facet normal -0.8314696123025452 -0.5555702330196022 0
    outer loop
      vertex -14.562305898749054 -10.580134541264517 0
      vertex -14.562305898749054 -10.580134541264517 16.8
      vertex -15.347522958373661 -9.40497416488708 16.8
    endloop
  endfacet
  facet normal -0.9081431738250817 -0.4186597375374271 0
    outer loop
      vertex -16.03811743539062 -8.171828995311843 0
      vertex -16.03811743539062 -8.171828995311843 16.8
      vertex -16.62983158520316 -6.888301782571616 16.8
    endloop
  endfacet
  facet normal -0.3461170570774926 -0.9381913359224843 0
    outer loop
      vertex -6.888301782571616 -16.62983158520316 0
      vertex -5.562305898749053 -17.119017293312762 0
      vertex -6.888301782571616 -16.62983158520316 16.8
    endloop
  endfacet
  facet normal 0 0 -1
    outer loop
      vertex -9.40497416488708 -15.347522958373661 0
      vertex -8.16159415649842 -11.233470639227605 0
      vertex -8.171828995311843 -16.03811743539062 0
    endloop
  endfacet
  facet normal 0 0 -1
    outer loop
      vertex -10.580134541264517 -14.562305898749054 0
      vertex -9.017802633747376 -10.558490301011629 0
      vertex -9.40497416488708 -15.347522958373661 0
    endloop
  endfacet
  facet normal 0 0 -1
    outer loop
      vertex -10.580134541264517 -14.562305898749054 0
      vertex -10.558490301011629 -9.017802633747376 0
      vertex -9.818413359035608 -9.818413359035608 0
    endloop
  endfacet
  facet normal 0 0 -1
    outer loop
      vertex -10.580134541264517 -14.562305898749054 0
      vertex -9.818413359035608 -9.818413359035608 0
      vertex -9.017802633747376 -10.558490301011629 0
    endloop
  endfacet
  facet normal 0 0 -1
    outer loop
      vertex -9.40497416488708 -15.347522958373661 0
      vertex -9.017802633747376 -10.558490301011629 0
      vertex -8.16159415649842 -11.233470639227605 0
    endloop
  endfacet
  facet normal 0 0 -1
    outer loop
      vertex -6.888301782571616 -16.62983158520316 0
      vertex -8.171828995311843 -16.03811743539062 0
      vertex -6.303809419050188 -12.371922590530218 0
    endloop
  endfacet
  facet normal 0 0 -1
    outer loop
      vertex -6.888301782571616 -16.62983158520316 0
      vertex -5.313687019533393 -12.828375268763386 0
      vertex -5.562305898749053 -17.119017293312762 0
    endloop
  endfacet
  facet normal 0 0 -1
    outer loop
      vertex -6.888301782571616 -16.62983158520316 0
      vertex -6.303809419050188 -12.371922590530218 0
      vertex -5.313687019533393 -12.828375268763386 0
    endloop
  endfacet
  facet normal 0 0 -1
    outer loop
      vertex -8.171828995311843 -16.03811743539062 0
      vertex -8.16159415649842 -11.233470639227605 0
      vertex -7.255066737269188 -11.83919289544469 0
    endloop
  endfacet
  facet normal 0 0 -1
    outer loop
      vertex -8.171828995311843 -16.03811743539062 0
      vertex -7.255066737269188 -11.83919289544469 0
      vertex -6.303809419050188 -12.371922590530218 0
    endloop
  endfacet
  facet normal -0.5555702330196022 -0.8314696123025452 0
    outer loop
      vertex -10.580134541264517 -14.562305898749054 0
      vertex -9.40497416488708 -15.347522958373661 0
      vertex -10.580134541264517 -14.562305898749054 16.8
    endloop
  endfacet
  facet normal -0.48862124149695463 -0.8724960070727974 0
    outer loop
      vertex -9.40497416488708 -15.347522958373661 0
      vertex -8.171828995311843 -16.03811743539062 0
      vertex -9.40497416488708 -15.347522958373661 16.8
    endloop
  endfacet
  facet normal -0.4186597375374271 -0.9081431738250817 4.4931413246970545e-19
    outer loop
      vertex -6.888301782571616 -16.62983158520316 0
      vertex -8.171828995311843 -16.03811743539062 16.8
      vertex -8.171828995311843 -16.03811743539062 0
    endloop
  endfacet
  facet normal 0 0 -1
    outer loop
      vertex -2.815820370724156 -17.77839013071248 0
      vertex -1.0894306972130363 -13.842529484662393 0
      vertex -1.412263723101209 -17.944512007196302 0
    endloop
  endfacet
  facet normal 0 0 -1
    outer loop
      vertex -1.412263723101209 -17.944512007196302 0
      vertex 0 -13.885333333333334 0
      vertex 0 -18 0
    endloop
  endfacet
  facet normal -0.2714404498650755 -0.9624552364536471 0
    outer loop
      vertex -5.562305898749053 -17.119017293312762 0
      vertex -4.202016549406297 -17.50265856715818 0
      vertex -5.562305898749053 -17.119017293312762 16.8
    endloop
  endfacet
  facet normal -0.19509032201612975 -0.9807852804032301 0
    outer loop
      vertex -4.202016549406297 -17.50265856715818 0
      vertex -2.815820370724156 -17.77839013071248 0
      vertex -4.202016549406297 -17.50265856715818 16.8
    endloop
  endfacet
  facet normal -0.1175373974578352 -0.9930684569549265 0
    outer loop
      vertex -2.815820370724156 -17.77839013071248 0
      vertex -1.412263723101209 -17.944512007196302 0
      vertex -2.815820370724156 -17.77839013071248 16.8
    endloop
  endfacet
  facet normal -0.039259815759069866 -0.9992290362407228 0
    outer loop
      vertex -1.412263723101209 -17.944512007196302 0
      vertex 0 -18 0
      vertex -1.412263723101209 -17.944512007196302 16.8
    endloop
  endfacet
  facet normal 0 0 -1
    outer loop
      vertex -5.562305898749053 -17.119017293312762 0
      vertex -3.241466692260532 -13.501680468028539 0
      vertex -4.202016549406297 -17.50265856715818 0
    endloop
  endfacet
  facet normal 0 0 -1
    outer loop
      vertex -5.562305898749053 -17.119017293312762 0
      vertex -5.313687019533393 -12.828375268763386 0
      vertex -4.290803972560936 -13.205736747596973 0
    endloop
  endfacet
  facet normal 0 0 -1
    outer loop
      vertex -5.562305898749053 -17.119017293312762 0
      vertex -4.290803972560936 -13.205736747596973 0
      vertex -3.241466692260532 -13.501680468028539 0
    endloop
  endfacet
  facet normal 0 0 -1
    outer loop
      vertex -4.202016549406297 -17.50265856715818 0
      vertex -2.172144691905286 -13.714381838610354 0
      vertex -2.815820370724156 -17.77839013071248 0
    endloop
  endfacet
  facet normal 0 0 -1
    outer loop
      vertex -4.202016549406297 -17.50265856715818 0
      vertex -3.241466692260532 -13.501680468028539 0
      vertex -2.172144691905286 -13.714381838610354 0
    endloop
  endfacet
  facet normal 0 0 -1
    outer loop
      vertex -2.815820370724156 -17.77839013071248 0
      vertex -2.172144691905286 -13.714381838610354 0
      vertex -1.0894306972130363 -13.842529484662393 0
    endloop
  endfacet
  facet normal 0 0 -1
    outer loop
      vertex -1.412263723101209 -17.944512007196302 0
      vertex -1.0894306972130363 -13.842529484662393 0
      vertex 0 -13.885333333333334 0
    endloop
  endfacet
  facet normal -0.4186597375374271 -0.9081431738250817 0
    outer loop
      vertex -6.888301782571616 -16.62983158520316 0
      vertex -6.888301782571616 -16.62983158520316 16.8
      vertex -8.171828995311843 -16.03811743539062 16.8
    endloop
  endfacet
  facet normal -0.3461170570774926 -0.9381913359224843 0
    outer loop
      vertex -5.562305898749053 -17.119017293312762 0
      vertex -5.562305898749053 -17.119017293312762 16.8
      vertex -6.888301782571616 -16.62983158520316 16.8
    endloop
  endfacet
  facet normal -0.5555702330196022 -0.8314696123025452 0
    outer loop
      vertex -9.40497416488708 -15.347522958373661 0
      vertex -9.40497416488708 -15.347522958373661 16.8
      vertex -10.580134541264517 -14.562305898749054 16.8
    endloop
  endfacet
  facet normal -0.48862124149695463 -0.8724960070727974 0
    outer loop
      vertex -8.171828995311843 -16.03811743539062 0
      vertex -8.171828995311843 -16.03811743539062 16.8
      vertex -9.40497416488708 -15.347522958373661 16.8
    endloop
  endfacet
  facet normal -0.2714404498650755 -0.9624552364536471 0
    outer loop
      vertex -4.202016549406297 -17.50265856715818 0
      vertex -4.202016549406297 -17.50265856715818 16.8
      vertex -5.562305898749053 -17.119017293312762 16.8
    endloop
  endfacet
  facet normal -0.19509032201612975 -0.9807852804032301 0
    outer loop
      vertex -2.815820370724156 -17.77839013071248 0
      vertex -2.815820370724156 -17.77839013071248 16.8
      vertex -4.202016549406297 -17.50265856715818 16.8
    endloop
  endfacet
  facet normal -0.1175373974578352 -0.9930684569549265 0
    outer loop
      vertex -1.412263723101209 -17.944512007196302 0
      vertex -1.412263723101209 -17.944512007196302 16.8
      vertex -2.815820370724156 -17.77839013071248 16.8
    endloop
  endfacet
  facet normal -0.039259815759069866 -0.9992290362407228 -1.0619585745763753e-19
    outer loop
      vertex -1.412263723101209 -17.944512007196302 16.8
      vertex 0 -18 0
      vertex 0 -18 16.8
    endloop
  endfacet
  facet normal 0 0 -1
    outer loop
      vertex -17.944512007196302 -1.412263723101209 0
      vertex -18 0 0
      vertex -17.944512007196302 1.412263723101209 0
    endloop
  endfacet
  facet normal -0.9992290362407228 0.039259815759069866 -6.585292672845856e-18
    outer loop
      vertex -18 0 0
      vertex -17.972935788586163 0.6888301782571616 6.837016841479684
      vertex -17.944512007196302 1.412263723101209 0
    endloop
  endfacet
  facet normal 0 0 -1
    outer loop
      vertex -17.944512007196302 -1.412263723101209 0
      vertex -17.944512007196302 1.412263723101209 0
      vertex -17.77839013071248 2.815820370724156 0
    endloop
  endfacet
  facet normal 0 0 -1
    outer loop
      vertex -17.77839013071248 -2.815820370724156 0
      vertex -17.77839013071248 2.815820370724156 0
      vertex -17.50265856715818 4.202016549406297 0
    endloop
  endfacet
  facet normal 0 0 -1
    outer loop
      vertex -17.50265856715818 -4.202016549406297 0
      vertex -17.50265856715818 4.202016549406297 0
      vertex -17.119017293312762 5.562305898749053 0
    endloop
  endfacet
  facet normal -0.999229036240723 0.03925981575906485 0
    outer loop
      vertex -18 0 0
      vertex -18 0 6.7
      vertex -17.99445120071963 0.1412263723101209 6.70554879928037
    endloop
  endfacet
  facet normal -0.9992290362407231 0.03925981575906361 2.6075340948956486e-17
    outer loop
      vertex -18 0 0
      vertex -17.99445120071963 0.1412263723101209 6.70554879928037
      vertex -17.98893661163199 0.2815820370724156 6.722160986928752
    endloop
  endfacet
  facet normal -0.9992290362407222 0.039259815759088074 -9.99277502742507e-16
    outer loop
      vertex -18 0 0
      vertex -17.98893661163199 0.2815820370724156 6.722160986928752
      vertex -17.98349023201258 0.4202016549406297 6.749734143284182
    endloop
  endfacet
  facet normal -0.9992290362407232 0.039259815759061754 6.396026469033786e-16
    outer loop
      vertex -18 0 0
      vertex -17.98349023201258 0.4202016549406297 6.749734143284182
      vertex -17.978145640602875 0.5562305898749054 6.788098270668724
    endloop
  endfacet
  facet normal -0.9992290362407229 0.03925981575907085 -1.0627521613036665e-16
    outer loop
      vertex -18 0 0
      vertex -17.978145640602875 0.5562305898749054 6.788098270668724
      vertex -17.972935788586163 0.6888301782571616 6.837016841479684
    endloop
  endfacet
  facet normal -0.9992290362407223 0.03925981575908186 1.2657106316831993e-15
    outer loop
      vertex -17.944512007196302 1.412263723101209 0
      vertex -17.972935788586163 0.6888301782571616 6.837016841479684
      vertex -17.96789279643258 0.8171828995311843 6.896188256460938
    endloop
  endfacet
  facet normal -0.9992290362407231 0.039259815759064245 -2.5713617333177486e-16
    outer loop
      vertex -17.944512007196302 1.412263723101209 0
      vertex -17.96789279643258 0.8171828995311843 6.896188256460938
      vertex -17.96304775586572 0.9404974164887079 6.965247704162634
    endloop
  endfacet
  facet normal -0.9992290362407227 0.039259815759076146 5.503307626599151e-16
    outer loop
      vertex -17.944512007196302 1.412263723101209 0
      vertex -17.96304775586572 0.9404974164887079 6.965247704162634
      vertex -17.958430538171815 1.0580134541264516 7.043769410125094
    endloop
  endfacet
  facet normal -0.9992290362407239 0.0392598157590426 -1.138526626402252e-15
    outer loop
      vertex -17.944512007196302 1.412263723101209 0
      vertex -17.958430538171815 1.0580134541264516 7.043769410125094
      vertex -17.954069610033333 1.1690064869943306 7.131269261919944
    endloop
  endfacet
  facet normal -0.9992290362407228 0.039259815759070095 -1.9972820389485542e-16
    outer loop
      vertex -17.944512007196302 1.412263723101209 0
      vertex -17.954069610033333 1.1690064869943306 7.131269261919944
      vertex -17.949991858022397 1.2727922061357857 7.227207793864214
    endloop
  endfacet
  facet normal -0.9992290362407227 0.03925981575907633 -7.935163477313515e-17
    outer loop
      vertex -17.944512007196302 1.412263723101209 0
      vertex -17.949991858022397 1.2727922061357857 7.227207793864214
      vertex -17.946222422836147 1.3687307380800557 7.330993513005669
    endloop
  endfacet
  facet normal -0.9992290362407221 0.039259815759089677 0
    outer loop
      vertex -17.944512007196302 1.412263723101209 0
      vertex -17.946222422836147 1.3687307380800557 7.330993513005669
      vertex -17.944512007196302 1.412263723101209 7.386214841249955
    endloop
  endfacet
  facet normal -0.9930684569549285 0.11753739745781945 0
    outer loop
      vertex -17.944512007196302 1.412263723101209 0
      vertex -17.944512007196302 1.412263723101209 7.386214841249955
      vertex -17.93930818558787 1.4562305898749055 7.441986545873548
    endloop
  endfacet
  facet normal -0.9930684569549245 0.11753739745785281 -1.9994155375078296e-16
    outer loop
      vertex -17.944512007196302 1.412263723101209 0
      vertex -17.93930818558787 1.4562305898749055 7.441986545873548
      vertex -17.93001452924611 1.534752295837366 7.559502583511292
    endloop
  endfacet
  facet normal 0 0 -1
    outer loop
      vertex -17.119017293312762 -5.562305898749053 0
      vertex -17.119017293312762 5.562305898749053 0
      vertex -16.62983158520316 6.888301782571616 0
    endloop
  endfacet
  facet normal 0 0 -1
    outer loop
      vertex -16.62983158520316 -6.888301782571616 0
      vertex -16.62983158520316 6.888301782571616 0
      vertex -16.03811743539062 8.171828995311843 0
    endloop
  endfacet
  facet normal -0.993068456954928 0.11753739745782327 2.8598003472944897e-16
    outer loop
      vertex -17.944512007196302 1.412263723101209 0
      vertex -17.93001452924611 1.534752295837366 7.559502583511292
      vertex -17.921840804971733 1.6038117435390622 7.6828171004688155
    endloop
  endfacet
  facet normal -0.9930684569549266 0.11753739745783505 -1.1717526289850018e-17
    outer loop
      vertex -17.944512007196302 1.412263723101209 0
      vertex -17.921840804971733 1.6038117435390622 7.6828171004688155
      vertex -17.91483740649292 1.662983158520316 7.811169821742839
    endloop
  endfacet
  facet normal -0.9930684569549263 0.11753739745783782 -1.0118881609915132e-16
    outer loop
      vertex -17.944512007196302 1.412263723101209 0
      vertex -17.91483740649292 1.662983158520316 7.811169821742839
      vertex -17.909047512090165 1.7119017293312764 7.943769410125094
    endloop
  endfacet
  facet normal -0.9930684569549326 0.11753739745778483 1.917926959057867e-15
    outer loop
      vertex -17.944512007196302 1.412263723101209 0
      vertex -17.909047512090165 1.7119017293312764 7.943769410125094
      vertex -17.904506818387794 1.7502658567158178 8.07979834505937
    endloop
  endfacet
  facet normal -0.9930684569549211 0.11753739745788183 -2.1888944686468424e-15
    outer loop
      vertex -17.944512007196302 1.412263723101209 0
      vertex -17.904506818387794 1.7502658567158178 8.07979834505937
      vertex -17.901243320272414 1.777839013071248 8.218417962927585
    endloop
  endfacet
  facet normal -0.9930684569549264 0.11753739745783745 -1.8736553337300625e-16
    outer loop
      vertex -17.944512007196302 1.412263723101209 0
      vertex -17.901243320272414 1.777839013071248 8.218417962927585
      vertex -17.77839013071248 2.815820370724156 16.8
    endloop
  endfacet
  facet normal -0.9930684569549265 0.1175373974578352 -1.1155207071709882e-19
    outer loop
      vertex -17.944512007196302 1.412263723101209 0
      vertex -17.77839013071248 2.815820370724156 16.8
      vertex -17.77839013071248 2.815820370724156 0
    endloop
  endfacet
  facet normal -0.9807852804032301 0.19509032201612975 -2.639911913792623e-19
    outer loop
      vertex -17.77839013071248 2.815820370724156 0
      vertex -17.50265856715818 4.202016549406297 16.8
      vertex -17.50265856715818 4.202016549406297 0
    endloop
  endfacet
  facet normal -0.9624552364536471 0.2714404498650755 1.6389363072356347e-18
    outer loop
      vertex -17.50265856715818 4.202016549406297 0
      vertex -17.119017293312762 5.562305898749053 16.8
      vertex -17.119017293312762 5.562305898749053 0
    endloop
  endfacet
  facet normal -0.9381913359224843 0.3461170570774926 1.5730932380387249e-18
    outer loop
      vertex -17.119017293312762 5.562305898749053 0
      vertex -16.62983158520316 6.888301782571616 16.8
      vertex -16.62983158520316 6.888301782571616 0
    endloop
  endfacet
  facet normal 0 0 -1
    outer loop
      vertex -14.562305898749054 -10.580134541264517 0
      vertex -13.687307380800556 11.690064869943306 0
      vertex -13.842529484662393 1.0894306972130363 0
    endloop
  endfacet
  facet normal 0 0 -1
    outer loop
      vertex -16.03811743539062 -8.171828995311843 0
      vertex -16.03811743539062 8.171828995311843 0
      vertex -15.347522958373661 9.40497416488708 0
    endloop
  endfacet
  facet normal 0 0 -1
    outer loop
      vertex -15.347522958373661 -9.40497416488708 0
      vertex -15.347522958373661 9.40497416488708 0
      vertex -14.562305898749054 10.580134541264517 0
    endloop
  endfacet
  facet normal 0 0 -1
    outer loop
      vertex -14.562305898749054 -10.580134541264517 0
      vertex -14.562305898749054 10.580134541264517 0
      vertex -13.687307380800556 11.690064869943306 0
    endloop
  endfacet
  facet normal 0 0 -1
    outer loop
      vertex -13.687307380800556 11.690064869943306 0
      vertex -13.714381838610354 2.172144691905286 0
      vertex -13.842529484662393 1.0894306972130363 0
    endloop
  endfacet
  facet normal 0 0 -1
    outer loop
      vertex -13.687307380800556 11.690064869943306 0
      vertex -13.501680468028539 3.241466692260532 0
      vertex -13.714381838610354 2.172144691905286 0
    endloop
  endfacet
  facet normal 0 0 -1
    outer loop
      vertex -13.687307380800556 11.690064869943306 0
      vertex -13.205736747596973 4.290803972560936 0
      vertex -13.501680468028539 3.241466692260532 0
    endloop
  endfacet
  facet normal 0 0 -1
    outer loop
      vertex -12.727922061357857 12.727922061357857 0
      vertex -12.828375268763386 5.313687019533393 0
      vertex -13.205736747596973 4.290803972560936 0
    endloop
  endfacet
  facet normal 0 0 -1
    outer loop
      vertex -12.727922061357857 12.727922061357857 0
      vertex -12.371922590530218 6.303809419050188 0
      vertex -12.828375268763386 5.313687019533393 0
    endloop
  endfacet
  facet normal 0 0 -1
    outer loop
      vertex -13.687307380800556 11.690064869943306 0
      vertex -12.727922061357857 12.727922061357857 0
      vertex -13.205736747596973 4.290803972560936 0
    endloop
  endfacet
  facet normal 0 0 -1
    outer loop
      vertex -11.690064869943306 13.687307380800556 0
      vertex -11.83919289544469 7.255066737269188 0
      vertex -12.371922590530218 6.303809419050188 0
    endloop
  endfacet
  facet normal 0 0 -1
    outer loop
      vertex -11.690064869943306 13.687307380800556 0
      vertex -11.233470639227605 8.16159415649842 0
      vertex -11.83919289544469 7.255066737269188 0
    endloop
  endfacet
  facet normal -0.9081431738250817 0.4186597375374271 -4.4931413246970545e-19
    outer loop
      vertex -16.62983158520316 6.888301782571616 0
      vertex -16.03811743539062 8.171828995311843 16.8
      vertex -16.03811743539062 8.171828995311843 0
    endloop
  endfacet
  facet normal -0.8724960070727974 0.48862124149695463 -1.458462051827207e-19
    outer loop
      vertex -16.03811743539062 8.171828995311843 0
      vertex -15.347522958373661 9.40497416488708 16.8
      vertex -15.347522958373661 9.40497416488708 0
    endloop
  endfacet
  facet normal -0.9992290362407232 -0.03925981575906175 -6.594931854838856e-16
    outer loop
      vertex -18 0 16.8
      vertex -17.98349023201258 -0.4202016549406297 10.250265856715817
      vertex -17.978145640602875 -0.5562305898749054 10.211901729331277
    endloop
  endfacet
  facet normal -0.9992290362407222 -0.03925981575908808 1.0301854579660258e-15
    outer loop
      vertex -18 0 16.8
      vertex -17.98893661163199 -0.2815820370724156 10.277839013071247
      vertex -17.98349023201258 -0.4202016549406297 10.250265856715817
    endloop
  endfacet
  facet normal -0.9992290362407231 -0.039259815759063614 -2.6879039817836377e-17
    outer loop
      vertex -18 0 16.8
      vertex -17.99445120071963 -0.1412263723101209 10.29445120071963
      vertex -17.98893661163199 -0.2815820370724156 10.277839013071247
    endloop
  endfacet
  facet normal -0.999229036240723 -0.03925981575906484 0
    outer loop
      vertex -18 0 16.8
      vertex -18 0 10.3
      vertex -17.99445120071963 -0.1412263723101209 10.29445120071963
    endloop
  endfacet
  facet normal -0.9992290362407231 0.03925981575906491 1.0705252833883332e-15
    outer loop
      vertex -17.944512007196302 1.412263723101209 16.8
      vertex -17.99445120071963 0.1412263723101209 10.29445120071963
      vertex -18 0 10.3
    endloop
  endfacet
  facet normal -0.9992290362407231 0.03925981575906381 1.3056917475688222e-15
    outer loop
      vertex -17.944512007196302 1.412263723101209 16.8
      vertex -17.98893661163199 0.2815820370724156 10.277839013071247
      vertex -17.99445120071963 0.1412263723101209 10.29445120071963
    endloop
  endfacet
  facet normal -0.9992290362407221 0.03925981575908728 -2.784521929795661e-15
    outer loop
      vertex -17.944512007196302 1.412263723101209 16.8
      vertex -17.98349023201258 0.4202016549406297 10.250265856715817
      vertex -17.98893661163199 0.2815820370724156 10.277839013071247
    endloop
  endfacet
  facet normal -0.9992290362407232 0.039259815759062226 1.0205670638812289e-15
    outer loop
      vertex -17.944512007196302 1.412263723101209 16.8
      vertex -17.978145640602875 0.5562305898749054 10.211901729331277
      vertex -17.98349023201258 0.4202016549406297 10.250265856715817
    endloop
  endfacet
  facet normal -0.9930684569556388 0.11753739745181724 7.363263936182991e-13
    outer loop
      vertex -17.77839013071248 2.815820370724156 16.8
      vertex -17.901243320272414 1.777839013071248 8.218417962927585
      vertex -17.89927713829513 1.7944512007196303 8.35877362768988
    endloop
  endfacet
  facet normal -0.9930684569549044 0.11753739745802401 -2.340406113232634e-14
    outer loop
      vertex -17.77839013071248 2.815820370724156 16.8
      vertex -17.89927713829513 1.7944512007196303 8.35877362768988
      vertex -17.89862039462166 1.8 8.5
    endloop
  endfacet
  facet normal -0.9992290362407223 0.03925981575908181 -1.3014070826429182e-15
    outer loop
      vertex -17.944512007196302 1.412263723101209 16.8
      vertex -17.96789279643258 0.8171828995311843 10.103811743539062
      vertex -17.972935788586163 0.6888301782571616 10.162983158520316
    endloop
  endfacet
  facet normal -0.9992290362407228 0.03925981575907078 -9.429160885363517e-17
    outer loop
      vertex -17.944512007196302 1.412263723101209 16.8
      vertex -17.972935788586163 0.6888301782571616 10.162983158520316
      vertex -17.978145640602875 0.5562305898749054 10.211901729331277
    endloop
  endfacet
  facet normal -0.999229036240723 0.03925981575906425 2.643817895059949e-16
    outer loop
      vertex -17.944512007196302 1.412263723101209 16.8
      vertex -17.96304775586572 0.9404974164887079 10.034752295837366
      vertex -17.96789279643258 0.8171828995311843 10.103811743539062
    endloop
  endfacet
  facet normal -0.9992290362407227 0.03925981575907616 -5.658537775696459e-16
    outer loop
      vertex -17.944512007196302 1.412263723101209 16.8
      vertex -17.958430538171815 1.0580134541264516 9.956230589874906
      vertex -17.96304775586572 0.9404974164887079 10.034752295837366
    endloop
  endfacet
  facet normal -0.9992290362407228 0.0392598157590701 2.0535375576122342e-16
    outer loop
      vertex -17.944512007196302 1.412263723101209 16.8
      vertex -17.949991858022397 1.2727922061357857 9.772792206135787
      vertex -17.954069610033333 1.1690064869943306 9.868730738080055
    endloop
  endfacet
  facet normal -0.999229036240724 0.03925981575904265 1.1704103403606433e-15
    outer loop
      vertex -17.944512007196302 1.412263723101209 16.8
      vertex -17.954069610033333 1.1690064869943306 9.868730738080055
      vertex -17.958430538171815 1.0580134541264516 9.956230589874906
    endloop
  endfacet
  facet normal -0.9992290362407226 0.03925981575907633 8.15657473827316e-17
    outer loop
      vertex -17.944512007196302 1.412263723101209 16.8
      vertex -17.946222422836147 1.3687307380800557 9.66900648699433
      vertex -17.949991858022397 1.2727922061357857 9.772792206135787
    endloop
  endfacet
  facet normal -0.9992290362407221 0.03925981575908967 0
    outer loop
      vertex -17.944512007196302 1.412263723101209 16.8
      vertex -17.944512007196302 1.412263723101209 9.613785158750044
      vertex -17.946222422836147 1.3687307380800557 9.66900648699433
    endloop
  endfacet
  facet normal -0.9930684569549381 0.11753739745773865 1.2003270536247623e-14
    outer loop
      vertex -17.77839013071248 2.815820370724156 16.8
      vertex -17.89862039462166 1.8 8.5
      vertex -17.89927713829513 1.7944512007196303 8.64122637231012
    endloop
  endfacet
  facet normal -0.9930684569549191 0.11753739745789911 -8.291514389371187e-15
    outer loop
      vertex -17.77839013071248 2.815820370724156 16.8
      vertex -17.89927713829513 1.7944512007196303 8.64122637231012
      vertex -17.901243320272414 1.777839013071248 8.781582037072415
    endloop
  endfacet
  facet normal -0.993068456954924 0.1175373974578571 -2.813803302575799e-15
    outer loop
      vertex -17.77839013071248 2.815820370724156 16.8
      vertex -17.901243320272414 1.777839013071248 8.781582037072415
      vertex -17.904506818387794 1.7502658567158178 8.92020165494063
    endloop
  endfacet
  facet normal -0.9930684569549301 0.11753739745780625 4.162773381602629e-15
    outer loop
      vertex -17.77839013071248 2.815820370724156 16.8
      vertex -17.904506818387794 1.7502658567158178 8.92020165494063
      vertex -17.909047512090165 1.7119017293312764 9.056230589874906
    endloop
  endfacet
  facet normal -0.9930684569549265 0.11753739745783505 2.791202172503593e-17
    outer loop
      vertex -17.77839013071248 2.815820370724156 16.8
      vertex -17.91483740649292 1.662983158520316 9.188830178257161
      vertex -17.921840804971733 1.6038117435390622 9.317182899531185
    endloop
  endfacet
  facet normal -0.9930684569549276 0.11753739745782649 1.458523783104526e-15
    outer loop
      vertex -17.77839013071248 2.815820370724156 16.8
      vertex -17.921840804971733 1.6038117435390622 9.317182899531185
      vertex -17.93001452924611 1.534752295837366 9.440497416488707
    endloop
  endfacet
  facet normal -0.9930684569549265 0.11753739745783706 -2.34587220881321e-16
    outer loop
      vertex -17.77839013071248 2.815820370724156 16.8
      vertex -17.909047512090165 1.7119017293312764 9.056230589874906
      vertex -17.91483740649292 1.662983158520316 9.188830178257161
    endloop
  endfacet
  facet normal -0.993068456954928 0.11753739745782289 2.5244472130237484e-15
    outer loop
      vertex -17.77839013071248 2.815820370724156 16.8
      vertex -17.93930818558787 1.4562305898749055 9.558013454126451
      vertex -17.944512007196302 1.412263723101209 9.613785158750044
    endloop
  endfacet
  facet normal -0.993068456954925 0.11753739745784886 -2.5019292611016105e-15
    outer loop
      vertex -17.77839013071248 2.815820370724156 16.8
      vertex -17.93001452924611 1.534752295837366 9.440497416488707
      vertex -17.93930818558787 1.4562305898749055 9.558013454126451
    endloop
  endfacet
  facet normal -0.9992290362407229 0.039259815759069866 0
    outer loop
      vertex -18 0 16.8
      vertex -17.944512007196302 1.412263723101209 16.8
      vertex -18 0 10.3
    endloop
  endfacet
  facet normal -0.9930684569549266 0.11753739745783522 0
    outer loop
      vertex -17.944512007196302 1.412263723101209 16.8
      vertex -17.77839013071248 2.815820370724156 16.8
      vertex -17.944512007196302 1.412263723101209 9.613785158750044
    endloop
  endfacet
  facet normal -0.9807852804032301 0.19509032201612975 0
    outer loop
      vertex -17.77839013071248 2.815820370724156 0
      vertex -17.77839013071248 2.815820370724156 16.8
      vertex -17.50265856715818 4.202016549406297 16.8
    endloop
  endfacet
  facet normal -0.9624552364536471 0.2714404498650755 0
    outer loop
      vertex -17.50265856715818 4.202016549406297 0
      vertex -17.50265856715818 4.202016549406297 16.8
      vertex -17.119017293312762 5.562305898749053 16.8
    endloop
  endfacet
  facet normal -0.9381913359224843 0.3461170570774926 0
    outer loop
      vertex -17.119017293312762 5.562305898749053 0
      vertex -17.119017293312762 5.562305898749053 16.8
      vertex -16.62983158520316 6.888301782571616 16.8
    endloop
  endfacet
  facet normal -0.9081431738250817 0.4186597375374271 0
    outer loop
      vertex -16.62983158520316 6.888301782571616 0
      vertex -16.62983158520316 6.888301782571616 16.8
      vertex -16.03811743539062 8.171828995311843 16.8
    endloop
  endfacet
  facet normal -0.8724960070727974 0.48862124149695463 0
    outer loop
      vertex -16.03811743539062 8.171828995311843 0
      vertex -16.03811743539062 8.171828995311843 16.8
      vertex -15.347522958373661 9.40497416488708 16.8
    endloop
  endfacet
  facet normal -0.8314696123025452 0.5555702330196022 0
    outer loop
      vertex -15.347522958373661 9.40497416488708 0
      vertex -15.347522958373661 9.40497416488708 16.8
      vertex -14.562305898749054 10.580134541264517 16.8
    endloop
  endfacet
  facet normal 0 0 -1
    outer loop
      vertex -12.727922061357857 12.727922061357857 0
      vertex -11.690064869943306 13.687307380800556 0
      vertex -12.371922590530218 6.303809419050188 0
    endloop
  endfacet
  facet normal 0 0 -1
    outer loop
      vertex -11.690064869943306 13.687307380800556 0
      vertex -10.580134541264517 14.562305898749054 0
      vertex -11.233470639227605 8.16159415649842 0
    endloop
  endfacet
  facet normal -0.8314696123025452 0.5555702330196022 -1.8532093999966884e-18
    outer loop
      vertex -15.347522958373661 9.40497416488708 0
      vertex -14.562305898749054 10.580134541264517 16.8
      vertex -14.562305898749054 10.580134541264517 0
    endloop
  endfacet
  facet normal -0.7853169308807445 0.6190939493098346 -2.310068043309184e-18
    outer loop
      vertex -14.562305898749054 10.580134541264517 0
      vertex -13.687307380800556 11.690064869943306 16.8
      vertex -13.687307380800556 11.690064869943306 0
    endloop
  endfacet
  facet normal -0.7343225094356866 0.6788007455329403 -1.3268986204837449e-18
    outer loop
      vertex -13.687307380800556 11.690064869943306 0
      vertex -12.727922061357857 12.727922061357857 16.8
      vertex -12.727922061357857 12.727922061357857 0
    endloop
  endfacet
  facet normal -0.6788007455329403 0.7343225094356866 -1.3268986204837449e-18
    outer loop
      vertex -12.727922061357857 12.727922061357857 0
      vertex -11.690064869943306 13.687307380800556 16.8
      vertex -11.690064869943306 13.687307380800556 0
    endloop
  endfacet
  facet normal -0.6190939493098346 0.7853169308807445 -2.310068043309184e-18
    outer loop
      vertex -11.690064869943306 13.687307380800556 0
      vertex -10.580134541264517 14.562305898749054 16.8
      vertex -10.580134541264517 14.562305898749054 0
    endloop
  endfacet
  facet normal -0.7853169308807445 0.6190939493098346 0
    outer loop
      vertex -14.562305898749054 10.580134541264517 0
      vertex -14.562305898749054 10.580134541264517 16.8
      vertex -13.687307380800556 11.690064869943306 16.8
    endloop
  endfacet
  facet normal -0.7343225094356866 0.6788007455329403 0
    outer loop
      vertex -13.687307380800556 11.690064869943306 0
      vertex -13.687307380800556 11.690064869943306 16.8
      vertex -12.727922061357857 12.727922061357857 16.8
    endloop
  endfacet
  facet normal -0.6788007455329403 0.7343225094356866 0
    outer loop
      vertex -12.727922061357857 12.727922061357857 0
      vertex -12.727922061357857 12.727922061357857 16.8
      vertex -11.690064869943306 13.687307380800556 16.8
    endloop
  endfacet
  facet normal -0.6190939493098346 0.7853169308807445 0
    outer loop
      vertex -11.690064869943306 13.687307380800556 0
      vertex -11.690064869943306 13.687307380800556 16.8
      vertex -10.580134541264517 14.562305898749054 16.8
    endloop
  endfacet
  facet normal 0 0 -1
    outer loop
      vertex -10.580134541264517 14.562305898749054 0
      vertex -10.558490301011629 9.017802633747376 0
      vertex -11.233470639227605 8.16159415649842 0
    endloop
  endfacet
  facet normal 0 0 -1
    outer loop
      vertex -10.580134541264517 14.562305898749054 0
      vertex -9.818413359035608 9.818413359035608 0
      vertex -10.558490301011629 9.017802633747376 0
    endloop
  endfacet
  facet normal 0 0 -1
    outer loop
      vertex -9.40497416488708 15.347522958373661 0
      vertex -9.017802633747376 10.558490301011629 0
      vertex -9.818413359035608 9.818413359035608 0
    endloop
  endfacet
  facet normal 0 0 -1
    outer loop
      vertex -8.171828995311843 16.03811743539062 0
      vertex -8.16159415649842 11.233470639227605 0
      vertex -9.017802633747376 10.558490301011629 0
    endloop
  endfacet
  facet normal 0 0 -1
    outer loop
      vertex -10.580134541264517 14.562305898749054 0
      vertex -9.40497416488708 15.347522958373661 0
      vertex -9.818413359035608 9.818413359035608 0
    endloop
  endfacet
  facet normal 0 0 -1
    outer loop
      vertex -9.40497416488708 15.347522958373661 0
      vertex -8.171828995311843 16.03811743539062 0
      vertex -9.017802633747376 10.558490301011629 0
    endloop
  endfacet
  facet normal 0 0 -1
    outer loop
      vertex -8.171828995311843 16.03811743539062 0
      vertex -7.255066737269188 11.83919289544469 0
      vertex -8.16159415649842 11.233470639227605 0
    endloop
  endfacet
  facet normal 0 0 -1
    outer loop
      vertex -6.888301782571616 16.62983158520316 0
      vertex -6.303809419050188 12.371922590530218 0
      vertex -7.255066737269188 11.83919289544469 0
    endloop
  endfacet
  facet normal 0 0 -1
    outer loop
      vertex -8.171828995311843 16.03811743539062 0
      vertex -6.888301782571616 16.62983158520316 0
      vertex -7.255066737269188 11.83919289544469 0
    endloop
  endfacet
  facet normal 0 0 -1
    outer loop
      vertex -5.562305898749053 17.119017293312762 0
      vertex -5.313687019533393 12.828375268763386 0
      vertex -6.303809419050188 12.371922590530218 0
    endloop
  endfacet
  facet normal 0 0 -1
    outer loop
      vertex -6.888301782571616 16.62983158520316 0
      vertex -5.562305898749053 17.119017293312762 0
      vertex -6.303809419050188 12.371922590530218 0
    endloop
  endfacet
  facet normal -0.5555702330196022 0.8314696123025452 -1.8532093999966884e-18
    outer loop
      vertex -10.580134541264517 14.562305898749054 0
      vertex -9.40497416488708 15.347522958373661 16.8
      vertex -9.40497416488708 15.347522958373661 0
    endloop
  endfacet
  facet normal -0.48862124149695463 0.8724960070727974 -1.458462051827207e-19
    outer loop
      vertex -9.40497416488708 15.347522958373661 0
      vertex -8.171828995311843 16.03811743539062 16.8
      vertex -8.171828995311843 16.03811743539062 0
    endloop
  endfacet
  facet normal -0.4186597375374271 0.9081431738250817 -4.4931413246970545e-19
    outer loop
      vertex -8.171828995311843 16.03811743539062 0
      vertex -6.888301782571616 16.62983158520316 16.8
      vertex -6.888301782571616 16.62983158520316 0
    endloop
  endfacet
  facet normal -0.3461170570774926 0.9381913359224843 1.5730932380387249e-18
    outer loop
      vertex -6.888301782571616 16.62983158520316 0
      vertex -5.562305898749053 17.119017293312762 16.8
      vertex -5.562305898749053 17.119017293312762 0
    endloop
  endfacet
  facet normal 0 0 -1
    outer loop
      vertex -4.202016549406297 17.50265856715818 0
      vertex -4.290803972560936 13.205736747596973 0
      vertex -5.313687019533393 12.828375268763386 0
    endloop
  endfacet
  facet normal 0 0 -1
    outer loop
      vertex -4.202016549406297 17.50265856715818 0
      vertex -3.241466692260532 13.501680468028539 0
      vertex -4.290803972560936 13.205736747596973 0
    endloop
  endfacet
  facet normal 0 0 -1
    outer loop
      vertex -2.815820370724156 17.77839013071248 0
      vertex -2.172144691905286 13.714381838610354 0
      vertex -3.241466692260532 13.501680468028539 0
    endloop
  endfacet
  facet normal 0 0 -1
    outer loop
      vertex -1.412263723101209 17.944512007196302 0
      vertex -1.0894306972130363 13.842529484662393 0
      vertex -2.172144691905286 13.714381838610354 0
    endloop
  endfacet
  facet normal 0 0 -1
    outer loop
      vertex 0 18 0
      vertex 0 13.885333333333334 0
      vertex -1.0894306972130363 13.842529484662393 0
    endloop
  endfacet
  facet normal 0 0 -1
    outer loop
      vertex -5.562305898749053 17.119017293312762 0
      vertex -4.202016549406297 17.50265856715818 0
      vertex -5.313687019533393 12.828375268763386 0
    endloop
  endfacet
  facet normal 0 0 -1
    outer loop
      vertex -4.202016549406297 17.50265856715818 0
      vertex -2.815820370724156 17.77839013071248 0
      vertex -3.241466692260532 13.501680468028539 0
    endloop
  endfacet
  facet normal 0 0 -1
    outer loop
      vertex -2.815820370724156 17.77839013071248 0
      vertex -1.412263723101209 17.944512007196302 0
      vertex -2.172144691905286 13.714381838610354 0
    endloop
  endfacet
  facet normal 0 0 -1
    outer loop
      vertex -1.412263723101209 17.944512007196302 0
      vertex 0 18 0
      vertex -1.0894306972130363 13.842529484662393 0
    endloop
  endfacet
  facet normal -0.2714404498650755 0.9624552364536471 1.6389363072356347e-18
    outer loop
      vertex -5.562305898749053 17.119017293312762 0
      vertex -4.202016549406297 17.50265856715818 16.8
      vertex -4.202016549406297 17.50265856715818 0
    endloop
  endfacet
  facet normal -0.19509032201612975 0.9807852804032301 -2.639911913792623e-19
    outer loop
      vertex -4.202016549406297 17.50265856715818 0
      vertex -2.815820370724156 17.77839013071248 16.8
      vertex -2.815820370724156 17.77839013071248 0
    endloop
  endfacet
  facet normal -0.1175373974578352 0.9930684569549265 -1.1155207071709882e-19
    outer loop
      vertex -2.815820370724156 17.77839013071248 0
      vertex -1.412263723101209 17.944512007196302 16.8
      vertex -1.412263723101209 17.944512007196302 0
    endloop
  endfacet
  facet normal -0.039259815759069866 0.9992290362407228 1.0619585745763753e-19
    outer loop
      vertex -1.412263723101209 17.944512007196302 0
      vertex 0 18 16.8
      vertex 0 18 0
    endloop
  endfacet
  facet normal -0.5555702330196022 0.8314696123025452 0
    outer loop
      vertex -10.580134541264517 14.562305898749054 0
      vertex -10.580134541264517 14.562305898749054 16.8
      vertex -9.40497416488708 15.347522958373661 16.8
    endloop
  endfacet
  facet normal -0.48862124149695463 0.8724960070727974 0
    outer loop
      vertex -9.40497416488708 15.347522958373661 0
      vertex -9.40497416488708 15.347522958373661 16.8
      vertex -8.171828995311843 16.03811743539062 16.8
    endloop
  endfacet
  facet normal -0.4186597375374271 0.9081431738250817 0
    outer loop
      vertex -8.171828995311843 16.03811743539062 0
      vertex -8.171828995311843 16.03811743539062 16.8
      vertex -6.888301782571616 16.62983158520316 16.8
    endloop
  endfacet
  facet normal -0.3461170570774926 0.9381913359224843 0
    outer loop
      vertex -6.888301782571616 16.62983158520316 0
      vertex -6.888301782571616 16.62983158520316 16.8
      vertex -5.562305898749053 17.119017293312762 16.8
    endloop
  endfacet
  facet normal -0.2714404498650755 0.9624552364536471 0
    outer loop
      vertex -5.562305898749053 17.119017293312762 0
      vertex -5.562305898749053 17.119017293312762 16.8
      vertex -4.202016549406297 17.50265856715818 16.8
    endloop
  endfacet
  facet normal -0.19509032201612975 0.9807852804032301 0
    outer loop
      vertex -4.202016549406297 17.50265856715818 0
      vertex -4.202016549406297 17.50265856715818 16.8
      vertex -2.815820370724156 17.77839013071248 16.8
    endloop
  endfacet
  facet normal -0.1175373974578352 0.9930684569549265 0
    outer loop
      vertex -2.815820370724156 17.77839013071248 0
      vertex -2.815820370724156 17.77839013071248 16.8
      vertex -1.412263723101209 17.944512007196302 16.8
    endloop
  endfacet
  facet normal -0.039259815759069866 0.9992290362407228 0
    outer loop
      vertex -1.412263723101209 17.944512007196302 0
      vertex -1.412263723101209 17.944512007196302 16.8
      vertex 0 18 16.8
    endloop
  endfacet
  facet normal 0 0 -1
    outer loop
      vertex 0 -18 0
      vertex 1.0894306972130363 -13.842529484662393 0
      vertex 1.412263723101209 -17.944512007196302 0
    endloop
  endfacet
  facet normal 0 0 -1
    outer loop
      vertex 1.412263723101209 -17.944512007196302 0
      vertex 2.172144691905286 -13.714381838610354 0
      vertex 2.815820370724156 -17.77839013071248 0
    endloop
  endfacet
  facet normal 0.039259815759069866 -0.9992290362407228 0
    outer loop
      vertex 0 -18 0
      vertex 1.412263723101209 -17.944512007196302 0
      vertex 0 -18 16.8
    endloop
  endfacet
  facet normal 0.1175373974578352 -0.9930684569549265 0
    outer loop
      vertex 1.412263723101209 -17.944512007196302 0
      vertex 2.815820370724156 -17.77839013071248 0
      vertex 1.412263723101209 -17.944512007196302 16.8
    endloop
  endfacet
  facet normal 0.19509032201612975 -0.9807852804032301 0
    outer loop
      vertex 2.815820370724156 -17.77839013071248 0
      vertex 4.202016549406297 -17.50265856715818 0
      vertex 2.815820370724156 -17.77839013071248 16.8
    endloop
  endfacet
  facet normal 0.2714404498650755 -0.9624552364536471 0
    outer loop
      vertex 4.202016549406297 -17.50265856715818 0
      vertex 5.562305898749053 -17.119017293312762 0
      vertex 4.202016549406297 -17.50265856715818 16.8
    endloop
  endfacet
  facet normal 0 0 -1
    outer loop
      vertex 0 -18 0
      vertex 0 -13.885333333333334 0
      vertex 1.0894306972130363 -13.842529484662393 0
    endloop
  endfacet
  facet normal 0 0 -1
    outer loop
      vertex 1.412263723101209 -17.944512007196302 0
      vertex 1.0894306972130363 -13.842529484662393 0
      vertex 2.172144691905286 -13.714381838610354 0
    endloop
  endfacet
  facet normal 0 0 -1
    outer loop
      vertex 2.815820370724156 -17.77839013071248 0
      vertex 3.241466692260532 -13.501680468028539 0
      vertex 4.202016549406297 -17.50265856715818 0
    endloop
  endfacet
  facet normal 0 0 -1
    outer loop
      vertex 2.815820370724156 -17.77839013071248 0
      vertex 2.172144691905286 -13.714381838610354 0
      vertex 3.241466692260532 -13.501680468028539 0
    endloop
  endfacet
  facet normal 0 0 -1
    outer loop
      vertex 4.202016549406297 -17.50265856715818 0
      vertex 3.241466692260532 -13.501680468028539 0
      vertex 4.290803972560936 -13.205736747596973 0
    endloop
  endfacet
  facet normal 0 0 -1
    outer loop
      vertex 4.202016549406297 -17.50265856715818 0
      vertex 5.313687019533393 -12.828375268763386 0
      vertex 5.562305898749053 -17.119017293312762 0
    endloop
  endfacet
  facet normal 0 0 -1
    outer loop
      vertex 4.202016549406297 -17.50265856715818 0
      vertex 4.290803972560936 -13.205736747596973 0
      vertex 5.313687019533393 -12.828375268763386 0
    endloop
  endfacet
  facet normal 0.3461170570774926 -0.9381913359224843 0
    outer loop
      vertex 5.562305898749053 -17.119017293312762 0
      vertex 6.888301782571616 -16.62983158520316 0
      vertex 5.562305898749053 -17.119017293312762 16.8
    endloop
  endfacet
  facet normal 0.4186597375374271 -0.9081431738250817 0
    outer loop
      vertex 6.888301782571616 -16.62983158520316 0
      vertex 8.171828995311843 -16.03811743539062 0
      vertex 6.888301782571616 -16.62983158520316 16.8
    endloop
  endfacet
  facet normal 0 0 -1
    outer loop
      vertex 5.562305898749053 -17.119017293312762 0
      vertex 6.303809419050188 -12.371922590530218 0
      vertex 6.888301782571616 -16.62983158520316 0
    endloop
  endfacet
  facet normal 0 0 -1
    outer loop
      vertex 5.562305898749053 -17.119017293312762 0
      vertex 5.313687019533393 -12.828375268763386 0
      vertex 6.303809419050188 -12.371922590530218 0
    endloop
  endfacet
  facet normal 0 0 -1
    outer loop
      vertex 6.888301782571616 -16.62983158520316 0
      vertex 7.255066737269188 -11.83919289544469 0
      vertex 8.171828995311843 -16.03811743539062 0
    endloop
  endfacet
  facet normal 0 0 -1
    outer loop
      vertex 6.888301782571616 -16.62983158520316 0
      vertex 6.303809419050188 -12.371922590530218 0
      vertex 7.255066737269188 -11.83919289544469 0
    endloop
  endfacet
  facet normal 0 0 -1
    outer loop
      vertex 8.171828995311843 -16.03811743539062 0
      vertex 7.255066737269188 -11.83919289544469 0
      vertex 8.16159415649842 -11.233470639227605 0
    endloop
  endfacet
  facet normal 0 0 -1
    outer loop
      vertex 8.171828995311843 -16.03811743539062 0
      vertex 9.017802633747376 -10.558490301011629 0
      vertex 9.40497416488708 -15.347522958373661 0
    endloop
  endfacet
  facet normal 0 0 -1
    outer loop
      vertex 8.171828995311843 -16.03811743539062 0
      vertex 8.16159415649842 -11.233470639227605 0
      vertex 9.017802633747376 -10.558490301011629 0
    endloop
  endfacet
  facet normal 0 0 -1
    outer loop
      vertex 9.40497416488708 -15.347522958373661 0
      vertex 9.017802633747376 -10.558490301011629 0
      vertex 9.818413359035608 -9.818413359035608 0
    endloop
  endfacet
  facet normal 0 0 -1
    outer loop
      vertex 9.40497416488708 -15.347522958373661 0
      vertex 9.818413359035608 -9.818413359035608 0
      vertex 10.580134541264517 -14.562305898749054 0
    endloop
  endfacet
  facet normal 0 0 -1
    outer loop
      vertex 10.580134541264517 -14.562305898749054 0
      vertex 9.818413359035608 -9.818413359035608 0
      vertex 10.558490301011629 -9.017802633747376 0
    endloop
  endfacet
  facet normal 0.48862124149695463 -0.8724960070727974 0
    outer loop
      vertex 8.171828995311843 -16.03811743539062 0
      vertex 9.40497416488708 -15.347522958373661 0
      vertex 8.171828995311843 -16.03811743539062 16.8
    endloop
  endfacet
  facet normal 0.5555702330196022 -0.8314696123025452 0
    outer loop
      vertex 9.40497416488708 -15.347522958373661 0
      vertex 10.580134541264517 -14.562305898749054 0
      vertex 9.40497416488708 -15.347522958373661 16.8
    endloop
  endfacet
  facet normal 0.039259815759069866 -0.9992290362407228 0
    outer loop
      vertex 1.412263723101209 -17.944512007196302 0
      vertex 1.412263723101209 -17.944512007196302 16.8
      vertex 0 -18 16.8
    endloop
  endfacet
  facet normal 0.1175373974578352 -0.9930684569549265 0
    outer loop
      vertex 2.815820370724156 -17.77839013071248 0
      vertex 2.815820370724156 -17.77839013071248 16.8
      vertex 1.412263723101209 -17.944512007196302 16.8
    endloop
  endfacet
  facet normal 0.19509032201612975 -0.9807852804032301 0
    outer loop
      vertex 4.202016549406297 -17.50265856715818 0
      vertex 4.202016549406297 -17.50265856715818 16.8
      vertex 2.815820370724156 -17.77839013071248 16.8
    endloop
  endfacet
  facet normal 0.2714404498650755 -0.9624552364536471 0
    outer loop
      vertex 5.562305898749053 -17.119017293312762 0
      vertex 5.562305898749053 -17.119017293312762 16.8
      vertex 4.202016549406297 -17.50265856715818 16.8
    endloop
  endfacet
  facet normal 0.3461170570774926 -0.9381913359224843 0
    outer loop
      vertex 6.888301782571616 -16.62983158520316 0
      vertex 6.888301782571616 -16.62983158520316 16.8
      vertex 5.562305898749053 -17.119017293312762 16.8
    endloop
  endfacet
  facet normal 0.4186597375374271 -0.9081431738250817 0
    outer loop
      vertex 8.171828995311843 -16.03811743539062 0
      vertex 8.171828995311843 -16.03811743539062 16.8
      vertex 6.888301782571616 -16.62983158520316 16.8
    endloop
  endfacet
  facet normal 0.48862124149695463 -0.8724960070727974 0
    outer loop
      vertex 9.40497416488708 -15.347522958373661 0
      vertex 9.40497416488708 -15.347522958373661 16.8
      vertex 8.171828995311843 -16.03811743539062 16.8
    endloop
  endfacet
  facet normal 0.5555702330196022 -0.8314696123025452 0
    outer loop
      vertex 10.580134541264517 -14.562305898749054 0
      vertex 10.580134541264517 -14.562305898749054 16.8
      vertex 9.40497416488708 -15.347522958373661 16.8
    endloop
  endfacet
  facet normal 0 0 -1
    outer loop
      vertex 10.580134541264517 -14.562305898749054 0
      vertex 10.558490301011629 -9.017802633747376 0
      vertex 11.233470639227605 -8.16159415649842 0
    endloop
  endfacet
  facet normal 0 0 -1
    outer loop
      vertex 10.580134541264517 -14.562305898749054 0
      vertex 11.233470639227605 -8.16159415649842 0
      vertex 11.690064869943306 -13.687307380800556 0
    endloop
  endfacet
  facet normal 0.6190939493098346 -0.7853169308807445 0
    outer loop
      vertex 10.580134541264517 -14.562305898749054 0
      vertex 11.690064869943306 -13.687307380800556 0
      vertex 10.580134541264517 -14.562305898749054 16.8
    endloop
  endfacet
  facet normal 0.6788007455329403 -0.7343225094356866 0
    outer loop
      vertex 11.690064869943306 -13.687307380800556 0
      vertex 12.727922061357857 -12.727922061357857 0
      vertex 11.690064869943306 -13.687307380800556 16.8
    endloop
  endfacet
  facet normal 0.7343225094356866 -0.6788007455329403 0
    outer loop
      vertex 12.727922061357857 -12.727922061357857 0
      vertex 13.687307380800556 -11.690064869943306 0
      vertex 12.727922061357857 -12.727922061357857 16.8
    endloop
  endfacet
  facet normal 0.7853169308807445 -0.6190939493098346 0
    outer loop
      vertex 13.687307380800556 -11.690064869943306 0
      vertex 14.562305898749054 -10.580134541264517 0
      vertex 13.687307380800556 -11.690064869943306 16.8
    endloop
  endfacet
  facet normal 0.6190939493098346 -0.7853169308807445 -2.310068043309184e-18
    outer loop
      vertex 10.580134541264517 -14.562305898749054 16.8
      vertex 11.690064869943306 -13.687307380800556 0
      vertex 11.690064869943306 -13.687307380800556 16.8
    endloop
  endfacet
  facet normal 0.6788007455329403 -0.7343225094356866 0
    outer loop
      vertex 12.727922061357857 -12.727922061357857 0
      vertex 12.727922061357857 -12.727922061357857 16.8
      vertex 11.690064869943306 -13.687307380800556 16.8
    endloop
  endfacet
  facet normal 0.7343225094356866 -0.6788007455329403 0
    outer loop
      vertex 13.687307380800556 -11.690064869943306 0
      vertex 13.687307380800556 -11.690064869943306 16.8
      vertex 12.727922061357857 -12.727922061357857 16.8
    endloop
  endfacet
  facet normal 0 0 -1
    outer loop
      vertex 11.690064869943306 -13.687307380800556 0
      vertex 11.233470639227605 -8.16159415649842 0
      vertex 11.83919289544469 -7.255066737269188 0
    endloop
  endfacet
  facet normal 0 0 -1
    outer loop
      vertex 11.690064869943306 -13.687307380800556 0
      vertex 11.83919289544469 -7.255066737269188 0
      vertex 12.371922590530218 -6.303809419050188 0
    endloop
  endfacet
  facet normal 0 0 -1
    outer loop
      vertex 11.690064869943306 -13.687307380800556 0
      vertex 12.371922590530218 -6.303809419050188 0
      vertex 12.727922061357857 -12.727922061357857 0
    endloop
  endfacet
  facet normal 0 0 -1
    outer loop
      vertex 12.727922061357857 -12.727922061357857 0
      vertex 13.205736747596973 -4.290803972560936 0
      vertex 13.687307380800556 -11.690064869943306 0
    endloop
  endfacet
  facet normal 0 0 -1
    outer loop
      vertex 12.727922061357857 -12.727922061357857 0
      vertex 12.371922590530218 -6.303809419050188 0
      vertex 12.828375268763386 -5.313687019533393 0
    endloop
  endfacet
  facet normal 0 0 -1
    outer loop
      vertex 12.727922061357857 -12.727922061357857 0
      vertex 12.828375268763386 -5.313687019533393 0
      vertex 13.205736747596973 -4.290803972560936 0
    endloop
  endfacet
  facet normal 0 0 -1
    outer loop
      vertex 13.687307380800556 -11.690064869943306 0
      vertex 13.205736747596973 -4.290803972560936 0
      vertex 13.501680468028539 -3.241466692260532 0
    endloop
  endfacet
  facet normal 0.8314696123025452 -0.5555702330196022 0
    outer loop
      vertex 14.562305898749054 -10.580134541264517 0
      vertex 15.347522958373661 -9.40497416488708 0
      vertex 14.562305898749054 -10.580134541264517 16.8
    endloop
  endfacet
  facet normal 0.8724960070727974 -0.48862124149695463 0
    outer loop
      vertex 15.347522958373661 -9.40497416488708 0
      vertex 16.03811743539062 -8.171828995311843 0
      vertex 15.347522958373661 -9.40497416488708 16.8
    endloop
  endfacet
  facet normal 0.9081431738250817 -0.4186597375374271 0
    outer loop
      vertex 16.03811743539062 -8.171828995311843 0
      vertex 16.62983158520316 -6.888301782571616 0
      vertex 16.03811743539062 -8.171828995311843 16.8
    endloop
  endfacet
  facet normal 0 0 -1
    outer loop
      vertex 13.687307380800556 -11.690064869943306 0
      vertex 13.501680468028539 -3.241466692260532 0
      vertex 13.714381838610354 -2.172144691905286 0
    endloop
  endfacet
  facet normal 0 0 -1
    outer loop
      vertex 13.687307380800556 -11.690064869943306 0
      vertex 13.714381838610354 -2.172144691905286 0
      vertex 13.842529484662393 -1.0894306972130363 0
    endloop
  endfacet
  facet normal 0 0 -1
    outer loop
      vertex 13.687307380800556 -11.690064869943306 0
      vertex 14.562305898749054 10.580134541264517 0
      vertex 14.562305898749054 -10.580134541264517 0
    endloop
  endfacet
  facet normal 0 0 -1
    outer loop
      vertex 14.562305898749054 -10.580134541264517 0
      vertex 15.347522958373661 9.40497416488708 0
      vertex 15.347522958373661 -9.40497416488708 0
    endloop
  endfacet
  facet normal 0 0 -1
    outer loop
      vertex 15.347522958373661 -9.40497416488708 0
      vertex 16.03811743539062 8.171828995311843 0
      vertex 16.03811743539062 -8.171828995311843 0
    endloop
  endfacet
  facet normal 0 0 -1
    outer loop
      vertex 13.687307380800556 -11.690064869943306 0
      vertex 13.842529484662393 -1.0894306972130363 0
      vertex 14.562305898749054 10.580134541264517 0
    endloop
  endfacet
  facet normal 0.9381913359224843 -0.3461170570774926 0
    outer loop
      vertex 16.62983158520316 -6.888301782571616 0
      vertex 17.119017293312762 -5.562305898749053 0
      vertex 16.62983158520316 -6.888301782571616 16.8
    endloop
  endfacet
  facet normal 0 0 -1
    outer loop
      vertex 16.03811743539062 -8.171828995311843 0
      vertex 16.62983158520316 6.888301782571616 0
      vertex 16.62983158520316 -6.888301782571616 0
    endloop
  endfacet
  facet normal 0 0 -1
    outer loop
      vertex 16.62983158520316 -6.888301782571616 0
      vertex 17.119017293312762 5.562305898749053 0
      vertex 17.119017293312762 -5.562305898749053 0
    endloop
  endfacet
  facet normal 0 0 -1
    outer loop
      vertex 17.119017293312762 -5.562305898749053 0
      vertex 17.50265856715818 4.202016549406297 0
      vertex 17.50265856715818 -4.202016549406297 0
    endloop
  endfacet
  facet normal 0 0 -1
    outer loop
      vertex 17.50265856715818 -4.202016549406297 0
      vertex 17.77839013071248 2.815820370724156 0
      vertex 17.77839013071248 -2.815820370724156 0
    endloop
  endfacet
  facet normal 0 0 -1
    outer loop
      vertex 17.77839013071248 -2.815820370724156 0
      vertex 17.944512007196302 1.412263723101209 0
      vertex 17.944512007196302 -1.412263723101209 0
    endloop
  endfacet
  facet normal 0.9624552364536471 -0.2714404498650755 0
    outer loop
      vertex 17.119017293312762 -5.562305898749053 0
      vertex 17.50265856715818 -4.202016549406297 0
      vertex 17.119017293312762 -5.562305898749053 16.8
    endloop
  endfacet
  facet normal 0.9807852804032301 -0.19509032201612975 0
    outer loop
      vertex 17.50265856715818 -4.202016549406297 0
      vertex 17.77839013071248 -2.815820370724156 0
      vertex 17.50265856715818 -4.202016549406297 16.8
    endloop
  endfacet
  facet normal 0.9930684569549265 -0.1175373974578352 0
    outer loop
      vertex 17.77839013071248 -2.815820370724156 0
      vertex 17.944512007196302 -1.412263723101209 0
      vertex 17.77839013071248 -2.815820370724156 16.8
    endloop
  endfacet
  facet normal 0.9992290362407228 -0.039259815759069866 0
    outer loop
      vertex 17.944512007196302 -1.412263723101209 0
      vertex 18 0 0
      vertex 17.944512007196302 -1.412263723101209 16.8
    endloop
  endfacet
  facet normal 0.7853169308807445 -0.6190939493098346 -2.310068043309184e-18
    outer loop
      vertex 13.687307380800556 -11.690064869943306 16.8
      vertex 14.562305898749054 -10.580134541264517 0
      vertex 14.562305898749054 -10.580134541264517 16.8
    endloop
  endfacet
  facet normal 0.8314696123025452 -0.5555702330196022 0
    outer loop
      vertex 15.347522958373661 -9.40497416488708 0
      vertex 15.347522958373661 -9.40497416488708 16.8
      vertex 14.562305898749054 -10.580134541264517 16.8
    endloop
  endfacet
  facet normal 0.8724960070727974 -0.48862124149695463 0
    outer loop
      vertex 16.03811743539062 -8.171828995311843 0
      vertex 16.03811743539062 -8.171828995311843 16.8
      vertex 15.347522958373661 -9.40497416488708 16.8
    endloop
  endfacet
  facet normal 0.9081431738250817 -0.4186597375374271 0
    outer loop
      vertex 16.62983158520316 -6.888301782571616 0
      vertex 16.62983158520316 -6.888301782571616 16.8
      vertex 16.03811743539062 -8.171828995311843 16.8
    endloop
  endfacet
  facet normal 0.9381913359224843 -0.3461170570774926 0
    outer loop
      vertex 17.119017293312762 -5.562305898749053 0
      vertex 17.119017293312762 -5.562305898749053 16.8
      vertex 16.62983158520316 -6.888301782571616 16.8
    endloop
  endfacet
  facet normal 0.9624552364536471 -0.2714404498650755 0
    outer loop
      vertex 17.50265856715818 -4.202016549406297 0
      vertex 17.50265856715818 -4.202016549406297 16.8
      vertex 17.119017293312762 -5.562305898749053 16.8
    endloop
  endfacet
  facet normal 0.9807852804032301 -0.19509032201612975 0
    outer loop
      vertex 17.77839013071248 -2.815820370724156 0
      vertex 17.77839013071248 -2.815820370724156 16.8
      vertex 17.50265856715818 -4.202016549406297 16.8
    endloop
  endfacet
  facet normal 0.9930684569549265 -0.1175373974578352 0
    outer loop
      vertex 17.944512007196302 -1.412263723101209 0
      vertex 17.944512007196302 -1.412263723101209 16.8
      vertex 17.77839013071248 -2.815820370724156 16.8
    endloop
  endfacet
  facet normal 0.9992290362407228 -0.039259815759069866 1.0619585745763753e-19
    outer loop
      vertex 17.944512007196302 -1.412263723101209 16.8
      vertex 18 0 0
      vertex 18 0 16.8
    endloop
  endfacet
  facet normal 0 0 -1
    outer loop
      vertex 1.412263723101209 17.944512007196302 0
      vertex 1.0894306972130363 13.842529484662393 0
      vertex 0 13.885333333333334 0
    endloop
  endfacet
  facet normal 0 0 -1
    outer loop
      vertex 2.815820370724156 17.77839013071248 0
      vertex 2.172144691905286 13.714381838610354 0
      vertex 1.0894306972130363 13.842529484662393 0
    endloop
  endfacet
  facet normal 0 0 -1
    outer loop
      vertex 4.202016549406297 17.50265856715818 0
      vertex 3.241466692260532 13.501680468028539 0
      vertex 2.172144691905286 13.714381838610354 0
    endloop
  endfacet
  facet normal 0 0 -1
    outer loop
      vertex 5.562305898749053 17.119017293312762 0
      vertex 4.290803972560936 13.205736747596973 0
      vertex 3.241466692260532 13.501680468028539 0
    endloop
  endfacet
  facet normal 0 0 -1
    outer loop
      vertex 5.562305898749053 17.119017293312762 0
      vertex 5.313687019533393 12.828375268763386 0
      vertex 4.290803972560936 13.205736747596973 0
    endloop
  endfacet
  facet normal 0 0 -1
    outer loop
      vertex 0 18 0
      vertex 1.412263723101209 17.944512007196302 0
      vertex 0 13.885333333333334 0
    endloop
  endfacet
  facet normal 0 0 -1
    outer loop
      vertex 1.412263723101209 17.944512007196302 0
      vertex 2.815820370724156 17.77839013071248 0
      vertex 1.0894306972130363 13.842529484662393 0
    endloop
  endfacet
  facet normal 0 0 -1
    outer loop
      vertex 2.815820370724156 17.77839013071248 0
      vertex 4.202016549406297 17.50265856715818 0
      vertex 2.172144691905286 13.714381838610354 0
    endloop
  endfacet
  facet normal 0 0 -1
    outer loop
      vertex 4.202016549406297 17.50265856715818 0
      vertex 5.562305898749053 17.119017293312762 0
      vertex 3.241466692260532 13.501680468028539 0
    endloop
  endfacet
  facet normal 0.039259815759069866 0.9992290362407228 -1.0619585745763753e-19
    outer loop
      vertex 0 18 0
      vertex 1.412263723101209 17.944512007196302 16.8
      vertex 1.412263723101209 17.944512007196302 0
    endloop
  endfacet
  facet normal 0.1175373974578352 0.9930684569549265 1.1155207071709882e-19
    outer loop
      vertex 1.412263723101209 17.944512007196302 0
      vertex 2.815820370724156 17.77839013071248 16.8
      vertex 2.815820370724156 17.77839013071248 0
    endloop
  endfacet
  facet normal 0.19509032201612975 0.9807852804032301 2.639911913792623e-19
    outer loop
      vertex 2.815820370724156 17.77839013071248 0
      vertex 4.202016549406297 17.50265856715818 16.8
      vertex 4.202016549406297 17.50265856715818 0
    endloop
  endfacet
  facet normal 0.2714404498650755 0.9624552364536471 -1.6389363072356347e-18
    outer loop
      vertex 4.202016549406297 17.50265856715818 0
      vertex 5.562305898749053 17.119017293312762 16.8
      vertex 5.562305898749053 17.119017293312762 0
    endloop
  endfacet
  facet normal 0 0 -1
    outer loop
      vertex 6.888301782571616 16.62983158520316 0
      vertex 6.303809419050188 12.371922590530218 0
      vertex 5.313687019533393 12.828375268763386 0
    endloop
  endfacet
  facet normal 0 0 -1
    outer loop
      vertex 8.171828995311843 16.03811743539062 0
      vertex 7.255066737269188 11.83919289544469 0
      vertex 6.303809419050188 12.371922590530218 0
    endloop
  endfacet
  facet normal 0 0 -1
    outer loop
      vertex 8.171828995311843 16.03811743539062 0
      vertex 8.16159415649842 11.233470639227605 0
      vertex 7.255066737269188 11.83919289544469 0
    endloop
  endfacet
  facet normal 0 0 -1
    outer loop
      vertex 8.171828995311843 16.03811743539062 0
      vertex 6.303809419050188 12.371922590530218 0
      vertex 6.888301782571616 16.62983158520316 0
    endloop
  endfacet
  facet normal 0 0 -1
    outer loop
      vertex 9.40497416488708 15.347522958373661 0
      vertex 9.017802633747376 10.558490301011629 0
      vertex 8.16159415649842 11.233470639227605 0
    endloop
  endfacet
  facet normal 0 0 -1
    outer loop
      vertex 10.580134541264517 14.562305898749054 0
      vertex 10.558490301011629 9.017802633747376 0
      vertex 9.818413359035608 9.818413359035608 0
    endloop
  endfacet
  facet normal 0 0 -1
    outer loop
      vertex 10.580134541264517 14.562305898749054 0
      vertex 9.818413359035608 9.818413359035608 0
      vertex 9.017802633747376 10.558490301011629 0
    endloop
  endfacet
  facet normal 0 0 -1
    outer loop
      vertex 8.171828995311843 16.03811743539062 0
      vertex 9.40497416488708 15.347522958373661 0
      vertex 8.16159415649842 11.233470639227605 0
    endloop
  endfacet
  facet normal 0 0 -1
    outer loop
      vertex 9.40497416488708 15.347522958373661 0
      vertex 10.580134541264517 14.562305898749054 0
      vertex 9.017802633747376 10.558490301011629 0
    endloop
  endfacet
  facet normal 0.5555702330196022 0.8314696123025452 1.8532093999966884e-18
    outer loop
      vertex 9.40497416488708 15.347522958373661 0
      vertex 10.580134541264517 14.562305898749054 16.8
      vertex 10.580134541264517 14.562305898749054 0
    endloop
  endfacet
  facet normal 0 0 -1
    outer loop
      vertex 5.562305898749053 17.119017293312762 0
      vertex 6.888301782571616 16.62983158520316 0
      vertex 5.313687019533393 12.828375268763386 0
    endloop
  endfacet
  facet normal 0.3461170570774926 0.9381913359224843 -1.5730932380387249e-18
    outer loop
      vertex 5.562305898749053 17.119017293312762 0
      vertex 6.888301782571616 16.62983158520316 16.8
      vertex 6.888301782571616 16.62983158520316 0
    endloop
  endfacet
  facet normal 0.4186597375374271 0.9081431738250817 0
    outer loop
      vertex 8.171828995311843 16.03811743539062 0
      vertex 6.888301782571616 16.62983158520316 0
      vertex 8.171828995311843 16.03811743539062 16.8
    endloop
  endfacet
  facet normal 0.48862124149695463 0.8724960070727974 1.458462051827207e-19
    outer loop
      vertex 8.171828995311843 16.03811743539062 0
      vertex 9.40497416488708 15.347522958373661 16.8
      vertex 9.40497416488708 15.347522958373661 0
    endloop
  endfacet
  facet normal 0.039259815759069866 0.9992290362407228 0
    outer loop
      vertex 0 18 0
      vertex 0 18 16.8
      vertex 1.412263723101209 17.944512007196302 16.8
    endloop
  endfacet
  facet normal 0.1175373974578352 0.9930684569549265 0
    outer loop
      vertex 1.412263723101209 17.944512007196302 0
      vertex 1.412263723101209 17.944512007196302 16.8
      vertex 2.815820370724156 17.77839013071248 16.8
    endloop
  endfacet
  facet normal 0.19509032201612975 0.9807852804032301 0
    outer loop
      vertex 2.815820370724156 17.77839013071248 0
      vertex 2.815820370724156 17.77839013071248 16.8
      vertex 4.202016549406297 17.50265856715818 16.8
    endloop
  endfacet
  facet normal 0.2714404498650755 0.9624552364536471 0
    outer loop
      vertex 4.202016549406297 17.50265856715818 0
      vertex 4.202016549406297 17.50265856715818 16.8
      vertex 5.562305898749053 17.119017293312762 16.8
    endloop
  endfacet
  facet normal 0.5555702330196022 0.8314696123025452 0
    outer loop
      vertex 9.40497416488708 15.347522958373661 0
      vertex 9.40497416488708 15.347522958373661 16.8
      vertex 10.580134541264517 14.562305898749054 16.8
    endloop
  endfacet
  facet normal 0.3461170570774926 0.9381913359224843 0
    outer loop
      vertex 5.562305898749053 17.119017293312762 0
      vertex 5.562305898749053 17.119017293312762 16.8
      vertex 6.888301782571616 16.62983158520316 16.8
    endloop
  endfacet
  facet normal 0.4186597375374271 0.9081431738250817 0
    outer loop
      vertex 6.888301782571616 16.62983158520316 0
      vertex 6.888301782571616 16.62983158520316 16.8
      vertex 8.171828995311843 16.03811743539062 16.8
    endloop
  endfacet
  facet normal 0.48862124149695463 0.8724960070727974 0
    outer loop
      vertex 8.171828995311843 16.03811743539062 0
      vertex 8.171828995311843 16.03811743539062 16.8
      vertex 9.40497416488708 15.347522958373661 16.8
    endloop
  endfacet
  facet normal 0 0 -1
    outer loop
      vertex 14.562305898749054 10.580134541264517 0
      vertex 13.842529484662393 -1.0894306972130363 0
      vertex 13.885333333333334 0 0
    endloop
  endfacet
  facet normal 0 0 -1
    outer loop
      vertex 14.562305898749054 -10.580134541264517 0
      vertex 14.562305898749054 10.580134541264517 0
      vertex 15.347522958373661 9.40497416488708 0
    endloop
  endfacet
  facet normal 0 0 -1
    outer loop
      vertex 14.562305898749054 10.580134541264517 0
      vertex 13.885333333333334 0 0
      vertex 13.842529484662393 1.0894306972130363 0
    endloop
  endfacet
  facet normal 0 0 -1
    outer loop
      vertex 14.562305898749054 10.580134541264517 0
      vertex 13.842529484662393 1.0894306972130363 0
      vertex 13.714381838610354 2.172144691905286 0
    endloop
  endfacet
  facet normal 0 0 -1
    outer loop
      vertex 15.347522958373661 -9.40497416488708 0
      vertex 15.347522958373661 9.40497416488708 0
      vertex 16.03811743539062 8.171828995311843 0
    endloop
  endfacet
  facet normal 0 0 -1
    outer loop
      vertex 16.03811743539062 -8.171828995311843 0
      vertex 16.03811743539062 8.171828995311843 0
      vertex 16.62983158520316 6.888301782571616 0
    endloop
  endfacet
  facet normal 0 0 -1
    outer loop
      vertex 13.687307380800556 11.690064869943306 0
      vertex 13.501680468028539 3.241466692260532 0
      vertex 13.205736747596973 4.290803972560936 0
    endloop
  endfacet
  facet normal 0 0 -1
    outer loop
      vertex 13.687307380800556 11.690064869943306 0
      vertex 13.205736747596973 4.290803972560936 0
      vertex 12.828375268763386 5.313687019533393 0
    endloop
  endfacet
  facet normal 0 0 -1
    outer loop
      vertex 12.727922061357857 12.727922061357857 0
      vertex 11.83919289544469 7.255066737269188 0
      vertex 11.233470639227605 8.16159415649842 0
    endloop
  endfacet
  facet normal 0 0 -1
    outer loop
      vertex 12.727922061357857 12.727922061357857 0
      vertex 12.371922590530218 6.303809419050188 0
      vertex 11.83919289544469 7.255066737269188 0
    endloop
  endfacet
  facet normal 0 0 -1
    outer loop
      vertex 13.687307380800556 11.690064869943306 0
      vertex 12.828375268763386 5.313687019533393 0
      vertex 12.371922590530218 6.303809419050188 0
    endloop
  endfacet
  facet normal 0 0 -1
    outer loop
      vertex 14.562305898749054 10.580134541264517 0
      vertex 13.714381838610354 2.172144691905286 0
      vertex 13.501680468028539 3.241466692260532 0
    endloop
  endfacet
  facet normal 0 0 -1
    outer loop
      vertex 14.562305898749054 10.580134541264517 0
      vertex 13.501680468028539 3.241466692260532 0
      vertex 13.687307380800556 11.690064869943306 0
    endloop
  endfacet
  facet normal 0.8724960070727974 0.48862124149695463 1.458462051827207e-19
    outer loop
      vertex 15.347522958373661 9.40497416488708 0
      vertex 16.03811743539062 8.171828995311843 16.8
      vertex 16.03811743539062 8.171828995311843 0
    endloop
  endfacet
  facet normal 0.8314696123025452 0.5555702330196022 1.8532093999966884e-18
    outer loop
      vertex 14.562305898749054 10.580134541264517 0
      vertex 15.347522958373661 9.40497416488708 16.8
      vertex 15.347522958373661 9.40497416488708 0
    endloop
  endfacet
  facet normal 0 0 -1
    outer loop
      vertex 16.62983158520316 -6.888301782571616 0
      vertex 16.62983158520316 6.888301782571616 0
      vertex 17.119017293312762 5.562305898749053 0
    endloop
  endfacet
  facet normal 0 0 -1
    outer loop
      vertex 17.119017293312762 -5.562305898749053 0
      vertex 17.119017293312762 5.562305898749053 0
      vertex 17.50265856715818 4.202016549406297 0
    endloop
  endfacet
  facet normal 0 0 -1
    outer loop
      vertex 17.50265856715818 -4.202016549406297 0
      vertex 17.50265856715818 4.202016549406297 0
      vertex 17.77839013071248 2.815820370724156 0
    endloop
  endfacet
  facet normal 0 0 -1
    outer loop
      vertex 17.944512007196302 -1.412263723101209 0
      vertex 17.944512007196302 1.412263723101209 0
      vertex 18 0 0
    endloop
  endfacet
  facet normal 0 0 -1
    outer loop
      vertex 17.77839013071248 -2.815820370724156 0
      vertex 17.77839013071248 2.815820370724156 0
      vertex 17.944512007196302 1.412263723101209 0
    endloop
  endfacet
  facet normal 0.9992290362407228 0.039259815759069866 0
    outer loop
      vertex 18 0 0
      vertex 17.944512007196302 1.412263723101209 0
      vertex 18 0 16.8
    endloop
  endfacet
  facet normal 0.9930684569549265 0.1175373974578352 0
    outer loop
      vertex 17.944512007196302 1.412263723101209 0
      vertex 17.77839013071248 2.815820370724156 0
      vertex 17.944512007196302 1.412263723101209 16.8
    endloop
  endfacet
  facet normal 0.9624552364536471 0.2714404498650755 0
    outer loop
      vertex 17.50265856715818 4.202016549406297 0
      vertex 17.119017293312762 5.562305898749053 0
      vertex 17.50265856715818 4.202016549406297 16.8
    endloop
  endfacet
  facet normal 0.9807852804032301 0.19509032201612975 2.639911913792623e-19
    outer loop
      vertex 17.50265856715818 4.202016549406297 0
      vertex 17.77839013071248 2.815820370724156 16.8
      vertex 17.77839013071248 2.815820370724156 0
    endloop
  endfacet
  facet normal 0.9381913359224843 0.3461170570774926 0
    outer loop
      vertex 17.119017293312762 5.562305898749053 0
      vertex 16.62983158520316 6.888301782571616 0
      vertex 17.119017293312762 5.562305898749053 16.8
    endloop
  endfacet
  facet normal 0.9081431738250817 0.4186597375374271 4.4931413246970545e-19
    outer loop
      vertex 16.03811743539062 8.171828995311843 0
      vertex 16.62983158520316 6.888301782571616 16.8
      vertex 16.62983158520316 6.888301782571616 0
    endloop
  endfacet
  facet normal 0.9081431738250817 0.4186597375374271 0
    outer loop
      vertex 16.03811743539062 8.171828995311843 0
      vertex 16.03811743539062 8.171828995311843 16.8
      vertex 16.62983158520316 6.888301782571616 16.8
    endloop
  endfacet
  facet normal 0.8724960070727974 0.48862124149695463 0
    outer loop
      vertex 15.347522958373661 9.40497416488708 0
      vertex 15.347522958373661 9.40497416488708 16.8
      vertex 16.03811743539062 8.171828995311843 16.8
    endloop
  endfacet
  facet normal 0.9992290362407228 0.039259815759069866 0
    outer loop
      vertex 17.944512007196302 1.412263723101209 0
      vertex 17.944512007196302 1.412263723101209 16.8
      vertex 18 0 16.8
    endloop
  endfacet
  facet normal 0.9807852804032301 0.19509032201612975 0
    outer loop
      vertex 17.50265856715818 4.202016549406297 0
      vertex 17.50265856715818 4.202016549406297 16.8
      vertex 17.77839013071248 2.815820370724156 16.8
    endloop
  endfacet
  facet normal 0.9930684569549265 0.1175373974578352 0
    outer loop
      vertex 17.77839013071248 2.815820370724156 0
      vertex 17.77839013071248 2.815820370724156 16.8
      vertex 17.944512007196302 1.412263723101209 16.8
    endloop
  endfacet
  facet normal 0.9624552364536471 0.2714404498650755 0
    outer loop
      vertex 17.119017293312762 5.562305898749053 0
      vertex 17.119017293312762 5.562305898749053 16.8
      vertex 17.50265856715818 4.202016549406297 16.8
    endloop
  endfacet
  facet normal 0.9381913359224843 0.3461170570774926 0
    outer loop
      vertex 16.62983158520316 6.888301782571616 0
      vertex 16.62983158520316 6.888301782571616 16.8
      vertex 17.119017293312762 5.562305898749053 16.8
    endloop
  endfacet
  facet normal 0 0 -1
    outer loop
      vertex 11.690064869943306 13.687307380800556 0
      vertex 11.233470639227605 8.16159415649842 0
      vertex 10.558490301011629 9.017802633747376 0
    endloop
  endfacet
  facet normal 0 0 -1
    outer loop
      vertex 10.580134541264517 14.562305898749054 0
      vertex 11.690064869943306 13.687307380800556 0
      vertex 10.558490301011629 9.017802633747376 0
    endloop
  endfacet
  facet normal 0 0 -1
    outer loop
      vertex 12.727922061357857 12.727922061357857 0
      vertex 11.233470639227605 8.16159415649842 0
      vertex 11.690064869943306 13.687307380800556 0
    endloop
  endfacet
  facet normal 0 0 -1
    outer loop
      vertex 12.727922061357857 12.727922061357857 0
      vertex 13.687307380800556 11.690064869943306 0
      vertex 12.371922590530218 6.303809419050188 0
    endloop
  endfacet
  facet normal 0.7343225094356866 0.6788007455329403 1.3268986204837449e-18
    outer loop
      vertex 12.727922061357857 12.727922061357857 0
      vertex 13.687307380800556 11.690064869943306 16.8
      vertex 13.687307380800556 11.690064869943306 0
    endloop
  endfacet
  facet normal 0.6190939493098346 0.7853169308807445 2.310068043309184e-18
    outer loop
      vertex 10.580134541264517 14.562305898749054 0
      vertex 11.690064869943306 13.687307380800556 16.8
      vertex 11.690064869943306 13.687307380800556 0
    endloop
  endfacet
  facet normal 0.6788007455329403 0.7343225094356866 0
    outer loop
      vertex 12.727922061357857 12.727922061357857 0
      vertex 11.690064869943306 13.687307380800556 0
      vertex 12.727922061357857 12.727922061357857 16.8
    endloop
  endfacet
  facet normal 0.7853169308807445 0.6190939493098346 0
    outer loop
      vertex 14.562305898749054 10.580134541264517 0
      vertex 13.687307380800556 11.690064869943306 0
      vertex 14.562305898749054 10.580134541264517 16.8
    endloop
  endfacet
  facet normal 0.7343225094356866 0.6788007455329403 0
    outer loop
      vertex 12.727922061357857 12.727922061357857 0
      vertex 12.727922061357857 12.727922061357857 16.8
      vertex 13.687307380800556 11.690064869943306 16.8
    endloop
  endfacet
  facet normal 0.6788007455329403 0.7343225094356866 0
    outer loop
      vertex 11.690064869943306 13.687307380800556 0
      vertex 11.690064869943306 13.687307380800556 16.8
      vertex 12.727922061357857 12.727922061357857 16.8
    endloop
  endfacet
  facet normal 0.6190939493098346 0.7853169308807445 0
    outer loop
      vertex 10.580134541264517 14.562305898749054 0
      vertex 10.580134541264517 14.562305898749054 16.8
      vertex 11.690064869943306 13.687307380800556 16.8
    endloop
  endfacet
  facet normal 0.7853169308807445 0.6190939493098346 2.310068043309184e-18
    outer loop
      vertex 14.562305898749054 10.580134541264517 16.8
      vertex 13.687307380800556 11.690064869943306 0
      vertex 13.687307380800556 11.690064869943306 16.8
    endloop
  endfacet
  facet normal 0.8314696123025452 0.5555702330196022 0
    outer loop
      vertex 14.562305898749054 10.580134541264517 0
      vertex 14.562305898749054 10.580134541264517 16.8
      vertex 15.347522958373661 9.40497416488708 16.8
    endloop
  endfacet
  facet normal -0.8132352693817425 -0.5433864346034276 -0.2082776495992293
    outer loop
      vertex -14.562305898749054 -10.580134541264517 16.8
      vertex -17.54950213521819 -12.750459646556905 34.126
      vertex -18.49579241096879 -11.334236166714247 34.126
    endloop
  endfacet
  facet normal -0.5433864346034263 -0.8132352693817436 -0.20827764959922945
    outer loop
      vertex -10.580134541264517 -14.562305898749054 16.8
      vertex -11.334236166714247 -18.49579241096879 34.126
      vertex -12.750459646556905 -17.549502135218194 34.126
    endloop
  endfacet
  facet normal -0.7680947281600261 -0.6055170594212818 -0.20827764959922926
    outer loop
      vertex -13.687307380800556 -11.690064869943306 16.8
      vertex -17.54950213521819 -12.750459646556905 34.126
      vertex -14.562305898749054 -10.580134541264517 16.8
    endloop
  endfacet
  facet normal -0.7182186275217891 -0.6639144702129471 -0.20827764959922931
    outer loop
      vertex -13.687307380800556 -11.690064869943306 16.8
      vertex -12.727922061357857 -12.727922061357857 16.8
      vertex -16.495013343002324 -14.088072302720454 34.126
    endloop
  endfacet
  facet normal -0.6639144702129471 -0.7182186275217891 -0.20827764959922931
    outer loop
      vertex -11.690064869943306 -13.687307380800556 16.8
      vertex -14.088072302720454 -16.495013343002324 34.126
      vertex -12.727922061357857 -12.727922061357857 16.8
    endloop
  endfacet
  facet normal -0.6055170594212818 -0.7680947281600261 -0.2082776495992294
    outer loop
      vertex -11.690064869943306 -13.687307380800556 16.8
      vertex -10.580134541264517 -14.562305898749054 16.8
      vertex -12.750459646556905 -17.549502135218194 34.126
    endloop
  endfacet
  facet normal -0.7182186275217886 -0.6639144702129477 -0.2082776495992293
    outer loop
      vertex -12.727922061357857 -12.727922061357857 16.8
      vertex -15.338827308378303 -15.338827308378303 34.126
      vertex -16.495013343002324 -14.088072302720454 34.126
    endloop
  endfacet
  facet normal -0.6639144702129477 -0.7182186275217886 -0.2082776495992293
    outer loop
      vertex -12.727922061357857 -12.727922061357857 16.8
      vertex -14.088072302720454 -16.495013343002324 34.126
      vertex -15.338827308378303 -15.338827308378303 34.126
    endloop
  endfacet
  facet normal -0.7680947281600266 -0.6055170594212813 -0.20827764959922931
    outer loop
      vertex -13.687307380800556 -11.690064869943306 16.8
      vertex -16.495013343002324 -14.088072302720454 34.126
      vertex -17.54950213521819 -12.750459646556905 34.126
    endloop
  endfacet
  facet normal -0.6055170594212826 -0.7680947281600256 -0.20827764959922931
    outer loop
      vertex -11.690064869943306 -13.687307380800556 16.8
      vertex -12.750459646556905 -17.549502135218194 34.126
      vertex -14.088072302720454 -16.495013343002324 34.126
    endloop
  endfacet
  facet normal -0.8533619447395522 -0.47790565172191696 -0.20827764959922943
    outer loop
      vertex -16.03811743539062 -8.171828995311843 16.8
      vertex -15.347522958373661 -9.40497416488708 16.8
      vertex -19.366026803234174 -9.867483511839048 34.32599999999999
    endloop
  endfacet
  facet normal -0.9176165580936688 -0.33852662079923507 -0.20827764959922945
    outer loop
      vertex -16.62983158520316 -6.888301782571616 16.8
      vertex -20.67121338167516 -6.7164843727394805 34.32599999999999
      vertex -17.119017293312762 -5.562305898749053 16.8
    endloop
  endfacet
  facet normal -0.8882273599363995 -0.40947842157778525 -0.20827764959922945
    outer loop
      vertex -16.62983158520316 -6.888301782571616 16.8
      vertex -16.03811743539062 -8.171828995311843 16.8
      vertex -20.080521639132815 -8.317624402455225 34.32599999999999
    endloop
  endfacet
  facet normal -0.917616558093669 -0.3385266207992346 -0.20827764959922948
    outer loop
      vertex -16.62983158520316 -6.888301782571616 16.8
      vertex -20.080521639132815 -8.317624402455225 34.32599999999999
      vertex -20.67121338167516 -6.7164843727394805 34.32599999999999
    endloop
  endfacet
  facet normal -0.9413483450318211 -0.26548769083193297 -0.20827764959922945
    outer loop
      vertex -17.119017293312762 -5.562305898749053 16.8
      vertex -20.67121338167516 -6.7164843727394805 34.32599999999999
      vertex -21.134460219843497 -5.073934983408103 34.32599999999999
    endloop
  endfacet
  facet normal -0.8533619447395516 -0.477905651721918 -0.20827764959922934
    outer loop
      vertex -15.347522958373661 -9.40497416488708 16.8
      vertex -18.899999998509884 -10.612471584647198 34.126
      vertex -19.366026803234174 -9.867483511839048 34.32599999999999
    endloop
  endfacet
  facet normal -0.8882273599363991 -0.409478421577786 -0.2082776495992294
    outer loop
      vertex -16.03811743539062 -8.171828995311843 16.8
      vertex -19.366026803234174 -9.867483511839048 34.32599999999999
      vertex -20.080521639132815 -8.317624402455225 34.32599999999999
    endloop
  endfacet
  facet normal -0.8533619447395516 -0.47790565172191796 -0.20827764959922931
    outer loop
      vertex -15.347522958373661 -9.40497416488708 16.8
      vertex -18.49579241096879 -11.334236166714247 34.126
      vertex -18.899999998509884 -10.612471584647198 34.126
    endloop
  endfacet
  facet normal -0.9712902097165185 -0.11495977203466465 -0.2082776495992294
    outer loop
      vertex -17.77839013071248 -2.815820370724156 16.8
      vertex -21.667998248689532 -1.7053084456447096 34.32599999999999
      vertex -17.944512007196302 -1.412263723101209 16.8
    endloop
  endfacet
  facet normal -0.9773156859106013 -0.03839883787970281 -0.20827764959922931
    outer loop
      vertex -17.944512007196302 -1.412263723101209 16.8
      vertex -21.734999999999996 0 34.32599999999999
      vertex -18 0 16.8
    endloop
  endfacet
  facet normal -0.9413483450318209 -0.265487690831934 -0.20827764959922934
    outer loop
      vertex -17.119017293312762 -5.562305898749053 16.8
      vertex -21.134460219843497 -5.073934983408103 34.32599999999999
      vertex -17.50265856715818 -4.202016549406297 16.8
    endloop
  endfacet
  facet normal -0.9592764063927627 -0.19081194096703682 -0.2082776495992292
    outer loop
      vertex -17.77839013071248 -2.815820370724156 16.8
      vertex -17.50265856715818 -4.202016549406297 16.8
      vertex -21.467406082835314 -3.400103097649417 34.32599999999999
    endloop
  endfacet
  facet normal -0.9592764063927629 -0.1908119409670352 -0.20827764959922934
    outer loop
      vertex -17.50265856715818 -4.202016549406297 16.8
      vertex -21.134460219843497 -5.073934983408103 34.32599999999999
      vertex -21.467406082835314 -3.400103097649417 34.32599999999999
    endloop
  endfacet
  facet normal -0.9773156859106011 -0.03839883787970192 -0.2082776495992294
    outer loop
      vertex -17.944512007196302 -1.412263723101209 16.8
      vertex -21.667998248689532 -1.7053084456447096 34.32599999999999
      vertex -21.734999999999996 0 34.32599999999999
    endloop
  endfacet
  facet normal -0.9712902097165182 -0.11495977203466672 -0.2082776495992292
    outer loop
      vertex -17.77839013071248 -2.815820370724156 16.8
      vertex -21.467406082835314 -3.400103097649417 34.32599999999999
      vertex -21.667998248689532 -1.7053084456447096 34.32599999999999
    endloop
  endfacet
  facet normal -0.8132352693817431 -0.5433864346034272 -0.20827764959922934
    outer loop
      vertex -15.347522958373661 -9.40497416488708 16.8
      vertex -14.562305898749054 -10.580134541264517 16.8
      vertex -18.49579241096879 -11.334236166714247 34.126
    endloop
  endfacet
  facet normal -0.8533619447395517 -0.4779056517219184 -0.2082776495992278
    outer loop
      vertex -19.366026803234174 -9.867483511839048 34.32599999999999
      vertex -18.899999998509884 -10.612471584647198 34.126
      vertex -18.899999998509884 -10.6996342490136 34.32599999999999
    endloop
  endfacet
  facet normal 0 0 1
    outer loop
      vertex -19.366026803234174 -9.867483511839048 34.32599999999999
      vertex -20.080521639132815 8.317624402455225 34.32599999999999
      vertex -20.080521639132815 -8.317624402455225 34.32599999999999
    endloop
  endfacet
  facet normal 0 0 1
    outer loop
      vertex -19.366026803234174 -9.867483511839048 34.32599999999999
      vertex -18.899999998509884 -10.6996342490136 34.32599999999999
      vertex -19.366026803234174 9.867483511839048 34.32599999999999
    endloop
  endfacet
  facet normal 0 0 1
    outer loop
      vertex -20.080521639132815 -8.317624402455225 34.32599999999999
      vertex -20.67121338167516 6.7164843727394805 34.32599999999999
      vertex -20.67121338167516 -6.7164843727394805 34.32599999999999
    endloop
  endfacet
  facet normal 0 0 1
    outer loop
      vertex -20.67121338167516 -6.7164843727394805 34.32599999999999
      vertex -21.134460219843497 5.073934983408103 34.32599999999999
      vertex -21.134460219843497 -5.073934983408103 34.32599999999999
    endloop
  endfacet
  facet normal 0 0 1
    outer loop
      vertex -21.467406082835314 -3.400103097649417 34.32599999999999
      vertex -21.667998248689532 1.7053084456447096 34.32599999999999
      vertex -21.667998248689532 -1.7053084456447096 34.32599999999999
    endloop
  endfacet
  facet normal 0 0 1
    outer loop
      vertex -21.134460219843497 -5.073934983408103 34.32599999999999
      vertex -21.467406082835314 3.400103097649417 34.32599999999999
      vertex -21.467406082835314 -3.400103097649417 34.32599999999999
    endloop
  endfacet
  facet normal -0.47790565172191696 -0.8533619447395522 -0.20827764959922945
    outer loop
      vertex -9.40497416488708 -15.347522958373661 16.8
      vertex -8.171828995311843 -16.03811743539062 16.8
      vertex -9.867483511839048 -19.366026803234174 34.32599999999999
    endloop
  endfacet
  facet normal -0.40947842157778525 -0.8882273599363995 -0.20827764959922945
    outer loop
      vertex -6.888301782571616 -16.62983158520316 16.8
      vertex -8.317624402455225 -20.080521639132815 34.32599999999999
      vertex -8.171828995311843 -16.03811743539062 16.8
    endloop
  endfacet
  facet normal -0.33852662079923507 -0.9176165580936688 -0.20827764959922945
    outer loop
      vertex -6.888301782571616 -16.62983158520316 16.8
      vertex -5.562305898749053 -17.119017293312762 16.8
      vertex -6.7164843727394805 -20.67121338167516 34.32599999999999
    endloop
  endfacet
  facet normal -0.477905651721918 -0.8533619447395516 -0.20827764959922934
    outer loop
      vertex -9.40497416488708 -15.347522958373661 16.8
      vertex -9.867483511839048 -19.366026803234174 34.32599999999999
      vertex -10.612471584647198 -18.899999998509884 34.126
    endloop
  endfacet
  facet normal -0.47790565172191796 -0.8533619447395516 -0.20827764959922931
    outer loop
      vertex -9.40497416488708 -15.347522958373661 16.8
      vertex -10.612471584647198 -18.899999998509884 34.126
      vertex -11.334236166714247 -18.49579241096879 34.126
    endloop
  endfacet
  facet normal -0.409478421577786 -0.8882273599363991 -0.2082776495992294
    outer loop
      vertex -8.171828995311843 -16.03811743539062 16.8
      vertex -8.317624402455225 -20.080521639132815 34.32599999999999
      vertex -9.867483511839048 -19.366026803234174 34.32599999999999
    endloop
  endfacet
  facet normal -0.3385266207992346 -0.917616558093669 -0.20827764959922948
    outer loop
      vertex -6.888301782571616 -16.62983158520316 16.8
      vertex -6.7164843727394805 -20.67121338167516 34.32599999999999
      vertex -8.317624402455225 -20.080521639132815 34.32599999999999
    endloop
  endfacet
  facet normal -0.26548769083193297 -0.9413483450318211 -0.20827764959922945
    outer loop
      vertex -5.562305898749053 -17.119017293312762 16.8
      vertex -5.073934983408103 -21.134460219843497 34.32599999999999
      vertex -6.7164843727394805 -20.67121338167516 34.32599999999999
    endloop
  endfacet
  facet normal -0.5433864346034272 -0.8132352693817431 -0.20827764959922934
    outer loop
      vertex -10.580134541264517 -14.562305898749054 16.8
      vertex -9.40497416488708 -15.347522958373661 16.8
      vertex -11.334236166714247 -18.49579241096879 34.126
    endloop
  endfacet
  facet normal -0.265487690831934 -0.9413483450318209 -0.20827764959922934
    outer loop
      vertex -5.562305898749053 -17.119017293312762 16.8
      vertex -4.202016549406297 -17.50265856715818 16.8
      vertex -5.073934983408103 -21.134460219843497 34.32599999999999
    endloop
  endfacet
  facet normal -0.19081194096703682 -0.9592764063927627 -0.2082776495992292
    outer loop
      vertex -4.202016549406297 -17.50265856715818 16.8
      vertex -2.815820370724156 -17.77839013071248 16.8
      vertex -3.400103097649417 -21.467406082835314 34.32599999999999
    endloop
  endfacet
  facet normal -0.11495977203466465 -0.9712902097165185 -0.2082776495992294
    outer loop
      vertex -2.815820370724156 -17.77839013071248 16.8
      vertex -1.412263723101209 -17.944512007196302 16.8
      vertex -1.7053084456447096 -21.667998248689532 34.32599999999999
    endloop
  endfacet
  facet normal -0.03839883787970281 -0.9773156859106013 -0.20827764959922931
    outer loop
      vertex -1.412263723101209 -17.944512007196302 16.8
      vertex 0 -18 16.8
      vertex 0 -21.734999999999996 34.32599999999999
    endloop
  endfacet
  facet normal -0.1908119409670352 -0.9592764063927629 -0.20827764959922934
    outer loop
      vertex -4.202016549406297 -17.50265856715818 16.8
      vertex -3.400103097649417 -21.467406082835314 34.32599999999999
      vertex -5.073934983408103 -21.134460219843497 34.32599999999999
    endloop
  endfacet
  facet normal -0.11495977203466672 -0.9712902097165182 -0.2082776495992292
    outer loop
      vertex -2.815820370724156 -17.77839013071248 16.8
      vertex -1.7053084456447096 -21.667998248689532 34.32599999999999
      vertex -3.400103097649417 -21.467406082835314 34.32599999999999
    endloop
  endfacet
  facet normal -0.03839883787970192 -0.9773156859106011 -0.2082776495992294
    outer loop
      vertex -1.412263723101209 -17.944512007196302 16.8
      vertex 0 -21.734999999999996 34.32599999999999
      vertex -1.7053084456447096 -21.667998248689532 34.32599999999999
    endloop
  endfacet
  facet normal -0.4779056517219184 -0.8533619447395517 -0.2082776495992278
    outer loop
      vertex -9.867483511839048 -19.366026803234174 34.32599999999999
      vertex -10.6996342490136 -18.899999998509884 34.32599999999999
      vertex -10.612471584647198 -18.899999998509884 34.126
    endloop
  endfacet
  facet normal 0 0 1
    outer loop
      vertex -9.867483511839048 -19.366026803234174 34.32599999999999
      vertex 10.6996342490136 -18.899999998509884 34.32599999999999
      vertex -10.6996342490136 -18.899999998509884 34.32599999999999
    endloop
  endfacet
  facet normal 0 0 1
    outer loop
      vertex -9.867483511839048 -19.366026803234174 34.32599999999999
      vertex -8.317624402455225 -20.080521639132815 34.32599999999999
      vertex 10.6996342490136 -18.899999998509884 34.32599999999999
    endloop
  endfacet
  facet normal 0 0 1
    outer loop
      vertex -8.317624402455225 -20.080521639132815 34.32599999999999
      vertex -6.7164843727394805 -20.67121338167516 34.32599999999999
      vertex 10.6996342490136 -18.899999998509884 34.32599999999999
    endloop
  endfacet
  facet normal 0 0 1
    outer loop
      vertex -6.7164843727394805 -20.67121338167516 34.32599999999999
      vertex -5.073934983408103 -21.134460219843497 34.32599999999999
      vertex 10.6996342490136 -18.899999998509884 34.32599999999999
    endloop
  endfacet
  facet normal -0.9773156859106013 0.03839883787970281 -0.20827764959922931
    outer loop
      vertex -18 0 16.8
      vertex -21.734999999999996 0 34.32599999999999
      vertex -17.944512007196302 1.412263723101209 16.8
    endloop
  endfacet
  facet normal -0.9712902097165185 0.11495977203466465 -0.2082776495992294
    outer loop
      vertex -17.944512007196302 1.412263723101209 16.8
      vertex -21.667998248689532 1.7053084456447096 34.32599999999999
      vertex -17.77839013071248 2.815820370724156 16.8
    endloop
  endfacet
  facet normal -0.9592764063927627 0.19081194096703682 -0.2082776495992292
    outer loop
      vertex -17.77839013071248 2.815820370724156 16.8
      vertex -21.467406082835314 3.400103097649417 34.32599999999999
      vertex -17.50265856715818 4.202016549406297 16.8
    endloop
  endfacet
  facet normal -0.9773156859106014 0.038398837879701726 -0.20827764959922943
    outer loop
      vertex -17.944512007196302 1.412263723101209 16.8
      vertex -21.734999999999996 0 34.32599999999999
      vertex -21.667998248689532 1.7053084456447096 34.32599999999999
    endloop
  endfacet
  facet normal -0.9712902097165182 0.11495977203466692 -0.20827764959922923
    outer loop
      vertex -17.77839013071248 2.815820370724156 16.8
      vertex -21.667998248689532 1.7053084456447096 34.32599999999999
      vertex -21.467406082835314 3.400103097649417 34.32599999999999
    endloop
  endfacet
  facet normal -0.9592764063927629 0.19081194096703502 -0.20827764959922937
    outer loop
      vertex -17.50265856715818 4.202016549406297 16.8
      vertex -21.467406082835314 3.400103097649417 34.32599999999999
      vertex -21.134460219843497 5.073934983408103 34.32599999999999
    endloop
  endfacet
  facet normal -0.9413483450318209 0.265487690831934 -0.20827764959922934
    outer loop
      vertex -17.50265856715818 4.202016549406297 16.8
      vertex -21.134460219843497 5.073934983408103 34.32599999999999
      vertex -17.119017293312762 5.562305898749053 16.8
    endloop
  endfacet
  facet normal -0.9176165580936688 0.33852662079923507 -0.20827764959922945
    outer loop
      vertex -17.119017293312762 5.562305898749053 16.8
      vertex -20.67121338167516 6.7164843727394805 34.32599999999999
      vertex -16.62983158520316 6.888301782571616 16.8
    endloop
  endfacet
  facet normal -0.8882273599363995 0.40947842157778525 -0.20827764959922948
    outer loop
      vertex -16.62983158520316 6.888301782571616 16.8
      vertex -20.080521639132815 8.317624402455225 34.32599999999999
      vertex -16.03811743539062 8.171828995311843 16.8
    endloop
  endfacet
  facet normal -0.8533619447395522 0.47790565172191696 -0.20827764959922945
    outer loop
      vertex -16.03811743539062 8.171828995311843 16.8
      vertex -19.366026803234174 9.867483511839048 34.32599999999999
      vertex -15.347522958373661 9.40497416488708 16.8
    endloop
  endfacet
  facet normal -0.9413483450318211 0.2654876908319329 -0.20827764959922945
    outer loop
      vertex -17.119017293312762 5.562305898749053 16.8
      vertex -21.134460219843497 5.073934983408103 34.32599999999999
      vertex -20.67121338167516 6.7164843727394805 34.32599999999999
    endloop
  endfacet
  facet normal -0.9176165580936689 0.33852662079923473 -0.20827764959922943
    outer loop
      vertex -16.62983158520316 6.888301782571616 16.8
      vertex -20.67121338167516 6.7164843727394805 34.32599999999999
      vertex -20.080521639132815 8.317624402455225 34.32599999999999
    endloop
  endfacet
  facet normal -0.8882273599363991 0.40947842157778597 -0.20827764959922943
    outer loop
      vertex -16.03811743539062 8.171828995311843 16.8
      vertex -20.080521639132815 8.317624402455225 34.32599999999999
      vertex -19.366026803234174 9.867483511839048 34.32599999999999
    endloop
  endfacet
  facet normal -0.8533619447395516 0.47790565172191796 -0.20827764959922937
    outer loop
      vertex -15.347522958373661 9.40497416488708 16.8
      vertex -19.366026803234174 9.867483511839048 34.32599999999999
      vertex -18.899999998509884 10.612471584647198 34.126
    endloop
  endfacet
  facet normal 0 0 1
    outer loop
      vertex -21.667998248689532 -1.7053084456447096 34.32599999999999
      vertex -21.667998248689532 1.7053084456447096 34.32599999999999
      vertex -21.734999999999996 0 34.32599999999999
    endloop
  endfacet
  facet normal 0 0 1
    outer loop
      vertex -21.467406082835314 -3.400103097649417 34.32599999999999
      vertex -21.467406082835314 3.400103097649417 34.32599999999999
      vertex -21.667998248689532 1.7053084456447096 34.32599999999999
    endloop
  endfacet
  facet normal 0 0 1
    outer loop
      vertex -21.134460219843497 -5.073934983408103 34.32599999999999
      vertex -21.134460219843497 5.073934983408103 34.32599999999999
      vertex -21.467406082835314 3.400103097649417 34.32599999999999
    endloop
  endfacet
  facet normal 0 0 1
    outer loop
      vertex -20.67121338167516 -6.7164843727394805 34.32599999999999
      vertex -20.67121338167516 6.7164843727394805 34.32599999999999
      vertex -21.134460219843497 5.073934983408103 34.32599999999999
    endloop
  endfacet
  facet normal 0 0 1
    outer loop
      vertex -20.080521639132815 -8.317624402455225 34.32599999999999
      vertex -20.080521639132815 8.317624402455225 34.32599999999999
      vertex -20.67121338167516 6.7164843727394805 34.32599999999999
    endloop
  endfacet
  facet normal 0 0 1
    outer loop
      vertex -19.366026803234174 -9.867483511839048 34.32599999999999
      vertex -19.366026803234174 9.867483511839048 34.32599999999999
      vertex -20.080521639132815 8.317624402455225 34.32599999999999
    endloop
  endfacet
  facet normal 0 0 1
    outer loop
      vertex -18.899999998509884 -10.6996342490136 34.32599999999999
      vertex -18.899999998509884 10.6996342490136 34.32599999999999
      vertex -19.366026803234174 9.867483511839048 34.32599999999999
    endloop
  endfacet
  facet normal -0.8533619447395515 0.47790565172191796 -0.20827764959922934
    outer loop
      vertex -15.347522958373661 9.40497416488708 16.8
      vertex -18.899999998509884 10.612471584647198 34.126
      vertex -18.49579241096879 11.334236166714247 34.126
    endloop
  endfacet
  facet normal -0.8132352693817426 0.5433864346034277 -0.20827764959922926
    outer loop
      vertex -14.562305898749054 10.580134541264517 16.8
      vertex -18.49579241096879 11.334236166714247 34.126
      vertex -17.54950213521819 12.750459646556905 34.126
    endloop
  endfacet
  facet normal -0.8132352693817431 0.5433864346034272 -0.20827764959922934
    outer loop
      vertex -15.347522958373661 9.40497416488708 16.8
      vertex -18.49579241096879 11.334236166714247 34.126
      vertex -14.562305898749054 10.580134541264517 16.8
    endloop
  endfacet
  facet normal -0.7680947281600261 0.6055170594212818 -0.20827764959922926
    outer loop
      vertex -14.562305898749054 10.580134541264517 16.8
      vertex -17.54950213521819 12.750459646556905 34.126
      vertex -13.687307380800556 11.690064869943306 16.8
    endloop
  endfacet
  facet normal -0.7182186275217891 0.6639144702129471 -0.20827764959922931
    outer loop
      vertex -13.687307380800556 11.690064869943306 16.8
      vertex -16.495013343002324 14.088072302720454 34.126
      vertex -12.727922061357857 12.727922061357857 16.8
    endloop
  endfacet
  facet normal -0.6639144702129471 0.7182186275217891 -0.20827764959922931
    outer loop
      vertex -12.727922061357857 12.727922061357857 16.8
      vertex -14.088072302720454 16.495013343002324 34.126
      vertex -11.690064869943306 13.687307380800556 16.8
    endloop
  endfacet
  facet normal -0.6055170594212818 0.7680947281600261 -0.20827764959922923
    outer loop
      vertex -11.690064869943306 13.687307380800556 16.8
      vertex -12.750459646556905 17.54950213521819 34.126
      vertex -10.580134541264517 14.562305898749054 16.8
    endloop
  endfacet
  facet normal -0.7680947281600266 0.6055170594212813 -0.20827764959922931
    outer loop
      vertex -13.687307380800556 11.690064869943306 16.8
      vertex -17.54950213521819 12.750459646556905 34.126
      vertex -16.495013343002324 14.088072302720454 34.126
    endloop
  endfacet
  facet normal -0.7182186275217886 0.6639144702129477 -0.20827764959922926
    outer loop
      vertex -12.727922061357857 12.727922061357857 16.8
      vertex -16.495013343002324 14.088072302720454 34.126
      vertex -15.338827308378303 15.338827308378303 34.126
    endloop
  endfacet
  facet normal -0.6639144702129477 0.7182186275217886 -0.20827764959922926
    outer loop
      vertex -12.727922061357857 12.727922061357857 16.8
      vertex -15.338827308378303 15.338827308378303 34.126
      vertex -14.088072302720454 16.495013343002324 34.126
    endloop
  endfacet
  facet normal -0.6055170594212813 0.7680947281600266 -0.20827764959922931
    outer loop
      vertex -11.690064869943306 13.687307380800556 16.8
      vertex -14.088072302720454 16.495013343002324 34.126
      vertex -12.750459646556905 17.54950213521819 34.126
    endloop
  endfacet
  facet normal -0.5433864346034273 0.813235269381743 -0.2082776495992293
    outer loop
      vertex -10.580134541264517 14.562305898749054 16.8
      vertex -12.750459646556905 17.54950213521819 34.126
      vertex -11.334236166714245 18.49579241096879 34.126
    endloop
  endfacet
  facet normal -0.8533619447395517 0.4779056517219184 -0.20827764959922773
    outer loop
      vertex -19.366026803234174 9.867483511839048 34.32599999999999
      vertex -18.899999998509884 10.6996342490136 34.32599999999999
      vertex -18.899999998509884 10.612471584647198 34.126
    endloop
  endfacet
  facet normal -0.5433864346034272 0.8132352693817431 -0.20827764959922926
    outer loop
      vertex -10.580134541264517 14.562305898749054 16.8
      vertex -11.334236166714245 18.49579241096879 34.126
      vertex -9.40497416488708 15.347522958373661 16.8
    endloop
  endfacet
  facet normal -0.47790565172191696 0.8533619447395522 -0.20827764959922943
    outer loop
      vertex -9.40497416488708 15.347522958373661 16.8
      vertex -9.867483511839048 19.366026803234174 34.32599999999999
      vertex -8.171828995311843 16.03811743539062 16.8
    endloop
  endfacet
  facet normal -0.33852662079923507 0.9176165580936689 -0.20827764959922948
    outer loop
      vertex -6.888301782571616 16.62983158520316 16.8
      vertex -6.433306954152305 19.799682902389623 30.025999999999996
      vertex -5.562305898749053 17.119017293312762 16.8
    endloop
  endfacet
  facet normal -0.40947842157778525 0.8882273599363995 -0.20827764959922948
    outer loop
      vertex -8.171828995311843 16.03811743539062 16.8
      vertex -8.317624402455225 20.080521639132815 34.32599999999999
      vertex -6.888301782571616 16.62983158520316 16.8
    endloop
  endfacet
  facet normal -0.47790565172191884 0.8533619447395511 -0.20827764959922926
    outer loop
      vertex -9.40497416488708 15.347522958373661 16.8
      vertex -11.334236166714245 18.49579241096879 34.126
      vertex -10.612471584647198 18.899999998509884 34.126
    endloop
  endfacet
  facet normal -0.47790565172191796 0.8533619447395516 -0.20827764959922937
    outer loop
      vertex -9.40497416488708 15.347522958373661 16.8
      vertex -10.612471584647198 18.899999998509884 34.126
      vertex -9.867483511839048 19.366026803234174 34.32599999999999
    endloop
  endfacet
  facet normal -0.40947842157778597 0.8882273599363991 -0.20827764959922943
    outer loop
      vertex -8.171828995311843 16.03811743539062 16.8
      vertex -9.867483511839048 19.366026803234174 34.32599999999999
      vertex -8.317624402455225 20.080521639132815 34.32599999999999
    endloop
  endfacet
  facet normal -0.3385266207992349 0.9176165580936689 -0.20827764959922948
    outer loop
      vertex -6.888301782571616 16.62983158520316 16.8
      vertex -8.317624402455225 20.080521639132815 34.32599999999999
      vertex -7 19.590618800233717 30.025999999999996
    endloop
  endfacet
  facet normal -0.33852662079923473 0.9176165580936689 -0.2082776495992295
    outer loop
      vertex -6.888301782571616 16.62983158520316 16.8
      vertex -7 19.590618800233717 30.025999999999996
      vertex -6.433306954152305 19.799682902389623 30.025999999999996
    endloop
  endfacet
  facet normal -0.26548769083193374 0.941348345031821 -0.20827764959922948
    outer loop
      vertex -5.562305898749053 17.119017293312762 16.8
      vertex -6.433306954152305 19.799682902389623 30.025999999999996
      vertex -4.860009999600744 20.243398533974112 30.025999999999996
    endloop
  endfacet
  facet normal -0.265487690831934 0.941348345031821 -0.20827764959922948
    outer loop
      vertex -5.562305898749053 17.119017293312762 16.8
      vertex -4.860009999600744 20.243398533974112 30.025999999999996
      vertex -4.202016549406297 17.50265856715818 16.8
    endloop
  endfacet
  facet normal -0.19081194096703682 0.9592764063927626 -0.20827764959922926
    outer loop
      vertex -4.202016549406297 17.50265856715818 16.8
      vertex -3.256749467284324 20.56230688198354 30.025999999999996
      vertex -2.815820370724156 17.77839013071248 16.8
    endloop
  endfacet
  facet normal -0.11495977203466466 0.9712902097165185 -0.20827764959922934
    outer loop
      vertex -2.815820370724156 17.77839013071248 16.8
      vertex -1.6334099915230018 20.754441770404647 30.025999999999996
      vertex -1.412263723101209 17.944512007196302 16.8
    endloop
  endfacet
  facet normal -0.0383988378797028 0.9773156859106011 -0.20827764959922926
    outer loop
      vertex -1.412263723101209 17.944512007196302 16.8
      vertex 0 20.818618623758983 30.025999999999996
      vertex 0 18 16.8
    endloop
  endfacet
  facet normal -0.19081194096703535 0.9592764063927629 -0.20827764959922945
    outer loop
      vertex -4.202016549406297 17.50265856715818 16.8
      vertex -4.860009999600744 20.243398533974112 30.025999999999996
      vertex -3.256749467284324 20.56230688198354 30.025999999999996
    endloop
  endfacet
  facet normal -0.1149597720346654 0.9712902097165184 -0.20827764959922926
    outer loop
      vertex -2.815820370724156 17.77839013071248 16.8
      vertex -3.256749467284324 20.56230688198354 30.025999999999996
      vertex -1.6334099915230018 20.754441770404647 30.025999999999996
    endloop
  endfacet
  facet normal -0.038398837879702066 0.9773156859106013 -0.20827764959922934
    outer loop
      vertex -1.412263723101209 17.944512007196302 16.8
      vertex -1.6334099915230018 20.754441770404647 30.025999999999996
      vertex 0 20.818618623758983 30.025999999999996
    endloop
  endfacet
  facet normal -0.4779056517219184 0.8533619447395517 -0.20827764959922765
    outer loop
      vertex -10.612471584647198 18.899999998509884 34.126
      vertex -10.6996342490136 18.899999998509884 34.32599999999999
      vertex -9.867483511839048 19.366026803234174 34.32599999999999
    endloop
  endfacet
  facet normal 0 0 1
    outer loop
      vertex -10.6996342490136 18.899999998509884 34.32599999999999
      vertex -8.317624402455225 20.080521639132815 34.32599999999999
      vertex -9.867483511839048 19.366026803234174 34.32599999999999
    endloop
  endfacet
  facet normal 0 0 1
    outer loop
      vertex -10.6996342490136 18.899999998509884 34.32599999999999
      vertex -7 18.899999998509884 34.32599999999999
      vertex -7 20.566618944713742 34.32599999999999
    endloop
  endfacet
  facet normal 0 0 1
    outer loop
      vertex -10.6996342490136 18.899999998509884 34.32599999999999
      vertex -7 20.566618944713742 34.32599999999999
      vertex -8.317624402455225 20.080521639132815 34.32599999999999
    endloop
  endfacet
  facet normal -0.33852662079923357 0.9176165580936696 -0.2082776495992292
    outer loop
      vertex -8.317624402455225 20.080521639132815 34.32599999999999
      vertex -7 20.566618944713742 34.32599999999999
      vertex -7 19.590618800233717 30.025999999999996
    endloop
  endfacet
  facet normal 0.03839883787970281 -0.9773156859106013 -0.20827764959922931
    outer loop
      vertex 0 -18 16.8
      vertex 1.412263723101209 -17.944512007196302 16.8
      vertex 0 -21.734999999999996 34.32599999999999
    endloop
  endfacet
  facet normal 0.11495977203466465 -0.9712902097165185 -0.2082776495992294
    outer loop
      vertex 1.412263723101209 -17.944512007196302 16.8
      vertex 2.815820370724156 -17.77839013071248 16.8
      vertex 1.7053084456447096 -21.667998248689532 34.32599999999999
    endloop
  endfacet
  facet normal 0.19081194096703682 -0.9592764063927627 -0.2082776495992292
    outer loop
      vertex 2.815820370724156 -17.77839013071248 16.8
      vertex 4.202016549406297 -17.50265856715818 16.8
      vertex 3.400103097649417 -21.467406082835314 34.32599999999999
    endloop
  endfacet
  facet normal 0.265487690831934 -0.9413483450318209 -0.20827764959922934
    outer loop
      vertex 4.202016549406297 -17.50265856715818 16.8
      vertex 5.562305898749053 -17.119017293312762 16.8
      vertex 5.073934983408103 -21.134460219843497 34.32599999999999
    endloop
  endfacet
  facet normal 0.038398837879701726 -0.9773156859106014 -0.20827764959922943
    outer loop
      vertex 1.412263723101209 -17.944512007196302 16.8
      vertex 1.7053084456447096 -21.667998248689532 34.32599999999999
      vertex 0 -21.734999999999996 34.32599999999999
    endloop
  endfacet
  facet normal 0.11495977203466692 -0.9712902097165182 -0.20827764959922923
    outer loop
      vertex 2.815820370724156 -17.77839013071248 16.8
      vertex 3.400103097649417 -21.467406082835314 34.32599999999999
      vertex 1.7053084456447096 -21.667998248689532 34.32599999999999
    endloop
  endfacet
  facet normal 0.19081194096703502 -0.9592764063927629 -0.20827764959922937
    outer loop
      vertex 4.202016549406297 -17.50265856715818 16.8
      vertex 5.073934983408103 -21.134460219843497 34.32599999999999
      vertex 3.400103097649417 -21.467406082835314 34.32599999999999
    endloop
  endfacet
  facet normal 0.33852662079923507 -0.9176165580936688 -0.20827764959922945
    outer loop
      vertex 5.562305898749053 -17.119017293312762 16.8
      vertex 6.888301782571616 -16.62983158520316 16.8
      vertex 6.7164843727394805 -20.67121338167516 34.32599999999999
    endloop
  endfacet
  facet normal 0.40947842157778525 -0.8882273599363995 -0.20827764959922948
    outer loop
      vertex 6.888301782571616 -16.62983158520316 16.8
      vertex 8.171828995311843 -16.03811743539062 16.8
      vertex 8.317624402455225 -20.080521639132815 34.32599999999999
    endloop
  endfacet
  facet normal 0.47790565172191696 -0.8533619447395522 -0.20827764959922945
    outer loop
      vertex 8.171828995311843 -16.03811743539062 16.8
      vertex 9.40497416488708 -15.347522958373661 16.8
      vertex 9.867483511839048 -19.366026803234174 34.32599999999999
    endloop
  endfacet
  facet normal 0.2654876908319329 -0.9413483450318211 -0.20827764959922945
    outer loop
      vertex 5.562305898749053 -17.119017293312762 16.8
      vertex 6.7164843727394805 -20.67121338167516 34.32599999999999
      vertex 5.073934983408103 -21.134460219843497 34.32599999999999
    endloop
  endfacet
  facet normal 0.33852662079923473 -0.9176165580936689 -0.20827764959922943
    outer loop
      vertex 6.888301782571616 -16.62983158520316 16.8
      vertex 8.317624402455225 -20.080521639132815 34.32599999999999
      vertex 6.7164843727394805 -20.67121338167516 34.32599999999999
    endloop
  endfacet
  facet normal 0.40947842157778597 -0.8882273599363991 -0.20827764959922943
    outer loop
      vertex 8.171828995311843 -16.03811743539062 16.8
      vertex 9.867483511839048 -19.366026803234174 34.32599999999999
      vertex 8.317624402455225 -20.080521639132815 34.32599999999999
    endloop
  endfacet
  facet normal 0.47790565172191796 -0.8533619447395516 -0.20827764959922937
    outer loop
      vertex 9.40497416488708 -15.347522958373661 16.8
      vertex 10.612471584647198 -18.899999998509884 34.126
      vertex 9.867483511839048 -19.366026803234174 34.32599999999999
    endloop
  endfacet
  facet normal 0.47790565172191884 -0.8533619447395511 -0.20827764959922926
    outer loop
      vertex 9.40497416488708 -15.347522958373661 16.8
      vertex 11.334236166714245 -18.49579241096879 34.126
      vertex 10.612471584647198 -18.899999998509884 34.126
    endloop
  endfacet
  facet normal 0.5433864346034272 -0.8132352693817431 -0.20827764959922926
    outer loop
      vertex 9.40497416488708 -15.347522958373661 16.8
      vertex 10.580134541264517 -14.562305898749054 16.8
      vertex 11.334236166714245 -18.49579241096879 34.126
    endloop
  endfacet
  facet normal 0 0 1
    outer loop
      vertex -5.073934983408103 -21.134460219843497 34.32599999999999
      vertex -3.400103097649417 -21.467406082835314 34.32599999999999
      vertex 10.6996342490136 -18.899999998509884 34.32599999999999
    endloop
  endfacet
  facet normal 0 0 1
    outer loop
      vertex -3.400103097649417 -21.467406082835314 34.32599999999999
      vertex -1.7053084456447096 -21.667998248689532 34.32599999999999
      vertex 10.6996342490136 -18.899999998509884 34.32599999999999
    endloop
  endfacet
  facet normal 0 0 1
    outer loop
      vertex -1.7053084456447096 -21.667998248689532 34.32599999999999
      vertex 0 -21.734999999999996 34.32599999999999
      vertex 10.6996342490136 -18.899999998509884 34.32599999999999
    endloop
  endfacet
  facet normal 0 0 1
    outer loop
      vertex 0 -21.734999999999996 34.32599999999999
      vertex 1.7053084456447096 -21.667998248689532 34.32599999999999
      vertex 10.6996342490136 -18.899999998509884 34.32599999999999
    endloop
  endfacet
  facet normal 0 0 1
    outer loop
      vertex 1.7053084456447096 -21.667998248689532 34.32599999999999
      vertex 3.400103097649417 -21.467406082835314 34.32599999999999
      vertex 10.6996342490136 -18.899999998509884 34.32599999999999
    endloop
  endfacet
  facet normal 0 0 1
    outer loop
      vertex 3.400103097649417 -21.467406082835314 34.32599999999999
      vertex 5.073934983408103 -21.134460219843497 34.32599999999999
      vertex 10.6996342490136 -18.899999998509884 34.32599999999999
    endloop
  endfacet
  facet normal 0 0 1
    outer loop
      vertex 5.073934983408103 -21.134460219843497 34.32599999999999
      vertex 6.7164843727394805 -20.67121338167516 34.32599999999999
      vertex 10.6996342490136 -18.899999998509884 34.32599999999999
    endloop
  endfacet
  facet normal 0 0 1
    outer loop
      vertex 6.7164843727394805 -20.67121338167516 34.32599999999999
      vertex 8.317624402455225 -20.080521639132815 34.32599999999999
      vertex 10.6996342490136 -18.899999998509884 34.32599999999999
    endloop
  endfacet
  facet normal 0 0 1
    outer loop
      vertex 8.317624402455225 -20.080521639132815 34.32599999999999
      vertex 9.867483511839048 -19.366026803234174 34.32599999999999
      vertex 10.6996342490136 -18.899999998509884 34.32599999999999
    endloop
  endfacet
  facet normal 0.4779056517219184 -0.8533619447395517 -0.20827764959922773
    outer loop
      vertex 9.867483511839048 -19.366026803234174 34.32599999999999
      vertex 10.612471584647198 -18.899999998509884 34.126
      vertex 10.6996342490136 -18.899999998509884 34.32599999999999
    endloop
  endfacet
  facet normal 0.5433864346034273 -0.813235269381743 -0.2082776495992293
    outer loop
      vertex 10.580134541264517 -14.562305898749054 16.8
      vertex 12.750459646556905 -17.54950213521819 34.126
      vertex 11.334236166714245 -18.49579241096879 34.126
    endloop
  endfacet
  facet normal 0.6055170594212818 -0.7680947281600261 -0.20827764959922926
    outer loop
      vertex 10.580134541264517 -14.562305898749054 16.8
      vertex 11.690064869943306 -13.687307380800556 16.8
      vertex 12.750459646556905 -17.54950213521819 34.126
    endloop
  endfacet
  facet normal 0.6639144702129471 -0.7182186275217891 -0.20827764959922931
    outer loop
      vertex 11.690064869943306 -13.687307380800556 16.8
      vertex 12.727922061357857 -12.727922061357857 16.8
      vertex 14.088072302720454 -16.495013343002324 34.126
    endloop
  endfacet
  facet normal 0.7182186275217891 -0.6639144702129471 -0.20827764959922931
    outer loop
      vertex 12.727922061357857 -12.727922061357857 16.8
      vertex 13.687307380800556 -11.690064869943306 16.8
      vertex 16.495013343002324 -14.088072302720454 34.126
    endloop
  endfacet
  facet normal 0.7680947281600261 -0.6055170594212818 -0.20827764959922923
    outer loop
      vertex 13.687307380800556 -11.690064869943306 16.8
      vertex 14.562305898749054 -10.580134541264517 16.8
      vertex 17.54950213521819 -12.750459646556905 34.126
    endloop
  endfacet
  facet normal 0.6055170594212813 -0.7680947281600266 -0.20827764959922931
    outer loop
      vertex 11.690064869943306 -13.687307380800556 16.8
      vertex 14.088072302720454 -16.495013343002324 34.126
      vertex 12.750459646556905 -17.54950213521819 34.126
    endloop
  endfacet
  facet normal 0.6639144702129477 -0.7182186275217886 -0.20827764959922926
    outer loop
      vertex 12.727922061357857 -12.727922061357857 16.8
      vertex 15.338827308378303 -15.338827308378303 34.126
      vertex 14.088072302720454 -16.495013343002324 34.126
    endloop
  endfacet
  facet normal 0.7182186275217886 -0.6639144702129477 -0.20827764959922926
    outer loop
      vertex 12.727922061357857 -12.727922061357857 16.8
      vertex 16.495013343002324 -14.088072302720454 34.126
      vertex 15.338827308378303 -15.338827308378303 34.126
    endloop
  endfacet
  facet normal 0.7680947281600266 -0.6055170594212813 -0.20827764959922931
    outer loop
      vertex 13.687307380800556 -11.690064869943306 16.8
      vertex 17.54950213521819 -12.750459646556905 34.126
      vertex 16.495013343002324 -14.088072302720454 34.126
    endloop
  endfacet
  facet normal 0.8132352693817426 -0.5433864346034277 -0.20827764959922926
    outer loop
      vertex 14.562305898749054 -10.580134541264517 16.8
      vertex 18.49579241096879 -11.334236166714247 34.126
      vertex 17.54950213521819 -12.750459646556905 34.126
    endloop
  endfacet
  facet normal 0.8132352693817431 -0.5433864346034272 -0.20827764959922934
    outer loop
      vertex 14.562305898749054 -10.580134541264517 16.8
      vertex 15.347522958373661 -9.40497416488708 16.8
      vertex 18.49579241096879 -11.334236166714247 34.126
    endloop
  endfacet
  facet normal 0.8533619447395522 -0.47790565172191696 -0.20827764959922943
    outer loop
      vertex 15.347522958373661 -9.40497416488708 16.8
      vertex 16.03811743539062 -8.171828995311843 16.8
      vertex 19.366026803234174 -9.867483511839048 34.32599999999999
    endloop
  endfacet
  facet normal 0.8882273599363995 -0.40947842157778525 -0.20827764959922948
    outer loop
      vertex 16.03811743539062 -8.171828995311843 16.8
      vertex 16.62983158520316 -6.888301782571616 16.8
      vertex 20.080521639132815 -8.317624402455225 34.32599999999999
    endloop
  endfacet
  facet normal 0.9176165580936688 -0.33852662079923507 -0.20827764959922945
    outer loop
      vertex 16.62983158520316 -6.888301782571616 16.8
      vertex 17.119017293312762 -5.562305898749053 16.8
      vertex 20.67121338167516 -6.7164843727394805 34.32599999999999
    endloop
  endfacet
  facet normal 0.8533619447395515 -0.47790565172191796 -0.20827764959922934
    outer loop
      vertex 15.347522958373661 -9.40497416488708 16.8
      vertex 18.899999998509884 -10.612471584647198 34.126
      vertex 18.49579241096879 -11.334236166714247 34.126
    endloop
  endfacet
  facet normal 0.8533619447395516 -0.47790565172191796 -0.20827764959922937
    outer loop
      vertex 15.347522958373661 -9.40497416488708 16.8
      vertex 19.366026803234174 -9.867483511839048 34.32599999999999
      vertex 18.899999998509884 -10.612471584647198 34.126
    endloop
  endfacet
  facet normal 0.8882273599363991 -0.40947842157778597 -0.20827764959922943
    outer loop
      vertex 16.03811743539062 -8.171828995311843 16.8
      vertex 20.080521639132815 -8.317624402455225 34.32599999999999
      vertex 19.366026803234174 -9.867483511839048 34.32599999999999
    endloop
  endfacet
  facet normal 0.9176165580936689 -0.33852662079923473 -0.20827764959922943
    outer loop
      vertex 16.62983158520316 -6.888301782571616 16.8
      vertex 20.67121338167516 -6.7164843727394805 34.32599999999999
      vertex 20.080521639132815 -8.317624402455225 34.32599999999999
    endloop
  endfacet
  facet normal 0.9413483450318211 -0.2654876908319329 -0.20827764959922945
    outer loop
      vertex 17.119017293312762 -5.562305898749053 16.8
      vertex 21.134460219843497 -5.073934983408103 34.32599999999999
      vertex 20.67121338167516 -6.7164843727394805 34.32599999999999
    endloop
  endfacet
  facet normal 0.9413483450318209 -0.265487690831934 -0.20827764959922934
    outer loop
      vertex 17.119017293312762 -5.562305898749053 16.8
      vertex 17.50265856715818 -4.202016549406297 16.8
      vertex 21.134460219843497 -5.073934983408103 34.32599999999999
    endloop
  endfacet
  facet normal 0.9592764063927627 -0.19081194096703682 -0.2082776495992292
    outer loop
      vertex 17.50265856715818 -4.202016549406297 16.8
      vertex 17.77839013071248 -2.815820370724156 16.8
      vertex 21.467406082835314 -3.400103097649417 34.32599999999999
    endloop
  endfacet
  facet normal 0.9712902097165185 -0.11495977203466465 -0.2082776495992294
    outer loop
      vertex 17.77839013071248 -2.815820370724156 16.8
      vertex 17.944512007196302 -1.412263723101209 16.8
      vertex 21.667998248689532 -1.7053084456447096 34.32599999999999
    endloop
  endfacet
  facet normal 0.9773156859106013 -0.03839883787970281 -0.20827764959922931
    outer loop
      vertex 17.944512007196302 -1.412263723101209 16.8
      vertex 18 0 16.8
      vertex 21.734999999999996 0 34.32599999999999
    endloop
  endfacet
  facet normal 0.9592764063927629 -0.19081194096703502 -0.20827764959922937
    outer loop
      vertex 17.50265856715818 -4.202016549406297 16.8
      vertex 21.467406082835314 -3.400103097649417 34.32599999999999
      vertex 21.134460219843497 -5.073934983408103 34.32599999999999
    endloop
  endfacet
  facet normal 0.9712902097165182 -0.11495977203466692 -0.20827764959922923
    outer loop
      vertex 17.77839013071248 -2.815820370724156 16.8
      vertex 21.667998248689532 -1.7053084456447096 34.32599999999999
      vertex 21.467406082835314 -3.400103097649417 34.32599999999999
    endloop
  endfacet
  facet normal 0.9773156859106014 -0.038398837879701726 -0.20827764959922943
    outer loop
      vertex 17.944512007196302 -1.412263723101209 16.8
      vertex 21.734999999999996 0 34.32599999999999
      vertex 21.667998248689532 -1.7053084456447096 34.32599999999999
    endloop
  endfacet
  facet normal 0.8533619447395517 -0.4779056517219184 -0.20827764959922765
    outer loop
      vertex 18.899999998509884 -10.612471584647198 34.126
      vertex 19.366026803234174 -9.867483511839048 34.32599999999999
      vertex 18.899999998509884 -10.6996342490136 34.32599999999999
    endloop
  endfacet
  facet normal 0 0 1
    outer loop
      vertex 18.899999998509884 -10.6996342490136 34.32599999999999
      vertex 19.366026803234174 -9.867483511839048 34.32599999999999
      vertex 18.899999998509884 10.6996342490136 34.32599999999999
    endloop
  endfacet
  facet normal 0 0 1
    outer loop
      vertex 19.366026803234174 -9.867483511839048 34.32599999999999
      vertex 20.080521639132815 -8.317624402455225 34.32599999999999
      vertex 19.366026803234174 9.867483511839048 34.32599999999999
    endloop
  endfacet
  facet normal 0 0 1
    outer loop
      vertex 20.080521639132815 -8.317624402455225 34.32599999999999
      vertex 20.67121338167516 -6.7164843727394805 34.32599999999999
      vertex 20.080521639132815 8.317624402455225 34.32599999999999
    endloop
  endfacet
  facet normal 0 0 1
    outer loop
      vertex 20.67121338167516 -6.7164843727394805 34.32599999999999
      vertex 21.134460219843497 -5.073934983408103 34.32599999999999
      vertex 20.67121338167516 6.7164843727394805 34.32599999999999
    endloop
  endfacet
  facet normal 0 0 1
    outer loop
      vertex 21.134460219843497 -5.073934983408103 34.32599999999999
      vertex 21.467406082835314 -3.400103097649417 34.32599999999999
      vertex 21.134460219843497 5.073934983408103 34.32599999999999
    endloop
  endfacet
  facet normal 0 0 1
    outer loop
      vertex 21.467406082835314 -3.400103097649417 34.32599999999999
      vertex 21.667998248689532 -1.7053084456447096 34.32599999999999
      vertex 21.467406082835314 3.400103097649417 34.32599999999999
    endloop
  endfacet
  facet normal 0.0383988378797028 0.9773156859106011 -0.20827764959922934
    outer loop
      vertex 0 18 16.8
      vertex 1.6334099915230018 20.754441770404647 30.025999999999996
      vertex 1.412263723101209 17.944512007196302 16.8
    endloop
  endfacet
  facet normal 0.11495977203466466 0.9712902097165185 -0.20827764959922926
    outer loop
      vertex 1.412263723101209 17.944512007196302 16.8
      vertex 3.256749467284324 20.56230688198354 30.025999999999996
      vertex 2.815820370724156 17.77839013071248 16.8
    endloop
  endfacet
  facet normal 0.265487690831934 0.9413483450318207 -0.20827764959922945
    outer loop
      vertex 4.202016549406297 17.50265856715818 16.8
      vertex 6.433306954152305 19.799682902389623 30.025999999999996
      vertex 5.562305898749053 17.119017293312762 16.8
    endloop
  endfacet
  facet normal 0.19081194096703682 0.9592764063927626 -0.20827764959922948
    outer loop
      vertex 2.815820370724156 17.77839013071248 16.8
      vertex 4.860009999600744 20.243398533974112 30.025999999999996
      vertex 4.202016549406297 17.50265856715818 16.8
    endloop
  endfacet
  facet normal 0.038398837879702205 0.9773156859106013 -0.20827764959922926
    outer loop
      vertex 0 18 16.8
      vertex 0 20.818618623758983 30.025999999999996
      vertex 1.6334099915230018 20.754441770404647 30.025999999999996
    endloop
  endfacet
  facet normal 0.11495977203466554 0.9712902097165184 -0.20827764959922934
    outer loop
      vertex 1.412263723101209 17.944512007196302 16.8
      vertex 1.6334099915230018 20.754441770404647 30.025999999999996
      vertex 3.256749467284324 20.56230688198354 30.025999999999996
    endloop
  endfacet
  facet normal 0.19081194096703535 0.959276406392763 -0.2082776495992293
    outer loop
      vertex 2.815820370724156 17.77839013071248 16.8
      vertex 3.256749467284324 20.56230688198354 30.025999999999996
      vertex 4.860009999600744 20.243398533974112 30.025999999999996
    endloop
  endfacet
  facet normal 0.26548769083193385 0.941348345031821 -0.20827764959922943
    outer loop
      vertex 4.202016549406297 17.50265856715818 16.8
      vertex 4.860009999600744 20.243398533974112 30.025999999999996
      vertex 6.433306954152305 19.799682902389623 30.025999999999996
    endloop
  endfacet
  facet normal 0.33852662079923507 0.9176165580936689 -0.20827764959922948
    outer loop
      vertex 5.562305898749053 17.119017293312762 16.8
      vertex 7 19.590618800233717 30.025999999999996
      vertex 6.888301782571616 16.62983158520316 16.8
    endloop
  endfacet
  facet normal 0.40947842157778525 0.8882273599363995 -0.20827764959922948
    outer loop
      vertex 8.171828995311843 16.03811743539062 16.8
      vertex 6.888301782571616 16.62983158520316 16.8
      vertex 8.317624402455225 20.080521639132815 34.32599999999999
    endloop
  endfacet
  facet normal 0.47790565172191696 0.8533619447395522 -0.20827764959922943
    outer loop
      vertex 8.171828995311843 16.03811743539062 16.8
      vertex 9.867483511839048 19.366026803234174 34.32599999999999
      vertex 9.40497416488708 15.347522958373661 16.8
    endloop
  endfacet
  facet normal 0.5433864346034272 0.8132352693817431 -0.20827764959922934
    outer loop
      vertex 9.40497416488708 15.347522958373661 16.8
      vertex 11.334236166714247 18.49579241096879 34.126
      vertex 10.580134541264517 14.562305898749054 16.8
    endloop
  endfacet
  facet normal 0.3385266207992349 0.9176165580936689 -0.2082776495992295
    outer loop
      vertex 5.562305898749053 17.119017293312762 16.8
      vertex 6.433306954152305 19.799682902389623 30.025999999999996
      vertex 7 19.590618800233717 30.025999999999996
    endloop
  endfacet
  facet normal 0.3385266207992348 0.9176165580936689 -0.20827764959922945
    outer loop
      vertex 6.888301782571616 16.62983158520316 16.8
      vertex 7 19.590618800233717 30.025999999999996
      vertex 8.317624402455225 20.080521639132815 34.32599999999999
    endloop
  endfacet
  facet normal 0.477905651721918 0.8533619447395516 -0.20827764959922934
    outer loop
      vertex 9.40497416488708 15.347522958373661 16.8
      vertex 9.867483511839048 19.366026803234174 34.32599999999999
      vertex 10.612471584647198 18.899999998509884 34.126
    endloop
  endfacet
  facet normal 0.47790565172191796 0.8533619447395516 -0.20827764959922931
    outer loop
      vertex 9.40497416488708 15.347522958373661 16.8
      vertex 10.612471584647198 18.899999998509884 34.126
      vertex 11.334236166714247 18.49579241096879 34.126
    endloop
  endfacet
  facet normal 0.409478421577786 0.8882273599363991 -0.2082776495992294
    outer loop
      vertex 8.171828995311843 16.03811743539062 16.8
      vertex 8.317624402455225 20.080521639132815 34.32599999999999
      vertex 9.867483511839048 19.366026803234174 34.32599999999999
    endloop
  endfacet
  facet normal 0.33852662079923357 0.9176165580936696 -0.2082776495992292
    outer loop
      vertex 8.317624402455225 20.080521639132815 34.32599999999999
      vertex 7 19.590618800233717 30.025999999999996
      vertex 7 20.566618944713742 34.32599999999999
    endloop
  endfacet
  facet normal 0 0 1
    outer loop
      vertex 8.317624402455225 20.080521639132815 34.32599999999999
      vertex 7 20.566618944713742 34.32599999999999
      vertex 7 18.899999998509884 34.32599999999999
    endloop
  endfacet
  facet normal 0 0 1
    outer loop
      vertex 8.317624402455225 20.080521639132815 34.32599999999999
      vertex 7 18.899999998509884 34.32599999999999
      vertex 9.867483511839048 19.366026803234174 34.32599999999999
    endloop
  endfacet
  facet normal 0 0 1
    outer loop
      vertex 10.6996342490136 18.899999998509884 34.32599999999999
      vertex 9.867483511839048 19.366026803234174 34.32599999999999
      vertex 7 18.899999998509884 34.32599999999999
    endloop
  endfacet
  facet normal 0.4779056517219184 0.8533619447395517 -0.20827764959922765
    outer loop
      vertex 10.612471584647198 18.899999998509884 34.126
      vertex 9.867483511839048 19.366026803234174 34.32599999999999
      vertex 10.6996342490136 18.899999998509884 34.32599999999999
    endloop
  endfacet
  facet normal 0.9592764063927627 0.19081194096703682 -0.2082776495992292
    outer loop
      vertex 17.50265856715818 4.202016549406297 16.8
      vertex 21.467406082835314 3.400103097649417 34.32599999999999
      vertex 17.77839013071248 2.815820370724156 16.8
    endloop
  endfacet
  facet normal 0.9773156859106013 0.03839883787970281 -0.20827764959922931
    outer loop
      vertex 18 0 16.8
      vertex 17.944512007196302 1.412263723101209 16.8
      vertex 21.734999999999996 0 34.32599999999999
    endloop
  endfacet
  facet normal 0.9712902097165185 0.11495977203466465 -0.2082776495992294
    outer loop
      vertex 17.944512007196302 1.412263723101209 16.8
      vertex 17.77839013071248 2.815820370724156 16.8
      vertex 21.667998248689532 1.7053084456447096 34.32599999999999
    endloop
  endfacet
  facet normal 0.9773156859106011 0.03839883787970192 -0.2082776495992294
    outer loop
      vertex 17.944512007196302 1.412263723101209 16.8
      vertex 21.667998248689532 1.7053084456447096 34.32599999999999
      vertex 21.734999999999996 0 34.32599999999999
    endloop
  endfacet
  facet normal 0.9712902097165182 0.11495977203466672 -0.2082776495992292
    outer loop
      vertex 17.77839013071248 2.815820370724156 16.8
      vertex 21.467406082835314 3.400103097649417 34.32599999999999
      vertex 21.667998248689532 1.7053084456447096 34.32599999999999
    endloop
  endfacet
  facet normal 0.9592764063927629 0.1908119409670352 -0.20827764959922934
    outer loop
      vertex 17.50265856715818 4.202016549406297 16.8
      vertex 21.134460219843497 5.073934983408103 34.32599999999999
      vertex 21.467406082835314 3.400103097649417 34.32599999999999
    endloop
  endfacet
  facet normal 0.9413483450318209 0.265487690831934 -0.20827764959922934
    outer loop
      vertex 17.50265856715818 4.202016549406297 16.8
      vertex 17.119017293312762 5.562305898749053 16.8
      vertex 21.134460219843497 5.073934983408103 34.32599999999999
    endloop
  endfacet
  facet normal 0.9176165580936688 0.33852662079923507 -0.20827764959922945
    outer loop
      vertex 17.119017293312762 5.562305898749053 16.8
      vertex 16.62983158520316 6.888301782571616 16.8
      vertex 20.67121338167516 6.7164843727394805 34.32599999999999
    endloop
  endfacet
  facet normal 0.8882273599363995 0.40947842157778525 -0.20827764959922948
    outer loop
      vertex 16.03811743539062 8.171828995311843 16.8
      vertex 20.080521639132815 8.317624402455225 34.32599999999999
      vertex 16.62983158520316 6.888301782571616 16.8
    endloop
  endfacet
  facet normal 0.8533619447395522 0.47790565172191696 -0.20827764959922945
    outer loop
      vertex 15.347522958373661 9.40497416488708 16.8
      vertex 19.366026803234174 9.867483511839048 34.32599999999999
      vertex 16.03811743539062 8.171828995311843 16.8
    endloop
  endfacet
  facet normal 0.8882273599363991 0.409478421577786 -0.2082776495992294
    outer loop
      vertex 16.03811743539062 8.171828995311843 16.8
      vertex 19.366026803234174 9.867483511839048 34.32599999999999
      vertex 20.080521639132815 8.317624402455225 34.32599999999999
    endloop
  endfacet
  facet normal 0.8533619447395516 0.477905651721918 -0.20827764959922934
    outer loop
      vertex 15.347522958373661 9.40497416488708 16.8
      vertex 18.899999998509884 10.612471584647198 34.126
      vertex 19.366026803234174 9.867483511839048 34.32599999999999
    endloop
  endfacet
  facet normal 0.9413483450318211 0.26548769083193297 -0.20827764959922945
    outer loop
      vertex 17.119017293312762 5.562305898749053 16.8
      vertex 20.67121338167516 6.7164843727394805 34.32599999999999
      vertex 21.134460219843497 5.073934983408103 34.32599999999999
    endloop
  endfacet
  facet normal 0.917616558093669 0.3385266207992346 -0.20827764959922948
    outer loop
      vertex 16.62983158520316 6.888301782571616 16.8
      vertex 20.080521639132815 8.317624402455225 34.32599999999999
      vertex 20.67121338167516 6.7164843727394805 34.32599999999999
    endloop
  endfacet
  facet normal 0 0 1
    outer loop
      vertex 21.667998248689532 -1.7053084456447096 34.32599999999999
      vertex 21.734999999999996 0 34.32599999999999
      vertex 21.667998248689532 1.7053084456447096 34.32599999999999
    endloop
  endfacet
  facet normal 0 0 1
    outer loop
      vertex 21.667998248689532 -1.7053084456447096 34.32599999999999
      vertex 21.667998248689532 1.7053084456447096 34.32599999999999
      vertex 21.467406082835314 3.400103097649417 34.32599999999999
    endloop
  endfacet
  facet normal 0 0 1
    outer loop
      vertex 21.467406082835314 -3.400103097649417 34.32599999999999
      vertex 21.467406082835314 3.400103097649417 34.32599999999999
      vertex 21.134460219843497 5.073934983408103 34.32599999999999
    endloop
  endfacet
  facet normal 0 0 1
    outer loop
      vertex 20.080521639132815 -8.317624402455225 34.32599999999999
      vertex 20.080521639132815 8.317624402455225 34.32599999999999
      vertex 19.366026803234174 9.867483511839048 34.32599999999999
    endloop
  endfacet
  facet normal 0 0 1
    outer loop
      vertex 19.366026803234174 -9.867483511839048 34.32599999999999
      vertex 19.366026803234174 9.867483511839048 34.32599999999999
      vertex 18.899999998509884 10.6996342490136 34.32599999999999
    endloop
  endfacet
  facet normal 0 0 1
    outer loop
      vertex 20.67121338167516 -6.7164843727394805 34.32599999999999
      vertex 20.67121338167516 6.7164843727394805 34.32599999999999
      vertex 20.080521639132815 8.317624402455225 34.32599999999999
    endloop
  endfacet
  facet normal 0 0 1
    outer loop
      vertex 21.134460219843497 -5.073934983408103 34.32599999999999
      vertex 21.134460219843497 5.073934983408103 34.32599999999999
      vertex 20.67121338167516 6.7164843727394805 34.32599999999999
    endloop
  endfacet
  facet normal 0.6055170594212818 0.7680947281600261 -0.2082776495992294
    outer loop
      vertex 10.580134541264517 14.562305898749054 16.8
      vertex 12.750459646556905 17.549502135218194 34.126
      vertex 11.690064869943306 13.687307380800556 16.8
    endloop
  endfacet
  facet normal 0.6639144702129471 0.7182186275217891 -0.20827764959922931
    outer loop
      vertex 12.727922061357857 12.727922061357857 16.8
      vertex 11.690064869943306 13.687307380800556 16.8
      vertex 14.088072302720454 16.495013343002324 34.126
    endloop
  endfacet
  facet normal 0.7182186275217891 0.6639144702129471 -0.20827764959922931
    outer loop
      vertex 12.727922061357857 12.727922061357857 16.8
      vertex 16.495013343002324 14.088072302720454 34.126
      vertex 13.687307380800556 11.690064869943306 16.8
    endloop
  endfacet
  facet normal 0.8132352693817431 0.5433864346034272 -0.20827764959922934
    outer loop
      vertex 14.562305898749054 10.580134541264517 16.8
      vertex 18.49579241096879 11.334236166714247 34.126
      vertex 15.347522958373661 9.40497416488708 16.8
    endloop
  endfacet
  facet normal 0.7680947281600261 0.6055170594212818 -0.20827764959922926
    outer loop
      vertex 14.562305898749054 10.580134541264517 16.8
      vertex 13.687307380800556 11.690064869943306 16.8
      vertex 17.54950213521819 12.750459646556905 34.126
    endloop
  endfacet
  facet normal 0.7182186275217886 0.6639144702129477 -0.2082776495992293
    outer loop
      vertex 12.727922061357857 12.727922061357857 16.8
      vertex 15.338827308378303 15.338827308378303 34.126
      vertex 16.495013343002324 14.088072302720454 34.126
    endloop
  endfacet
  facet normal 0.6639144702129477 0.7182186275217886 -0.2082776495992293
    outer loop
      vertex 12.727922061357857 12.727922061357857 16.8
      vertex 14.088072302720454 16.495013343002324 34.126
      vertex 15.338827308378303 15.338827308378303 34.126
    endloop
  endfacet
  facet normal 0.7680947281600266 0.6055170594212813 -0.20827764959922931
    outer loop
      vertex 13.687307380800556 11.690064869943306 16.8
      vertex 16.495013343002324 14.088072302720454 34.126
      vertex 17.54950213521819 12.750459646556905 34.126
    endloop
  endfacet
  facet normal 0.5433864346034263 0.8132352693817436 -0.20827764959922945
    outer loop
      vertex 10.580134541264517 14.562305898749054 16.8
      vertex 11.334236166714247 18.49579241096879 34.126
      vertex 12.750459646556905 17.549502135218194 34.126
    endloop
  endfacet
  facet normal 0.6055170594212826 0.7680947281600256 -0.20827764959922931
    outer loop
      vertex 11.690064869943306 13.687307380800556 16.8
      vertex 12.750459646556905 17.549502135218194 34.126
      vertex 14.088072302720454 16.495013343002324 34.126
    endloop
  endfacet
  facet normal 0.8533619447395516 0.47790565172191796 -0.20827764959922931
    outer loop
      vertex 15.347522958373661 9.40497416488708 16.8
      vertex 18.49579241096879 11.334236166714247 34.126
      vertex 18.899999998509884 10.612471584647198 34.126
    endloop
  endfacet
  facet normal 0.8132352693817425 0.5433864346034276 -0.2082776495992293
    outer loop
      vertex 14.562305898749054 10.580134541264517 16.8
      vertex 17.54950213521819 12.750459646556905 34.126
      vertex 18.49579241096879 11.334236166714247 34.126
    endloop
  endfacet
  facet normal 0.8533619447395517 0.4779056517219184 -0.20827764959922765
    outer loop
      vertex 18.899999998509884 10.612471584647198 34.126
      vertex 18.899999998509884 10.6996342490136 34.32599999999999
      vertex 19.366026803234174 9.867483511839048 34.32599999999999
    endloop
  endfacet
  facet normal 0 0 -1
    outer loop
      vertex -18.021320343017578 -18.021320343017578 34.126
      vertex -18.394408836960793 -17.56671069562435 34.126
      vertex -12.750459646556905 -17.549502135218194 34.126
    endloop
  endfacet
  facet normal 0 0 -1
    outer loop
      vertex -18.394408836960793 -17.56671069562435 34.126
      vertex -18.67163859307766 -17.048050299286842 34.126
      vertex -12.750459646556905 -17.549502135218194 34.126
    endloop
  endfacet
  facet normal -0.6343932823565882 -0.7730104548457506 0
    outer loop
      vertex -18.021320343017578 -18.021320343017578 34.126
      vertex -17.56671069562435 -18.394408836960793 34.126
      vertex -18.021320343017578 -18.021320343017578 40.126
    endloop
  endfacet
  facet normal -0.8819212654102606 -0.4713967348393121 0
    outer loop
      vertex -18.394408836960793 -17.56671069562435 34.126
      vertex -18.67163859307766 -17.048050299286842 40.126
      vertex -18.67163859307766 -17.048050299286842 34.126
    endloop
  endfacet
  facet normal -0.9569403351191617 -0.2902846792754084 0
    outer loop
      vertex -18.67163859307766 -17.048050299286842 34.126
      vertex -18.842355839908123 -16.485270962119102 40.126
      vertex -18.842355839908123 -16.485270962119102 34.126
    endloop
  endfacet
  facet normal -0.7730104548457506 -0.6343932823565882 0
    outer loop
      vertex -18.021320343017578 -18.021320343017578 34.126
      vertex -18.394408836960793 -17.56671069562435 40.126
      vertex -18.394408836960793 -17.56671069562435 34.126
    endloop
  endfacet
  facet normal -0.4713967348393121 -0.8819212654102606 0
    outer loop
      vertex -17.56671069562435 -18.394408836960793 34.126
      vertex -17.048050299286842 -18.67163859307766 34.126
      vertex -17.56671069562435 -18.394408836960793 40.126
    endloop
  endfacet
  facet normal -0.2902846792754084 -0.9569403351191617 0
    outer loop
      vertex -17.048050299286842 -18.67163859307766 34.126
      vertex -16.485270962119102 -18.842355839908123 34.126
      vertex -17.048050299286842 -18.67163859307766 40.126
    endloop
  endfacet
  facet normal -0.7730104548457506 -0.6343932823565882 0
    outer loop
      vertex -18.021320343017578 -18.021320343017578 34.126
      vertex -18.021320343017578 -18.021320343017578 40.126
      vertex -18.394408836960793 -17.56671069562435 40.126
    endloop
  endfacet
  facet normal -0.6343932823565882 -0.7730104548457506 0
    outer loop
      vertex -17.56671069562435 -18.394408836960793 34.126
      vertex -17.56671069562435 -18.394408836960793 40.126
      vertex -18.021320343017578 -18.021320343017578 40.126
    endloop
  endfacet
  facet normal -0.8819212654102606 -0.4713967348393121 0
    outer loop
      vertex -18.394408836960793 -17.56671069562435 34.126
      vertex -18.394408836960793 -17.56671069562435 40.126
      vertex -18.67163859307766 -17.048050299286842 40.126
    endloop
  endfacet
  facet normal -0.9569403351191617 -0.2902846792754084 0
    outer loop
      vertex -18.67163859307766 -17.048050299286842 34.126
      vertex -18.67163859307766 -17.048050299286842 40.126
      vertex -18.842355839908123 -16.485270962119102 40.126
    endloop
  endfacet
  facet normal 0 0 1
    outer loop
      vertex -18.394408836960793 -17.56671069562435 40.126
      vertex -16.5 -16.5 40.126
      vertex -18.67163859307766 -17.048050299286842 40.126
    endloop
  endfacet
  facet normal -0.4713967348393121 -0.8819212654102606 0
    outer loop
      vertex -17.048050299286842 -18.67163859307766 34.126
      vertex -17.048050299286842 -18.67163859307766 40.126
      vertex -17.56671069562435 -18.394408836960793 40.126
    endloop
  endfacet
  facet normal -0.2902846792754084 -0.9569403351191617 0
    outer loop
      vertex -16.485270962119102 -18.842355839908123 34.126
      vertex -16.485270962119102 -18.842355839908123 40.126
      vertex -17.048050299286842 -18.67163859307766 40.126
    endloop
  endfacet
  facet normal 0 0 -1
    outer loop
      vertex -18.842355839908123 -16.485270962119102 34.126
      vertex -18.899999998509884 -15.899999998509884 34.126
      vertex -15.338827308378303 -15.338827308378303 34.126
    endloop
  endfacet
  facet normal 0 0 -1
    outer loop
      vertex -18.67163859307766 -17.048050299286842 34.126
      vertex -18.842355839908123 -16.485270962119102 34.126
      vertex -15.338827308378303 -15.338827308378303 34.126
    endloop
  endfacet
  facet normal 0 0 -1
    outer loop
      vertex -18.899999998509884 -15.899999998509884 34.126
      vertex -16.495013343002324 -14.088072302720454 34.126
      vertex -15.338827308378303 -15.338827308378303 34.126
    endloop
  endfacet
  facet normal 0 0 -1
    outer loop
      vertex -18.899999998509884 -15.899999998509884 34.126
      vertex -17.54950213521819 -12.750459646556905 34.126
      vertex -16.495013343002324 -14.088072302720454 34.126
    endloop
  endfacet
  facet normal 0 0 -1
    outer loop
      vertex -18.899999998509884 -15.899999998509884 34.126
      vertex -18.899999998509884 -10.612471584647198 34.126
      vertex -18.49579241096879 -11.334236166714247 34.126
    endloop
  endfacet
  facet normal 0 0 -1
    outer loop
      vertex -18.899999998509884 -15.899999998509884 34.126
      vertex -18.49579241096879 -11.334236166714247 34.126
      vertex -17.54950213521819 -12.750459646556905 34.126
    endloop
  endfacet
  facet normal -1 0 0
    outer loop
      vertex -18.899999998509884 -15.899999998509884 34.126
      vertex -18.899999998509884 -10.6996342490136 34.32599999999999
      vertex -18.899999998509884 -10.612471584647198 34.126
    endloop
  endfacet
  facet normal -0.9951847266636236 -0.09801714041660749 0
    outer loop
      vertex -18.842355839908123 -16.485270962119102 34.126
      vertex -18.899999998509884 -15.899999998509884 40.126
      vertex -18.899999998509884 -15.899999998509884 34.126
    endloop
  endfacet
  facet normal -0.9951847266636236 -0.09801714041660749 0
    outer loop
      vertex -18.842355839908123 -16.485270962119102 34.126
      vertex -18.842355839908123 -16.485270962119102 40.126
      vertex -18.899999998509884 -15.899999998509884 40.126
    endloop
  endfacet
  facet normal 0 0 -1
    outer loop
      vertex -18.021320343017578 -18.021320343017578 34.126
      vertex -11.334236166714247 -18.49579241096879 34.126
      vertex -17.56671069562435 -18.394408836960793 34.126
    endloop
  endfacet
  facet normal 0 0 -1
    outer loop
      vertex -17.56671069562435 -18.394408836960793 34.126
      vertex -11.334236166714247 -18.49579241096879 34.126
      vertex -17.048050299286842 -18.67163859307766 34.126
    endloop
  endfacet
  facet normal 0 0 -1
    outer loop
      vertex -18.67163859307766 -17.048050299286842 34.126
      vertex -14.088072302720454 -16.495013343002324 34.126
      vertex -12.750459646556905 -17.549502135218194 34.126
    endloop
  endfacet
  facet normal 0 0 -1
    outer loop
      vertex -17.048050299286842 -18.67163859307766 34.126
      vertex -10.612471584647198 -18.899999998509884 34.126
      vertex -16.485270962119102 -18.842355839908123 34.126
    endloop
  endfacet
  facet normal 0 0 -1
    outer loop
      vertex -16.485270962119102 -18.842355839908123 34.126
      vertex -10.612471584647198 -18.899999998509884 34.126
      vertex -15.899999998509884 -18.899999998509884 34.126
    endloop
  endfacet
  facet normal 0 0 -1
    outer loop
      vertex -18.021320343017578 -18.021320343017578 34.126
      vertex -12.750459646556905 -17.549502135218194 34.126
      vertex -11.334236166714247 -18.49579241096879 34.126
    endloop
  endfacet
  facet normal 0 0 -1
    outer loop
      vertex -17.048050299286842 -18.67163859307766 34.126
      vertex -11.334236166714247 -18.49579241096879 34.126
      vertex -10.612471584647198 -18.899999998509884 34.126
    endloop
  endfacet
  facet normal 0 -1 0
    outer loop
      vertex -15.899999998509884 -18.899999998509884 34.126
      vertex -10.612471584647198 -18.899999998509884 34.126
      vertex -10.6996342490136 -18.899999998509884 34.32599999999999
    endloop
  endfacet
  facet normal -0.09801714041660749 -0.9951847266636236 0
    outer loop
      vertex -16.485270962119102 -18.842355839908123 34.126
      vertex -15.899999998509884 -18.899999998509884 34.126
      vertex -16.485270962119102 -18.842355839908123 40.126
    endloop
  endfacet
  facet normal 0 -1 0
    outer loop
      vertex -15.899999998509884 -18.899999998509884 34.126
      vertex -10.6996342490136 -18.899999998509884 34.32599999999999
      vertex -15.899999998509884 -18.899999998509884 40.126
    endloop
  endfacet
  facet normal -0.09801714041660749 -0.9951847266636236 0
    outer loop
      vertex -16.485270962119102 -18.842355839908123 40.126
      vertex -15.899999998509884 -18.899999998509884 34.126
      vertex -15.899999998509884 -18.899999998509884 40.126
    endloop
  endfacet
  facet normal 0 0 -1
    outer loop
      vertex -18.67163859307766 -17.048050299286842 34.126
      vertex -15.338827308378303 -15.338827308378303 34.126
      vertex -14.088072302720454 -16.495013343002324 34.126
    endloop
  endfacet
  facet normal -1 0 0
    outer loop
      vertex -18.899999998509884 -15.899999998509884 34.126
      vertex -18.899999998509884 15.899999998509884 40.126
      vertex -18.899999998509884 -10.6996342490136 34.32599999999999
    endloop
  endfacet
  facet normal -1 0 0
    outer loop
      vertex -18.899999998509884 -15.899999998509884 34.126
      vertex -18.899999998509884 -15.899999998509884 40.126
      vertex -18.899999998509884 15.899999998509884 40.126
    endloop
  endfacet
  facet normal 0 0 1
    outer loop
      vertex -18.67163859307766 -17.048050299286842 40.126
      vertex -16.5 16.5 40.126
      vertex -18.842355839908123 -16.485270962119102 40.126
    endloop
  endfacet
  facet normal 0 0 1
    outer loop
      vertex -18.842355839908123 -16.485270962119102 40.126
      vertex -16.5 16.5 40.126
      vertex -18.899999998509884 -15.899999998509884 40.126
    endloop
  endfacet
  facet normal 0 0 1
    outer loop
      vertex -18.67163859307766 -17.048050299286842 40.126
      vertex -16.5 -16.5 40.126
      vertex -16.5 16.5 40.126
    endloop
  endfacet
  facet normal 0 0 1
    outer loop
      vertex -18.021320343017578 -18.021320343017578 40.126
      vertex -17.56671069562435 -18.394408836960793 40.126
      vertex 18.67163859307766 -17.048050299286842 40.126
    endloop
  endfacet
  facet normal 0 0 1
    outer loop
      vertex -18.394408836960793 -17.56671069562435 40.126
      vertex 16.5 -16.5 40.126
      vertex -16.5 -16.5 40.126
    endloop
  endfacet
  facet normal 0 0 1
    outer loop
      vertex -18.021320343017578 -18.021320343017578 40.126
      vertex 18.842355839908123 -16.485270962119102 40.126
      vertex -18.394408836960793 -17.56671069562435 40.126
    endloop
  endfacet
  facet normal 0 -1 0
    outer loop
      vertex -15.899999998509884 -18.899999998509884 40.126
      vertex -10.6996342490136 -18.899999998509884 34.32599999999999
      vertex 10.6996342490136 -18.899999998509884 34.32599999999999
    endloop
  endfacet
  facet normal 0 0 1
    outer loop
      vertex -17.048050299286842 -18.67163859307766 40.126
      vertex -16.485270962119102 -18.842355839908123 40.126
      vertex 18.021320343017578 -18.021320343017578 40.126
    endloop
  endfacet
  facet normal 0 0 1
    outer loop
      vertex -16.485270962119102 -18.842355839908123 40.126
      vertex -15.899999998509884 -18.899999998509884 40.126
      vertex 17.56671069562435 -18.394408836960793 40.126
    endloop
  endfacet
  facet normal 0 0 1
    outer loop
      vertex -17.56671069562435 -18.394408836960793 40.126
      vertex -17.048050299286842 -18.67163859307766 40.126
      vertex 18.394408836960793 -17.56671069562435 40.126
    endloop
  endfacet
  facet normal -1 0 0
    outer loop
      vertex -18.899999998509884 -10.6996342490136 34.32599999999999
      vertex -18.899999998509884 15.899999998509884 40.126
      vertex -18.899999998509884 10.6996342490136 34.32599999999999
    endloop
  endfacet
  facet normal 0 0 1
    outer loop
      vertex -18.899999998509884 -15.899999998509884 40.126
      vertex -16.5 16.5 40.126
      vertex -18.899999998509884 15.899999998509884 40.126
    endloop
  endfacet
  facet normal -1 0 0
    outer loop
      vertex -18.899999998509884 10.612471584647198 34.126
      vertex -18.899999998509884 10.6996342490136 34.32599999999999
      vertex -18.899999998509884 15.899999998509884 34.126
    endloop
  endfacet
  facet normal 0 0 -1
    outer loop
      vertex -18.899999998509884 10.612471584647198 34.126
      vertex -18.899999998509884 15.899999998509884 34.126
      vertex -18.49579241096879 11.334236166714247 34.126
    endloop
  endfacet
  facet normal 0 0 -1
    outer loop
      vertex -18.49579241096879 11.334236166714247 34.126
      vertex -18.899999998509884 15.899999998509884 34.126
      vertex -17.54950213521819 12.750459646556905 34.126
    endloop
  endfacet
  facet normal 0 0 -1
    outer loop
      vertex -17.54950213521819 12.750459646556905 34.126
      vertex -18.899999998509884 15.899999998509884 34.126
      vertex -16.495013343002324 14.088072302720454 34.126
    endloop
  endfacet
  facet normal 0 0 -1
    outer loop
      vertex -18.899999998509884 15.899999998509884 34.126
      vertex -15.338827308378303 15.338827308378303 34.126
      vertex -16.495013343002324 14.088072302720454 34.126
    endloop
  endfacet
  facet normal -1 0 0
    outer loop
      vertex -18.899999998509884 10.6996342490136 34.32599999999999
      vertex -18.899999998509884 15.899999998509884 40.126
      vertex -18.899999998509884 15.899999998509884 34.126
    endloop
  endfacet
  facet normal 0 0 -1
    outer loop
      vertex -18.899999998509884 15.899999998509884 34.126
      vertex -18.842355839908123 16.485270962119102 34.126
      vertex -15.338827308378303 15.338827308378303 34.126
    endloop
  endfacet
  facet normal 0 0 -1
    outer loop
      vertex -18.842355839908123 16.485270962119102 34.126
      vertex -18.67163859307766 17.048050299286842 34.126
      vertex -14.088072302720454 16.495013343002324 34.126
    endloop
  endfacet
  facet normal 0 0 -1
    outer loop
      vertex -18.67163859307766 17.048050299286842 34.126
      vertex -18.394408836960793 17.56671069562435 34.126
      vertex -14.088072302720454 16.495013343002324 34.126
    endloop
  endfacet
  facet normal 0 0 -1
    outer loop
      vertex -18.394408836960793 17.56671069562435 34.126
      vertex -18.021320343017578 18.021320343017578 34.126
      vertex -12.750459646556905 17.54950213521819 34.126
    endloop
  endfacet
  facet normal 0 0 -1
    outer loop
      vertex -17.048050299286842 18.67163859307766 34.126
      vertex -16.485270962119102 18.842355839908123 34.126
      vertex -15.899999998509884 18.899999998509884 34.126
    endloop
  endfacet
  facet normal -0.9951847266636236 0.09801714041660749 0
    outer loop
      vertex -18.899999998509884 15.899999998509884 34.126
      vertex -18.842355839908123 16.485270962119102 40.126
      vertex -18.842355839908123 16.485270962119102 34.126
    endloop
  endfacet
  facet normal -0.9569403351191617 0.2902846792754084 0
    outer loop
      vertex -18.842355839908123 16.485270962119102 34.126
      vertex -18.67163859307766 17.048050299286842 40.126
      vertex -18.67163859307766 17.048050299286842 34.126
    endloop
  endfacet
  facet normal -0.8819212654102606 0.4713967348393121 0
    outer loop
      vertex -18.67163859307766 17.048050299286842 34.126
      vertex -18.394408836960793 17.56671069562435 40.126
      vertex -18.394408836960793 17.56671069562435 34.126
    endloop
  endfacet
  facet normal -0.7730104548457506 0.6343932823565882 0
    outer loop
      vertex -18.394408836960793 17.56671069562435 34.126
      vertex -18.021320343017578 18.021320343017578 40.126
      vertex -18.021320343017578 18.021320343017578 34.126
    endloop
  endfacet
  facet normal -0.9951847266636236 0.09801714041660749 0
    outer loop
      vertex -18.899999998509884 15.899999998509884 34.126
      vertex -18.899999998509884 15.899999998509884 40.126
      vertex -18.842355839908123 16.485270962119102 40.126
    endloop
  endfacet
  facet normal -0.9569403351191617 0.2902846792754084 0
    outer loop
      vertex -18.842355839908123 16.485270962119102 34.126
      vertex -18.842355839908123 16.485270962119102 40.126
      vertex -18.67163859307766 17.048050299286842 40.126
    endloop
  endfacet
  facet normal 0 0 1
    outer loop
      vertex -18.899999998509884 15.899999998509884 40.126
      vertex -16.5 16.5 40.126
      vertex -18.842355839908123 16.485270962119102 40.126
    endloop
  endfacet
  facet normal -0.8819212654102606 0.4713967348393121 0
    outer loop
      vertex -18.67163859307766 17.048050299286842 34.126
      vertex -18.67163859307766 17.048050299286842 40.126
      vertex -18.394408836960793 17.56671069562435 40.126
    endloop
  endfacet
  facet normal -0.7730104548457506 0.6343932823565882 0
    outer loop
      vertex -18.394408836960793 17.56671069562435 34.126
      vertex -18.394408836960793 17.56671069562435 40.126
      vertex -18.021320343017578 18.021320343017578 40.126
    endloop
  endfacet
  facet normal -0.6343932823565882 0.7730104548457506 0
    outer loop
      vertex -18.021320343017578 18.021320343017578 34.126
      vertex -18.021320343017578 18.021320343017578 40.126
      vertex -17.56671069562435 18.394408836960793 40.126
    endloop
  endfacet
  facet normal -0.6343932823565882 0.7730104548457506 0
    outer loop
      vertex -18.021320343017578 18.021320343017578 34.126
      vertex -17.56671069562435 18.394408836960793 40.126
      vertex -17.56671069562435 18.394408836960793 34.126
    endloop
  endfacet
  facet normal -0.4713967348393121 0.8819212654102606 0
    outer loop
      vertex -17.56671069562435 18.394408836960793 34.126
      vertex -17.048050299286842 18.67163859307766 40.126
      vertex -17.048050299286842 18.67163859307766 34.126
    endloop
  endfacet
  facet normal -0.2902846792754084 0.9569403351191617 0
    outer loop
      vertex -17.048050299286842 18.67163859307766 34.126
      vertex -16.485270962119102 18.842355839908123 40.126
      vertex -16.485270962119102 18.842355839908123 34.126
    endloop
  endfacet
  facet normal -0.4713967348393121 0.8819212654102606 0
    outer loop
      vertex -17.56671069562435 18.394408836960793 34.126
      vertex -17.56671069562435 18.394408836960793 40.126
      vertex -17.048050299286842 18.67163859307766 40.126
    endloop
  endfacet
  facet normal -0.2902846792754084 0.9569403351191617 0
    outer loop
      vertex -17.048050299286842 18.67163859307766 34.126
      vertex -17.048050299286842 18.67163859307766 40.126
      vertex -16.485270962119102 18.842355839908123 40.126
    endloop
  endfacet
  facet normal 0 0 1
    outer loop
      vertex -17.048050299286842 18.67163859307766 40.126
      vertex -15.899999998509884 18.899999998509884 40.126
      vertex -16.485270962119102 18.842355839908123 40.126
    endloop
  endfacet
  facet normal 0 0 -1
    outer loop
      vertex -18.842355839908123 16.485270962119102 34.126
      vertex -14.088072302720454 16.495013343002324 34.126
      vertex -15.338827308378303 15.338827308378303 34.126
    endloop
  endfacet
  facet normal 0 0 -1
    outer loop
      vertex -18.021320343017578 18.021320343017578 34.126
      vertex -17.56671069562435 18.394408836960793 34.126
      vertex -12.750459646556905 17.54950213521819 34.126
    endloop
  endfacet
  facet normal 0 0 -1
    outer loop
      vertex -18.394408836960793 17.56671069562435 34.126
      vertex -12.750459646556905 17.54950213521819 34.126
      vertex -14.088072302720454 16.495013343002324 34.126
    endloop
  endfacet
  facet normal 0 0 -1
    outer loop
      vertex -17.56671069562435 18.394408836960793 34.126
      vertex -17.048050299286842 18.67163859307766 34.126
      vertex -12.750459646556905 17.54950213521819 34.126
    endloop
  endfacet
  facet normal 0 0 -1
    outer loop
      vertex -17.048050299286842 18.67163859307766 34.126
      vertex -15.899999998509884 18.899999998509884 34.126
      vertex -11.334236166714245 18.49579241096879 34.126
    endloop
  endfacet
  facet normal 0 0 -1
    outer loop
      vertex -17.048050299286842 18.67163859307766 34.126
      vertex -11.334236166714245 18.49579241096879 34.126
      vertex -12.750459646556905 17.54950213521819 34.126
    endloop
  endfacet
  facet normal 0 0 -1
    outer loop
      vertex -15.899999998509884 18.899999998509884 34.126
      vertex -10.612471584647198 18.899999998509884 34.126
      vertex -11.334236166714245 18.49579241096879 34.126
    endloop
  endfacet
  facet normal 0 1 0
    outer loop
      vertex -15.899999998509884 18.899999998509884 34.126
      vertex -10.6996342490136 18.899999998509884 34.32599999999999
      vertex -10.612471584647198 18.899999998509884 34.126
    endloop
  endfacet
  facet normal 0 0 1
    outer loop
      vertex -18.842355839908123 16.485270962119102 40.126
      vertex -7 18.899999998509884 40.126
      vertex -18.67163859307766 17.048050299286842 40.126
    endloop
  endfacet
  facet normal 0 0 1
    outer loop
      vertex -18.67163859307766 17.048050299286842 40.126
      vertex -7 18.899999998509884 40.126
      vertex -18.394408836960793 17.56671069562435 40.126
    endloop
  endfacet
  facet normal 0 0 1
    outer loop
      vertex -18.842355839908123 16.485270962119102 40.126
      vertex -16.5 16.5 40.126
      vertex -7 18.899999998509884 40.126
    endloop
  endfacet
  facet normal -0.09801714041660749 0.9951847266636236 0
    outer loop
      vertex -16.485270962119102 18.842355839908123 34.126
      vertex -15.899999998509884 18.899999998509884 40.126
      vertex -15.899999998509884 18.899999998509884 34.126
    endloop
  endfacet
  facet normal -0.09801714041660749 0.9951847266636236 0
    outer loop
      vertex -16.485270962119102 18.842355839908123 34.126
      vertex -16.485270962119102 18.842355839908123 40.126
      vertex -15.899999998509884 18.899999998509884 40.126
    endloop
  endfacet
  facet normal 0 0 1
    outer loop
      vertex -18.394408836960793 17.56671069562435 40.126
      vertex -7 18.899999998509884 40.126
      vertex -18.021320343017578 18.021320343017578 40.126
    endloop
  endfacet
  facet normal 0 0 1
    outer loop
      vertex -18.021320343017578 18.021320343017578 40.126
      vertex -7 18.899999998509884 40.126
      vertex -17.56671069562435 18.394408836960793 40.126
    endloop
  endfacet
  facet normal 0 0 1
    outer loop
      vertex -17.56671069562435 18.394408836960793 40.126
      vertex -7 18.899999998509884 40.126
      vertex -17.048050299286842 18.67163859307766 40.126
    endloop
  endfacet
  facet normal 0 1 0
    outer loop
      vertex -15.899999998509884 18.899999998509884 34.126
      vertex -15.899999998509884 18.899999998509884 40.126
      vertex -7 18.899999998509884 37.126
    endloop
  endfacet
  facet normal 0 1 0
    outer loop
      vertex -15.899999998509884 18.899999998509884 34.126
      vertex -7 18.899999998509884 37.126
      vertex -10.6996342490136 18.899999998509884 34.32599999999999
    endloop
  endfacet
  facet normal 0 0 1
    outer loop
      vertex -17.048050299286842 18.67163859307766 40.126
      vertex -7 18.899999998509884 40.126
      vertex -15.899999998509884 18.899999998509884 40.126
    endloop
  endfacet
  facet normal 0 0 1
    outer loop
      vertex -7 18.899999998509884 40.126
      vertex -16.5 16.5 40.126
      vertex -7 16.5 40.126
    endloop
  endfacet
  facet normal 0 1 0
    outer loop
      vertex -10.6996342490136 18.899999998509884 34.32599999999999
      vertex -7 18.899999998509884 37.126
      vertex -7 18.899999998509884 34.32599999999999
    endloop
  endfacet
  facet normal 0 1 0
    outer loop
      vertex -15.899999998509884 18.899999998509884 40.126
      vertex -7 18.899999998509884 40.126
      vertex -7 18.899999998509884 37.126
    endloop
  endfacet
  facet normal 0 -1 0
    outer loop
      vertex -15.899999998509884 -18.899999998509884 40.126
      vertex 10.6996342490136 -18.899999998509884 34.32599999999999
      vertex 15.899999998509884 -18.899999998509884 34.126
    endloop
  endfacet
  facet normal 0 -1 0
    outer loop
      vertex -15.899999998509884 -18.899999998509884 40.126
      vertex 15.899999998509884 -18.899999998509884 34.126
      vertex 15.899999998509884 -18.899999998509884 40.126
    endloop
  endfacet
  facet normal 0 0 1
    outer loop
      vertex -15.899999998509884 -18.899999998509884 40.126
      vertex 15.899999998509884 -18.899999998509884 40.126
      vertex 17.048050299286842 -18.67163859307766 40.126
    endloop
  endfacet
  facet normal 0 0 1
    outer loop
      vertex -15.899999998509884 -18.899999998509884 40.126
      vertex 17.048050299286842 -18.67163859307766 40.126
      vertex 17.56671069562435 -18.394408836960793 40.126
    endloop
  endfacet
  facet normal 0 0 1
    outer loop
      vertex -16.485270962119102 -18.842355839908123 40.126
      vertex 17.56671069562435 -18.394408836960793 40.126
      vertex 18.021320343017578 -18.021320343017578 40.126
    endloop
  endfacet
  facet normal 0 0 1
    outer loop
      vertex -17.048050299286842 -18.67163859307766 40.126
      vertex 18.021320343017578 -18.021320343017578 40.126
      vertex 18.394408836960793 -17.56671069562435 40.126
    endloop
  endfacet
  facet normal 0 0 1
    outer loop
      vertex -18.394408836960793 -17.56671069562435 40.126
      vertex 18.842355839908123 -16.485270962119102 40.126
      vertex 16.5 -16.5 40.126
    endloop
  endfacet
  facet normal 0 0 1
    outer loop
      vertex -17.56671069562435 -18.394408836960793 40.126
      vertex 18.394408836960793 -17.56671069562435 40.126
      vertex 18.67163859307766 -17.048050299286842 40.126
    endloop
  endfacet
  facet normal 0 0 1
    outer loop
      vertex -18.021320343017578 -18.021320343017578 40.126
      vertex 18.67163859307766 -17.048050299286842 40.126
      vertex 18.842355839908123 -16.485270962119102 40.126
    endloop
  endfacet
  facet normal 0 -1 0
    outer loop
      vertex 10.612471584647198 -18.899999998509884 34.126
      vertex 15.899999998509884 -18.899999998509884 34.126
      vertex 10.6996342490136 -18.899999998509884 34.32599999999999
    endloop
  endfacet
  facet normal 0 0 -1
    outer loop
      vertex 10.612471584647198 -18.899999998509884 34.126
      vertex 11.334236166714245 -18.49579241096879 34.126
      vertex 15.899999998509884 -18.899999998509884 34.126
    endloop
  endfacet
  facet normal 0 0 -1
    outer loop
      vertex 11.334236166714245 -18.49579241096879 34.126
      vertex 12.750459646556905 -17.54950213521819 34.126
      vertex 17.048050299286842 -18.67163859307766 34.126
    endloop
  endfacet
  facet normal 0 0 -1
    outer loop
      vertex 11.334236166714245 -18.49579241096879 34.126
      vertex 17.048050299286842 -18.67163859307766 34.126
      vertex 15.899999998509884 -18.899999998509884 34.126
    endloop
  endfacet
  facet normal 0 0 -1
    outer loop
      vertex 12.750459646556905 -17.54950213521819 34.126
      vertex 17.56671069562435 -18.394408836960793 34.126
      vertex 17.048050299286842 -18.67163859307766 34.126
    endloop
  endfacet
  facet normal 0 0 -1
    outer loop
      vertex 12.750459646556905 -17.54950213521819 34.126
      vertex 18.021320343017578 -18.021320343017578 34.126
      vertex 17.56671069562435 -18.394408836960793 34.126
    endloop
  endfacet
  facet normal 0 0 -1
    outer loop
      vertex 12.750459646556905 -17.54950213521819 34.126
      vertex 14.088072302720454 -16.495013343002324 34.126
      vertex 18.394408836960793 -17.56671069562435 34.126
    endloop
  endfacet
  facet normal 0.09801714041660749 -0.9951847266636236 0
    outer loop
      vertex 15.899999998509884 -18.899999998509884 34.126
      vertex 16.485270962119102 -18.842355839908123 34.126
      vertex 15.899999998509884 -18.899999998509884 40.126
    endloop
  endfacet
  facet normal 0.09801714041660749 -0.9951847266636236 0
    outer loop
      vertex 15.899999998509884 -18.899999998509884 40.126
      vertex 16.485270962119102 -18.842355839908123 34.126
      vertex 16.485270962119102 -18.842355839908123 40.126
    endloop
  endfacet
  facet normal 0 0 -1
    outer loop
      vertex 14.088072302720454 -16.495013343002324 34.126
      vertex 15.338827308378303 -15.338827308378303 34.126
      vertex 18.842355839908123 -16.485270962119102 34.126
    endloop
  endfacet
  facet normal 0 0 -1
    outer loop
      vertex 15.899999998509884 -18.899999998509884 34.126
      vertex 17.048050299286842 -18.67163859307766 34.126
      vertex 16.485270962119102 -18.842355839908123 34.126
    endloop
  endfacet
  facet normal 0 0 -1
    outer loop
      vertex 12.750459646556905 -17.54950213521819 34.126
      vertex 18.394408836960793 -17.56671069562435 34.126
      vertex 18.021320343017578 -18.021320343017578 34.126
    endloop
  endfacet
  facet normal 0 0 -1
    outer loop
      vertex 14.088072302720454 -16.495013343002324 34.126
      vertex 18.67163859307766 -17.048050299286842 34.126
      vertex 18.394408836960793 -17.56671069562435 34.126
    endloop
  endfacet
  facet normal 0 0 -1
    outer loop
      vertex 14.088072302720454 -16.495013343002324 34.126
      vertex 18.842355839908123 -16.485270962119102 34.126
      vertex 18.67163859307766 -17.048050299286842 34.126
    endloop
  endfacet
  facet normal 0.2902846792754084 -0.9569403351191617 0
    outer loop
      vertex 16.485270962119102 -18.842355839908123 34.126
      vertex 17.048050299286842 -18.67163859307766 34.126
      vertex 16.485270962119102 -18.842355839908123 40.126
    endloop
  endfacet
  facet normal 0.4713967348393121 -0.8819212654102606 0
    outer loop
      vertex 17.048050299286842 -18.67163859307766 34.126
      vertex 17.56671069562435 -18.394408836960793 34.126
      vertex 17.048050299286842 -18.67163859307766 40.126
    endloop
  endfacet
  facet normal 0.6343932823565882 -0.7730104548457506 0
    outer loop
      vertex 17.56671069562435 -18.394408836960793 34.126
      vertex 18.021320343017578 -18.021320343017578 34.126
      vertex 17.56671069562435 -18.394408836960793 40.126
    endloop
  endfacet
  facet normal 0.7730104548457506 -0.6343932823565882 0
    outer loop
      vertex 18.021320343017578 -18.021320343017578 34.126
      vertex 18.394408836960793 -17.56671069562435 34.126
      vertex 18.021320343017578 -18.021320343017578 40.126
    endloop
  endfacet
  facet normal 0.8819212654102606 -0.4713967348393121 0
    outer loop
      vertex 18.394408836960793 -17.56671069562435 34.126
      vertex 18.67163859307766 -17.048050299286842 34.126
      vertex 18.394408836960793 -17.56671069562435 40.126
    endloop
  endfacet
  facet normal 0.9569403351191617 -0.2902846792754084 0
    outer loop
      vertex 18.67163859307766 -17.048050299286842 34.126
      vertex 18.842355839908123 -16.485270962119102 34.126
      vertex 18.67163859307766 -17.048050299286842 40.126
    endloop
  endfacet
  facet normal 0.2902846792754084 -0.9569403351191617 0
    outer loop
      vertex 17.048050299286842 -18.67163859307766 34.126
      vertex 17.048050299286842 -18.67163859307766 40.126
      vertex 16.485270962119102 -18.842355839908123 40.126
    endloop
  endfacet
  facet normal 0.4713967348393121 -0.8819212654102606 0
    outer loop
      vertex 17.56671069562435 -18.394408836960793 34.126
      vertex 17.56671069562435 -18.394408836960793 40.126
      vertex 17.048050299286842 -18.67163859307766 40.126
    endloop
  endfacet
  facet normal 0 0 1
    outer loop
      vertex 15.899999998509884 -18.899999998509884 40.126
      vertex 16.485270962119102 -18.842355839908123 40.126
      vertex 17.048050299286842 -18.67163859307766 40.126
    endloop
  endfacet
  facet normal 0.6343932823565882 -0.7730104548457506 0
    outer loop
      vertex 18.021320343017578 -18.021320343017578 34.126
      vertex 18.021320343017578 -18.021320343017578 40.126
      vertex 17.56671069562435 -18.394408836960793 40.126
    endloop
  endfacet
  facet normal 0.7730104548457506 -0.6343932823565882 0
    outer loop
      vertex 18.394408836960793 -17.56671069562435 34.126
      vertex 18.394408836960793 -17.56671069562435 40.126
      vertex 18.021320343017578 -18.021320343017578 40.126
    endloop
  endfacet
  facet normal 0.8819212654102606 -0.4713967348393121 0
    outer loop
      vertex 18.67163859307766 -17.048050299286842 34.126
      vertex 18.67163859307766 -17.048050299286842 40.126
      vertex 18.394408836960793 -17.56671069562435 40.126
    endloop
  endfacet
  facet normal 0.9569403351191617 -0.2902846792754084 0
    outer loop
      vertex 18.842355839908123 -16.485270962119102 34.126
      vertex 18.842355839908123 -16.485270962119102 40.126
      vertex 18.67163859307766 -17.048050299286842 40.126
    endloop
  endfacet
  facet normal 0 0 -1
    outer loop
      vertex 15.338827308378303 -15.338827308378303 34.126
      vertex 16.495013343002324 -14.088072302720454 34.126
      vertex 18.899999998509884 -15.899999998509884 34.126
    endloop
  endfacet
  facet normal 0 0 -1
    outer loop
      vertex 16.495013343002324 -14.088072302720454 34.126
      vertex 17.54950213521819 -12.750459646556905 34.126
      vertex 18.899999998509884 -15.899999998509884 34.126
    endloop
  endfacet
  facet normal 0 0 -1
    outer loop
      vertex 15.338827308378303 -15.338827308378303 34.126
      vertex 18.899999998509884 -15.899999998509884 34.126
      vertex 18.842355839908123 -16.485270962119102 34.126
    endloop
  endfacet
  facet normal 0 0 -1
    outer loop
      vertex 18.899999998509884 -15.899999998509884 34.126
      vertex 17.54950213521819 -12.750459646556905 34.126
      vertex 18.49579241096879 -11.334236166714247 34.126
    endloop
  endfacet
  facet normal 0 0 -1
    outer loop
      vertex 18.899999998509884 -15.899999998509884 34.126
      vertex 18.49579241096879 -11.334236166714247 34.126
      vertex 18.899999998509884 -10.612471584647198 34.126
    endloop
  endfacet
  facet normal 1 0 0
    outer loop
      vertex 18.899999998509884 -15.899999998509884 34.126
      vertex 18.899999998509884 -10.612471584647198 34.126
      vertex 18.899999998509884 -10.6996342490136 34.32599999999999
    endloop
  endfacet
  facet normal 0.9951847266636236 -0.09801714041660749 0
    outer loop
      vertex 18.842355839908123 -16.485270962119102 34.126
      vertex 18.899999998509884 -15.899999998509884 34.126
      vertex 18.842355839908123 -16.485270962119102 40.126
    endloop
  endfacet
  facet normal 1 0 0
    outer loop
      vertex 18.899999998509884 -15.899999998509884 34.126
      vertex 18.899999998509884 -10.6996342490136 34.32599999999999
      vertex 18.899999998509884 -15.899999998509884 40.126
    endloop
  endfacet
  facet normal 0.9951847266636236 -0.09801714041660749 0
    outer loop
      vertex 18.842355839908123 -16.485270962119102 40.126
      vertex 18.899999998509884 -15.899999998509884 34.126
      vertex 18.899999998509884 -15.899999998509884 40.126
    endloop
  endfacet
  facet normal 0 0 1
    outer loop
      vertex 18.842355839908123 -16.485270962119102 40.126
      vertex 18.899999998509884 -15.899999998509884 40.126
      vertex 16.5 -16.5 40.126
    endloop
  endfacet
  facet normal 1 0 0
    outer loop
      vertex 18.899999998509884 -15.899999998509884 40.126
      vertex 18.899999998509884 -10.6996342490136 34.32599999999999
      vertex 18.899999998509884 10.6996342490136 34.32599999999999
    endloop
  endfacet
  facet normal 0 0 1
    outer loop
      vertex 18.899999998509884 -15.899999998509884 40.126
      vertex 18.899999998509884 15.899999998509884 40.126
      vertex 16.5 -16.5 40.126
    endloop
  endfacet
  facet normal 0 0 1
    outer loop
      vertex 15.899999998509884 18.899999998509884 40.126
      vertex 7 18.899999998509884 40.126
      vertex 7 16.5 40.126
    endloop
  endfacet
  facet normal 0 1 0
    outer loop
      vertex 10.6996342490136 18.899999998509884 34.32599999999999
      vertex 7 18.899999998509884 34.32599999999999
      vertex 7 18.899999998509884 37.126
    endloop
  endfacet
  facet normal 0 1 0
    outer loop
      vertex 15.899999998509884 18.899999998509884 40.126
      vertex 7 18.899999998509884 37.126
      vertex 7 18.899999998509884 40.126
    endloop
  endfacet
  facet normal 1 0 0
    outer loop
      vertex 18.899999998509884 -15.899999998509884 40.126
      vertex 18.899999998509884 10.6996342490136 34.32599999999999
      vertex 18.899999998509884 15.899999998509884 34.126
    endloop
  endfacet
  facet normal 0 0 1
    outer loop
      vertex 18.67163859307766 17.048050299286842 40.126
      vertex 16.5 16.5 40.126
      vertex 16.5 -16.5 40.126
    endloop
  endfacet
  facet normal 1 0 0
    outer loop
      vertex 18.899999998509884 -15.899999998509884 40.126
      vertex 18.899999998509884 15.899999998509884 34.126
      vertex 18.899999998509884 15.899999998509884 40.126
    endloop
  endfacet
  facet normal 0 0 1
    outer loop
      vertex 18.899999998509884 15.899999998509884 40.126
      vertex 18.842355839908123 16.485270962119102 40.126
      vertex 16.5 -16.5 40.126
    endloop
  endfacet
  facet normal 0 0 1
    outer loop
      vertex 18.842355839908123 16.485270962119102 40.126
      vertex 18.67163859307766 17.048050299286842 40.126
      vertex 16.5 -16.5 40.126
    endloop
  endfacet
  facet normal 0 1 0
    outer loop
      vertex 10.612471584647198 18.899999998509884 34.126
      vertex 10.6996342490136 18.899999998509884 34.32599999999999
      vertex 15.899999998509884 18.899999998509884 34.126
    endloop
  endfacet
  facet normal 0 0 -1
    outer loop
      vertex 10.612471584647198 18.899999998509884 34.126
      vertex 17.048050299286842 18.67163859307766 34.126
      vertex 11.334236166714247 18.49579241096879 34.126
    endloop
  endfacet
  facet normal 0 0 -1
    outer loop
      vertex 11.334236166714247 18.49579241096879 34.126
      vertex 18.021320343017578 18.021320343017578 34.126
      vertex 12.750459646556905 17.549502135218194 34.126
    endloop
  endfacet
  facet normal 0 0 -1
    outer loop
      vertex 15.338827308378303 15.338827308378303 34.126
      vertex 14.088072302720454 16.495013343002324 34.126
      vertex 18.67163859307766 17.048050299286842 34.126
    endloop
  endfacet
  facet normal 0 0 -1
    outer loop
      vertex 12.750459646556905 17.549502135218194 34.126
      vertex 18.67163859307766 17.048050299286842 34.126
      vertex 14.088072302720454 16.495013343002324 34.126
    endloop
  endfacet
  facet normal 0 0 -1
    outer loop
      vertex 10.612471584647198 18.899999998509884 34.126
      vertex 16.485270962119102 18.842355839908123 34.126
      vertex 17.048050299286842 18.67163859307766 34.126
    endloop
  endfacet
  facet normal 0 0 -1
    outer loop
      vertex 10.612471584647198 18.899999998509884 34.126
      vertex 15.899999998509884 18.899999998509884 34.126
      vertex 16.485270962119102 18.842355839908123 34.126
    endloop
  endfacet
  facet normal 0 0 -1
    outer loop
      vertex 11.334236166714247 18.49579241096879 34.126
      vertex 17.048050299286842 18.67163859307766 34.126
      vertex 17.56671069562435 18.394408836960793 34.126
    endloop
  endfacet
  facet normal 0 0 -1
    outer loop
      vertex 11.334236166714247 18.49579241096879 34.126
      vertex 17.56671069562435 18.394408836960793 34.126
      vertex 18.021320343017578 18.021320343017578 34.126
    endloop
  endfacet
  facet normal 0 0 1
    outer loop
      vertex 15.899999998509884 18.899999998509884 40.126
      vertex 7 16.5 40.126
      vertex 16.485270962119102 18.842355839908123 40.126
    endloop
  endfacet
  facet normal 0 0 1
    outer loop
      vertex 16.485270962119102 18.842355839908123 40.126
      vertex 7 16.5 40.126
      vertex 17.048050299286842 18.67163859307766 40.126
    endloop
  endfacet
  facet normal 0 1 0
    outer loop
      vertex 10.6996342490136 18.899999998509884 34.32599999999999
      vertex 7 18.899999998509884 37.126
      vertex 15.899999998509884 18.899999998509884 40.126
    endloop
  endfacet
  facet normal 0 0 1
    outer loop
      vertex 18.67163859307766 17.048050299286842 40.126
      vertex 7 16.5 40.126
      vertex 16.5 16.5 40.126
    endloop
  endfacet
  facet normal 0 0 1
    outer loop
      vertex 17.048050299286842 18.67163859307766 40.126
      vertex 7 16.5 40.126
      vertex 17.56671069562435 18.394408836960793 40.126
    endloop
  endfacet
  facet normal 0 0 1
    outer loop
      vertex 17.56671069562435 18.394408836960793 40.126
      vertex 7 16.5 40.126
      vertex 18.021320343017578 18.021320343017578 40.126
    endloop
  endfacet
  facet normal 0 0 1
    outer loop
      vertex 18.394408836960793 17.56671069562435 40.126
      vertex 18.021320343017578 18.021320343017578 40.126
      vertex 7 16.5 40.126
    endloop
  endfacet
  facet normal 0 0 1
    outer loop
      vertex 18.67163859307766 17.048050299286842 40.126
      vertex 18.394408836960793 17.56671069562435 40.126
      vertex 7 16.5 40.126
    endloop
  endfacet
  facet normal 0 1 0
    outer loop
      vertex 10.6996342490136 18.899999998509884 34.32599999999999
      vertex 15.899999998509884 18.899999998509884 40.126
      vertex 15.899999998509884 18.899999998509884 34.126
    endloop
  endfacet
  facet normal 0.09801714041660749 0.9951847266636236 0
    outer loop
      vertex 15.899999998509884 18.899999998509884 34.126
      vertex 16.485270962119102 18.842355839908123 40.126
      vertex 16.485270962119102 18.842355839908123 34.126
    endloop
  endfacet
  facet normal 0.09801714041660749 0.9951847266636236 0
    outer loop
      vertex 15.899999998509884 18.899999998509884 34.126
      vertex 15.899999998509884 18.899999998509884 40.126
      vertex 16.485270962119102 18.842355839908123 40.126
    endloop
  endfacet
  facet normal 1 0 0
    outer loop
      vertex 18.899999998509884 10.612471584647198 34.126
      vertex 18.899999998509884 15.899999998509884 34.126
      vertex 18.899999998509884 10.6996342490136 34.32599999999999
    endloop
  endfacet
  facet normal 0 0 -1
    outer loop
      vertex 18.899999998509884 10.612471584647198 34.126
      vertex 18.49579241096879 11.334236166714247 34.126
      vertex 18.899999998509884 15.899999998509884 34.126
    endloop
  endfacet
  facet normal 0 0 -1
    outer loop
      vertex 15.338827308378303 15.338827308378303 34.126
      vertex 18.899999998509884 15.899999998509884 34.126
      vertex 16.495013343002324 14.088072302720454 34.126
    endloop
  endfacet
  facet normal 0 0 -1
    outer loop
      vertex 17.54950213521819 12.750459646556905 34.126
      vertex 16.495013343002324 14.088072302720454 34.126
      vertex 18.899999998509884 15.899999998509884 34.126
    endloop
  endfacet
  facet normal 0 0 -1
    outer loop
      vertex 17.54950213521819 12.750459646556905 34.126
      vertex 18.899999998509884 15.899999998509884 34.126
      vertex 18.49579241096879 11.334236166714247 34.126
    endloop
  endfacet
  facet normal 0 0 -1
    outer loop
      vertex 15.338827308378303 15.338827308378303 34.126
      vertex 18.67163859307766 17.048050299286842 34.126
      vertex 18.842355839908123 16.485270962119102 34.126
    endloop
  endfacet
  facet normal 0 0 -1
    outer loop
      vertex 12.750459646556905 17.549502135218194 34.126
      vertex 18.394408836960793 17.56671069562435 34.126
      vertex 18.67163859307766 17.048050299286842 34.126
    endloop
  endfacet
  facet normal 0 0 -1
    outer loop
      vertex 12.750459646556905 17.549502135218194 34.126
      vertex 18.021320343017578 18.021320343017578 34.126
      vertex 18.394408836960793 17.56671069562435 34.126
    endloop
  endfacet
  facet normal 0 0 -1
    outer loop
      vertex 15.338827308378303 15.338827308378303 34.126
      vertex 18.842355839908123 16.485270962119102 34.126
      vertex 18.899999998509884 15.899999998509884 34.126
    endloop
  endfacet
  facet normal 0.9951847266636236 0.09801714041660749 0
    outer loop
      vertex 18.899999998509884 15.899999998509884 34.126
      vertex 18.842355839908123 16.485270962119102 34.126
      vertex 18.899999998509884 15.899999998509884 40.126
    endloop
  endfacet
  facet normal 0.9569403351191617 0.2902846792754084 0
    outer loop
      vertex 18.842355839908123 16.485270962119102 34.126
      vertex 18.67163859307766 17.048050299286842 34.126
      vertex 18.842355839908123 16.485270962119102 40.126
    endloop
  endfacet
  facet normal 0.6343932823565882 0.7730104548457506 0
    outer loop
      vertex 17.56671069562435 18.394408836960793 34.126
      vertex 18.021320343017578 18.021320343017578 40.126
      vertex 18.021320343017578 18.021320343017578 34.126
    endloop
  endfacet
  facet normal 0.7730104548457506 0.6343932823565882 0
    outer loop
      vertex 18.394408836960793 17.56671069562435 34.126
      vertex 18.021320343017578 18.021320343017578 34.126
      vertex 18.394408836960793 17.56671069562435 40.126
    endloop
  endfacet
  facet normal 0.8819212654102606 0.4713967348393121 0
    outer loop
      vertex 18.67163859307766 17.048050299286842 34.126
      vertex 18.394408836960793 17.56671069562435 34.126
      vertex 18.67163859307766 17.048050299286842 40.126
    endloop
  endfacet
  facet normal 0.9951847266636236 0.09801714041660749 0
    outer loop
      vertex 18.899999998509884 15.899999998509884 40.126
      vertex 18.842355839908123 16.485270962119102 34.126
      vertex 18.842355839908123 16.485270962119102 40.126
    endloop
  endfacet
  facet normal 0.7730104548457506 0.6343932823565882 0
    outer loop
      vertex 18.021320343017578 18.021320343017578 34.126
      vertex 18.021320343017578 18.021320343017578 40.126
      vertex 18.394408836960793 17.56671069562435 40.126
    endloop
  endfacet
  facet normal 0.8819212654102606 0.4713967348393121 0
    outer loop
      vertex 18.394408836960793 17.56671069562435 34.126
      vertex 18.394408836960793 17.56671069562435 40.126
      vertex 18.67163859307766 17.048050299286842 40.126
    endloop
  endfacet
  facet normal 0.9569403351191617 0.2902846792754084 0
    outer loop
      vertex 18.67163859307766 17.048050299286842 34.126
      vertex 18.67163859307766 17.048050299286842 40.126
      vertex 18.842355839908123 16.485270962119102 40.126
    endloop
  endfacet
  facet normal 0.2902846792754084 0.9569403351191617 0
    outer loop
      vertex 16.485270962119102 18.842355839908123 34.126
      vertex 17.048050299286842 18.67163859307766 40.126
      vertex 17.048050299286842 18.67163859307766 34.126
    endloop
  endfacet
  facet normal 0.4713967348393121 0.8819212654102606 0
    outer loop
      vertex 17.048050299286842 18.67163859307766 34.126
      vertex 17.56671069562435 18.394408836960793 40.126
      vertex 17.56671069562435 18.394408836960793 34.126
    endloop
  endfacet
  facet normal 0.2902846792754084 0.9569403351191617 0
    outer loop
      vertex 16.485270962119102 18.842355839908123 34.126
      vertex 16.485270962119102 18.842355839908123 40.126
      vertex 17.048050299286842 18.67163859307766 40.126
    endloop
  endfacet
  facet normal 0.4713967348393121 0.8819212654102606 0
    outer loop
      vertex 17.048050299286842 18.67163859307766 34.126
      vertex 17.048050299286842 18.67163859307766 40.126
      vertex 17.56671069562435 18.394408836960793 40.126
    endloop
  endfacet
  facet normal 0.6343932823565882 0.7730104548457506 0
    outer loop
      vertex 17.56671069562435 18.394408836960793 34.126
      vertex 17.56671069562435 18.394408836960793 40.126
      vertex 18.021320343017578 18.021320343017578 40.126
    endloop
  endfacet
  facet normal 0.8724960070727967 0.4886212414969555 1.3425500170791371e-18
    outer loop
      vertex -10.913794103732382 -6.687981628364145 1.48
      vertex -11.40488350961111 -5.8110783966662 1.48
      vertex -11.40488350961111 -5.8110783966662 17.2
    endloop
  endfacet
  facet normal 0.9930684569549263 0.11753739745783691 1.1217885104134658e-18
    outer loop
      vertex -12.642410759617764 -2.0023611525149554 1.48
      vertex -12.760541871784039 -1.0042764253164154 1.48
      vertex -12.760541871784039 -1.0042764253164154 7.007863475408974
    endloop
  endfacet
  facet normal 0.9992290362407227 0.039259815759074834 -5.949676060970412e-16
    outer loop
      vertex -12.760541871784039 -1.0042764253164154 1.48
      vertex -12.783490232012584 -0.4202016549406297 6.749734143284182
      vertex -12.778145640602876 -0.5562305898749054 6.788098270668724
    endloop
  endfacet
  facet normal 0.9992290362407231 0.03925981575906244 7.805991248213554e-16
    outer loop
      vertex -12.760541871784039 -1.0042764253164154 1.48
      vertex -12.788936611631987 -0.2815820370724156 6.722160986928752
      vertex -12.783490232012584 -0.4202016549406297 6.749734143284182
    endloop
  endfacet
  facet normal 0.9992290362407226 0.03925981575907612 -1.1121766830062865e-15
    outer loop
      vertex -12.760541871784039 -1.0042764253164154 1.48
      vertex -12.794451200719632 -0.1412263723101209 6.70554879928037
      vertex -12.788936611631987 -0.2815820370724156 6.722160986928752
    endloop
  endfacet
  facet normal 0.9624552364536474 0.271440449865074 -4.437561472890992e-19
    outer loop
      vertex -12.173523408577966 -3.9554175279993267 1.48
      vertex -12.44633498109026 -2.9881006573555893 1.48
      vertex -12.44633498109026 -2.9881006573555893 17.2
    endloop
  endfacet
  facet normal 0.9081431738250817 0.4186597375374272 0
    outer loop
      vertex -11.825658016144471 -4.89834793427315 1.48
      vertex -11.825658016144471 -4.89834793427315 17.2
      vertex -11.40488350961111 -5.8110783966662 1.48
    endloop
  endfacet
  facet normal 0.9381913359224846 0.34611705707749174 -9.96721337248237e-19
    outer loop
      vertex -11.825658016144471 -4.89834793427315 1.48
      vertex -12.173523408577966 -3.9554175279993267 1.48
      vertex -12.173523408577966 -3.9554175279993267 17.2
    endloop
  endfacet
  facet normal 0.9930684569549264 0.1175373974578377 3.663912964818974e-17
    outer loop
      vertex -12.642410759617764 -2.0023611525149554 1.48
      vertex -12.682578792233468 -1.662983158520316 7.811169821742839
      vertex -12.676788897830711 -1.7119017293312764 7.943769410125094
    endloop
  endfacet
  facet normal 0.9930684569549263 0.1175373974578372 5.637435646162044e-17
    outer loop
      vertex -12.642410759617764 -2.0023611525149554 1.48
      vertex -12.676788897830711 -1.7119017293312764 7.943769410125094
      vertex -12.672248204128339 -1.7502658567158178 8.07979834505937
    endloop
  endfacet
  facet normal 0.9930684569549231 0.11753739745786579 -1.0494078482225132e-15
    outer loop
      vertex -12.642410759617764 -2.0023611525149554 1.48
      vertex -12.672248204128339 -1.7502658567158178 8.07979834505937
      vertex -12.668984706012958 -1.777839013071248 8.218417962927585
    endloop
  endfacet
  facet normal 0.9930684569549336 0.11753739745777492 2.0183575882049036e-15
    outer loop
      vertex -12.642410759617764 -2.0023611525149554 1.48
      vertex -12.668984706012958 -1.777839013071248 8.218417962927585
      vertex -12.667018524035678 -1.7944512007196303 8.35877362768988
    endloop
  endfacet
  facet normal 0.993068456954911 0.11753739745796683 -3.868936522184871e-15
    outer loop
      vertex -12.642410759617764 -2.0023611525149554 1.48
      vertex -12.667018524035678 -1.7944512007196303 8.35877362768988
      vertex -12.666361780362204 -1.8 8.5
    endloop
  endfacet
  facet normal 0.9807852804032301 0.1950903220161301 -1.0950647549762134e-19
    outer loop
      vertex -12.44633498109026 -2.9881006573555893 1.48
      vertex -12.642410759617764 -2.0023611525149554 1.48
      vertex -12.642410759617764 -2.0023611525149554 17.2
    endloop
  endfacet
  facet normal 0.9930684569549257 0.11753739745784213 -7.04153022906153e-16
    outer loop
      vertex -12.642410759617764 -2.0023611525149554 1.48
      vertex -12.741044784149153 -1.1690064869943306 7.131269261919944
      vertex -12.728760934797435 -1.2727922061357857 7.227207793864214
    endloop
  endfacet
  facet normal 0.9930684569549277 0.11753739745782518 8.228795722120527e-16
    outer loop
      vertex -12.642410759617764 -2.0023611525149554 1.48
      vertex -12.697755914986658 -1.534752295837366 7.559502583511292
      vertex -12.68958219071228 -1.6038117435390622 7.6828171004688155
    endloop
  endfacet
  facet normal 0.9930684569549248 0.1175373974578508 -1.1762477993844346e-15
    outer loop
      vertex -12.642410759617764 -2.0023611525149554 1.48
      vertex -12.707049571328415 -1.4562305898749055 7.441986545873548
      vertex -12.697755914986658 -1.534752295837366 7.559502583511292
    endloop
  endfacet
  facet normal 0.9930684569549274 0.11753739745782835 1.0670127682887906e-15
    outer loop
      vertex -12.642410759617764 -2.0023611525149554 1.48
      vertex -12.728760934797435 -1.2727922061357857 7.227207793864214
      vertex -12.717405861255747 -1.3687307380800557 7.330993513005669
    endloop
  endfacet
  facet normal 0.9930684569549263 0.11753739745783798 1.966348480323295e-17
    outer loop
      vertex -12.642410759617764 -2.0023611525149554 1.48
      vertex -12.717405861255747 -1.3687307380800557 7.330993513005669
      vertex -12.707049571328415 -1.4562305898749055 7.441986545873548
    endloop
  endfacet
  facet normal 0.9930684569549268 0.11753739745783344 6.078843902538701e-16
    outer loop
      vertex -12.642410759617764 -2.0023611525149554 1.48
      vertex -12.75418167529485 -1.0580134541264516 7.043769410125094
      vertex -12.741044784149153 -1.1690064869943306 7.131269261919944
    endloop
  endfacet
  facet normal 0.9930684569549264 0.11753739745783666 3.0618735798267618e-18
    outer loop
      vertex -12.642410759617764 -2.0023611525149554 1.48
      vertex -12.760541871784039 -1.0042764253164154 7.007863475408974
      vertex -12.75418167529485 -1.0580134541264516 7.043769410125094
    endloop
  endfacet
  facet normal 0.9930684569549266 0.11753739745783534 1.571157414473105e-16
    outer loop
      vertex -12.642410759617764 -2.0023611525149554 1.48
      vertex -12.68958219071228 -1.6038117435390622 7.6828171004688155
      vertex -12.682578792233468 -1.662983158520316 7.811169821742839
    endloop
  endfacet
  facet normal 0.9992290362407229 0.0392598157590668 0
    outer loop
      vertex -12.760541871784039 -1.0042764253164154 1.48
      vertex -12.763047755865722 -0.9404974164887079 6.965247704162634
      vertex -12.760541871784039 -1.0042764253164154 7.007863475408974
    endloop
  endfacet
  facet normal 0.9992290362407231 0.039259815759064114 3.123001253745213e-17
    outer loop
      vertex -12.760541871784039 -1.0042764253164154 1.48
      vertex -12.767892796432582 -0.8171828995311843 6.896188256460938
      vertex -12.763047755865722 -0.9404974164887079 6.965247704162634
    endloop
  endfacet
  facet normal 0.9992290362407229 0.03925981575906858 -1.229156868292372e-16
    outer loop
      vertex -12.760541871784039 -1.0042764253164154 1.48
      vertex -12.772935788586164 -0.6888301782571616 6.837016841479684
      vertex -12.767892796432582 -0.8171828995311843 6.896188256460938
    endloop
  endfacet
  facet normal 0.9992290362407228 0.03925981575907073 -2.499694352789477e-16
    outer loop
      vertex -12.760541871784039 -1.0042764253164154 1.48
      vertex -12.778145640602876 -0.5562305898749054 6.788098270668724
      vertex -12.772935788586164 -0.6888301782571616 6.837016841479684
    endloop
  endfacet
  facet normal 0.9930684569549266 0.11753739745783469 0
    outer loop
      vertex -12.642410759617764 -2.0023611525149554 1.48
      vertex -12.666361780362204 -1.8 8.5
      vertex -12.642410759617764 -2.0023611525149554 17.2
    endloop
  endfacet
  facet normal 0.8724960070727967 0.4886212414969555 0
    outer loop
      vertex -10.913794103732382 -6.687981628364145 1.48
      vertex -11.40488350961111 -5.8110783966662 17.2
      vertex -10.913794103732382 -6.687981628364145 17.2
    endloop
  endfacet
  facet normal 0.9624552364536474 0.271440449865074 0
    outer loop
      vertex -12.173523408577966 -3.9554175279993267 1.48
      vertex -12.44633498109026 -2.9881006573555893 17.2
      vertex -12.173523408577966 -3.9554175279993267 17.2
    endloop
  endfacet
  facet normal 0.9381913359224846 0.34611705707749174 0
    outer loop
      vertex -11.825658016144471 -4.89834793427315 1.48
      vertex -12.173523408577966 -3.9554175279993267 17.2
      vertex -11.825658016144471 -4.89834793427315 17.2
    endloop
  endfacet
  facet normal 0.9081431738250817 0.4186597375374272 0
    outer loop
      vertex -11.40488350961111 -5.8110783966662 1.48
      vertex -11.825658016144471 -4.89834793427315 17.2
      vertex -11.40488350961111 -5.8110783966662 17.2
    endloop
  endfacet
  facet normal 0.9807852804032301 0.1950903220161301 0
    outer loop
      vertex -12.44633498109026 -2.9881006573555893 1.48
      vertex -12.642410759617764 -2.0023611525149554 17.2
      vertex -12.44633498109026 -2.9881006573555893 17.2
    endloop
  endfacet
  facet normal 0.9930684569549096 0.1175373974579787 3.3970877103398296e-15
    outer loop
      vertex -12.666361780362204 -1.8 8.5
      vertex -12.667018524035678 -1.7944512007196303 8.64122637231012
      vertex -12.642410759617764 -2.0023611525149554 17.2
    endloop
  endfacet
  facet normal 0.9930684569549342 0.11753739745777211 -1.6921552682993937e-15
    outer loop
      vertex -12.667018524035678 -1.7944512007196303 8.64122637231012
      vertex -12.668984706012958 -1.777839013071248 8.781582037072415
      vertex -12.642410759617764 -2.0023611525149554 17.2
    endloop
  endfacet
  facet normal 0.9930684569549227 0.11753739745786669 8.661325032843635e-16
    outer loop
      vertex -12.668984706012958 -1.777839013071248 8.781582037072415
      vertex -12.672248204128339 -1.7502658567158178 8.92020165494063
      vertex -12.642410759617764 -2.0023611525149554 17.2
    endloop
  endfacet
  facet normal 0.9930684569549264 0.11753739745783714 -4.621706735005451e-17
    outer loop
      vertex -12.672248204128339 -1.7502658567158178 8.92020165494063
      vertex -12.676788897830711 -1.7119017293312764 9.056230589874906
      vertex -12.642410759617764 -2.0023611525149554 17.2
    endloop
  endfacet
  facet normal 0.9930684569549263 0.1175373974578376 -2.9716745171193515e-17
    outer loop
      vertex -12.676788897830711 -1.7119017293312764 9.056230589874906
      vertex -12.682578792233468 -1.662983158520316 9.188830178257161
      vertex -12.642410759617764 -2.0023611525149554 17.2
    endloop
  endfacet
  facet normal 0.9930684569549266 0.1175373974578353 -1.2867859840599322e-16
    outer loop
      vertex -12.682578792233468 -1.662983158520316 9.188830178257161
      vertex -12.68958219071228 -1.6038117435390622 9.317182899531185
      vertex -12.642410759617764 -2.0023611525149554 17.2
    endloop
  endfacet
  facet normal 0.9930684569549277 0.11753739745782493 -6.605849686264881e-16
    outer loop
      vertex -12.68958219071228 -1.6038117435390622 9.317182899531185
      vertex -12.697755914986658 -1.534752295837366 9.440497416488707
      vertex -12.642410759617764 -2.0023611525149554 17.2
    endloop
  endfacet
  facet normal 0.9930684569549276 0.1175373974578268 3.937226978682759e-16
    outer loop
      vertex -12.717405861255747 -1.3687307380800557 9.66900648699433
      vertex -12.728760934797435 -1.2727922061357857 9.772792206135787
      vertex -12.760541871784039 -1.0042764253164154 17.2
    endloop
  endfacet
  facet normal 0.9930684569549244 0.11753739745785417 -1.124954703552018e-15
    outer loop
      vertex -12.697755914986658 -1.534752295837366 9.440497416488707
      vertex -12.707049571328415 -1.4562305898749055 9.558013454126451
      vertex -12.760541871784039 -1.0042764253164154 17.2
    endloop
  endfacet
  facet normal 0.9930684569549262 0.1175373974578381 -1.6027211841429642e-16
    outer loop
      vertex -12.717405861255747 -1.3687307380800557 9.66900648699433
      vertex -12.760541871784039 -1.0042764253164154 17.2
      vertex -12.707049571328415 -1.4562305898749055 9.558013454126451
    endloop
  endfacet
  facet normal 0.9930684569549255 0.11753739745784299 -2.002058194187373e-16
    outer loop
      vertex -12.728760934797435 -1.2727922061357857 9.772792206135787
      vertex -12.741044784149153 -1.1690064869943306 9.868730738080055
      vertex -12.760541871784039 -1.0042764253164154 17.2
    endloop
  endfacet
  facet normal 0.9930684569549268 0.11753739745783294 2.9157596756233395e-17
    outer loop
      vertex -12.741044784149153 -1.1690064869943306 9.868730738080055
      vertex -12.75418167529485 -1.0580134541264516 9.956230589874906
      vertex -12.760541871784039 -1.0042764253164154 17.2
    endloop
  endfacet
  facet normal 0.9930684569549263 0.11753739745783678 1.4187550378733604e-20
    outer loop
      vertex -12.75418167529485 -1.0580134541264516 9.956230589874906
      vertex -12.760541871784039 -1.0042764253164154 9.992136524591025
      vertex -12.760541871784039 -1.0042764253164154 17.2
    endloop
  endfacet
  facet normal 0.999229036240723 0.0392598157590668 0
    outer loop
      vertex -12.760541871784039 -1.0042764253164154 9.992136524591025
      vertex -12.763047755865722 -0.9404974164887079 10.034752295837366
      vertex -12.760541871784039 -1.0042764253164154 17.2
    endloop
  endfacet
  facet normal 0.9992290362407231 0.039259815759064114 -2.3969622999298458e-17
    outer loop
      vertex -12.763047755865722 -0.9404974164887079 10.034752295837366
      vertex -12.767892796432582 -0.8171828995311843 10.103811743539062
      vertex -12.760541871784039 -1.0042764253164154 17.2
    endloop
  endfacet
  facet normal 0.9992290362407229 0.039259815759068596 9.431994089806725e-17
    outer loop
      vertex -12.767892796432582 -0.8171828995311843 10.103811743539062
      vertex -12.772935788586164 -0.6888301782571616 10.162983158520316
      vertex -12.760541871784039 -1.0042764253164154 17.2
    endloop
  endfacet
  facet normal 0.9992290362407228 0.03925981575907075 1.9101248275927925e-16
    outer loop
      vertex -12.778145640602876 -0.5562305898749054 10.211901729331277
      vertex -12.760541871784039 -1.0042764253164154 17.2
      vertex -12.772935788586164 -0.6888301782571616 10.162983158520316
    endloop
  endfacet
  facet normal 0.9930684569549264 0.11753739745783692 7.190751066000711e-17
    outer loop
      vertex -12.697755914986658 -1.534752295837366 9.440497416488707
      vertex -12.760541871784039 -1.0042764253164154 17.2
      vertex -12.642410759617764 -2.0023611525149554 17.2
    endloop
  endfacet
  facet normal 0.999229036240723 0.03925981575906876 6.354965785940736e-17
    outer loop
      vertex -12.778145640602876 -0.5562305898749054 10.211901729331277
      vertex -12.8 0 17.2
      vertex -12.760541871784039 -1.0042764253164154 17.2
    endloop
  endfacet
  facet normal 0 0 -1
    outer loop
      vertex -12.173523408577966 -3.9554175279993267 17.2
      vertex -12.44633498109026 -2.9881006573555893 17.2
      vertex -12.44633498109026 2.9881006573555893 17.2
    endloop
  endfacet
  facet normal 0 0 -1
    outer loop
      vertex -12.44633498109026 -2.9881006573555893 17.2
      vertex -12.642410759617764 -2.0023611525149554 17.2
      vertex -12.642410759617764 2.0023611525149554 17.2
    endloop
  endfacet
  facet normal 0 0 -1
    outer loop
      vertex -12.642410759617764 -2.0023611525149554 17.2
      vertex -12.760541871784039 -1.0042764253164154 17.2
      vertex -12.760541871784039 1.0042764253164154 17.2
    endloop
  endfacet
  facet normal 0 0 -1
    outer loop
      vertex -11.825658016144471 -4.89834793427315 17.2
      vertex -11.825658016144471 4.89834793427315 17.2
      vertex -11.40488350961111 -5.8110783966662 17.2
    endloop
  endfacet
  facet normal 0 0 -1
    outer loop
      vertex -10.913794103732382 -6.687981628364145 17.2
      vertex -11.40488350961111 -5.8110783966662 17.2
      vertex -11.40488350961111 5.8110783966662 17.2
    endloop
  endfacet
  facet normal 0 0 -1
    outer loop
      vertex -11.825658016144471 -4.89834793427315 17.2
      vertex -12.173523408577966 -3.9554175279993267 17.2
      vertex -12.173523408577966 3.9554175279993267 17.2
    endloop
  endfacet
  facet normal 0.4186597375374272 0.9081431738250817 0
    outer loop
      vertex -5.8110783966662 -11.40488350961111 1.48
      vertex -5.8110783966662 -11.40488350961111 17.2
      vertex -4.89834793427315 -11.825658016144471 1.48
    endloop
  endfacet
  facet normal 0.34611705707749174 0.9381913359224846 0
    outer loop
      vertex -4.89834793427315 -11.825658016144471 1.48
      vertex -4.89834793427315 -11.825658016144471 17.2
      vertex -3.9554175279993267 -12.173523408577966 1.48
    endloop
  endfacet
  facet normal 0.271440449865074 0.9624552364536474 0
    outer loop
      vertex -3.9554175279993267 -12.173523408577966 1.48
      vertex -3.9554175279993267 -12.173523408577966 17.2
      vertex -2.9881006573555893 -12.44633498109026 1.48
    endloop
  endfacet
  facet normal 0.1950903220161301 0.9807852804032301 -1.0950647549762134e-19
    outer loop
      vertex -2.0023611525149554 -12.642410759617764 1.48
      vertex -2.9881006573555893 -12.44633498109026 1.48
      vertex -2.9881006573555893 -12.44633498109026 17.2
    endloop
  endfacet
  facet normal 0.11753739745783691 0.9930684569549263 0
    outer loop
      vertex -2.0023611525149554 -12.642410759617764 1.48
      vertex -2.0023611525149554 -12.642410759617764 17.2
      vertex -1.0042764253164154 -12.760541871784039 1.48
    endloop
  endfacet
  facet normal 0.03925981575906876 0.9992290362407228 0
    outer loop
      vertex -1.0042764253164154 -12.760541871784039 1.48
      vertex -1.0042764253164154 -12.760541871784039 17.2
      vertex 0 -12.8 1.48
    endloop
  endfacet
  facet normal 0.4886212414969555 0.8724960070727967 0
    outer loop
      vertex -5.8110783966662 -11.40488350961111 1.48
      vertex -6.687981628364145 -10.913794103732382 17.2
      vertex -5.8110783966662 -11.40488350961111 17.2
    endloop
  endfacet
  facet normal 0.4186597375374272 0.9081431738250817 0
    outer loop
      vertex -4.89834793427315 -11.825658016144471 1.48
      vertex -5.8110783966662 -11.40488350961111 17.2
      vertex -4.89834793427315 -11.825658016144471 17.2
    endloop
  endfacet
  facet normal 0.34611705707749174 0.9381913359224846 0
    outer loop
      vertex -3.9554175279993267 -12.173523408577966 1.48
      vertex -4.89834793427315 -11.825658016144471 17.2
      vertex -3.9554175279993267 -12.173523408577966 17.2
    endloop
  endfacet
  facet normal 0.271440449865074 0.9624552364536474 0
    outer loop
      vertex -2.9881006573555893 -12.44633498109026 1.48
      vertex -3.9554175279993267 -12.173523408577966 17.2
      vertex -2.9881006573555893 -12.44633498109026 17.2
    endloop
  endfacet
  facet normal 0.1950903220161301 0.9807852804032301 0
    outer loop
      vertex -2.0023611525149554 -12.642410759617764 1.48
      vertex -2.9881006573555893 -12.44633498109026 17.2
      vertex -2.0023611525149554 -12.642410759617764 17.2
    endloop
  endfacet
  facet normal 0.11753739745783691 0.9930684569549263 0
    outer loop
      vertex -1.0042764253164154 -12.760541871784039 1.48
      vertex -2.0023611525149554 -12.642410759617764 17.2
      vertex -1.0042764253164154 -12.760541871784039 17.2
    endloop
  endfacet
  facet normal 0.03925981575906876 0.9992290362407228 -1.6759481983948454e-19
    outer loop
      vertex -1.0042764253164154 -12.760541871784039 17.2
      vertex 0 -12.8 17.2
      vertex 0 -12.8 1.48
    endloop
  endfacet
  facet normal 0 0 -1
    outer loop
      vertex -8 -8 17.2
      vertex -1.0042764253164154 -12.760541871784039 17.2
      vertex -2.0023611525149554 -12.642410759617764 17.2
    endloop
  endfacet
  facet normal 0 0 -1
    outer loop
      vertex -8 -8 17.2
      vertex 0 -12.8 17.2
      vertex -1.0042764253164154 -12.760541871784039 17.2
    endloop
  endfacet
  facet normal 0 0 -1
    outer loop
      vertex -8 -8 17.2
      vertex 1.0042764253164154 -12.760541871784039 17.2
      vertex 0 -12.8 17.2
    endloop
  endfacet
  facet normal 0 0 -1
    outer loop
      vertex -8 -8 17.2
      vertex 2.0023611525149554 -12.642410759617764 17.2
      vertex 1.0042764253164154 -12.760541871784039 17.2
    endloop
  endfacet
  facet normal 0.7343225094356863 0.6788007455329408 0
    outer loop
      vertex -9.733196359680397 -8.312935018626352 1.48
      vertex -9.733196359680397 -8.312935018626352 17.2
      vertex -9.05096679918781 -9.05096679918781 1.48
    endloop
  endfacet
  facet normal 0.6788007455329408 0.7343225094356863 0
    outer loop
      vertex -9.05096679918781 -9.05096679918781 1.48
      vertex -9.05096679918781 -9.05096679918781 17.2
      vertex -8.312935018626352 -9.733196359680397 1.48
    endloop
  endfacet
  facet normal 0.7853169308807448 0.6190939493098342 0
    outer loop
      vertex -10.355417527999329 -7.523651229343656 1.48
      vertex -10.355417527999329 -7.523651229343656 17.2
      vertex -9.733196359680397 -8.312935018626352 1.48
    endloop
  endfacet
  facet normal 0.8314696123025453 0.555570233019602 0
    outer loop
      vertex -10.913794103732382 -6.687981628364145 1.48
      vertex -10.913794103732382 -6.687981628364145 17.2
      vertex -10.355417527999329 -7.523651229343656 1.48
    endloop
  endfacet
  facet normal 0.6190939493098342 0.7853169308807448 -1.2014312876339528e-18
    outer loop
      vertex -7.523651229343656 -10.355417527999329 1.48
      vertex -8.312935018626352 -9.733196359680397 1.48
      vertex -8.312935018626352 -9.733196359680397 17.2
    endloop
  endfacet
  facet normal 0.555570233019602 0.8314696123025453 0
    outer loop
      vertex -7.523651229343656 -10.355417527999329 1.48
      vertex -7.523651229343656 -10.355417527999329 17.2
      vertex -6.687981628364145 -10.913794103732382 1.48
    endloop
  endfacet
  facet normal 0.4886212414969555 0.8724960070727967 1.3425500170791371e-18
    outer loop
      vertex -5.8110783966662 -11.40488350961111 1.48
      vertex -6.687981628364145 -10.913794103732382 1.48
      vertex -6.687981628364145 -10.913794103732382 17.2
    endloop
  endfacet
  facet normal 0.7343225094356863 0.6788007455329408 -3.281417948802275e-18
    outer loop
      vertex -9.733196359680397 -8.312935018626352 17.2
      vertex -9.05096679918781 -9.05096679918781 17.2
      vertex -9.05096679918781 -9.05096679918781 1.48
    endloop
  endfacet
  facet normal 0.6788007455329408 0.7343225094356863 0
    outer loop
      vertex -8.312935018626352 -9.733196359680397 1.48
      vertex -9.05096679918781 -9.05096679918781 17.2
      vertex -8.312935018626352 -9.733196359680397 17.2
    endloop
  endfacet
  facet normal 0.8314696123025453 0.555570233019602 0
    outer loop
      vertex -10.355417527999329 -7.523651229343656 1.48
      vertex -10.913794103732382 -6.687981628364145 17.2
      vertex -10.355417527999329 -7.523651229343656 17.2
    endloop
  endfacet
  facet normal 0.7853169308807448 0.6190939493098342 0
    outer loop
      vertex -9.733196359680397 -8.312935018626352 1.48
      vertex -10.355417527999329 -7.523651229343656 17.2
      vertex -9.733196359680397 -8.312935018626352 17.2
    endloop
  endfacet
  facet normal 0.6190939493098342 0.7853169308807448 0
    outer loop
      vertex -7.523651229343656 -10.355417527999329 1.48
      vertex -8.312935018626352 -9.733196359680397 17.2
      vertex -7.523651229343656 -10.355417527999329 17.2
    endloop
  endfacet
  facet normal 0.555570233019602 0.8314696123025453 0
    outer loop
      vertex -6.687981628364145 -10.913794103732382 1.48
      vertex -7.523651229343656 -10.355417527999329 17.2
      vertex -6.687981628364145 -10.913794103732382 17.2
    endloop
  endfacet
  facet normal 0 0 -1
    outer loop
      vertex -9.05096679918781 -9.05096679918781 17.2
      vertex -8.453990499739547 -7.891006524188368 17.2
      vertex -8.312935018626352 -9.733196359680397 17.2
    endloop
  endfacet
  facet normal 0 0 -1
    outer loop
      vertex -8.312935018626352 -9.733196359680397 17.2
      vertex -8.38268343236509 -7.923879532511287 17.2
      vertex -8.309016994374947 -7.951056516295154 17.2
    endloop
  endfacet
  facet normal 0 0 -1
    outer loop
      vertex -8.312935018626352 -9.733196359680397 17.2
      vertex -8.453990499739547 -7.891006524188368 17.2
      vertex -8.38268343236509 -7.923879532511287 17.2
    endloop
  endfacet
  facet normal 0 0 -1
    outer loop
      vertex -8.312935018626352 -9.733196359680397 17.2
      vertex -8.309016994374947 -7.951056516295154 17.2
      vertex -8.233445363855905 -7.972369920397677 17.2
    endloop
  endfacet
  facet normal 0 0 -1
    outer loop
      vertex -8.312935018626352 -9.733196359680397 17.2
      vertex -8.233445363855905 -7.972369920397677 17.2
      vertex -8.156434465040231 -7.987688340595138 17.2
    endloop
  endfacet
  facet normal 0 0 -1
    outer loop
      vertex -8.312935018626352 -9.733196359680397 17.2
      vertex -8.156434465040231 -7.987688340595138 17.2
      vertex -8.078459095727846 -7.996917333733128 17.2
    endloop
  endfacet
  facet normal 0 0 -1
    outer loop
      vertex -9.05096679918781 -9.05096679918781 17.2
      vertex -8.76040596560003 -7.649448048330184 17.2
      vertex -8.707106781186548 -7.707106781186548 17.2
    endloop
  endfacet
  facet normal 0 0 -1
    outer loop
      vertex -9.05096679918781 -9.05096679918781 17.2
      vertex -8.987688340595138 -7.156434465040231 17.2
      vertex -8.972369920397677 -7.233445363855905 17.2
    endloop
  endfacet
  facet normal 0 0 -1
    outer loop
      vertex -9.05096679918781 -9.05096679918781 17.2
      vertex -8.891006524188368 -7.453990499739547 17.2
      vertex -8.852640164354092 -7.522498564715949 17.2
    endloop
  endfacet
  facet normal 0 0 -1
    outer loop
      vertex -9.05096679918781 -9.05096679918781 17.2
      vertex -8.923879532511286 -7.38268343236509 17.2
      vertex -8.891006524188368 -7.453990499739547 17.2
    endloop
  endfacet
  facet normal 0 0 -1
    outer loop
      vertex -9.05096679918781 -9.05096679918781 17.2
      vertex -8.809016994374947 -7.587785252292473 17.2
      vertex -8.76040596560003 -7.649448048330184 17.2
    endloop
  endfacet
  facet normal 0 0 -1
    outer loop
      vertex -9.05096679918781 -9.05096679918781 17.2
      vertex -8.852640164354092 -7.522498564715949 17.2
      vertex -8.809016994374947 -7.587785252292473 17.2
    endloop
  endfacet
  facet normal 0 0 -1
    outer loop
      vertex -9.05096679918781 -9.05096679918781 17.2
      vertex -8.951056516295154 -7.3090169943749475 17.2
      vertex -8.923879532511286 -7.38268343236509 17.2
    endloop
  endfacet
  facet normal 0 0 -1
    outer loop
      vertex -9.05096679918781 -9.05096679918781 17.2
      vertex -8.972369920397677 -7.233445363855905 17.2
      vertex -8.951056516295154 -7.3090169943749475 17.2
    endloop
  endfacet
  facet normal 0 0 -1
    outer loop
      vertex -9.05096679918781 -9.05096679918781 17.2
      vertex -8.996917333733128 -7.078459095727845 17.2
      vertex -8.987688340595138 -7.156434465040231 17.2
    endloop
  endfacet
  facet normal 0 0 -1
    outer loop
      vertex -9.05096679918781 -9.05096679918781 17.2
      vertex -9 -7 17.2
      vertex -8.996917333733128 -7.078459095727845 17.2
    endloop
  endfacet
  facet normal 0 0 -1
    outer loop
      vertex -9.05096679918781 -9.05096679918781 17.2
      vertex -8.649448048330184 -7.760405965600031 17.2
      vertex -8.587785252292473 -7.8090169943749475 17.2
    endloop
  endfacet
  facet normal 0 0 -1
    outer loop
      vertex -9.05096679918781 -9.05096679918781 17.2
      vertex -8.707106781186548 -7.707106781186548 17.2
      vertex -8.649448048330184 -7.760405965600031 17.2
    endloop
  endfacet
  facet normal 0 0 -1
    outer loop
      vertex -9.05096679918781 -9.05096679918781 17.2
      vertex -8.587785252292473 -7.8090169943749475 17.2
      vertex -8.52249856471595 -7.852640164354092 17.2
    endloop
  endfacet
  facet normal 0 0 -1
    outer loop
      vertex -9.05096679918781 -9.05096679918781 17.2
      vertex -8.52249856471595 -7.852640164354092 17.2
      vertex -8.453990499739547 -7.891006524188368 17.2
    endloop
  endfacet
  facet normal 0 0 -1
    outer loop
      vertex -5.8110783966662 -11.40488350961111 17.2
      vertex -6.687981628364145 -10.913794103732382 17.2
      vertex -8 -8 17.2
    endloop
  endfacet
  facet normal 0 0 -1
    outer loop
      vertex -7.523651229343656 -10.355417527999329 17.2
      vertex -8.312935018626352 -9.733196359680397 17.2
      vertex -8 -8 17.2
    endloop
  endfacet
  facet normal 0 0 -1
    outer loop
      vertex -8.312935018626352 -9.733196359680397 17.2
      vertex -8.078459095727846 -7.996917333733128 17.2
      vertex -8 -8 17.2
    endloop
  endfacet
  facet normal 0 0 -1
    outer loop
      vertex -7.523651229343656 -10.355417527999329 17.2
      vertex -8 -8 17.2
      vertex -6.687981628364145 -10.913794103732382 17.2
    endloop
  endfacet
  facet normal 0 0 -1
    outer loop
      vertex -5.8110783966662 -11.40488350961111 17.2
      vertex -8 -8 17.2
      vertex -4.89834793427315 -11.825658016144471 17.2
    endloop
  endfacet
  facet normal 0 0 -1
    outer loop
      vertex -8 -8 17.2
      vertex -3.9554175279993267 -12.173523408577966 17.2
      vertex -4.89834793427315 -11.825658016144471 17.2
    endloop
  endfacet
  facet normal 0 0 -1
    outer loop
      vertex -10.913794103732382 -6.687981628364145 17.2
      vertex -10.913794103732382 6.687981628364145 17.2
      vertex -10.355417527999329 -7.523651229343656 17.2
    endloop
  endfacet
  facet normal 0 0 -1
    outer loop
      vertex -10.355417527999329 -7.523651229343656 17.2
      vertex -10.355417527999329 7.523651229343656 17.2
      vertex -9.733196359680397 -8.312935018626352 17.2
    endloop
  endfacet
  facet normal 0 0 -1
    outer loop
      vertex -9.733196359680397 -8.312935018626352 17.2
      vertex -9.733196359680397 8.312935018626352 17.2
      vertex -9.05096679918781 -9.05096679918781 17.2
    endloop
  endfacet
  facet normal 0 0 -1
    outer loop
      vertex -9.05096679918781 -9.05096679918781 17.2
      vertex -9.05096679918781 9.05096679918781 17.2
      vertex -9 -7 17.2
    endloop
  endfacet
  facet normal 0 0 -1
    outer loop
      vertex -8 -8 17.2
      vertex -2.9881006573555893 -12.44633498109026 17.2
      vertex -3.9554175279993267 -12.173523408577966 17.2
    endloop
  endfacet
  facet normal 0 0 -1
    outer loop
      vertex -8 -8 17.2
      vertex -2.0023611525149554 -12.642410759617764 17.2
      vertex -2.9881006573555893 -12.44633498109026 17.2
    endloop
  endfacet
  facet normal 0 0 -1
    outer loop
      vertex -8 -8 17.2
      vertex 2.9881006573555893 -12.44633498109026 17.2
      vertex 2.0023611525149554 -12.642410759617764 17.2
    endloop
  endfacet
  facet normal 0 0 -1
    outer loop
      vertex -8 -8 17.2
      vertex 3.9554175279993267 -12.173523408577966 17.2
      vertex 2.9881006573555893 -12.44633498109026 17.2
    endloop
  endfacet
  facet normal 0.999229036240723 0.03925981575906876 -5.047108367579879e-19
    outer loop
      vertex -12.760541871784039 -1.0042764253164154 1.48
      vertex -12.8 0 1.48
      vertex -12.8 0 6.7
    endloop
  endfacet
  facet normal 0.9992290362407229 -0.03925981575906876 7.651259453612097e-17
    outer loop
      vertex -12.8 0 1.48
      vertex -12.760541871784039 1.0042764253164154 1.48
      vertex -12.783490232012584 0.4202016549406297 6.749734143284182
    endloop
  endfacet
  facet normal 0.999229036240723 0.039259815759064884 7.507891815968565e-16
    outer loop
      vertex -12.760541871784039 -1.0042764253164154 1.48
      vertex -12.8 0 6.7
      vertex -12.794451200719632 -0.1412263723101209 6.70554879928037
    endloop
  endfacet
  facet normal 0.9992290362407231 -0.03925981575906485 0
    outer loop
      vertex -12.8 0 1.48
      vertex -12.794451200719632 0.1412263723101209 6.70554879928037
      vertex -12.8 0 6.7
    endloop
  endfacet
  facet normal 0.9992290362407227 -0.03925981575907628 3.0943870204635084e-16
    outer loop
      vertex -12.8 0 1.48
      vertex -12.788936611631987 0.2815820370724156 6.722160986928752
      vertex -12.794451200719632 0.1412263723101209 6.70554879928037
    endloop
  endfacet
  facet normal 0.9992290362407232 -0.039259815759062185 -4.479382500534588e-16
    outer loop
      vertex -12.8 0 1.48
      vertex -12.783490232012584 0.4202016549406297 6.749734143284182
      vertex -12.788936611631987 0.2815820370724156 6.722160986928752
    endloop
  endfacet
  facet normal 0.9992290362407226 -0.039259815759074806 -5.961161911211605e-16
    outer loop
      vertex -12.760541871784039 1.0042764253164154 1.48
      vertex -12.778145640602876 0.5562305898749054 6.788098270668724
      vertex -12.783490232012584 0.4202016549406297 6.749734143284182
    endloop
  endfacet
  facet normal 0.9930684569549263 -0.1175373974578369 1.1416703007352936e-16
    outer loop
      vertex -12.760541871784039 1.0042764253164154 1.48
      vertex -12.642410759617764 2.0023611525149554 1.48
      vertex -12.707049571328415 1.4562305898749055 7.441986545873548
    endloop
  endfacet
  facet normal 0.9992290362407228 -0.039259815759070726 -2.494310219746686e-16
    outer loop
      vertex -12.760541871784039 1.0042764253164154 1.48
      vertex -12.772935788586164 0.6888301782571616 6.837016841479684
      vertex -12.778145640602876 0.5562305898749054 6.788098270668724
    endloop
  endfacet
  facet normal 0.9992290362407229 -0.03925981575906858 -1.229862018479195e-16
    outer loop
      vertex -12.760541871784039 1.0042764253164154 1.48
      vertex -12.767892796432582 0.8171828995311843 6.896188256460938
      vertex -12.772935788586164 0.6888301782571616 6.837016841479684
    endloop
  endfacet
  facet normal 0.9992290362407231 -0.03925981575906412 3.1285184799655273e-17
    outer loop
      vertex -12.760541871784039 1.0042764253164154 1.48
      vertex -12.763047755865722 0.9404974164887079 6.965247704162634
      vertex -12.767892796432582 0.8171828995311843 6.896188256460938
    endloop
  endfacet
  facet normal 0.9992290362407229 -0.0392598157590668 0
    outer loop
      vertex -12.760541871784039 1.0042764253164154 1.48
      vertex -12.760541871784039 1.0042764253164154 7.007863475408974
      vertex -12.763047755865722 0.9404974164887079 6.965247704162634
    endloop
  endfacet
  facet normal 0.9930684569549264 -0.1175373974578368 0
    outer loop
      vertex -12.760541871784039 1.0042764253164154 1.48
      vertex -12.75418167529485 1.0580134541264516 7.043769410125094
      vertex -12.760541871784039 1.0042764253164154 7.007863475408974
    endloop
  endfacet
  facet normal 0.9930684569549268 -0.11753739745783293 -3.7837748512364084e-17
    outer loop
      vertex -12.760541871784039 1.0042764253164154 1.48
      vertex -12.741044784149153 1.1690064869943306 7.131269261919944
      vertex -12.75418167529485 1.0580134541264516 7.043769410125094
    endloop
  endfacet
  facet normal 0.9930684569549256 -0.11753739745784306 2.618609474203252e-16
    outer loop
      vertex -12.760541871784039 1.0042764253164154 1.48
      vertex -12.728760934797435 1.2727922061357857 7.227207793864214
      vertex -12.741044784149153 1.1690064869943306 7.131269261919944
    endloop
  endfacet
  facet normal 0.9930684569549277 -0.1175373974578267 -5.143979775048159e-16
    outer loop
      vertex -12.760541871784039 1.0042764253164154 1.48
      vertex -12.717405861255747 1.3687307380800557 7.330993513005669
      vertex -12.728760934797435 1.2727922061357857 7.227207793864214
    endloop
  endfacet
  facet normal 0.9930684569549262 -0.11753739745783814 2.1015975676763405e-16
    outer loop
      vertex -12.760541871784039 1.0042764253164154 1.48
      vertex -12.707049571328415 1.4562305898749055 7.441986545873548
      vertex -12.717405861255747 1.3687307380800557 7.330993513005669
    endloop
  endfacet
  facet normal 0.9930684569549248 -0.11753739745785077 -1.1756745525319339e-15
    outer loop
      vertex -12.642410759617764 2.0023611525149554 1.48
      vertex -12.697755914986658 1.534752295837366 7.559502583511292
      vertex -12.707049571328415 1.4562305898749055 7.441986545873548
    endloop
  endfacet
  facet normal 0.9930684569549277 -0.11753739745782517 8.205697242072609e-16
    outer loop
      vertex -12.642410759617764 2.0023611525149554 1.48
      vertex -12.68958219071228 1.6038117435390622 7.6828171004688155
      vertex -12.697755914986658 1.534752295837366 7.559502583511292
    endloop
  endfacet
  facet normal 0.9930684569549265 -0.11753739745783537 1.5872892131115944e-16
    outer loop
      vertex -12.642410759617764 2.0023611525149554 1.48
      vertex -12.682578792233468 1.662983158520316 7.811169821742839
      vertex -12.68958219071228 1.6038117435390622 7.6828171004688155
    endloop
  endfacet
  facet normal 0.9930684569549264 -0.1175373974578377 3.885158087448476e-17
    outer loop
      vertex -12.642410759617764 2.0023611525149554 1.48
      vertex -12.676788897830711 1.7119017293312764 7.943769410125094
      vertex -12.682578792233468 1.662983158520316 7.811169821742839
    endloop
  endfacet
  facet normal 0.9930684569549263 -0.1175373974578372 5.4139687100537426e-17
    outer loop
      vertex -12.642410759617764 2.0023611525149554 1.48
      vertex -12.672248204128339 1.7502658567158178 8.07979834505937
      vertex -12.676788897830711 1.7119017293312764 7.943769410125094
    endloop
  endfacet
  facet normal 0.9930684569549231 -0.11753739745786584 -1.0502077697171212e-15
    outer loop
      vertex -12.642410759617764 2.0023611525149554 1.48
      vertex -12.668984706012958 1.777839013071248 8.218417962927585
      vertex -12.672248204128339 1.7502658567158178 8.07979834505937
    endloop
  endfacet
  facet normal 0.9930684569549336 -0.11753739745777485 2.020386810150401e-15
    outer loop
      vertex -12.642410759617764 2.0023611525149554 1.48
      vertex -12.667018524035678 1.7944512007196303 8.35877362768988
      vertex -12.668984706012958 1.777839013071248 8.218417962927585
    endloop
  endfacet
  facet normal 0.993068456954911 -0.11753739745796711 -3.861645565692866e-15
    outer loop
      vertex -12.642410759617764 2.0023611525149554 1.48
      vertex -12.666361780362204 1.8 8.5
      vertex -12.667018524035678 1.7944512007196303 8.35877362768988
    endloop
  endfacet
  facet normal 0.9930684569549266 -0.11753739745783469 0
    outer loop
      vertex -12.642410759617764 2.0023611525149554 1.48
      vertex -12.642410759617764 2.0023611525149554 17.2
      vertex -12.666361780362204 1.8 8.5
    endloop
  endfacet
  facet normal 0.9807852804032301 -0.1950903220161301 1.0950647549762134e-19
    outer loop
      vertex -12.642410759617764 2.0023611525149554 1.48
      vertex -12.44633498109026 2.9881006573555893 1.48
      vertex -12.44633498109026 2.9881006573555893 17.2
    endloop
  endfacet
  facet normal 0.9624552364536474 -0.271440449865074 4.437561472890992e-19
    outer loop
      vertex -12.44633498109026 2.9881006573555893 1.48
      vertex -12.173523408577966 3.9554175279993267 1.48
      vertex -12.173523408577966 3.9554175279993267 17.2
    endloop
  endfacet
  facet normal 0.9381913359224846 -0.34611705707749174 9.96721337248237e-19
    outer loop
      vertex -12.173523408577966 3.9554175279993267 1.48
      vertex -11.825658016144471 4.89834793427315 1.48
      vertex -11.825658016144471 4.89834793427315 17.2
    endloop
  endfacet
  facet normal 0.9081431738250817 -0.4186597375374272 -1.2592495964826758e-18
    outer loop
      vertex -11.825658016144471 4.89834793427315 1.48
      vertex -11.40488350961111 5.8110783966662 1.48
      vertex -11.40488350961111 5.8110783966662 17.2
    endloop
  endfacet
  facet normal 0.8724960070727967 -0.4886212414969555 -1.3425500170791371e-18
    outer loop
      vertex -11.40488350961111 5.8110783966662 1.48
      vertex -10.913794103732382 6.687981628364145 1.48
      vertex -10.913794103732382 6.687981628364145 17.2
    endloop
  endfacet
  facet normal 0.9992290362407228 -0.03925981575907075 1.9110195507310915e-16
    outer loop
      vertex -12.778145640602876 0.5562305898749054 10.211901729331277
      vertex -12.772935788586164 0.6888301782571616 10.162983158520316
      vertex -12.760541871784039 1.0042764253164154 17.2
    endloop
  endfacet
  facet normal 0.9992290362407229 -0.039259815759068596 9.432304938859927e-17
    outer loop
      vertex -12.772935788586164 0.6888301782571616 10.162983158520316
      vertex -12.767892796432582 0.8171828995311843 10.103811743539062
      vertex -12.760541871784039 1.0042764253164154 17.2
    endloop
  endfacet
  facet normal 0.9992290362407231 -0.039259815759064114 -2.3960651091693666e-17
    outer loop
      vertex -12.763047755865722 0.9404974164887079 10.034752295837366
      vertex -12.760541871784039 1.0042764253164154 17.2
      vertex -12.767892796432582 0.8171828995311843 10.103811743539062
    endloop
  endfacet
  facet normal 0.9992290362407229 -0.0392598157590668 -9.396450973923317e-21
    outer loop
      vertex -12.763047755865722 0.9404974164887079 10.034752295837366
      vertex -12.760541871784039 1.0042764253164154 9.992136524591027
      vertex -12.760541871784039 1.0042764253164154 17.2
    endloop
  endfacet
  facet normal 0.9930684569549264 -0.1175373974578368 -1.4158531642254794e-17
    outer loop
      vertex -12.760541871784039 1.0042764253164154 9.992136524591027
      vertex -12.75418167529485 1.0580134541264516 9.956230589874906
      vertex -12.642410759617764 2.0023611525149554 17.2
    endloop
  endfacet
  facet normal 0.9930684569549268 -0.11753739745783334 -4.729986121682852e-16
    outer loop
      vertex -12.75418167529485 1.0580134541264516 9.956230589874906
      vertex -12.741044784149153 1.1690064869943306 9.868730738080055
      vertex -12.642410759617764 2.0023611525149554 17.2
    endloop
  endfacet
  facet normal 0.9930684569549256 -0.11753739745784228 5.607875401805312e-16
    outer loop
      vertex -12.741044784149153 1.1690064869943306 9.868730738080055
      vertex -12.728760934797435 1.2727922061357857 9.772792206135787
      vertex -12.642410759617764 2.0023611525149554 17.2
    endloop
  endfacet
  facet normal 0.9930684569549096 -0.1175373974579787 3.3968577526752775e-15
    outer loop
      vertex -12.666361780362204 1.8 8.5
      vertex -12.642410759617764 2.0023611525149554 17.2
      vertex -12.667018524035678 1.7944512007196303 8.64122637231012
    endloop
  endfacet
  facet normal 0.9930684569549342 -0.11753739745777211 -1.6922143915332408e-15
    outer loop
      vertex -12.668984706012958 1.777839013071248 8.781582037072415
      vertex -12.667018524035678 1.7944512007196303 8.64122637231012
      vertex -12.642410759617764 2.0023611525149554 17.2
    endloop
  endfacet
  facet normal 0.9930684569549227 -0.11753739745786669 8.664710764949391e-16
    outer loop
      vertex -12.668984706012958 1.777839013071248 8.781582037072415
      vertex -12.642410759617764 2.0023611525149554 17.2
      vertex -12.672248204128339 1.7502658567158178 8.92020165494063
    endloop
  endfacet
  facet normal 0.9930684569549264 -0.11753739745783714 -4.650564480128414e-17
    outer loop
      vertex -12.672248204128339 1.7502658567158178 8.92020165494063
      vertex -12.642410759617764 2.0023611525149554 17.2
      vertex -12.676788897830711 1.7119017293312764 9.056230589874906
    endloop
  endfacet
  facet normal 0.9930684569549266 -0.1175373974578353 -1.2900165165821984e-16
    outer loop
      vertex -12.682578792233468 1.662983158520316 9.188830178257161
      vertex -12.642410759617764 2.0023611525149554 17.2
      vertex -12.68958219071228 1.6038117435390622 9.317182899531185
    endloop
  endfacet
  facet normal 0.9930684569549263 -0.1175373974578376 -2.960212620600318e-17
    outer loop
      vertex -12.676788897830711 1.7119017293312764 9.056230589874906
      vertex -12.642410759617764 2.0023611525149554 17.2
      vertex -12.682578792233468 1.662983158520316 9.188830178257161
    endloop
  endfacet
  facet normal 0.9930684569549247 -0.11753739745785115 9.40674535371586e-16
    outer loop
      vertex -12.707049571328415 1.4562305898749055 9.558013454126451
      vertex -12.697755914986658 1.534752295837366 9.440497416488707
      vertex -12.642410759617764 2.0023611525149554 17.2
    endloop
  endfacet
  facet normal 0.9930684569549263 -0.11753739745783791 -1.661300761518724e-17
    outer loop
      vertex -12.717405861255747 1.3687307380800557 9.66900648699433
      vertex -12.707049571328415 1.4562305898749055 9.558013454126451
      vertex -12.642410759617764 2.0023611525149554 17.2
    endloop
  endfacet
  facet normal 0.9930684569549274 -0.11753739745782814 -8.510526569713066e-16
    outer loop
      vertex -12.717405861255747 1.3687307380800557 9.66900648699433
      vertex -12.642410759617764 2.0023611525149554 17.2
      vertex -12.728760934797435 1.2727922061357857 9.772792206135787
    endloop
  endfacet
  facet normal 0.9930684569549277 -0.11753739745782493 -6.600973501340207e-16
    outer loop
      vertex -12.697755914986658 1.534752295837366 9.440497416488707
      vertex -12.68958219071228 1.6038117435390622 9.317182899531185
      vertex -12.642410759617764 2.0023611525149554 17.2
    endloop
  endfacet
  facet normal 0.9992290362407227 0.03925981575907509 -4.4121945031501267e-16
    outer loop
      vertex -12.778145640602876 -0.5562305898749054 10.211901729331277
      vertex -12.783490232012584 -0.4202016549406297 10.250265856715817
      vertex -12.8 0 17.2
    endloop
  endfacet
  facet normal 0.9992290362407231 0.03925981575906222 3.386885914778696e-16
    outer loop
      vertex -12.783490232012584 -0.4202016549406297 10.250265856715817
      vertex -12.788936611631987 -0.2815820370724156 10.277839013071247
      vertex -12.8 0 17.2
    endloop
  endfacet
  facet normal 0.9992290362407226 0.03925981575907627 -2.3398925702482147e-16
    outer loop
      vertex -12.788936611631987 -0.2815820370724156 10.277839013071247
      vertex -12.794451200719632 -0.1412263723101209 10.29445120071963
      vertex -12.8 0 17.2
    endloop
  endfacet
  facet normal 0.999229036240723 0.03925981575906485 2.1421376705182465e-20
    outer loop
      vertex -12.794451200719632 -0.1412263723101209 10.29445120071963
      vertex -12.8 0 10.3
      vertex -12.8 0 17.2
    endloop
  endfacet
  facet normal 0.9992290362407231 -0.03925981575906488 -5.6736116158409995e-16
    outer loop
      vertex -12.8 0 10.3
      vertex -12.794451200719632 0.1412263723101209 10.29445120071963
      vertex -12.760541871784039 1.0042764253164154 17.2
    endloop
  endfacet
  facet normal 0.9992290362407227 -0.039259815759076146 8.433418845753057e-16
    outer loop
      vertex -12.794451200719632 0.1412263723101209 10.29445120071963
      vertex -12.788936611631987 0.2815820370724156 10.277839013071247
      vertex -12.760541871784039 1.0042764253164154 17.2
    endloop
  endfacet
  facet normal 0.9992290362407232 -0.03925981575906241 -5.933916300682305e-16
    outer loop
      vertex -12.788936611631987 0.2815820370724156 10.277839013071247
      vertex -12.783490232012584 0.4202016549406297 10.250265856715817
      vertex -12.760541871784039 1.0042764253164154 17.2
    endloop
  endfacet
  facet normal 0.9992290362407228 -0.03925981575907485 4.537170674198855e-16
    outer loop
      vertex -12.783490232012584 0.4202016549406297 10.250265856715817
      vertex -12.778145640602876 0.5562305898749054 10.211901729331277
      vertex -12.760541871784039 1.0042764253164154 17.2
    endloop
  endfacet
  facet normal 0.9992290362407228 -0.039259815759068756 0
    outer loop
      vertex -12.8 0 10.3
      vertex -12.760541871784039 1.0042764253164154 17.2
      vertex -12.8 0 17.2
    endloop
  endfacet
  facet normal 0.9930684569549264 -0.11753739745783692 0
    outer loop
      vertex -12.760541871784039 1.0042764253164154 9.992136524591027
      vertex -12.642410759617764 2.0023611525149554 17.2
      vertex -12.760541871784039 1.0042764253164154 17.2
    endloop
  endfacet
  facet normal 0.9807852804032301 -0.1950903220161301 0
    outer loop
      vertex -12.642410759617764 2.0023611525149554 1.48
      vertex -12.44633498109026 2.9881006573555893 17.2
      vertex -12.642410759617764 2.0023611525149554 17.2
    endloop
  endfacet
  facet normal 0.9624552364536474 -0.271440449865074 0
    outer loop
      vertex -12.44633498109026 2.9881006573555893 1.48
      vertex -12.173523408577966 3.9554175279993267 17.2
      vertex -12.44633498109026 2.9881006573555893 17.2
    endloop
  endfacet
  facet normal 0.9381913359224846 -0.34611705707749174 0
    outer loop
      vertex -12.173523408577966 3.9554175279993267 1.48
      vertex -11.825658016144471 4.89834793427315 17.2
      vertex -12.173523408577966 3.9554175279993267 17.2
    endloop
  endfacet
  facet normal 0 0 -1
    outer loop
      vertex -12.760541871784039 -1.0042764253164154 17.2
      vertex -12.8 0 17.2
      vertex -12.760541871784039 1.0042764253164154 17.2
    endloop
  endfacet
  facet normal 0 0 -1
    outer loop
      vertex -12.642410759617764 -2.0023611525149554 17.2
      vertex -12.760541871784039 1.0042764253164154 17.2
      vertex -12.642410759617764 2.0023611525149554 17.2
    endloop
  endfacet
  facet normal 0 0 -1
    outer loop
      vertex -12.44633498109026 -2.9881006573555893 17.2
      vertex -12.642410759617764 2.0023611525149554 17.2
      vertex -12.44633498109026 2.9881006573555893 17.2
    endloop
  endfacet
  facet normal 0 0 -1
    outer loop
      vertex -12.173523408577966 -3.9554175279993267 17.2
      vertex -12.44633498109026 2.9881006573555893 17.2
      vertex -12.173523408577966 3.9554175279993267 17.2
    endloop
  endfacet
  facet normal 0 0 -1
    outer loop
      vertex -11.825658016144471 -4.89834793427315 17.2
      vertex -12.173523408577966 3.9554175279993267 17.2
      vertex -11.825658016144471 4.89834793427315 17.2
    endloop
  endfacet
  facet normal 0 0 -1
    outer loop
      vertex -11.40488350961111 -5.8110783966662 17.2
      vertex -11.825658016144471 4.89834793427315 17.2
      vertex -11.40488350961111 5.8110783966662 17.2
    endloop
  endfacet
  facet normal 0 0 -1
    outer loop
      vertex -10.913794103732382 -6.687981628364145 17.2
      vertex -11.40488350961111 5.8110783966662 17.2
      vertex -10.913794103732382 6.687981628364145 17.2
    endloop
  endfacet
  facet normal 0.9081431738250817 -0.4186597375374272 0
    outer loop
      vertex -11.825658016144471 4.89834793427315 1.48
      vertex -11.40488350961111 5.8110783966662 17.2
      vertex -11.825658016144471 4.89834793427315 17.2
    endloop
  endfacet
  facet normal 0.8724960070727967 -0.4886212414969555 0
    outer loop
      vertex -11.40488350961111 5.8110783966662 1.48
      vertex -10.913794103732382 6.687981628364145 17.2
      vertex -11.40488350961111 5.8110783966662 17.2
    endloop
  endfacet
  facet normal 0.8314696123025453 -0.555570233019602 6.897936161219904e-19
    outer loop
      vertex -10.913794103732382 6.687981628364145 1.48
      vertex -10.355417527999329 7.523651229343656 1.48
      vertex -10.355417527999329 7.523651229343656 17.2
    endloop
  endfacet
  facet normal 0.7853169308807448 -0.6190939493098342 1.2014312876339528e-18
    outer loop
      vertex -10.355417527999329 7.523651229343656 1.48
      vertex -9.733196359680397 8.312935018626352 1.48
      vertex -9.733196359680397 8.312935018626352 17.2
    endloop
  endfacet
  facet normal 0.7343225094356863 -0.6788007455329408 3.281417948802275e-18
    outer loop
      vertex -9.733196359680397 8.312935018626352 1.48
      vertex -9.05096679918781 9.05096679918781 1.48
      vertex -9.05096679918781 9.05096679918781 17.2
    endloop
  endfacet
  facet normal 0.6788007455329408 -0.7343225094356863 3.281417948802275e-18
    outer loop
      vertex -9.05096679918781 9.05096679918781 1.48
      vertex -8.312935018626352 9.733196359680397 1.48
      vertex -8.312935018626352 9.733196359680397 17.2
    endloop
  endfacet
  facet normal 0.6190939493098342 -0.7853169308807448 1.2014312876339528e-18
    outer loop
      vertex -8.312935018626352 9.733196359680397 1.48
      vertex -7.523651229343656 10.355417527999329 1.48
      vertex -7.523651229343656 10.355417527999329 17.2
    endloop
  endfacet
  facet normal 0 0 -1
    outer loop
      vertex -10.355417527999329 -7.523651229343656 17.2
      vertex -10.913794103732382 6.687981628364145 17.2
      vertex -10.355417527999329 7.523651229343656 17.2
    endloop
  endfacet
  facet normal 0 0 -1
    outer loop
      vertex -9.733196359680397 -8.312935018626352 17.2
      vertex -10.355417527999329 7.523651229343656 17.2
      vertex -9.733196359680397 8.312935018626352 17.2
    endloop
  endfacet
  facet normal 0 0 -1
    outer loop
      vertex -9.05096679918781 -9.05096679918781 17.2
      vertex -9.733196359680397 8.312935018626352 17.2
      vertex -9.05096679918781 9.05096679918781 17.2
    endloop
  endfacet
  facet normal 0 0 -1
    outer loop
      vertex -9 -7 17.2
      vertex -9.05096679918781 9.05096679918781 17.2
      vertex -9 7 17.2
    endloop
  endfacet
  facet normal 0.8314696123025453 -0.555570233019602 0
    outer loop
      vertex -10.913794103732382 6.687981628364145 1.48
      vertex -10.355417527999329 7.523651229343656 17.2
      vertex -10.913794103732382 6.687981628364145 17.2
    endloop
  endfacet
  facet normal 0.7853169308807448 -0.6190939493098342 0
    outer loop
      vertex -10.355417527999329 7.523651229343656 1.48
      vertex -9.733196359680397 8.312935018626352 17.2
      vertex -10.355417527999329 7.523651229343656 17.2
    endloop
  endfacet
  facet normal 0.7343225094356863 -0.6788007455329408 0
    outer loop
      vertex -9.733196359680397 8.312935018626352 1.48
      vertex -9.05096679918781 9.05096679918781 17.2
      vertex -9.733196359680397 8.312935018626352 17.2
    endloop
  endfacet
  facet normal 0.6788007455329408 -0.7343225094356863 0
    outer loop
      vertex -9.05096679918781 9.05096679918781 1.48
      vertex -8.312935018626352 9.733196359680397 17.2
      vertex -9.05096679918781 9.05096679918781 17.2
    endloop
  endfacet
  facet normal 0.6190939493098342 -0.7853169308807448 0
    outer loop
      vertex -8.312935018626352 9.733196359680397 1.48
      vertex -7.523651229343656 10.355417527999329 17.2
      vertex -8.312935018626352 9.733196359680397 17.2
    endloop
  endfacet
  facet normal 0 0 -1
    outer loop
      vertex -9 7 17.2
      vertex -9.05096679918781 9.05096679918781 17.2
      vertex -8.996917333733128 7.078459095727845 17.2
    endloop
  endfacet
  facet normal 0 0 -1
    outer loop
      vertex -8.996917333733128 7.078459095727845 17.2
      vertex -9.05096679918781 9.05096679918781 17.2
      vertex -8.987688340595138 7.156434465040231 17.2
    endloop
  endfacet
  facet normal 0 0 -1
    outer loop
      vertex -8.987688340595138 7.156434465040231 17.2
      vertex -9.05096679918781 9.05096679918781 17.2
      vertex -8.972369920397677 7.233445363855905 17.2
    endloop
  endfacet
  facet normal 0 0 -1
    outer loop
      vertex -8.972369920397677 7.233445363855905 17.2
      vertex -9.05096679918781 9.05096679918781 17.2
      vertex -8.951056516295154 7.3090169943749475 17.2
    endloop
  endfacet
  facet normal 0 0 -1
    outer loop
      vertex -8.951056516295154 7.3090169943749475 17.2
      vertex -9.05096679918781 9.05096679918781 17.2
      vertex -8.923879532511286 7.38268343236509 17.2
    endloop
  endfacet
  facet normal 0 0 -1
    outer loop
      vertex -8.923879532511286 7.38268343236509 17.2
      vertex -9.05096679918781 9.05096679918781 17.2
      vertex -8.891006524188368 7.453990499739547 17.2
    endloop
  endfacet
  facet normal 0 0 -1
    outer loop
      vertex -8.891006524188368 7.453990499739547 17.2
      vertex -9.05096679918781 9.05096679918781 17.2
      vertex -8.852640164354092 7.522498564715949 17.2
    endloop
  endfacet
  facet normal 0 0 -1
    outer loop
      vertex -8.852640164354092 7.522498564715949 17.2
      vertex -9.05096679918781 9.05096679918781 17.2
      vertex -8.809016994374947 7.587785252292473 17.2
    endloop
  endfacet
  facet normal 0 0 -1
    outer loop
      vertex -8.809016994374947 7.587785252292473 17.2
      vertex -9.05096679918781 9.05096679918781 17.2
      vertex -8.76040596560003 7.649448048330184 17.2
    endloop
  endfacet
  facet normal 0 0 -1
    outer loop
      vertex -8.76040596560003 7.649448048330184 17.2
      vertex -9.05096679918781 9.05096679918781 17.2
      vertex -8.707106781186548 7.707106781186548 17.2
    endloop
  endfacet
  facet normal 0 0 -1
    outer loop
      vertex -8.707106781186548 7.707106781186548 17.2
      vertex -9.05096679918781 9.05096679918781 17.2
      vertex -8.649448048330184 7.760405965600031 17.2
    endloop
  endfacet
  facet normal 0 0 -1
    outer loop
      vertex -8.649448048330184 7.760405965600031 17.2
      vertex -9.05096679918781 9.05096679918781 17.2
      vertex -8.587785252292473 7.8090169943749475 17.2
    endloop
  endfacet
  facet normal 0 0 -1
    outer loop
      vertex -8.587785252292473 7.8090169943749475 17.2
      vertex -9.05096679918781 9.05096679918781 17.2
      vertex -8.52249856471595 7.852640164354092 17.2
    endloop
  endfacet
  facet normal 0 0 -1
    outer loop
      vertex -8.52249856471595 7.852640164354092 17.2
      vertex -9.05096679918781 9.05096679918781 17.2
      vertex -8.453990499739547 7.891006524188368 17.2
    endloop
  endfacet
  facet normal 0 0 -1
    outer loop
      vertex -8.453990499739547 7.891006524188368 17.2
      vertex -9.05096679918781 9.05096679918781 17.2
      vertex -8.38268343236509 7.923879532511287 17.2
    endloop
  endfacet
  facet normal 0 0 -1
    outer loop
      vertex -9.05096679918781 9.05096679918781 17.2
      vertex -8.309016994374947 7.951056516295154 17.2
      vertex -8.38268343236509 7.923879532511287 17.2
    endloop
  endfacet
  facet normal 0 0 -1
    outer loop
      vertex -8.309016994374947 7.951056516295154 17.2
      vertex -8.312935018626352 9.733196359680397 17.2
      vertex -8.233445363855905 7.972369920397677 17.2
    endloop
  endfacet
  facet normal 0 0 -1
    outer loop
      vertex -8.233445363855905 7.972369920397677 17.2
      vertex -8.312935018626352 9.733196359680397 17.2
      vertex -8.156434465040231 7.987688340595138 17.2
    endloop
  endfacet
  facet normal 0 0 -1
    outer loop
      vertex -8.156434465040231 7.987688340595138 17.2
      vertex -8.312935018626352 9.733196359680397 17.2
      vertex -8.078459095727846 7.996917333733128 17.2
    endloop
  endfacet
  facet normal 0 0 -1
    outer loop
      vertex -9.05096679918781 9.05096679918781 17.2
      vertex -8.312935018626352 9.733196359680397 17.2
      vertex -8.309016994374947 7.951056516295154 17.2
    endloop
  endfacet
  facet normal 0 0 -1
    outer loop
      vertex -8.078459095727846 7.996917333733128 17.2
      vertex -8.312935018626352 9.733196359680397 17.2
      vertex -8 8 17.2
    endloop
  endfacet
  facet normal 0 0 -1
    outer loop
      vertex -8 8 17.2
      vertex -8.312935018626352 9.733196359680397 17.2
      vertex 8 8 17.2
    endloop
  endfacet
  facet normal 0 0 -1
    outer loop
      vertex -8.312935018626352 9.733196359680397 17.2
      vertex -7.523651229343656 10.355417527999329 17.2
      vertex 8 8 17.2
    endloop
  endfacet
  facet normal 0 0 -1
    outer loop
      vertex -7.523651229343656 10.355417527999329 17.2
      vertex -6.687981628364145 10.913794103732382 17.2
      vertex 8 8 17.2
    endloop
  endfacet
  facet normal 0 0 -1
    outer loop
      vertex -6.687981628364145 10.913794103732382 17.2
      vertex -5.8110783966662 11.40488350961111 17.2
      vertex 8 8 17.2
    endloop
  endfacet
  facet normal 0.555570233019602 -0.8314696123025453 6.897936161219904e-19
    outer loop
      vertex -7.523651229343656 10.355417527999329 1.48
      vertex -6.687981628364145 10.913794103732382 1.48
      vertex -6.687981628364145 10.913794103732382 17.2
    endloop
  endfacet
  facet normal 0.4886212414969555 -0.8724960070727967 -1.3425500170791371e-18
    outer loop
      vertex -6.687981628364145 10.913794103732382 1.48
      vertex -5.8110783966662 11.40488350961111 1.48
      vertex -5.8110783966662 11.40488350961111 17.2
    endloop
  endfacet
  facet normal 0.4186597375374272 -0.9081431738250817 -1.2592495964826758e-18
    outer loop
      vertex -5.8110783966662 11.40488350961111 1.48
      vertex -4.89834793427315 11.825658016144471 1.48
      vertex -4.89834793427315 11.825658016144471 17.2
    endloop
  endfacet
  facet normal 0.34611705707749174 -0.9381913359224846 9.96721337248237e-19
    outer loop
      vertex -4.89834793427315 11.825658016144471 1.48
      vertex -3.9554175279993267 12.173523408577966 1.48
      vertex -3.9554175279993267 12.173523408577966 17.2
    endloop
  endfacet
  facet normal 0.271440449865074 -0.9624552364536474 4.437561472890992e-19
    outer loop
      vertex -3.9554175279993267 12.173523408577966 1.48
      vertex -2.9881006573555893 12.44633498109026 1.48
      vertex -2.9881006573555893 12.44633498109026 17.2
    endloop
  endfacet
  facet normal 0.1950903220161301 -0.9807852804032301 1.0950647549762134e-19
    outer loop
      vertex -2.9881006573555893 12.44633498109026 1.48
      vertex -2.0023611525149554 12.642410759617764 1.48
      vertex -2.0023611525149554 12.642410759617764 17.2
    endloop
  endfacet
  facet normal 0.11753739745783691 -0.9930684569549263 -3.9447161156794137e-19
    outer loop
      vertex -2.0023611525149554 12.642410759617764 1.48
      vertex -1.0042764253164154 12.760541871784039 1.48
      vertex -1.0042764253164154 12.760541871784039 17.2
    endloop
  endfacet
  facet normal 0.03925981575906876 -0.9992290362407228 1.6759481983948454e-19
    outer loop
      vertex -1.0042764253164154 12.760541871784039 1.48
      vertex 0 12.8 1.48
      vertex 0 12.8 17.2
    endloop
  endfacet
  facet normal 0.555570233019602 -0.8314696123025453 0
    outer loop
      vertex -7.523651229343656 10.355417527999329 1.48
      vertex -6.687981628364145 10.913794103732382 17.2
      vertex -7.523651229343656 10.355417527999329 17.2
    endloop
  endfacet
  facet normal 0.4886212414969555 -0.8724960070727967 0
    outer loop
      vertex -6.687981628364145 10.913794103732382 1.48
      vertex -5.8110783966662 11.40488350961111 17.2
      vertex -6.687981628364145 10.913794103732382 17.2
    endloop
  endfacet
  facet normal 0.4186597375374272 -0.9081431738250817 0
    outer loop
      vertex -5.8110783966662 11.40488350961111 1.48
      vertex -4.89834793427315 11.825658016144471 17.2
      vertex -5.8110783966662 11.40488350961111 17.2
    endloop
  endfacet
  facet normal 0.34611705707749174 -0.9381913359224846 0
    outer loop
      vertex -4.89834793427315 11.825658016144471 1.48
      vertex -3.9554175279993267 12.173523408577966 17.2
      vertex -4.89834793427315 11.825658016144471 17.2
    endloop
  endfacet
  facet normal 0.271440449865074 -0.9624552364536474 0
    outer loop
      vertex -3.9554175279993267 12.173523408577966 1.48
      vertex -2.9881006573555893 12.44633498109026 17.2
      vertex -3.9554175279993267 12.173523408577966 17.2
    endloop
  endfacet
  facet normal 0.1950903220161301 -0.9807852804032301 0
    outer loop
      vertex -2.9881006573555893 12.44633498109026 1.48
      vertex -2.0023611525149554 12.642410759617764 17.2
      vertex -2.9881006573555893 12.44633498109026 17.2
    endloop
  endfacet
  facet normal 0.11753739745783691 -0.9930684569549263 0
    outer loop
      vertex -2.0023611525149554 12.642410759617764 1.48
      vertex -1.0042764253164154 12.760541871784039 17.2
      vertex -2.0023611525149554 12.642410759617764 17.2
    endloop
  endfacet
  facet normal 0.03925981575906876 -0.9992290362407228 0
    outer loop
      vertex -1.0042764253164154 12.760541871784039 1.48
      vertex 0 12.8 17.2
      vertex -1.0042764253164154 12.760541871784039 17.2
    endloop
  endfacet
  facet normal 0 0 -1
    outer loop
      vertex -5.8110783966662 11.40488350961111 17.2
      vertex -4.89834793427315 11.825658016144471 17.2
      vertex 8 8 17.2
    endloop
  endfacet
  facet normal 0 0 -1
    outer loop
      vertex -4.89834793427315 11.825658016144471 17.2
      vertex -3.9554175279993267 12.173523408577966 17.2
      vertex 8 8 17.2
    endloop
  endfacet
  facet normal -0.03925981575906876 0.9992290362407228 0
    outer loop
      vertex 0 -12.8 1.48
      vertex 0 -12.8 17.2
      vertex 1.0042764253164154 -12.760541871784039 1.48
    endloop
  endfacet
  facet normal -0.11753739745783691 0.9930684569549263 0
    outer loop
      vertex 1.0042764253164154 -12.760541871784039 1.48
      vertex 1.0042764253164154 -12.760541871784039 17.2
      vertex 2.0023611525149554 -12.642410759617764 1.48
    endloop
  endfacet
  facet normal -0.1950903220161301 0.9807852804032301 0
    outer loop
      vertex 2.0023611525149554 -12.642410759617764 1.48
      vertex 2.0023611525149554 -12.642410759617764 17.2
      vertex 2.9881006573555893 -12.44633498109026 1.48
    endloop
  endfacet
  facet normal -0.271440449865074 0.9624552364536474 0
    outer loop
      vertex 2.9881006573555893 -12.44633498109026 1.48
      vertex 2.9881006573555893 -12.44633498109026 17.2
      vertex 3.9554175279993267 -12.173523408577966 1.48
    endloop
  endfacet
  facet normal -0.34611705707749174 0.9381913359224846 0
    outer loop
      vertex 3.9554175279993267 -12.173523408577966 1.48
      vertex 3.9554175279993267 -12.173523408577966 17.2
      vertex 4.89834793427315 -11.825658016144471 1.48
    endloop
  endfacet
  facet normal -0.4186597375374272 0.9081431738250817 0
    outer loop
      vertex 4.89834793427315 -11.825658016144471 1.48
      vertex 4.89834793427315 -11.825658016144471 17.2
      vertex 5.8110783966662 -11.40488350961111 1.48
    endloop
  endfacet
  facet normal -0.4886212414969555 0.8724960070727967 0
    outer loop
      vertex 5.8110783966662 -11.40488350961111 1.48
      vertex 5.8110783966662 -11.40488350961111 17.2
      vertex 6.687981628364145 -10.913794103732382 1.48
    endloop
  endfacet
  facet normal -0.03925981575906876 0.9992290362407228 0
    outer loop
      vertex 1.0042764253164154 -12.760541871784039 1.48
      vertex 0 -12.8 17.2
      vertex 1.0042764253164154 -12.760541871784039 17.2
    endloop
  endfacet
  facet normal -0.11753739745783691 0.9930684569549263 0
    outer loop
      vertex 2.0023611525149554 -12.642410759617764 1.48
      vertex 1.0042764253164154 -12.760541871784039 17.2
      vertex 2.0023611525149554 -12.642410759617764 17.2
    endloop
  endfacet
  facet normal -0.1950903220161301 0.9807852804032301 0
    outer loop
      vertex 2.9881006573555893 -12.44633498109026 1.48
      vertex 2.0023611525149554 -12.642410759617764 17.2
      vertex 2.9881006573555893 -12.44633498109026 17.2
    endloop
  endfacet
  facet normal -0.271440449865074 0.9624552364536474 0
    outer loop
      vertex 3.9554175279993267 -12.173523408577966 1.48
      vertex 2.9881006573555893 -12.44633498109026 17.2
      vertex 3.9554175279993267 -12.173523408577966 17.2
    endloop
  endfacet
  facet normal -0.34611705707749174 0.9381913359224846 0
    outer loop
      vertex 4.89834793427315 -11.825658016144471 1.48
      vertex 3.9554175279993267 -12.173523408577966 17.2
      vertex 4.89834793427315 -11.825658016144471 17.2
    endloop
  endfacet
  facet normal -0.4186597375374272 0.9081431738250817 0
    outer loop
      vertex 5.8110783966662 -11.40488350961111 1.48
      vertex 4.89834793427315 -11.825658016144471 17.2
      vertex 5.8110783966662 -11.40488350961111 17.2
    endloop
  endfacet
  facet normal -0.555570233019602 0.8314696123025453 0
    outer loop
      vertex 6.687981628364145 -10.913794103732382 1.48
      vertex 6.687981628364145 -10.913794103732382 17.2
      vertex 7.523651229343656 -10.355417527999329 1.48
    endloop
  endfacet
  facet normal -0.6190939493098342 0.7853169308807448 0
    outer loop
      vertex 7.523651229343656 -10.355417527999329 1.48
      vertex 7.523651229343656 -10.355417527999329 17.2
      vertex 8.312935018626352 -9.733196359680397 1.48
    endloop
  endfacet
  facet normal -0.6788007455329408 0.7343225094356863 0
    outer loop
      vertex 8.312935018626352 -9.733196359680397 1.48
      vertex 8.312935018626352 -9.733196359680397 17.2
      vertex 9.05096679918781 -9.05096679918781 1.48
    endloop
  endfacet
  facet normal -0.7343225094356863 0.6788007455329408 0
    outer loop
      vertex 9.05096679918781 -9.05096679918781 1.48
      vertex 9.05096679918781 -9.05096679918781 17.2
      vertex 9.733196359680397 -8.312935018626352 1.48
    endloop
  endfacet
  facet normal -0.7853169308807448 0.6190939493098342 0
    outer loop
      vertex 9.733196359680397 -8.312935018626352 1.48
      vertex 9.733196359680397 -8.312935018626352 17.2
      vertex 10.355417527999329 -7.523651229343656 1.48
    endloop
  endfacet
  facet normal -0.8314696123025453 0.555570233019602 0
    outer loop
      vertex 10.355417527999329 -7.523651229343656 1.48
      vertex 10.355417527999329 -7.523651229343656 17.2
      vertex 10.913794103732382 -6.687981628364145 1.48
    endloop
  endfacet
  facet normal 0 0 -1
    outer loop
      vertex -8 -8 17.2
      vertex 4.89834793427315 -11.825658016144471 17.2
      vertex 3.9554175279993267 -12.173523408577966 17.2
    endloop
  endfacet
  facet normal 0 0 -1
    outer loop
      vertex -8 -8 17.2
      vertex 5.8110783966662 -11.40488350961111 17.2
      vertex 4.89834793427315 -11.825658016144471 17.2
    endloop
  endfacet
  facet normal 0 0 -1
    outer loop
      vertex -8 -8 17.2
      vertex 6.687981628364145 -10.913794103732382 17.2
      vertex 5.8110783966662 -11.40488350961111 17.2
    endloop
  endfacet
  facet normal 0 0 -1
    outer loop
      vertex -8 -8 17.2
      vertex 7.523651229343656 -10.355417527999329 17.2
      vertex 6.687981628364145 -10.913794103732382 17.2
    endloop
  endfacet
  facet normal 0 0 -1
    outer loop
      vertex -8 -8 17.2
      vertex 8.312935018626352 -9.733196359680397 17.2
      vertex 7.523651229343656 -10.355417527999329 17.2
    endloop
  endfacet
  facet normal 0 0 -1
    outer loop
      vertex -8 -8 17.2
      vertex 8 -8 17.2
      vertex 8.312935018626352 -9.733196359680397 17.2
    endloop
  endfacet
  facet normal -0.4886212414969555 0.8724960070727967 0
    outer loop
      vertex 6.687981628364145 -10.913794103732382 1.48
      vertex 5.8110783966662 -11.40488350961111 17.2
      vertex 6.687981628364145 -10.913794103732382 17.2
    endloop
  endfacet
  facet normal -0.555570233019602 0.8314696123025453 0
    outer loop
      vertex 7.523651229343656 -10.355417527999329 1.48
      vertex 6.687981628364145 -10.913794103732382 17.2
      vertex 7.523651229343656 -10.355417527999329 17.2
    endloop
  endfacet
  facet normal -0.6190939493098342 0.7853169308807448 1.2014312876339528e-18
    outer loop
      vertex 7.523651229343656 -10.355417527999329 17.2
      vertex 8.312935018626352 -9.733196359680397 17.2
      vertex 8.312935018626352 -9.733196359680397 1.48
    endloop
  endfacet
  facet normal -0.6788007455329408 0.7343225094356863 0
    outer loop
      vertex 9.05096679918781 -9.05096679918781 1.48
      vertex 8.312935018626352 -9.733196359680397 17.2
      vertex 9.05096679918781 -9.05096679918781 17.2
    endloop
  endfacet
  facet normal -0.7343225094356863 0.6788007455329408 0
    outer loop
      vertex 9.733196359680397 -8.312935018626352 1.48
      vertex 9.05096679918781 -9.05096679918781 17.2
      vertex 9.733196359680397 -8.312935018626352 17.2
    endloop
  endfacet
  facet normal -0.7853169308807448 0.6190939493098342 0
    outer loop
      vertex 10.355417527999329 -7.523651229343656 1.48
      vertex 9.733196359680397 -8.312935018626352 17.2
      vertex 10.355417527999329 -7.523651229343656 17.2
    endloop
  endfacet
  facet normal -0.8314696123025453 0.555570233019602 0
    outer loop
      vertex 10.913794103732382 -6.687981628364145 1.48
      vertex 10.355417527999329 -7.523651229343656 17.2
      vertex 10.913794103732382 -6.687981628364145 17.2
    endloop
  endfacet
  facet normal 0 0 -1
    outer loop
      vertex 8.312935018626352 -9.733196359680397 17.2
      vertex 8 -8 17.2
      vertex 8.078459095727846 -7.996917333733128 17.2
    endloop
  endfacet
  facet normal 0 0 -1
    outer loop
      vertex 8.312935018626352 -9.733196359680397 17.2
      vertex 8.078459095727846 -7.996917333733128 17.2
      vertex 8.156434465040231 -7.987688340595138 17.2
    endloop
  endfacet
  facet normal 0 0 -1
    outer loop
      vertex 8.312935018626352 -9.733196359680397 17.2
      vertex 8.156434465040231 -7.987688340595138 17.2
      vertex 8.233445363855905 -7.972369920397677 17.2
    endloop
  endfacet
  facet normal 0 0 -1
    outer loop
      vertex 8.312935018626352 -9.733196359680397 17.2
      vertex 8.233445363855905 -7.972369920397677 17.2
      vertex 8.309016994374947 -7.951056516295154 17.2
    endloop
  endfacet
  facet normal 0 0 -1
    outer loop
      vertex 8.312935018626352 -9.733196359680397 17.2
      vertex 8.309016994374947 -7.951056516295154 17.2
      vertex 9.05096679918781 -9.05096679918781 17.2
    endloop
  endfacet
  facet normal 0 0 -1
    outer loop
      vertex 9.05096679918781 -9.05096679918781 17.2
      vertex 8.309016994374947 -7.951056516295154 17.2
      vertex 8.38268343236509 -7.923879532511287 17.2
    endloop
  endfacet
  facet normal 0 0 -1
    outer loop
      vertex 9.05096679918781 -9.05096679918781 17.2
      vertex 8.38268343236509 -7.923879532511287 17.2
      vertex 8.453990499739547 -7.891006524188368 17.2
    endloop
  endfacet
  facet normal 0 0 -1
    outer loop
      vertex 9.05096679918781 -9.05096679918781 17.2
      vertex 8.453990499739547 -7.891006524188368 17.2
      vertex 8.52249856471595 -7.852640164354092 17.2
    endloop
  endfacet
  facet normal 0 0 -1
    outer loop
      vertex 9.05096679918781 -9.05096679918781 17.2
      vertex 8.52249856471595 -7.852640164354092 17.2
      vertex 8.587785252292473 -7.8090169943749475 17.2
    endloop
  endfacet
  facet normal 0 0 -1
    outer loop
      vertex 9.05096679918781 -9.05096679918781 17.2
      vertex 8.587785252292473 -7.8090169943749475 17.2
      vertex 8.649448048330184 -7.760405965600031 17.2
    endloop
  endfacet
  facet normal 0 0 -1
    outer loop
      vertex 9.05096679918781 -9.05096679918781 17.2
      vertex 8.649448048330184 -7.760405965600031 17.2
      vertex 8.707106781186548 -7.707106781186548 17.2
    endloop
  endfacet
  facet normal 0 0 -1
    outer loop
      vertex 9.05096679918781 -9.05096679918781 17.2
      vertex 8.707106781186548 -7.707106781186548 17.2
      vertex 8.76040596560003 -7.649448048330184 17.2
    endloop
  endfacet
  facet normal 0 0 -1
    outer loop
      vertex 9.05096679918781 -9.05096679918781 17.2
      vertex 8.76040596560003 -7.649448048330184 17.2
      vertex 8.809016994374947 -7.587785252292473 17.2
    endloop
  endfacet
  facet normal 0 0 -1
    outer loop
      vertex 9.05096679918781 -9.05096679918781 17.2
      vertex 8.809016994374947 -7.587785252292473 17.2
      vertex 8.852640164354092 -7.522498564715949 17.2
    endloop
  endfacet
  facet normal 0 0 -1
    outer loop
      vertex 9.05096679918781 -9.05096679918781 17.2
      vertex 8.852640164354092 -7.522498564715949 17.2
      vertex 8.891006524188368 -7.453990499739547 17.2
    endloop
  endfacet
  facet normal 0 0 -1
    outer loop
      vertex 9.05096679918781 -9.05096679918781 17.2
      vertex 8.891006524188368 -7.453990499739547 17.2
      vertex 8.923879532511286 -7.38268343236509 17.2
    endloop
  endfacet
  facet normal 0 0 -1
    outer loop
      vertex 9.05096679918781 -9.05096679918781 17.2
      vertex 8.923879532511286 -7.38268343236509 17.2
      vertex 8.951056516295154 -7.3090169943749475 17.2
    endloop
  endfacet
  facet normal 0 0 -1
    outer loop
      vertex 9.05096679918781 -9.05096679918781 17.2
      vertex 8.951056516295154 -7.3090169943749475 17.2
      vertex 8.972369920397677 -7.233445363855905 17.2
    endloop
  endfacet
  facet normal 0 0 -1
    outer loop
      vertex 9.05096679918781 -9.05096679918781 17.2
      vertex 8.972369920397677 -7.233445363855905 17.2
      vertex 8.987688340595138 -7.156434465040231 17.2
    endloop
  endfacet
  facet normal 0 0 -1
    outer loop
      vertex 9.05096679918781 -9.05096679918781 17.2
      vertex 8.987688340595138 -7.156434465040231 17.2
      vertex 8.996917333733128 -7.078459095727845 17.2
    endloop
  endfacet
  facet normal 0 0 -1
    outer loop
      vertex 9.05096679918781 -9.05096679918781 17.2
      vertex 8.996917333733128 -7.078459095727845 17.2
      vertex 9 -7 17.2
    endloop
  endfacet
  facet normal 0 0 -1
    outer loop
      vertex 9.05096679918781 -9.05096679918781 17.2
      vertex 9 -7 17.2
      vertex 9 7 17.2
    endloop
  endfacet
  facet normal 0 0 -1
    outer loop
      vertex 9.05096679918781 -9.05096679918781 17.2
      vertex 9.05096679918781 9.05096679918781 17.2
      vertex 9.733196359680397 -8.312935018626352 17.2
    endloop
  endfacet
  facet normal 0 0 -1
    outer loop
      vertex 9.733196359680397 -8.312935018626352 17.2
      vertex 9.733196359680397 8.312935018626352 17.2
      vertex 10.355417527999329 -7.523651229343656 17.2
    endloop
  endfacet
  facet normal 0 0 -1
    outer loop
      vertex 10.355417527999329 -7.523651229343656 17.2
      vertex 10.355417527999329 7.523651229343656 17.2
      vertex 10.913794103732382 -6.687981628364145 17.2
    endloop
  endfacet
  facet normal -0.8724960070727967 0.4886212414969555 0
    outer loop
      vertex 10.913794103732382 -6.687981628364145 1.48
      vertex 10.913794103732382 -6.687981628364145 17.2
      vertex 11.40488350961111 -5.8110783966662 1.48
    endloop
  endfacet
  facet normal -0.9081431738250817 0.4186597375374272 0
    outer loop
      vertex 11.40488350961111 -5.8110783966662 1.48
      vertex 11.40488350961111 -5.8110783966662 17.2
      vertex 11.825658016144471 -4.89834793427315 1.48
    endloop
  endfacet
  facet normal -0.9381913359224846 0.34611705707749174 0
    outer loop
      vertex 11.825658016144471 -4.89834793427315 1.48
      vertex 11.825658016144471 -4.89834793427315 17.2
      vertex 12.173523408577966 -3.9554175279993267 1.48
    endloop
  endfacet
  facet normal -0.9624552364536474 0.271440449865074 0
    outer loop
      vertex 12.173523408577966 -3.9554175279993267 1.48
      vertex 12.173523408577966 -3.9554175279993267 17.2
      vertex 12.44633498109026 -2.9881006573555893 1.48
    endloop
  endfacet
  facet normal -0.9807852804032301 0.1950903220161301 0
    outer loop
      vertex 12.44633498109026 -2.9881006573555893 1.48
      vertex 12.44633498109026 -2.9881006573555893 17.2
      vertex 12.642410759617764 -2.0023611525149554 1.48
    endloop
  endfacet
  facet normal -0.9930684569549263 0.11753739745783691 0
    outer loop
      vertex 12.642410759617764 -2.0023611525149554 1.48
      vertex 12.642410759617764 -2.0023611525149554 17.2
      vertex 12.760541871784039 -1.0042764253164154 1.48
    endloop
  endfacet
  facet normal -0.9992290362407228 0.03925981575906876 0
    outer loop
      vertex 12.760541871784039 -1.0042764253164154 1.48
      vertex 12.760541871784039 -1.0042764253164154 17.2
      vertex 12.8 0 1.48
    endloop
  endfacet
  facet normal -0.8724960070727967 0.4886212414969555 -1.3425500170791371e-18
    outer loop
      vertex 10.913794103732382 -6.687981628364145 17.2
      vertex 11.40488350961111 -5.8110783966662 17.2
      vertex 11.40488350961111 -5.8110783966662 1.48
    endloop
  endfacet
  facet normal -0.9081431738250817 0.4186597375374272 0
    outer loop
      vertex 11.825658016144471 -4.89834793427315 1.48
      vertex 11.40488350961111 -5.8110783966662 17.2
      vertex 11.825658016144471 -4.89834793427315 17.2
    endloop
  endfacet
  facet normal -0.9381913359224846 0.34611705707749174 0
    outer loop
      vertex 12.173523408577966 -3.9554175279993267 1.48
      vertex 11.825658016144471 -4.89834793427315 17.2
      vertex 12.173523408577966 -3.9554175279993267 17.2
    endloop
  endfacet
  facet normal -0.9624552364536474 0.271440449865074 0
    outer loop
      vertex 12.44633498109026 -2.9881006573555893 1.48
      vertex 12.173523408577966 -3.9554175279993267 17.2
      vertex 12.44633498109026 -2.9881006573555893 17.2
    endloop
  endfacet
  facet normal -0.9807852804032301 0.1950903220161301 0
    outer loop
      vertex 12.642410759617764 -2.0023611525149554 1.48
      vertex 12.44633498109026 -2.9881006573555893 17.2
      vertex 12.642410759617764 -2.0023611525149554 17.2
    endloop
  endfacet
  facet normal -0.9930684569549263 0.11753739745783691 0
    outer loop
      vertex 12.760541871784039 -1.0042764253164154 1.48
      vertex 12.642410759617764 -2.0023611525149554 17.2
      vertex 12.760541871784039 -1.0042764253164154 17.2
    endloop
  endfacet
  facet normal 0 0 -1
    outer loop
      vertex 10.913794103732382 -6.687981628364145 17.2
      vertex 10.913794103732382 6.687981628364145 17.2
      vertex 11.40488350961111 -5.8110783966662 17.2
    endloop
  endfacet
  facet normal 0 0 -1
    outer loop
      vertex 11.40488350961111 -5.8110783966662 17.2
      vertex 11.40488350961111 5.8110783966662 17.2
      vertex 11.825658016144471 -4.89834793427315 17.2
    endloop
  endfacet
  facet normal 0 0 -1
    outer loop
      vertex 11.825658016144471 -4.89834793427315 17.2
      vertex 11.825658016144471 4.89834793427315 17.2
      vertex 12.173523408577966 -3.9554175279993267 17.2
    endloop
  endfacet
  facet normal 0 0 -1
    outer loop
      vertex 12.173523408577966 -3.9554175279993267 17.2
      vertex 12.173523408577966 3.9554175279993267 17.2
      vertex 12.44633498109026 -2.9881006573555893 17.2
    endloop
  endfacet
  facet normal 0 0 -1
    outer loop
      vertex 12.44633498109026 -2.9881006573555893 17.2
      vertex 12.44633498109026 2.9881006573555893 17.2
      vertex 12.642410759617764 -2.0023611525149554 17.2
    endloop
  endfacet
  facet normal -0.6190939493098342 -0.7853169308807448 -1.2014312876339528e-18
    outer loop
      vertex 7.523651229343656 10.355417527999329 1.48
      vertex 8.312935018626352 9.733196359680397 1.48
      vertex 8.312935018626352 9.733196359680397 17.2
    endloop
  endfacet
  facet normal -0.8314696123025453 -0.555570233019602 0
    outer loop
      vertex 10.913794103732382 6.687981628364145 1.48
      vertex 10.913794103732382 6.687981628364145 17.2
      vertex 10.355417527999329 7.523651229343656 1.48
    endloop
  endfacet
  facet normal -0.7343225094356863 -0.6788007455329408 0
    outer loop
      vertex 9.733196359680397 8.312935018626352 1.48
      vertex 9.733196359680397 8.312935018626352 17.2
      vertex 9.05096679918781 9.05096679918781 1.48
    endloop
  endfacet
  facet normal -0.6788007455329408 -0.7343225094356863 0
    outer loop
      vertex 9.05096679918781 9.05096679918781 1.48
      vertex 9.05096679918781 9.05096679918781 17.2
      vertex 8.312935018626352 9.733196359680397 1.48
    endloop
  endfacet
  facet normal -0.7853169308807448 -0.6190939493098342 -1.2014312876339528e-18
    outer loop
      vertex 9.733196359680397 8.312935018626352 1.48
      vertex 10.355417527999329 7.523651229343656 1.48
      vertex 10.355417527999329 7.523651229343656 17.2
    endloop
  endfacet
  facet normal 0 0 -1
    outer loop
      vertex 9.05096679918781 -9.05096679918781 17.2
      vertex 9 7 17.2
      vertex 9.05096679918781 9.05096679918781 17.2
    endloop
  endfacet
  facet normal 0 0 -1
    outer loop
      vertex 9.733196359680397 -8.312935018626352 17.2
      vertex 9.05096679918781 9.05096679918781 17.2
      vertex 9.733196359680397 8.312935018626352 17.2
    endloop
  endfacet
  facet normal 0 0 -1
    outer loop
      vertex 10.355417527999329 -7.523651229343656 17.2
      vertex 9.733196359680397 8.312935018626352 17.2
      vertex 10.355417527999329 7.523651229343656 17.2
    endloop
  endfacet
  facet normal 0 0 -1
    outer loop
      vertex 10.913794103732382 -6.687981628364145 17.2
      vertex 10.355417527999329 7.523651229343656 17.2
      vertex 10.913794103732382 6.687981628364145 17.2
    endloop
  endfacet
  facet normal -0.6190939493098342 -0.7853169308807448 0
    outer loop
      vertex 7.523651229343656 10.355417527999329 1.48
      vertex 8.312935018626352 9.733196359680397 17.2
      vertex 7.523651229343656 10.355417527999329 17.2
    endloop
  endfacet
  facet normal -0.8314696123025453 -0.555570233019602 0
    outer loop
      vertex 10.355417527999329 7.523651229343656 1.48
      vertex 10.913794103732382 6.687981628364145 17.2
      vertex 10.355417527999329 7.523651229343656 17.2
    endloop
  endfacet
  facet normal -0.7343225094356863 -0.6788007455329408 0
    outer loop
      vertex 9.05096679918781 9.05096679918781 1.48
      vertex 9.733196359680397 8.312935018626352 17.2
      vertex 9.05096679918781 9.05096679918781 17.2
    endloop
  endfacet
  facet normal -0.6788007455329408 -0.7343225094356863 0
    outer loop
      vertex 8.312935018626352 9.733196359680397 1.48
      vertex 9.05096679918781 9.05096679918781 17.2
      vertex 8.312935018626352 9.733196359680397 17.2
    endloop
  endfacet
  facet normal -0.7853169308807448 -0.6190939493098342 0
    outer loop
      vertex 9.733196359680397 8.312935018626352 1.48
      vertex 10.355417527999329 7.523651229343656 17.2
      vertex 9.733196359680397 8.312935018626352 17.2
    endloop
  endfacet
  facet normal 0 0 -1
    outer loop
      vertex 8 8 17.2
      vertex 8.312935018626352 9.733196359680397 17.2
      vertex 8.078459095727846 7.996917333733128 17.2
    endloop
  endfacet
  facet normal 0 0 -1
    outer loop
      vertex 6.687981628364145 10.913794103732382 17.2
      vertex 8 8 17.2
      vertex 5.8110783966662 11.40488350961111 17.2
    endloop
  endfacet
  facet normal 0 0 -1
    outer loop
      vertex 6.687981628364145 10.913794103732382 17.2
      vertex 7.523651229343656 10.355417527999329 17.2
      vertex 8 8 17.2
    endloop
  endfacet
  facet normal 0 0 -1
    outer loop
      vertex 7.523651229343656 10.355417527999329 17.2
      vertex 8.312935018626352 9.733196359680397 17.2
      vertex 8 8 17.2
    endloop
  endfacet
  facet normal 0 0 -1
    outer loop
      vertex 8.649448048330184 7.760405965600031 17.2
      vertex 9.05096679918781 9.05096679918781 17.2
      vertex 8.707106781186548 7.707106781186548 17.2
    endloop
  endfacet
  facet normal 0 0 -1
    outer loop
      vertex 8.38268343236509 7.923879532511287 17.2
      vertex 8.312935018626352 9.733196359680397 17.2
      vertex 8.453990499739547 7.891006524188368 17.2
    endloop
  endfacet
  facet normal 0 0 -1
    outer loop
      vertex 8.078459095727846 7.996917333733128 17.2
      vertex 8.312935018626352 9.733196359680397 17.2
      vertex 8.156434465040231 7.987688340595138 17.2
    endloop
  endfacet
  facet normal 0 0 -1
    outer loop
      vertex 8.156434465040231 7.987688340595138 17.2
      vertex 8.312935018626352 9.733196359680397 17.2
      vertex 8.233445363855905 7.972369920397677 17.2
    endloop
  endfacet
  facet normal 0 0 -1
    outer loop
      vertex 8.233445363855905 7.972369920397677 17.2
      vertex 8.312935018626352 9.733196359680397 17.2
      vertex 8.309016994374947 7.951056516295154 17.2
    endloop
  endfacet
  facet normal 0 0 -1
    outer loop
      vertex 8.309016994374947 7.951056516295154 17.2
      vertex 8.312935018626352 9.733196359680397 17.2
      vertex 8.38268343236509 7.923879532511287 17.2
    endloop
  endfacet
  facet normal 0 0 -1
    outer loop
      vertex 8.453990499739547 7.891006524188368 17.2
      vertex 9.05096679918781 9.05096679918781 17.2
      vertex 8.52249856471595 7.852640164354092 17.2
    endloop
  endfacet
  facet normal 0 0 -1
    outer loop
      vertex 8.587785252292473 7.8090169943749475 17.2
      vertex 8.52249856471595 7.852640164354092 17.2
      vertex 9.05096679918781 9.05096679918781 17.2
    endloop
  endfacet
  facet normal 0 0 -1
    outer loop
      vertex 8.587785252292473 7.8090169943749475 17.2
      vertex 9.05096679918781 9.05096679918781 17.2
      vertex 8.649448048330184 7.760405965600031 17.2
    endloop
  endfacet
  facet normal 0 0 -1
    outer loop
      vertex 9 7 17.2
      vertex 8.996917333733128 7.078459095727845 17.2
      vertex 9.05096679918781 9.05096679918781 17.2
    endloop
  endfacet
  facet normal 0 0 -1
    outer loop
      vertex 8.996917333733128 7.078459095727845 17.2
      vertex 8.987688340595138 7.156434465040231 17.2
      vertex 9.05096679918781 9.05096679918781 17.2
    endloop
  endfacet
  facet normal 0 0 -1
    outer loop
      vertex 8.987688340595138 7.156434465040231 17.2
      vertex 8.972369920397677 7.233445363855905 17.2
      vertex 9.05096679918781 9.05096679918781 17.2
    endloop
  endfacet
  facet normal 0 0 -1
    outer loop
      vertex 8.972369920397677 7.233445363855905 17.2
      vertex 8.951056516295154 7.3090169943749475 17.2
      vertex 9.05096679918781 9.05096679918781 17.2
    endloop
  endfacet
  facet normal 0 0 -1
    outer loop
      vertex 8.951056516295154 7.3090169943749475 17.2
      vertex 8.923879532511286 7.38268343236509 17.2
      vertex 9.05096679918781 9.05096679918781 17.2
    endloop
  endfacet
  facet normal 0 0 -1
    outer loop
      vertex 8.891006524188368 7.453990499739547 17.2
      vertex 9.05096679918781 9.05096679918781 17.2
      vertex 8.923879532511286 7.38268343236509 17.2
    endloop
  endfacet
  facet normal 0 0 -1
    outer loop
      vertex 8.891006524188368 7.453990499739547 17.2
      vertex 8.852640164354092 7.522498564715949 17.2
      vertex 9.05096679918781 9.05096679918781 17.2
    endloop
  endfacet
  facet normal 0 0 -1
    outer loop
      vertex 8.809016994374947 7.587785252292473 17.2
      vertex 9.05096679918781 9.05096679918781 17.2
      vertex 8.852640164354092 7.522498564715949 17.2
    endloop
  endfacet
  facet normal 0 0 -1
    outer loop
      vertex 8.76040596560003 7.649448048330184 17.2
      vertex 9.05096679918781 9.05096679918781 17.2
      vertex 8.809016994374947 7.587785252292473 17.2
    endloop
  endfacet
  facet normal 0 0 -1
    outer loop
      vertex 8.76040596560003 7.649448048330184 17.2
      vertex 8.707106781186548 7.707106781186548 17.2
      vertex 9.05096679918781 9.05096679918781 17.2
    endloop
  endfacet
  facet normal 0 0 -1
    outer loop
      vertex 8.453990499739547 7.891006524188368 17.2
      vertex 8.312935018626352 9.733196359680397 17.2
      vertex 9.05096679918781 9.05096679918781 17.2
    endloop
  endfacet
  facet normal -0.03925981575906876 -0.9992290362407228 -1.6759481983948454e-19
    outer loop
      vertex 0 12.8 1.48
      vertex 1.0042764253164154 12.760541871784039 1.48
      vertex 1.0042764253164154 12.760541871784039 17.2
    endloop
  endfacet
  facet normal -0.11753739745783691 -0.9930684569549263 3.9447161156794137e-19
    outer loop
      vertex 1.0042764253164154 12.760541871784039 1.48
      vertex 2.0023611525149554 12.642410759617764 1.48
      vertex 2.0023611525149554 12.642410759617764 17.2
    endloop
  endfacet
  facet normal -0.1950903220161301 -0.9807852804032301 -1.0950647549762134e-19
    outer loop
      vertex 2.0023611525149554 12.642410759617764 1.48
      vertex 2.9881006573555893 12.44633498109026 1.48
      vertex 2.9881006573555893 12.44633498109026 17.2
    endloop
  endfacet
  facet normal -0.271440449865074 -0.9624552364536474 -4.437561472890992e-19
    outer loop
      vertex 2.9881006573555893 12.44633498109026 1.48
      vertex 3.9554175279993267 12.173523408577966 1.48
      vertex 3.9554175279993267 12.173523408577966 17.2
    endloop
  endfacet
  facet normal -0.34611705707749174 -0.9381913359224846 -9.96721337248237e-19
    outer loop
      vertex 3.9554175279993267 12.173523408577966 1.48
      vertex 4.89834793427315 11.825658016144471 1.48
      vertex 4.89834793427315 11.825658016144471 17.2
    endloop
  endfacet
  facet normal -0.4886212414969555 -0.8724960070727967 0
    outer loop
      vertex 6.687981628364145 10.913794103732382 1.48
      vertex 6.687981628364145 10.913794103732382 17.2
      vertex 5.8110783966662 11.40488350961111 1.48
    endloop
  endfacet
  facet normal -0.4186597375374272 -0.9081431738250817 1.2592495964826758e-18
    outer loop
      vertex 4.89834793427315 11.825658016144471 1.48
      vertex 5.8110783966662 11.40488350961111 1.48
      vertex 5.8110783966662 11.40488350961111 17.2
    endloop
  endfacet
  facet normal -0.555570233019602 -0.8314696123025453 -6.897936161219904e-19
    outer loop
      vertex 6.687981628364145 10.913794103732382 1.48
      vertex 7.523651229343656 10.355417527999329 1.48
      vertex 7.523651229343656 10.355417527999329 17.2
    endloop
  endfacet
  facet normal -0.03925981575906876 -0.9992290362407228 0
    outer loop
      vertex 0 12.8 1.48
      vertex 1.0042764253164154 12.760541871784039 17.2
      vertex 0 12.8 17.2
    endloop
  endfacet
  facet normal -0.11753739745783691 -0.9930684569549263 0
    outer loop
      vertex 1.0042764253164154 12.760541871784039 1.48
      vertex 2.0023611525149554 12.642410759617764 17.2
      vertex 1.0042764253164154 12.760541871784039 17.2
    endloop
  endfacet
  facet normal -0.1950903220161301 -0.9807852804032301 0
    outer loop
      vertex 2.0023611525149554 12.642410759617764 1.48
      vertex 2.9881006573555893 12.44633498109026 17.2
      vertex 2.0023611525149554 12.642410759617764 17.2
    endloop
  endfacet
  facet normal -0.271440449865074 -0.9624552364536474 0
    outer loop
      vertex 2.9881006573555893 12.44633498109026 1.48
      vertex 3.9554175279993267 12.173523408577966 17.2
      vertex 2.9881006573555893 12.44633498109026 17.2
    endloop
  endfacet
  facet normal -0.34611705707749174 -0.9381913359224846 0
    outer loop
      vertex 3.9554175279993267 12.173523408577966 1.48
      vertex 4.89834793427315 11.825658016144471 17.2
      vertex 3.9554175279993267 12.173523408577966 17.2
    endloop
  endfacet
  facet normal -0.4186597375374272 -0.9081431738250817 0
    outer loop
      vertex 4.89834793427315 11.825658016144471 1.48
      vertex 5.8110783966662 11.40488350961111 17.2
      vertex 4.89834793427315 11.825658016144471 17.2
    endloop
  endfacet
  facet normal 0 0 -1
    outer loop
      vertex -3.9554175279993267 12.173523408577966 17.2
      vertex -2.9881006573555893 12.44633498109026 17.2
      vertex 8 8 17.2
    endloop
  endfacet
  facet normal 0 0 -1
    outer loop
      vertex -2.9881006573555893 12.44633498109026 17.2
      vertex -2.0023611525149554 12.642410759617764 17.2
      vertex 8 8 17.2
    endloop
  endfacet
  facet normal 0 0 -1
    outer loop
      vertex -2.0023611525149554 12.642410759617764 17.2
      vertex -1.0042764253164154 12.760541871784039 17.2
      vertex 8 8 17.2
    endloop
  endfacet
  facet normal 0 0 -1
    outer loop
      vertex -1.0042764253164154 12.760541871784039 17.2
      vertex 0 12.8 17.2
      vertex 8 8 17.2
    endloop
  endfacet
  facet normal 0 0 -1
    outer loop
      vertex 0 12.8 17.2
      vertex 1.0042764253164154 12.760541871784039 17.2
      vertex 8 8 17.2
    endloop
  endfacet
  facet normal 0 0 -1
    outer loop
      vertex 1.0042764253164154 12.760541871784039 17.2
      vertex 2.0023611525149554 12.642410759617764 17.2
      vertex 8 8 17.2
    endloop
  endfacet
  facet normal 0 0 -1
    outer loop
      vertex 2.0023611525149554 12.642410759617764 17.2
      vertex 2.9881006573555893 12.44633498109026 17.2
      vertex 8 8 17.2
    endloop
  endfacet
  facet normal 0 0 -1
    outer loop
      vertex 2.9881006573555893 12.44633498109026 17.2
      vertex 3.9554175279993267 12.173523408577966 17.2
      vertex 8 8 17.2
    endloop
  endfacet
  facet normal -0.4886212414969555 -0.8724960070727967 0
    outer loop
      vertex 5.8110783966662 11.40488350961111 1.48
      vertex 6.687981628364145 10.913794103732382 17.2
      vertex 5.8110783966662 11.40488350961111 17.2
    endloop
  endfacet
  facet normal -0.555570233019602 -0.8314696123025453 0
    outer loop
      vertex 6.687981628364145 10.913794103732382 1.48
      vertex 7.523651229343656 10.355417527999329 17.2
      vertex 6.687981628364145 10.913794103732382 17.2
    endloop
  endfacet
  facet normal 0 0 -1
    outer loop
      vertex 3.9554175279993267 12.173523408577966 17.2
      vertex 4.89834793427315 11.825658016144471 17.2
      vertex 8 8 17.2
    endloop
  endfacet
  facet normal 0 0 -1
    outer loop
      vertex 4.89834793427315 11.825658016144471 17.2
      vertex 5.8110783966662 11.40488350961111 17.2
      vertex 8 8 17.2
    endloop
  endfacet
  facet normal -0.9992290362407228 -0.03925981575906876 0
    outer loop
      vertex 12.8 0 1.48
      vertex 12.8 0 17.2
      vertex 12.760541871784039 1.0042764253164154 1.48
    endloop
  endfacet
  facet normal -0.9930684569549263 -0.11753739745783691 0
    outer loop
      vertex 12.760541871784039 1.0042764253164154 1.48
      vertex 12.760541871784039 1.0042764253164154 17.2
      vertex 12.642410759617764 2.0023611525149554 1.48
    endloop
  endfacet
  facet normal -0.9381913359224846 -0.34611705707749174 0
    outer loop
      vertex 12.173523408577966 3.9554175279993267 1.48
      vertex 12.173523408577966 3.9554175279993267 17.2
      vertex 11.825658016144471 4.89834793427315 1.48
    endloop
  endfacet
  facet normal -0.9807852804032301 -0.1950903220161301 0
    outer loop
      vertex 12.642410759617764 2.0023611525149554 1.48
      vertex 12.642410759617764 2.0023611525149554 17.2
      vertex 12.44633498109026 2.9881006573555893 1.48
    endloop
  endfacet
  facet normal -0.9624552364536474 -0.271440449865074 0
    outer loop
      vertex 12.44633498109026 2.9881006573555893 1.48
      vertex 12.44633498109026 2.9881006573555893 17.2
      vertex 12.173523408577966 3.9554175279993267 1.48
    endloop
  endfacet
  facet normal -0.8724960070727967 -0.4886212414969555 1.3425500170791371e-18
    outer loop
      vertex 10.913794103732382 6.687981628364145 1.48
      vertex 11.40488350961111 5.8110783966662 1.48
      vertex 11.40488350961111 5.8110783966662 17.2
    endloop
  endfacet
  facet normal -0.9081431738250817 -0.4186597375374272 0
    outer loop
      vertex 11.825658016144471 4.89834793427315 1.48
      vertex 11.825658016144471 4.89834793427315 17.2
      vertex 11.40488350961111 5.8110783966662 1.48
    endloop
  endfacet
  facet normal -0.9992290362407228 0.03925981575906876 0
    outer loop
      vertex 12.8 0 1.48
      vertex 12.760541871784039 -1.0042764253164154 17.2
      vertex 12.8 0 17.2
    endloop
  endfacet
  facet normal -0.9992290362407228 -0.03925981575906876 0
    outer loop
      vertex 12.760541871784039 1.0042764253164154 1.48
      vertex 12.8 0 17.2
      vertex 12.760541871784039 1.0042764253164154 17.2
    endloop
  endfacet
  facet normal -0.9930684569549263 -0.11753739745783691 0
    outer loop
      vertex 12.642410759617764 2.0023611525149554 1.48
      vertex 12.760541871784039 1.0042764253164154 17.2
      vertex 12.642410759617764 2.0023611525149554 17.2
    endloop
  endfacet
  facet normal -0.9381913359224846 -0.34611705707749174 -9.96721337248237e-19
    outer loop
      vertex 12.173523408577966 3.9554175279993267 17.2
      vertex 11.825658016144471 4.89834793427315 17.2
      vertex 11.825658016144471 4.89834793427315 1.48
    endloop
  endfacet
  facet normal -0.9807852804032301 -0.1950903220161301 0
    outer loop
      vertex 12.44633498109026 2.9881006573555893 1.48
      vertex 12.642410759617764 2.0023611525149554 17.2
      vertex 12.44633498109026 2.9881006573555893 17.2
    endloop
  endfacet
  facet normal -0.9624552364536474 -0.271440449865074 0
    outer loop
      vertex 12.173523408577966 3.9554175279993267 1.48
      vertex 12.44633498109026 2.9881006573555893 17.2
      vertex 12.173523408577966 3.9554175279993267 17.2
    endloop
  endfacet
  facet normal 0 0 -1
    outer loop
      vertex 11.825658016144471 -4.89834793427315 17.2
      vertex 11.40488350961111 5.8110783966662 17.2
      vertex 11.825658016144471 4.89834793427315 17.2
    endloop
  endfacet
  facet normal 0 0 -1
    outer loop
      vertex 12.173523408577966 -3.9554175279993267 17.2
      vertex 11.825658016144471 4.89834793427315 17.2
      vertex 12.173523408577966 3.9554175279993267 17.2
    endloop
  endfacet
  facet normal 0 0 -1
    outer loop
      vertex 12.642410759617764 -2.0023611525149554 17.2
      vertex 12.642410759617764 2.0023611525149554 17.2
      vertex 12.760541871784039 -1.0042764253164154 17.2
    endloop
  endfacet
  facet normal 0 0 -1
    outer loop
      vertex 12.760541871784039 -1.0042764253164154 17.2
      vertex 12.760541871784039 1.0042764253164154 17.2
      vertex 12.8 0 17.2
    endloop
  endfacet
  facet normal 0 0 -1
    outer loop
      vertex 12.760541871784039 -1.0042764253164154 17.2
      vertex 12.642410759617764 2.0023611525149554 17.2
      vertex 12.760541871784039 1.0042764253164154 17.2
    endloop
  endfacet
  facet normal 0 0 -1
    outer loop
      vertex 12.44633498109026 -2.9881006573555893 17.2
      vertex 12.173523408577966 3.9554175279993267 17.2
      vertex 12.44633498109026 2.9881006573555893 17.2
    endloop
  endfacet
  facet normal 0 0 -1
    outer loop
      vertex 12.642410759617764 -2.0023611525149554 17.2
      vertex 12.44633498109026 2.9881006573555893 17.2
      vertex 12.642410759617764 2.0023611525149554 17.2
    endloop
  endfacet
  facet normal 0 0 -1
    outer loop
      vertex 11.40488350961111 -5.8110783966662 17.2
      vertex 10.913794103732382 6.687981628364145 17.2
      vertex 11.40488350961111 5.8110783966662 17.2
    endloop
  endfacet
  facet normal -0.9081431738250817 -0.4186597375374272 0
    outer loop
      vertex 11.40488350961111 5.8110783966662 1.48
      vertex 11.825658016144471 4.89834793427315 17.2
      vertex 11.40488350961111 5.8110783966662 17.2
    endloop
  endfacet
  facet normal -0.8724960070727967 -0.4886212414969555 0
    outer loop
      vertex 10.913794103732382 6.687981628364145 1.48
      vertex 11.40488350961111 5.8110783966662 17.2
      vertex 10.913794103732382 6.687981628364145 17.2
    endloop
  endfacet
  facet normal 0.6706820295182903 0.4481354049604817 -0.5910670639632462
    outer loop
      vertex -10.913794103732382 -6.687981628364145 1.48
      vertex -11.233470639227605 -8.16159415649842 0
      vertex -11.83919289544469 -7.255066737269188 0
    endloop
  endfacet
  facet normal 0.7037748392869277 0.3941328475076988 -0.591067063963246
    outer loop
      vertex -11.40488350961111 -5.8110783966662 1.48
      vertex -11.83919289544469 -7.255066737269188 0
      vertex -12.371922590530218 -6.303809419050188 0
    endloop
  endfacet
  facet normal 0.7037748392869275 0.394132847507699 -0.5910670639632462
    outer loop
      vertex -10.913794103732382 -6.687981628364145 1.48
      vertex -11.83919289544469 -7.255066737269188 0
      vertex -11.40488350961111 -5.8110783966662 1.48
    endloop
  endfacet
  facet normal 0.7325286431424802 0.33770032998755745 -0.5910670639632457
    outer loop
      vertex -11.825658016144471 -4.89834793427315 1.48
      vertex -12.371922590530218 -6.303809419050188 0
      vertex -12.828375268763386 -5.313687019533393 0
    endloop
  endfacet
  facet normal 0.7567661643225646 0.2791857776362908 -0.5910670639632464
    outer loop
      vertex -12.173523408577966 -3.9554175279993267 1.48
      vertex -12.828375268763386 -5.313687019533393 0
      vertex -13.205736747596973 -4.290803972560936 0
    endloop
  endfacet
  facet normal 0.7567661643225658 0.2791857776362894 -0.5910670639632458
    outer loop
      vertex -11.825658016144471 -4.89834793427315 1.48
      vertex -12.828375268763386 -5.313687019533393 0
      vertex -12.173523408577966 -3.9554175279993267 1.48
    endloop
  endfacet
  facet normal 0.7763379704493161 0.21894995212720214 -0.5910670639632467
    outer loop
      vertex -12.44633498109026 -2.9881006573555893 1.48
      vertex -13.205736747596973 -4.290803972560936 0
      vertex -13.501680468028539 -3.241466692260532 0
    endloop
  endfacet
  facet normal 0.7763379704493162 0.21894995212720195 -0.5910670639632466
    outer loop
      vertex -12.173523408577966 -3.9554175279993267 1.48
      vertex -13.205736747596973 -4.290803972560936 0
      vertex -12.44633498109026 -2.9881006573555893 1.48
    endloop
  endfacet
  facet normal 0.7325286431424798 0.33770032998755795 -0.591067063963246
    outer loop
      vertex -11.825658016144471 -4.89834793427315 1.48
      vertex -11.40488350961111 -5.8110783966662 1.48
      vertex -12.371922590530218 -6.303809419050188 0
    endloop
  endfacet
  facet normal 0.7911233948296752 0.15736422735500366 -0.5910670639632464
    outer loop
      vertex -12.642410759617764 -2.0023611525149554 1.48
      vertex -13.501680468028539 -3.241466692260532 0
      vertex -13.714381838610354 -2.172144691905286 0
    endloop
  endfacet
  facet normal 0.791123394829675 0.15736422735500408 -0.5910670639632466
    outer loop
      vertex -12.44633498109026 -2.9881006573555893 1.48
      vertex -13.501680468028539 -3.241466692260532 0
      vertex -12.642410759617764 -2.0023611525149554 1.48
    endloop
  endfacet
  facet normal 0.8010312804056856 0.09480829979224252 -0.5910670639632462
    outer loop
      vertex -12.760541871784039 -1.0042764253164154 1.48
      vertex -13.714381838610354 -2.172144691905286 0
      vertex -13.842529484662393 -1.0894306972130363 0
    endloop
  endfacet
  facet normal 0.8010312804056852 0.09480829979224321 -0.5910670639632465
    outer loop
      vertex -12.642410759617764 -2.0023611525149554 1.48
      vertex -13.714381838610354 -2.172144691905286 0
      vertex -12.760541871784039 -1.0042764253164154 1.48
    endloop
  endfacet
  facet normal 0.8060005417680635 0.03166784753430704 -0.5910670639632462
    outer loop
      vertex -12.760541871784039 -1.0042764253164154 1.48
      vertex -13.842529484662393 -1.0894306972130363 0
      vertex -12.8 0 1.48
    endloop
  endfacet
  facet normal 0.44813540496048165 0.6706820295182903 -0.5910670639632463
    outer loop
      vertex -7.523651229343656 -10.355417527999329 1.48
      vertex -7.255066737269188 -11.83919289544469 0
      vertex -8.16159415649842 -11.233470639227605 0
    endloop
  endfacet
  facet normal 0.3941328475076987 0.7037748392869277 -0.5910670639632462
    outer loop
      vertex -6.687981628364145 -10.913794103732382 1.48
      vertex -6.303809419050188 -12.371922590530218 0
      vertex -7.255066737269188 -11.83919289544469 0
    endloop
  endfacet
  facet normal 0.394132847507699 0.7037748392869276 -0.591067063963246
    outer loop
      vertex -5.8110783966662 -11.40488350961111 1.48
      vertex -6.303809419050188 -12.371922590530218 0
      vertex -6.687981628364145 -10.913794103732382 1.48
    endloop
  endfacet
  facet normal 0.33770032998755733 0.7325286431424801 -0.591067063963246
    outer loop
      vertex -5.8110783966662 -11.40488350961111 1.48
      vertex -5.313687019533393 -12.828375268763386 0
      vertex -6.303809419050188 -12.371922590530218 0
    endloop
  endfacet
  facet normal 0.2791857776362909 0.7567661643225652 -0.5910670639632457
    outer loop
      vertex -4.89834793427315 -11.825658016144471 1.48
      vertex -4.290803972560936 -13.205736747596973 0
      vertex -5.313687019533393 -12.828375268763386 0
    endloop
  endfacet
  facet normal 0.337700329987558 0.7325286431424799 -0.5910670639632457
    outer loop
      vertex -5.8110783966662 -11.40488350961111 1.48
      vertex -4.89834793427315 -11.825658016144471 1.48
      vertex -5.313687019533393 -12.828375268763386 0
    endloop
  endfacet
  facet normal 0.27918577763628916 0.7567661643225654 -0.5910670639632466
    outer loop
      vertex -4.89834793427315 -11.825658016144471 1.48
      vertex -3.9554175279993267 -12.173523408577966 1.48
      vertex -4.290803972560936 -13.205736747596973 0
    endloop
  endfacet
  facet normal 0.21894995212720209 0.7763379704493161 -0.5910670639632466
    outer loop
      vertex -3.9554175279993267 -12.173523408577966 1.48
      vertex -3.241466692260532 -13.501680468028539 0
      vertex -4.290803972560936 -13.205736747596973 0
    endloop
  endfacet
  facet normal 0.15736422735500363 0.791123394829675 -0.5910670639632466
    outer loop
      vertex -2.9881006573555893 -12.44633498109026 1.48
      vertex -2.172144691905286 -13.714381838610354 0
      vertex -3.241466692260532 -13.501680468028539 0
    endloop
  endfacet
  facet normal 0.21894995212720195 0.7763379704493162 -0.5910670639632467
    outer loop
      vertex -3.9554175279993267 -12.173523408577966 1.48
      vertex -2.9881006573555893 -12.44633498109026 1.48
      vertex -3.241466692260532 -13.501680468028539 0
    endloop
  endfacet
  facet normal 0.15736422735500408 0.7911233948296751 -0.5910670639632465
    outer loop
      vertex -2.0023611525149554 -12.642410759617764 1.48
      vertex -2.172144691905286 -13.714381838610354 0
      vertex -2.9881006573555893 -12.44633498109026 1.48
    endloop
  endfacet
  facet normal 0.09480829979224249 0.8010312804056854 -0.5910670639632465
    outer loop
      vertex -2.0023611525149554 -12.642410759617764 1.48
      vertex -1.0894306972130363 -13.842529484662393 0
      vertex -2.172144691905286 -13.714381838610354 0
    endloop
  endfacet
  facet normal 0.09480829979224326 0.8010312804056855 -0.591067063963246
    outer loop
      vertex -2.0023611525149554 -12.642410759617764 1.48
      vertex -1.0042764253164154 -12.760541871784039 1.48
      vertex -1.0894306972130363 -13.842529484662393 0
    endloop
  endfacet
  facet normal 0.031667847534307236 0.8060005417680633 -0.5910670639632462
    outer loop
      vertex -1.0042764253164154 -12.760541871784039 1.48
      vertex 0 -13.885333333333334 0
      vertex -1.0894306972130363 -13.842529484662393 0
    endloop
  endfacet
  facet normal 0.03166784753430704 0.8060005417680633 -0.5910670639632462
    outer loop
      vertex -1.0042764253164154 -12.760541871784039 1.48
      vertex 0 -12.8 1.48
      vertex 0 -13.885333333333334 0
    endloop
  endfacet
  facet normal 0.5923209984613198 0.5475358989871384 -0.5910670639632456
    outer loop
      vertex -9.733196359680397 -8.312935018626352 1.48
      vertex -9.818413359035608 -9.818413359035608 0
      vertex -10.558490301011629 -9.017802633747376 0
    endloop
  endfacet
  facet normal 0.5923209984613198 0.5475358989871383 -0.5910670639632456
    outer loop
      vertex -9.733196359680397 -8.312935018626352 1.48
      vertex -9.05096679918781 -9.05096679918781 1.48
      vertex -9.818413359035608 -9.818413359035608 0
    endloop
  endfacet
  facet normal 0.5475358989871383 0.5923209984613197 -0.5910670639632456
    outer loop
      vertex -9.05096679918781 -9.05096679918781 1.48
      vertex -9.017802633747376 -10.558490301011629 0
      vertex -9.818413359035608 -9.818413359035608 0
    endloop
  endfacet
  facet normal 0.4993750586215417 0.633454242013265 -0.5910670639632455
    outer loop
      vertex -8.312935018626352 -9.733196359680397 1.48
      vertex -8.16159415649842 -11.233470639227605 0
      vertex -9.017802633747376 -10.558490301011629 0
    endloop
  endfacet
  facet normal 0.5475358989871383 0.5923209984613198 -0.5910670639632456
    outer loop
      vertex -9.05096679918781 -9.05096679918781 1.48
      vertex -8.312935018626352 -9.733196359680397 1.48
      vertex -9.017802633747376 -10.558490301011629 0
    endloop
  endfacet
  facet normal 0.6334542420132645 0.4993750586215414 -0.5910670639632463
    outer loop
      vertex -10.355417527999329 -7.523651229343656 1.48
      vertex -10.558490301011629 -9.017802633747376 0
      vertex -11.233470639227605 -8.16159415649842 0
    endloop
  endfacet
  facet normal 0.633454242013266 0.49937505862154064 -0.5910670639632456
    outer loop
      vertex -10.355417527999329 -7.523651229343656 1.48
      vertex -9.733196359680397 -8.312935018626352 1.48
      vertex -10.558490301011629 -9.017802633747376 0
    endloop
  endfacet
  facet normal 0.6706820295182901 0.4481354049604819 -0.5910670639632464
    outer loop
      vertex -10.913794103732382 -6.687981628364145 1.48
      vertex -10.355417527999329 -7.523651229343656 1.48
      vertex -11.233470639227605 -8.16159415649842 0
    endloop
  endfacet
  facet normal 0.4993750586215403 0.6334542420132656 -0.5910670639632463
    outer loop
      vertex -7.523651229343656 -10.355417527999329 1.48
      vertex -8.16159415649842 -11.233470639227605 0
      vertex -8.312935018626352 -9.733196359680397 1.48
    endloop
  endfacet
  facet normal 0.44813540496048193 0.6706820295182901 -0.5910670639632462
    outer loop
      vertex -7.523651229343656 -10.355417527999329 1.48
      vertex -6.687981628364145 -10.913794103732382 1.48
      vertex -7.255066737269188 -11.83919289544469 0
    endloop
  endfacet
  facet normal 0.8060005417680633 0.031667847534307215 -0.5910670639632462
    outer loop
      vertex -12.8 0 1.48
      vertex -13.842529484662393 -1.0894306972130363 0
      vertex -13.885333333333334 0 0
    endloop
  endfacet
  facet normal 0.8060005417680633 -0.03166784753430729 -0.591067063963246
    outer loop
      vertex -12.760541871784039 1.0042764253164154 1.48
      vertex -13.885333333333334 0 0
      vertex -13.842529484662393 1.0894306972130363 0
    endloop
  endfacet
  facet normal 0.8060005417680633 -0.03166784753430704 -0.5910670639632462
    outer loop
      vertex -12.8 0 1.48
      vertex -13.885333333333334 0 0
      vertex -12.760541871784039 1.0042764253164154 1.48
    endloop
  endfacet
  facet normal 0.8010312804056855 -0.09480829979224326 -0.591067063963246
    outer loop
      vertex -12.760541871784039 1.0042764253164154 1.48
      vertex -13.842529484662393 1.0894306972130363 0
      vertex -12.642410759617764 2.0023611525149554 1.48
    endloop
  endfacet
  facet normal 0.8010312804056854 -0.09480829979224245 -0.5910670639632465
    outer loop
      vertex -12.642410759617764 2.0023611525149554 1.48
      vertex -13.842529484662393 1.0894306972130363 0
      vertex -13.714381838610354 2.172144691905286 0
    endloop
  endfacet
  facet normal 0.791123394829675 -0.15736422735500363 -0.5910670639632466
    outer loop
      vertex -12.44633498109026 2.9881006573555893 1.48
      vertex -13.714381838610354 2.172144691905286 0
      vertex -13.501680468028539 3.241466692260532 0
    endloop
  endfacet
  facet normal 0.7911233948296751 -0.15736422735500408 -0.5910670639632465
    outer loop
      vertex -12.642410759617764 2.0023611525149554 1.48
      vertex -13.714381838610354 2.172144691905286 0
      vertex -12.44633498109026 2.9881006573555893 1.48
    endloop
  endfacet
  facet normal 0.7763379704493162 -0.21894995212720195 -0.5910670639632467
    outer loop
      vertex -12.44633498109026 2.9881006573555893 1.48
      vertex -13.501680468028539 3.241466692260532 0
      vertex -12.173523408577966 3.9554175279993267 1.48
    endloop
  endfacet
  facet normal 0.7763379704493161 -0.2189499521272021 -0.5910670639632466
    outer loop
      vertex -12.173523408577966 3.9554175279993267 1.48
      vertex -13.501680468028539 3.241466692260532 0
      vertex -13.205736747596973 4.290803972560936 0
    endloop
  endfacet
  facet normal 0.7567661643225652 -0.27918577763629104 -0.5910670639632457
    outer loop
      vertex -11.825658016144471 4.89834793427315 1.48
      vertex -13.205736747596973 4.290803972560936 0
      vertex -12.828375268763386 5.313687019533393 0
    endloop
  endfacet
  facet normal 0.7567661643225654 -0.27918577763628916 -0.5910670639632466
    outer loop
      vertex -12.173523408577966 3.9554175279993267 1.48
      vertex -13.205736747596973 4.290803972560936 0
      vertex -11.825658016144471 4.89834793427315 1.48
    endloop
  endfacet
  facet normal 0.7325286431424799 -0.337700329987558 -0.5910670639632457
    outer loop
      vertex -11.825658016144471 4.89834793427315 1.48
      vertex -12.828375268763386 5.313687019533393 0
      vertex -11.40488350961111 5.8110783966662 1.48
    endloop
  endfacet
  facet normal 0.73252864314248 -0.3377003299875573 -0.591067063963246
    outer loop
      vertex -11.40488350961111 5.8110783966662 1.48
      vertex -12.828375268763386 5.313687019533393 0
      vertex -12.371922590530218 6.303809419050188 0
    endloop
  endfacet
  facet normal 0.7037748392869277 -0.39413284750769884 -0.5910670639632462
    outer loop
      vertex -10.913794103732382 6.687981628364145 1.48
      vertex -12.371922590530218 6.303809419050188 0
      vertex -11.83919289544469 7.255066737269188 0
    endloop
  endfacet
  facet normal 0.7037748392869276 -0.394132847507699 -0.591067063963246
    outer loop
      vertex -11.40488350961111 5.8110783966662 1.48
      vertex -12.371922590530218 6.303809419050188 0
      vertex -10.913794103732382 6.687981628364145 1.48
    endloop
  endfacet
  facet normal 0.6706820295182901 -0.44813540496048193 -0.5910670639632462
    outer loop
      vertex -10.913794103732382 6.687981628364145 1.48
      vertex -11.83919289544469 7.255066737269188 0
      vertex -10.355417527999329 7.523651229343656 1.48
    endloop
  endfacet
  facet normal 0.6706820295182903 -0.4481354049604816 -0.5910670639632463
    outer loop
      vertex -10.355417527999329 7.523651229343656 1.48
      vertex -11.83919289544469 7.255066737269188 0
      vertex -11.233470639227605 8.16159415649842 0
    endloop
  endfacet
  facet normal 0.6334542420132656 -0.4993750586215403 -0.5910670639632463
    outer loop
      vertex -10.355417527999329 7.523651229343656 1.48
      vertex -11.233470639227605 8.16159415649842 0
      vertex -9.733196359680397 8.312935018626352 1.48
    endloop
  endfacet
  facet normal 0.633454242013265 -0.49937505862154175 -0.5910670639632457
    outer loop
      vertex -9.733196359680397 8.312935018626352 1.48
      vertex -11.233470639227605 8.16159415649842 0
      vertex -10.558490301011629 9.017802633747376 0
    endloop
  endfacet
  facet normal 0.5923209984613198 -0.5475358989871383 -0.5910670639632456
    outer loop
      vertex -9.733196359680397 8.312935018626352 1.48
      vertex -10.558490301011629 9.017802633747376 0
      vertex -9.05096679918781 9.05096679918781 1.48
    endloop
  endfacet
  facet normal 0.5923209984613198 -0.5475358989871384 -0.5910670639632456
    outer loop
      vertex -9.05096679918781 9.05096679918781 1.48
      vertex -10.558490301011629 9.017802633747376 0
      vertex -9.818413359035608 9.818413359035608 0
    endloop
  endfacet
  facet normal 0.5475358989871383 -0.5923209984613197 -0.5910670639632456
    outer loop
      vertex -8.312935018626352 9.733196359680397 1.48
      vertex -9.818413359035608 9.818413359035608 0
      vertex -9.017802633747376 10.558490301011629 0
    endloop
  endfacet
  facet normal 0.5475358989871383 -0.5923209984613198 -0.5910670639632456
    outer loop
      vertex -9.05096679918781 9.05096679918781 1.48
      vertex -9.818413359035608 9.818413359035608 0
      vertex -8.312935018626352 9.733196359680397 1.48
    endloop
  endfacet
  facet normal 0.49937505862154175 -0.633454242013265 -0.5910670639632457
    outer loop
      vertex -8.312935018626352 9.733196359680397 1.48
      vertex -9.017802633747376 10.558490301011629 0
      vertex -8.16159415649842 11.233470639227605 0
    endloop
  endfacet
  facet normal 0.4993750586215403 -0.6334542420132656 -0.5910670639632463
    outer loop
      vertex -8.312935018626352 9.733196359680397 1.48
      vertex -8.16159415649842 11.233470639227605 0
      vertex -7.523651229343656 10.355417527999329 1.48
    endloop
  endfacet
  facet normal 0.4481354049604819 -0.6706820295182901 -0.5910670639632463
    outer loop
      vertex -7.523651229343656 10.355417527999329 1.48
      vertex -8.16159415649842 11.233470639227605 0
      vertex -6.687981628364145 10.913794103732382 1.48
    endloop
  endfacet
  facet normal 0.4481354049604817 -0.6706820295182903 -0.5910670639632462
    outer loop
      vertex -6.687981628364145 10.913794103732382 1.48
      vertex -8.16159415649842 11.233470639227605 0
      vertex -7.255066737269188 11.83919289544469 0
    endloop
  endfacet
  facet normal 0.394132847507699 -0.7037748392869275 -0.5910670639632462
    outer loop
      vertex -6.687981628364145 10.913794103732382 1.48
      vertex -7.255066737269188 11.83919289544469 0
      vertex -5.8110783966662 11.40488350961111 1.48
    endloop
  endfacet
  facet normal 0.3941328475076988 -0.7037748392869276 -0.591067063963246
    outer loop
      vertex -5.8110783966662 11.40488350961111 1.48
      vertex -7.255066737269188 11.83919289544469 0
      vertex -6.303809419050188 12.371922590530218 0
    endloop
  endfacet
  facet normal 0.33770032998755795 -0.7325286431424798 -0.591067063963246
    outer loop
      vertex -5.8110783966662 11.40488350961111 1.48
      vertex -6.303809419050188 12.371922590530218 0
      vertex -4.89834793427315 11.825658016144471 1.48
    endloop
  endfacet
  facet normal 0.3377003299875575 -0.7325286431424801 -0.5910670639632458
    outer loop
      vertex -4.89834793427315 11.825658016144471 1.48
      vertex -6.303809419050188 12.371922590530218 0
      vertex -5.313687019533393 12.828375268763386 0
    endloop
  endfacet
  facet normal 0.2791857776362908 -0.7567661643225647 -0.5910670639632464
    outer loop
      vertex -3.9554175279993267 12.173523408577966 1.48
      vertex -5.313687019533393 12.828375268763386 0
      vertex -4.290803972560936 13.205736747596973 0
    endloop
  endfacet
  facet normal 0.2791857776362894 -0.7567661643225658 -0.5910670639632458
    outer loop
      vertex -4.89834793427315 11.825658016144471 1.48
      vertex -5.313687019533393 12.828375268763386 0
      vertex -3.9554175279993267 12.173523408577966 1.48
    endloop
  endfacet
  facet normal 0.21894995212720195 -0.7763379704493162 -0.5910670639632466
    outer loop
      vertex -3.9554175279993267 12.173523408577966 1.48
      vertex -4.290803972560936 13.205736747596973 0
      vertex -2.9881006573555893 12.44633498109026 1.48
    endloop
  endfacet
  facet normal 0.21894995212720214 -0.7763379704493162 -0.5910670639632467
    outer loop
      vertex -2.9881006573555893 12.44633498109026 1.48
      vertex -4.290803972560936 13.205736747596973 0
      vertex -3.241466692260532 13.501680468028539 0
    endloop
  endfacet
  facet normal 0.15736422735500408 -0.791123394829675 -0.5910670639632466
    outer loop
      vertex -2.9881006573555893 12.44633498109026 1.48
      vertex -3.241466692260532 13.501680468028539 0
      vertex -2.0023611525149554 12.642410759617764 1.48
    endloop
  endfacet
  facet normal 0.15736422735500366 -0.7911233948296752 -0.5910670639632464
    outer loop
      vertex -2.0023611525149554 12.642410759617764 1.48
      vertex -3.241466692260532 13.501680468028539 0
      vertex -2.172144691905286 13.714381838610354 0
    endloop
  endfacet
  facet normal 0.09480829979224245 -0.8010312804056855 -0.5910670639632459
    outer loop
      vertex -1.0042764253164154 12.760541871784039 1.48
      vertex -2.172144691905286 13.714381838610354 0
      vertex -1.0894306972130363 13.842529484662393 0
    endloop
  endfacet
  facet normal 0.09480829979224323 -0.8010312804056853 -0.5910670639632464
    outer loop
      vertex -2.0023611525149554 12.642410759617764 1.48
      vertex -2.172144691905286 13.714381838610354 0
      vertex -1.0042764253164154 12.760541871784039 1.48
    endloop
  endfacet
  facet normal 0.03166784753430704 -0.8060005417680635 -0.5910670639632462
    outer loop
      vertex -1.0042764253164154 12.760541871784039 1.48
      vertex -1.0894306972130363 13.842529484662393 0
      vertex 0 12.8 1.48
    endloop
  endfacet
  facet normal 0.031667847534307195 -0.8060005417680633 -0.5910670639632462
    outer loop
      vertex 0 12.8 1.48
      vertex -1.0894306972130363 13.842529484662393 0
      vertex 0 13.885333333333334 0
    endloop
  endfacet
  facet normal -0.031667847534307195 0.8060005417680633 -0.5910670639632462
    outer loop
      vertex 0 -12.8 1.48
      vertex 1.0894306972130363 -13.842529484662393 0
      vertex 0 -13.885333333333334 0
    endloop
  endfacet
  facet normal -0.03166784753430704 0.8060005417680635 -0.5910670639632462
    outer loop
      vertex 0 -12.8 1.48
      vertex 1.0042764253164154 -12.760541871784039 1.48
      vertex 1.0894306972130363 -13.842529484662393 0
    endloop
  endfacet
  facet normal -0.09480829979224245 0.8010312804056855 -0.5910670639632459
    outer loop
      vertex 1.0042764253164154 -12.760541871784039 1.48
      vertex 2.172144691905286 -13.714381838610354 0
      vertex 1.0894306972130363 -13.842529484662393 0
    endloop
  endfacet
  facet normal -0.09480829979224321 0.8010312804056852 -0.5910670639632465
    outer loop
      vertex 1.0042764253164154 -12.760541871784039 1.48
      vertex 2.0023611525149554 -12.642410759617764 1.48
      vertex 2.172144691905286 -13.714381838610354 0
    endloop
  endfacet
  facet normal -0.15736422735500366 0.7911233948296752 -0.5910670639632464
    outer loop
      vertex 2.0023611525149554 -12.642410759617764 1.48
      vertex 3.241466692260532 -13.501680468028539 0
      vertex 2.172144691905286 -13.714381838610354 0
    endloop
  endfacet
  facet normal -0.15736422735500408 0.791123394829675 -0.5910670639632466
    outer loop
      vertex 2.0023611525149554 -12.642410759617764 1.48
      vertex 2.9881006573555893 -12.44633498109026 1.48
      vertex 3.241466692260532 -13.501680468028539 0
    endloop
  endfacet
  facet normal -0.21894995212720214 0.7763379704493162 -0.5910670639632467
    outer loop
      vertex 2.9881006573555893 -12.44633498109026 1.48
      vertex 4.290803972560936 -13.205736747596973 0
      vertex 3.241466692260532 -13.501680468028539 0
    endloop
  endfacet
  facet normal -0.21894995212720195 0.7763379704493162 -0.5910670639632466
    outer loop
      vertex 2.9881006573555893 -12.44633498109026 1.48
      vertex 3.9554175279993267 -12.173523408577966 1.48
      vertex 4.290803972560936 -13.205736747596973 0
    endloop
  endfacet
  facet normal -0.2791857776362908 0.7567661643225647 -0.5910670639632464
    outer loop
      vertex 3.9554175279993267 -12.173523408577966 1.48
      vertex 5.313687019533393 -12.828375268763386 0
      vertex 4.290803972560936 -13.205736747596973 0
    endloop
  endfacet
  facet normal -0.2791857776362894 0.7567661643225658 -0.5910670639632458
    outer loop
      vertex 3.9554175279993267 -12.173523408577966 1.48
      vertex 4.89834793427315 -11.825658016144471 1.48
      vertex 5.313687019533393 -12.828375268763386 0
    endloop
  endfacet
  facet normal -0.3377003299875575 0.7325286431424801 -0.5910670639632458
    outer loop
      vertex 4.89834793427315 -11.825658016144471 1.48
      vertex 6.303809419050188 -12.371922590530218 0
      vertex 5.313687019533393 -12.828375268763386 0
    endloop
  endfacet
  facet normal -0.33770032998755795 0.7325286431424798 -0.591067063963246
    outer loop
      vertex 4.89834793427315 -11.825658016144471 1.48
      vertex 5.8110783966662 -11.40488350961111 1.48
      vertex 6.303809419050188 -12.371922590530218 0
    endloop
  endfacet
  facet normal -0.3941328475076988 0.7037748392869276 -0.591067063963246
    outer loop
      vertex 5.8110783966662 -11.40488350961111 1.48
      vertex 7.255066737269188 -11.83919289544469 0
      vertex 6.303809419050188 -12.371922590530218 0
    endloop
  endfacet
  facet normal -0.394132847507699 0.7037748392869275 -0.5910670639632462
    outer loop
      vertex 5.8110783966662 -11.40488350961111 1.48
      vertex 6.687981628364145 -10.913794103732382 1.48
      vertex 7.255066737269188 -11.83919289544469 0
    endloop
  endfacet
  facet normal -0.4481354049604817 0.6706820295182903 -0.5910670639632462
    outer loop
      vertex 6.687981628364145 -10.913794103732382 1.48
      vertex 8.16159415649842 -11.233470639227605 0
      vertex 7.255066737269188 -11.83919289544469 0
    endloop
  endfacet
  facet normal -0.4481354049604819 0.6706820295182901 -0.5910670639632464
    outer loop
      vertex 6.687981628364145 -10.913794103732382 1.48
      vertex 7.523651229343656 -10.355417527999329 1.48
      vertex 8.16159415649842 -11.233470639227605 0
    endloop
  endfacet
  facet normal -0.4993750586215403 0.6334542420132656 -0.5910670639632463
    outer loop
      vertex 7.523651229343656 -10.355417527999329 1.48
      vertex 8.312935018626352 -9.733196359680397 1.48
      vertex 8.16159415649842 -11.233470639227605 0
    endloop
  endfacet
  facet normal -0.49937505862154175 0.633454242013265 -0.5910670639632457
    outer loop
      vertex 8.312935018626352 -9.733196359680397 1.48
      vertex 9.017802633747376 -10.558490301011629 0
      vertex 8.16159415649842 -11.233470639227605 0
    endloop
  endfacet
  facet normal -0.5475358989871383 0.5923209984613197 -0.5910670639632456
    outer loop
      vertex 8.312935018626352 -9.733196359680397 1.48
      vertex 9.818413359035608 -9.818413359035608 0
      vertex 9.017802633747376 -10.558490301011629 0
    endloop
  endfacet
  facet normal -0.5475358989871383 0.5923209984613199 -0.5910670639632455
    outer loop
      vertex 8.312935018626352 -9.733196359680397 1.48
      vertex 9.05096679918781 -9.05096679918781 1.48
      vertex 9.818413359035608 -9.818413359035608 0
    endloop
  endfacet
  facet normal -0.5923209984613198 0.5475358989871384 -0.5910670639632456
    outer loop
      vertex 9.05096679918781 -9.05096679918781 1.48
      vertex 10.558490301011629 -9.017802633747376 0
      vertex 9.818413359035608 -9.818413359035608 0
    endloop
  endfacet
  facet normal -0.5923209984613198 0.5475358989871383 -0.5910670639632456
    outer loop
      vertex 9.05096679918781 -9.05096679918781 1.48
      vertex 9.733196359680397 -8.312935018626352 1.48
      vertex 10.558490301011629 -9.017802633747376 0
    endloop
  endfacet
  facet normal -0.633454242013265 0.49937505862154175 -0.5910670639632457
    outer loop
      vertex 9.733196359680397 -8.312935018626352 1.48
      vertex 11.233470639227605 -8.16159415649842 0
      vertex 10.558490301011629 -9.017802633747376 0
    endloop
  endfacet
  facet normal -0.6334542420132656 0.4993750586215403 -0.5910670639632463
    outer loop
      vertex 9.733196359680397 -8.312935018626352 1.48
      vertex 10.355417527999329 -7.523651229343656 1.48
      vertex 11.233470639227605 -8.16159415649842 0
    endloop
  endfacet
  facet normal -0.6706820295182903 0.4481354049604816 -0.5910670639632463
    outer loop
      vertex 10.355417527999329 -7.523651229343656 1.48
      vertex 11.83919289544469 -7.255066737269188 0
      vertex 11.233470639227605 -8.16159415649842 0
    endloop
  endfacet
  facet normal -0.6706820295182901 0.44813540496048193 -0.5910670639632462
    outer loop
      vertex 10.355417527999329 -7.523651229343656 1.48
      vertex 10.913794103732382 -6.687981628364145 1.48
      vertex 11.83919289544469 -7.255066737269188 0
    endloop
  endfacet
  facet normal -0.7037748392869277 0.39413284750769884 -0.5910670639632462
    outer loop
      vertex 10.913794103732382 -6.687981628364145 1.48
      vertex 12.371922590530218 -6.303809419050188 0
      vertex 11.83919289544469 -7.255066737269188 0
    endloop
  endfacet
  facet normal -0.73252864314248 0.3377003299875573 -0.591067063963246
    outer loop
      vertex 11.40488350961111 -5.8110783966662 1.48
      vertex 12.828375268763386 -5.313687019533393 0
      vertex 12.371922590530218 -6.303809419050188 0
    endloop
  endfacet
  facet normal -0.7037748392869276 0.394132847507699 -0.591067063963246
    outer loop
      vertex 10.913794103732382 -6.687981628364145 1.48
      vertex 11.40488350961111 -5.8110783966662 1.48
      vertex 12.371922590530218 -6.303809419050188 0
    endloop
  endfacet
  facet normal -0.7325286431424799 0.337700329987558 -0.5910670639632457
    outer loop
      vertex 11.40488350961111 -5.8110783966662 1.48
      vertex 11.825658016144471 -4.89834793427315 1.48
      vertex 12.828375268763386 -5.313687019533393 0
    endloop
  endfacet
  facet normal -0.7567661643225652 0.27918577763629104 -0.5910670639632457
    outer loop
      vertex 11.825658016144471 -4.89834793427315 1.48
      vertex 13.205736747596973 -4.290803972560936 0
      vertex 12.828375268763386 -5.313687019533393 0
    endloop
  endfacet
  facet normal -0.7567661643225654 0.27918577763628916 -0.5910670639632466
    outer loop
      vertex 11.825658016144471 -4.89834793427315 1.48
      vertex 12.173523408577966 -3.9554175279993267 1.48
      vertex 13.205736747596973 -4.290803972560936 0
    endloop
  endfacet
  facet normal -0.7763379704493162 0.21894995212720195 -0.5910670639632467
    outer loop
      vertex 12.173523408577966 -3.9554175279993267 1.48
      vertex 12.44633498109026 -2.9881006573555893 1.48
      vertex 13.501680468028539 -3.241466692260532 0
    endloop
  endfacet
  facet normal -0.7763379704493161 0.2189499521272021 -0.5910670639632466
    outer loop
      vertex 12.173523408577966 -3.9554175279993267 1.48
      vertex 13.501680468028539 -3.241466692260532 0
      vertex 13.205736747596973 -4.290803972560936 0
    endloop
  endfacet
  facet normal -0.791123394829675 0.15736422735500363 -0.5910670639632466
    outer loop
      vertex 12.44633498109026 -2.9881006573555893 1.48
      vertex 13.714381838610354 -2.172144691905286 0
      vertex 13.501680468028539 -3.241466692260532 0
    endloop
  endfacet
  facet normal -0.7911233948296751 0.15736422735500408 -0.5910670639632465
    outer loop
      vertex 12.44633498109026 -2.9881006573555893 1.48
      vertex 12.642410759617764 -2.0023611525149554 1.48
      vertex 13.714381838610354 -2.172144691905286 0
    endloop
  endfacet
  facet normal -0.8010312804056854 0.09480829979224245 -0.5910670639632465
    outer loop
      vertex 12.642410759617764 -2.0023611525149554 1.48
      vertex 13.842529484662393 -1.0894306972130363 0
      vertex 13.714381838610354 -2.172144691905286 0
    endloop
  endfacet
  facet normal -0.8010312804056855 0.09480829979224326 -0.591067063963246
    outer loop
      vertex 12.642410759617764 -2.0023611525149554 1.48
      vertex 12.760541871784039 -1.0042764253164154 1.48
      vertex 13.842529484662393 -1.0894306972130363 0
    endloop
  endfacet
  facet normal -0.8060005417680633 0.03166784753430729 -0.591067063963246
    outer loop
      vertex 12.760541871784039 -1.0042764253164154 1.48
      vertex 13.885333333333334 0 0
      vertex 13.842529484662393 -1.0894306972130363 0
    endloop
  endfacet
  facet normal -0.6706820295182901 -0.4481354049604819 -0.5910670639632464
    outer loop
      vertex 10.913794103732382 6.687981628364145 1.48
      vertex 10.355417527999329 7.523651229343656 1.48
      vertex 11.233470639227605 8.16159415649842 0
    endloop
  endfacet
  facet normal -0.5475358989871383 -0.5923209984613198 -0.5910670639632456
    outer loop
      vertex 9.05096679918781 9.05096679918781 1.48
      vertex 8.312935018626352 9.733196359680397 1.48
      vertex 9.017802633747376 10.558490301011629 0
    endloop
  endfacet
  facet normal -0.5475358989871383 -0.5923209984613197 -0.5910670639632456
    outer loop
      vertex 9.05096679918781 9.05096679918781 1.48
      vertex 9.017802633747376 10.558490301011629 0
      vertex 9.818413359035608 9.818413359035608 0
    endloop
  endfacet
  facet normal -0.6334542420132645 -0.4993750586215414 -0.5910670639632463
    outer loop
      vertex 10.355417527999329 7.523651229343656 1.48
      vertex 10.558490301011629 9.017802633747376 0
      vertex 11.233470639227605 8.16159415649842 0
    endloop
  endfacet
  facet normal -0.633454242013266 -0.49937505862154064 -0.5910670639632456
    outer loop
      vertex 9.733196359680397 8.312935018626352 1.48
      vertex 10.558490301011629 9.017802633747376 0
      vertex 10.355417527999329 7.523651229343656 1.48
    endloop
  endfacet
  facet normal -0.5923209984613198 -0.5475358989871384 -0.5910670639632456
    outer loop
      vertex 9.733196359680397 8.312935018626352 1.48
      vertex 9.818413359035608 9.818413359035608 0
      vertex 10.558490301011629 9.017802633747376 0
    endloop
  endfacet
  facet normal -0.5923209984613198 -0.5475358989871383 -0.5910670639632456
    outer loop
      vertex 9.733196359680397 8.312935018626352 1.48
      vertex 9.05096679918781 9.05096679918781 1.48
      vertex 9.818413359035608 9.818413359035608 0
    endloop
  endfacet
  facet normal -0.03166784753430704 -0.8060005417680633 -0.5910670639632462
    outer loop
      vertex 0 12.8 1.48
      vertex 0 13.885333333333334 0
      vertex 1.0042764253164154 12.760541871784039 1.48
    endloop
  endfacet
  facet normal -0.031667847534307236 -0.8060005417680633 -0.5910670639632462
    outer loop
      vertex 1.0042764253164154 12.760541871784039 1.48
      vertex 0 13.885333333333334 0
      vertex 1.0894306972130363 13.842529484662393 0
    endloop
  endfacet
  facet normal -0.09480829979224249 -0.8010312804056854 -0.5910670639632465
    outer loop
      vertex 2.0023611525149554 12.642410759617764 1.48
      vertex 1.0894306972130363 13.842529484662393 0
      vertex 2.172144691905286 13.714381838610354 0
    endloop
  endfacet
  facet normal -0.09480829979224326 -0.8010312804056855 -0.591067063963246
    outer loop
      vertex 1.0042764253164154 12.760541871784039 1.48
      vertex 1.0894306972130363 13.842529484662393 0
      vertex 2.0023611525149554 12.642410759617764 1.48
    endloop
  endfacet
  facet normal -0.15736422735500408 -0.7911233948296751 -0.5910670639632465
    outer loop
      vertex 2.0023611525149554 12.642410759617764 1.48
      vertex 2.172144691905286 13.714381838610354 0
      vertex 2.9881006573555893 12.44633498109026 1.48
    endloop
  endfacet
  facet normal -0.21894995212720195 -0.7763379704493162 -0.5910670639632467
    outer loop
      vertex 2.9881006573555893 12.44633498109026 1.48
      vertex 3.241466692260532 13.501680468028539 0
      vertex 3.9554175279993267 12.173523408577966 1.48
    endloop
  endfacet
  facet normal -0.27918577763628916 -0.7567661643225654 -0.5910670639632466
    outer loop
      vertex 3.9554175279993267 12.173523408577966 1.48
      vertex 4.290803972560936 13.205736747596973 0
      vertex 4.89834793427315 11.825658016144471 1.48
    endloop
  endfacet
  facet normal -0.337700329987558 -0.7325286431424799 -0.5910670639632457
    outer loop
      vertex 4.89834793427315 11.825658016144471 1.48
      vertex 5.313687019533393 12.828375268763386 0
      vertex 5.8110783966662 11.40488350961111 1.48
    endloop
  endfacet
  facet normal -0.2791857776362909 -0.7567661643225652 -0.5910670639632457
    outer loop
      vertex 4.89834793427315 11.825658016144471 1.48
      vertex 4.290803972560936 13.205736747596973 0
      vertex 5.313687019533393 12.828375268763386 0
    endloop
  endfacet
  facet normal -0.15736422735500363 -0.791123394829675 -0.5910670639632466
    outer loop
      vertex 2.9881006573555893 12.44633498109026 1.48
      vertex 2.172144691905286 13.714381838610354 0
      vertex 3.241466692260532 13.501680468028539 0
    endloop
  endfacet
  facet normal -0.21894995212720209 -0.7763379704493161 -0.5910670639632466
    outer loop
      vertex 3.9554175279993267 12.173523408577966 1.48
      vertex 3.241466692260532 13.501680468028539 0
      vertex 4.290803972560936 13.205736747596973 0
    endloop
  endfacet
  facet normal -0.33770032998755733 -0.7325286431424801 -0.591067063963246
    outer loop
      vertex 5.8110783966662 11.40488350961111 1.48
      vertex 5.313687019533393 12.828375268763386 0
      vertex 6.303809419050188 12.371922590530218 0
    endloop
  endfacet
  facet normal -0.3941328475076987 -0.7037748392869277 -0.5910670639632462
    outer loop
      vertex 6.687981628364145 10.913794103732382 1.48
      vertex 6.303809419050188 12.371922590530218 0
      vertex 7.255066737269188 11.83919289544469 0
    endloop
  endfacet
  facet normal -0.394132847507699 -0.7037748392869276 -0.591067063963246
    outer loop
      vertex 6.687981628364145 10.913794103732382 1.48
      vertex 5.8110783966662 11.40488350961111 1.48
      vertex 6.303809419050188 12.371922590530218 0
    endloop
  endfacet
  facet normal -0.44813540496048193 -0.6706820295182901 -0.5910670639632462
    outer loop
      vertex 6.687981628364145 10.913794103732382 1.48
      vertex 7.255066737269188 11.83919289544469 0
      vertex 7.523651229343656 10.355417527999329 1.48
    endloop
  endfacet
  facet normal -0.4993750586215403 -0.6334542420132656 -0.5910670639632463
    outer loop
      vertex 7.523651229343656 10.355417527999329 1.48
      vertex 8.16159415649842 11.233470639227605 0
      vertex 8.312935018626352 9.733196359680397 1.48
    endloop
  endfacet
  facet normal -0.44813540496048165 -0.6706820295182903 -0.5910670639632463
    outer loop
      vertex 7.523651229343656 10.355417527999329 1.48
      vertex 7.255066737269188 11.83919289544469 0
      vertex 8.16159415649842 11.233470639227605 0
    endloop
  endfacet
  facet normal -0.4993750586215417 -0.633454242013265 -0.5910670639632455
    outer loop
      vertex 8.312935018626352 9.733196359680397 1.48
      vertex 8.16159415649842 11.233470639227605 0
      vertex 9.017802633747376 10.558490301011629 0
    endloop
  endfacet
  facet normal -0.8060005417680633 0.03166784753430704 -0.5910670639632462
    outer loop
      vertex 12.760541871784039 -1.0042764253164154 1.48
      vertex 12.8 0 1.48
      vertex 13.885333333333334 0 0
    endloop
  endfacet
  facet normal -0.8060005417680633 -0.031667847534307215 -0.5910670639632462
    outer loop
      vertex 12.8 0 1.48
      vertex 13.842529484662393 1.0894306972130363 0
      vertex 13.885333333333334 0 0
    endloop
  endfacet
  facet normal -0.8060005417680635 -0.03166784753430704 -0.5910670639632462
    outer loop
      vertex 12.8 0 1.48
      vertex 12.760541871784039 1.0042764253164154 1.48
      vertex 13.842529484662393 1.0894306972130363 0
    endloop
  endfacet
  facet normal -0.8010312804056856 -0.09480829979224252 -0.5910670639632462
    outer loop
      vertex 12.760541871784039 1.0042764253164154 1.48
      vertex 13.714381838610354 2.172144691905286 0
      vertex 13.842529484662393 1.0894306972130363 0
    endloop
  endfacet
  facet normal -0.8010312804056852 -0.09480829979224321 -0.5910670639632465
    outer loop
      vertex 12.760541871784039 1.0042764253164154 1.48
      vertex 12.642410759617764 2.0023611525149554 1.48
      vertex 13.714381838610354 2.172144691905286 0
    endloop
  endfacet
  facet normal -0.791123394829675 -0.15736422735500408 -0.5910670639632466
    outer loop
      vertex 12.642410759617764 2.0023611525149554 1.48
      vertex 12.44633498109026 2.9881006573555893 1.48
      vertex 13.501680468028539 3.241466692260532 0
    endloop
  endfacet
  facet normal -0.7911233948296752 -0.15736422735500366 -0.5910670639632464
    outer loop
      vertex 12.642410759617764 2.0023611525149554 1.48
      vertex 13.501680468028539 3.241466692260532 0
      vertex 13.714381838610354 2.172144691905286 0
    endloop
  endfacet
  facet normal -0.7763379704493161 -0.21894995212720214 -0.5910670639632467
    outer loop
      vertex 12.44633498109026 2.9881006573555893 1.48
      vertex 13.205736747596973 4.290803972560936 0
      vertex 13.501680468028539 3.241466692260532 0
    endloop
  endfacet
  facet normal -0.7763379704493162 -0.21894995212720195 -0.5910670639632466
    outer loop
      vertex 12.44633498109026 2.9881006573555893 1.48
      vertex 12.173523408577966 3.9554175279993267 1.48
      vertex 13.205736747596973 4.290803972560936 0
    endloop
  endfacet
  facet normal -0.7567661643225646 -0.2791857776362908 -0.5910670639632464
    outer loop
      vertex 12.173523408577966 3.9554175279993267 1.48
      vertex 12.828375268763386 5.313687019533393 0
      vertex 13.205736747596973 4.290803972560936 0
    endloop
  endfacet
  facet normal -0.7567661643225658 -0.2791857776362894 -0.5910670639632457
    outer loop
      vertex 12.173523408577966 3.9554175279993267 1.48
      vertex 11.825658016144471 4.89834793427315 1.48
      vertex 12.828375268763386 5.313687019533393 0
    endloop
  endfacet
  facet normal -0.7325286431424798 -0.33770032998755795 -0.591067063963246
    outer loop
      vertex 11.825658016144471 4.89834793427315 1.48
      vertex 11.40488350961111 5.8110783966662 1.48
      vertex 12.371922590530218 6.303809419050188 0
    endloop
  endfacet
  facet normal -0.7037748392869275 -0.394132847507699 -0.5910670639632462
    outer loop
      vertex 10.913794103732382 6.687981628364145 1.48
      vertex 11.83919289544469 7.255066737269188 0
      vertex 11.40488350961111 5.8110783966662 1.48
    endloop
  endfacet
  facet normal -0.6706820295182903 -0.4481354049604817 -0.5910670639632462
    outer loop
      vertex 10.913794103732382 6.687981628364145 1.48
      vertex 11.233470639227605 8.16159415649842 0
      vertex 11.83919289544469 7.255066737269188 0
    endloop
  endfacet
  facet normal -0.7037748392869277 -0.3941328475076988 -0.591067063963246
    outer loop
      vertex 11.40488350961111 5.8110783966662 1.48
      vertex 11.83919289544469 7.255066737269188 0
      vertex 12.371922590530218 6.303809419050188 0
    endloop
  endfacet
  facet normal -0.7325286431424802 -0.33770032998755745 -0.5910670639632457
    outer loop
      vertex 11.825658016144471 4.89834793427315 1.48
      vertex 12.371922590530218 6.303809419050188 0
      vertex 12.828375268763386 5.313687019533393 0
    endloop
  endfacet
  facet normal 0 0 1
    outer loop
      vertex -14.412487158720037 -14.279337657996221 33.126
      vertex -14.348528137423857 -14.348528137423857 33.126
      vertex -14.348528137423857 -12.651471862576143 33.126
    endloop
  endfacet
  facet normal 0 0 1
    outer loop
      vertex -14.279337657996221 -14.412487158720037 33.126
      vertex -14.279337657996221 -12.587512841279963 33.126
      vertex -14.348528137423857 -14.348528137423857 33.126
    endloop
  endfacet
  facet normal 0 0 1
    outer loop
      vertex -14.279337657996221 -14.412487158720037 33.126
      vertex -14.205342302750967 -14.470820393249937 33.126
      vertex -14.205342302750967 -12.529179606750063 33.126
    endloop
  endfacet
  facet normal 0 0 1
    outer loop
      vertex -14.205342302750967 -14.470820393249937 33.126
      vertex -14.126998277659139 -14.52316819722491 33.126
      vertex -14.126998277659139 -12.47683180277509 33.126
    endloop
  endfacet
  facet normal 0 0 1
    outer loop
      vertex -14.044788599687456 -14.569207829026041 33.126
      vertex -14.044788599687456 -12.430792170973959 33.126
      vertex -14.126998277659139 -14.52316819722491 33.126
    endloop
  endfacet
  facet normal 0 0 1
    outer loop
      vertex -14.044788599687456 -14.569207829026041 33.126
      vertex -13.959220118838108 -14.608655439013544 33.126
      vertex -13.959220118838108 -12.391344560986456 33.126
    endloop
  endfacet
  facet normal 0 0 1
    outer loop
      vertex -13.959220118838108 -14.608655439013544 33.126
      vertex -13.870820393249938 -14.641267819554184 33.126
      vertex -13.870820393249938 -12.358732180445816 33.126
    endloop
  endfacet
  facet normal 0 0 1
    outer loop
      vertex -13.870820393249938 -14.641267819554184 33.126
      vertex -13.780134436627087 -14.666843904477211 33.126
      vertex -13.780134436627087 -12.333156095522789 33.126
    endloop
  endfacet
  facet normal 0 0 1
    outer loop
      vertex -13.780134436627087 -14.666843904477211 33.126
      vertex -13.687721358048277 -14.685226008714166 33.126
      vertex -13.687721358048277 -12.314773991285834 33.126
    endloop
  endfacet
  facet normal 0 0 1
    outer loop
      vertex -13.687721358048277 -14.685226008714166 33.126
      vertex -13.594150914873413 -14.696300800479754 33.126
      vertex -13.594150914873413 -12.303699199520246 33.126
    endloop
  endfacet
  facet normal 0.9381913359224859 0.346117057077488 -7.542806304418863e-20
    outer loop
      vertex -14.608655439013544 -13.959220118838108 33.126
      vertex -14.641267819554184 -13.870820393249938 33.126
      vertex -14.641267819554184 -13.870820393249938 36.525999999999996
    endloop
  endfacet
  facet normal 0.9624552364536474 0.2714404498650744 -6.41452518855391e-19
    outer loop
      vertex -14.641267819554184 -13.870820393249938 33.126
      vertex -14.666843904477211 -13.780134436627087 33.126
      vertex -14.666843904477211 -13.780134436627087 36.525999999999996
    endloop
  endfacet
  facet normal 0.7853169308807451 0.6190939493098337 -8.97163088258771e-19
    outer loop
      vertex -14.412487158720037 -14.279337657996221 33.126
      vertex -14.470820393249937 -14.205342302750967 33.126
      vertex -14.470820393249937 -14.205342302750967 36.525999999999996
    endloop
  endfacet
  facet normal 0.8314696123025472 0.555570233019599 0
    outer loop
      vertex -14.52316819722491 -14.126998277659139 33.126
      vertex -14.52316819722491 -14.126998277659139 36.525999999999996
      vertex -14.470820393249937 -14.205342302750967 33.126
    endloop
  endfacet
  facet normal 0.7343225094356857 0.6788007455329416 0
    outer loop
      vertex -14.412487158720037 -14.279337657996221 33.126
      vertex -14.412487158720037 -14.279337657996221 36.525999999999996
      vertex -14.348528137423857 -14.348528137423857 33.126
    endloop
  endfacet
  facet normal 0.6788007455329416 0.7343225094356857 8.185499375276663e-19
    outer loop
      vertex -14.279337657996221 -14.412487158720037 33.126
      vertex -14.348528137423857 -14.348528137423857 33.126
      vertex -14.348528137423857 -14.348528137423857 36.525999999999996
    endloop
  endfacet
  facet normal 0.8724960070727978 0.4886212414969538 0
    outer loop
      vertex -14.569207829026041 -14.044788599687456 33.126
      vertex -14.569207829026041 -14.044788599687456 36.525999999999996
      vertex -14.52316819722491 -14.126998277659139 33.126
    endloop
  endfacet
  facet normal 0.9081431738250788 0.4186597375374334 0
    outer loop
      vertex -14.608655439013544 -13.959220118838108 33.126
      vertex -14.608655439013544 -13.959220118838108 36.525999999999996
      vertex -14.569207829026041 -14.044788599687456 33.126
    endloop
  endfacet
  facet normal 0.6190939493098337 0.7853169308807451 0
    outer loop
      vertex -14.279337657996221 -14.412487158720037 33.126
      vertex -14.279337657996221 -14.412487158720037 36.525999999999996
      vertex -14.205342302750967 -14.470820393249937 33.126
    endloop
  endfacet
  facet normal 0.555570233019599 0.8314696123025472 0
    outer loop
      vertex -14.205342302750967 -14.470820393249937 33.126
      vertex -14.205342302750967 -14.470820393249937 36.525999999999996
      vertex -14.126998277659139 -14.52316819722491 33.126
    endloop
  endfacet
  facet normal 0.4886212414969538 0.8724960070727978 1.7860241924736678e-19
    outer loop
      vertex -14.044788599687456 -14.569207829026041 33.126
      vertex -14.126998277659139 -14.52316819722491 33.126
      vertex -14.126998277659139 -14.52316819722491 36.525999999999996
    endloop
  endfacet
  facet normal 0.346117057077488 0.9381913359224859 0
    outer loop
      vertex -13.959220118838108 -14.608655439013544 33.126
      vertex -13.959220118838108 -14.608655439013544 36.525999999999996
      vertex -13.870820393249938 -14.641267819554184 33.126
    endloop
  endfacet
  facet normal 0.4186597375374334 0.9081431738250788 0
    outer loop
      vertex -14.044788599687456 -14.569207829026041 33.126
      vertex -14.044788599687456 -14.569207829026041 36.525999999999996
      vertex -13.959220118838108 -14.608655439013544 33.126
    endloop
  endfacet
  facet normal 0.2714404498650744 0.9624552364536474 0
    outer loop
      vertex -13.870820393249938 -14.641267819554184 33.126
      vertex -13.870820393249938 -14.641267819554184 36.525999999999996
      vertex -13.780134436627087 -14.666843904477211 33.126
    endloop
  endfacet
  facet normal 0.19509032201613508 0.980785280403229 0
    outer loop
      vertex -13.780134436627087 -14.666843904477211 33.126
      vertex -13.780134436627087 -14.666843904477211 36.525999999999996
      vertex -13.687721358048277 -14.685226008714166 33.126
    endloop
  endfacet
  facet normal 0.11753739745784327 0.9930684569549256 0
    outer loop
      vertex -13.687721358048277 -14.685226008714166 33.126
      vertex -13.687721358048277 -14.685226008714166 36.525999999999996
      vertex -13.594150914873413 -14.696300800479754 33.126
    endloop
  endfacet
  facet normal 0 0 1
    outer loop
      vertex -14.641267819554184 -13.870820393249938 33.126
      vertex -14.641267819554184 -13.129179606750062 33.126
      vertex -14.666843904477211 -13.780134436627087 33.126
    endloop
  endfacet
  facet normal 0 0 1
    outer loop
      vertex -14.608655439013544 -13.959220118838108 33.126
      vertex -14.608655439013544 -13.040779881161892 33.126
      vertex -14.641267819554184 -13.870820393249938 33.126
    endloop
  endfacet
  facet normal 0 0 1
    outer loop
      vertex -14.685226008714166 -13.687721358048277 33.126
      vertex -14.685226008714166 -13.312278641951723 33.126
      vertex -14.696300800479754 -13.594150914873413 33.126
    endloop
  endfacet
  facet normal 0 0 1
    outer loop
      vertex -14.696300800479754 -13.594150914873413 33.126
      vertex -14.696300800479754 -13.405849085126587 33.126
      vertex -14.7 -13.5 33.126
    endloop
  endfacet
  facet normal 0 0 1
    outer loop
      vertex -14.696300800479754 -13.594150914873413 33.126
      vertex -14.685226008714166 -13.312278641951723 33.126
      vertex -14.696300800479754 -13.405849085126587 33.126
    endloop
  endfacet
  facet normal 0 0 1
    outer loop
      vertex -14.685226008714166 -13.687721358048277 33.126
      vertex -14.666843904477211 -13.780134436627087 33.126
      vertex -14.666843904477211 -13.219865563372913 33.126
    endloop
  endfacet
  facet normal 0 0 1
    outer loop
      vertex -14.685226008714166 -13.687721358048277 33.126
      vertex -14.666843904477211 -13.219865563372913 33.126
      vertex -14.685226008714166 -13.312278641951723 33.126
    endloop
  endfacet
  facet normal 0 0 1
    outer loop
      vertex -14.666843904477211 -13.780134436627087 33.126
      vertex -14.641267819554184 -13.129179606750062 33.126
      vertex -14.666843904477211 -13.219865563372913 33.126
    endloop
  endfacet
  facet normal 0 0 1
    outer loop
      vertex -14.641267819554184 -13.870820393249938 33.126
      vertex -14.608655439013544 -13.040779881161892 33.126
      vertex -14.641267819554184 -13.129179606750062 33.126
    endloop
  endfacet
  facet normal 0 0 1
    outer loop
      vertex -14.569207829026041 -14.044788599687456 33.126
      vertex -14.52316819722491 -14.126998277659139 33.126
      vertex -14.52316819722491 -12.873001722340861 33.126
    endloop
  endfacet
  facet normal 0 0 1
    outer loop
      vertex -14.608655439013544 -13.959220118838108 33.126
      vertex -14.569207829026041 -14.044788599687456 33.126
      vertex -14.569207829026041 -12.955211400312544 33.126
    endloop
  endfacet
  facet normal 0 0 1
    outer loop
      vertex -14.52316819722491 -14.126998277659139 33.126
      vertex -14.470820393249937 -14.205342302750967 33.126
      vertex -14.470820393249937 -12.794657697249033 33.126
    endloop
  endfacet
  facet normal 0 0 1
    outer loop
      vertex -14.412487158720037 -14.279337657996221 33.126
      vertex -14.412487158720037 -12.720662342003779 33.126
      vertex -14.470820393249937 -14.205342302750967 33.126
    endloop
  endfacet
  facet normal 0 0 1
    outer loop
      vertex -14.608655439013544 -13.959220118838108 33.126
      vertex -14.569207829026041 -12.955211400312544 33.126
      vertex -14.608655439013544 -13.040779881161892 33.126
    endloop
  endfacet
  facet normal 0 0 1
    outer loop
      vertex -14.569207829026041 -14.044788599687456 33.126
      vertex -14.52316819722491 -12.873001722340861 33.126
      vertex -14.569207829026041 -12.955211400312544 33.126
    endloop
  endfacet
  facet normal 0 0 1
    outer loop
      vertex -14.52316819722491 -14.126998277659139 33.126
      vertex -14.470820393249937 -12.794657697249033 33.126
      vertex -14.52316819722491 -12.873001722340861 33.126
    endloop
  endfacet
  facet normal 0 0 1
    outer loop
      vertex -14.470820393249937 -14.205342302750967 33.126
      vertex -14.412487158720037 -12.720662342003779 33.126
      vertex -14.470820393249937 -12.794657697249033 33.126
    endloop
  endfacet
  facet normal 0 0 1
    outer loop
      vertex -14.412487158720037 -14.279337657996221 33.126
      vertex -14.348528137423857 -12.651471862576143 33.126
      vertex -14.412487158720037 -12.720662342003779 33.126
    endloop
  endfacet
  facet normal 0 0 1
    outer loop
      vertex -14.348528137423857 -14.348528137423857 33.126
      vertex -14.279337657996221 -12.587512841279963 33.126
      vertex -14.348528137423857 -12.651471862576143 33.126
    endloop
  endfacet
  facet normal 0 0 1
    outer loop
      vertex -14.279337657996221 -14.412487158720037 33.126
      vertex -14.205342302750967 -12.529179606750063 33.126
      vertex -14.279337657996221 -12.587512841279963 33.126
    endloop
  endfacet
  facet normal 0 0 1
    outer loop
      vertex -14.205342302750967 -14.470820393249937 33.126
      vertex -14.126998277659139 -12.47683180277509 33.126
      vertex -14.205342302750967 -12.529179606750063 33.126
    endloop
  endfacet
  facet normal 0 0 1
    outer loop
      vertex -14.126998277659139 -14.52316819722491 33.126
      vertex -14.044788599687456 -12.430792170973959 33.126
      vertex -14.126998277659139 -12.47683180277509 33.126
    endloop
  endfacet
  facet normal 0 0 1
    outer loop
      vertex -14.044788599687456 -14.569207829026041 33.126
      vertex -13.959220118838108 -12.391344560986456 33.126
      vertex -14.044788599687456 -12.430792170973959 33.126
    endloop
  endfacet
  facet normal 0 0 1
    outer loop
      vertex -13.959220118838108 -14.608655439013544 33.126
      vertex -13.870820393249938 -12.358732180445816 33.126
      vertex -13.959220118838108 -12.391344560986456 33.126
    endloop
  endfacet
  facet normal 0 0 1
    outer loop
      vertex -13.870820393249938 -14.641267819554184 33.126
      vertex -13.780134436627087 -12.333156095522789 33.126
      vertex -13.870820393249938 -12.358732180445816 33.126
    endloop
  endfacet
  facet normal 0 0 1
    outer loop
      vertex -13.780134436627087 -14.666843904477211 33.126
      vertex -13.687721358048277 -12.314773991285834 33.126
      vertex -13.780134436627087 -12.333156095522789 33.126
    endloop
  endfacet
  facet normal 0 0 1
    outer loop
      vertex -13.687721358048277 -14.685226008714166 33.126
      vertex -13.594150914873413 -12.303699199520246 33.126
      vertex -13.687721358048277 -12.314773991285834 33.126
    endloop
  endfacet
  facet normal 0.9930684569549256 0.11753739745784327 3.217768296891188e-19
    outer loop
      vertex -14.685226008714166 -13.687721358048277 33.126
      vertex -14.696300800479754 -13.594150914873413 33.126
      vertex -14.696300800479754 -13.594150914873413 36.525999999999996
    endloop
  endfacet
  facet normal 0.980785280403229 0.19509032201613508 0
    outer loop
      vertex -14.685226008714166 -13.687721358048277 33.126
      vertex -14.685226008714166 -13.687721358048277 36.525999999999996
      vertex -14.666843904477211 -13.780134436627087 33.126
    endloop
  endfacet
  facet normal 0.9992290362407236 0.03925981575905251 5.999498325345624e-20
    outer loop
      vertex -14.696300800479754 -13.594150914873413 33.126
      vertex -14.7 -13.5 33.126
      vertex -14.7 -13.5 36.525999999999996
    endloop
  endfacet
  facet normal 0.9992290362407236 -0.03925981575905251 -5.999498325345624e-20
    outer loop
      vertex -14.7 -13.5 33.126
      vertex -14.696300800479754 -13.405849085126587 33.126
      vertex -14.696300800479754 -13.405849085126587 36.525999999999996
    endloop
  endfacet
  facet normal 0.9930684569549256 -0.11753739745784327 -3.217768296891188e-19
    outer loop
      vertex -14.696300800479754 -13.405849085126587 33.126
      vertex -14.685226008714166 -13.312278641951723 33.126
      vertex -14.685226008714166 -13.312278641951723 36.525999999999996
    endloop
  endfacet
  facet normal 0.980785280403229 -0.19509032201613508 2.589141967245113e-19
    outer loop
      vertex -14.685226008714166 -13.312278641951723 33.126
      vertex -14.666843904477211 -13.219865563372913 33.126
      vertex -14.666843904477211 -13.219865563372913 36.525999999999996
    endloop
  endfacet
  facet normal 0.9624552364536474 -0.2714404498650744 6.41452518855391e-19
    outer loop
      vertex -14.666843904477211 -13.219865563372913 33.126
      vertex -14.641267819554184 -13.129179606750062 33.126
      vertex -14.641267819554184 -13.129179606750062 36.525999999999996
    endloop
  endfacet
  facet normal 0.9381913359224859 -0.346117057077488 7.542806304418863e-20
    outer loop
      vertex -14.641267819554184 -13.129179606750062 33.126
      vertex -14.608655439013544 -13.040779881161892 33.126
      vertex -14.608655439013544 -13.040779881161892 36.525999999999996
    endloop
  endfacet
  facet normal 0.9081431738250788 -0.4186597375374334 -3.3160861810076813e-19
    outer loop
      vertex -14.608655439013544 -13.040779881161892 33.126
      vertex -14.569207829026041 -12.955211400312544 33.126
      vertex -14.569207829026041 -12.955211400312544 36.525999999999996
    endloop
  endfacet
  facet normal 0.8724960070727978 -0.4886212414969538 -1.7860241924736678e-19
    outer loop
      vertex -14.569207829026041 -12.955211400312544 33.126
      vertex -14.52316819722491 -12.873001722340861 33.126
      vertex -14.52316819722491 -12.873001722340861 36.525999999999996
    endloop
  endfacet
  facet normal 0.8314696123025472 -0.555570233019599 9.451544207609137e-19
    outer loop
      vertex -14.52316819722491 -12.873001722340861 33.126
      vertex -14.470820393249937 -12.794657697249033 33.126
      vertex -14.470820393249937 -12.794657697249033 36.525999999999996
    endloop
  endfacet
  facet normal 0.7853169308807451 -0.6190939493098337 8.97163088258771e-19
    outer loop
      vertex -14.470820393249937 -12.794657697249033 33.126
      vertex -14.412487158720037 -12.720662342003779 33.126
      vertex -14.412487158720037 -12.720662342003779 36.525999999999996
    endloop
  endfacet
  facet normal 0.7343225094356857 -0.6788007455329416 -8.185499375276663e-19
    outer loop
      vertex -14.412487158720037 -12.720662342003779 33.126
      vertex -14.348528137423857 -12.651471862576143 33.126
      vertex -14.348528137423857 -12.651471862576143 36.525999999999996
    endloop
  endfacet
  facet normal 0.6788007455329416 -0.7343225094356857 -8.185499375276663e-19
    outer loop
      vertex -14.348528137423857 -12.651471862576143 33.126
      vertex -14.279337657996221 -12.587512841279963 33.126
      vertex -14.279337657996221 -12.587512841279963 36.525999999999996
    endloop
  endfacet
  facet normal 0.6190939493098337 -0.7853169308807451 8.97163088258771e-19
    outer loop
      vertex -14.279337657996221 -12.587512841279963 33.126
      vertex -14.205342302750967 -12.529179606750063 33.126
      vertex -14.205342302750967 -12.529179606750063 36.525999999999996
    endloop
  endfacet
  facet normal 0.555570233019599 -0.8314696123025472 9.451544207609137e-19
    outer loop
      vertex -14.205342302750967 -12.529179606750063 33.126
      vertex -14.126998277659139 -12.47683180277509 33.126
      vertex -14.126998277659139 -12.47683180277509 36.525999999999996
    endloop
  endfacet
  facet normal 0.4886212414969538 -0.8724960070727978 -1.7860241924736678e-19
    outer loop
      vertex -14.126998277659139 -12.47683180277509 33.126
      vertex -14.044788599687456 -12.430792170973959 33.126
      vertex -14.044788599687456 -12.430792170973959 36.525999999999996
    endloop
  endfacet
  facet normal 0.4186597375374334 -0.9081431738250788 -3.3160861810076813e-19
    outer loop
      vertex -14.044788599687456 -12.430792170973959 33.126
      vertex -13.959220118838108 -12.391344560986456 33.126
      vertex -13.959220118838108 -12.391344560986456 36.525999999999996
    endloop
  endfacet
  facet normal 0.346117057077488 -0.9381913359224859 7.542806304418863e-20
    outer loop
      vertex -13.959220118838108 -12.391344560986456 33.126
      vertex -13.870820393249938 -12.358732180445816 33.126
      vertex -13.870820393249938 -12.358732180445816 36.525999999999996
    endloop
  endfacet
  facet normal 0.2714404498650744 -0.9624552364536474 6.41452518855391e-19
    outer loop
      vertex -13.870820393249938 -12.358732180445816 33.126
      vertex -13.780134436627087 -12.333156095522789 33.126
      vertex -13.780134436627087 -12.333156095522789 36.525999999999996
    endloop
  endfacet
  facet normal 0.19509032201613508 -0.980785280403229 2.589141967245113e-19
    outer loop
      vertex -13.780134436627087 -12.333156095522789 33.126
      vertex -13.687721358048277 -12.314773991285834 33.126
      vertex -13.687721358048277 -12.314773991285834 36.525999999999996
    endloop
  endfacet
  facet normal 0.11753739745784327 -0.9930684569549256 -3.217768296891188e-19
    outer loop
      vertex -13.687721358048277 -12.314773991285834 33.126
      vertex -13.594150914873413 -12.303699199520246 33.126
      vertex -13.594150914873413 -12.303699199520246 36.525999999999996
    endloop
  endfacet
  facet normal 0 0 1
    outer loop
      vertex -13.594150914873413 -14.696300800479754 33.126
      vertex -13.5 -14.7 33.126
      vertex -13.5 -12.3 33.126
    endloop
  endfacet
  facet normal 0 0 1
    outer loop
      vertex -13.5 -14.7 33.126
      vertex -13.405849085126587 -14.696300800479754 33.126
      vertex -13.405849085126587 -12.303699199520246 33.126
    endloop
  endfacet
  facet normal 0 0 1
    outer loop
      vertex -13.405849085126587 -14.696300800479754 33.126
      vertex -13.312278641951723 -14.685226008714166 33.126
      vertex -13.312278641951723 -12.314773991285834 33.126
    endloop
  endfacet
  facet normal 0 0 1
    outer loop
      vertex -13.312278641951723 -14.685226008714166 33.126
      vertex -13.219865563372913 -14.666843904477211 33.126
      vertex -13.219865563372913 -12.333156095522789 33.126
    endloop
  endfacet
  facet normal 0 0 1
    outer loop
      vertex -13.219865563372913 -14.666843904477211 33.126
      vertex -13.129179606750062 -14.641267819554184 33.126
      vertex -13.129179606750062 -12.358732180445816 33.126
    endloop
  endfacet
  facet normal 0 0 1
    outer loop
      vertex -13.129179606750062 -14.641267819554184 33.126
      vertex -13.040779881161892 -14.608655439013544 33.126
      vertex -13.040779881161892 -12.391344560986456 33.126
    endloop
  endfacet
  facet normal 0 0 1
    outer loop
      vertex -13.040779881161892 -14.608655439013544 33.126
      vertex -12.955211400312544 -14.569207829026041 33.126
      vertex -12.955211400312544 -12.430792170973959 33.126
    endloop
  endfacet
  facet normal 0 0 1
    outer loop
      vertex -12.955211400312544 -14.569207829026041 33.126
      vertex -12.873001722340861 -14.52316819722491 33.126
      vertex -12.873001722340861 -12.47683180277509 33.126
    endloop
  endfacet
  facet normal 0 0 1
    outer loop
      vertex -12.873001722340861 -14.52316819722491 33.126
      vertex -12.794657697249033 -14.470820393249937 33.126
      vertex -12.794657697249033 -12.529179606750063 33.126
    endloop
  endfacet
  facet normal 0 0 1
    outer loop
      vertex -12.794657697249033 -14.470820393249937 33.126
      vertex -12.720662342003779 -14.412487158720037 33.126
      vertex -12.720662342003779 -12.587512841279963 33.126
    endloop
  endfacet
  facet normal 0 0 1
    outer loop
      vertex -12.720662342003779 -14.412487158720037 33.126
      vertex -12.651471862576143 -14.348528137423857 33.126
      vertex -12.651471862576143 -12.651471862576143 33.126
    endloop
  endfacet
  facet normal 0 0 1
    outer loop
      vertex -12.651471862576143 -14.348528137423857 33.126
      vertex -12.587512841279963 -14.279337657996221 33.126
      vertex -12.587512841279963 -12.720662342003779 33.126
    endloop
  endfacet
  facet normal 0 0 1
    outer loop
      vertex -12.587512841279963 -14.279337657996221 33.126
      vertex -12.529179606750063 -14.205342302750967 33.126
      vertex -12.529179606750063 -12.794657697249033 33.126
    endloop
  endfacet
  facet normal 0.03925981575905251 0.9992290362407236 0
    outer loop
      vertex -13.594150914873413 -14.696300800479754 33.126
      vertex -13.594150914873413 -14.696300800479754 36.525999999999996
      vertex -13.5 -14.7 33.126
    endloop
  endfacet
  facet normal -0.03925981575905251 0.9992290362407236 0
    outer loop
      vertex -13.5 -14.7 33.126
      vertex -13.5 -14.7 36.525999999999996
      vertex -13.405849085126587 -14.696300800479754 33.126
    endloop
  endfacet
  facet normal -0.11753739745784327 0.9930684569549256 0
    outer loop
      vertex -13.405849085126587 -14.696300800479754 33.126
      vertex -13.405849085126587 -14.696300800479754 36.525999999999996
      vertex -13.312278641951723 -14.685226008714166 33.126
    endloop
  endfacet
  facet normal -0.19509032201613508 0.980785280403229 0
    outer loop
      vertex -13.312278641951723 -14.685226008714166 33.126
      vertex -13.312278641951723 -14.685226008714166 36.525999999999996
      vertex -13.219865563372913 -14.666843904477211 33.126
    endloop
  endfacet
  facet normal -0.2714404498650744 0.9624552364536474 0
    outer loop
      vertex -13.219865563372913 -14.666843904477211 33.126
      vertex -13.219865563372913 -14.666843904477211 36.525999999999996
      vertex -13.129179606750062 -14.641267819554184 33.126
    endloop
  endfacet
  facet normal -0.346117057077488 0.9381913359224859 0
    outer loop
      vertex -13.129179606750062 -14.641267819554184 33.126
      vertex -13.129179606750062 -14.641267819554184 36.525999999999996
      vertex -13.040779881161892 -14.608655439013544 33.126
    endloop
  endfacet
  facet normal -0.4186597375374334 0.9081431738250788 0
    outer loop
      vertex -13.040779881161892 -14.608655439013544 33.126
      vertex -13.040779881161892 -14.608655439013544 36.525999999999996
      vertex -12.955211400312544 -14.569207829026041 33.126
    endloop
  endfacet
  facet normal -0.4886212414969538 0.8724960070727978 0
    outer loop
      vertex -12.955211400312544 -14.569207829026041 33.126
      vertex -12.955211400312544 -14.569207829026041 36.525999999999996
      vertex -12.873001722340861 -14.52316819722491 33.126
    endloop
  endfacet
  facet normal -0.555570233019599 0.8314696123025472 0
    outer loop
      vertex -12.873001722340861 -14.52316819722491 33.126
      vertex -12.873001722340861 -14.52316819722491 36.525999999999996
      vertex -12.794657697249033 -14.470820393249937 33.126
    endloop
  endfacet
  facet normal -0.6190939493098337 0.7853169308807451 0
    outer loop
      vertex -12.794657697249033 -14.470820393249937 33.126
      vertex -12.794657697249033 -14.470820393249937 36.525999999999996
      vertex -12.720662342003779 -14.412487158720037 33.126
    endloop
  endfacet
  facet normal -0.6788007455329416 0.7343225094356857 0
    outer loop
      vertex -12.720662342003779 -14.412487158720037 33.126
      vertex -12.720662342003779 -14.412487158720037 36.525999999999996
      vertex -12.651471862576143 -14.348528137423857 33.126
    endloop
  endfacet
  facet normal -0.7343225094356857 0.6788007455329416 0
    outer loop
      vertex -12.651471862576143 -14.348528137423857 33.126
      vertex -12.651471862576143 -14.348528137423857 36.525999999999996
      vertex -12.587512841279963 -14.279337657996221 33.126
    endloop
  endfacet
  facet normal -0.7853169308807451 0.6190939493098337 0
    outer loop
      vertex -12.587512841279963 -14.279337657996221 33.126
      vertex -12.587512841279963 -14.279337657996221 36.525999999999996
      vertex -12.529179606750063 -14.205342302750967 33.126
    endloop
  endfacet
  facet normal -0.8314696123025472 0.555570233019599 0
    outer loop
      vertex -12.529179606750063 -14.205342302750967 33.126
      vertex -12.529179606750063 -14.205342302750967 36.525999999999996
      vertex -12.47683180277509 -14.126998277659139 33.126
    endloop
  endfacet
  facet normal -0.8724960070727978 0.4886212414969538 0
    outer loop
      vertex -12.47683180277509 -14.126998277659139 33.126
      vertex -12.47683180277509 -14.126998277659139 36.525999999999996
      vertex -12.430792170973959 -14.044788599687456 33.126
    endloop
  endfacet
  facet normal -0.9081431738250788 0.4186597375374334 0
    outer loop
      vertex -12.430792170973959 -14.044788599687456 33.126
      vertex -12.430792170973959 -14.044788599687456 36.525999999999996
      vertex -12.391344560986456 -13.959220118838108 33.126
    endloop
  endfacet
  facet normal -0.9381913359224859 0.346117057077488 0
    outer loop
      vertex -12.391344560986456 -13.959220118838108 33.126
      vertex -12.391344560986456 -13.959220118838108 36.525999999999996
      vertex -12.358732180445816 -13.870820393249938 33.126
    endloop
  endfacet
  facet normal -0.9624552364536474 0.2714404498650744 0
    outer loop
      vertex -12.358732180445816 -13.870820393249938 33.126
      vertex -12.358732180445816 -13.870820393249938 36.525999999999996
      vertex -12.333156095522789 -13.780134436627087 33.126
    endloop
  endfacet
  facet normal 0 0 1
    outer loop
      vertex -13.594150914873413 -14.696300800479754 33.126
      vertex -13.5 -12.3 33.126
      vertex -13.594150914873413 -12.303699199520246 33.126
    endloop
  endfacet
  facet normal 0 0 1
    outer loop
      vertex -13.5 -14.7 33.126
      vertex -13.405849085126587 -12.303699199520246 33.126
      vertex -13.5 -12.3 33.126
    endloop
  endfacet
  facet normal 0 0 1
    outer loop
      vertex -13.405849085126587 -14.696300800479754 33.126
      vertex -13.312278641951723 -12.314773991285834 33.126
      vertex -13.405849085126587 -12.303699199520246 33.126
    endloop
  endfacet
  facet normal 0 0 1
    outer loop
      vertex -13.312278641951723 -14.685226008714166 33.126
      vertex -13.219865563372913 -12.333156095522789 33.126
      vertex -13.312278641951723 -12.314773991285834 33.126
    endloop
  endfacet
  facet normal 0 0 1
    outer loop
      vertex -13.219865563372913 -14.666843904477211 33.126
      vertex -13.129179606750062 -12.358732180445816 33.126
      vertex -13.219865563372913 -12.333156095522789 33.126
    endloop
  endfacet
  facet normal 0 0 1
    outer loop
      vertex -13.129179606750062 -14.641267819554184 33.126
      vertex -13.040779881161892 -12.391344560986456 33.126
      vertex -13.129179606750062 -12.358732180445816 33.126
    endloop
  endfacet
  facet normal 0 0 1
    outer loop
      vertex -13.040779881161892 -14.608655439013544 33.126
      vertex -12.955211400312544 -12.430792170973959 33.126
      vertex -13.040779881161892 -12.391344560986456 33.126
    endloop
  endfacet
  facet normal 0 0 1
    outer loop
      vertex -12.955211400312544 -14.569207829026041 33.126
      vertex -12.873001722340861 -12.47683180277509 33.126
      vertex -12.955211400312544 -12.430792170973959 33.126
    endloop
  endfacet
  facet normal 0 0 1
    outer loop
      vertex -12.873001722340861 -14.52316819722491 33.126
      vertex -12.794657697249033 -12.529179606750063 33.126
      vertex -12.873001722340861 -12.47683180277509 33.126
    endloop
  endfacet
  facet normal 0 0 1
    outer loop
      vertex -12.794657697249033 -14.470820393249937 33.126
      vertex -12.720662342003779 -12.587512841279963 33.126
      vertex -12.794657697249033 -12.529179606750063 33.126
    endloop
  endfacet
  facet normal 0 0 1
    outer loop
      vertex -12.587512841279963 -14.279337657996221 33.126
      vertex -12.529179606750063 -12.794657697249033 33.126
      vertex -12.587512841279963 -12.720662342003779 33.126
    endloop
  endfacet
  facet normal 0 0 1
    outer loop
      vertex -12.720662342003779 -14.412487158720037 33.126
      vertex -12.651471862576143 -12.651471862576143 33.126
      vertex -12.720662342003779 -12.587512841279963 33.126
    endloop
  endfacet
  facet normal 0 0 1
    outer loop
      vertex -12.651471862576143 -14.348528137423857 33.126
      vertex -12.587512841279963 -12.720662342003779 33.126
      vertex -12.651471862576143 -12.651471862576143 33.126
    endloop
  endfacet
  facet normal 0 0 1
    outer loop
      vertex -12.529179606750063 -14.205342302750967 33.126
      vertex -12.47683180277509 -14.126998277659139 33.126
      vertex -12.47683180277509 -12.873001722340861 33.126
    endloop
  endfacet
  facet normal 0 0 1
    outer loop
      vertex -12.47683180277509 -14.126998277659139 33.126
      vertex -12.430792170973959 -14.044788599687456 33.126
      vertex -12.430792170973959 -12.955211400312544 33.126
    endloop
  endfacet
  facet normal 0 0 1
    outer loop
      vertex -12.430792170973959 -14.044788599687456 33.126
      vertex -12.391344560986456 -13.959220118838108 33.126
      vertex -12.391344560986456 -13.040779881161892 33.126
    endloop
  endfacet
  facet normal 0 0 1
    outer loop
      vertex -12.391344560986456 -13.959220118838108 33.126
      vertex -12.358732180445816 -13.870820393249938 33.126
      vertex -12.358732180445816 -13.129179606750062 33.126
    endloop
  endfacet
  facet normal 0 0 1
    outer loop
      vertex -12.358732180445816 -13.870820393249938 33.126
      vertex -12.333156095522789 -13.780134436627087 33.126
      vertex -12.333156095522789 -13.219865563372913 33.126
    endloop
  endfacet
  facet normal 0 0 1
    outer loop
      vertex -12.333156095522789 -13.780134436627087 33.126
      vertex -12.314773991285834 -13.687721358048277 33.126
      vertex -12.314773991285834 -13.312278641951723 33.126
    endloop
  endfacet
  facet normal 0 0 1
    outer loop
      vertex -12.314773991285834 -13.687721358048277 33.126
      vertex -12.303699199520246 -13.405849085126587 33.126
      vertex -12.314773991285834 -13.312278641951723 33.126
    endloop
  endfacet
  facet normal 0 0 1
    outer loop
      vertex -12.333156095522789 -13.780134436627087 33.126
      vertex -12.314773991285834 -13.312278641951723 33.126
      vertex -12.333156095522789 -13.219865563372913 33.126
    endloop
  endfacet
  facet normal 0 0 1
    outer loop
      vertex -12.314773991285834 -13.687721358048277 33.126
      vertex -12.303699199520246 -13.594150914873413 33.126
      vertex -12.303699199520246 -13.405849085126587 33.126
    endloop
  endfacet
  facet normal 0 0 1
    outer loop
      vertex -12.303699199520246 -13.594150914873413 33.126
      vertex -12.3 -13.5 33.126
      vertex -12.303699199520246 -13.405849085126587 33.126
    endloop
  endfacet
  facet normal 0 0 1
    outer loop
      vertex -12.529179606750063 -14.205342302750967 33.126
      vertex -12.47683180277509 -12.873001722340861 33.126
      vertex -12.529179606750063 -12.794657697249033 33.126
    endloop
  endfacet
  facet normal 0 0 1
    outer loop
      vertex -12.430792170973959 -14.044788599687456 33.126
      vertex -12.391344560986456 -13.040779881161892 33.126
      vertex -12.430792170973959 -12.955211400312544 33.126
    endloop
  endfacet
  facet normal 0 0 1
    outer loop
      vertex -12.47683180277509 -14.126998277659139 33.126
      vertex -12.430792170973959 -12.955211400312544 33.126
      vertex -12.47683180277509 -12.873001722340861 33.126
    endloop
  endfacet
  facet normal 0 0 1
    outer loop
      vertex -12.391344560986456 -13.959220118838108 33.126
      vertex -12.358732180445816 -13.129179606750062 33.126
      vertex -12.391344560986456 -13.040779881161892 33.126
    endloop
  endfacet
  facet normal 0 0 1
    outer loop
      vertex -12.358732180445816 -13.870820393249938 33.126
      vertex -12.333156095522789 -13.219865563372913 33.126
      vertex -12.358732180445816 -13.129179606750062 33.126
    endloop
  endfacet
  facet normal -0.980785280403229 0.19509032201613508 0
    outer loop
      vertex -12.333156095522789 -13.780134436627087 33.126
      vertex -12.333156095522789 -13.780134436627087 36.525999999999996
      vertex -12.314773991285834 -13.687721358048277 33.126
    endloop
  endfacet
  facet normal -0.9930684569549256 0.11753739745784327 0
    outer loop
      vertex -12.314773991285834 -13.687721358048277 33.126
      vertex -12.314773991285834 -13.687721358048277 36.525999999999996
      vertex -12.303699199520246 -13.594150914873413 33.126
    endloop
  endfacet
  facet normal -0.9992290362407236 0.03925981575905251 0
    outer loop
      vertex -12.303699199520246 -13.594150914873413 33.126
      vertex -12.303699199520246 -13.594150914873413 36.525999999999996
      vertex -12.3 -13.5 33.126
    endloop
  endfacet
  facet normal -0.9992290362407236 -0.03925981575905251 0
    outer loop
      vertex -12.3 -13.5 33.126
      vertex -12.3 -13.5 36.525999999999996
      vertex -12.303699199520246 -13.405849085126587 33.126
    endloop
  endfacet
  facet normal -0.980785280403229 -0.19509032201613508 0
    outer loop
      vertex -12.314773991285834 -13.312278641951723 33.126
      vertex -12.314773991285834 -13.312278641951723 36.525999999999996
      vertex -12.333156095522789 -13.219865563372913 33.126
    endloop
  endfacet
  facet normal -0.9930684569549256 -0.11753739745784327 0
    outer loop
      vertex -12.303699199520246 -13.405849085126587 33.126
      vertex -12.303699199520246 -13.405849085126587 36.525999999999996
      vertex -12.314773991285834 -13.312278641951723 33.126
    endloop
  endfacet
  facet normal -0.9624552364536474 -0.2714404498650744 0
    outer loop
      vertex -12.333156095522789 -13.219865563372913 33.126
      vertex -12.333156095522789 -13.219865563372913 36.525999999999996
      vertex -12.358732180445816 -13.129179606750062 33.126
    endloop
  endfacet
  facet normal -0.9381913359224859 -0.346117057077488 -7.542806304418863e-20
    outer loop
      vertex -12.391344560986456 -13.040779881161892 33.126
      vertex -12.358732180445816 -13.129179606750062 33.126
      vertex -12.358732180445816 -13.129179606750062 36.525999999999996
    endloop
  endfacet
  facet normal -0.555570233019599 -0.8314696123025472 -9.451544207609137e-19
    outer loop
      vertex -12.873001722340861 -12.47683180277509 33.126
      vertex -12.794657697249033 -12.529179606750063 33.126
      vertex -12.794657697249033 -12.529179606750063 36.525999999999996
    endloop
  endfacet
  facet normal -0.4886212414969538 -0.8724960070727978 1.7860241924736678e-19
    outer loop
      vertex -12.955211400312544 -12.430792170973959 33.126
      vertex -12.873001722340861 -12.47683180277509 33.126
      vertex -12.873001722340861 -12.47683180277509 36.525999999999996
    endloop
  endfacet
  facet normal -0.6190939493098337 -0.7853169308807451 -8.97163088258771e-19
    outer loop
      vertex -12.794657697249033 -12.529179606750063 33.126
      vertex -12.720662342003779 -12.587512841279963 33.126
      vertex -12.720662342003779 -12.587512841279963 36.525999999999996
    endloop
  endfacet
  facet normal -0.6788007455329416 -0.7343225094356857 8.185499375276663e-19
    outer loop
      vertex -12.720662342003779 -12.587512841279963 33.126
      vertex -12.651471862576143 -12.651471862576143 33.126
      vertex -12.651471862576143 -12.651471862576143 36.525999999999996
    endloop
  endfacet
  facet normal -0.7343225094356857 -0.6788007455329416 8.185499375276663e-19
    outer loop
      vertex -12.651471862576143 -12.651471862576143 33.126
      vertex -12.587512841279963 -12.720662342003779 33.126
      vertex -12.587512841279963 -12.720662342003779 36.525999999999996
    endloop
  endfacet
  facet normal -0.9081431738250788 -0.4186597375374334 0
    outer loop
      vertex -12.391344560986456 -13.040779881161892 33.126
      vertex -12.391344560986456 -13.040779881161892 36.525999999999996
      vertex -12.430792170973959 -12.955211400312544 33.126
    endloop
  endfacet
  facet normal -0.8724960070727978 -0.4886212414969538 0
    outer loop
      vertex -12.430792170973959 -12.955211400312544 33.126
      vertex -12.430792170973959 -12.955211400312544 36.525999999999996
      vertex -12.47683180277509 -12.873001722340861 33.126
    endloop
  endfacet
  facet normal -0.8314696123025472 -0.555570233019599 -9.451544207609137e-19
    outer loop
      vertex -12.529179606750063 -12.794657697249033 33.126
      vertex -12.47683180277509 -12.873001722340861 33.126
      vertex -12.47683180277509 -12.873001722340861 36.525999999999996
    endloop
  endfacet
  facet normal -0.7853169308807451 -0.6190939493098337 0
    outer loop
      vertex -12.529179606750063 -12.794657697249033 33.126
      vertex -12.529179606750063 -12.794657697249033 36.525999999999996
      vertex -12.587512841279963 -12.720662342003779 33.126
    endloop
  endfacet
  facet normal 0.03925981575905251 -0.9992290362407236 -5.999498325345624e-20
    outer loop
      vertex -13.594150914873413 -12.303699199520246 33.126
      vertex -13.5 -12.3 33.126
      vertex -13.5 -12.3 36.525999999999996
    endloop
  endfacet
  facet normal -0.03925981575905251 -0.9992290362407236 5.999498325345624e-20
    outer loop
      vertex -13.5 -12.3 33.126
      vertex -13.405849085126587 -12.303699199520246 33.126
      vertex -13.405849085126587 -12.303699199520246 36.525999999999996
    endloop
  endfacet
  facet normal -0.11753739745784327 -0.9930684569549256 3.217768296891188e-19
    outer loop
      vertex -13.405849085126587 -12.303699199520246 33.126
      vertex -13.312278641951723 -12.314773991285834 33.126
      vertex -13.312278641951723 -12.314773991285834 36.525999999999996
    endloop
  endfacet
  facet normal -0.19509032201613508 -0.980785280403229 -2.589141967245113e-19
    outer loop
      vertex -13.312278641951723 -12.314773991285834 33.126
      vertex -13.219865563372913 -12.333156095522789 33.126
      vertex -13.219865563372913 -12.333156095522789 36.525999999999996
    endloop
  endfacet
  facet normal -0.2714404498650744 -0.9624552364536474 -6.41452518855391e-19
    outer loop
      vertex -13.219865563372913 -12.333156095522789 33.126
      vertex -13.129179606750062 -12.358732180445816 33.126
      vertex -13.129179606750062 -12.358732180445816 36.525999999999996
    endloop
  endfacet
  facet normal -0.346117057077488 -0.9381913359224859 -7.542806304418863e-20
    outer loop
      vertex -13.129179606750062 -12.358732180445816 33.126
      vertex -13.040779881161892 -12.391344560986456 33.126
      vertex -13.040779881161892 -12.391344560986456 36.525999999999996
    endloop
  endfacet
  facet normal -0.4186597375374334 -0.9081431738250788 0
    outer loop
      vertex -12.955211400312544 -12.430792170973959 33.126
      vertex -12.955211400312544 -12.430792170973959 36.525999999999996
      vertex -13.040779881161892 -12.391344560986456 33.126
    endloop
  endfacet
  facet normal 0.9381913359224859 0.346117057077488 0
    outer loop
      vertex -14.608655439013544 -13.959220118838108 33.126
      vertex -14.641267819554184 -13.870820393249938 36.525999999999996
      vertex -14.608655439013544 -13.959220118838108 36.525999999999996
    endloop
  endfacet
  facet normal 0.9624552364536474 0.2714404498650744 0
    outer loop
      vertex -14.641267819554184 -13.870820393249938 33.126
      vertex -14.666843904477211 -13.780134436627087 36.525999999999996
      vertex -14.641267819554184 -13.870820393249938 36.525999999999996
    endloop
  endfacet
  facet normal 0.8724960070727978 0.4886212414969538 0
    outer loop
      vertex -14.52316819722491 -14.126998277659139 33.126
      vertex -14.569207829026041 -14.044788599687456 36.525999999999996
      vertex -14.52316819722491 -14.126998277659139 36.525999999999996
    endloop
  endfacet
  facet normal 0.8314696123025472 0.555570233019599 0
    outer loop
      vertex -14.470820393249937 -14.205342302750967 33.126
      vertex -14.52316819722491 -14.126998277659139 36.525999999999996
      vertex -14.470820393249937 -14.205342302750967 36.525999999999996
    endloop
  endfacet
  facet normal 0.7343225094356857 0.6788007455329416 0
    outer loop
      vertex -14.348528137423857 -14.348528137423857 33.126
      vertex -14.412487158720037 -14.279337657996221 36.525999999999996
      vertex -14.348528137423857 -14.348528137423857 36.525999999999996
    endloop
  endfacet
  facet normal 0.6788007455329416 0.7343225094356857 0
    outer loop
      vertex -14.279337657996221 -14.412487158720037 33.126
      vertex -14.348528137423857 -14.348528137423857 36.525999999999996
      vertex -14.279337657996221 -14.412487158720037 36.525999999999996
    endloop
  endfacet
  facet normal 0.7853169308807451 0.6190939493098337 0
    outer loop
      vertex -14.412487158720037 -14.279337657996221 33.126
      vertex -14.470820393249937 -14.205342302750967 36.525999999999996
      vertex -14.412487158720037 -14.279337657996221 36.525999999999996
    endloop
  endfacet
  facet normal 0.9081431738250788 0.4186597375374334 0
    outer loop
      vertex -14.569207829026041 -14.044788599687456 33.126
      vertex -14.608655439013544 -13.959220118838108 36.525999999999996
      vertex -14.569207829026041 -14.044788599687456 36.525999999999996
    endloop
  endfacet
  facet normal 0.6190939493098337 0.7853169308807451 0
    outer loop
      vertex -14.205342302750967 -14.470820393249937 33.126
      vertex -14.279337657996221 -14.412487158720037 36.525999999999996
      vertex -14.205342302750967 -14.470820393249937 36.525999999999996
    endloop
  endfacet
  facet normal 0.555570233019599 0.8314696123025472 0
    outer loop
      vertex -14.126998277659139 -14.52316819722491 33.126
      vertex -14.205342302750967 -14.470820393249937 36.525999999999996
      vertex -14.126998277659139 -14.52316819722491 36.525999999999996
    endloop
  endfacet
  facet normal 0.4186597375374334 0.9081431738250788 0
    outer loop
      vertex -13.959220118838108 -14.608655439013544 33.126
      vertex -14.044788599687456 -14.569207829026041 36.525999999999996
      vertex -13.959220118838108 -14.608655439013544 36.525999999999996
    endloop
  endfacet
  facet normal 0.4886212414969538 0.8724960070727978 0
    outer loop
      vertex -14.044788599687456 -14.569207829026041 33.126
      vertex -14.126998277659139 -14.52316819722491 36.525999999999996
      vertex -14.044788599687456 -14.569207829026041 36.525999999999996
    endloop
  endfacet
  facet normal 0.346117057077488 0.9381913359224859 0
    outer loop
      vertex -13.870820393249938 -14.641267819554184 33.126
      vertex -13.959220118838108 -14.608655439013544 36.525999999999996
      vertex -13.870820393249938 -14.641267819554184 36.525999999999996
    endloop
  endfacet
  facet normal 0.2714404498650744 0.9624552364536474 0
    outer loop
      vertex -13.780134436627087 -14.666843904477211 33.126
      vertex -13.870820393249938 -14.641267819554184 36.525999999999996
      vertex -13.780134436627087 -14.666843904477211 36.525999999999996
    endloop
  endfacet
  facet normal 0.19509032201613508 0.980785280403229 0
    outer loop
      vertex -13.687721358048277 -14.685226008714166 33.126
      vertex -13.780134436627087 -14.666843904477211 36.525999999999996
      vertex -13.687721358048277 -14.685226008714166 36.525999999999996
    endloop
  endfacet
  facet normal 0.11753739745784327 0.9930684569549256 0
    outer loop
      vertex -13.594150914873413 -14.696300800479754 33.126
      vertex -13.687721358048277 -14.685226008714166 36.525999999999996
      vertex -13.594150914873413 -14.696300800479754 36.525999999999996
    endloop
  endfacet
  facet normal 0.9930684569549256 0.11753739745784327 0
    outer loop
      vertex -14.685226008714166 -13.687721358048277 33.126
      vertex -14.696300800479754 -13.594150914873413 36.525999999999996
      vertex -14.685226008714166 -13.687721358048277 36.525999999999996
    endloop
  endfacet
  facet normal 0.980785280403229 0.19509032201613508 0
    outer loop
      vertex -14.666843904477211 -13.780134436627087 33.126
      vertex -14.685226008714166 -13.687721358048277 36.525999999999996
      vertex -14.666843904477211 -13.780134436627087 36.525999999999996
    endloop
  endfacet
  facet normal 0.9992290362407236 0.03925981575905251 0
    outer loop
      vertex -14.696300800479754 -13.594150914873413 33.126
      vertex -14.7 -13.5 36.525999999999996
      vertex -14.696300800479754 -13.594150914873413 36.525999999999996
    endloop
  endfacet
  facet normal 0.9992290362407236 -0.03925981575905251 0
    outer loop
      vertex -14.7 -13.5 33.126
      vertex -14.696300800479754 -13.405849085126587 36.525999999999996
      vertex -14.7 -13.5 36.525999999999996
    endloop
  endfacet
  facet normal 0.9930684569549256 -0.11753739745784327 0
    outer loop
      vertex -14.696300800479754 -13.405849085126587 33.126
      vertex -14.685226008714166 -13.312278641951723 36.525999999999996
      vertex -14.696300800479754 -13.405849085126587 36.525999999999996
    endloop
  endfacet
  facet normal 0.980785280403229 -0.19509032201613508 0
    outer loop
      vertex -14.685226008714166 -13.312278641951723 33.126
      vertex -14.666843904477211 -13.219865563372913 36.525999999999996
      vertex -14.685226008714166 -13.312278641951723 36.525999999999996
    endloop
  endfacet
  facet normal 0.9624552364536474 -0.2714404498650744 0
    outer loop
      vertex -14.666843904477211 -13.219865563372913 33.126
      vertex -14.641267819554184 -13.129179606750062 36.525999999999996
      vertex -14.666843904477211 -13.219865563372913 36.525999999999996
    endloop
  endfacet
  facet normal 0.9381913359224859 -0.346117057077488 0
    outer loop
      vertex -14.641267819554184 -13.129179606750062 33.126
      vertex -14.608655439013544 -13.040779881161892 36.525999999999996
      vertex -14.641267819554184 -13.129179606750062 36.525999999999996
    endloop
  endfacet
  facet normal 0.9081431738250788 -0.4186597375374334 0
    outer loop
      vertex -14.608655439013544 -13.040779881161892 33.126
      vertex -14.569207829026041 -12.955211400312544 36.525999999999996
      vertex -14.608655439013544 -13.040779881161892 36.525999999999996
    endloop
  endfacet
  facet normal 0.8724960070727978 -0.4886212414969538 0
    outer loop
      vertex -14.569207829026041 -12.955211400312544 33.126
      vertex -14.52316819722491 -12.873001722340861 36.525999999999996
      vertex -14.569207829026041 -12.955211400312544 36.525999999999996
    endloop
  endfacet
  facet normal 0.8314696123025472 -0.555570233019599 0
    outer loop
      vertex -14.52316819722491 -12.873001722340861 33.126
      vertex -14.470820393249937 -12.794657697249033 36.525999999999996
      vertex -14.52316819722491 -12.873001722340861 36.525999999999996
    endloop
  endfacet
  facet normal 0.7853169308807451 -0.6190939493098337 0
    outer loop
      vertex -14.470820393249937 -12.794657697249033 33.126
      vertex -14.412487158720037 -12.720662342003779 36.525999999999996
      vertex -14.470820393249937 -12.794657697249033 36.525999999999996
    endloop
  endfacet
  facet normal 0.7343225094356857 -0.6788007455329416 0
    outer loop
      vertex -14.412487158720037 -12.720662342003779 33.126
      vertex -14.348528137423857 -12.651471862576143 36.525999999999996
      vertex -14.412487158720037 -12.720662342003779 36.525999999999996
    endloop
  endfacet
  facet normal 0.6788007455329416 -0.7343225094356857 0
    outer loop
      vertex -14.348528137423857 -12.651471862576143 33.126
      vertex -14.279337657996221 -12.587512841279963 36.525999999999996
      vertex -14.348528137423857 -12.651471862576143 36.525999999999996
    endloop
  endfacet
  facet normal 0.6190939493098337 -0.7853169308807451 0
    outer loop
      vertex -14.279337657996221 -12.587512841279963 33.126
      vertex -14.205342302750967 -12.529179606750063 36.525999999999996
      vertex -14.279337657996221 -12.587512841279963 36.525999999999996
    endloop
  endfacet
  facet normal 0.555570233019599 -0.8314696123025472 0
    outer loop
      vertex -14.205342302750967 -12.529179606750063 33.126
      vertex -14.126998277659139 -12.47683180277509 36.525999999999996
      vertex -14.205342302750967 -12.529179606750063 36.525999999999996
    endloop
  endfacet
  facet normal 0.4886212414969538 -0.8724960070727978 0
    outer loop
      vertex -14.126998277659139 -12.47683180277509 33.126
      vertex -14.044788599687456 -12.430792170973959 36.525999999999996
      vertex -14.126998277659139 -12.47683180277509 36.525999999999996
    endloop
  endfacet
  facet normal 0.4186597375374334 -0.9081431738250788 0
    outer loop
      vertex -14.044788599687456 -12.430792170973959 33.126
      vertex -13.959220118838108 -12.391344560986456 36.525999999999996
      vertex -14.044788599687456 -12.430792170973959 36.525999999999996
    endloop
  endfacet
  facet normal 0.346117057077488 -0.9381913359224859 0
    outer loop
      vertex -13.959220118838108 -12.391344560986456 33.126
      vertex -13.870820393249938 -12.358732180445816 36.525999999999996
      vertex -13.959220118838108 -12.391344560986456 36.525999999999996
    endloop
  endfacet
  facet normal 0.2714404498650744 -0.9624552364536474 0
    outer loop
      vertex -13.870820393249938 -12.358732180445816 33.126
      vertex -13.780134436627087 -12.333156095522789 36.525999999999996
      vertex -13.870820393249938 -12.358732180445816 36.525999999999996
    endloop
  endfacet
  facet normal 0.19509032201613508 -0.980785280403229 0
    outer loop
      vertex -13.780134436627087 -12.333156095522789 33.126
      vertex -13.687721358048277 -12.314773991285834 36.525999999999996
      vertex -13.780134436627087 -12.333156095522789 36.525999999999996
    endloop
  endfacet
  facet normal 0.11753739745784327 -0.9930684569549256 0
    outer loop
      vertex -13.687721358048277 -12.314773991285834 33.126
      vertex -13.594150914873413 -12.303699199520246 36.525999999999996
      vertex -13.687721358048277 -12.314773991285834 36.525999999999996
    endloop
  endfacet
  facet normal 0.03925981575905251 0.9992290362407236 0
    outer loop
      vertex -13.5 -14.7 33.126
      vertex -13.594150914873413 -14.696300800479754 36.525999999999996
      vertex -13.5 -14.7 36.525999999999996
    endloop
  endfacet
  facet normal -0.03925981575905251 0.9992290362407236 0
    outer loop
      vertex -13.405849085126587 -14.696300800479754 33.126
      vertex -13.5 -14.7 36.525999999999996
      vertex -13.405849085126587 -14.696300800479754 36.525999999999996
    endloop
  endfacet
  facet normal -0.11753739745784327 0.9930684569549256 0
    outer loop
      vertex -13.312278641951723 -14.685226008714166 33.126
      vertex -13.405849085126587 -14.696300800479754 36.525999999999996
      vertex -13.312278641951723 -14.685226008714166 36.525999999999996
    endloop
  endfacet
  facet normal -0.19509032201613508 0.980785280403229 0
    outer loop
      vertex -13.219865563372913 -14.666843904477211 33.126
      vertex -13.312278641951723 -14.685226008714166 36.525999999999996
      vertex -13.219865563372913 -14.666843904477211 36.525999999999996
    endloop
  endfacet
  facet normal -0.2714404498650744 0.9624552364536474 0
    outer loop
      vertex -13.129179606750062 -14.641267819554184 33.126
      vertex -13.219865563372913 -14.666843904477211 36.525999999999996
      vertex -13.129179606750062 -14.641267819554184 36.525999999999996
    endloop
  endfacet
  facet normal -0.346117057077488 0.9381913359224859 0
    outer loop
      vertex -13.040779881161892 -14.608655439013544 33.126
      vertex -13.129179606750062 -14.641267819554184 36.525999999999996
      vertex -13.040779881161892 -14.608655439013544 36.525999999999996
    endloop
  endfacet
  facet normal -0.4186597375374334 0.9081431738250788 0
    outer loop
      vertex -12.955211400312544 -14.569207829026041 33.126
      vertex -13.040779881161892 -14.608655439013544 36.525999999999996
      vertex -12.955211400312544 -14.569207829026041 36.525999999999996
    endloop
  endfacet
  facet normal -0.4886212414969538 0.8724960070727978 0
    outer loop
      vertex -12.873001722340861 -14.52316819722491 33.126
      vertex -12.955211400312544 -14.569207829026041 36.525999999999996
      vertex -12.873001722340861 -14.52316819722491 36.525999999999996
    endloop
  endfacet
  facet normal -0.555570233019599 0.8314696123025472 0
    outer loop
      vertex -12.794657697249033 -14.470820393249937 33.126
      vertex -12.873001722340861 -14.52316819722491 36.525999999999996
      vertex -12.794657697249033 -14.470820393249937 36.525999999999996
    endloop
  endfacet
  facet normal -0.6190939493098337 0.7853169308807451 0
    outer loop
      vertex -12.720662342003779 -14.412487158720037 33.126
      vertex -12.794657697249033 -14.470820393249937 36.525999999999996
      vertex -12.720662342003779 -14.412487158720037 36.525999999999996
    endloop
  endfacet
  facet normal -0.6788007455329416 0.7343225094356857 0
    outer loop
      vertex -12.651471862576143 -14.348528137423857 33.126
      vertex -12.720662342003779 -14.412487158720037 36.525999999999996
      vertex -12.651471862576143 -14.348528137423857 36.525999999999996
    endloop
  endfacet
  facet normal -0.7343225094356857 0.6788007455329416 0
    outer loop
      vertex -12.587512841279963 -14.279337657996221 33.126
      vertex -12.651471862576143 -14.348528137423857 36.525999999999996
      vertex -12.587512841279963 -14.279337657996221 36.525999999999996
    endloop
  endfacet
  facet normal -0.7853169308807451 0.6190939493098337 0
    outer loop
      vertex -12.529179606750063 -14.205342302750967 33.126
      vertex -12.587512841279963 -14.279337657996221 36.525999999999996
      vertex -12.529179606750063 -14.205342302750967 36.525999999999996
    endloop
  endfacet
  facet normal -0.8314696123025472 0.555570233019599 0
    outer loop
      vertex -12.47683180277509 -14.126998277659139 33.126
      vertex -12.529179606750063 -14.205342302750967 36.525999999999996
      vertex -12.47683180277509 -14.126998277659139 36.525999999999996
    endloop
  endfacet
  facet normal -0.8724960070727978 0.4886212414969538 0
    outer loop
      vertex -12.430792170973959 -14.044788599687456 33.126
      vertex -12.47683180277509 -14.126998277659139 36.525999999999996
      vertex -12.430792170973959 -14.044788599687456 36.525999999999996
    endloop
  endfacet
  facet normal -0.9081431738250788 0.4186597375374334 0
    outer loop
      vertex -12.391344560986456 -13.959220118838108 33.126
      vertex -12.430792170973959 -14.044788599687456 36.525999999999996
      vertex -12.391344560986456 -13.959220118838108 36.525999999999996
    endloop
  endfacet
  facet normal -0.9381913359224859 0.346117057077488 0
    outer loop
      vertex -12.358732180445816 -13.870820393249938 33.126
      vertex -12.391344560986456 -13.959220118838108 36.525999999999996
      vertex -12.358732180445816 -13.870820393249938 36.525999999999996
    endloop
  endfacet
  facet normal -0.9624552364536474 0.2714404498650744 0
    outer loop
      vertex -12.333156095522789 -13.780134436627087 33.126
      vertex -12.358732180445816 -13.870820393249938 36.525999999999996
      vertex -12.333156095522789 -13.780134436627087 36.525999999999996
    endloop
  endfacet
  facet normal -0.4886212414969538 -0.8724960070727978 0
    outer loop
      vertex -12.955211400312544 -12.430792170973959 33.126
      vertex -12.873001722340861 -12.47683180277509 36.525999999999996
      vertex -12.955211400312544 -12.430792170973959 36.525999999999996
    endloop
  endfacet
  facet normal -0.980785280403229 0.19509032201613508 0
    outer loop
      vertex -12.314773991285834 -13.687721358048277 33.126
      vertex -12.333156095522789 -13.780134436627087 36.525999999999996
      vertex -12.314773991285834 -13.687721358048277 36.525999999999996
    endloop
  endfacet
  facet normal -0.9930684569549256 0.11753739745784327 0
    outer loop
      vertex -12.303699199520246 -13.594150914873413 33.126
      vertex -12.314773991285834 -13.687721358048277 36.525999999999996
      vertex -12.303699199520246 -13.594150914873413 36.525999999999996
    endloop
  endfacet
  facet normal -0.9992290362407236 0.03925981575905251 0
    outer loop
      vertex -12.3 -13.5 33.126
      vertex -12.303699199520246 -13.594150914873413 36.525999999999996
      vertex -12.3 -13.5 36.525999999999996
    endloop
  endfacet
  facet normal -0.9992290362407236 -0.03925981575905251 0
    outer loop
      vertex -12.303699199520246 -13.405849085126587 33.126
      vertex -12.3 -13.5 36.525999999999996
      vertex -12.303699199520246 -13.405849085126587 36.525999999999996
    endloop
  endfacet
  facet normal -0.9930684569549256 -0.11753739745784327 0
    outer loop
      vertex -12.314773991285834 -13.312278641951723 33.126
      vertex -12.303699199520246 -13.405849085126587 36.525999999999996
      vertex -12.314773991285834 -13.312278641951723 36.525999999999996
    endloop
  endfacet
  facet normal -0.980785280403229 -0.19509032201613508 0
    outer loop
      vertex -12.333156095522789 -13.219865563372913 33.126
      vertex -12.314773991285834 -13.312278641951723 36.525999999999996
      vertex -12.333156095522789 -13.219865563372913 36.525999999999996
    endloop
  endfacet
  facet normal -0.9624552364536474 -0.2714404498650744 0
    outer loop
      vertex -12.358732180445816 -13.129179606750062 33.126
      vertex -12.333156095522789 -13.219865563372913 36.525999999999996
      vertex -12.358732180445816 -13.129179606750062 36.525999999999996
    endloop
  endfacet
  facet normal -0.555570233019599 -0.8314696123025472 0
    outer loop
      vertex -12.873001722340861 -12.47683180277509 33.126
      vertex -12.794657697249033 -12.529179606750063 36.525999999999996
      vertex -12.873001722340861 -12.47683180277509 36.525999999999996
    endloop
  endfacet
  facet normal -0.6190939493098337 -0.7853169308807451 0
    outer loop
      vertex -12.794657697249033 -12.529179606750063 33.126
      vertex -12.720662342003779 -12.587512841279963 36.525999999999996
      vertex -12.794657697249033 -12.529179606750063 36.525999999999996
    endloop
  endfacet
  facet normal -0.6788007455329416 -0.7343225094356857 0
    outer loop
      vertex -12.720662342003779 -12.587512841279963 33.126
      vertex -12.651471862576143 -12.651471862576143 36.525999999999996
      vertex -12.720662342003779 -12.587512841279963 36.525999999999996
    endloop
  endfacet
  facet normal -0.7853169308807451 -0.6190939493098337 0
    outer loop
      vertex -12.587512841279963 -12.720662342003779 33.126
      vertex -12.529179606750063 -12.794657697249033 36.525999999999996
      vertex -12.587512841279963 -12.720662342003779 36.525999999999996
    endloop
  endfacet
  facet normal -0.7343225094356857 -0.6788007455329416 0
    outer loop
      vertex -12.651471862576143 -12.651471862576143 33.126
      vertex -12.587512841279963 -12.720662342003779 36.525999999999996
      vertex -12.651471862576143 -12.651471862576143 36.525999999999996
    endloop
  endfacet
  facet normal -0.9081431738250788 -0.4186597375374334 0
    outer loop
      vertex -12.430792170973959 -12.955211400312544 33.126
      vertex -12.391344560986456 -13.040779881161892 36.525999999999996
      vertex -12.430792170973959 -12.955211400312544 36.525999999999996
    endloop
  endfacet
  facet normal -0.8314696123025472 -0.555570233019599 0
    outer loop
      vertex -12.529179606750063 -12.794657697249033 33.126
      vertex -12.47683180277509 -12.873001722340861 36.525999999999996
      vertex -12.529179606750063 -12.794657697249033 36.525999999999996
    endloop
  endfacet
  facet normal -0.8724960070727978 -0.4886212414969538 0
    outer loop
      vertex -12.47683180277509 -12.873001722340861 33.126
      vertex -12.430792170973959 -12.955211400312544 36.525999999999996
      vertex -12.47683180277509 -12.873001722340861 36.525999999999996
    endloop
  endfacet
  facet normal -0.9381913359224859 -0.346117057077488 0
    outer loop
      vertex -12.391344560986456 -13.040779881161892 33.126
      vertex -12.358732180445816 -13.129179606750062 36.525999999999996
      vertex -12.391344560986456 -13.040779881161892 36.525999999999996
    endloop
  endfacet
  facet normal 0.03925981575905251 -0.9992290362407236 0
    outer loop
      vertex -13.594150914873413 -12.303699199520246 33.126
      vertex -13.5 -12.3 36.525999999999996
      vertex -13.594150914873413 -12.303699199520246 36.525999999999996
    endloop
  endfacet
  facet normal -0.03925981575905251 -0.9992290362407236 0
    outer loop
      vertex -13.5 -12.3 33.126
      vertex -13.405849085126587 -12.303699199520246 36.525999999999996
      vertex -13.5 -12.3 36.525999999999996
    endloop
  endfacet
  facet normal -0.11753739745784327 -0.9930684569549256 0
    outer loop
      vertex -13.405849085126587 -12.303699199520246 33.126
      vertex -13.312278641951723 -12.314773991285834 36.525999999999996
      vertex -13.405849085126587 -12.303699199520246 36.525999999999996
    endloop
  endfacet
  facet normal -0.19509032201613508 -0.980785280403229 0
    outer loop
      vertex -13.312278641951723 -12.314773991285834 33.126
      vertex -13.219865563372913 -12.333156095522789 36.525999999999996
      vertex -13.312278641951723 -12.314773991285834 36.525999999999996
    endloop
  endfacet
  facet normal -0.2714404498650744 -0.9624552364536474 0
    outer loop
      vertex -13.219865563372913 -12.333156095522789 33.126
      vertex -13.129179606750062 -12.358732180445816 36.525999999999996
      vertex -13.219865563372913 -12.333156095522789 36.525999999999996
    endloop
  endfacet
  facet normal -0.346117057077488 -0.9381913359224859 0
    outer loop
      vertex -13.129179606750062 -12.358732180445816 33.126
      vertex -13.040779881161892 -12.391344560986456 36.525999999999996
      vertex -13.129179606750062 -12.358732180445816 36.525999999999996
    endloop
  endfacet
  facet normal -0.4186597375374334 -0.9081431738250788 0
    outer loop
      vertex -13.040779881161892 -12.391344560986456 33.126
      vertex -12.955211400312544 -12.430792170973959 36.525999999999996
      vertex -13.040779881161892 -12.391344560986456 36.525999999999996
    endloop
  endfacet
  facet normal 0.7853169308807451 0.6190939493098337 -8.97163088258771e-19
    outer loop
      vertex -14.412487158720037 12.720662342003779 33.126
      vertex -14.470820393249937 12.794657697249033 33.126
      vertex -14.470820393249937 12.794657697249033 36.525999999999996
    endloop
  endfacet
  facet normal 0.6788007455329416 0.7343225094356857 0
    outer loop
      vertex -14.348528137423857 12.651471862576143 33.126
      vertex -14.348528137423857 12.651471862576143 36.525999999999996
      vertex -14.279337657996221 12.587512841279963 33.126
    endloop
  endfacet
  facet normal 0.7343225094356857 0.6788007455329416 0
    outer loop
      vertex -14.412487158720037 12.720662342003779 33.126
      vertex -14.412487158720037 12.720662342003779 36.525999999999996
      vertex -14.348528137423857 12.651471862576143 33.126
    endloop
  endfacet
  facet normal 0.4886212414969538 0.8724960070727978 0
    outer loop
      vertex -14.126998277659139 12.47683180277509 33.126
      vertex -14.126998277659139 12.47683180277509 36.525999999999996
      vertex -14.044788599687456 12.430792170973959 33.126
    endloop
  endfacet
  facet normal 0.4186597375374334 0.9081431738250788 0
    outer loop
      vertex -14.044788599687456 12.430792170973959 33.126
      vertex -14.044788599687456 12.430792170973959 36.525999999999996
      vertex -13.959220118838108 12.391344560986456 33.126
    endloop
  endfacet
  facet normal 0.346117057077488 0.9381913359224859 0
    outer loop
      vertex -13.959220118838108 12.391344560986456 33.126
      vertex -13.959220118838108 12.391344560986456 36.525999999999996
      vertex -13.870820393249938 12.358732180445816 33.126
    endloop
  endfacet
  facet normal 0.6190939493098337 0.7853169308807451 -8.97163088258771e-19
    outer loop
      vertex -14.205342302750967 12.529179606750063 33.126
      vertex -14.279337657996221 12.587512841279963 33.126
      vertex -14.279337657996221 12.587512841279963 36.525999999999996
    endloop
  endfacet
  facet normal 0.555570233019599 0.8314696123025472 0
    outer loop
      vertex -14.205342302750967 12.529179606750063 33.126
      vertex -14.205342302750967 12.529179606750063 36.525999999999996
      vertex -14.126998277659139 12.47683180277509 33.126
    endloop
  endfacet
  facet normal 0.2714404498650744 0.9624552364536474 0
    outer loop
      vertex -13.870820393249938 12.358732180445816 33.126
      vertex -13.870820393249938 12.358732180445816 36.525999999999996
      vertex -13.780134436627087 12.333156095522789 33.126
    endloop
  endfacet
  facet normal 0.19509032201613508 0.980785280403229 0
    outer loop
      vertex -13.780134436627087 12.333156095522789 33.126
      vertex -13.780134436627087 12.333156095522789 36.525999999999996
      vertex -13.687721358048277 12.314773991285834 33.126
    endloop
  endfacet
  facet normal 0.11753739745784327 0.9930684569549256 0
    outer loop
      vertex -13.687721358048277 12.314773991285834 33.126
      vertex -13.687721358048277 12.314773991285834 36.525999999999996
      vertex -13.594150914873413 12.303699199520246 33.126
    endloop
  endfacet
  facet normal 0 0 1
    outer loop
      vertex -14.685226008714166 13.312278641951723 33.126
      vertex -14.685226008714166 13.687721358048277 33.126
      vertex -14.696300800479754 13.405849085126587 33.126
    endloop
  endfacet
  facet normal 0 0 1
    outer loop
      vertex -14.696300800479754 13.405849085126587 33.126
      vertex -14.696300800479754 13.594150914873413 33.126
      vertex -14.7 13.5 33.126
    endloop
  endfacet
  facet normal 0 0 1
    outer loop
      vertex -14.641267819554184 13.129179606750062 33.126
      vertex -14.641267819554184 13.870820393249938 33.126
      vertex -14.666843904477211 13.219865563372913 33.126
    endloop
  endfacet
  facet normal 0 0 1
    outer loop
      vertex -14.608655439013544 13.040779881161892 33.126
      vertex -14.608655439013544 13.959220118838108 33.126
      vertex -14.641267819554184 13.129179606750062 33.126
    endloop
  endfacet
  facet normal 0 0 1
    outer loop
      vertex -14.685226008714166 13.312278641951723 33.126
      vertex -14.666843904477211 13.219865563372913 33.126
      vertex -14.666843904477211 13.780134436627087 33.126
    endloop
  endfacet
  facet normal 0 0 1
    outer loop
      vertex -14.52316819722491 12.873001722340861 33.126
      vertex -14.52316819722491 14.126998277659139 33.126
      vertex -14.569207829026041 12.955211400312544 33.126
    endloop
  endfacet
  facet normal 0 0 1
    outer loop
      vertex -14.52316819722491 12.873001722340861 33.126
      vertex -14.470820393249937 12.794657697249033 33.126
      vertex -14.470820393249937 14.205342302750967 33.126
    endloop
  endfacet
  facet normal 0 0 1
    outer loop
      vertex -14.608655439013544 13.040779881161892 33.126
      vertex -14.569207829026041 12.955211400312544 33.126
      vertex -14.569207829026041 14.044788599687456 33.126
    endloop
  endfacet
  facet normal 0 0 1
    outer loop
      vertex -14.412487158720037 12.720662342003779 33.126
      vertex -14.348528137423857 12.651471862576143 33.126
      vertex -14.348528137423857 14.348528137423857 33.126
    endloop
  endfacet
  facet normal 0 0 1
    outer loop
      vertex -14.412487158720037 12.720662342003779 33.126
      vertex -14.412487158720037 14.279337657996221 33.126
      vertex -14.470820393249937 12.794657697249033 33.126
    endloop
  endfacet
  facet normal 0 0 1
    outer loop
      vertex -14.348528137423857 12.651471862576143 33.126
      vertex -14.279337657996221 12.587512841279963 33.126
      vertex -14.279337657996221 14.412487158720037 33.126
    endloop
  endfacet
  facet normal 0 0 1
    outer loop
      vertex -14.696300800479754 13.405849085126587 33.126
      vertex -14.685226008714166 13.687721358048277 33.126
      vertex -14.696300800479754 13.594150914873413 33.126
    endloop
  endfacet
  facet normal 0 0 1
    outer loop
      vertex -14.685226008714166 13.312278641951723 33.126
      vertex -14.666843904477211 13.780134436627087 33.126
      vertex -14.685226008714166 13.687721358048277 33.126
    endloop
  endfacet
  facet normal 0 0 1
    outer loop
      vertex -14.666843904477211 13.219865563372913 33.126
      vertex -14.641267819554184 13.870820393249938 33.126
      vertex -14.666843904477211 13.780134436627087 33.126
    endloop
  endfacet
  facet normal 0 0 1
    outer loop
      vertex -14.641267819554184 13.129179606750062 33.126
      vertex -14.608655439013544 13.959220118838108 33.126
      vertex -14.641267819554184 13.870820393249938 33.126
    endloop
  endfacet
  facet normal 0 0 1
    outer loop
      vertex -14.608655439013544 13.040779881161892 33.126
      vertex -14.569207829026041 14.044788599687456 33.126
      vertex -14.608655439013544 13.959220118838108 33.126
    endloop
  endfacet
  facet normal 0 0 1
    outer loop
      vertex -14.569207829026041 12.955211400312544 33.126
      vertex -14.52316819722491 14.126998277659139 33.126
      vertex -14.569207829026041 14.044788599687456 33.126
    endloop
  endfacet
  facet normal 0 0 1
    outer loop
      vertex -14.52316819722491 12.873001722340861 33.126
      vertex -14.470820393249937 14.205342302750967 33.126
      vertex -14.52316819722491 14.126998277659139 33.126
    endloop
  endfacet
  facet normal 0 0 1
    outer loop
      vertex -14.470820393249937 12.794657697249033 33.126
      vertex -14.412487158720037 14.279337657996221 33.126
      vertex -14.470820393249937 14.205342302750967 33.126
    endloop
  endfacet
  facet normal 0 0 1
    outer loop
      vertex -14.412487158720037 12.720662342003779 33.126
      vertex -14.348528137423857 14.348528137423857 33.126
      vertex -14.412487158720037 14.279337657996221 33.126
    endloop
  endfacet
  facet normal 0 0 1
    outer loop
      vertex -14.348528137423857 12.651471862576143 33.126
      vertex -14.279337657996221 14.412487158720037 33.126
      vertex -14.348528137423857 14.348528137423857 33.126
    endloop
  endfacet
  facet normal 0 0 1
    outer loop
      vertex -14.126998277659139 12.47683180277509 33.126
      vertex -14.044788599687456 12.430792170973959 33.126
      vertex -14.044788599687456 14.569207829026041 33.126
    endloop
  endfacet
  facet normal 0 0 1
    outer loop
      vertex -14.044788599687456 12.430792170973959 33.126
      vertex -13.959220118838108 12.391344560986456 33.126
      vertex -13.959220118838108 14.608655439013544 33.126
    endloop
  endfacet
  facet normal 0 0 1
    outer loop
      vertex -14.205342302750967 12.529179606750063 33.126
      vertex -14.205342302750967 14.470820393249937 33.126
      vertex -14.279337657996221 12.587512841279963 33.126
    endloop
  endfacet
  facet normal 0 0 1
    outer loop
      vertex -14.205342302750967 12.529179606750063 33.126
      vertex -14.126998277659139 12.47683180277509 33.126
      vertex -14.126998277659139 14.52316819722491 33.126
    endloop
  endfacet
  facet normal 0 0 1
    outer loop
      vertex -13.959220118838108 12.391344560986456 33.126
      vertex -13.870820393249938 12.358732180445816 33.126
      vertex -13.870820393249938 14.641267819554184 33.126
    endloop
  endfacet
  facet normal 0 0 1
    outer loop
      vertex -13.870820393249938 12.358732180445816 33.126
      vertex -13.780134436627087 12.333156095522789 33.126
      vertex -13.780134436627087 14.666843904477211 33.126
    endloop
  endfacet
  facet normal 0 0 1
    outer loop
      vertex -13.780134436627087 12.333156095522789 33.126
      vertex -13.687721358048277 12.314773991285834 33.126
      vertex -13.687721358048277 14.685226008714166 33.126
    endloop
  endfacet
  facet normal 0 0 1
    outer loop
      vertex -13.687721358048277 12.314773991285834 33.126
      vertex -13.594150914873413 12.303699199520246 33.126
      vertex -13.594150914873413 14.696300800479754 33.126
    endloop
  endfacet
  facet normal 0 0 1
    outer loop
      vertex -14.279337657996221 12.587512841279963 33.126
      vertex -14.205342302750967 14.470820393249937 33.126
      vertex -14.279337657996221 14.412487158720037 33.126
    endloop
  endfacet
  facet normal 0 0 1
    outer loop
      vertex -14.205342302750967 12.529179606750063 33.126
      vertex -14.126998277659139 14.52316819722491 33.126
      vertex -14.205342302750967 14.470820393249937 33.126
    endloop
  endfacet
  facet normal 0 0 1
    outer loop
      vertex -14.126998277659139 12.47683180277509 33.126
      vertex -14.044788599687456 14.569207829026041 33.126
      vertex -14.126998277659139 14.52316819722491 33.126
    endloop
  endfacet
  facet normal 0 0 1
    outer loop
      vertex -14.044788599687456 12.430792170973959 33.126
      vertex -13.959220118838108 14.608655439013544 33.126
      vertex -14.044788599687456 14.569207829026041 33.126
    endloop
  endfacet
  facet normal 0 0 1
    outer loop
      vertex -13.959220118838108 12.391344560986456 33.126
      vertex -13.870820393249938 14.641267819554184 33.126
      vertex -13.959220118838108 14.608655439013544 33.126
    endloop
  endfacet
  facet normal 0 0 1
    outer loop
      vertex -13.870820393249938 12.358732180445816 33.126
      vertex -13.780134436627087 14.666843904477211 33.126
      vertex -13.870820393249938 14.641267819554184 33.126
    endloop
  endfacet
  facet normal 0 0 1
    outer loop
      vertex -13.780134436627087 12.333156095522789 33.126
      vertex -13.687721358048277 14.685226008714166 33.126
      vertex -13.780134436627087 14.666843904477211 33.126
    endloop
  endfacet
  facet normal 0 0 1
    outer loop
      vertex -13.687721358048277 12.314773991285834 33.126
      vertex -13.594150914873413 14.696300800479754 33.126
      vertex -13.687721358048277 14.685226008714166 33.126
    endloop
  endfacet
  facet normal 0.9381913359224859 0.346117057077488 -7.542806304418863e-20
    outer loop
      vertex -14.608655439013544 13.040779881161892 33.126
      vertex -14.641267819554184 13.129179606750062 33.126
      vertex -14.641267819554184 13.129179606750062 36.525999999999996
    endloop
  endfacet
  facet normal 0.9624552364536474 0.2714404498650744 -6.41452518855391e-19
    outer loop
      vertex -14.641267819554184 13.129179606750062 33.126
      vertex -14.666843904477211 13.219865563372913 33.126
      vertex -14.666843904477211 13.219865563372913 36.525999999999996
    endloop
  endfacet
  facet normal 0.980785280403229 0.19509032201613508 0
    outer loop
      vertex -14.685226008714166 13.312278641951723 33.126
      vertex -14.685226008714166 13.312278641951723 36.525999999999996
      vertex -14.666843904477211 13.219865563372913 33.126
    endloop
  endfacet
  facet normal 0.9930684569549256 0.11753739745784327 3.217768296891188e-19
    outer loop
      vertex -14.685226008714166 13.312278641951723 33.126
      vertex -14.696300800479754 13.405849085126587 33.126
      vertex -14.696300800479754 13.405849085126587 36.525999999999996
    endloop
  endfacet
  facet normal 0.9992290362407236 0.03925981575905251 5.999498325345624e-20
    outer loop
      vertex -14.696300800479754 13.405849085126587 33.126
      vertex -14.7 13.5 33.126
      vertex -14.7 13.5 36.525999999999996
    endloop
  endfacet
  facet normal 0.8724960070727978 0.4886212414969538 1.7860241924736678e-19
    outer loop
      vertex -14.52316819722491 12.873001722340861 33.126
      vertex -14.569207829026041 12.955211400312544 33.126
      vertex -14.569207829026041 12.955211400312544 36.525999999999996
    endloop
  endfacet
  facet normal 0.8314696123025472 0.555570233019599 0
    outer loop
      vertex -14.52316819722491 12.873001722340861 33.126
      vertex -14.52316819722491 12.873001722340861 36.525999999999996
      vertex -14.470820393249937 12.794657697249033 33.126
    endloop
  endfacet
  facet normal 0.9081431738250788 0.4186597375374334 0
    outer loop
      vertex -14.608655439013544 13.040779881161892 33.126
      vertex -14.608655439013544 13.040779881161892 36.525999999999996
      vertex -14.569207829026041 12.955211400312544 33.126
    endloop
  endfacet
  facet normal 0.9992290362407236 -0.03925981575905251 -5.999498325345624e-20
    outer loop
      vertex -14.7 13.5 33.126
      vertex -14.696300800479754 13.594150914873413 33.126
      vertex -14.696300800479754 13.594150914873413 36.525999999999996
    endloop
  endfacet
  facet normal 0.9930684569549256 -0.11753739745784327 -3.217768296891188e-19
    outer loop
      vertex -14.696300800479754 13.594150914873413 33.126
      vertex -14.685226008714166 13.687721358048277 33.126
      vertex -14.685226008714166 13.687721358048277 36.525999999999996
    endloop
  endfacet
  facet normal 0.980785280403229 -0.19509032201613508 2.589141967245113e-19
    outer loop
      vertex -14.685226008714166 13.687721358048277 33.126
      vertex -14.666843904477211 13.780134436627087 33.126
      vertex -14.666843904477211 13.780134436627087 36.525999999999996
    endloop
  endfacet
  facet normal 0.9624552364536474 -0.2714404498650744 6.41452518855391e-19
    outer loop
      vertex -14.666843904477211 13.780134436627087 33.126
      vertex -14.641267819554184 13.870820393249938 33.126
      vertex -14.641267819554184 13.870820393249938 36.525999999999996
    endloop
  endfacet
  facet normal 0.9381913359224859 -0.346117057077488 7.542806304418863e-20
    outer loop
      vertex -14.641267819554184 13.870820393249938 33.126
      vertex -14.608655439013544 13.959220118838108 33.126
      vertex -14.608655439013544 13.959220118838108 36.525999999999996
    endloop
  endfacet
  facet normal 0.9081431738250788 -0.4186597375374334 -3.3160861810076813e-19
    outer loop
      vertex -14.608655439013544 13.959220118838108 33.126
      vertex -14.569207829026041 14.044788599687456 33.126
      vertex -14.569207829026041 14.044788599687456 36.525999999999996
    endloop
  endfacet
  facet normal 0.8724960070727978 -0.4886212414969538 -1.7860241924736678e-19
    outer loop
      vertex -14.569207829026041 14.044788599687456 33.126
      vertex -14.52316819722491 14.126998277659139 33.126
      vertex -14.52316819722491 14.126998277659139 36.525999999999996
    endloop
  endfacet
  facet normal 0.8314696123025472 -0.555570233019599 9.451544207609137e-19
    outer loop
      vertex -14.52316819722491 14.126998277659139 33.126
      vertex -14.470820393249937 14.205342302750967 33.126
      vertex -14.470820393249937 14.205342302750967 36.525999999999996
    endloop
  endfacet
  facet normal 0.7853169308807451 -0.6190939493098337 8.97163088258771e-19
    outer loop
      vertex -14.470820393249937 14.205342302750967 33.126
      vertex -14.412487158720037 14.279337657996221 33.126
      vertex -14.412487158720037 14.279337657996221 36.525999999999996
    endloop
  endfacet
  facet normal 0.7343225094356857 -0.6788007455329416 -8.185499375276663e-19
    outer loop
      vertex -14.412487158720037 14.279337657996221 33.126
      vertex -14.348528137423857 14.348528137423857 33.126
      vertex -14.348528137423857 14.348528137423857 36.525999999999996
    endloop
  endfacet
  facet normal 0.6788007455329416 -0.7343225094356857 -8.185499375276663e-19
    outer loop
      vertex -14.348528137423857 14.348528137423857 33.126
      vertex -14.279337657996221 14.412487158720037 33.126
      vertex -14.279337657996221 14.412487158720037 36.525999999999996
    endloop
  endfacet
  facet normal 0.6190939493098337 -0.7853169308807451 8.97163088258771e-19
    outer loop
      vertex -14.279337657996221 14.412487158720037 33.126
      vertex -14.205342302750967 14.470820393249937 33.126
      vertex -14.205342302750967 14.470820393249937 36.525999999999996
    endloop
  endfacet
  facet normal 0.555570233019599 -0.8314696123025472 9.451544207609137e-19
    outer loop
      vertex -14.205342302750967 14.470820393249937 33.126
      vertex -14.126998277659139 14.52316819722491 33.126
      vertex -14.126998277659139 14.52316819722491 36.525999999999996
    endloop
  endfacet
  facet normal 0.4886212414969538 -0.8724960070727978 -1.7860241924736678e-19
    outer loop
      vertex -14.126998277659139 14.52316819722491 33.126
      vertex -14.044788599687456 14.569207829026041 33.126
      vertex -14.044788599687456 14.569207829026041 36.525999999999996
    endloop
  endfacet
  facet normal 0.4186597375374334 -0.9081431738250788 -3.3160861810076813e-19
    outer loop
      vertex -14.044788599687456 14.569207829026041 33.126
      vertex -13.959220118838108 14.608655439013544 33.126
      vertex -13.959220118838108 14.608655439013544 36.525999999999996
    endloop
  endfacet
  facet normal 0.346117057077488 -0.9381913359224859 7.542806304418863e-20
    outer loop
      vertex -13.959220118838108 14.608655439013544 33.126
      vertex -13.870820393249938 14.641267819554184 33.126
      vertex -13.870820393249938 14.641267819554184 36.525999999999996
    endloop
  endfacet
  facet normal 0.2714404498650744 -0.9624552364536474 6.41452518855391e-19
    outer loop
      vertex -13.870820393249938 14.641267819554184 33.126
      vertex -13.780134436627087 14.666843904477211 33.126
      vertex -13.780134436627087 14.666843904477211 36.525999999999996
    endloop
  endfacet
  facet normal 0.19509032201613508 -0.980785280403229 2.589141967245113e-19
    outer loop
      vertex -13.780134436627087 14.666843904477211 33.126
      vertex -13.687721358048277 14.685226008714166 33.126
      vertex -13.687721358048277 14.685226008714166 36.525999999999996
    endloop
  endfacet
  facet normal 0.11753739745784327 -0.9930684569549256 -3.217768296891188e-19
    outer loop
      vertex -13.687721358048277 14.685226008714166 33.126
      vertex -13.594150914873413 14.696300800479754 33.126
      vertex -13.594150914873413 14.696300800479754 36.525999999999996
    endloop
  endfacet
  facet normal 0.03925981575905251 0.9992290362407236 0
    outer loop
      vertex -13.594150914873413 12.303699199520246 33.126
      vertex -13.594150914873413 12.303699199520246 36.525999999999996
      vertex -13.5 12.3 33.126
    endloop
  endfacet
  facet normal -0.03925981575905251 0.9992290362407236 0
    outer loop
      vertex -13.5 12.3 33.126
      vertex -13.5 12.3 36.525999999999996
      vertex -13.405849085126587 12.303699199520246 33.126
    endloop
  endfacet
  facet normal -0.11753739745784327 0.9930684569549256 0
    outer loop
      vertex -13.405849085126587 12.303699199520246 33.126
      vertex -13.405849085126587 12.303699199520246 36.525999999999996
      vertex -13.312278641951723 12.314773991285834 33.126
    endloop
  endfacet
  facet normal -0.19509032201613508 0.980785280403229 0
    outer loop
      vertex -13.312278641951723 12.314773991285834 33.126
      vertex -13.312278641951723 12.314773991285834 36.525999999999996
      vertex -13.219865563372913 12.333156095522789 33.126
    endloop
  endfacet
  facet normal -0.2714404498650744 0.9624552364536474 0
    outer loop
      vertex -13.219865563372913 12.333156095522789 33.126
      vertex -13.219865563372913 12.333156095522789 36.525999999999996
      vertex -13.129179606750062 12.358732180445816 33.126
    endloop
  endfacet
  facet normal -0.346117057077488 0.9381913359224859 0
    outer loop
      vertex -13.129179606750062 12.358732180445816 33.126
      vertex -13.129179606750062 12.358732180445816 36.525999999999996
      vertex -13.040779881161892 12.391344560986456 33.126
    endloop
  endfacet
  facet normal -0.4186597375374334 0.9081431738250788 0
    outer loop
      vertex -13.040779881161892 12.391344560986456 33.126
      vertex -13.040779881161892 12.391344560986456 36.525999999999996
      vertex -12.955211400312544 12.430792170973959 33.126
    endloop
  endfacet
  facet normal -0.4886212414969538 0.8724960070727978 0
    outer loop
      vertex -12.955211400312544 12.430792170973959 33.126
      vertex -12.955211400312544 12.430792170973959 36.525999999999996
      vertex -12.873001722340861 12.47683180277509 33.126
    endloop
  endfacet
  facet normal -0.555570233019599 0.8314696123025472 0
    outer loop
      vertex -12.873001722340861 12.47683180277509 33.126
      vertex -12.873001722340861 12.47683180277509 36.525999999999996
      vertex -12.794657697249033 12.529179606750063 33.126
    endloop
  endfacet
  facet normal -0.6190939493098337 0.7853169308807451 0
    outer loop
      vertex -12.794657697249033 12.529179606750063 33.126
      vertex -12.794657697249033 12.529179606750063 36.525999999999996
      vertex -12.720662342003779 12.587512841279963 33.126
    endloop
  endfacet
  facet normal -0.6788007455329416 0.7343225094356857 0
    outer loop
      vertex -12.720662342003779 12.587512841279963 33.126
      vertex -12.720662342003779 12.587512841279963 36.525999999999996
      vertex -12.651471862576143 12.651471862576143 33.126
    endloop
  endfacet
  facet normal -0.7343225094356857 0.6788007455329416 0
    outer loop
      vertex -12.651471862576143 12.651471862576143 33.126
      vertex -12.651471862576143 12.651471862576143 36.525999999999996
      vertex -12.587512841279963 12.720662342003779 33.126
    endloop
  endfacet
  facet normal -0.7853169308807451 0.6190939493098337 0
    outer loop
      vertex -12.587512841279963 12.720662342003779 33.126
      vertex -12.587512841279963 12.720662342003779 36.525999999999996
      vertex -12.529179606750063 12.794657697249033 33.126
    endloop
  endfacet
  facet normal -0.8314696123025472 0.555570233019599 0
    outer loop
      vertex -12.529179606750063 12.794657697249033 33.126
      vertex -12.529179606750063 12.794657697249033 36.525999999999996
      vertex -12.47683180277509 12.873001722340861 33.126
    endloop
  endfacet
  facet normal 0 0 1
    outer loop
      vertex -13.594150914873413 12.303699199520246 33.126
      vertex -13.5 12.3 33.126
      vertex -13.5 14.7 33.126
    endloop
  endfacet
  facet normal 0 0 1
    outer loop
      vertex -13.5 12.3 33.126
      vertex -13.405849085126587 12.303699199520246 33.126
      vertex -13.405849085126587 14.696300800479754 33.126
    endloop
  endfacet
  facet normal 0 0 1
    outer loop
      vertex -13.405849085126587 12.303699199520246 33.126
      vertex -13.312278641951723 12.314773991285834 33.126
      vertex -13.312278641951723 14.685226008714166 33.126
    endloop
  endfacet
  facet normal 0 0 1
    outer loop
      vertex -13.312278641951723 12.314773991285834 33.126
      vertex -13.219865563372913 12.333156095522789 33.126
      vertex -13.219865563372913 14.666843904477211 33.126
    endloop
  endfacet
  facet normal 0 0 1
    outer loop
      vertex -13.219865563372913 12.333156095522789 33.126
      vertex -13.129179606750062 12.358732180445816 33.126
      vertex -13.129179606750062 14.641267819554184 33.126
    endloop
  endfacet
  facet normal 0 0 1
    outer loop
      vertex -13.129179606750062 12.358732180445816 33.126
      vertex -13.040779881161892 12.391344560986456 33.126
      vertex -13.040779881161892 14.608655439013544 33.126
    endloop
  endfacet
  facet normal 0 0 1
    outer loop
      vertex -13.040779881161892 12.391344560986456 33.126
      vertex -12.955211400312544 12.430792170973959 33.126
      vertex -12.955211400312544 14.569207829026041 33.126
    endloop
  endfacet
  facet normal 0 0 1
    outer loop
      vertex -13.594150914873413 12.303699199520246 33.126
      vertex -13.5 14.7 33.126
      vertex -13.594150914873413 14.696300800479754 33.126
    endloop
  endfacet
  facet normal 0 0 1
    outer loop
      vertex -13.5 12.3 33.126
      vertex -13.405849085126587 14.696300800479754 33.126
      vertex -13.5 14.7 33.126
    endloop
  endfacet
  facet normal 0 0 1
    outer loop
      vertex -13.405849085126587 12.303699199520246 33.126
      vertex -13.312278641951723 14.685226008714166 33.126
      vertex -13.405849085126587 14.696300800479754 33.126
    endloop
  endfacet
  facet normal 0 0 1
    outer loop
      vertex -13.312278641951723 12.314773991285834 33.126
      vertex -13.219865563372913 14.666843904477211 33.126
      vertex -13.312278641951723 14.685226008714166 33.126
    endloop
  endfacet
  facet normal 0 0 1
    outer loop
      vertex -13.219865563372913 12.333156095522789 33.126
      vertex -13.129179606750062 14.641267819554184 33.126
      vertex -13.219865563372913 14.666843904477211 33.126
    endloop
  endfacet
  facet normal 0 0 1
    outer loop
      vertex -13.129179606750062 12.358732180445816 33.126
      vertex -13.040779881161892 14.608655439013544 33.126
      vertex -13.129179606750062 14.641267819554184 33.126
    endloop
  endfacet
  facet normal 0 0 1
    outer loop
      vertex -13.040779881161892 12.391344560986456 33.126
      vertex -12.955211400312544 14.569207829026041 33.126
      vertex -13.040779881161892 14.608655439013544 33.126
    endloop
  endfacet
  facet normal 0 0 1
    outer loop
      vertex -12.955211400312544 12.430792170973959 33.126
      vertex -12.873001722340861 14.52316819722491 33.126
      vertex -12.955211400312544 14.569207829026041 33.126
    endloop
  endfacet
  facet normal 0 0 1
    outer loop
      vertex -12.955211400312544 12.430792170973959 33.126
      vertex -12.873001722340861 12.47683180277509 33.126
      vertex -12.873001722340861 14.52316819722491 33.126
    endloop
  endfacet
  facet normal 0 0 1
    outer loop
      vertex -12.873001722340861 12.47683180277509 33.126
      vertex -12.794657697249033 12.529179606750063 33.126
      vertex -12.794657697249033 14.470820393249937 33.126
    endloop
  endfacet
  facet normal 0 0 1
    outer loop
      vertex -12.794657697249033 12.529179606750063 33.126
      vertex -12.720662342003779 12.587512841279963 33.126
      vertex -12.720662342003779 14.412487158720037 33.126
    endloop
  endfacet
  facet normal 0 0 1
    outer loop
      vertex -12.720662342003779 12.587512841279963 33.126
      vertex -12.651471862576143 12.651471862576143 33.126
      vertex -12.651471862576143 14.348528137423857 33.126
    endloop
  endfacet
  facet normal 0 0 1
    outer loop
      vertex -12.651471862576143 12.651471862576143 33.126
      vertex -12.587512841279963 12.720662342003779 33.126
      vertex -12.587512841279963 14.279337657996221 33.126
    endloop
  endfacet
  facet normal 0 0 1
    outer loop
      vertex -12.587512841279963 12.720662342003779 33.126
      vertex -12.529179606750063 12.794657697249033 33.126
      vertex -12.529179606750063 14.205342302750967 33.126
    endloop
  endfacet
  facet normal 0 0 1
    outer loop
      vertex -12.529179606750063 12.794657697249033 33.126
      vertex -12.47683180277509 12.873001722340861 33.126
      vertex -12.47683180277509 14.126998277659139 33.126
    endloop
  endfacet
  facet normal 0 0 1
    outer loop
      vertex -12.47683180277509 12.873001722340861 33.126
      vertex -12.430792170973959 12.955211400312544 33.126
      vertex -12.430792170973959 14.044788599687456 33.126
    endloop
  endfacet
  facet normal 0 0 1
    outer loop
      vertex -12.430792170973959 12.955211400312544 33.126
      vertex -12.391344560986456 13.040779881161892 33.126
      vertex -12.391344560986456 13.959220118838108 33.126
    endloop
  endfacet
  facet normal 0 0 1
    outer loop
      vertex -12.391344560986456 13.040779881161892 33.126
      vertex -12.358732180445816 13.129179606750062 33.126
      vertex -12.358732180445816 13.870820393249938 33.126
    endloop
  endfacet
  facet normal 0 0 1
    outer loop
      vertex -12.358732180445816 13.129179606750062 33.126
      vertex -12.333156095522789 13.219865563372913 33.126
      vertex -12.333156095522789 13.780134436627087 33.126
    endloop
  endfacet
  facet normal 0 0 1
    outer loop
      vertex -12.333156095522789 13.219865563372913 33.126
      vertex -12.314773991285834 13.312278641951723 33.126
      vertex -12.314773991285834 13.687721358048277 33.126
    endloop
  endfacet
  facet normal 0 0 1
    outer loop
      vertex -12.314773991285834 13.312278641951723 33.126
      vertex -12.303699199520246 13.405849085126587 33.126
      vertex -12.303699199520246 13.594150914873413 33.126
    endloop
  endfacet
  facet normal 0 0 1
    outer loop
      vertex -12.303699199520246 13.405849085126587 33.126
      vertex -12.3 13.5 33.126
      vertex -12.303699199520246 13.594150914873413 33.126
    endloop
  endfacet
  facet normal 0 0 1
    outer loop
      vertex -12.873001722340861 12.47683180277509 33.126
      vertex -12.794657697249033 14.470820393249937 33.126
      vertex -12.873001722340861 14.52316819722491 33.126
    endloop
  endfacet
  facet normal 0 0 1
    outer loop
      vertex -12.794657697249033 12.529179606750063 33.126
      vertex -12.720662342003779 14.412487158720037 33.126
      vertex -12.794657697249033 14.470820393249937 33.126
    endloop
  endfacet
  facet normal 0 0 1
    outer loop
      vertex -12.720662342003779 12.587512841279963 33.126
      vertex -12.651471862576143 14.348528137423857 33.126
      vertex -12.720662342003779 14.412487158720037 33.126
    endloop
  endfacet
  facet normal 0 0 1
    outer loop
      vertex -12.587512841279963 12.720662342003779 33.126
      vertex -12.529179606750063 14.205342302750967 33.126
      vertex -12.587512841279963 14.279337657996221 33.126
    endloop
  endfacet
  facet normal 0 0 1
    outer loop
      vertex -12.651471862576143 12.651471862576143 33.126
      vertex -12.587512841279963 14.279337657996221 33.126
      vertex -12.651471862576143 14.348528137423857 33.126
    endloop
  endfacet
  facet normal 0 0 1
    outer loop
      vertex -12.430792170973959 12.955211400312544 33.126
      vertex -12.391344560986456 13.959220118838108 33.126
      vertex -12.430792170973959 14.044788599687456 33.126
    endloop
  endfacet
  facet normal 0 0 1
    outer loop
      vertex -12.529179606750063 12.794657697249033 33.126
      vertex -12.47683180277509 14.126998277659139 33.126
      vertex -12.529179606750063 14.205342302750967 33.126
    endloop
  endfacet
  facet normal 0 0 1
    outer loop
      vertex -12.47683180277509 12.873001722340861 33.126
      vertex -12.430792170973959 14.044788599687456 33.126
      vertex -12.47683180277509 14.126998277659139 33.126
    endloop
  endfacet
  facet normal 0 0 1
    outer loop
      vertex -12.314773991285834 13.312278641951723 33.126
      vertex -12.303699199520246 13.594150914873413 33.126
      vertex -12.314773991285834 13.687721358048277 33.126
    endloop
  endfacet
  facet normal 0 0 1
    outer loop
      vertex -12.333156095522789 13.219865563372913 33.126
      vertex -12.314773991285834 13.687721358048277 33.126
      vertex -12.333156095522789 13.780134436627087 33.126
    endloop
  endfacet
  facet normal 0 0 1
    outer loop
      vertex -12.391344560986456 13.040779881161892 33.126
      vertex -12.358732180445816 13.870820393249938 33.126
      vertex -12.391344560986456 13.959220118838108 33.126
    endloop
  endfacet
  facet normal 0 0 1
    outer loop
      vertex -12.358732180445816 13.129179606750062 33.126
      vertex -12.333156095522789 13.780134436627087 33.126
      vertex -12.358732180445816 13.870820393249938 33.126
    endloop
  endfacet
  facet normal -0.8724960070727978 0.4886212414969538 0
    outer loop
      vertex -12.47683180277509 12.873001722340861 33.126
      vertex -12.47683180277509 12.873001722340861 36.525999999999996
      vertex -12.430792170973959 12.955211400312544 33.126
    endloop
  endfacet
  facet normal -0.9081431738250788 0.4186597375374334 0
    outer loop
      vertex -12.430792170973959 12.955211400312544 33.126
      vertex -12.430792170973959 12.955211400312544 36.525999999999996
      vertex -12.391344560986456 13.040779881161892 33.126
    endloop
  endfacet
  facet normal -0.9381913359224859 0.346117057077488 0
    outer loop
      vertex -12.391344560986456 13.040779881161892 33.126
      vertex -12.391344560986456 13.040779881161892 36.525999999999996
      vertex -12.358732180445816 13.129179606750062 33.126
    endloop
  endfacet
  facet normal -0.9624552364536474 0.2714404498650744 0
    outer loop
      vertex -12.358732180445816 13.129179606750062 33.126
      vertex -12.358732180445816 13.129179606750062 36.525999999999996
      vertex -12.333156095522789 13.219865563372913 33.126
    endloop
  endfacet
  facet normal -0.980785280403229 0.19509032201613508 0
    outer loop
      vertex -12.333156095522789 13.219865563372913 33.126
      vertex -12.333156095522789 13.219865563372913 36.525999999999996
      vertex -12.314773991285834 13.312278641951723 33.126
    endloop
  endfacet
  facet normal -0.9930684569549256 0.11753739745784327 0
    outer loop
      vertex -12.314773991285834 13.312278641951723 33.126
      vertex -12.314773991285834 13.312278641951723 36.525999999999996
      vertex -12.303699199520246 13.405849085126587 33.126
    endloop
  endfacet
  facet normal -0.9992290362407236 0.03925981575905251 0
    outer loop
      vertex -12.303699199520246 13.405849085126587 33.126
      vertex -12.303699199520246 13.405849085126587 36.525999999999996
      vertex -12.3 13.5 33.126
    endloop
  endfacet
  facet normal -0.9992290362407236 -0.03925981575905251 0
    outer loop
      vertex -12.3 13.5 33.126
      vertex -12.3 13.5 36.525999999999996
      vertex -12.303699199520246 13.594150914873413 33.126
    endloop
  endfacet
  facet normal -0.9930684569549256 -0.11753739745784327 3.217768296891188e-19
    outer loop
      vertex -12.314773991285834 13.687721358048277 33.126
      vertex -12.303699199520246 13.594150914873413 33.126
      vertex -12.303699199520246 13.594150914873413 36.525999999999996
    endloop
  endfacet
  facet normal -0.980785280403229 -0.19509032201613508 0
    outer loop
      vertex -12.314773991285834 13.687721358048277 33.126
      vertex -12.314773991285834 13.687721358048277 36.525999999999996
      vertex -12.333156095522789 13.780134436627087 33.126
    endloop
  endfacet
  facet normal -0.9624552364536474 -0.2714404498650744 0
    outer loop
      vertex -12.333156095522789 13.780134436627087 33.126
      vertex -12.333156095522789 13.780134436627087 36.525999999999996
      vertex -12.358732180445816 13.870820393249938 33.126
    endloop
  endfacet
  facet normal -0.9081431738250788 -0.4186597375374334 0
    outer loop
      vertex -12.391344560986456 13.959220118838108 33.126
      vertex -12.391344560986456 13.959220118838108 36.525999999999996
      vertex -12.430792170973959 14.044788599687456 33.126
    endloop
  endfacet
  facet normal -0.8314696123025472 -0.555570233019599 0
    outer loop
      vertex -12.47683180277509 14.126998277659139 33.126
      vertex -12.47683180277509 14.126998277659139 36.525999999999996
      vertex -12.529179606750063 14.205342302750967 33.126
    endloop
  endfacet
  facet normal -0.8724960070727978 -0.4886212414969538 1.7860241924736678e-19
    outer loop
      vertex -12.47683180277509 14.126998277659139 33.126
      vertex -12.430792170973959 14.044788599687456 33.126
      vertex -12.430792170973959 14.044788599687456 36.525999999999996
    endloop
  endfacet
  facet normal -0.9381913359224859 -0.346117057077488 -7.542806304418863e-20
    outer loop
      vertex -12.391344560986456 13.959220118838108 33.126
      vertex -12.358732180445816 13.870820393249938 33.126
      vertex -12.358732180445816 13.870820393249938 36.525999999999996
    endloop
  endfacet
  facet normal 0.03925981575905251 -0.9992290362407236 -5.999498325345624e-20
    outer loop
      vertex -13.594150914873413 14.696300800479754 33.126
      vertex -13.5 14.7 33.126
      vertex -13.5 14.7 36.525999999999996
    endloop
  endfacet
  facet normal -0.03925981575905251 -0.9992290362407236 5.999498325345624e-20
    outer loop
      vertex -13.5 14.7 33.126
      vertex -13.405849085126587 14.696300800479754 33.126
      vertex -13.405849085126587 14.696300800479754 36.525999999999996
    endloop
  endfacet
  facet normal -0.11753739745784327 -0.9930684569549256 3.217768296891188e-19
    outer loop
      vertex -13.405849085126587 14.696300800479754 33.126
      vertex -13.312278641951723 14.685226008714166 33.126
      vertex -13.312278641951723 14.685226008714166 36.525999999999996
    endloop
  endfacet
  facet normal -0.19509032201613508 -0.980785280403229 -2.589141967245113e-19
    outer loop
      vertex -13.312278641951723 14.685226008714166 33.126
      vertex -13.219865563372913 14.666843904477211 33.126
      vertex -13.219865563372913 14.666843904477211 36.525999999999996
    endloop
  endfacet
  facet normal -0.2714404498650744 -0.9624552364536474 -6.41452518855391e-19
    outer loop
      vertex -13.219865563372913 14.666843904477211 33.126
      vertex -13.129179606750062 14.641267819554184 33.126
      vertex -13.129179606750062 14.641267819554184 36.525999999999996
    endloop
  endfacet
  facet normal -0.346117057077488 -0.9381913359224859 -7.542806304418863e-20
    outer loop
      vertex -13.129179606750062 14.641267819554184 33.126
      vertex -13.040779881161892 14.608655439013544 33.126
      vertex -13.040779881161892 14.608655439013544 36.525999999999996
    endloop
  endfacet
  facet normal -0.4186597375374334 -0.9081431738250788 3.3160861810076813e-19
    outer loop
      vertex -13.040779881161892 14.608655439013544 33.126
      vertex -12.955211400312544 14.569207829026041 33.126
      vertex -12.955211400312544 14.569207829026041 36.525999999999996
    endloop
  endfacet
  facet normal -0.555570233019599 -0.8314696123025472 -9.451544207609137e-19
    outer loop
      vertex -12.873001722340861 14.52316819722491 33.126
      vertex -12.794657697249033 14.470820393249937 33.126
      vertex -12.794657697249033 14.470820393249937 36.525999999999996
    endloop
  endfacet
  facet normal -0.6190939493098337 -0.7853169308807451 -8.97163088258771e-19
    outer loop
      vertex -12.794657697249033 14.470820393249937 33.126
      vertex -12.720662342003779 14.412487158720037 33.126
      vertex -12.720662342003779 14.412487158720037 36.525999999999996
    endloop
  endfacet
  facet normal -0.7343225094356857 -0.6788007455329416 8.185499375276663e-19
    outer loop
      vertex -12.651471862576143 14.348528137423857 33.126
      vertex -12.587512841279963 14.279337657996221 33.126
      vertex -12.587512841279963 14.279337657996221 36.525999999999996
    endloop
  endfacet
  facet normal -0.6788007455329416 -0.7343225094356857 0
    outer loop
      vertex -12.651471862576143 14.348528137423857 33.126
      vertex -12.651471862576143 14.348528137423857 36.525999999999996
      vertex -12.720662342003779 14.412487158720037 33.126
    endloop
  endfacet
  facet normal -0.4886212414969538 -0.8724960070727978 0
    outer loop
      vertex -12.873001722340861 14.52316819722491 33.126
      vertex -12.873001722340861 14.52316819722491 36.525999999999996
      vertex -12.955211400312544 14.569207829026041 33.126
    endloop
  endfacet
  facet normal -0.7853169308807451 -0.6190939493098337 -8.97163088258771e-19
    outer loop
      vertex -12.587512841279963 14.279337657996221 33.126
      vertex -12.529179606750063 14.205342302750967 33.126
      vertex -12.529179606750063 14.205342302750967 36.525999999999996
    endloop
  endfacet
  facet normal 0.8314696123025472 0.555570233019599 0
    outer loop
      vertex -14.470820393249937 12.794657697249033 33.126
      vertex -14.52316819722491 12.873001722340861 36.525999999999996
      vertex -14.470820393249937 12.794657697249033 36.525999999999996
    endloop
  endfacet
  facet normal 0.6788007455329416 0.7343225094356857 0
    outer loop
      vertex -14.279337657996221 12.587512841279963 33.126
      vertex -14.348528137423857 12.651471862576143 36.525999999999996
      vertex -14.279337657996221 12.587512841279963 36.525999999999996
    endloop
  endfacet
  facet normal 0.7853169308807451 0.6190939493098337 0
    outer loop
      vertex -14.412487158720037 12.720662342003779 33.126
      vertex -14.470820393249937 12.794657697249033 36.525999999999996
      vertex -14.412487158720037 12.720662342003779 36.525999999999996
    endloop
  endfacet
  facet normal 0.7343225094356857 0.6788007455329416 0
    outer loop
      vertex -14.348528137423857 12.651471862576143 33.126
      vertex -14.412487158720037 12.720662342003779 36.525999999999996
      vertex -14.348528137423857 12.651471862576143 36.525999999999996
    endloop
  endfacet
  facet normal 0.555570233019599 0.8314696123025472 0
    outer loop
      vertex -14.126998277659139 12.47683180277509 33.126
      vertex -14.205342302750967 12.529179606750063 36.525999999999996
      vertex -14.126998277659139 12.47683180277509 36.525999999999996
    endloop
  endfacet
  facet normal 0.4886212414969538 0.8724960070727978 0
    outer loop
      vertex -14.044788599687456 12.430792170973959 33.126
      vertex -14.126998277659139 12.47683180277509 36.525999999999996
      vertex -14.044788599687456 12.430792170973959 36.525999999999996
    endloop
  endfacet
  facet normal 0.4186597375374334 0.9081431738250788 0
    outer loop
      vertex -13.959220118838108 12.391344560986456 33.126
      vertex -14.044788599687456 12.430792170973959 36.525999999999996
      vertex -13.959220118838108 12.391344560986456 36.525999999999996
    endloop
  endfacet
  facet normal 0.6190939493098337 0.7853169308807451 0
    outer loop
      vertex -14.205342302750967 12.529179606750063 33.126
      vertex -14.279337657996221 12.587512841279963 36.525999999999996
      vertex -14.205342302750967 12.529179606750063 36.525999999999996
    endloop
  endfacet
  facet normal 0.346117057077488 0.9381913359224859 0
    outer loop
      vertex -13.870820393249938 12.358732180445816 33.126
      vertex -13.959220118838108 12.391344560986456 36.525999999999996
      vertex -13.870820393249938 12.358732180445816 36.525999999999996
    endloop
  endfacet
  facet normal 0.2714404498650744 0.9624552364536474 0
    outer loop
      vertex -13.780134436627087 12.333156095522789 33.126
      vertex -13.870820393249938 12.358732180445816 36.525999999999996
      vertex -13.780134436627087 12.333156095522789 36.525999999999996
    endloop
  endfacet
  facet normal 0.19509032201613508 0.980785280403229 0
    outer loop
      vertex -13.687721358048277 12.314773991285834 33.126
      vertex -13.780134436627087 12.333156095522789 36.525999999999996
      vertex -13.687721358048277 12.314773991285834 36.525999999999996
    endloop
  endfacet
  facet normal 0.11753739745784327 0.9930684569549256 0
    outer loop
      vertex -13.594150914873413 12.303699199520246 33.126
      vertex -13.687721358048277 12.314773991285834 36.525999999999996
      vertex -13.594150914873413 12.303699199520246 36.525999999999996
    endloop
  endfacet
  facet normal 0.9381913359224859 0.346117057077488 0
    outer loop
      vertex -14.608655439013544 13.040779881161892 33.126
      vertex -14.641267819554184 13.129179606750062 36.525999999999996
      vertex -14.608655439013544 13.040779881161892 36.525999999999996
    endloop
  endfacet
  facet normal 0.9624552364536474 0.2714404498650744 0
    outer loop
      vertex -14.641267819554184 13.129179606750062 33.126
      vertex -14.666843904477211 13.219865563372913 36.525999999999996
      vertex -14.641267819554184 13.129179606750062 36.525999999999996
    endloop
  endfacet
  facet normal 0.980785280403229 0.19509032201613508 0
    outer loop
      vertex -14.666843904477211 13.219865563372913 33.126
      vertex -14.685226008714166 13.312278641951723 36.525999999999996
      vertex -14.666843904477211 13.219865563372913 36.525999999999996
    endloop
  endfacet
  facet normal 0.9930684569549256 0.11753739745784327 0
    outer loop
      vertex -14.685226008714166 13.312278641951723 33.126
      vertex -14.696300800479754 13.405849085126587 36.525999999999996
      vertex -14.685226008714166 13.312278641951723 36.525999999999996
    endloop
  endfacet
  facet normal 0.9992290362407236 0.03925981575905251 0
    outer loop
      vertex -14.696300800479754 13.405849085126587 33.126
      vertex -14.7 13.5 36.525999999999996
      vertex -14.696300800479754 13.405849085126587 36.525999999999996
    endloop
  endfacet
  facet normal 0.8724960070727978 0.4886212414969538 0
    outer loop
      vertex -14.52316819722491 12.873001722340861 33.126
      vertex -14.569207829026041 12.955211400312544 36.525999999999996
      vertex -14.52316819722491 12.873001722340861 36.525999999999996
    endloop
  endfacet
  facet normal 0.9081431738250788 0.4186597375374334 0
    outer loop
      vertex -14.569207829026041 12.955211400312544 33.126
      vertex -14.608655439013544 13.040779881161892 36.525999999999996
      vertex -14.569207829026041 12.955211400312544 36.525999999999996
    endloop
  endfacet
  facet normal 0.9992290362407236 -0.03925981575905251 0
    outer loop
      vertex -14.7 13.5 33.126
      vertex -14.696300800479754 13.594150914873413 36.525999999999996
      vertex -14.7 13.5 36.525999999999996
    endloop
  endfacet
  facet normal 0.9930684569549256 -0.11753739745784327 0
    outer loop
      vertex -14.696300800479754 13.594150914873413 33.126
      vertex -14.685226008714166 13.687721358048277 36.525999999999996
      vertex -14.696300800479754 13.594150914873413 36.525999999999996
    endloop
  endfacet
  facet normal 0.980785280403229 -0.19509032201613508 0
    outer loop
      vertex -14.685226008714166 13.687721358048277 33.126
      vertex -14.666843904477211 13.780134436627087 36.525999999999996
      vertex -14.685226008714166 13.687721358048277 36.525999999999996
    endloop
  endfacet
  facet normal 0.9624552364536474 -0.2714404498650744 0
    outer loop
      vertex -14.666843904477211 13.780134436627087 33.126
      vertex -14.641267819554184 13.870820393249938 36.525999999999996
      vertex -14.666843904477211 13.780134436627087 36.525999999999996
    endloop
  endfacet
  facet normal 0.9381913359224859 -0.346117057077488 0
    outer loop
      vertex -14.641267819554184 13.870820393249938 33.126
      vertex -14.608655439013544 13.959220118838108 36.525999999999996
      vertex -14.641267819554184 13.870820393249938 36.525999999999996
    endloop
  endfacet
  facet normal 0.9081431738250788 -0.4186597375374334 0
    outer loop
      vertex -14.608655439013544 13.959220118838108 33.126
      vertex -14.569207829026041 14.044788599687456 36.525999999999996
      vertex -14.608655439013544 13.959220118838108 36.525999999999996
    endloop
  endfacet
  facet normal 0.8724960070727978 -0.4886212414969538 0
    outer loop
      vertex -14.569207829026041 14.044788599687456 33.126
      vertex -14.52316819722491 14.126998277659139 36.525999999999996
      vertex -14.569207829026041 14.044788599687456 36.525999999999996
    endloop
  endfacet
  facet normal 0.8314696123025472 -0.555570233019599 0
    outer loop
      vertex -14.52316819722491 14.126998277659139 33.126
      vertex -14.470820393249937 14.205342302750967 36.525999999999996
      vertex -14.52316819722491 14.126998277659139 36.525999999999996
    endloop
  endfacet
  facet normal 0.7853169308807451 -0.6190939493098337 0
    outer loop
      vertex -14.470820393249937 14.205342302750967 33.126
      vertex -14.412487158720037 14.279337657996221 36.525999999999996
      vertex -14.470820393249937 14.205342302750967 36.525999999999996
    endloop
  endfacet
  facet normal 0.7343225094356857 -0.6788007455329416 0
    outer loop
      vertex -14.412487158720037 14.279337657996221 33.126
      vertex -14.348528137423857 14.348528137423857 36.525999999999996
      vertex -14.412487158720037 14.279337657996221 36.525999999999996
    endloop
  endfacet
  facet normal 0.6788007455329416 -0.7343225094356857 0
    outer loop
      vertex -14.348528137423857 14.348528137423857 33.126
      vertex -14.279337657996221 14.412487158720037 36.525999999999996
      vertex -14.348528137423857 14.348528137423857 36.525999999999996
    endloop
  endfacet
  facet normal 0.6190939493098337 -0.7853169308807451 0
    outer loop
      vertex -14.279337657996221 14.412487158720037 33.126
      vertex -14.205342302750967 14.470820393249937 36.525999999999996
      vertex -14.279337657996221 14.412487158720037 36.525999999999996
    endloop
  endfacet
  facet normal 0.555570233019599 -0.8314696123025472 0
    outer loop
      vertex -14.205342302750967 14.470820393249937 33.126
      vertex -14.126998277659139 14.52316819722491 36.525999999999996
      vertex -14.205342302750967 14.470820393249937 36.525999999999996
    endloop
  endfacet
  facet normal 0.4886212414969538 -0.8724960070727978 0
    outer loop
      vertex -14.126998277659139 14.52316819722491 33.126
      vertex -14.044788599687456 14.569207829026041 36.525999999999996
      vertex -14.126998277659139 14.52316819722491 36.525999999999996
    endloop
  endfacet
  facet normal 0.4186597375374334 -0.9081431738250788 0
    outer loop
      vertex -14.044788599687456 14.569207829026041 33.126
      vertex -13.959220118838108 14.608655439013544 36.525999999999996
      vertex -14.044788599687456 14.569207829026041 36.525999999999996
    endloop
  endfacet
  facet normal 0.346117057077488 -0.9381913359224859 0
    outer loop
      vertex -13.959220118838108 14.608655439013544 33.126
      vertex -13.870820393249938 14.641267819554184 36.525999999999996
      vertex -13.959220118838108 14.608655439013544 36.525999999999996
    endloop
  endfacet
  facet normal 0.2714404498650744 -0.9624552364536474 0
    outer loop
      vertex -13.870820393249938 14.641267819554184 33.126
      vertex -13.780134436627087 14.666843904477211 36.525999999999996
      vertex -13.870820393249938 14.641267819554184 36.525999999999996
    endloop
  endfacet
  facet normal 0.19509032201613508 -0.980785280403229 0
    outer loop
      vertex -13.780134436627087 14.666843904477211 33.126
      vertex -13.687721358048277 14.685226008714166 36.525999999999996
      vertex -13.780134436627087 14.666843904477211 36.525999999999996
    endloop
  endfacet
  facet normal 0.11753739745784327 -0.9930684569549256 0
    outer loop
      vertex -13.687721358048277 14.685226008714166 33.126
      vertex -13.594150914873413 14.696300800479754 36.525999999999996
      vertex -13.687721358048277 14.685226008714166 36.525999999999996
    endloop
  endfacet
  facet normal 0.03925981575905251 0.9992290362407236 0
    outer loop
      vertex -13.5 12.3 33.126
      vertex -13.594150914873413 12.303699199520246 36.525999999999996
      vertex -13.5 12.3 36.525999999999996
    endloop
  endfacet
  facet normal -0.03925981575905251 0.9992290362407236 0
    outer loop
      vertex -13.405849085126587 12.303699199520246 33.126
      vertex -13.5 12.3 36.525999999999996
      vertex -13.405849085126587 12.303699199520246 36.525999999999996
    endloop
  endfacet
  facet normal -0.11753739745784327 0.9930684569549256 0
    outer loop
      vertex -13.312278641951723 12.314773991285834 33.126
      vertex -13.405849085126587 12.303699199520246 36.525999999999996
      vertex -13.312278641951723 12.314773991285834 36.525999999999996
    endloop
  endfacet
  facet normal -0.19509032201613508 0.980785280403229 0
    outer loop
      vertex -13.219865563372913 12.333156095522789 33.126
      vertex -13.312278641951723 12.314773991285834 36.525999999999996
      vertex -13.219865563372913 12.333156095522789 36.525999999999996
    endloop
  endfacet
  facet normal -0.2714404498650744 0.9624552364536474 0
    outer loop
      vertex -13.129179606750062 12.358732180445816 33.126
      vertex -13.219865563372913 12.333156095522789 36.525999999999996
      vertex -13.129179606750062 12.358732180445816 36.525999999999996
    endloop
  endfacet
  facet normal -0.346117057077488 0.9381913359224859 0
    outer loop
      vertex -13.040779881161892 12.391344560986456 33.126
      vertex -13.129179606750062 12.358732180445816 36.525999999999996
      vertex -13.040779881161892 12.391344560986456 36.525999999999996
    endloop
  endfacet
  facet normal -0.4186597375374334 0.9081431738250788 0
    outer loop
      vertex -12.955211400312544 12.430792170973959 33.126
      vertex -13.040779881161892 12.391344560986456 36.525999999999996
      vertex -12.955211400312544 12.430792170973959 36.525999999999996
    endloop
  endfacet
  facet normal -0.4886212414969538 0.8724960070727978 0
    outer loop
      vertex -12.873001722340861 12.47683180277509 33.126
      vertex -12.955211400312544 12.430792170973959 36.525999999999996
      vertex -12.873001722340861 12.47683180277509 36.525999999999996
    endloop
  endfacet
  facet normal -0.555570233019599 0.8314696123025472 0
    outer loop
      vertex -12.794657697249033 12.529179606750063 33.126
      vertex -12.873001722340861 12.47683180277509 36.525999999999996
      vertex -12.794657697249033 12.529179606750063 36.525999999999996
    endloop
  endfacet
  facet normal -0.6190939493098337 0.7853169308807451 0
    outer loop
      vertex -12.720662342003779 12.587512841279963 33.126
      vertex -12.794657697249033 12.529179606750063 36.525999999999996
      vertex -12.720662342003779 12.587512841279963 36.525999999999996
    endloop
  endfacet
  facet normal -0.6788007455329416 0.7343225094356857 0
    outer loop
      vertex -12.651471862576143 12.651471862576143 33.126
      vertex -12.720662342003779 12.587512841279963 36.525999999999996
      vertex -12.651471862576143 12.651471862576143 36.525999999999996
    endloop
  endfacet
  facet normal -0.7343225094356857 0.6788007455329416 0
    outer loop
      vertex -12.587512841279963 12.720662342003779 33.126
      vertex -12.651471862576143 12.651471862576143 36.525999999999996
      vertex -12.587512841279963 12.720662342003779 36.525999999999996
    endloop
  endfacet
  facet normal -0.7853169308807451 0.6190939493098337 0
    outer loop
      vertex -12.529179606750063 12.794657697249033 33.126
      vertex -12.587512841279963 12.720662342003779 36.525999999999996
      vertex -12.529179606750063 12.794657697249033 36.525999999999996
    endloop
  endfacet
  facet normal -0.8314696123025472 0.555570233019599 0
    outer loop
      vertex -12.47683180277509 12.873001722340861 33.126
      vertex -12.529179606750063 12.794657697249033 36.525999999999996
      vertex -12.47683180277509 12.873001722340861 36.525999999999996
    endloop
  endfacet
  facet normal -0.8724960070727978 0.4886212414969538 0
    outer loop
      vertex -12.430792170973959 12.955211400312544 33.126
      vertex -12.47683180277509 12.873001722340861 36.525999999999996
      vertex -12.430792170973959 12.955211400312544 36.525999999999996
    endloop
  endfacet
  facet normal -0.9081431738250788 0.4186597375374334 0
    outer loop
      vertex -12.391344560986456 13.040779881161892 33.126
      vertex -12.430792170973959 12.955211400312544 36.525999999999996
      vertex -12.391344560986456 13.040779881161892 36.525999999999996
    endloop
  endfacet
  facet normal -0.9381913359224859 0.346117057077488 0
    outer loop
      vertex -12.358732180445816 13.129179606750062 33.126
      vertex -12.391344560986456 13.040779881161892 36.525999999999996
      vertex -12.358732180445816 13.129179606750062 36.525999999999996
    endloop
  endfacet
  facet normal -0.9624552364536474 0.2714404498650744 0
    outer loop
      vertex -12.333156095522789 13.219865563372913 33.126
      vertex -12.358732180445816 13.129179606750062 36.525999999999996
      vertex -12.333156095522789 13.219865563372913 36.525999999999996
    endloop
  endfacet
  facet normal -0.980785280403229 0.19509032201613508 0
    outer loop
      vertex -12.314773991285834 13.312278641951723 33.126
      vertex -12.333156095522789 13.219865563372913 36.525999999999996
      vertex -12.314773991285834 13.312278641951723 36.525999999999996
    endloop
  endfacet
  facet normal -0.9930684569549256 0.11753739745784327 0
    outer loop
      vertex -12.303699199520246 13.405849085126587 33.126
      vertex -12.314773991285834 13.312278641951723 36.525999999999996
      vertex -12.303699199520246 13.405849085126587 36.525999999999996
    endloop
  endfacet
  facet normal -0.9992290362407236 0.03925981575905251 0
    outer loop
      vertex -12.3 13.5 33.126
      vertex -12.303699199520246 13.405849085126587 36.525999999999996
      vertex -12.3 13.5 36.525999999999996
    endloop
  endfacet
  facet normal -0.9930684569549256 -0.11753739745784327 0
    outer loop
      vertex -12.314773991285834 13.687721358048277 33.126
      vertex -12.303699199520246 13.594150914873413 36.525999999999996
      vertex -12.314773991285834 13.687721358048277 36.525999999999996
    endloop
  endfacet
  facet normal -0.9992290362407236 -0.03925981575905251 0
    outer loop
      vertex -12.303699199520246 13.594150914873413 33.126
      vertex -12.3 13.5 36.525999999999996
      vertex -12.303699199520246 13.594150914873413 36.525999999999996
    endloop
  endfacet
  facet normal -0.980785280403229 -0.19509032201613508 0
    outer loop
      vertex -12.333156095522789 13.780134436627087 33.126
      vertex -12.314773991285834 13.687721358048277 36.525999999999996
      vertex -12.333156095522789 13.780134436627087 36.525999999999996
    endloop
  endfacet
  facet normal -0.9081431738250788 -0.4186597375374334 0
    outer loop
      vertex -12.430792170973959 14.044788599687456 33.126
      vertex -12.391344560986456 13.959220118838108 36.525999999999996
      vertex -12.430792170973959 14.044788599687456 36.525999999999996
    endloop
  endfacet
  facet normal -0.8724960070727978 -0.4886212414969538 0
    outer loop
      vertex -12.47683180277509 14.126998277659139 33.126
      vertex -12.430792170973959 14.044788599687456 36.525999999999996
      vertex -12.47683180277509 14.126998277659139 36.525999999999996
    endloop
  endfacet
  facet normal -0.9624552364536474 -0.2714404498650744 0
    outer loop
      vertex -12.358732180445816 13.870820393249938 33.126
      vertex -12.333156095522789 13.780134436627087 36.525999999999996
      vertex -12.358732180445816 13.870820393249938 36.525999999999996
    endloop
  endfacet
  facet normal -0.9381913359224859 -0.346117057077488 0
    outer loop
      vertex -12.391344560986456 13.959220118838108 33.126
      vertex -12.358732180445816 13.870820393249938 36.525999999999996
      vertex -12.391344560986456 13.959220118838108 36.525999999999996
    endloop
  endfacet
  facet normal 0.03925981575905251 -0.9992290362407236 0
    outer loop
      vertex -13.594150914873413 14.696300800479754 33.126
      vertex -13.5 14.7 36.525999999999996
      vertex -13.594150914873413 14.696300800479754 36.525999999999996
    endloop
  endfacet
  facet normal -0.03925981575905251 -0.9992290362407236 0
    outer loop
      vertex -13.5 14.7 33.126
      vertex -13.405849085126587 14.696300800479754 36.525999999999996
      vertex -13.5 14.7 36.525999999999996
    endloop
  endfacet
  facet normal -0.11753739745784327 -0.9930684569549256 0
    outer loop
      vertex -13.405849085126587 14.696300800479754 33.126
      vertex -13.312278641951723 14.685226008714166 36.525999999999996
      vertex -13.405849085126587 14.696300800479754 36.525999999999996
    endloop
  endfacet
  facet normal -0.19509032201613508 -0.980785280403229 0
    outer loop
      vertex -13.312278641951723 14.685226008714166 33.126
      vertex -13.219865563372913 14.666843904477211 36.525999999999996
      vertex -13.312278641951723 14.685226008714166 36.525999999999996
    endloop
  endfacet
  facet normal -0.2714404498650744 -0.9624552364536474 0
    outer loop
      vertex -13.219865563372913 14.666843904477211 33.126
      vertex -13.129179606750062 14.641267819554184 36.525999999999996
      vertex -13.219865563372913 14.666843904477211 36.525999999999996
    endloop
  endfacet
  facet normal -0.346117057077488 -0.9381913359224859 0
    outer loop
      vertex -13.129179606750062 14.641267819554184 33.126
      vertex -13.040779881161892 14.608655439013544 36.525999999999996
      vertex -13.129179606750062 14.641267819554184 36.525999999999996
    endloop
  endfacet
  facet normal -0.4186597375374334 -0.9081431738250788 0
    outer loop
      vertex -13.040779881161892 14.608655439013544 33.126
      vertex -12.955211400312544 14.569207829026041 36.525999999999996
      vertex -13.040779881161892 14.608655439013544 36.525999999999996
    endloop
  endfacet
  facet normal -0.4886212414969538 -0.8724960070727978 0
    outer loop
      vertex -12.955211400312544 14.569207829026041 33.126
      vertex -12.873001722340861 14.52316819722491 36.525999999999996
      vertex -12.955211400312544 14.569207829026041 36.525999999999996
    endloop
  endfacet
  facet normal -0.6190939493098337 -0.7853169308807451 0
    outer loop
      vertex -12.794657697249033 14.470820393249937 33.126
      vertex -12.720662342003779 14.412487158720037 36.525999999999996
      vertex -12.794657697249033 14.470820393249937 36.525999999999996
    endloop
  endfacet
  facet normal -0.7343225094356857 -0.6788007455329416 0
    outer loop
      vertex -12.651471862576143 14.348528137423857 33.126
      vertex -12.587512841279963 14.279337657996221 36.525999999999996
      vertex -12.651471862576143 14.348528137423857 36.525999999999996
    endloop
  endfacet
  facet normal -0.7853169308807451 -0.6190939493098337 0
    outer loop
      vertex -12.587512841279963 14.279337657996221 33.126
      vertex -12.529179606750063 14.205342302750967 36.525999999999996
      vertex -12.587512841279963 14.279337657996221 36.525999999999996
    endloop
  endfacet
  facet normal -0.6788007455329416 -0.7343225094356857 0
    outer loop
      vertex -12.720662342003779 14.412487158720037 33.126
      vertex -12.651471862576143 14.348528137423857 36.525999999999996
      vertex -12.720662342003779 14.412487158720037 36.525999999999996
    endloop
  endfacet
  facet normal -0.555570233019599 -0.8314696123025472 0
    outer loop
      vertex -12.873001722340861 14.52316819722491 33.126
      vertex -12.794657697249033 14.470820393249937 36.525999999999996
      vertex -12.873001722340861 14.52316819722491 36.525999999999996
    endloop
  endfacet
  facet normal -0.8314696123025472 -0.555570233019599 0
    outer loop
      vertex -12.529179606750063 14.205342302750967 33.126
      vertex -12.47683180277509 14.126998277659139 36.525999999999996
      vertex -12.529179606750063 14.205342302750967 36.525999999999996
    endloop
  endfacet
  facet normal 0 0 1
    outer loop
      vertex 12.587512841279963 -14.279337657996221 33.126
      vertex 12.651471862576143 -14.348528137423857 33.126
      vertex 12.651471862576143 -12.651471862576143 33.126
    endloop
  endfacet
  facet normal 0 0 1
    outer loop
      vertex 12.651471862576143 -14.348528137423857 33.126
      vertex 12.720662342003779 -14.412487158720037 33.126
      vertex 12.720662342003779 -12.587512841279963 33.126
    endloop
  endfacet
  facet normal 0 0 1
    outer loop
      vertex 12.720662342003779 -14.412487158720037 33.126
      vertex 12.794657697249033 -14.470820393249937 33.126
      vertex 12.794657697249033 -12.529179606750063 33.126
    endloop
  endfacet
  facet normal 0 0 1
    outer loop
      vertex 12.794657697249033 -14.470820393249937 33.126
      vertex 12.873001722340861 -14.52316819722491 33.126
      vertex 12.873001722340861 -12.47683180277509 33.126
    endloop
  endfacet
  facet normal 0 0 1
    outer loop
      vertex 12.955211400312544 -14.569207829026041 33.126
      vertex 12.955211400312544 -12.430792170973959 33.126
      vertex 12.873001722340861 -14.52316819722491 33.126
    endloop
  endfacet
  facet normal 0 0 1
    outer loop
      vertex 12.955211400312544 -14.569207829026041 33.126
      vertex 13.040779881161892 -14.608655439013544 33.126
      vertex 13.040779881161892 -12.391344560986456 33.126
    endloop
  endfacet
  facet normal 0 0 1
    outer loop
      vertex 13.040779881161892 -14.608655439013544 33.126
      vertex 13.129179606750062 -14.641267819554184 33.126
      vertex 13.129179606750062 -12.358732180445816 33.126
    endloop
  endfacet
  facet normal 0 0 1
    outer loop
      vertex 13.129179606750062 -14.641267819554184 33.126
      vertex 13.219865563372913 -14.666843904477211 33.126
      vertex 13.219865563372913 -12.333156095522789 33.126
    endloop
  endfacet
  facet normal 0 0 1
    outer loop
      vertex 13.219865563372913 -14.666843904477211 33.126
      vertex 13.312278641951723 -14.685226008714166 33.126
      vertex 13.312278641951723 -12.314773991285834 33.126
    endloop
  endfacet
  facet normal 0 0 1
    outer loop
      vertex 13.312278641951723 -14.685226008714166 33.126
      vertex 13.405849085126587 -14.696300800479754 33.126
      vertex 13.405849085126587 -12.303699199520246 33.126
    endloop
  endfacet
  facet normal 0 0 1
    outer loop
      vertex 13.405849085126587 -14.696300800479754 33.126
      vertex 13.5 -14.7 33.126
      vertex 13.5 -12.3 33.126
    endloop
  endfacet
  facet normal 0 0 1
    outer loop
      vertex 13.5 -14.7 33.126
      vertex 13.594150914873413 -14.696300800479754 33.126
      vertex 13.594150914873413 -12.303699199520246 33.126
    endloop
  endfacet
  facet normal 0.6190939493098337 0.7853169308807451 0
    outer loop
      vertex 12.720662342003779 -14.412487158720037 33.126
      vertex 12.720662342003779 -14.412487158720037 36.525999999999996
      vertex 12.794657697249033 -14.470820393249937 33.126
    endloop
  endfacet
  facet normal 0.4886212414969538 0.8724960070727978 1.7860241924736678e-19
    outer loop
      vertex 12.955211400312544 -14.569207829026041 33.126
      vertex 12.873001722340861 -14.52316819722491 33.126
      vertex 12.873001722340861 -14.52316819722491 36.525999999999996
    endloop
  endfacet
  facet normal 0.555570233019599 0.8314696123025472 0
    outer loop
      vertex 12.794657697249033 -14.470820393249937 33.126
      vertex 12.794657697249033 -14.470820393249937 36.525999999999996
      vertex 12.873001722340861 -14.52316819722491 33.126
    endloop
  endfacet
  facet normal 0.7853169308807451 0.6190939493098337 -8.97163088258771e-19
    outer loop
      vertex 12.587512841279963 -14.279337657996221 33.126
      vertex 12.529179606750063 -14.205342302750967 33.126
      vertex 12.529179606750063 -14.205342302750967 36.525999999999996
    endloop
  endfacet
  facet normal 0.8314696123025472 0.555570233019599 0
    outer loop
      vertex 12.47683180277509 -14.126998277659139 33.126
      vertex 12.47683180277509 -14.126998277659139 36.525999999999996
      vertex 12.529179606750063 -14.205342302750967 33.126
    endloop
  endfacet
  facet normal 0.9381913359224859 0.346117057077488 -7.542806304418863e-20
    outer loop
      vertex 12.391344560986456 -13.959220118838108 33.126
      vertex 12.358732180445816 -13.870820393249938 33.126
      vertex 12.358732180445816 -13.870820393249938 36.525999999999996
    endloop
  endfacet
  facet normal 0.9624552364536474 0.2714404498650744 -6.41452518855391e-19
    outer loop
      vertex 12.358732180445816 -13.870820393249938 33.126
      vertex 12.333156095522789 -13.780134436627087 33.126
      vertex 12.333156095522789 -13.780134436627087 36.525999999999996
    endloop
  endfacet
  facet normal 0.8724960070727978 0.4886212414969538 0
    outer loop
      vertex 12.430792170973959 -14.044788599687456 33.126
      vertex 12.430792170973959 -14.044788599687456 36.525999999999996
      vertex 12.47683180277509 -14.126998277659139 33.126
    endloop
  endfacet
  facet normal 0.9081431738250788 0.4186597375374334 3.3160861810076813e-19
    outer loop
      vertex 12.430792170973959 -14.044788599687456 33.126
      vertex 12.391344560986456 -13.959220118838108 33.126
      vertex 12.391344560986456 -13.959220118838108 36.525999999999996
    endloop
  endfacet
  facet normal 0.7343225094356857 0.6788007455329416 0
    outer loop
      vertex 12.587512841279963 -14.279337657996221 33.126
      vertex 12.587512841279963 -14.279337657996221 36.525999999999996
      vertex 12.651471862576143 -14.348528137423857 33.126
    endloop
  endfacet
  facet normal 0.6788007455329416 0.7343225094356857 0
    outer loop
      vertex 12.651471862576143 -14.348528137423857 33.126
      vertex 12.651471862576143 -14.348528137423857 36.525999999999996
      vertex 12.720662342003779 -14.412487158720037 33.126
    endloop
  endfacet
  facet normal 0.346117057077488 0.9381913359224859 0
    outer loop
      vertex 13.040779881161892 -14.608655439013544 33.126
      vertex 13.040779881161892 -14.608655439013544 36.525999999999996
      vertex 13.129179606750062 -14.641267819554184 33.126
    endloop
  endfacet
  facet normal 0.4186597375374334 0.9081431738250788 0
    outer loop
      vertex 12.955211400312544 -14.569207829026041 33.126
      vertex 12.955211400312544 -14.569207829026041 36.525999999999996
      vertex 13.040779881161892 -14.608655439013544 33.126
    endloop
  endfacet
  facet normal 0.2714404498650744 0.9624552364536474 0
    outer loop
      vertex 13.129179606750062 -14.641267819554184 33.126
      vertex 13.129179606750062 -14.641267819554184 36.525999999999996
      vertex 13.219865563372913 -14.666843904477211 33.126
    endloop
  endfacet
  facet normal 0.19509032201613508 0.980785280403229 0
    outer loop
      vertex 13.219865563372913 -14.666843904477211 33.126
      vertex 13.219865563372913 -14.666843904477211 36.525999999999996
      vertex 13.312278641951723 -14.685226008714166 33.126
    endloop
  endfacet
  facet normal 0.11753739745784327 0.9930684569549256 0
    outer loop
      vertex 13.312278641951723 -14.685226008714166 33.126
      vertex 13.312278641951723 -14.685226008714166 36.525999999999996
      vertex 13.405849085126587 -14.696300800479754 33.126
    endloop
  endfacet
  facet normal 0.03925981575905251 0.9992290362407236 0
    outer loop
      vertex 13.405849085126587 -14.696300800479754 33.126
      vertex 13.405849085126587 -14.696300800479754 36.525999999999996
      vertex 13.5 -14.7 33.126
    endloop
  endfacet
  facet normal -0.03925981575905251 0.9992290362407236 0
    outer loop
      vertex 13.5 -14.7 33.126
      vertex 13.5 -14.7 36.525999999999996
      vertex 13.594150914873413 -14.696300800479754 33.126
    endloop
  endfacet
  facet normal 0 0 1
    outer loop
      vertex 12.358732180445816 -13.870820393249938 33.126
      vertex 12.358732180445816 -13.129179606750062 33.126
      vertex 12.333156095522789 -13.780134436627087 33.126
    endloop
  endfacet
  facet normal 0 0 1
    outer loop
      vertex 12.391344560986456 -13.959220118838108 33.126
      vertex 12.391344560986456 -13.040779881161892 33.126
      vertex 12.358732180445816 -13.870820393249938 33.126
    endloop
  endfacet
  facet normal 0 0 1
    outer loop
      vertex 12.303699199520246 -13.594150914873413 33.126
      vertex 12.303699199520246 -13.405849085126587 33.126
      vertex 12.3 -13.5 33.126
    endloop
  endfacet
  facet normal 0 0 1
    outer loop
      vertex 12.303699199520246 -13.594150914873413 33.126
      vertex 12.314773991285834 -13.312278641951723 33.126
      vertex 12.303699199520246 -13.405849085126587 33.126
    endloop
  endfacet
  facet normal 0 0 1
    outer loop
      vertex 12.333156095522789 -13.780134436627087 33.126
      vertex 12.333156095522789 -13.219865563372913 33.126
      vertex 12.314773991285834 -13.687721358048277 33.126
    endloop
  endfacet
  facet normal 0 0 1
    outer loop
      vertex 12.314773991285834 -13.687721358048277 33.126
      vertex 12.314773991285834 -13.312278641951723 33.126
      vertex 12.303699199520246 -13.594150914873413 33.126
    endloop
  endfacet
  facet normal 0 0 1
    outer loop
      vertex 12.430792170973959 -14.044788599687456 33.126
      vertex 12.47683180277509 -14.126998277659139 33.126
      vertex 12.47683180277509 -12.873001722340861 33.126
    endloop
  endfacet
  facet normal 0 0 1
    outer loop
      vertex 12.430792170973959 -14.044788599687456 33.126
      vertex 12.430792170973959 -12.955211400312544 33.126
      vertex 12.391344560986456 -13.959220118838108 33.126
    endloop
  endfacet
  facet normal 0 0 1
    outer loop
      vertex 12.47683180277509 -14.126998277659139 33.126
      vertex 12.529179606750063 -14.205342302750967 33.126
      vertex 12.529179606750063 -12.794657697249033 33.126
    endloop
  endfacet
  facet normal 0 0 1
    outer loop
      vertex 12.314773991285834 -13.687721358048277 33.126
      vertex 12.333156095522789 -13.219865563372913 33.126
      vertex 12.314773991285834 -13.312278641951723 33.126
    endloop
  endfacet
  facet normal 0 0 1
    outer loop
      vertex 12.333156095522789 -13.780134436627087 33.126
      vertex 12.358732180445816 -13.129179606750062 33.126
      vertex 12.333156095522789 -13.219865563372913 33.126
    endloop
  endfacet
  facet normal 0 0 1
    outer loop
      vertex 12.358732180445816 -13.870820393249938 33.126
      vertex 12.391344560986456 -13.040779881161892 33.126
      vertex 12.358732180445816 -13.129179606750062 33.126
    endloop
  endfacet
  facet normal 0 0 1
    outer loop
      vertex 12.391344560986456 -13.959220118838108 33.126
      vertex 12.430792170973959 -12.955211400312544 33.126
      vertex 12.391344560986456 -13.040779881161892 33.126
    endloop
  endfacet
  facet normal 0 0 1
    outer loop
      vertex 12.430792170973959 -14.044788599687456 33.126
      vertex 12.47683180277509 -12.873001722340861 33.126
      vertex 12.430792170973959 -12.955211400312544 33.126
    endloop
  endfacet
  facet normal 0 0 1
    outer loop
      vertex 12.47683180277509 -14.126998277659139 33.126
      vertex 12.529179606750063 -12.794657697249033 33.126
      vertex 12.47683180277509 -12.873001722340861 33.126
    endloop
  endfacet
  facet normal 0 0 1
    outer loop
      vertex 12.529179606750063 -14.205342302750967 33.126
      vertex 12.587512841279963 -12.720662342003779 33.126
      vertex 12.529179606750063 -12.794657697249033 33.126
    endloop
  endfacet
  facet normal 0 0 1
    outer loop
      vertex 12.587512841279963 -14.279337657996221 33.126
      vertex 12.587512841279963 -12.720662342003779 33.126
      vertex 12.529179606750063 -14.205342302750967 33.126
    endloop
  endfacet
  facet normal 0 0 1
    outer loop
      vertex 12.587512841279963 -14.279337657996221 33.126
      vertex 12.651471862576143 -12.651471862576143 33.126
      vertex 12.587512841279963 -12.720662342003779 33.126
    endloop
  endfacet
  facet normal 0 0 1
    outer loop
      vertex 12.651471862576143 -14.348528137423857 33.126
      vertex 12.720662342003779 -12.587512841279963 33.126
      vertex 12.651471862576143 -12.651471862576143 33.126
    endloop
  endfacet
  facet normal 0 0 1
    outer loop
      vertex 12.720662342003779 -14.412487158720037 33.126
      vertex 12.794657697249033 -12.529179606750063 33.126
      vertex 12.720662342003779 -12.587512841279963 33.126
    endloop
  endfacet
  facet normal 0 0 1
    outer loop
      vertex 12.794657697249033 -14.470820393249937 33.126
      vertex 12.873001722340861 -12.47683180277509 33.126
      vertex 12.794657697249033 -12.529179606750063 33.126
    endloop
  endfacet
  facet normal 0 0 1
    outer loop
      vertex 12.873001722340861 -14.52316819722491 33.126
      vertex 12.955211400312544 -12.430792170973959 33.126
      vertex 12.873001722340861 -12.47683180277509 33.126
    endloop
  endfacet
  facet normal 0 0 1
    outer loop
      vertex 12.955211400312544 -14.569207829026041 33.126
      vertex 13.040779881161892 -12.391344560986456 33.126
      vertex 12.955211400312544 -12.430792170973959 33.126
    endloop
  endfacet
  facet normal 0 0 1
    outer loop
      vertex 13.040779881161892 -14.608655439013544 33.126
      vertex 13.129179606750062 -12.358732180445816 33.126
      vertex 13.040779881161892 -12.391344560986456 33.126
    endloop
  endfacet
  facet normal 0 0 1
    outer loop
      vertex 13.129179606750062 -14.641267819554184 33.126
      vertex 13.219865563372913 -12.333156095522789 33.126
      vertex 13.129179606750062 -12.358732180445816 33.126
    endloop
  endfacet
  facet normal 0 0 1
    outer loop
      vertex 13.219865563372913 -14.666843904477211 33.126
      vertex 13.312278641951723 -12.314773991285834 33.126
      vertex 13.219865563372913 -12.333156095522789 33.126
    endloop
  endfacet
  facet normal 0 0 1
    outer loop
      vertex 13.312278641951723 -14.685226008714166 33.126
      vertex 13.405849085126587 -12.303699199520246 33.126
      vertex 13.312278641951723 -12.314773991285834 33.126
    endloop
  endfacet
  facet normal 0 0 1
    outer loop
      vertex 13.405849085126587 -14.696300800479754 33.126
      vertex 13.5 -12.3 33.126
      vertex 13.405849085126587 -12.303699199520246 33.126
    endloop
  endfacet
  facet normal 0 0 1
    outer loop
      vertex 13.5 -14.7 33.126
      vertex 13.594150914873413 -12.303699199520246 33.126
      vertex 13.5 -12.3 33.126
    endloop
  endfacet
  facet normal 0.9930684569549256 0.11753739745784327 3.217768296891188e-19
    outer loop
      vertex 12.314773991285834 -13.687721358048277 33.126
      vertex 12.303699199520246 -13.594150914873413 33.126
      vertex 12.303699199520246 -13.594150914873413 36.525999999999996
    endloop
  endfacet
  facet normal 0.980785280403229 0.19509032201613508 -2.589141967245113e-19
    outer loop
      vertex 12.333156095522789 -13.780134436627087 33.126
      vertex 12.314773991285834 -13.687721358048277 33.126
      vertex 12.314773991285834 -13.687721358048277 36.525999999999996
    endloop
  endfacet
  facet normal 0.9992290362407236 0.03925981575905251 5.999498325345624e-20
    outer loop
      vertex 12.303699199520246 -13.594150914873413 33.126
      vertex 12.3 -13.5 33.126
      vertex 12.3 -13.5 36.525999999999996
    endloop
  endfacet
  facet normal 0.9992290362407236 -0.03925981575905251 -5.999498325345624e-20
    outer loop
      vertex 12.3 -13.5 33.126
      vertex 12.303699199520246 -13.405849085126587 33.126
      vertex 12.303699199520246 -13.405849085126587 36.525999999999996
    endloop
  endfacet
  facet normal 0.9930684569549256 -0.11753739745784327 -3.217768296891188e-19
    outer loop
      vertex 12.303699199520246 -13.405849085126587 33.126
      vertex 12.314773991285834 -13.312278641951723 33.126
      vertex 12.314773991285834 -13.312278641951723 36.525999999999996
    endloop
  endfacet
  facet normal 0.980785280403229 -0.19509032201613508 2.589141967245113e-19
    outer loop
      vertex 12.314773991285834 -13.312278641951723 33.126
      vertex 12.333156095522789 -13.219865563372913 33.126
      vertex 12.333156095522789 -13.219865563372913 36.525999999999996
    endloop
  endfacet
  facet normal 0.9624552364536474 -0.2714404498650744 6.41452518855391e-19
    outer loop
      vertex 12.333156095522789 -13.219865563372913 33.126
      vertex 12.358732180445816 -13.129179606750062 33.126
      vertex 12.358732180445816 -13.129179606750062 36.525999999999996
    endloop
  endfacet
  facet normal 0.9381913359224859 -0.346117057077488 7.542806304418863e-20
    outer loop
      vertex 12.358732180445816 -13.129179606750062 33.126
      vertex 12.391344560986456 -13.040779881161892 33.126
      vertex 12.391344560986456 -13.040779881161892 36.525999999999996
    endloop
  endfacet
  facet normal 0.9081431738250788 -0.4186597375374334 -3.3160861810076813e-19
    outer loop
      vertex 12.391344560986456 -13.040779881161892 33.126
      vertex 12.430792170973959 -12.955211400312544 33.126
      vertex 12.430792170973959 -12.955211400312544 36.525999999999996
    endloop
  endfacet
  facet normal 0.8724960070727978 -0.4886212414969538 -1.7860241924736678e-19
    outer loop
      vertex 12.430792170973959 -12.955211400312544 33.126
      vertex 12.47683180277509 -12.873001722340861 33.126
      vertex 12.47683180277509 -12.873001722340861 36.525999999999996
    endloop
  endfacet
  facet normal 0.8314696123025472 -0.555570233019599 9.451544207609137e-19
    outer loop
      vertex 12.47683180277509 -12.873001722340861 33.126
      vertex 12.529179606750063 -12.794657697249033 33.126
      vertex 12.529179606750063 -12.794657697249033 36.525999999999996
    endloop
  endfacet
  facet normal 0.7853169308807451 -0.6190939493098337 8.97163088258771e-19
    outer loop
      vertex 12.529179606750063 -12.794657697249033 33.126
      vertex 12.587512841279963 -12.720662342003779 33.126
      vertex 12.587512841279963 -12.720662342003779 36.525999999999996
    endloop
  endfacet
  facet normal 0.7343225094356857 -0.6788007455329416 -8.185499375276663e-19
    outer loop
      vertex 12.587512841279963 -12.720662342003779 33.126
      vertex 12.651471862576143 -12.651471862576143 33.126
      vertex 12.651471862576143 -12.651471862576143 36.525999999999996
    endloop
  endfacet
  facet normal 0.6788007455329416 -0.7343225094356857 -8.185499375276663e-19
    outer loop
      vertex 12.651471862576143 -12.651471862576143 33.126
      vertex 12.720662342003779 -12.587512841279963 33.126
      vertex 12.720662342003779 -12.587512841279963 36.525999999999996
    endloop
  endfacet
  facet normal 0.6190939493098337 -0.7853169308807451 8.97163088258771e-19
    outer loop
      vertex 12.720662342003779 -12.587512841279963 33.126
      vertex 12.794657697249033 -12.529179606750063 33.126
      vertex 12.794657697249033 -12.529179606750063 36.525999999999996
    endloop
  endfacet
  facet normal 0.555570233019599 -0.8314696123025472 9.451544207609137e-19
    outer loop
      vertex 12.794657697249033 -12.529179606750063 33.126
      vertex 12.873001722340861 -12.47683180277509 33.126
      vertex 12.873001722340861 -12.47683180277509 36.525999999999996
    endloop
  endfacet
  facet normal 0.4886212414969538 -0.8724960070727978 -1.7860241924736678e-19
    outer loop
      vertex 12.873001722340861 -12.47683180277509 33.126
      vertex 12.955211400312544 -12.430792170973959 33.126
      vertex 12.955211400312544 -12.430792170973959 36.525999999999996
    endloop
  endfacet
  facet normal 0.4186597375374334 -0.9081431738250788 -3.3160861810076813e-19
    outer loop
      vertex 12.955211400312544 -12.430792170973959 33.126
      vertex 13.040779881161892 -12.391344560986456 33.126
      vertex 13.040779881161892 -12.391344560986456 36.525999999999996
    endloop
  endfacet
  facet normal 0.346117057077488 -0.9381913359224859 7.542806304418863e-20
    outer loop
      vertex 13.040779881161892 -12.391344560986456 33.126
      vertex 13.129179606750062 -12.358732180445816 33.126
      vertex 13.129179606750062 -12.358732180445816 36.525999999999996
    endloop
  endfacet
  facet normal 0.2714404498650744 -0.9624552364536474 6.41452518855391e-19
    outer loop
      vertex 13.129179606750062 -12.358732180445816 33.126
      vertex 13.219865563372913 -12.333156095522789 33.126
      vertex 13.219865563372913 -12.333156095522789 36.525999999999996
    endloop
  endfacet
  facet normal 0.19509032201613508 -0.980785280403229 2.589141967245113e-19
    outer loop
      vertex 13.219865563372913 -12.333156095522789 33.126
      vertex 13.312278641951723 -12.314773991285834 33.126
      vertex 13.312278641951723 -12.314773991285834 36.525999999999996
    endloop
  endfacet
  facet normal 0.11753739745784327 -0.9930684569549256 -3.217768296891188e-19
    outer loop
      vertex 13.312278641951723 -12.314773991285834 33.126
      vertex 13.405849085126587 -12.303699199520246 33.126
      vertex 13.405849085126587 -12.303699199520246 36.525999999999996
    endloop
  endfacet
  facet normal 0.03925981575905251 -0.9992290362407236 -5.999498325345624e-20
    outer loop
      vertex 13.405849085126587 -12.303699199520246 33.126
      vertex 13.5 -12.3 33.126
      vertex 13.5 -12.3 36.525999999999996
    endloop
  endfacet
  facet normal -0.03925981575905251 -0.9992290362407236 5.999498325345624e-20
    outer loop
      vertex 13.5 -12.3 33.126
      vertex 13.594150914873413 -12.303699199520246 33.126
      vertex 13.594150914873413 -12.303699199520246 36.525999999999996
    endloop
  endfacet
  facet normal 0 0 1
    outer loop
      vertex 13.594150914873413 -14.696300800479754 33.126
      vertex 13.687721358048277 -14.685226008714166 33.126
      vertex 13.687721358048277 -12.314773991285834 33.126
    endloop
  endfacet
  facet normal 0 0 1
    outer loop
      vertex 13.687721358048277 -14.685226008714166 33.126
      vertex 13.780134436627087 -14.666843904477211 33.126
      vertex 13.780134436627087 -12.333156095522789 33.126
    endloop
  endfacet
  facet normal 0 0 1
    outer loop
      vertex 13.780134436627087 -14.666843904477211 33.126
      vertex 13.870820393249938 -14.641267819554184 33.126
      vertex 13.870820393249938 -12.358732180445816 33.126
    endloop
  endfacet
  facet normal 0 0 1
    outer loop
      vertex 13.870820393249938 -14.641267819554184 33.126
      vertex 13.959220118838108 -14.608655439013544 33.126
      vertex 13.959220118838108 -12.391344560986456 33.126
    endloop
  endfacet
  facet normal 0 0 1
    outer loop
      vertex 13.959220118838108 -14.608655439013544 33.126
      vertex 14.044788599687456 -14.569207829026041 33.126
      vertex 14.044788599687456 -12.430792170973959 33.126
    endloop
  endfacet
  facet normal 0 0 1
    outer loop
      vertex 14.044788599687456 -14.569207829026041 33.126
      vertex 14.126998277659139 -14.52316819722491 33.126
      vertex 14.126998277659139 -12.47683180277509 33.126
    endloop
  endfacet
  facet normal 0 0 1
    outer loop
      vertex 14.126998277659139 -14.52316819722491 33.126
      vertex 14.205342302750967 -14.470820393249937 33.126
      vertex 14.205342302750967 -12.529179606750063 33.126
    endloop
  endfacet
  facet normal 0 0 1
    outer loop
      vertex 14.205342302750967 -14.470820393249937 33.126
      vertex 14.279337657996221 -14.412487158720037 33.126
      vertex 14.279337657996221 -12.587512841279963 33.126
    endloop
  endfacet
  facet normal 0 0 1
    outer loop
      vertex 14.279337657996221 -14.412487158720037 33.126
      vertex 14.348528137423857 -14.348528137423857 33.126
      vertex 14.348528137423857 -12.651471862576143 33.126
    endloop
  endfacet
  facet normal 0 0 1
    outer loop
      vertex 14.348528137423857 -14.348528137423857 33.126
      vertex 14.412487158720037 -14.279337657996221 33.126
      vertex 14.412487158720037 -12.720662342003779 33.126
    endloop
  endfacet
  facet normal 0 0 1
    outer loop
      vertex 14.412487158720037 -14.279337657996221 33.126
      vertex 14.470820393249937 -14.205342302750967 33.126
      vertex 14.470820393249937 -12.794657697249033 33.126
    endloop
  endfacet
  facet normal -0.11753739745784327 0.9930684569549256 0
    outer loop
      vertex 13.594150914873413 -14.696300800479754 33.126
      vertex 13.594150914873413 -14.696300800479754 36.525999999999996
      vertex 13.687721358048277 -14.685226008714166 33.126
    endloop
  endfacet
  facet normal -0.19509032201613508 0.980785280403229 0
    outer loop
      vertex 13.687721358048277 -14.685226008714166 33.126
      vertex 13.687721358048277 -14.685226008714166 36.525999999999996
      vertex 13.780134436627087 -14.666843904477211 33.126
    endloop
  endfacet
  facet normal -0.2714404498650744 0.9624552364536474 0
    outer loop
      vertex 13.780134436627087 -14.666843904477211 33.126
      vertex 13.780134436627087 -14.666843904477211 36.525999999999996
      vertex 13.870820393249938 -14.641267819554184 33.126
    endloop
  endfacet
  facet normal -0.346117057077488 0.9381913359224859 0
    outer loop
      vertex 13.870820393249938 -14.641267819554184 33.126
      vertex 13.870820393249938 -14.641267819554184 36.525999999999996
      vertex 13.959220118838108 -14.608655439013544 33.126
    endloop
  endfacet
  facet normal -0.4186597375374334 0.9081431738250788 0
    outer loop
      vertex 13.959220118838108 -14.608655439013544 33.126
      vertex 13.959220118838108 -14.608655439013544 36.525999999999996
      vertex 14.044788599687456 -14.569207829026041 33.126
    endloop
  endfacet
  facet normal -0.4886212414969538 0.8724960070727978 0
    outer loop
      vertex 14.044788599687456 -14.569207829026041 33.126
      vertex 14.044788599687456 -14.569207829026041 36.525999999999996
      vertex 14.126998277659139 -14.52316819722491 33.126
    endloop
  endfacet
  facet normal -0.555570233019599 0.8314696123025472 0
    outer loop
      vertex 14.126998277659139 -14.52316819722491 33.126
      vertex 14.126998277659139 -14.52316819722491 36.525999999999996
      vertex 14.205342302750967 -14.470820393249937 33.126
    endloop
  endfacet
  facet normal -0.6190939493098337 0.7853169308807451 0
    outer loop
      vertex 14.205342302750967 -14.470820393249937 33.126
      vertex 14.205342302750967 -14.470820393249937 36.525999999999996
      vertex 14.279337657996221 -14.412487158720037 33.126
    endloop
  endfacet
  facet normal -0.6788007455329416 0.7343225094356857 0
    outer loop
      vertex 14.279337657996221 -14.412487158720037 33.126
      vertex 14.279337657996221 -14.412487158720037 36.525999999999996
      vertex 14.348528137423857 -14.348528137423857 33.126
    endloop
  endfacet
  facet normal -0.7343225094356857 0.6788007455329416 0
    outer loop
      vertex 14.348528137423857 -14.348528137423857 33.126
      vertex 14.348528137423857 -14.348528137423857 36.525999999999996
      vertex 14.412487158720037 -14.279337657996221 33.126
    endloop
  endfacet
  facet normal -0.7853169308807451 0.6190939493098337 0
    outer loop
      vertex 14.412487158720037 -14.279337657996221 33.126
      vertex 14.412487158720037 -14.279337657996221 36.525999999999996
      vertex 14.470820393249937 -14.205342302750967 33.126
    endloop
  endfacet
  facet normal -0.8314696123025472 0.555570233019599 0
    outer loop
      vertex 14.470820393249937 -14.205342302750967 33.126
      vertex 14.470820393249937 -14.205342302750967 36.525999999999996
      vertex 14.52316819722491 -14.126998277659139 33.126
    endloop
  endfacet
  facet normal -0.8724960070727978 0.4886212414969538 0
    outer loop
      vertex 14.52316819722491 -14.126998277659139 33.126
      vertex 14.52316819722491 -14.126998277659139 36.525999999999996
      vertex 14.569207829026041 -14.044788599687456 33.126
    endloop
  endfacet
  facet normal -0.9081431738250788 0.4186597375374334 0
    outer loop
      vertex 14.569207829026041 -14.044788599687456 33.126
      vertex 14.569207829026041 -14.044788599687456 36.525999999999996
      vertex 14.608655439013544 -13.959220118838108 33.126
    endloop
  endfacet
  facet normal -0.9381913359224859 0.346117057077488 0
    outer loop
      vertex 14.608655439013544 -13.959220118838108 33.126
      vertex 14.608655439013544 -13.959220118838108 36.525999999999996
      vertex 14.641267819554184 -13.870820393249938 33.126
    endloop
  endfacet
  facet normal -0.9624552364536474 0.2714404498650744 0
    outer loop
      vertex 14.641267819554184 -13.870820393249938 33.126
      vertex 14.641267819554184 -13.870820393249938 36.525999999999996
      vertex 14.666843904477211 -13.780134436627087 33.126
    endloop
  endfacet
  facet normal 0 0 1
    outer loop
      vertex 13.594150914873413 -14.696300800479754 33.126
      vertex 13.687721358048277 -12.314773991285834 33.126
      vertex 13.594150914873413 -12.303699199520246 33.126
    endloop
  endfacet
  facet normal 0 0 1
    outer loop
      vertex 13.687721358048277 -14.685226008714166 33.126
      vertex 13.780134436627087 -12.333156095522789 33.126
      vertex 13.687721358048277 -12.314773991285834 33.126
    endloop
  endfacet
  facet normal 0 0 1
    outer loop
      vertex 13.780134436627087 -14.666843904477211 33.126
      vertex 13.870820393249938 -12.358732180445816 33.126
      vertex 13.780134436627087 -12.333156095522789 33.126
    endloop
  endfacet
  facet normal 0 0 1
    outer loop
      vertex 13.870820393249938 -14.641267819554184 33.126
      vertex 13.959220118838108 -12.391344560986456 33.126
      vertex 13.870820393249938 -12.358732180445816 33.126
    endloop
  endfacet
  facet normal 0 0 1
    outer loop
      vertex 13.959220118838108 -14.608655439013544 33.126
      vertex 14.044788599687456 -12.430792170973959 33.126
      vertex 13.959220118838108 -12.391344560986456 33.126
    endloop
  endfacet
  facet normal 0 0 1
    outer loop
      vertex 14.044788599687456 -14.569207829026041 33.126
      vertex 14.126998277659139 -12.47683180277509 33.126
      vertex 14.044788599687456 -12.430792170973959 33.126
    endloop
  endfacet
  facet normal 0 0 1
    outer loop
      vertex 14.126998277659139 -14.52316819722491 33.126
      vertex 14.205342302750967 -12.529179606750063 33.126
      vertex 14.126998277659139 -12.47683180277509 33.126
    endloop
  endfacet
  facet normal 0 0 1
    outer loop
      vertex 14.205342302750967 -14.470820393249937 33.126
      vertex 14.279337657996221 -12.587512841279963 33.126
      vertex 14.205342302750967 -12.529179606750063 33.126
    endloop
  endfacet
  facet normal 0 0 1
    outer loop
      vertex 14.470820393249937 -14.205342302750967 33.126
      vertex 14.52316819722491 -14.126998277659139 33.126
      vertex 14.52316819722491 -12.873001722340861 33.126
    endloop
  endfacet
  facet normal 0 0 1
    outer loop
      vertex 14.52316819722491 -14.126998277659139 33.126
      vertex 14.569207829026041 -14.044788599687456 33.126
      vertex 14.569207829026041 -12.955211400312544 33.126
    endloop
  endfacet
  facet normal 0 0 1
    outer loop
      vertex 14.569207829026041 -14.044788599687456 33.126
      vertex 14.608655439013544 -13.959220118838108 33.126
      vertex 14.608655439013544 -13.040779881161892 33.126
    endloop
  endfacet
  facet normal 0 0 1
    outer loop
      vertex 14.412487158720037 -14.279337657996221 33.126
      vertex 14.470820393249937 -12.794657697249033 33.126
      vertex 14.412487158720037 -12.720662342003779 33.126
    endloop
  endfacet
  facet normal 0 0 1
    outer loop
      vertex 14.279337657996221 -14.412487158720037 33.126
      vertex 14.348528137423857 -12.651471862576143 33.126
      vertex 14.279337657996221 -12.587512841279963 33.126
    endloop
  endfacet
  facet normal 0 0 1
    outer loop
      vertex 14.348528137423857 -14.348528137423857 33.126
      vertex 14.412487158720037 -12.720662342003779 33.126
      vertex 14.348528137423857 -12.651471862576143 33.126
    endloop
  endfacet
  facet normal 0 0 1
    outer loop
      vertex 14.470820393249937 -14.205342302750967 33.126
      vertex 14.52316819722491 -12.873001722340861 33.126
      vertex 14.470820393249937 -12.794657697249033 33.126
    endloop
  endfacet
  facet normal 0 0 1
    outer loop
      vertex 14.569207829026041 -14.044788599687456 33.126
      vertex 14.608655439013544 -13.040779881161892 33.126
      vertex 14.569207829026041 -12.955211400312544 33.126
    endloop
  endfacet
  facet normal 0 0 1
    outer loop
      vertex 14.52316819722491 -14.126998277659139 33.126
      vertex 14.569207829026041 -12.955211400312544 33.126
      vertex 14.52316819722491 -12.873001722340861 33.126
    endloop
  endfacet
  facet normal 0 0 1
    outer loop
      vertex 14.608655439013544 -13.959220118838108 33.126
      vertex 14.641267819554184 -13.870820393249938 33.126
      vertex 14.641267819554184 -13.129179606750062 33.126
    endloop
  endfacet
  facet normal 0 0 1
    outer loop
      vertex 14.641267819554184 -13.870820393249938 33.126
      vertex 14.666843904477211 -13.780134436627087 33.126
      vertex 14.666843904477211 -13.219865563372913 33.126
    endloop
  endfacet
  facet normal 0 0 1
    outer loop
      vertex 14.666843904477211 -13.780134436627087 33.126
      vertex 14.685226008714166 -13.687721358048277 33.126
      vertex 14.685226008714166 -13.312278641951723 33.126
    endloop
  endfacet
  facet normal 0 0 1
    outer loop
      vertex 14.666843904477211 -13.780134436627087 33.126
      vertex 14.685226008714166 -13.312278641951723 33.126
      vertex 14.666843904477211 -13.219865563372913 33.126
    endloop
  endfacet
  facet normal 0 0 1
    outer loop
      vertex 14.685226008714166 -13.687721358048277 33.126
      vertex 14.696300800479754 -13.594150914873413 33.126
      vertex 14.696300800479754 -13.405849085126587 33.126
    endloop
  endfacet
  facet normal 0 0 1
    outer loop
      vertex 14.696300800479754 -13.594150914873413 33.126
      vertex 14.7 -13.5 33.126
      vertex 14.696300800479754 -13.405849085126587 33.126
    endloop
  endfacet
  facet normal 0 0 1
    outer loop
      vertex 14.685226008714166 -13.687721358048277 33.126
      vertex 14.696300800479754 -13.405849085126587 33.126
      vertex 14.685226008714166 -13.312278641951723 33.126
    endloop
  endfacet
  facet normal 0 0 1
    outer loop
      vertex 14.608655439013544 -13.959220118838108 33.126
      vertex 14.641267819554184 -13.129179606750062 33.126
      vertex 14.608655439013544 -13.040779881161892 33.126
    endloop
  endfacet
  facet normal 0 0 1
    outer loop
      vertex 14.641267819554184 -13.870820393249938 33.126
      vertex 14.666843904477211 -13.219865563372913 33.126
      vertex 14.641267819554184 -13.129179606750062 33.126
    endloop
  endfacet
  facet normal -0.4886212414969538 -0.8724960070727978 1.7860241924736678e-19
    outer loop
      vertex 14.044788599687456 -12.430792170973959 33.126
      vertex 14.126998277659139 -12.47683180277509 33.126
      vertex 14.126998277659139 -12.47683180277509 36.525999999999996
    endloop
  endfacet
  facet normal -0.555570233019599 -0.8314696123025472 -9.451544207609137e-19
    outer loop
      vertex 14.126998277659139 -12.47683180277509 33.126
      vertex 14.205342302750967 -12.529179606750063 33.126
      vertex 14.205342302750967 -12.529179606750063 36.525999999999996
    endloop
  endfacet
  facet normal -0.6190939493098337 -0.7853169308807451 0
    outer loop
      vertex 14.279337657996221 -12.587512841279963 33.126
      vertex 14.279337657996221 -12.587512841279963 36.525999999999996
      vertex 14.205342302750967 -12.529179606750063 33.126
    endloop
  endfacet
  facet normal -0.980785280403229 0.19509032201613508 0
    outer loop
      vertex 14.666843904477211 -13.780134436627087 33.126
      vertex 14.666843904477211 -13.780134436627087 36.525999999999996
      vertex 14.685226008714166 -13.687721358048277 33.126
    endloop
  endfacet
  facet normal -0.9930684569549256 0.11753739745784327 0
    outer loop
      vertex 14.685226008714166 -13.687721358048277 33.126
      vertex 14.685226008714166 -13.687721358048277 36.525999999999996
      vertex 14.696300800479754 -13.594150914873413 33.126
    endloop
  endfacet
  facet normal -0.9992290362407236 0.03925981575905251 0
    outer loop
      vertex 14.696300800479754 -13.594150914873413 33.126
      vertex 14.696300800479754 -13.594150914873413 36.525999999999996
      vertex 14.7 -13.5 33.126
    endloop
  endfacet
  facet normal -0.9992290362407236 -0.03925981575905251 0
    outer loop
      vertex 14.7 -13.5 33.126
      vertex 14.7 -13.5 36.525999999999996
      vertex 14.696300800479754 -13.405849085126587 33.126
    endloop
  endfacet
  facet normal -0.980785280403229 -0.19509032201613508 0
    outer loop
      vertex 14.685226008714166 -13.312278641951723 33.126
      vertex 14.685226008714166 -13.312278641951723 36.525999999999996
      vertex 14.666843904477211 -13.219865563372913 33.126
    endloop
  endfacet
  facet normal -0.9930684569549256 -0.11753739745784327 0
    outer loop
      vertex 14.696300800479754 -13.405849085126587 33.126
      vertex 14.696300800479754 -13.405849085126587 36.525999999999996
      vertex 14.685226008714166 -13.312278641951723 33.126
    endloop
  endfacet
  facet normal -0.9624552364536474 -0.2714404498650744 0
    outer loop
      vertex 14.666843904477211 -13.219865563372913 33.126
      vertex 14.666843904477211 -13.219865563372913 36.525999999999996
      vertex 14.641267819554184 -13.129179606750062 33.126
    endloop
  endfacet
  facet normal -0.9381913359224859 -0.346117057077488 0
    outer loop
      vertex 14.641267819554184 -13.129179606750062 33.126
      vertex 14.641267819554184 -13.129179606750062 36.525999999999996
      vertex 14.608655439013544 -13.040779881161892 33.126
    endloop
  endfacet
  facet normal -0.9081431738250788 -0.4186597375374334 3.3160861810076813e-19
    outer loop
      vertex 14.569207829026041 -12.955211400312544 33.126
      vertex 14.608655439013544 -13.040779881161892 33.126
      vertex 14.608655439013544 -13.040779881161892 36.525999999999996
    endloop
  endfacet
  facet normal -0.8724960070727978 -0.4886212414969538 0
    outer loop
      vertex 14.569207829026041 -12.955211400312544 33.126
      vertex 14.569207829026041 -12.955211400312544 36.525999999999996
      vertex 14.52316819722491 -12.873001722340861 33.126
    endloop
  endfacet
  facet normal -0.8314696123025472 -0.555570233019599 0
    outer loop
      vertex 14.52316819722491 -12.873001722340861 33.126
      vertex 14.52316819722491 -12.873001722340861 36.525999999999996
      vertex 14.470820393249937 -12.794657697249033 33.126
    endloop
  endfacet
  facet normal -0.7853169308807451 -0.6190939493098337 -8.97163088258771e-19
    outer loop
      vertex 14.412487158720037 -12.720662342003779 33.126
      vertex 14.470820393249937 -12.794657697249033 33.126
      vertex 14.470820393249937 -12.794657697249033 36.525999999999996
    endloop
  endfacet
  facet normal -0.6788007455329416 -0.7343225094356857 8.185499375276663e-19
    outer loop
      vertex 14.279337657996221 -12.587512841279963 33.126
      vertex 14.348528137423857 -12.651471862576143 33.126
      vertex 14.348528137423857 -12.651471862576143 36.525999999999996
    endloop
  endfacet
  facet normal -0.7343225094356857 -0.6788007455329416 8.185499375276663e-19
    outer loop
      vertex 14.348528137423857 -12.651471862576143 33.126
      vertex 14.412487158720037 -12.720662342003779 33.126
      vertex 14.412487158720037 -12.720662342003779 36.525999999999996
    endloop
  endfacet
  facet normal -0.11753739745784327 -0.9930684569549256 3.217768296891188e-19
    outer loop
      vertex 13.594150914873413 -12.303699199520246 33.126
      vertex 13.687721358048277 -12.314773991285834 33.126
      vertex 13.687721358048277 -12.314773991285834 36.525999999999996
    endloop
  endfacet
  facet normal -0.19509032201613508 -0.980785280403229 -2.589141967245113e-19
    outer loop
      vertex 13.687721358048277 -12.314773991285834 33.126
      vertex 13.780134436627087 -12.333156095522789 33.126
      vertex 13.780134436627087 -12.333156095522789 36.525999999999996
    endloop
  endfacet
  facet normal -0.2714404498650744 -0.9624552364536474 -6.41452518855391e-19
    outer loop
      vertex 13.780134436627087 -12.333156095522789 33.126
      vertex 13.870820393249938 -12.358732180445816 33.126
      vertex 13.870820393249938 -12.358732180445816 36.525999999999996
    endloop
  endfacet
  facet normal -0.346117057077488 -0.9381913359224859 -7.542806304418863e-20
    outer loop
      vertex 13.870820393249938 -12.358732180445816 33.126
      vertex 13.959220118838108 -12.391344560986456 33.126
      vertex 13.959220118838108 -12.391344560986456 36.525999999999996
    endloop
  endfacet
  facet normal -0.4186597375374334 -0.9081431738250788 0
    outer loop
      vertex 14.044788599687456 -12.430792170973959 33.126
      vertex 14.044788599687456 -12.430792170973959 36.525999999999996
      vertex 13.959220118838108 -12.391344560986456 33.126
    endloop
  endfacet
  facet normal 0.6190939493098337 0.7853169308807451 0
    outer loop
      vertex 12.794657697249033 -14.470820393249937 33.126
      vertex 12.720662342003779 -14.412487158720037 36.525999999999996
      vertex 12.794657697249033 -14.470820393249937 36.525999999999996
    endloop
  endfacet
  facet normal 0.555570233019599 0.8314696123025472 0
    outer loop
      vertex 12.873001722340861 -14.52316819722491 33.126
      vertex 12.794657697249033 -14.470820393249937 36.525999999999996
      vertex 12.873001722340861 -14.52316819722491 36.525999999999996
    endloop
  endfacet
  facet normal 0.8724960070727978 0.4886212414969538 0
    outer loop
      vertex 12.47683180277509 -14.126998277659139 33.126
      vertex 12.430792170973959 -14.044788599687456 36.525999999999996
      vertex 12.47683180277509 -14.126998277659139 36.525999999999996
    endloop
  endfacet
  facet normal 0.8314696123025472 0.555570233019599 0
    outer loop
      vertex 12.529179606750063 -14.205342302750967 33.126
      vertex 12.47683180277509 -14.126998277659139 36.525999999999996
      vertex 12.529179606750063 -14.205342302750967 36.525999999999996
    endloop
  endfacet
  facet normal 0.9381913359224859 0.346117057077488 0
    outer loop
      vertex 12.391344560986456 -13.959220118838108 33.126
      vertex 12.358732180445816 -13.870820393249938 36.525999999999996
      vertex 12.391344560986456 -13.959220118838108 36.525999999999996
    endloop
  endfacet
  facet normal 0.9624552364536474 0.2714404498650744 0
    outer loop
      vertex 12.358732180445816 -13.870820393249938 33.126
      vertex 12.333156095522789 -13.780134436627087 36.525999999999996
      vertex 12.358732180445816 -13.870820393249938 36.525999999999996
    endloop
  endfacet
  facet normal 0.9081431738250788 0.4186597375374334 0
    outer loop
      vertex 12.430792170973959 -14.044788599687456 33.126
      vertex 12.391344560986456 -13.959220118838108 36.525999999999996
      vertex 12.430792170973959 -14.044788599687456 36.525999999999996
    endloop
  endfacet
  facet normal 0.7343225094356857 0.6788007455329416 0
    outer loop
      vertex 12.651471862576143 -14.348528137423857 33.126
      vertex 12.587512841279963 -14.279337657996221 36.525999999999996
      vertex 12.651471862576143 -14.348528137423857 36.525999999999996
    endloop
  endfacet
  facet normal 0.6788007455329416 0.7343225094356857 0
    outer loop
      vertex 12.720662342003779 -14.412487158720037 33.126
      vertex 12.651471862576143 -14.348528137423857 36.525999999999996
      vertex 12.720662342003779 -14.412487158720037 36.525999999999996
    endloop
  endfacet
  facet normal 0.7853169308807451 0.6190939493098337 0
    outer loop
      vertex 12.587512841279963 -14.279337657996221 33.126
      vertex 12.529179606750063 -14.205342302750967 36.525999999999996
      vertex 12.587512841279963 -14.279337657996221 36.525999999999996
    endloop
  endfacet
  facet normal 0.4186597375374334 0.9081431738250788 0
    outer loop
      vertex 13.040779881161892 -14.608655439013544 33.126
      vertex 12.955211400312544 -14.569207829026041 36.525999999999996
      vertex 13.040779881161892 -14.608655439013544 36.525999999999996
    endloop
  endfacet
  facet normal 0.4886212414969538 0.8724960070727978 0
    outer loop
      vertex 12.955211400312544 -14.569207829026041 33.126
      vertex 12.873001722340861 -14.52316819722491 36.525999999999996
      vertex 12.955211400312544 -14.569207829026041 36.525999999999996
    endloop
  endfacet
  facet normal 0.346117057077488 0.9381913359224859 0
    outer loop
      vertex 13.129179606750062 -14.641267819554184 33.126
      vertex 13.040779881161892 -14.608655439013544 36.525999999999996
      vertex 13.129179606750062 -14.641267819554184 36.525999999999996
    endloop
  endfacet
  facet normal 0.2714404498650744 0.9624552364536474 0
    outer loop
      vertex 13.219865563372913 -14.666843904477211 33.126
      vertex 13.129179606750062 -14.641267819554184 36.525999999999996
      vertex 13.219865563372913 -14.666843904477211 36.525999999999996
    endloop
  endfacet
  facet normal 0.19509032201613508 0.980785280403229 0
    outer loop
      vertex 13.312278641951723 -14.685226008714166 33.126
      vertex 13.219865563372913 -14.666843904477211 36.525999999999996
      vertex 13.312278641951723 -14.685226008714166 36.525999999999996
    endloop
  endfacet
  facet normal 0.11753739745784327 0.9930684569549256 0
    outer loop
      vertex 13.405849085126587 -14.696300800479754 33.126
      vertex 13.312278641951723 -14.685226008714166 36.525999999999996
      vertex 13.405849085126587 -14.696300800479754 36.525999999999996
    endloop
  endfacet
  facet normal 0.03925981575905251 0.9992290362407236 0
    outer loop
      vertex 13.5 -14.7 33.126
      vertex 13.405849085126587 -14.696300800479754 36.525999999999996
      vertex 13.5 -14.7 36.525999999999996
    endloop
  endfacet
  facet normal -0.03925981575905251 0.9992290362407236 0
    outer loop
      vertex 13.594150914873413 -14.696300800479754 33.126
      vertex 13.5 -14.7 36.525999999999996
      vertex 13.594150914873413 -14.696300800479754 36.525999999999996
    endloop
  endfacet
  facet normal 0.980785280403229 0.19509032201613508 0
    outer loop
      vertex 12.333156095522789 -13.780134436627087 33.126
      vertex 12.314773991285834 -13.687721358048277 36.525999999999996
      vertex 12.333156095522789 -13.780134436627087 36.525999999999996
    endloop
  endfacet
  facet normal 0.9930684569549256 0.11753739745784327 0
    outer loop
      vertex 12.314773991285834 -13.687721358048277 33.126
      vertex 12.303699199520246 -13.594150914873413 36.525999999999996
      vertex 12.314773991285834 -13.687721358048277 36.525999999999996
    endloop
  endfacet
  facet normal 0.9992290362407236 0.03925981575905251 0
    outer loop
      vertex 12.303699199520246 -13.594150914873413 33.126
      vertex 12.3 -13.5 36.525999999999996
      vertex 12.303699199520246 -13.594150914873413 36.525999999999996
    endloop
  endfacet
  facet normal 0.9992290362407236 -0.03925981575905251 0
    outer loop
      vertex 12.3 -13.5 33.126
      vertex 12.303699199520246 -13.405849085126587 36.525999999999996
      vertex 12.3 -13.5 36.525999999999996
    endloop
  endfacet
  facet normal 0.9930684569549256 -0.11753739745784327 0
    outer loop
      vertex 12.303699199520246 -13.405849085126587 33.126
      vertex 12.314773991285834 -13.312278641951723 36.525999999999996
      vertex 12.303699199520246 -13.405849085126587 36.525999999999996
    endloop
  endfacet
  facet normal 0.980785280403229 -0.19509032201613508 0
    outer loop
      vertex 12.314773991285834 -13.312278641951723 33.126
      vertex 12.333156095522789 -13.219865563372913 36.525999999999996
      vertex 12.314773991285834 -13.312278641951723 36.525999999999996
    endloop
  endfacet
  facet normal 0.9624552364536474 -0.2714404498650744 0
    outer loop
      vertex 12.333156095522789 -13.219865563372913 33.126
      vertex 12.358732180445816 -13.129179606750062 36.525999999999996
      vertex 12.333156095522789 -13.219865563372913 36.525999999999996
    endloop
  endfacet
  facet normal 0.9381913359224859 -0.346117057077488 0
    outer loop
      vertex 12.358732180445816 -13.129179606750062 33.126
      vertex 12.391344560986456 -13.040779881161892 36.525999999999996
      vertex 12.358732180445816 -13.129179606750062 36.525999999999996
    endloop
  endfacet
  facet normal 0.9081431738250788 -0.4186597375374334 0
    outer loop
      vertex 12.391344560986456 -13.040779881161892 33.126
      vertex 12.430792170973959 -12.955211400312544 36.525999999999996
      vertex 12.391344560986456 -13.040779881161892 36.525999999999996
    endloop
  endfacet
  facet normal 0.8724960070727978 -0.4886212414969538 0
    outer loop
      vertex 12.430792170973959 -12.955211400312544 33.126
      vertex 12.47683180277509 -12.873001722340861 36.525999999999996
      vertex 12.430792170973959 -12.955211400312544 36.525999999999996
    endloop
  endfacet
  facet normal 0.8314696123025472 -0.555570233019599 0
    outer loop
      vertex 12.47683180277509 -12.873001722340861 33.126
      vertex 12.529179606750063 -12.794657697249033 36.525999999999996
      vertex 12.47683180277509 -12.873001722340861 36.525999999999996
    endloop
  endfacet
  facet normal 0.7853169308807451 -0.6190939493098337 0
    outer loop
      vertex 12.529179606750063 -12.794657697249033 33.126
      vertex 12.587512841279963 -12.720662342003779 36.525999999999996
      vertex 12.529179606750063 -12.794657697249033 36.525999999999996
    endloop
  endfacet
  facet normal 0.7343225094356857 -0.6788007455329416 0
    outer loop
      vertex 12.587512841279963 -12.720662342003779 33.126
      vertex 12.651471862576143 -12.651471862576143 36.525999999999996
      vertex 12.587512841279963 -12.720662342003779 36.525999999999996
    endloop
  endfacet
  facet normal 0.6788007455329416 -0.7343225094356857 0
    outer loop
      vertex 12.651471862576143 -12.651471862576143 33.126
      vertex 12.720662342003779 -12.587512841279963 36.525999999999996
      vertex 12.651471862576143 -12.651471862576143 36.525999999999996
    endloop
  endfacet
  facet normal 0.6190939493098337 -0.7853169308807451 0
    outer loop
      vertex 12.720662342003779 -12.587512841279963 33.126
      vertex 12.794657697249033 -12.529179606750063 36.525999999999996
      vertex 12.720662342003779 -12.587512841279963 36.525999999999996
    endloop
  endfacet
  facet normal 0.555570233019599 -0.8314696123025472 0
    outer loop
      vertex 12.794657697249033 -12.529179606750063 33.126
      vertex 12.873001722340861 -12.47683180277509 36.525999999999996
      vertex 12.794657697249033 -12.529179606750063 36.525999999999996
    endloop
  endfacet
  facet normal 0.4886212414969538 -0.8724960070727978 0
    outer loop
      vertex 12.873001722340861 -12.47683180277509 33.126
      vertex 12.955211400312544 -12.430792170973959 36.525999999999996
      vertex 12.873001722340861 -12.47683180277509 36.525999999999996
    endloop
  endfacet
  facet normal 0.4186597375374334 -0.9081431738250788 0
    outer loop
      vertex 12.955211400312544 -12.430792170973959 33.126
      vertex 13.040779881161892 -12.391344560986456 36.525999999999996
      vertex 12.955211400312544 -12.430792170973959 36.525999999999996
    endloop
  endfacet
  facet normal 0.346117057077488 -0.9381913359224859 0
    outer loop
      vertex 13.040779881161892 -12.391344560986456 33.126
      vertex 13.129179606750062 -12.358732180445816 36.525999999999996
      vertex 13.040779881161892 -12.391344560986456 36.525999999999996
    endloop
  endfacet
  facet normal 0.2714404498650744 -0.9624552364536474 0
    outer loop
      vertex 13.129179606750062 -12.358732180445816 33.126
      vertex 13.219865563372913 -12.333156095522789 36.525999999999996
      vertex 13.129179606750062 -12.358732180445816 36.525999999999996
    endloop
  endfacet
  facet normal 0.19509032201613508 -0.980785280403229 0
    outer loop
      vertex 13.219865563372913 -12.333156095522789 33.126
      vertex 13.312278641951723 -12.314773991285834 36.525999999999996
      vertex 13.219865563372913 -12.333156095522789 36.525999999999996
    endloop
  endfacet
  facet normal 0.11753739745784327 -0.9930684569549256 0
    outer loop
      vertex 13.312278641951723 -12.314773991285834 33.126
      vertex 13.405849085126587 -12.303699199520246 36.525999999999996
      vertex 13.312278641951723 -12.314773991285834 36.525999999999996
    endloop
  endfacet
  facet normal 0.03925981575905251 -0.9992290362407236 0
    outer loop
      vertex 13.405849085126587 -12.303699199520246 33.126
      vertex 13.5 -12.3 36.525999999999996
      vertex 13.405849085126587 -12.303699199520246 36.525999999999996
    endloop
  endfacet
  facet normal -0.03925981575905251 -0.9992290362407236 0
    outer loop
      vertex 13.5 -12.3 33.126
      vertex 13.594150914873413 -12.303699199520246 36.525999999999996
      vertex 13.5 -12.3 36.525999999999996
    endloop
  endfacet
  facet normal -0.11753739745784327 0.9930684569549256 0
    outer loop
      vertex 13.687721358048277 -14.685226008714166 33.126
      vertex 13.594150914873413 -14.696300800479754 36.525999999999996
      vertex 13.687721358048277 -14.685226008714166 36.525999999999996
    endloop
  endfacet
  facet normal -0.19509032201613508 0.980785280403229 0
    outer loop
      vertex 13.780134436627087 -14.666843904477211 33.126
      vertex 13.687721358048277 -14.685226008714166 36.525999999999996
      vertex 13.780134436627087 -14.666843904477211 36.525999999999996
    endloop
  endfacet
  facet normal -0.2714404498650744 0.9624552364536474 0
    outer loop
      vertex 13.870820393249938 -14.641267819554184 33.126
      vertex 13.780134436627087 -14.666843904477211 36.525999999999996
      vertex 13.870820393249938 -14.641267819554184 36.525999999999996
    endloop
  endfacet
  facet normal -0.346117057077488 0.9381913359224859 0
    outer loop
      vertex 13.959220118838108 -14.608655439013544 33.126
      vertex 13.870820393249938 -14.641267819554184 36.525999999999996
      vertex 13.959220118838108 -14.608655439013544 36.525999999999996
    endloop
  endfacet
  facet normal -0.4186597375374334 0.9081431738250788 0
    outer loop
      vertex 14.044788599687456 -14.569207829026041 33.126
      vertex 13.959220118838108 -14.608655439013544 36.525999999999996
      vertex 14.044788599687456 -14.569207829026041 36.525999999999996
    endloop
  endfacet
  facet normal -0.4886212414969538 0.8724960070727978 0
    outer loop
      vertex 14.126998277659139 -14.52316819722491 33.126
      vertex 14.044788599687456 -14.569207829026041 36.525999999999996
      vertex 14.126998277659139 -14.52316819722491 36.525999999999996
    endloop
  endfacet
  facet normal -0.555570233019599 0.8314696123025472 0
    outer loop
      vertex 14.205342302750967 -14.470820393249937 33.126
      vertex 14.126998277659139 -14.52316819722491 36.525999999999996
      vertex 14.205342302750967 -14.470820393249937 36.525999999999996
    endloop
  endfacet
  facet normal -0.6190939493098337 0.7853169308807451 0
    outer loop
      vertex 14.279337657996221 -14.412487158720037 33.126
      vertex 14.205342302750967 -14.470820393249937 36.525999999999996
      vertex 14.279337657996221 -14.412487158720037 36.525999999999996
    endloop
  endfacet
  facet normal -0.6788007455329416 0.7343225094356857 0
    outer loop
      vertex 14.348528137423857 -14.348528137423857 33.126
      vertex 14.279337657996221 -14.412487158720037 36.525999999999996
      vertex 14.348528137423857 -14.348528137423857 36.525999999999996
    endloop
  endfacet
  facet normal -0.7343225094356857 0.6788007455329416 0
    outer loop
      vertex 14.412487158720037 -14.279337657996221 33.126
      vertex 14.348528137423857 -14.348528137423857 36.525999999999996
      vertex 14.412487158720037 -14.279337657996221 36.525999999999996
    endloop
  endfacet
  facet normal -0.7853169308807451 0.6190939493098337 0
    outer loop
      vertex 14.470820393249937 -14.205342302750967 33.126
      vertex 14.412487158720037 -14.279337657996221 36.525999999999996
      vertex 14.470820393249937 -14.205342302750967 36.525999999999996
    endloop
  endfacet
  facet normal -0.8314696123025472 0.555570233019599 0
    outer loop
      vertex 14.52316819722491 -14.126998277659139 33.126
      vertex 14.470820393249937 -14.205342302750967 36.525999999999996
      vertex 14.52316819722491 -14.126998277659139 36.525999999999996
    endloop
  endfacet
  facet normal -0.8724960070727978 0.4886212414969538 0
    outer loop
      vertex 14.569207829026041 -14.044788599687456 33.126
      vertex 14.52316819722491 -14.126998277659139 36.525999999999996
      vertex 14.569207829026041 -14.044788599687456 36.525999999999996
    endloop
  endfacet
  facet normal -0.9081431738250788 0.4186597375374334 0
    outer loop
      vertex 14.608655439013544 -13.959220118838108 33.126
      vertex 14.569207829026041 -14.044788599687456 36.525999999999996
      vertex 14.608655439013544 -13.959220118838108 36.525999999999996
    endloop
  endfacet
  facet normal -0.9381913359224859 0.346117057077488 0
    outer loop
      vertex 14.641267819554184 -13.870820393249938 33.126
      vertex 14.608655439013544 -13.959220118838108 36.525999999999996
      vertex 14.641267819554184 -13.870820393249938 36.525999999999996
    endloop
  endfacet
  facet normal -0.9624552364536474 0.2714404498650744 0
    outer loop
      vertex 14.666843904477211 -13.780134436627087 33.126
      vertex 14.641267819554184 -13.870820393249938 36.525999999999996
      vertex 14.666843904477211 -13.780134436627087 36.525999999999996
    endloop
  endfacet
  facet normal -0.4886212414969538 -0.8724960070727978 0
    outer loop
      vertex 14.044788599687456 -12.430792170973959 33.126
      vertex 14.126998277659139 -12.47683180277509 36.525999999999996
      vertex 14.044788599687456 -12.430792170973959 36.525999999999996
    endloop
  endfacet
  facet normal -0.555570233019599 -0.8314696123025472 0
    outer loop
      vertex 14.126998277659139 -12.47683180277509 33.126
      vertex 14.205342302750967 -12.529179606750063 36.525999999999996
      vertex 14.126998277659139 -12.47683180277509 36.525999999999996
    endloop
  endfacet
  facet normal -0.6190939493098337 -0.7853169308807451 0
    outer loop
      vertex 14.205342302750967 -12.529179606750063 33.126
      vertex 14.279337657996221 -12.587512841279963 36.525999999999996
      vertex 14.205342302750967 -12.529179606750063 36.525999999999996
    endloop
  endfacet
  facet normal -0.980785280403229 0.19509032201613508 0
    outer loop
      vertex 14.685226008714166 -13.687721358048277 33.126
      vertex 14.666843904477211 -13.780134436627087 36.525999999999996
      vertex 14.685226008714166 -13.687721358048277 36.525999999999996
    endloop
  endfacet
  facet normal -0.9930684569549256 0.11753739745784327 0
    outer loop
      vertex 14.696300800479754 -13.594150914873413 33.126
      vertex 14.685226008714166 -13.687721358048277 36.525999999999996
      vertex 14.696300800479754 -13.594150914873413 36.525999999999996
    endloop
  endfacet
  facet normal -0.9992290362407236 0.03925981575905251 0
    outer loop
      vertex 14.7 -13.5 33.126
      vertex 14.696300800479754 -13.594150914873413 36.525999999999996
      vertex 14.7 -13.5 36.525999999999996
    endloop
  endfacet
  facet normal -0.9992290362407236 -0.03925981575905251 0
    outer loop
      vertex 14.696300800479754 -13.405849085126587 33.126
      vertex 14.7 -13.5 36.525999999999996
      vertex 14.696300800479754 -13.405849085126587 36.525999999999996
    endloop
  endfacet
  facet normal -0.9930684569549256 -0.11753739745784327 0
    outer loop
      vertex 14.685226008714166 -13.312278641951723 33.126
      vertex 14.696300800479754 -13.405849085126587 36.525999999999996
      vertex 14.685226008714166 -13.312278641951723 36.525999999999996
    endloop
  endfacet
  facet normal -0.980785280403229 -0.19509032201613508 0
    outer loop
      vertex 14.666843904477211 -13.219865563372913 33.126
      vertex 14.685226008714166 -13.312278641951723 36.525999999999996
      vertex 14.666843904477211 -13.219865563372913 36.525999999999996
    endloop
  endfacet
  facet normal -0.9624552364536474 -0.2714404498650744 0
    outer loop
      vertex 14.641267819554184 -13.129179606750062 33.126
      vertex 14.666843904477211 -13.219865563372913 36.525999999999996
      vertex 14.641267819554184 -13.129179606750062 36.525999999999996
    endloop
  endfacet
  facet normal -0.9081431738250788 -0.4186597375374334 0
    outer loop
      vertex 14.569207829026041 -12.955211400312544 33.126
      vertex 14.608655439013544 -13.040779881161892 36.525999999999996
      vertex 14.569207829026041 -12.955211400312544 36.525999999999996
    endloop
  endfacet
  facet normal -0.8314696123025472 -0.555570233019599 0
    outer loop
      vertex 14.470820393249937 -12.794657697249033 33.126
      vertex 14.52316819722491 -12.873001722340861 36.525999999999996
      vertex 14.470820393249937 -12.794657697249033 36.525999999999996
    endloop
  endfacet
  facet normal -0.8724960070727978 -0.4886212414969538 0
    outer loop
      vertex 14.52316819722491 -12.873001722340861 33.126
      vertex 14.569207829026041 -12.955211400312544 36.525999999999996
      vertex 14.52316819722491 -12.873001722340861 36.525999999999996
    endloop
  endfacet
  facet normal -0.6788007455329416 -0.7343225094356857 0
    outer loop
      vertex 14.279337657996221 -12.587512841279963 33.126
      vertex 14.348528137423857 -12.651471862576143 36.525999999999996
      vertex 14.279337657996221 -12.587512841279963 36.525999999999996
    endloop
  endfacet
  facet normal -0.7853169308807451 -0.6190939493098337 0
    outer loop
      vertex 14.412487158720037 -12.720662342003779 33.126
      vertex 14.470820393249937 -12.794657697249033 36.525999999999996
      vertex 14.412487158720037 -12.720662342003779 36.525999999999996
    endloop
  endfacet
  facet normal -0.7343225094356857 -0.6788007455329416 0
    outer loop
      vertex 14.348528137423857 -12.651471862576143 33.126
      vertex 14.412487158720037 -12.720662342003779 36.525999999999996
      vertex 14.348528137423857 -12.651471862576143 36.525999999999996
    endloop
  endfacet
  facet normal -0.9381913359224859 -0.346117057077488 0
    outer loop
      vertex 14.608655439013544 -13.040779881161892 33.126
      vertex 14.641267819554184 -13.129179606750062 36.525999999999996
      vertex 14.608655439013544 -13.040779881161892 36.525999999999996
    endloop
  endfacet
  facet normal -0.11753739745784327 -0.9930684569549256 0
    outer loop
      vertex 13.594150914873413 -12.303699199520246 33.126
      vertex 13.687721358048277 -12.314773991285834 36.525999999999996
      vertex 13.594150914873413 -12.303699199520246 36.525999999999996
    endloop
  endfacet
  facet normal -0.19509032201613508 -0.980785280403229 0
    outer loop
      vertex 13.687721358048277 -12.314773991285834 33.126
      vertex 13.780134436627087 -12.333156095522789 36.525999999999996
      vertex 13.687721358048277 -12.314773991285834 36.525999999999996
    endloop
  endfacet
  facet normal -0.2714404498650744 -0.9624552364536474 0
    outer loop
      vertex 13.780134436627087 -12.333156095522789 33.126
      vertex 13.870820393249938 -12.358732180445816 36.525999999999996
      vertex 13.780134436627087 -12.333156095522789 36.525999999999996
    endloop
  endfacet
  facet normal -0.346117057077488 -0.9381913359224859 0
    outer loop
      vertex 13.870820393249938 -12.358732180445816 33.126
      vertex 13.959220118838108 -12.391344560986456 36.525999999999996
      vertex 13.870820393249938 -12.358732180445816 36.525999999999996
    endloop
  endfacet
  facet normal -0.4186597375374334 -0.9081431738250788 0
    outer loop
      vertex 13.959220118838108 -12.391344560986456 33.126
      vertex 14.044788599687456 -12.430792170973959 36.525999999999996
      vertex 13.959220118838108 -12.391344560986456 36.525999999999996
    endloop
  endfacet
  facet normal 0.7853169308807451 0.6190939493098337 0
    outer loop
      vertex 12.529179606750063 12.794657697249033 33.126
      vertex 12.529179606750063 12.794657697249033 36.525999999999996
      vertex 12.587512841279963 12.720662342003779 33.126
    endloop
  endfacet
  facet normal 0.4886212414969538 0.8724960070727978 0
    outer loop
      vertex 12.873001722340861 12.47683180277509 33.126
      vertex 12.873001722340861 12.47683180277509 36.525999999999996
      vertex 12.955211400312544 12.430792170973959 33.126
    endloop
  endfacet
  facet normal 0.6788007455329416 0.7343225094356857 0
    outer loop
      vertex 12.651471862576143 12.651471862576143 33.126
      vertex 12.651471862576143 12.651471862576143 36.525999999999996
      vertex 12.720662342003779 12.587512841279963 33.126
    endloop
  endfacet
  facet normal 0.7343225094356857 0.6788007455329416 0
    outer loop
      vertex 12.587512841279963 12.720662342003779 33.126
      vertex 12.587512841279963 12.720662342003779 36.525999999999996
      vertex 12.651471862576143 12.651471862576143 33.126
    endloop
  endfacet
  facet normal 0.6190939493098337 0.7853169308807451 -8.97163088258771e-19
    outer loop
      vertex 12.794657697249033 12.529179606750063 33.126
      vertex 12.720662342003779 12.587512841279963 33.126
      vertex 12.720662342003779 12.587512841279963 36.525999999999996
    endloop
  endfacet
  facet normal 0.555570233019599 0.8314696123025472 0
    outer loop
      vertex 12.794657697249033 12.529179606750063 33.126
      vertex 12.794657697249033 12.529179606750063 36.525999999999996
      vertex 12.873001722340861 12.47683180277509 33.126
    endloop
  endfacet
  facet normal 0.4186597375374334 0.9081431738250788 0
    outer loop
      vertex 12.955211400312544 12.430792170973959 33.126
      vertex 12.955211400312544 12.430792170973959 36.525999999999996
      vertex 13.040779881161892 12.391344560986456 33.126
    endloop
  endfacet
  facet normal 0.346117057077488 0.9381913359224859 0
    outer loop
      vertex 13.040779881161892 12.391344560986456 33.126
      vertex 13.040779881161892 12.391344560986456 36.525999999999996
      vertex 13.129179606750062 12.358732180445816 33.126
    endloop
  endfacet
  facet normal 0.2714404498650744 0.9624552364536474 0
    outer loop
      vertex 13.129179606750062 12.358732180445816 33.126
      vertex 13.129179606750062 12.358732180445816 36.525999999999996
      vertex 13.219865563372913 12.333156095522789 33.126
    endloop
  endfacet
  facet normal 0.19509032201613508 0.980785280403229 0
    outer loop
      vertex 13.219865563372913 12.333156095522789 33.126
      vertex 13.219865563372913 12.333156095522789 36.525999999999996
      vertex 13.312278641951723 12.314773991285834 33.126
    endloop
  endfacet
  facet normal 0.11753739745784327 0.9930684569549256 0
    outer loop
      vertex 13.312278641951723 12.314773991285834 33.126
      vertex 13.312278641951723 12.314773991285834 36.525999999999996
      vertex 13.405849085126587 12.303699199520246 33.126
    endloop
  endfacet
  facet normal 0.03925981575905251 0.9992290362407236 0
    outer loop
      vertex 13.405849085126587 12.303699199520246 33.126
      vertex 13.405849085126587 12.303699199520246 36.525999999999996
      vertex 13.5 12.3 33.126
    endloop
  endfacet
  facet normal -0.03925981575905251 0.9992290362407236 0
    outer loop
      vertex 13.5 12.3 33.126
      vertex 13.5 12.3 36.525999999999996
      vertex 13.594150914873413 12.303699199520246 33.126
    endloop
  endfacet
  facet normal 0 0 1
    outer loop
      vertex 12.303699199520246 13.405849085126587 33.126
      vertex 12.303699199520246 13.594150914873413 33.126
      vertex 12.3 13.5 33.126
    endloop
  endfacet
  facet normal 0 0 1
    outer loop
      vertex 12.358732180445816 13.129179606750062 33.126
      vertex 12.358732180445816 13.870820393249938 33.126
      vertex 12.333156095522789 13.219865563372913 33.126
    endloop
  endfacet
  facet normal 0 0 1
    outer loop
      vertex 12.391344560986456 13.040779881161892 33.126
      vertex 12.391344560986456 13.959220118838108 33.126
      vertex 12.358732180445816 13.129179606750062 33.126
    endloop
  endfacet
  facet normal 0 0 1
    outer loop
      vertex 12.333156095522789 13.219865563372913 33.126
      vertex 12.333156095522789 13.780134436627087 33.126
      vertex 12.314773991285834 13.312278641951723 33.126
    endloop
  endfacet
  facet normal 0 0 1
    outer loop
      vertex 12.314773991285834 13.312278641951723 33.126
      vertex 12.314773991285834 13.687721358048277 33.126
      vertex 12.303699199520246 13.405849085126587 33.126
    endloop
  endfacet
  facet normal 0 0 1
    outer loop
      vertex 12.47683180277509 12.873001722340861 33.126
      vertex 12.47683180277509 14.126998277659139 33.126
      vertex 12.430792170973959 12.955211400312544 33.126
    endloop
  endfacet
  facet normal 0 0 1
    outer loop
      vertex 12.47683180277509 12.873001722340861 33.126
      vertex 12.529179606750063 12.794657697249033 33.126
      vertex 12.529179606750063 14.205342302750967 33.126
    endloop
  endfacet
  facet normal 0 0 1
    outer loop
      vertex 12.430792170973959 12.955211400312544 33.126
      vertex 12.430792170973959 14.044788599687456 33.126
      vertex 12.391344560986456 13.040779881161892 33.126
    endloop
  endfacet
  facet normal 0 0 1
    outer loop
      vertex 12.587512841279963 12.720662342003779 33.126
      vertex 12.651471862576143 12.651471862576143 33.126
      vertex 12.651471862576143 14.348528137423857 33.126
    endloop
  endfacet
  facet normal 0 0 1
    outer loop
      vertex 12.529179606750063 12.794657697249033 33.126
      vertex 12.587512841279963 12.720662342003779 33.126
      vertex 12.587512841279963 14.279337657996221 33.126
    endloop
  endfacet
  facet normal 0 0 1
    outer loop
      vertex 12.651471862576143 12.651471862576143 33.126
      vertex 12.720662342003779 12.587512841279963 33.126
      vertex 12.720662342003779 14.412487158720037 33.126
    endloop
  endfacet
  facet normal 0 0 1
    outer loop
      vertex 12.794657697249033 12.529179606750063 33.126
      vertex 12.794657697249033 14.470820393249937 33.126
      vertex 12.720662342003779 12.587512841279963 33.126
    endloop
  endfacet
  facet normal 0 0 1
    outer loop
      vertex 12.794657697249033 12.529179606750063 33.126
      vertex 12.873001722340861 12.47683180277509 33.126
      vertex 12.873001722340861 14.52316819722491 33.126
    endloop
  endfacet
  facet normal 0 0 1
    outer loop
      vertex 12.303699199520246 13.405849085126587 33.126
      vertex 12.314773991285834 13.687721358048277 33.126
      vertex 12.303699199520246 13.594150914873413 33.126
    endloop
  endfacet
  facet normal 0 0 1
    outer loop
      vertex 12.314773991285834 13.312278641951723 33.126
      vertex 12.333156095522789 13.780134436627087 33.126
      vertex 12.314773991285834 13.687721358048277 33.126
    endloop
  endfacet
  facet normal 0 0 1
    outer loop
      vertex 12.333156095522789 13.219865563372913 33.126
      vertex 12.358732180445816 13.870820393249938 33.126
      vertex 12.333156095522789 13.780134436627087 33.126
    endloop
  endfacet
  facet normal 0 0 1
    outer loop
      vertex 12.358732180445816 13.129179606750062 33.126
      vertex 12.391344560986456 13.959220118838108 33.126
      vertex 12.358732180445816 13.870820393249938 33.126
    endloop
  endfacet
  facet normal 0 0 1
    outer loop
      vertex 12.391344560986456 13.040779881161892 33.126
      vertex 12.430792170973959 14.044788599687456 33.126
      vertex 12.391344560986456 13.959220118838108 33.126
    endloop
  endfacet
  facet normal 0 0 1
    outer loop
      vertex 12.430792170973959 12.955211400312544 33.126
      vertex 12.47683180277509 14.126998277659139 33.126
      vertex 12.430792170973959 14.044788599687456 33.126
    endloop
  endfacet
  facet normal 0 0 1
    outer loop
      vertex 12.47683180277509 12.873001722340861 33.126
      vertex 12.529179606750063 14.205342302750967 33.126
      vertex 12.47683180277509 14.126998277659139 33.126
    endloop
  endfacet
  facet normal 0 0 1
    outer loop
      vertex 12.529179606750063 12.794657697249033 33.126
      vertex 12.587512841279963 14.279337657996221 33.126
      vertex 12.529179606750063 14.205342302750967 33.126
    endloop
  endfacet
  facet normal 0 0 1
    outer loop
      vertex 12.587512841279963 12.720662342003779 33.126
      vertex 12.651471862576143 14.348528137423857 33.126
      vertex 12.587512841279963 14.279337657996221 33.126
    endloop
  endfacet
  facet normal 0 0 1
    outer loop
      vertex 12.651471862576143 12.651471862576143 33.126
      vertex 12.720662342003779 14.412487158720037 33.126
      vertex 12.651471862576143 14.348528137423857 33.126
    endloop
  endfacet
  facet normal 0 0 1
    outer loop
      vertex 12.720662342003779 12.587512841279963 33.126
      vertex 12.794657697249033 14.470820393249937 33.126
      vertex 12.720662342003779 14.412487158720037 33.126
    endloop
  endfacet
  facet normal 0 0 1
    outer loop
      vertex 12.794657697249033 12.529179606750063 33.126
      vertex 12.873001722340861 14.52316819722491 33.126
      vertex 12.794657697249033 14.470820393249937 33.126
    endloop
  endfacet
  facet normal 0 0 1
    outer loop
      vertex 12.873001722340861 12.47683180277509 33.126
      vertex 12.955211400312544 14.569207829026041 33.126
      vertex 12.873001722340861 14.52316819722491 33.126
    endloop
  endfacet
  facet normal 0 0 1
    outer loop
      vertex 12.873001722340861 12.47683180277509 33.126
      vertex 12.955211400312544 12.430792170973959 33.126
      vertex 12.955211400312544 14.569207829026041 33.126
    endloop
  endfacet
  facet normal 0 0 1
    outer loop
      vertex 12.955211400312544 12.430792170973959 33.126
      vertex 13.040779881161892 12.391344560986456 33.126
      vertex 13.040779881161892 14.608655439013544 33.126
    endloop
  endfacet
  facet normal 0 0 1
    outer loop
      vertex 13.040779881161892 12.391344560986456 33.126
      vertex 13.129179606750062 12.358732180445816 33.126
      vertex 13.129179606750062 14.641267819554184 33.126
    endloop
  endfacet
  facet normal 0 0 1
    outer loop
      vertex 13.129179606750062 12.358732180445816 33.126
      vertex 13.219865563372913 12.333156095522789 33.126
      vertex 13.219865563372913 14.666843904477211 33.126
    endloop
  endfacet
  facet normal 0 0 1
    outer loop
      vertex 13.219865563372913 12.333156095522789 33.126
      vertex 13.312278641951723 12.314773991285834 33.126
      vertex 13.312278641951723 14.685226008714166 33.126
    endloop
  endfacet
  facet normal 0 0 1
    outer loop
      vertex 13.312278641951723 12.314773991285834 33.126
      vertex 13.405849085126587 12.303699199520246 33.126
      vertex 13.405849085126587 14.696300800479754 33.126
    endloop
  endfacet
  facet normal 0 0 1
    outer loop
      vertex 13.405849085126587 12.303699199520246 33.126
      vertex 13.5 12.3 33.126
      vertex 13.5 14.7 33.126
    endloop
  endfacet
  facet normal 0 0 1
    outer loop
      vertex 13.5 12.3 33.126
      vertex 13.594150914873413 12.303699199520246 33.126
      vertex 13.594150914873413 14.696300800479754 33.126
    endloop
  endfacet
  facet normal 0 0 1
    outer loop
      vertex 12.955211400312544 12.430792170973959 33.126
      vertex 13.040779881161892 14.608655439013544 33.126
      vertex 12.955211400312544 14.569207829026041 33.126
    endloop
  endfacet
  facet normal 0 0 1
    outer loop
      vertex 13.040779881161892 12.391344560986456 33.126
      vertex 13.129179606750062 14.641267819554184 33.126
      vertex 13.040779881161892 14.608655439013544 33.126
    endloop
  endfacet
  facet normal 0 0 1
    outer loop
      vertex 13.129179606750062 12.358732180445816 33.126
      vertex 13.219865563372913 14.666843904477211 33.126
      vertex 13.129179606750062 14.641267819554184 33.126
    endloop
  endfacet
  facet normal 0 0 1
    outer loop
      vertex 13.219865563372913 12.333156095522789 33.126
      vertex 13.312278641951723 14.685226008714166 33.126
      vertex 13.219865563372913 14.666843904477211 33.126
    endloop
  endfacet
  facet normal 0 0 1
    outer loop
      vertex 13.312278641951723 12.314773991285834 33.126
      vertex 13.405849085126587 14.696300800479754 33.126
      vertex 13.312278641951723 14.685226008714166 33.126
    endloop
  endfacet
  facet normal 0 0 1
    outer loop
      vertex 13.405849085126587 12.303699199520246 33.126
      vertex 13.5 14.7 33.126
      vertex 13.405849085126587 14.696300800479754 33.126
    endloop
  endfacet
  facet normal 0 0 1
    outer loop
      vertex 13.5 12.3 33.126
      vertex 13.594150914873413 14.696300800479754 33.126
      vertex 13.5 14.7 33.126
    endloop
  endfacet
  facet normal 0.9381913359224859 0.346117057077488 -7.542806304418863e-20
    outer loop
      vertex 12.391344560986456 13.040779881161892 33.126
      vertex 12.358732180445816 13.129179606750062 33.126
      vertex 12.358732180445816 13.129179606750062 36.525999999999996
    endloop
  endfacet
  facet normal 0.8724960070727978 0.4886212414969538 1.7860241924736678e-19
    outer loop
      vertex 12.47683180277509 12.873001722340861 33.126
      vertex 12.430792170973959 12.955211400312544 33.126
      vertex 12.430792170973959 12.955211400312544 36.525999999999996
    endloop
  endfacet
  facet normal 0.8314696123025472 0.555570233019599 0
    outer loop
      vertex 12.47683180277509 12.873001722340861 33.126
      vertex 12.47683180277509 12.873001722340861 36.525999999999996
      vertex 12.529179606750063 12.794657697249033 33.126
    endloop
  endfacet
  facet normal 0.9081431738250788 0.4186597375374334 3.3160861810076813e-19
    outer loop
      vertex 12.430792170973959 12.955211400312544 33.126
      vertex 12.391344560986456 13.040779881161892 33.126
      vertex 12.391344560986456 13.040779881161892 36.525999999999996
    endloop
  endfacet
  facet normal 0.9624552364536474 0.2714404498650744 -6.41452518855391e-19
    outer loop
      vertex 12.358732180445816 13.129179606750062 33.126
      vertex 12.333156095522789 13.219865563372913 33.126
      vertex 12.333156095522789 13.219865563372913 36.525999999999996
    endloop
  endfacet
  facet normal 0.980785280403229 0.19509032201613508 -2.589141967245113e-19
    outer loop
      vertex 12.333156095522789 13.219865563372913 33.126
      vertex 12.314773991285834 13.312278641951723 33.126
      vertex 12.314773991285834 13.312278641951723 36.525999999999996
    endloop
  endfacet
  facet normal 0.9930684569549256 0.11753739745784327 3.217768296891188e-19
    outer loop
      vertex 12.314773991285834 13.312278641951723 33.126
      vertex 12.303699199520246 13.405849085126587 33.126
      vertex 12.303699199520246 13.405849085126587 36.525999999999996
    endloop
  endfacet
  facet normal 0.9992290362407236 0.03925981575905251 5.999498325345624e-20
    outer loop
      vertex 12.303699199520246 13.405849085126587 33.126
      vertex 12.3 13.5 33.126
      vertex 12.3 13.5 36.525999999999996
    endloop
  endfacet
  facet normal 0.9992290362407236 -0.03925981575905251 -5.999498325345624e-20
    outer loop
      vertex 12.3 13.5 33.126
      vertex 12.303699199520246 13.594150914873413 33.126
      vertex 12.303699199520246 13.594150914873413 36.525999999999996
    endloop
  endfacet
  facet normal 0.9930684569549256 -0.11753739745784327 -3.217768296891188e-19
    outer loop
      vertex 12.303699199520246 13.594150914873413 33.126
      vertex 12.314773991285834 13.687721358048277 33.126
      vertex 12.314773991285834 13.687721358048277 36.525999999999996
    endloop
  endfacet
  facet normal 0.980785280403229 -0.19509032201613508 2.589141967245113e-19
    outer loop
      vertex 12.314773991285834 13.687721358048277 33.126
      vertex 12.333156095522789 13.780134436627087 33.126
      vertex 12.333156095522789 13.780134436627087 36.525999999999996
    endloop
  endfacet
  facet normal 0.9624552364536474 -0.2714404498650744 6.41452518855391e-19
    outer loop
      vertex 12.333156095522789 13.780134436627087 33.126
      vertex 12.358732180445816 13.870820393249938 33.126
      vertex 12.358732180445816 13.870820393249938 36.525999999999996
    endloop
  endfacet
  facet normal 0.9381913359224859 -0.346117057077488 7.542806304418863e-20
    outer loop
      vertex 12.358732180445816 13.870820393249938 33.126
      vertex 12.391344560986456 13.959220118838108 33.126
      vertex 12.391344560986456 13.959220118838108 36.525999999999996
    endloop
  endfacet
  facet normal 0.9081431738250788 -0.4186597375374334 -3.3160861810076813e-19
    outer loop
      vertex 12.391344560986456 13.959220118838108 33.126
      vertex 12.430792170973959 14.044788599687456 33.126
      vertex 12.430792170973959 14.044788599687456 36.525999999999996
    endloop
  endfacet
  facet normal 0.8724960070727978 -0.4886212414969538 -1.7860241924736678e-19
    outer loop
      vertex 12.430792170973959 14.044788599687456 33.126
      vertex 12.47683180277509 14.126998277659139 33.126
      vertex 12.47683180277509 14.126998277659139 36.525999999999996
    endloop
  endfacet
  facet normal 0.8314696123025472 -0.555570233019599 9.451544207609137e-19
    outer loop
      vertex 12.47683180277509 14.126998277659139 33.126
      vertex 12.529179606750063 14.205342302750967 33.126
      vertex 12.529179606750063 14.205342302750967 36.525999999999996
    endloop
  endfacet
  facet normal 0.7853169308807451 -0.6190939493098337 8.97163088258771e-19
    outer loop
      vertex 12.529179606750063 14.205342302750967 33.126
      vertex 12.587512841279963 14.279337657996221 33.126
      vertex 12.587512841279963 14.279337657996221 36.525999999999996
    endloop
  endfacet
  facet normal 0.7343225094356857 -0.6788007455329416 -8.185499375276663e-19
    outer loop
      vertex 12.587512841279963 14.279337657996221 33.126
      vertex 12.651471862576143 14.348528137423857 33.126
      vertex 12.651471862576143 14.348528137423857 36.525999999999996
    endloop
  endfacet
  facet normal 0.6788007455329416 -0.7343225094356857 -8.185499375276663e-19
    outer loop
      vertex 12.651471862576143 14.348528137423857 33.126
      vertex 12.720662342003779 14.412487158720037 33.126
      vertex 12.720662342003779 14.412487158720037 36.525999999999996
    endloop
  endfacet
  facet normal 0.6190939493098337 -0.7853169308807451 8.97163088258771e-19
    outer loop
      vertex 12.720662342003779 14.412487158720037 33.126
      vertex 12.794657697249033 14.470820393249937 33.126
      vertex 12.794657697249033 14.470820393249937 36.525999999999996
    endloop
  endfacet
  facet normal 0.555570233019599 -0.8314696123025472 9.451544207609137e-19
    outer loop
      vertex 12.794657697249033 14.470820393249937 33.126
      vertex 12.873001722340861 14.52316819722491 33.126
      vertex 12.873001722340861 14.52316819722491 36.525999999999996
    endloop
  endfacet
  facet normal 0.4886212414969538 -0.8724960070727978 -1.7860241924736678e-19
    outer loop
      vertex 12.873001722340861 14.52316819722491 33.126
      vertex 12.955211400312544 14.569207829026041 33.126
      vertex 12.955211400312544 14.569207829026041 36.525999999999996
    endloop
  endfacet
  facet normal 0.4186597375374334 -0.9081431738250788 -3.3160861810076813e-19
    outer loop
      vertex 12.955211400312544 14.569207829026041 33.126
      vertex 13.040779881161892 14.608655439013544 33.126
      vertex 13.040779881161892 14.608655439013544 36.525999999999996
    endloop
  endfacet
  facet normal 0.346117057077488 -0.9381913359224859 7.542806304418863e-20
    outer loop
      vertex 13.040779881161892 14.608655439013544 33.126
      vertex 13.129179606750062 14.641267819554184 33.126
      vertex 13.129179606750062 14.641267819554184 36.525999999999996
    endloop
  endfacet
  facet normal 0.2714404498650744 -0.9624552364536474 6.41452518855391e-19
    outer loop
      vertex 13.129179606750062 14.641267819554184 33.126
      vertex 13.219865563372913 14.666843904477211 33.126
      vertex 13.219865563372913 14.666843904477211 36.525999999999996
    endloop
  endfacet
  facet normal 0.19509032201613508 -0.980785280403229 2.589141967245113e-19
    outer loop
      vertex 13.219865563372913 14.666843904477211 33.126
      vertex 13.312278641951723 14.685226008714166 33.126
      vertex 13.312278641951723 14.685226008714166 36.525999999999996
    endloop
  endfacet
  facet normal 0.11753739745784327 -0.9930684569549256 -3.217768296891188e-19
    outer loop
      vertex 13.312278641951723 14.685226008714166 33.126
      vertex 13.405849085126587 14.696300800479754 33.126
      vertex 13.405849085126587 14.696300800479754 36.525999999999996
    endloop
  endfacet
  facet normal 0.03925981575905251 -0.9992290362407236 -5.999498325345624e-20
    outer loop
      vertex 13.405849085126587 14.696300800479754 33.126
      vertex 13.5 14.7 33.126
      vertex 13.5 14.7 36.525999999999996
    endloop
  endfacet
  facet normal -0.03925981575905251 -0.9992290362407236 5.999498325345624e-20
    outer loop
      vertex 13.5 14.7 33.126
      vertex 13.594150914873413 14.696300800479754 33.126
      vertex 13.594150914873413 14.696300800479754 36.525999999999996
    endloop
  endfacet
  facet normal -0.11753739745784327 0.9930684569549256 0
    outer loop
      vertex 13.594150914873413 12.303699199520246 33.126
      vertex 13.594150914873413 12.303699199520246 36.525999999999996
      vertex 13.687721358048277 12.314773991285834 33.126
    endloop
  endfacet
  facet normal -0.19509032201613508 0.980785280403229 0
    outer loop
      vertex 13.687721358048277 12.314773991285834 33.126
      vertex 13.687721358048277 12.314773991285834 36.525999999999996
      vertex 13.780134436627087 12.333156095522789 33.126
    endloop
  endfacet
  facet normal -0.2714404498650744 0.9624552364536474 0
    outer loop
      vertex 13.780134436627087 12.333156095522789 33.126
      vertex 13.780134436627087 12.333156095522789 36.525999999999996
      vertex 13.870820393249938 12.358732180445816 33.126
    endloop
  endfacet
  facet normal -0.346117057077488 0.9381913359224859 0
    outer loop
      vertex 13.870820393249938 12.358732180445816 33.126
      vertex 13.870820393249938 12.358732180445816 36.525999999999996
      vertex 13.959220118838108 12.391344560986456 33.126
    endloop
  endfacet
  facet normal -0.4186597375374334 0.9081431738250788 0
    outer loop
      vertex 13.959220118838108 12.391344560986456 33.126
      vertex 13.959220118838108 12.391344560986456 36.525999999999996
      vertex 14.044788599687456 12.430792170973959 33.126
    endloop
  endfacet
  facet normal -0.4886212414969538 0.8724960070727978 0
    outer loop
      vertex 14.044788599687456 12.430792170973959 33.126
      vertex 14.044788599687456 12.430792170973959 36.525999999999996
      vertex 14.126998277659139 12.47683180277509 33.126
    endloop
  endfacet
  facet normal -0.555570233019599 0.8314696123025472 0
    outer loop
      vertex 14.126998277659139 12.47683180277509 33.126
      vertex 14.126998277659139 12.47683180277509 36.525999999999996
      vertex 14.205342302750967 12.529179606750063 33.126
    endloop
  endfacet
  facet normal -0.6190939493098337 0.7853169308807451 0
    outer loop
      vertex 14.205342302750967 12.529179606750063 33.126
      vertex 14.205342302750967 12.529179606750063 36.525999999999996
      vertex 14.279337657996221 12.587512841279963 33.126
    endloop
  endfacet
  facet normal -0.6788007455329416 0.7343225094356857 0
    outer loop
      vertex 14.279337657996221 12.587512841279963 33.126
      vertex 14.279337657996221 12.587512841279963 36.525999999999996
      vertex 14.348528137423857 12.651471862576143 33.126
    endloop
  endfacet
  facet normal -0.7343225094356857 0.6788007455329416 0
    outer loop
      vertex 14.348528137423857 12.651471862576143 33.126
      vertex 14.348528137423857 12.651471862576143 36.525999999999996
      vertex 14.412487158720037 12.720662342003779 33.126
    endloop
  endfacet
  facet normal -0.7853169308807451 0.6190939493098337 0
    outer loop
      vertex 14.412487158720037 12.720662342003779 33.126
      vertex 14.412487158720037 12.720662342003779 36.525999999999996
      vertex 14.470820393249937 12.794657697249033 33.126
    endloop
  endfacet
  facet normal -0.8314696123025472 0.555570233019599 0
    outer loop
      vertex 14.470820393249937 12.794657697249033 33.126
      vertex 14.470820393249937 12.794657697249033 36.525999999999996
      vertex 14.52316819722491 12.873001722340861 33.126
    endloop
  endfacet
  facet normal 0 0 1
    outer loop
      vertex 13.594150914873413 12.303699199520246 33.126
      vertex 13.687721358048277 12.314773991285834 33.126
      vertex 13.687721358048277 14.685226008714166 33.126
    endloop
  endfacet
  facet normal 0 0 1
    outer loop
      vertex 13.687721358048277 12.314773991285834 33.126
      vertex 13.780134436627087 12.333156095522789 33.126
      vertex 13.780134436627087 14.666843904477211 33.126
    endloop
  endfacet
  facet normal 0 0 1
    outer loop
      vertex 13.780134436627087 12.333156095522789 33.126
      vertex 13.870820393249938 12.358732180445816 33.126
      vertex 13.870820393249938 14.641267819554184 33.126
    endloop
  endfacet
  facet normal 0 0 1
    outer loop
      vertex 13.870820393249938 12.358732180445816 33.126
      vertex 13.959220118838108 12.391344560986456 33.126
      vertex 13.959220118838108 14.608655439013544 33.126
    endloop
  endfacet
  facet normal 0 0 1
    outer loop
      vertex 13.959220118838108 12.391344560986456 33.126
      vertex 14.044788599687456 12.430792170973959 33.126
      vertex 14.044788599687456 14.569207829026041 33.126
    endloop
  endfacet
  facet normal 0 0 1
    outer loop
      vertex 14.044788599687456 12.430792170973959 33.126
      vertex 14.126998277659139 12.47683180277509 33.126
      vertex 14.126998277659139 14.52316819722491 33.126
    endloop
  endfacet
  facet normal 0 0 1
    outer loop
      vertex 14.126998277659139 12.47683180277509 33.126
      vertex 14.205342302750967 12.529179606750063 33.126
      vertex 14.205342302750967 14.470820393249937 33.126
    endloop
  endfacet
  facet normal 0 0 1
    outer loop
      vertex 14.205342302750967 12.529179606750063 33.126
      vertex 14.279337657996221 12.587512841279963 33.126
      vertex 14.279337657996221 14.412487158720037 33.126
    endloop
  endfacet
  facet normal 0 0 1
    outer loop
      vertex 13.594150914873413 12.303699199520246 33.126
      vertex 13.687721358048277 14.685226008714166 33.126
      vertex 13.594150914873413 14.696300800479754 33.126
    endloop
  endfacet
  facet normal 0 0 1
    outer loop
      vertex 13.687721358048277 12.314773991285834 33.126
      vertex 13.780134436627087 14.666843904477211 33.126
      vertex 13.687721358048277 14.685226008714166 33.126
    endloop
  endfacet
  facet normal 0 0 1
    outer loop
      vertex 13.780134436627087 12.333156095522789 33.126
      vertex 13.870820393249938 14.641267819554184 33.126
      vertex 13.780134436627087 14.666843904477211 33.126
    endloop
  endfacet
  facet normal 0 0 1
    outer loop
      vertex 13.870820393249938 12.358732180445816 33.126
      vertex 13.959220118838108 14.608655439013544 33.126
      vertex 13.870820393249938 14.641267819554184 33.126
    endloop
  endfacet
  facet normal 0 0 1
    outer loop
      vertex 14.126998277659139 12.47683180277509 33.126
      vertex 14.205342302750967 14.470820393249937 33.126
      vertex 14.126998277659139 14.52316819722491 33.126
    endloop
  endfacet
  facet normal 0 0 1
    outer loop
      vertex 14.205342302750967 12.529179606750063 33.126
      vertex 14.279337657996221 14.412487158720037 33.126
      vertex 14.205342302750967 14.470820393249937 33.126
    endloop
  endfacet
  facet normal 0 0 1
    outer loop
      vertex 13.959220118838108 12.391344560986456 33.126
      vertex 14.044788599687456 14.569207829026041 33.126
      vertex 13.959220118838108 14.608655439013544 33.126
    endloop
  endfacet
  facet normal 0 0 1
    outer loop
      vertex 14.044788599687456 12.430792170973959 33.126
      vertex 14.126998277659139 14.52316819722491 33.126
      vertex 14.044788599687456 14.569207829026041 33.126
    endloop
  endfacet
  facet normal 0 0 1
    outer loop
      vertex 14.279337657996221 12.587512841279963 33.126
      vertex 14.348528137423857 12.651471862576143 33.126
      vertex 14.348528137423857 14.348528137423857 33.126
    endloop
  endfacet
  facet normal 0 0 1
    outer loop
      vertex 14.348528137423857 12.651471862576143 33.126
      vertex 14.412487158720037 12.720662342003779 33.126
      vertex 14.412487158720037 14.279337657996221 33.126
    endloop
  endfacet
  facet normal 0 0 1
    outer loop
      vertex 14.412487158720037 12.720662342003779 33.126
      vertex 14.470820393249937 12.794657697249033 33.126
      vertex 14.470820393249937 14.205342302750967 33.126
    endloop
  endfacet
  facet normal 0 0 1
    outer loop
      vertex 14.470820393249937 12.794657697249033 33.126
      vertex 14.52316819722491 12.873001722340861 33.126
      vertex 14.52316819722491 14.126998277659139 33.126
    endloop
  endfacet
  facet normal 0 0 1
    outer loop
      vertex 14.52316819722491 12.873001722340861 33.126
      vertex 14.569207829026041 12.955211400312544 33.126
      vertex 14.569207829026041 14.044788599687456 33.126
    endloop
  endfacet
  facet normal 0 0 1
    outer loop
      vertex 14.569207829026041 12.955211400312544 33.126
      vertex 14.608655439013544 13.040779881161892 33.126
      vertex 14.608655439013544 13.959220118838108 33.126
    endloop
  endfacet
  facet normal 0 0 1
    outer loop
      vertex 14.608655439013544 13.040779881161892 33.126
      vertex 14.641267819554184 13.129179606750062 33.126
      vertex 14.641267819554184 13.870820393249938 33.126
    endloop
  endfacet
  facet normal 0 0 1
    outer loop
      vertex 14.641267819554184 13.129179606750062 33.126
      vertex 14.666843904477211 13.219865563372913 33.126
      vertex 14.666843904477211 13.780134436627087 33.126
    endloop
  endfacet
  facet normal 0 0 1
    outer loop
      vertex 14.666843904477211 13.219865563372913 33.126
      vertex 14.685226008714166 13.312278641951723 33.126
      vertex 14.685226008714166 13.687721358048277 33.126
    endloop
  endfacet
  facet normal 0 0 1
    outer loop
      vertex 14.685226008714166 13.312278641951723 33.126
      vertex 14.696300800479754 13.405849085126587 33.126
      vertex 14.696300800479754 13.594150914873413 33.126
    endloop
  endfacet
  facet normal 0 0 1
    outer loop
      vertex 14.696300800479754 13.405849085126587 33.126
      vertex 14.7 13.5 33.126
      vertex 14.696300800479754 13.594150914873413 33.126
    endloop
  endfacet
  facet normal 0 0 1
    outer loop
      vertex 14.279337657996221 12.587512841279963 33.126
      vertex 14.348528137423857 14.348528137423857 33.126
      vertex 14.279337657996221 14.412487158720037 33.126
    endloop
  endfacet
  facet normal 0 0 1
    outer loop
      vertex 14.412487158720037 12.720662342003779 33.126
      vertex 14.470820393249937 14.205342302750967 33.126
      vertex 14.412487158720037 14.279337657996221 33.126
    endloop
  endfacet
  facet normal 0 0 1
    outer loop
      vertex 14.348528137423857 12.651471862576143 33.126
      vertex 14.412487158720037 14.279337657996221 33.126
      vertex 14.348528137423857 14.348528137423857 33.126
    endloop
  endfacet
  facet normal 0 0 1
    outer loop
      vertex 14.569207829026041 12.955211400312544 33.126
      vertex 14.608655439013544 13.959220118838108 33.126
      vertex 14.569207829026041 14.044788599687456 33.126
    endloop
  endfacet
  facet normal 0 0 1
    outer loop
      vertex 14.470820393249937 12.794657697249033 33.126
      vertex 14.52316819722491 14.126998277659139 33.126
      vertex 14.470820393249937 14.205342302750967 33.126
    endloop
  endfacet
  facet normal 0 0 1
    outer loop
      vertex 14.52316819722491 12.873001722340861 33.126
      vertex 14.569207829026041 14.044788599687456 33.126
      vertex 14.52316819722491 14.126998277659139 33.126
    endloop
  endfacet
  facet normal 0 0 1
    outer loop
      vertex 14.666843904477211 13.219865563372913 33.126
      vertex 14.685226008714166 13.687721358048277 33.126
      vertex 14.666843904477211 13.780134436627087 33.126
    endloop
  endfacet
  facet normal 0 0 1
    outer loop
      vertex 14.608655439013544 13.040779881161892 33.126
      vertex 14.641267819554184 13.870820393249938 33.126
      vertex 14.608655439013544 13.959220118838108 33.126
    endloop
  endfacet
  facet normal 0 0 1
    outer loop
      vertex 14.641267819554184 13.129179606750062 33.126
      vertex 14.666843904477211 13.780134436627087 33.126
      vertex 14.641267819554184 13.870820393249938 33.126
    endloop
  endfacet
  facet normal 0 0 1
    outer loop
      vertex 14.685226008714166 13.312278641951723 33.126
      vertex 14.696300800479754 13.594150914873413 33.126
      vertex 14.685226008714166 13.687721358048277 33.126
    endloop
  endfacet
  facet normal -0.8724960070727978 0.4886212414969538 0
    outer loop
      vertex 14.52316819722491 12.873001722340861 33.126
      vertex 14.52316819722491 12.873001722340861 36.525999999999996
      vertex 14.569207829026041 12.955211400312544 33.126
    endloop
  endfacet
  facet normal -0.9081431738250788 0.4186597375374334 0
    outer loop
      vertex 14.569207829026041 12.955211400312544 33.126
      vertex 14.569207829026041 12.955211400312544 36.525999999999996
      vertex 14.608655439013544 13.040779881161892 33.126
    endloop
  endfacet
  facet normal -0.9381913359224859 0.346117057077488 0
    outer loop
      vertex 14.608655439013544 13.040779881161892 33.126
      vertex 14.608655439013544 13.040779881161892 36.525999999999996
      vertex 14.641267819554184 13.129179606750062 33.126
    endloop
  endfacet
  facet normal -0.9624552364536474 0.2714404498650744 0
    outer loop
      vertex 14.641267819554184 13.129179606750062 33.126
      vertex 14.641267819554184 13.129179606750062 36.525999999999996
      vertex 14.666843904477211 13.219865563372913 33.126
    endloop
  endfacet
  facet normal -0.980785280403229 0.19509032201613508 0
    outer loop
      vertex 14.666843904477211 13.219865563372913 33.126
      vertex 14.666843904477211 13.219865563372913 36.525999999999996
      vertex 14.685226008714166 13.312278641951723 33.126
    endloop
  endfacet
  facet normal -0.9930684569549256 0.11753739745784327 0
    outer loop
      vertex 14.685226008714166 13.312278641951723 33.126
      vertex 14.685226008714166 13.312278641951723 36.525999999999996
      vertex 14.696300800479754 13.405849085126587 33.126
    endloop
  endfacet
  facet normal -0.9992290362407236 0.03925981575905251 0
    outer loop
      vertex 14.696300800479754 13.405849085126587 33.126
      vertex 14.696300800479754 13.405849085126587 36.525999999999996
      vertex 14.7 13.5 33.126
    endloop
  endfacet
  facet normal -0.9081431738250788 -0.4186597375374334 3.3160861810076813e-19
    outer loop
      vertex 14.569207829026041 14.044788599687456 33.126
      vertex 14.608655439013544 13.959220118838108 33.126
      vertex 14.608655439013544 13.959220118838108 36.525999999999996
    endloop
  endfacet
  facet normal -0.8314696123025472 -0.555570233019599 0
    outer loop
      vertex 14.52316819722491 14.126998277659139 33.126
      vertex 14.52316819722491 14.126998277659139 36.525999999999996
      vertex 14.470820393249937 14.205342302750967 33.126
    endloop
  endfacet
  facet normal -0.8724960070727978 -0.4886212414969538 1.7860241924736678e-19
    outer loop
      vertex 14.52316819722491 14.126998277659139 33.126
      vertex 14.569207829026041 14.044788599687456 33.126
      vertex 14.569207829026041 14.044788599687456 36.525999999999996
    endloop
  endfacet
  facet normal -0.9992290362407236 -0.03925981575905251 0
    outer loop
      vertex 14.7 13.5 33.126
      vertex 14.7 13.5 36.525999999999996
      vertex 14.696300800479754 13.594150914873413 33.126
    endloop
  endfacet
  facet normal -0.9930684569549256 -0.11753739745784327 0
    outer loop
      vertex 14.696300800479754 13.594150914873413 33.126
      vertex 14.696300800479754 13.594150914873413 36.525999999999996
      vertex 14.685226008714166 13.687721358048277 33.126
    endloop
  endfacet
  facet normal -0.980785280403229 -0.19509032201613508 0
    outer loop
      vertex 14.685226008714166 13.687721358048277 33.126
      vertex 14.685226008714166 13.687721358048277 36.525999999999996
      vertex 14.666843904477211 13.780134436627087 33.126
    endloop
  endfacet
  facet normal -0.9624552364536474 -0.2714404498650744 0
    outer loop
      vertex 14.666843904477211 13.780134436627087 33.126
      vertex 14.666843904477211 13.780134436627087 36.525999999999996
      vertex 14.641267819554184 13.870820393249938 33.126
    endloop
  endfacet
  facet normal -0.9381913359224859 -0.346117057077488 0
    outer loop
      vertex 14.641267819554184 13.870820393249938 33.126
      vertex 14.641267819554184 13.870820393249938 36.525999999999996
      vertex 14.608655439013544 13.959220118838108 33.126
    endloop
  endfacet
  facet normal -0.11753739745784327 -0.9930684569549256 3.217768296891188e-19
    outer loop
      vertex 13.594150914873413 14.696300800479754 33.126
      vertex 13.687721358048277 14.685226008714166 33.126
      vertex 13.687721358048277 14.685226008714166 36.525999999999996
    endloop
  endfacet
  facet normal -0.19509032201613508 -0.980785280403229 -2.589141967245113e-19
    outer loop
      vertex 13.687721358048277 14.685226008714166 33.126
      vertex 13.780134436627087 14.666843904477211 33.126
      vertex 13.780134436627087 14.666843904477211 36.525999999999996
    endloop
  endfacet
  facet normal -0.2714404498650744 -0.9624552364536474 -6.41452518855391e-19
    outer loop
      vertex 13.780134436627087 14.666843904477211 33.126
      vertex 13.870820393249938 14.641267819554184 33.126
      vertex 13.870820393249938 14.641267819554184 36.525999999999996
    endloop
  endfacet
  facet normal -0.555570233019599 -0.8314696123025472 -9.451544207609137e-19
    outer loop
      vertex 14.126998277659139 14.52316819722491 33.126
      vertex 14.205342302750967 14.470820393249937 33.126
      vertex 14.205342302750967 14.470820393249937 36.525999999999996
    endloop
  endfacet
  facet normal -0.6190939493098337 -0.7853169308807451 -8.97163088258771e-19
    outer loop
      vertex 14.205342302750967 14.470820393249937 33.126
      vertex 14.279337657996221 14.412487158720037 33.126
      vertex 14.279337657996221 14.412487158720037 36.525999999999996
    endloop
  endfacet
  facet normal -0.346117057077488 -0.9381913359224859 -7.542806304418863e-20
    outer loop
      vertex 13.870820393249938 14.641267819554184 33.126
      vertex 13.959220118838108 14.608655439013544 33.126
      vertex 13.959220118838108 14.608655439013544 36.525999999999996
    endloop
  endfacet
  facet normal -0.4186597375374334 -0.9081431738250788 3.3160861810076813e-19
    outer loop
      vertex 13.959220118838108 14.608655439013544 33.126
      vertex 14.044788599687456 14.569207829026041 33.126
      vertex 14.044788599687456 14.569207829026041 36.525999999999996
    endloop
  endfacet
  facet normal -0.4886212414969538 -0.8724960070727978 1.7860241924736678e-19
    outer loop
      vertex 14.044788599687456 14.569207829026041 33.126
      vertex 14.126998277659139 14.52316819722491 33.126
      vertex 14.126998277659139 14.52316819722491 36.525999999999996
    endloop
  endfacet
  facet normal -0.7343225094356857 -0.6788007455329416 8.185499375276663e-19
    outer loop
      vertex 14.348528137423857 14.348528137423857 33.126
      vertex 14.412487158720037 14.279337657996221 33.126
      vertex 14.412487158720037 14.279337657996221 36.525999999999996
    endloop
  endfacet
  facet normal -0.6788007455329416 -0.7343225094356857 8.185499375276663e-19
    outer loop
      vertex 14.279337657996221 14.412487158720037 33.126
      vertex 14.348528137423857 14.348528137423857 33.126
      vertex 14.348528137423857 14.348528137423857 36.525999999999996
    endloop
  endfacet
  facet normal -0.7853169308807451 -0.6190939493098337 -8.97163088258771e-19
    outer loop
      vertex 14.412487158720037 14.279337657996221 33.126
      vertex 14.470820393249937 14.205342302750967 33.126
      vertex 14.470820393249937 14.205342302750967 36.525999999999996
    endloop
  endfacet
  facet normal 0.8314696123025472 0.555570233019599 0
    outer loop
      vertex 12.529179606750063 12.794657697249033 33.126
      vertex 12.47683180277509 12.873001722340861 36.525999999999996
      vertex 12.529179606750063 12.794657697249033 36.525999999999996
    endloop
  endfacet
  facet normal 0.555570233019599 0.8314696123025472 0
    outer loop
      vertex 12.873001722340861 12.47683180277509 33.126
      vertex 12.794657697249033 12.529179606750063 36.525999999999996
      vertex 12.873001722340861 12.47683180277509 36.525999999999996
    endloop
  endfacet
  facet normal 0.6788007455329416 0.7343225094356857 0
    outer loop
      vertex 12.720662342003779 12.587512841279963 33.126
      vertex 12.651471862576143 12.651471862576143 36.525999999999996
      vertex 12.720662342003779 12.587512841279963 36.525999999999996
    endloop
  endfacet
  facet normal 0.7853169308807451 0.6190939493098337 0
    outer loop
      vertex 12.587512841279963 12.720662342003779 33.126
      vertex 12.529179606750063 12.794657697249033 36.525999999999996
      vertex 12.587512841279963 12.720662342003779 36.525999999999996
    endloop
  endfacet
  facet normal 0.7343225094356857 0.6788007455329416 0
    outer loop
      vertex 12.651471862576143 12.651471862576143 33.126
      vertex 12.587512841279963 12.720662342003779 36.525999999999996
      vertex 12.651471862576143 12.651471862576143 36.525999999999996
    endloop
  endfacet
  facet normal 0.6190939493098337 0.7853169308807451 0
    outer loop
      vertex 12.794657697249033 12.529179606750063 33.126
      vertex 12.720662342003779 12.587512841279963 36.525999999999996
      vertex 12.794657697249033 12.529179606750063 36.525999999999996
    endloop
  endfacet
  facet normal 0.4886212414969538 0.8724960070727978 0
    outer loop
      vertex 12.955211400312544 12.430792170973959 33.126
      vertex 12.873001722340861 12.47683180277509 36.525999999999996
      vertex 12.955211400312544 12.430792170973959 36.525999999999996
    endloop
  endfacet
  facet normal 0.4186597375374334 0.9081431738250788 0
    outer loop
      vertex 13.040779881161892 12.391344560986456 33.126
      vertex 12.955211400312544 12.430792170973959 36.525999999999996
      vertex 13.040779881161892 12.391344560986456 36.525999999999996
    endloop
  endfacet
  facet normal 0.346117057077488 0.9381913359224859 0
    outer loop
      vertex 13.129179606750062 12.358732180445816 33.126
      vertex 13.040779881161892 12.391344560986456 36.525999999999996
      vertex 13.129179606750062 12.358732180445816 36.525999999999996
    endloop
  endfacet
  facet normal 0.2714404498650744 0.9624552364536474 0
    outer loop
      vertex 13.219865563372913 12.333156095522789 33.126
      vertex 13.129179606750062 12.358732180445816 36.525999999999996
      vertex 13.219865563372913 12.333156095522789 36.525999999999996
    endloop
  endfacet
  facet normal 0.19509032201613508 0.980785280403229 0
    outer loop
      vertex 13.312278641951723 12.314773991285834 33.126
      vertex 13.219865563372913 12.333156095522789 36.525999999999996
      vertex 13.312278641951723 12.314773991285834 36.525999999999996
    endloop
  endfacet
  facet normal 0.11753739745784327 0.9930684569549256 0
    outer loop
      vertex 13.405849085126587 12.303699199520246 33.126
      vertex 13.312278641951723 12.314773991285834 36.525999999999996
      vertex 13.405849085126587 12.303699199520246 36.525999999999996
    endloop
  endfacet
  facet normal 0.03925981575905251 0.9992290362407236 0
    outer loop
      vertex 13.5 12.3 33.126
      vertex 13.405849085126587 12.303699199520246 36.525999999999996
      vertex 13.5 12.3 36.525999999999996
    endloop
  endfacet
  facet normal -0.03925981575905251 0.9992290362407236 0
    outer loop
      vertex 13.594150914873413 12.303699199520246 33.126
      vertex 13.5 12.3 36.525999999999996
      vertex 13.594150914873413 12.303699199520246 36.525999999999996
    endloop
  endfacet
  facet normal 0.9381913359224859 0.346117057077488 0
    outer loop
      vertex 12.391344560986456 13.040779881161892 33.126
      vertex 12.358732180445816 13.129179606750062 36.525999999999996
      vertex 12.391344560986456 13.040779881161892 36.525999999999996
    endloop
  endfacet
  facet normal 0.9624552364536474 0.2714404498650744 0
    outer loop
      vertex 12.358732180445816 13.129179606750062 33.126
      vertex 12.333156095522789 13.219865563372913 36.525999999999996
      vertex 12.358732180445816 13.129179606750062 36.525999999999996
    endloop
  endfacet
  facet normal 0.8724960070727978 0.4886212414969538 0
    outer loop
      vertex 12.47683180277509 12.873001722340861 33.126
      vertex 12.430792170973959 12.955211400312544 36.525999999999996
      vertex 12.47683180277509 12.873001722340861 36.525999999999996
    endloop
  endfacet
  facet normal 0.9081431738250788 0.4186597375374334 0
    outer loop
      vertex 12.430792170973959 12.955211400312544 33.126
      vertex 12.391344560986456 13.040779881161892 36.525999999999996
      vertex 12.430792170973959 12.955211400312544 36.525999999999996
    endloop
  endfacet
  facet normal 0.980785280403229 0.19509032201613508 0
    outer loop
      vertex 12.333156095522789 13.219865563372913 33.126
      vertex 12.314773991285834 13.312278641951723 36.525999999999996
      vertex 12.333156095522789 13.219865563372913 36.525999999999996
    endloop
  endfacet
  facet normal 0.9992290362407236 0.03925981575905251 0
    outer loop
      vertex 12.303699199520246 13.405849085126587 33.126
      vertex 12.3 13.5 36.525999999999996
      vertex 12.303699199520246 13.405849085126587 36.525999999999996
    endloop
  endfacet
  facet normal 0.9930684569549256 0.11753739745784327 0
    outer loop
      vertex 12.314773991285834 13.312278641951723 33.126
      vertex 12.303699199520246 13.405849085126587 36.525999999999996
      vertex 12.314773991285834 13.312278641951723 36.525999999999996
    endloop
  endfacet
  facet normal 0.9992290362407236 -0.03925981575905251 0
    outer loop
      vertex 12.3 13.5 33.126
      vertex 12.303699199520246 13.594150914873413 36.525999999999996
      vertex 12.3 13.5 36.525999999999996
    endloop
  endfacet
  facet normal 0.9930684569549256 -0.11753739745784327 0
    outer loop
      vertex 12.303699199520246 13.594150914873413 33.126
      vertex 12.314773991285834 13.687721358048277 36.525999999999996
      vertex 12.303699199520246 13.594150914873413 36.525999999999996
    endloop
  endfacet
  facet normal 0.980785280403229 -0.19509032201613508 0
    outer loop
      vertex 12.314773991285834 13.687721358048277 33.126
      vertex 12.333156095522789 13.780134436627087 36.525999999999996
      vertex 12.314773991285834 13.687721358048277 36.525999999999996
    endloop
  endfacet
  facet normal 0.9624552364536474 -0.2714404498650744 0
    outer loop
      vertex 12.333156095522789 13.780134436627087 33.126
      vertex 12.358732180445816 13.870820393249938 36.525999999999996
      vertex 12.333156095522789 13.780134436627087 36.525999999999996
    endloop
  endfacet
  facet normal 0.9381913359224859 -0.346117057077488 0
    outer loop
      vertex 12.358732180445816 13.870820393249938 33.126
      vertex 12.391344560986456 13.959220118838108 36.525999999999996
      vertex 12.358732180445816 13.870820393249938 36.525999999999996
    endloop
  endfacet
  facet normal 0.9081431738250788 -0.4186597375374334 0
    outer loop
      vertex 12.391344560986456 13.959220118838108 33.126
      vertex 12.430792170973959 14.044788599687456 36.525999999999996
      vertex 12.391344560986456 13.959220118838108 36.525999999999996
    endloop
  endfacet
  facet normal 0.8724960070727978 -0.4886212414969538 0
    outer loop
      vertex 12.430792170973959 14.044788599687456 33.126
      vertex 12.47683180277509 14.126998277659139 36.525999999999996
      vertex 12.430792170973959 14.044788599687456 36.525999999999996
    endloop
  endfacet
  facet normal 0.8314696123025472 -0.555570233019599 0
    outer loop
      vertex 12.47683180277509 14.126998277659139 33.126
      vertex 12.529179606750063 14.205342302750967 36.525999999999996
      vertex 12.47683180277509 14.126998277659139 36.525999999999996
    endloop
  endfacet
  facet normal 0.7853169308807451 -0.6190939493098337 0
    outer loop
      vertex 12.529179606750063 14.205342302750967 33.126
      vertex 12.587512841279963 14.279337657996221 36.525999999999996
      vertex 12.529179606750063 14.205342302750967 36.525999999999996
    endloop
  endfacet
  facet normal 0.7343225094356857 -0.6788007455329416 0
    outer loop
      vertex 12.587512841279963 14.279337657996221 33.126
      vertex 12.651471862576143 14.348528137423857 36.525999999999996
      vertex 12.587512841279963 14.279337657996221 36.525999999999996
    endloop
  endfacet
  facet normal 0.6788007455329416 -0.7343225094356857 0
    outer loop
      vertex 12.651471862576143 14.348528137423857 33.126
      vertex 12.720662342003779 14.412487158720037 36.525999999999996
      vertex 12.651471862576143 14.348528137423857 36.525999999999996
    endloop
  endfacet
  facet normal 0.6190939493098337 -0.7853169308807451 0
    outer loop
      vertex 12.720662342003779 14.412487158720037 33.126
      vertex 12.794657697249033 14.470820393249937 36.525999999999996
      vertex 12.720662342003779 14.412487158720037 36.525999999999996
    endloop
  endfacet
  facet normal 0.555570233019599 -0.8314696123025472 0
    outer loop
      vertex 12.794657697249033 14.470820393249937 33.126
      vertex 12.873001722340861 14.52316819722491 36.525999999999996
      vertex 12.794657697249033 14.470820393249937 36.525999999999996
    endloop
  endfacet
  facet normal 0.4886212414969538 -0.8724960070727978 0
    outer loop
      vertex 12.873001722340861 14.52316819722491 33.126
      vertex 12.955211400312544 14.569207829026041 36.525999999999996
      vertex 12.873001722340861 14.52316819722491 36.525999999999996
    endloop
  endfacet
  facet normal 0.4186597375374334 -0.9081431738250788 0
    outer loop
      vertex 12.955211400312544 14.569207829026041 33.126
      vertex 13.040779881161892 14.608655439013544 36.525999999999996
      vertex 12.955211400312544 14.569207829026041 36.525999999999996
    endloop
  endfacet
  facet normal 0.346117057077488 -0.9381913359224859 0
    outer loop
      vertex 13.040779881161892 14.608655439013544 33.126
      vertex 13.129179606750062 14.641267819554184 36.525999999999996
      vertex 13.040779881161892 14.608655439013544 36.525999999999996
    endloop
  endfacet
  facet normal 0.2714404498650744 -0.9624552364536474 0
    outer loop
      vertex 13.129179606750062 14.641267819554184 33.126
      vertex 13.219865563372913 14.666843904477211 36.525999999999996
      vertex 13.129179606750062 14.641267819554184 36.525999999999996
    endloop
  endfacet
  facet normal 0.19509032201613508 -0.980785280403229 0
    outer loop
      vertex 13.219865563372913 14.666843904477211 33.126
      vertex 13.312278641951723 14.685226008714166 36.525999999999996
      vertex 13.219865563372913 14.666843904477211 36.525999999999996
    endloop
  endfacet
  facet normal 0.11753739745784327 -0.9930684569549256 0
    outer loop
      vertex 13.312278641951723 14.685226008714166 33.126
      vertex 13.405849085126587 14.696300800479754 36.525999999999996
      vertex 13.312278641951723 14.685226008714166 36.525999999999996
    endloop
  endfacet
  facet normal 0.03925981575905251 -0.9992290362407236 0
    outer loop
      vertex 13.405849085126587 14.696300800479754 33.126
      vertex 13.5 14.7 36.525999999999996
      vertex 13.405849085126587 14.696300800479754 36.525999999999996
    endloop
  endfacet
  facet normal -0.03925981575905251 -0.9992290362407236 0
    outer loop
      vertex 13.5 14.7 33.126
      vertex 13.594150914873413 14.696300800479754 36.525999999999996
      vertex 13.5 14.7 36.525999999999996
    endloop
  endfacet
  facet normal -0.11753739745784327 0.9930684569549256 0
    outer loop
      vertex 13.687721358048277 12.314773991285834 33.126
      vertex 13.594150914873413 12.303699199520246 36.525999999999996
      vertex 13.687721358048277 12.314773991285834 36.525999999999996
    endloop
  endfacet
  facet normal -0.19509032201613508 0.980785280403229 0
    outer loop
      vertex 13.780134436627087 12.333156095522789 33.126
      vertex 13.687721358048277 12.314773991285834 36.525999999999996
      vertex 13.780134436627087 12.333156095522789 36.525999999999996
    endloop
  endfacet
  facet normal -0.2714404498650744 0.9624552364536474 0
    outer loop
      vertex 13.870820393249938 12.358732180445816 33.126
      vertex 13.780134436627087 12.333156095522789 36.525999999999996
      vertex 13.870820393249938 12.358732180445816 36.525999999999996
    endloop
  endfacet
  facet normal -0.346117057077488 0.9381913359224859 0
    outer loop
      vertex 13.959220118838108 12.391344560986456 33.126
      vertex 13.870820393249938 12.358732180445816 36.525999999999996
      vertex 13.959220118838108 12.391344560986456 36.525999999999996
    endloop
  endfacet
  facet normal -0.4186597375374334 0.9081431738250788 0
    outer loop
      vertex 14.044788599687456 12.430792170973959 33.126
      vertex 13.959220118838108 12.391344560986456 36.525999999999996
      vertex 14.044788599687456 12.430792170973959 36.525999999999996
    endloop
  endfacet
  facet normal -0.4886212414969538 0.8724960070727978 0
    outer loop
      vertex 14.126998277659139 12.47683180277509 33.126
      vertex 14.044788599687456 12.430792170973959 36.525999999999996
      vertex 14.126998277659139 12.47683180277509 36.525999999999996
    endloop
  endfacet
  facet normal -0.555570233019599 0.8314696123025472 0
    outer loop
      vertex 14.205342302750967 12.529179606750063 33.126
      vertex 14.126998277659139 12.47683180277509 36.525999999999996
      vertex 14.205342302750967 12.529179606750063 36.525999999999996
    endloop
  endfacet
  facet normal -0.6190939493098337 0.7853169308807451 0
    outer loop
      vertex 14.279337657996221 12.587512841279963 33.126
      vertex 14.205342302750967 12.529179606750063 36.525999999999996
      vertex 14.279337657996221 12.587512841279963 36.525999999999996
    endloop
  endfacet
  facet normal -0.6788007455329416 0.7343225094356857 0
    outer loop
      vertex 14.348528137423857 12.651471862576143 33.126
      vertex 14.279337657996221 12.587512841279963 36.525999999999996
      vertex 14.348528137423857 12.651471862576143 36.525999999999996
    endloop
  endfacet
  facet normal -0.7343225094356857 0.6788007455329416 0
    outer loop
      vertex 14.412487158720037 12.720662342003779 33.126
      vertex 14.348528137423857 12.651471862576143 36.525999999999996
      vertex 14.412487158720037 12.720662342003779 36.525999999999996
    endloop
  endfacet
  facet normal -0.7853169308807451 0.6190939493098337 0
    outer loop
      vertex 14.470820393249937 12.794657697249033 33.126
      vertex 14.412487158720037 12.720662342003779 36.525999999999996
      vertex 14.470820393249937 12.794657697249033 36.525999999999996
    endloop
  endfacet
  facet normal -0.8314696123025472 0.555570233019599 0
    outer loop
      vertex 14.52316819722491 12.873001722340861 33.126
      vertex 14.470820393249937 12.794657697249033 36.525999999999996
      vertex 14.52316819722491 12.873001722340861 36.525999999999996
    endloop
  endfacet
  facet normal -0.8724960070727978 0.4886212414969538 0
    outer loop
      vertex 14.569207829026041 12.955211400312544 33.126
      vertex 14.52316819722491 12.873001722340861 36.525999999999996
      vertex 14.569207829026041 12.955211400312544 36.525999999999996
    endloop
  endfacet
  facet normal -0.9081431738250788 0.4186597375374334 0
    outer loop
      vertex 14.608655439013544 13.040779881161892 33.126
      vertex 14.569207829026041 12.955211400312544 36.525999999999996
      vertex 14.608655439013544 13.040779881161892 36.525999999999996
    endloop
  endfacet
  facet normal -0.9381913359224859 0.346117057077488 0
    outer loop
      vertex 14.641267819554184 13.129179606750062 33.126
      vertex 14.608655439013544 13.040779881161892 36.525999999999996
      vertex 14.641267819554184 13.129179606750062 36.525999999999996
    endloop
  endfacet
  facet normal -0.9624552364536474 0.2714404498650744 0
    outer loop
      vertex 14.666843904477211 13.219865563372913 33.126
      vertex 14.641267819554184 13.129179606750062 36.525999999999996
      vertex 14.666843904477211 13.219865563372913 36.525999999999996
    endloop
  endfacet
  facet normal -0.980785280403229 0.19509032201613508 0
    outer loop
      vertex 14.685226008714166 13.312278641951723 33.126
      vertex 14.666843904477211 13.219865563372913 36.525999999999996
      vertex 14.685226008714166 13.312278641951723 36.525999999999996
    endloop
  endfacet
  facet normal -0.9930684569549256 0.11753739745784327 0
    outer loop
      vertex 14.696300800479754 13.405849085126587 33.126
      vertex 14.685226008714166 13.312278641951723 36.525999999999996
      vertex 14.696300800479754 13.405849085126587 36.525999999999996
    endloop
  endfacet
  facet normal -0.9992290362407236 0.03925981575905251 0
    outer loop
      vertex 14.7 13.5 33.126
      vertex 14.696300800479754 13.405849085126587 36.525999999999996
      vertex 14.7 13.5 36.525999999999996
    endloop
  endfacet
  facet normal -0.9081431738250788 -0.4186597375374334 0
    outer loop
      vertex 14.569207829026041 14.044788599687456 33.126
      vertex 14.608655439013544 13.959220118838108 36.525999999999996
      vertex 14.569207829026041 14.044788599687456 36.525999999999996
    endloop
  endfacet
  facet normal -0.8724960070727978 -0.4886212414969538 0
    outer loop
      vertex 14.52316819722491 14.126998277659139 33.126
      vertex 14.569207829026041 14.044788599687456 36.525999999999996
      vertex 14.52316819722491 14.126998277659139 36.525999999999996
    endloop
  endfacet
  facet normal -0.9992290362407236 -0.03925981575905251 0
    outer loop
      vertex 14.696300800479754 13.594150914873413 33.126
      vertex 14.7 13.5 36.525999999999996
      vertex 14.696300800479754 13.594150914873413 36.525999999999996
    endloop
  endfacet
  facet normal -0.9930684569549256 -0.11753739745784327 0
    outer loop
      vertex 14.685226008714166 13.687721358048277 33.126
      vertex 14.696300800479754 13.594150914873413 36.525999999999996
      vertex 14.685226008714166 13.687721358048277 36.525999999999996
    endloop
  endfacet
  facet normal -0.980785280403229 -0.19509032201613508 0
    outer loop
      vertex 14.666843904477211 13.780134436627087 33.126
      vertex 14.685226008714166 13.687721358048277 36.525999999999996
      vertex 14.666843904477211 13.780134436627087 36.525999999999996
    endloop
  endfacet
  facet normal -0.9624552364536474 -0.2714404498650744 0
    outer loop
      vertex 14.641267819554184 13.870820393249938 33.126
      vertex 14.666843904477211 13.780134436627087 36.525999999999996
      vertex 14.641267819554184 13.870820393249938 36.525999999999996
    endloop
  endfacet
  facet normal -0.9381913359224859 -0.346117057077488 0
    outer loop
      vertex 14.608655439013544 13.959220118838108 33.126
      vertex 14.641267819554184 13.870820393249938 36.525999999999996
      vertex 14.608655439013544 13.959220118838108 36.525999999999996
    endloop
  endfacet
  facet normal -0.11753739745784327 -0.9930684569549256 0
    outer loop
      vertex 13.594150914873413 14.696300800479754 33.126
      vertex 13.687721358048277 14.685226008714166 36.525999999999996
      vertex 13.594150914873413 14.696300800479754 36.525999999999996
    endloop
  endfacet
  facet normal -0.19509032201613508 -0.980785280403229 0
    outer loop
      vertex 13.687721358048277 14.685226008714166 33.126
      vertex 13.780134436627087 14.666843904477211 36.525999999999996
      vertex 13.687721358048277 14.685226008714166 36.525999999999996
    endloop
  endfacet
  facet normal -0.2714404498650744 -0.9624552364536474 0
    outer loop
      vertex 13.780134436627087 14.666843904477211 33.126
      vertex 13.870820393249938 14.641267819554184 36.525999999999996
      vertex 13.780134436627087 14.666843904477211 36.525999999999996
    endloop
  endfacet
  facet normal -0.346117057077488 -0.9381913359224859 0
    outer loop
      vertex 13.870820393249938 14.641267819554184 33.126
      vertex 13.959220118838108 14.608655439013544 36.525999999999996
      vertex 13.870820393249938 14.641267819554184 36.525999999999996
    endloop
  endfacet
  facet normal -0.6190939493098337 -0.7853169308807451 0
    outer loop
      vertex 14.205342302750967 14.470820393249937 33.126
      vertex 14.279337657996221 14.412487158720037 36.525999999999996
      vertex 14.205342302750967 14.470820393249937 36.525999999999996
    endloop
  endfacet
  facet normal -0.4186597375374334 -0.9081431738250788 0
    outer loop
      vertex 13.959220118838108 14.608655439013544 33.126
      vertex 14.044788599687456 14.569207829026041 36.525999999999996
      vertex 13.959220118838108 14.608655439013544 36.525999999999996
    endloop
  endfacet
  facet normal -0.4886212414969538 -0.8724960070727978 0
    outer loop
      vertex 14.044788599687456 14.569207829026041 33.126
      vertex 14.126998277659139 14.52316819722491 36.525999999999996
      vertex 14.044788599687456 14.569207829026041 36.525999999999996
    endloop
  endfacet
  facet normal -0.555570233019599 -0.8314696123025472 0
    outer loop
      vertex 14.126998277659139 14.52316819722491 33.126
      vertex 14.205342302750967 14.470820393249937 36.525999999999996
      vertex 14.126998277659139 14.52316819722491 36.525999999999996
    endloop
  endfacet
  facet normal -0.7343225094356857 -0.6788007455329416 0
    outer loop
      vertex 14.348528137423857 14.348528137423857 33.126
      vertex 14.412487158720037 14.279337657996221 36.525999999999996
      vertex 14.348528137423857 14.348528137423857 36.525999999999996
    endloop
  endfacet
  facet normal -0.7853169308807451 -0.6190939493098337 0
    outer loop
      vertex 14.412487158720037 14.279337657996221 33.126
      vertex 14.470820393249937 14.205342302750967 36.525999999999996
      vertex 14.412487158720037 14.279337657996221 36.525999999999996
    endloop
  endfacet
  facet normal -0.6788007455329416 -0.7343225094356857 0
    outer loop
      vertex 14.279337657996221 14.412487158720037 33.126
      vertex 14.348528137423857 14.348528137423857 36.525999999999996
      vertex 14.279337657996221 14.412487158720037 36.525999999999996
    endloop
  endfacet
  facet normal -0.8314696123025472 -0.555570233019599 0
    outer loop
      vertex 14.470820393249937 14.205342302750967 33.126
      vertex 14.52316819722491 14.126998277659139 36.525999999999996
      vertex 14.470820393249937 14.205342302750967 36.525999999999996
    endloop
  endfacet
  facet normal 1.5638309234237087e-13 0.7853169308807512 -0.619093949309826
    outer loop
      vertex -17.944512007196302 -1.412263723101209 9.613785158750044
      vertex -17.946222422836147 -1.3687307380800557 9.66900648699433
      vertex -17.93930818558787 -1.4562305898749055 9.558013454126451
    endloop
  endfacet
  facet normal 0 0.8314696123025457 0.5555702330196014
    outer loop
      vertex -12.707049571328415 -1.4562305898749055 7.441986545873548
      vertex -17.93930818558787 -1.4562305898749055 7.441986545873548
      vertex -17.93001452924611 -1.534752295837366 7.559502583511292
    endloop
  endfacet
  facet normal 0 0.6788007455329418 0.7343225094356853
    outer loop
      vertex -12.741044784149153 -1.1690064869943306 7.131269261919944
      vertex -17.954069610033333 -1.1690064869943306 7.131269261919944
      vertex -17.949991858022397 -1.2727922061357857 7.227207793864214
    endloop
  endfacet
  facet normal 0 0.7853169308807442 0.619093949309835
    outer loop
      vertex -12.717405861255747 -1.3687307380800557 7.330993513005669
      vertex -17.946222422836147 -1.3687307380800557 7.330993513005669
      vertex -17.944512007196302 -1.412263723101209 7.386214841249955
    endloop
  endfacet
  facet normal 0 0.7343225094356863 0.678800745532941
    outer loop
      vertex -12.728760934797435 -1.2727922061357857 7.227207793864214
      vertex -17.949991858022397 -1.2727922061357857 7.227207793864214
      vertex -17.946222422836147 -1.3687307380800557 7.330993513005669
    endloop
  endfacet
  facet normal -2.054682157897172e-18 0.7853169308807443 0.619093949309835
    outer loop
      vertex -12.717405861255747 -1.3687307380800557 7.330993513005669
      vertex -17.944512007196302 -1.412263723101209 7.386214841249955
      vertex -17.93930818558787 -1.4562305898749055 7.441986545873548
    endloop
  endfacet
  facet normal 0 0.4186597375374274 0.9081431738250817
    outer loop
      vertex -12.772935788586164 -0.6888301782571616 6.837016841479684
      vertex -17.972935788586163 -0.6888301782571616 6.837016841479684
      vertex -17.96789279643258 -0.8171828995311843 6.896188256460938
    endloop
  endfacet
  facet normal 0 0.3461170570774958 0.9381913359224832
    outer loop
      vertex -12.778145640602876 -0.5562305898749054 6.788098270668724
      vertex -17.978145640602875 -0.5562305898749054 6.788098270668724
      vertex -17.972935788586163 -0.6888301782571616 6.837016841479684
    endloop
  endfacet
  facet normal 0 0.2714404498650755 0.962455236453647
    outer loop
      vertex -12.783490232012584 -0.4202016549406297 6.749734143284182
      vertex -17.98349023201258 -0.4202016549406297 6.749734143284182
      vertex -17.978145640602875 -0.5562305898749054 6.788098270668724
    endloop
  endfacet
  facet normal 2.1579957013345377e-17 0.5555702330196004 0.8314696123025463
    outer loop
      vertex -12.760541871784039 -1.0042764253164154 7.007863475408974
      vertex -17.96304775586572 -0.9404974164887079 6.965247704162634
      vertex -17.958430538171815 -1.0580134541264516 7.043769410125094
    endloop
  endfacet
  facet normal 0 0.6190939493098352 0.785316930880744
    outer loop
      vertex -12.75418167529485 -1.0580134541264516 7.043769410125094
      vertex -17.958430538171815 -1.0580134541264516 7.043769410125094
      vertex -17.954069610033333 -1.1690064869943306 7.131269261919944
    endloop
  endfacet
  facet normal 0 0.48862124149695163 0.872496007072799
    outer loop
      vertex -12.767892796432582 -0.8171828995311843 6.896188256460938
      vertex -17.96789279643258 -0.8171828995311843 6.896188256460938
      vertex -17.96304775586572 -0.9404974164887079 6.965247704162634
    endloop
  endfacet
  facet normal 0 0.8314696123025457 0.5555702330196014
    outer loop
      vertex -12.697755914986658 -1.534752295837366 7.559502583511292
      vertex -12.707049571328415 -1.4562305898749055 7.441986545873548
      vertex -17.93001452924611 -1.534752295837366 7.559502583511292
    endloop
  endfacet
  facet normal 4.84974779273977e-19 0.6788007455329419 0.7343225094356854
    outer loop
      vertex -12.741044784149153 -1.1690064869943306 7.131269261919944
      vertex -17.949991858022397 -1.2727922061357857 7.227207793864214
      vertex -12.728760934797435 -1.2727922061357857 7.227207793864214
    endloop
  endfacet
  facet normal 0 0.6190939493098352 0.7853169308807441
    outer loop
      vertex -12.741044784149153 -1.1690064869943306 7.131269261919944
      vertex -12.75418167529485 -1.0580134541264516 7.043769410125094
      vertex -17.954069610033333 -1.1690064869943306 7.131269261919944
    endloop
  endfacet
  facet normal 0 0.7343225094356861 0.678800745532941
    outer loop
      vertex -12.717405861255747 -1.3687307380800557 7.330993513005669
      vertex -12.728760934797435 -1.2727922061357857 7.227207793864214
      vertex -17.946222422836147 -1.3687307380800557 7.330993513005669
    endloop
  endfacet
  facet normal -8.501138955037624e-19 0.7853169308807442 0.6190939493098351
    outer loop
      vertex -12.717405861255747 -1.3687307380800557 7.330993513005669
      vertex -17.93930818558787 -1.4562305898749055 7.441986545873548
      vertex -12.707049571328415 -1.4562305898749055 7.441986545873548
    endloop
  endfacet
  facet normal -3.1045374971261644e-19 0.41865973753742747 0.9081431738250817
    outer loop
      vertex -12.772935788586164 -0.6888301782571616 6.837016841479684
      vertex -17.96789279643258 -0.8171828995311843 6.896188256460938
      vertex -12.767892796432582 -0.8171828995311843 6.896188256460938
    endloop
  endfacet
  facet normal -1.7955454422661137e-19 0.3461170570774958 0.9381913359224829
    outer loop
      vertex -12.778145640602876 -0.5562305898749054 6.788098270668724
      vertex -17.972935788586163 -0.6888301782571616 6.837016841479684
      vertex -12.772935788586164 -0.6888301782571616 6.837016841479684
    endloop
  endfacet
  facet normal 0 0.2714404498650755 0.962455236453647
    outer loop
      vertex -12.778145640602876 -0.5562305898749054 6.788098270668724
      vertex -12.783490232012584 -0.4202016549406297 6.749734143284182
      vertex -17.978145640602875 -0.5562305898749054 6.788098270668724
    endloop
  endfacet
  facet normal 6.651660393131486e-20 0.5555702330196018 0.8314696123025455
    outer loop
      vertex -12.760541871784039 -1.0042764253164154 7.007863475408974
      vertex -17.958430538171815 -1.0580134541264516 7.043769410125094
      vertex -12.75418167529485 -1.0580134541264516 7.043769410125094
    endloop
  endfacet
  facet normal -3.4947221792979245e-19 0.5555702330195992 0.8314696123025472
    outer loop
      vertex -12.760541871784039 -1.0042764253164154 7.007863475408974
      vertex -12.763047755865722 -0.9404974164887079 6.965247704162634
      vertex -17.96304775586572 -0.9404974164887079 6.965247704162634
    endloop
  endfacet
  facet normal 0 0.48862124149695163 0.872496007072799
    outer loop
      vertex -12.763047755865722 -0.9404974164887079 6.965247704162634
      vertex -12.767892796432582 -0.8171828995311843 6.896188256460938
      vertex -17.96304775586572 -0.9404974164887079 6.965247704162634
    endloop
  endfacet
  facet normal 0 0.9992290362407229 0.03925981575906976
    outer loop
      vertex -12.666361780362204 -1.8 8.5
      vertex -17.89927713829513 -1.7944512007196303 8.35877362768988
      vertex -17.89862039462166 -1.8 8.5
    endloop
  endfacet
  facet normal 0 0.9992290362407229 -0.03925981575906976
    outer loop
      vertex -12.667018524035678 -1.7944512007196303 8.64122637231012
      vertex -17.89862039462166 -1.8 8.5
      vertex -17.89927713829513 -1.7944512007196303 8.64122637231012
    endloop
  endfacet
  facet normal 0 0.9081431738250824 0.41865973753742586
    outer loop
      vertex -12.68958219071228 -1.6038117435390622 7.6828171004688155
      vertex -17.921840804971733 -1.6038117435390622 7.6828171004688155
      vertex -17.91483740649292 -1.662983158520316 7.811169821742839
    endloop
  endfacet
  facet normal 0 0.8724960070727968 0.4886212414969552
    outer loop
      vertex -12.697755914986658 -1.534752295837366 7.559502583511292
      vertex -17.93001452924611 -1.534752295837366 7.559502583511292
      vertex -17.921840804971733 -1.6038117435390622 7.6828171004688155
    endloop
  endfacet
  facet normal 0 0.9624552364536473 0.27144044986507454
    outer loop
      vertex -12.676788897830711 -1.7119017293312764 7.943769410125094
      vertex -17.909047512090165 -1.7119017293312764 7.943769410125094
      vertex -17.904506818387794 -1.7502658567158178 8.07979834505937
    endloop
  endfacet
  facet normal 0 0.9381913359224836 0.34611705707749424
    outer loop
      vertex -12.682578792233468 -1.662983158520316 7.811169821742839
      vertex -17.91483740649292 -1.662983158520316 7.811169821742839
      vertex -17.909047512090165 -1.7119017293312764 7.943769410125094
    endloop
  endfacet
  facet normal 0 0.9807852804032305 0.1950903220161278
    outer loop
      vertex -12.672248204128339 -1.7502658567158178 8.07979834505937
      vertex -17.904506818387794 -1.7502658567158178 8.07979834505937
      vertex -17.901243320272414 -1.777839013071248 8.218417962927585
    endloop
  endfacet
  facet normal 0 0.9930684569549264 0.11753739745783626
    outer loop
      vertex -12.668984706012958 -1.777839013071248 8.218417962927585
      vertex -17.901243320272414 -1.777839013071248 8.218417962927585
      vertex -17.89927713829513 -1.7944512007196303 8.35877362768988
    endloop
  endfacet
  facet normal 0 0.9930684569549264 -0.11753739745783626
    outer loop
      vertex -12.668984706012958 -1.777839013071248 8.781582037072415
      vertex -17.89927713829513 -1.7944512007196303 8.64122637231012
      vertex -17.901243320272414 -1.777839013071248 8.781582037072415
    endloop
  endfacet
  facet normal 0 0.9807852804032305 -0.1950903220161278
    outer loop
      vertex -12.672248204128339 -1.7502658567158178 8.92020165494063
      vertex -17.901243320272414 -1.777839013071248 8.781582037072415
      vertex -17.904506818387794 -1.7502658567158178 8.92020165494063
    endloop
  endfacet
  facet normal 0 0.9624552364536473 -0.27144044986507454
    outer loop
      vertex -12.676788897830711 -1.7119017293312764 9.056230589874906
      vertex -17.904506818387794 -1.7502658567158178 8.92020165494063
      vertex -17.909047512090165 -1.7119017293312764 9.056230589874906
    endloop
  endfacet
  facet normal 0 0.9381913359224836 -0.34611705707749424
    outer loop
      vertex -12.682578792233468 -1.662983158520316 9.188830178257161
      vertex -17.909047512090165 -1.7119017293312764 9.056230589874906
      vertex -17.91483740649292 -1.662983158520316 9.188830178257161
    endloop
  endfacet
  facet normal 0 0.9081431738250824 -0.41865973753742586
    outer loop
      vertex -12.68958219071228 -1.6038117435390622 9.317182899531185
      vertex -17.91483740649292 -1.662983158520316 9.188830178257161
      vertex -17.921840804971733 -1.6038117435390622 9.317182899531185
    endloop
  endfacet
  facet normal 0 0.8724960070727954 -0.4886212414969579
    outer loop
      vertex -12.697755914986658 -1.534752295837366 9.440497416488707
      vertex -17.921840804971733 -1.6038117435390622 9.317182899531185
      vertex -17.93001452924611 -1.534752295837366 9.440497416488707
    endloop
  endfacet
  facet normal 0 0.8314696123025457 -0.5555702330196014
    outer loop
      vertex -12.707049571328415 -1.4562305898749055 9.558013454126451
      vertex -17.93001452924611 -1.534752295837366 9.440497416488707
      vertex -17.93930818558787 -1.4562305898749055 9.558013454126451
    endloop
  endfacet
  facet normal 0 0.7853169308807465 -0.619093949309832
    outer loop
      vertex -12.717405861255747 -1.3687307380800557 9.66900648699433
      vertex -17.93930818558787 -1.4562305898749055 9.558013454126451
      vertex -17.946222422836147 -1.3687307380800557 9.66900648699433
    endloop
  endfacet
  facet normal 0 0.7343225094356891 -0.6788007455329379
    outer loop
      vertex -12.728760934797435 -1.2727922061357857 9.772792206135787
      vertex -17.946222422836147 -1.3687307380800557 9.66900648699433
      vertex -17.949991858022397 -1.2727922061357857 9.772792206135787
    endloop
  endfacet
  facet normal 0 0.678800745532935 -0.7343225094356917
    outer loop
      vertex -12.741044784149153 -1.1690064869943306 9.868730738080055
      vertex -17.949991858022397 -1.2727922061357857 9.772792206135787
      vertex -17.954069610033333 -1.1690064869943306 9.868730738080055
    endloop
  endfacet
  facet normal 0 0.6190939493098391 -0.7853169308807408
    outer loop
      vertex -12.75418167529485 -1.0580134541264516 9.956230589874906
      vertex -17.954069610033333 -1.1690064869943306 9.868730738080055
      vertex -17.958430538171815 -1.0580134541264516 9.956230589874906
    endloop
  endfacet
  facet normal 0 0.5555702330196004 -0.8314696123025463
    outer loop
      vertex -12.763047755865722 -0.9404974164887079 10.034752295837366
      vertex -17.958430538171815 -1.0580134541264516 9.956230589874906
      vertex -17.96304775586572 -0.9404974164887079 10.034752295837366
    endloop
  endfacet
  facet normal 2.1527336490362438e-19 0.9930684569549264 0.11753739745783623
    outer loop
      vertex -12.668984706012958 -1.777839013071248 8.218417962927585
      vertex -17.89927713829513 -1.7944512007196303 8.35877362768988
      vertex -12.667018524035678 -1.7944512007196303 8.35877362768988
    endloop
  endfacet
  facet normal 0 0.9992290362407229 0.03925981575906976
    outer loop
      vertex -12.667018524035678 -1.7944512007196303 8.35877362768988
      vertex -17.89927713829513 -1.7944512007196303 8.35877362768988
      vertex -12.666361780362204 -1.8 8.5
    endloop
  endfacet
  facet normal 0 0.9992290362407229 -0.03925981575906976
    outer loop
      vertex -12.666361780362204 -1.8 8.5
      vertex -17.89862039462166 -1.8 8.5
      vertex -12.667018524035678 -1.7944512007196303 8.64122637231012
    endloop
  endfacet
  facet normal 0 0.9930684569549264 -0.11753739745783626
    outer loop
      vertex -12.667018524035678 -1.7944512007196303 8.64122637231012
      vertex -17.89927713829513 -1.7944512007196303 8.64122637231012
      vertex -12.668984706012958 -1.777839013071248 8.781582037072415
    endloop
  endfacet
  facet normal 6.898531067153157e-20 0.8724960070727968 0.4886212414969552
    outer loop
      vertex -12.697755914986658 -1.534752295837366 7.559502583511292
      vertex -17.921840804971733 -1.6038117435390622 7.6828171004688155
      vertex -12.68958219071228 -1.6038117435390622 7.6828171004688155
    endloop
  endfacet
  facet normal -1.5571762458210475e-19 0.9081431738250824 0.4186597375374259
    outer loop
      vertex -12.68958219071228 -1.6038117435390622 7.6828171004688155
      vertex -17.91483740649292 -1.662983158520316 7.811169821742839
      vertex -12.682578792233468 -1.662983158520316 7.811169821742839
    endloop
  endfacet
  facet normal 5.481208494061506e-20 0.9381913359224836 0.34611705707749424
    outer loop
      vertex -12.682578792233468 -1.662983158520316 7.811169821742839
      vertex -17.909047512090165 -1.7119017293312764 7.943769410125094
      vertex -12.676788897830711 -1.7119017293312764 7.943769410125094
    endloop
  endfacet
  facet normal 2.3481728570042123e-19 0.9624552364536473 0.27144044986507454
    outer loop
      vertex -12.676788897830711 -1.7119017293312764 7.943769410125094
      vertex -17.904506818387794 -1.7502658567158178 8.07979834505937
      vertex -12.672248204128339 -1.7502658567158178 8.07979834505937
    endloop
  endfacet
  facet normal -4.211693855443007e-21 0.9807852804032305 0.19509032201612786
    outer loop
      vertex -12.672248204128339 -1.7502658567158178 8.07979834505937
      vertex -17.901243320272414 -1.777839013071248 8.218417962927585
      vertex -12.668984706012958 -1.777839013071248 8.218417962927585
    endloop
  endfacet
  facet normal 0 0.9807852804032305 -0.1950903220161278
    outer loop
      vertex -12.668984706012958 -1.777839013071248 8.781582037072415
      vertex -17.901243320272414 -1.777839013071248 8.781582037072415
      vertex -12.672248204128339 -1.7502658567158178 8.92020165494063
    endloop
  endfacet
  facet normal 0 0.9624552364536473 -0.27144044986507454
    outer loop
      vertex -12.672248204128339 -1.7502658567158178 8.92020165494063
      vertex -17.904506818387794 -1.7502658567158178 8.92020165494063
      vertex -12.676788897830711 -1.7119017293312764 9.056230589874906
    endloop
  endfacet
  facet normal 0 0.8724960070727954 -0.4886212414969579
    outer loop
      vertex -12.68958219071228 -1.6038117435390622 9.317182899531185
      vertex -17.921840804971733 -1.6038117435390622 9.317182899531185
      vertex -12.697755914986658 -1.534752295837366 9.440497416488707
    endloop
  endfacet
  facet normal 0 0.9381913359224836 -0.34611705707749424
    outer loop
      vertex -12.676788897830711 -1.7119017293312764 9.056230589874906
      vertex -17.909047512090165 -1.7119017293312764 9.056230589874906
      vertex -12.682578792233468 -1.662983158520316 9.188830178257161
    endloop
  endfacet
  facet normal 0 0.9081431738250824 -0.41865973753742586
    outer loop
      vertex -12.682578792233468 -1.662983158520316 9.188830178257161
      vertex -17.91483740649292 -1.662983158520316 9.188830178257161
      vertex -12.68958219071228 -1.6038117435390622 9.317182899531185
    endloop
  endfacet
  facet normal 0 0.8314696123025457 -0.5555702330196014
    outer loop
      vertex -12.697755914986658 -1.534752295837366 9.440497416488707
      vertex -17.93001452924611 -1.534752295837366 9.440497416488707
      vertex -12.707049571328415 -1.4562305898749055 9.558013454126451
    endloop
  endfacet
  facet normal 3.807766348467024e-19 0.7853169308807465 -0.6190939493098319
    outer loop
      vertex -12.717405861255747 -1.3687307380800557 9.66900648699433
      vertex -12.707049571328415 -1.4562305898749055 9.558013454126451
      vertex -17.93930818558787 -1.4562305898749055 9.558013454126451
    endloop
  endfacet
  facet normal 0 0.734322509435689 -0.6788007455329378
    outer loop
      vertex -12.717405861255747 -1.3687307380800557 9.66900648699433
      vertex -17.946222422836147 -1.3687307380800557 9.66900648699433
      vertex -12.728760934797435 -1.2727922061357857 9.772792206135787
    endloop
  endfacet
  facet normal 0 0.6788007455329349 -0.7343225094356917
    outer loop
      vertex -12.728760934797435 -1.2727922061357857 9.772792206135787
      vertex -17.949991858022397 -1.2727922061357857 9.772792206135787
      vertex -12.741044784149153 -1.1690064869943306 9.868730738080055
    endloop
  endfacet
  facet normal 0 0.6190939493098391 -0.785316930880741
    outer loop
      vertex -12.741044784149153 -1.1690064869943306 9.868730738080055
      vertex -17.954069610033333 -1.1690064869943306 9.868730738080055
      vertex -12.75418167529485 -1.0580134541264516 9.956230589874906
    endloop
  endfacet
  facet normal 0 0.5555702330195923 -0.8314696123025518
    outer loop
      vertex -12.75418167529485 -1.0580134541264516 9.956230589874906
      vertex -17.958430538171815 -1.0580134541264516 9.956230589874906
      vertex -12.760541871784039 -1.0042764253164154 9.992136524591025
    endloop
  endfacet
  facet normal -2.2155098945805287e-16 0.5555702330196073 -0.831469612302542
    outer loop
      vertex -12.760541871784039 -1.0042764253164154 9.992136524591025
      vertex -17.958430538171815 -1.0580134541264516 9.956230589874906
      vertex -12.763047755865722 -0.9404974164887079 10.034752295837366
    endloop
  endfacet
  facet normal 0 0.48862124149695163 -0.872496007072799
    outer loop
      vertex -12.767892796432582 -0.8171828995311843 10.103811743539062
      vertex -17.96304775586572 -0.9404974164887079 10.034752295837366
      vertex -17.96789279643258 -0.8171828995311843 10.103811743539062
    endloop
  endfacet
  facet normal 0 0.4186597375374274 -0.9081431738250817
    outer loop
      vertex -12.772935788586164 -0.6888301782571616 10.162983158520316
      vertex -17.96789279643258 -0.8171828995311843 10.103811743539062
      vertex -17.972935788586163 -0.6888301782571616 10.162983158520316
    endloop
  endfacet
  facet normal 0 0.34611705707750134 -0.9381913359224809
    outer loop
      vertex -12.778145640602876 -0.5562305898749054 10.211901729331277
      vertex -17.972935788586163 -0.6888301782571616 10.162983158520316
      vertex -17.978145640602875 -0.5562305898749054 10.211901729331277
    endloop
  endfacet
  facet normal 0 0.2714404498650638 -0.9624552364536503
    outer loop
      vertex -12.783490232012584 -0.4202016549406297 10.250265856715817
      vertex -17.978145640602875 -0.5562305898749054 10.211901729331277
      vertex -17.98349023201258 -0.4202016549406297 10.250265856715817
    endloop
  endfacet
  facet normal 0 0.48862124149695163 -0.872496007072799
    outer loop
      vertex -12.763047755865722 -0.9404974164887079 10.034752295837366
      vertex -17.96304775586572 -0.9404974164887079 10.034752295837366
      vertex -12.767892796432582 -0.8171828995311843 10.103811743539062
    endloop
  endfacet
  facet normal 0 0.41865973753742736 -0.9081431738250817
    outer loop
      vertex -12.767892796432582 -0.8171828995311843 10.103811743539062
      vertex -17.96789279643258 -0.8171828995311843 10.103811743539062
      vertex -12.772935788586164 -0.6888301782571616 10.162983158520316
    endloop
  endfacet
  facet normal -7.774882616548291e-20 0.3461170570775013 -0.938191335922481
    outer loop
      vertex -12.778145640602876 -0.5562305898749054 10.211901729331277
      vertex -12.772935788586164 -0.6888301782571616 10.162983158520316
      vertex -17.972935788586163 -0.6888301782571616 10.162983158520316
    endloop
  endfacet
  facet normal 0 0.2714404498650639 -0.9624552364536503
    outer loop
      vertex -12.778145640602876 -0.5562305898749054 10.211901729331277
      vertex -17.978145640602875 -0.5562305898749054 10.211901729331277
      vertex -12.783490232012584 -0.4202016549406297 10.250265856715817
    endloop
  endfacet
  facet normal -3.2880025178605e-15 -0.785316930880744 0.6190939493098352
    outer loop
      vertex -17.944512007196302 1.412263723101209 7.386214841249955
      vertex -17.946222422836147 1.3687307380800557 7.330993513005669
      vertex -17.93930818558787 1.4562305898749055 7.441986545873548
    endloop
  endfacet
  facet normal 0 0.1950903220161297 0.9807852804032302
    outer loop
      vertex -12.788936611631987 -0.2815820370724156 6.722160986928752
      vertex -17.98893661163199 -0.2815820370724156 6.722160986928752
      vertex -17.98349023201258 -0.4202016549406297 6.749734143284182
    endloop
  endfacet
  facet normal 0 0.1175373974578315 0.9930684569549271
    outer loop
      vertex -12.794451200719632 -0.1412263723101209 6.70554879928037
      vertex -17.99445120071963 -0.1412263723101209 6.70554879928037
      vertex -17.98893661163199 -0.2815820370724156 6.722160986928752
    endloop
  endfacet
  facet normal 0 0.03925981575907112 0.9992290362407229
    outer loop
      vertex -12.8 0 6.7
      vertex -18 0 6.7
      vertex -17.99445120071963 -0.1412263723101209 6.70554879928037
    endloop
  endfacet
  facet normal 0 -0.03925981575907112 0.9992290362407229
    outer loop
      vertex -12.8 0 6.7
      vertex -17.99445120071963 0.1412263723101209 6.70554879928037
      vertex -18 0 6.7
    endloop
  endfacet
  facet normal 0 -0.1175373974578315 0.9930684569549271
    outer loop
      vertex -12.794451200719632 0.1412263723101209 6.70554879928037
      vertex -17.98893661163199 0.2815820370724156 6.722160986928752
      vertex -17.99445120071963 0.1412263723101209 6.70554879928037
    endloop
  endfacet
  facet normal 0 -0.1950903220161297 0.9807852804032302
    outer loop
      vertex -12.788936611631987 0.2815820370724156 6.722160986928752
      vertex -17.98349023201258 0.4202016549406297 6.749734143284182
      vertex -17.98893661163199 0.2815820370724156 6.722160986928752
    endloop
  endfacet
  facet normal 0 -0.2714404498650755 0.962455236453647
    outer loop
      vertex -12.783490232012584 0.4202016549406297 6.749734143284182
      vertex -17.978145640602875 0.5562305898749054 6.788098270668724
      vertex -17.98349023201258 0.4202016549406297 6.749734143284182
    endloop
  endfacet
  facet normal 0 -0.3461170570774958 0.9381913359224832
    outer loop
      vertex -12.778145640602876 0.5562305898749054 6.788098270668724
      vertex -17.972935788586163 0.6888301782571616 6.837016841479684
      vertex -17.978145640602875 0.5562305898749054 6.788098270668724
    endloop
  endfacet
  facet normal 0 -0.4186597375374274 0.9081431738250817
    outer loop
      vertex -12.772935788586164 0.6888301782571616 6.837016841479684
      vertex -17.96789279643258 0.8171828995311843 6.896188256460938
      vertex -17.972935788586163 0.6888301782571616 6.837016841479684
    endloop
  endfacet
  facet normal 0 -0.48862124149695163 0.872496007072799
    outer loop
      vertex -12.767892796432582 0.8171828995311843 6.896188256460938
      vertex -17.96304775586572 0.9404974164887079 6.965247704162634
      vertex -17.96789279643258 0.8171828995311843 6.896188256460938
    endloop
  endfacet
  facet normal 0 -0.5555702330196004 0.8314696123025463
    outer loop
      vertex -12.763047755865722 0.9404974164887079 6.965247704162634
      vertex -17.958430538171815 1.0580134541264516 7.043769410125094
      vertex -17.96304775586572 0.9404974164887079 6.965247704162634
    endloop
  endfacet
  facet normal 0 -0.6190939493098352 0.785316930880744
    outer loop
      vertex -12.75418167529485 1.0580134541264516 7.043769410125094
      vertex -17.954069610033333 1.1690064869943306 7.131269261919944
      vertex -17.958430538171815 1.0580134541264516 7.043769410125094
    endloop
  endfacet
  facet normal 0 -0.6788007455329418 0.7343225094356853
    outer loop
      vertex -12.741044784149153 1.1690064869943306 7.131269261919944
      vertex -17.949991858022397 1.2727922061357857 7.227207793864214
      vertex -17.954069610033333 1.1690064869943306 7.131269261919944
    endloop
  endfacet
  facet normal 0 -0.7343225094356863 0.678800745532941
    outer loop
      vertex -12.728760934797435 1.2727922061357857 7.227207793864214
      vertex -17.946222422836147 1.3687307380800557 7.330993513005669
      vertex -17.949991858022397 1.2727922061357857 7.227207793864214
    endloop
  endfacet
  facet normal 0 -0.7853169308807442 0.619093949309835
    outer loop
      vertex -12.717405861255747 1.3687307380800557 7.330993513005669
      vertex -17.93930818558787 1.4562305898749055 7.441986545873548
      vertex -17.946222422836147 1.3687307380800557 7.330993513005669
    endloop
  endfacet
  facet normal 0 -0.8314696123025457 0.5555702330196014
    outer loop
      vertex -12.707049571328415 1.4562305898749055 7.441986545873548
      vertex -17.93001452924611 1.534752295837366 7.559502583511292
      vertex -17.93930818558787 1.4562305898749055 7.441986545873548
    endloop
  endfacet
  facet normal 0 0.19509032201612975 0.9807852804032302
    outer loop
      vertex -12.783490232012584 -0.4202016549406297 6.749734143284182
      vertex -12.788936611631987 -0.2815820370724156 6.722160986928752
      vertex -17.98349023201258 -0.4202016549406297 6.749734143284182
    endloop
  endfacet
  facet normal 0 0.1175373974578315 0.9930684569549271
    outer loop
      vertex -12.788936611631987 -0.2815820370724156 6.722160986928752
      vertex -12.794451200719632 -0.1412263723101209 6.70554879928037
      vertex -17.98893661163199 -0.2815820370724156 6.722160986928752
    endloop
  endfacet
  facet normal 0 0.03925981575907112 0.9992290362407229
    outer loop
      vertex -12.794451200719632 -0.1412263723101209 6.70554879928037
      vertex -12.8 0 6.7
      vertex -17.99445120071963 -0.1412263723101209 6.70554879928037
    endloop
  endfacet
  facet normal -3.9275932108877055e-20 -0.03925981575907113 0.9992290362407229
    outer loop
      vertex -12.8 0 6.7
      vertex -12.794451200719632 0.1412263723101209 6.70554879928037
      vertex -17.99445120071963 0.1412263723101209 6.70554879928037
    endloop
  endfacet
  facet normal 2.1391815352064608e-19 -0.1175373974578315 0.9930684569549271
    outer loop
      vertex -12.794451200719632 0.1412263723101209 6.70554879928037
      vertex -12.788936611631987 0.2815820370724156 6.722160986928752
      vertex -17.98893661163199 0.2815820370724156 6.722160986928752
    endloop
  endfacet
  facet normal -1.3390178123087635e-19 -0.19509032201612975 0.9807852804032302
    outer loop
      vertex -12.788936611631987 0.2815820370724156 6.722160986928752
      vertex -12.783490232012584 0.4202016549406297 6.749734143284182
      vertex -17.98349023201258 0.4202016549406297 6.749734143284182
    endloop
  endfacet
  facet normal -1.1834140911192252e-19 -0.2714404498650755 0.962455236453647
    outer loop
      vertex -12.783490232012584 0.4202016549406297 6.749734143284182
      vertex -12.778145640602876 0.5562305898749054 6.788098270668724
      vertex -17.978145640602875 0.5562305898749054 6.788098270668724
    endloop
  endfacet
  facet normal 1.7955454422661137e-19 -0.34611705707749574 0.9381913359224832
    outer loop
      vertex -12.778145640602876 0.5562305898749054 6.788098270668724
      vertex -12.772935788586164 0.6888301782571616 6.837016841479684
      vertex -17.972935788586163 0.6888301782571616 6.837016841479684
    endloop
  endfacet
  facet normal 3.1045374971261644e-19 -0.41865973753742736 0.9081431738250817
    outer loop
      vertex -12.772935788586164 0.6888301782571616 6.837016841479684
      vertex -12.767892796432582 0.8171828995311843 6.896188256460938
      vertex -17.96789279643258 0.8171828995311843 6.896188256460938
    endloop
  endfacet
  facet normal -9.020841019800659e-19 -0.48862124149695174 0.872496007072799
    outer loop
      vertex -12.767892796432582 0.8171828995311843 6.896188256460938
      vertex -12.763047755865722 0.9404974164887079 6.965247704162634
      vertex -17.96304775586572 0.9404974164887079 6.965247704162634
    endloop
  endfacet
  facet normal 4.011163044544181e-17 -0.5555702330195993 0.8314696123025472
    outer loop
      vertex -12.763047755865722 0.9404974164887079 6.965247704162634
      vertex -12.760541871784039 1.0042764253164154 7.007863475408974
      vertex -17.958430538171815 1.0580134541264516 7.043769410125094
    endloop
  endfacet
  facet normal -6.651660393131486e-20 -0.5555702330196018 0.8314696123025455
    outer loop
      vertex -12.760541871784039 1.0042764253164154 7.007863475408974
      vertex -12.75418167529485 1.0580134541264516 7.043769410125094
      vertex -17.958430538171815 1.0580134541264516 7.043769410125094
    endloop
  endfacet
  facet normal -5.427290491827066e-19 -0.6190939493098352 0.7853169308807438
    outer loop
      vertex -12.75418167529485 1.0580134541264516 7.043769410125094
      vertex -12.741044784149153 1.1690064869943306 7.131269261919944
      vertex -17.954069610033333 1.1690064869943306 7.131269261919944
    endloop
  endfacet
  facet normal -4.849747792739771e-19 -0.678800745532942 0.7343225094356854
    outer loop
      vertex -12.741044784149153 1.1690064869943306 7.131269261919944
      vertex -12.728760934797435 1.2727922061357857 7.227207793864214
      vertex -17.949991858022397 1.2727922061357857 7.227207793864214
    endloop
  endfacet
  facet normal -1.1522587064637858e-18 -0.7343225094356862 0.6788007455329409
    outer loop
      vertex -12.728760934797435 1.2727922061357857 7.227207793864214
      vertex -12.717405861255747 1.3687307380800557 7.330993513005669
      vertex -17.946222422836147 1.3687307380800557 7.330993513005669
    endloop
  endfacet
  facet normal 8.501138955037624e-19 -0.7853169308807442 0.6190939493098351
    outer loop
      vertex -12.717405861255747 1.3687307380800557 7.330993513005669
      vertex -12.707049571328415 1.4562305898749055 7.441986545873548
      vertex -17.93930818558787 1.4562305898749055 7.441986545873548
    endloop
  endfacet
  facet normal -7.480580843513545e-19 -0.8314696123025457 0.5555702330196015
    outer loop
      vertex -12.707049571328415 1.4562305898749055 7.441986545873548
      vertex -12.697755914986658 1.534752295837366 7.559502583511292
      vertex -17.93001452924611 1.534752295837366 7.559502583511292
    endloop
  endfacet
  facet normal 0 -0.8724960070727968 0.4886212414969552
    outer loop
      vertex -12.697755914986658 1.534752295837366 7.559502583511292
      vertex -17.921840804971733 1.6038117435390622 7.6828171004688155
      vertex -17.93001452924611 1.534752295837366 7.559502583511292
    endloop
  endfacet
  facet normal 0 -0.9081431738250824 0.41865973753742586
    outer loop
      vertex -12.68958219071228 1.6038117435390622 7.6828171004688155
      vertex -17.91483740649292 1.662983158520316 7.811169821742839
      vertex -17.921840804971733 1.6038117435390622 7.6828171004688155
    endloop
  endfacet
  facet normal 0 -0.9381913359224836 0.34611705707749424
    outer loop
      vertex -12.682578792233468 1.662983158520316 7.811169821742839
      vertex -17.909047512090165 1.7119017293312764 7.943769410125094
      vertex -17.91483740649292 1.662983158520316 7.811169821742839
    endloop
  endfacet
  facet normal 0 -0.9624552364536473 0.27144044986507454
    outer loop
      vertex -12.676788897830711 1.7119017293312764 7.943769410125094
      vertex -17.904506818387794 1.7502658567158178 8.07979834505937
      vertex -17.909047512090165 1.7119017293312764 7.943769410125094
    endloop
  endfacet
  facet normal 0 -0.9807852804032305 0.1950903220161278
    outer loop
      vertex -12.672248204128339 1.7502658567158178 8.07979834505937
      vertex -17.901243320272414 1.777839013071248 8.218417962927585
      vertex -17.904506818387794 1.7502658567158178 8.07979834505937
    endloop
  endfacet
  facet normal 0 -0.9930684569549264 0.11753739745783626
    outer loop
      vertex -12.668984706012958 1.777839013071248 8.218417962927585
      vertex -17.89927713829513 1.7944512007196303 8.35877362768988
      vertex -17.901243320272414 1.777839013071248 8.218417962927585
    endloop
  endfacet
  facet normal 0 -0.9992290362407229 0.03925981575906976
    outer loop
      vertex -12.667018524035678 1.7944512007196303 8.35877362768988
      vertex -17.89862039462166 1.8 8.5
      vertex -17.89927713829513 1.7944512007196303 8.35877362768988
    endloop
  endfacet
  facet normal 0 -0.9992290362407229 -0.03925981575906976
    outer loop
      vertex -12.666361780362204 1.8 8.5
      vertex -17.89927713829513 1.7944512007196303 8.64122637231012
      vertex -17.89862039462166 1.8 8.5
    endloop
  endfacet
  facet normal 0 -0.9930684569549264 -0.11753739745783626
    outer loop
      vertex -12.668984706012958 1.777839013071248 8.781582037072415
      vertex -17.901243320272414 1.777839013071248 8.781582037072415
      vertex -17.89927713829513 1.7944512007196303 8.64122637231012
    endloop
  endfacet
  facet normal 1.635663807588675e-16 -0.5555702330196005 -0.8314696123025463
    outer loop
      vertex -12.760541871784039 1.0042764253164154 9.992136524591027
      vertex -17.96304775586572 0.9404974164887079 10.034752295837366
      vertex -17.958430538171815 1.0580134541264516 9.956230589874906
    endloop
  endfacet
  facet normal 0 -0.678800745532935 -0.7343225094356917
    outer loop
      vertex -12.741044784149153 1.1690064869943306 9.868730738080055
      vertex -17.954069610033333 1.1690064869943306 9.868730738080055
      vertex -17.949991858022397 1.2727922061357857 9.772792206135787
    endloop
  endfacet
  facet normal 0 -0.6190939493098391 -0.7853169308807408
    outer loop
      vertex -12.75418167529485 1.0580134541264516 9.956230589874906
      vertex -17.958430538171815 1.0580134541264516 9.956230589874906
      vertex -17.954069610033333 1.1690064869943306 9.868730738080055
    endloop
  endfacet
  facet normal 0 -0.8314696123025457 -0.5555702330196014
    outer loop
      vertex -12.707049571328415 1.4562305898749055 9.558013454126451
      vertex -17.93930818558787 1.4562305898749055 9.558013454126451
      vertex -17.93001452924611 1.534752295837366 9.440497416488707
    endloop
  endfacet
  facet normal 1.039708568246667e-16 -0.7853169308807443 -0.619093949309835
    outer loop
      vertex -12.717405861255747 1.3687307380800557 9.66900648699433
      vertex -17.944512007196302 1.412263723101209 9.613785158750044
      vertex -17.93930818558787 1.4562305898749055 9.558013454126451
    endloop
  endfacet
  facet normal 0 -0.7853169308807488 -0.6190939493098289
    outer loop
      vertex -12.717405861255747 1.3687307380800557 9.66900648699433
      vertex -17.946222422836147 1.3687307380800557 9.66900648699433
      vertex -17.944512007196302 1.412263723101209 9.613785158750044
    endloop
  endfacet
  facet normal 0 -0.7343225094356891 -0.6788007455329379
    outer loop
      vertex -12.728760934797435 1.2727922061357857 9.772792206135787
      vertex -17.949991858022397 1.2727922061357857 9.772792206135787
      vertex -17.946222422836147 1.3687307380800557 9.66900648699433
    endloop
  endfacet
  facet normal 0 -0.9807852804032305 -0.1950903220161278
    outer loop
      vertex -12.672248204128339 1.7502658567158178 8.92020165494063
      vertex -17.904506818387794 1.7502658567158178 8.92020165494063
      vertex -17.901243320272414 1.777839013071248 8.781582037072415
    endloop
  endfacet
  facet normal 0 -0.9624552364536473 -0.27144044986507454
    outer loop
      vertex -12.676788897830711 1.7119017293312764 9.056230589874906
      vertex -17.909047512090165 1.7119017293312764 9.056230589874906
      vertex -17.904506818387794 1.7502658567158178 8.92020165494063
    endloop
  endfacet
  facet normal 0 -0.9381913359224836 -0.34611705707749424
    outer loop
      vertex -12.682578792233468 1.662983158520316 9.188830178257161
      vertex -17.91483740649292 1.662983158520316 9.188830178257161
      vertex -17.909047512090165 1.7119017293312764 9.056230589874906
    endloop
  endfacet
  facet normal 0 -0.8724960070727954 -0.4886212414969579
    outer loop
      vertex -12.697755914986658 1.534752295837366 9.440497416488707
      vertex -17.93001452924611 1.534752295837366 9.440497416488707
      vertex -17.921840804971733 1.6038117435390622 9.317182899531185
    endloop
  endfacet
  facet normal 0 -0.9081431738250824 -0.41865973753742586
    outer loop
      vertex -12.68958219071228 1.6038117435390622 9.317182899531185
      vertex -17.921840804971733 1.6038117435390622 9.317182899531185
      vertex -17.91483740649292 1.662983158520316 9.188830178257161
    endloop
  endfacet
  facet normal -6.898531067153157e-20 -0.8724960070727968 0.4886212414969552
    outer loop
      vertex -12.697755914986658 1.534752295837366 7.559502583511292
      vertex -12.68958219071228 1.6038117435390622 7.6828171004688155
      vertex -17.921840804971733 1.6038117435390622 7.6828171004688155
    endloop
  endfacet
  facet normal 1.5571762458210472e-19 -0.9081431738250824 0.41865973753742586
    outer loop
      vertex -12.68958219071228 1.6038117435390622 7.6828171004688155
      vertex -12.682578792233468 1.662983158520316 7.811169821742839
      vertex -17.91483740649292 1.662983158520316 7.811169821742839
    endloop
  endfacet
  facet normal -5.481208494061506e-20 -0.9381913359224836 0.34611705707749435
    outer loop
      vertex -12.682578792233468 1.662983158520316 7.811169821742839
      vertex -12.676788897830711 1.7119017293312764 7.943769410125094
      vertex -17.909047512090165 1.7119017293312764 7.943769410125094
    endloop
  endfacet
  facet normal -2.3481728570042123e-19 -0.9624552364536473 0.27144044986507454
    outer loop
      vertex -12.676788897830711 1.7119017293312764 7.943769410125094
      vertex -12.672248204128339 1.7502658567158178 8.07979834505937
      vertex -17.904506818387794 1.7502658567158178 8.07979834505937
    endloop
  endfacet
  facet normal 4.211693855443006e-21 -0.9807852804032305 0.1950903220161278
    outer loop
      vertex -12.672248204128339 1.7502658567158178 8.07979834505937
      vertex -12.668984706012958 1.777839013071248 8.218417962927585
      vertex -17.901243320272414 1.777839013071248 8.218417962927585
    endloop
  endfacet
  facet normal -2.152733649036244e-19 -0.9930684569549264 0.11753739745783626
    outer loop
      vertex -12.668984706012958 1.777839013071248 8.218417962927585
      vertex -12.667018524035678 1.7944512007196303 8.35877362768988
      vertex -17.89927713829513 1.7944512007196303 8.35877362768988
    endloop
  endfacet
  facet normal 2.1823339832755324e-20 -0.9992290362407229 0.03925981575906976
    outer loop
      vertex -12.667018524035678 1.7944512007196303 8.35877362768988
      vertex -12.666361780362204 1.8 8.5
      vertex -17.89862039462166 1.8 8.5
    endloop
  endfacet
  facet normal -2.182333983275534e-20 -0.9992290362407229 -0.03925981575906976
    outer loop
      vertex -12.666361780362204 1.8 8.5
      vertex -12.667018524035678 1.7944512007196303 8.64122637231012
      vertex -17.89927713829513 1.7944512007196303 8.64122637231012
    endloop
  endfacet
  facet normal 2.1527336490362438e-19 -0.9930684569549264 -0.11753739745783623
    outer loop
      vertex -12.668984706012958 1.777839013071248 8.781582037072415
      vertex -17.89927713829513 1.7944512007196303 8.64122637231012
      vertex -12.667018524035678 1.7944512007196303 8.64122637231012
    endloop
  endfacet
  facet normal 0 -0.5555702330195911 -0.8314696123025526
    outer loop
      vertex -12.763047755865722 0.9404974164887079 10.034752295837366
      vertex -17.96304775586572 0.9404974164887079 10.034752295837366
      vertex -12.760541871784039 1.0042764253164154 9.992136524591027
    endloop
  endfacet
  facet normal -2.3820564536632834e-21 -0.5555702330196114 -0.8314696123025391
    outer loop
      vertex -12.760541871784039 1.0042764253164154 9.992136524591027
      vertex -17.958430538171815 1.0580134541264516 9.956230589874906
      vertex -12.75418167529485 1.0580134541264516 9.956230589874906
    endloop
  endfacet
  facet normal 9.466755928818673e-19 -0.6190939493098391 -0.785316930880741
    outer loop
      vertex -12.75418167529485 1.0580134541264516 9.956230589874906
      vertex -17.954069610033333 1.1690064869943306 9.868730738080055
      vertex -12.741044784149153 1.1690064869943306 9.868730738080055
    endloop
  endfacet
  facet normal 0 -0.734322509435689 -0.6788007455329378
    outer loop
      vertex -12.717405861255747 1.3687307380800557 9.66900648699433
      vertex -12.728760934797435 1.2727922061357857 9.772792206135787
      vertex -17.946222422836147 1.3687307380800557 9.66900648699433
    endloop
  endfacet
  facet normal 7.480580843513548e-19 -0.8314696123025457 -0.5555702330196016
    outer loop
      vertex -12.707049571328415 1.4562305898749055 9.558013454126451
      vertex -17.93001452924611 1.534752295837366 9.440497416488707
      vertex -12.697755914986658 1.534752295837366 9.440497416488707
    endloop
  endfacet
  facet normal -3.807766348467024e-19 -0.7853169308807465 -0.6190939493098319
    outer loop
      vertex -12.717405861255747 1.3687307380800557 9.66900648699433
      vertex -17.93930818558787 1.4562305898749055 9.558013454126451
      vertex -12.707049571328415 1.4562305898749055 9.558013454126451
    endloop
  endfacet
  facet normal 1.135136980518795e-18 -0.6788007455329349 -0.7343225094356917
    outer loop
      vertex -12.741044784149153 1.1690064869943306 9.868730738080055
      vertex -17.949991858022397 1.2727922061357857 9.772792206135787
      vertex -12.728760934797435 1.2727922061357857 9.772792206135787
    endloop
  endfacet
  facet normal 0 -0.9807852804032305 -0.1950903220161278
    outer loop
      vertex -12.668984706012958 1.777839013071248 8.781582037072415
      vertex -12.672248204128339 1.7502658567158178 8.92020165494063
      vertex -17.901243320272414 1.777839013071248 8.781582037072415
    endloop
  endfacet
  facet normal 0 -0.9624552364536473 -0.27144044986507454
    outer loop
      vertex -12.672248204128339 1.7502658567158178 8.92020165494063
      vertex -12.676788897830711 1.7119017293312764 9.056230589874906
      vertex -17.904506818387794 1.7502658567158178 8.92020165494063
    endloop
  endfacet
  facet normal 9.098060213661891e-19 -0.8724960070727954 -0.4886212414969579
    outer loop
      vertex -12.697755914986658 1.534752295837366 9.440497416488707
      vertex -17.921840804971733 1.6038117435390622 9.317182899531185
      vertex -12.68958219071228 1.6038117435390622 9.317182899531185
    endloop
  endfacet
  facet normal 0 -0.9381913359224836 -0.34611705707749424
    outer loop
      vertex -12.676788897830711 1.7119017293312764 9.056230589874906
      vertex -12.682578792233468 1.662983158520316 9.188830178257161
      vertex -17.909047512090165 1.7119017293312764 9.056230589874906
    endloop
  endfacet
  facet normal 0 -0.9081431738250824 -0.41865973753742586
    outer loop
      vertex -12.682578792233468 1.662983158520316 9.188830178257161
      vertex -12.68958219071228 1.6038117435390622 9.317182899531185
      vertex -17.91483740649292 1.662983158520316 9.188830178257161
    endloop
  endfacet
  facet normal 0 0.1950903220161297 -0.9807852804032302
    outer loop
      vertex -12.788936611631987 -0.2815820370724156 10.277839013071247
      vertex -17.98349023201258 -0.4202016549406297 10.250265856715817
      vertex -17.98893661163199 -0.2815820370724156 10.277839013071247
    endloop
  endfacet
  facet normal 0 0.11753739745783769 -0.9930684569549263
    outer loop
      vertex -12.794451200719632 -0.1412263723101209 10.29445120071963
      vertex -17.98893661163199 -0.2815820370724156 10.277839013071247
      vertex -17.99445120071963 -0.1412263723101209 10.29445120071963
    endloop
  endfacet
  facet normal 0 0.039259815759077395 -0.9992290362407226
    outer loop
      vertex -12.8 0 10.3
      vertex -17.99445120071963 -0.1412263723101209 10.29445120071963
      vertex -18 0 10.3
    endloop
  endfacet
  facet normal 0 -0.039259815759077395 -0.9992290362407226
    outer loop
      vertex -12.8 0 10.3
      vertex -18 0 10.3
      vertex -17.99445120071963 0.1412263723101209 10.29445120071963
    endloop
  endfacet
  facet normal 0 -0.11753739745783769 -0.9930684569549263
    outer loop
      vertex -12.794451200719632 0.1412263723101209 10.29445120071963
      vertex -17.99445120071963 0.1412263723101209 10.29445120071963
      vertex -17.98893661163199 0.2815820370724156 10.277839013071247
    endloop
  endfacet
  facet normal 0 -0.1950903220161297 -0.9807852804032302
    outer loop
      vertex -12.788936611631987 0.2815820370724156 10.277839013071247
      vertex -17.98893661163199 0.2815820370724156 10.277839013071247
      vertex -17.98349023201258 0.4202016549406297 10.250265856715817
    endloop
  endfacet
  facet normal 0 -0.2714404498650638 -0.9624552364536503
    outer loop
      vertex -12.783490232012584 0.4202016549406297 10.250265856715817
      vertex -17.98349023201258 0.4202016549406297 10.250265856715817
      vertex -17.978145640602875 0.5562305898749054 10.211901729331277
    endloop
  endfacet
  facet normal 0 -0.34611705707750134 -0.9381913359224809
    outer loop
      vertex -12.778145640602876 0.5562305898749054 10.211901729331277
      vertex -17.978145640602875 0.5562305898749054 10.211901729331277
      vertex -17.972935788586163 0.6888301782571616 10.162983158520316
    endloop
  endfacet
  facet normal 0 -0.4186597375374274 -0.9081431738250817
    outer loop
      vertex -12.772935788586164 0.6888301782571616 10.162983158520316
      vertex -17.972935788586163 0.6888301782571616 10.162983158520316
      vertex -17.96789279643258 0.8171828995311843 10.103811743539062
    endloop
  endfacet
  facet normal 0 -0.48862124149695163 -0.872496007072799
    outer loop
      vertex -12.767892796432582 0.8171828995311843 10.103811743539062
      vertex -17.96789279643258 0.8171828995311843 10.103811743539062
      vertex -17.96304775586572 0.9404974164887079 10.034752295837366
    endloop
  endfacet
  facet normal 0 0.19509032201612975 -0.9807852804032302
    outer loop
      vertex -12.783490232012584 -0.4202016549406297 10.250265856715817
      vertex -17.98349023201258 -0.4202016549406297 10.250265856715817
      vertex -12.788936611631987 -0.2815820370724156 10.277839013071247
    endloop
  endfacet
  facet normal 0 0.11753739745783769 -0.9930684569549263
    outer loop
      vertex -12.788936611631987 -0.2815820370724156 10.277839013071247
      vertex -17.98893661163199 -0.2815820370724156 10.277839013071247
      vertex -12.794451200719632 -0.1412263723101209 10.29445120071963
    endloop
  endfacet
  facet normal 0 0.039259815759077395 -0.9992290362407226
    outer loop
      vertex -12.794451200719632 -0.1412263723101209 10.29445120071963
      vertex -17.99445120071963 -0.1412263723101209 10.29445120071963
      vertex -12.8 0 10.3
    endloop
  endfacet
  facet normal 5.0127345128185046e-20 -0.039259815759077395 -0.9992290362407226
    outer loop
      vertex -12.8 0 10.3
      vertex -17.99445120071963 0.1412263723101209 10.29445120071963
      vertex -12.794451200719632 0.1412263723101209 10.29445120071963
    endloop
  endfacet
  facet normal 1.1157307688438805e-19 -0.11753739745783769 -0.9930684569549263
    outer loop
      vertex -12.794451200719632 0.1412263723101209 10.29445120071963
      vertex -17.98893661163199 0.2815820370724156 10.277839013071247
      vertex -12.788936611631987 0.2815820370724156 10.277839013071247
    endloop
  endfacet
  facet normal 1.3390178123087635e-19 -0.19509032201612975 -0.9807852804032302
    outer loop
      vertex -12.788936611631987 0.2815820370724156 10.277839013071247
      vertex -17.98349023201258 0.4202016549406297 10.250265856715817
      vertex -12.783490232012584 0.4202016549406297 10.250265856715817
    endloop
  endfacet
  facet normal -3.687652183551754e-19 -0.2714404498650639 -0.9624552364536503
    outer loop
      vertex -12.783490232012584 0.4202016549406297 10.250265856715817
      vertex -17.978145640602875 0.5562305898749054 10.211901729331277
      vertex -12.778145640602876 0.5562305898749054 10.211901729331277
    endloop
  endfacet
  facet normal 7.774882616548292e-20 -0.34611705707750134 -0.9381913359224809
    outer loop
      vertex -12.778145640602876 0.5562305898749054 10.211901729331277
      vertex -17.972935788586163 0.6888301782571616 10.162983158520316
      vertex -12.772935788586164 0.6888301782571616 10.162983158520316
    endloop
  endfacet
  facet normal -3.1045374971261644e-19 -0.41865973753742747 -0.9081431738250817
    outer loop
      vertex -12.772935788586164 0.6888301782571616 10.162983158520316
      vertex -17.96789279643258 0.8171828995311843 10.103811743539062
      vertex -12.767892796432582 0.8171828995311843 10.103811743539062
    endloop
  endfacet
  facet normal 0 -0.48862124149695163 -0.872496007072799
    outer loop
      vertex -12.763047755865722 0.9404974164887079 10.034752295837366
      vertex -12.767892796432582 0.8171828995311843 10.103811743539062
      vertex -17.96304775586572 0.9404974164887079 10.034752295837366
    endloop
  endfacet
  facet normal 0.8314696123025398 0.5555702330196102 0
    outer loop
      vertex -8.852640164354092 -7.522498564715949 17.2
      vertex -8.852640164354092 -7.522498564715949 36.525999999999996
      vertex -8.809016994374947 -7.587785252292473 17.2
    endloop
  endfacet
  facet normal 0.8724960070727961 0.4886212414969566 1.0037757151281616e-19
    outer loop
      vertex -8.852640164354092 -7.522498564715949 17.2
      vertex -8.891006524188368 -7.453990499739547 17.2
      vertex -8.891006524188368 -7.453990499739547 36.525999999999996
    endloop
  endfacet
  facet normal 0.9381913359224808 0.3461170570775022 7.678297618392579e-20
    outer loop
      vertex -8.923879532511286 -7.38268343236509 17.2
      vertex -8.951056516295154 -7.3090169943749475 17.2
      vertex -8.951056516295154 -7.3090169943749475 36.525999999999996
    endloop
  endfacet
  facet normal 0.9081431738250867 0.4186597375374165 0
    outer loop
      vertex -8.923879532511286 -7.38268343236509 17.2
      vertex -8.923879532511286 -7.38268343236509 36.525999999999996
      vertex -8.891006524188368 -7.453990499739547 17.2
    endloop
  endfacet
  facet normal 0.9624552364536473 0.2714404498650743 2.5038347874908575e-20
    outer loop
      vertex -8.951056516295154 -7.3090169943749475 17.2
      vertex -8.972369920397677 -7.233445363855905 17.2
      vertex -8.972369920397677 -7.233445363855905 36.525999999999996
    endloop
  endfacet
  facet normal 0.9807852804032294 0.19509032201613363 0
    outer loop
      vertex -8.987688340595138 -7.156434465040231 17.2
      vertex -8.987688340595138 -7.156434465040231 36.525999999999996
      vertex -8.972369920397677 -7.233445363855905 17.2
    endloop
  endfacet
  facet normal 0.6190939493098369 0.7853169308807426 0
    outer loop
      vertex -8.649448048330184 -7.760405965600031 17.2
      vertex -8.649448048330184 -7.760405965600031 36.525999999999996
      vertex -8.587785252292473 -7.8090169943749475 17.2
    endloop
  endfacet
  facet normal 0.4886212414969566 0.8724960070727961 0
    outer loop
      vertex -8.52249856471595 -7.852640164354092 17.2
      vertex -8.52249856471595 -7.852640164354092 36.525999999999996
      vertex -8.453990499739547 -7.891006524188368 17.2
    endloop
  endfacet
  facet normal 0.5555702330196024 0.8314696123025451 0
    outer loop
      vertex -8.587785252292473 -7.8090169943749475 17.2
      vertex -8.587785252292473 -7.8090169943749475 36.525999999999996
      vertex -8.52249856471595 -7.852640164354092 17.2
    endloop
  endfacet
  facet normal 0.4186597375374258 0.9081431738250823 0
    outer loop
      vertex -8.453990499739547 -7.891006524188368 17.2
      vertex -8.453990499739547 -7.891006524188368 36.525999999999996
      vertex -8.38268343236509 -7.923879532511287 17.2
    endloop
  endfacet
  facet normal 0.3461170570774886 0.9381913359224857 0
    outer loop
      vertex -8.38268343236509 -7.923879532511287 17.2
      vertex -8.38268343236509 -7.923879532511287 36.525999999999996
      vertex -8.309016994374947 -7.951056516295154 17.2
    endloop
  endfacet
  facet normal 0.2714404498650773 0.9624552364536465 0
    outer loop
      vertex -8.309016994374947 -7.951056516295154 17.2
      vertex -8.309016994374947 -7.951056516295154 36.525999999999996
      vertex -8.233445363855905 -7.972369920397677 17.2
    endloop
  endfacet
  facet normal 0.19509032201613363 0.9807852804032294 0
    outer loop
      vertex -8.233445363855905 -7.972369920397677 17.2
      vertex -8.233445363855905 -7.972369920397677 36.525999999999996
      vertex -8.156434465040231 -7.987688340595138 17.2
    endloop
  endfacet
  facet normal 0.7853169308807482 0.61909394930983 0
    outer loop
      vertex -8.809016994374947 -7.587785252292473 17.2
      vertex -8.809016994374947 -7.587785252292473 36.525999999999996
      vertex -8.76040596560003 -7.649448048330184 17.2
    endloop
  endfacet
  facet normal 0.6788007455329357 0.734322509435691 0
    outer loop
      vertex -8.707106781186548 -7.707106781186548 17.2
      vertex -8.707106781186548 -7.707106781186548 36.525999999999996
      vertex -8.649448048330184 -7.760405965600031 17.2
    endloop
  endfacet
  facet normal 0.734322509435691 0.6788007455329357 0
    outer loop
      vertex -8.76040596560003 -7.649448048330184 17.2
      vertex -8.76040596560003 -7.649448048330184 36.525999999999996
      vertex -8.707106781186548 -7.707106781186548 17.2
    endloop
  endfacet
  facet normal 0.993068456954927 0.11753739745783212 -3.246562763558676e-20
    outer loop
      vertex -8.987688340595138 -7.156434465040231 17.2
      vertex -8.996917333733128 -7.078459095727845 17.2
      vertex -8.996917333733128 -7.078459095727845 36.525999999999996
    endloop
  endfacet
  facet normal 0.999229036240723 0.039259815759067423 -1.9417589680897558e-21
    outer loop
      vertex -8.996917333733128 -7.078459095727845 17.2
      vertex -9 -7 17.2
      vertex -9 -7 36.525999999999996
    endloop
  endfacet
  facet normal 0.11753739745783344 0.9930684569549267 0
    outer loop
      vertex -8.156434465040231 -7.987688340595138 17.2
      vertex -8.156434465040231 -7.987688340595138 36.525999999999996
      vertex -8.078459095727846 -7.996917333733128 17.2
    endloop
  endfacet
  facet normal 0.03925981575906698 0.999229036240723 0
    outer loop
      vertex -8.078459095727846 -7.996917333733128 17.2
      vertex -8.078459095727846 -7.996917333733128 36.525999999999996
      vertex -8 -8 17.2
    endloop
  endfacet
  facet normal 0.8724960070727961 0.4886212414969566 0
    outer loop
      vertex -8.852640164354092 -7.522498564715949 17.2
      vertex -8.891006524188368 -7.453990499739547 36.525999999999996
      vertex -8.852640164354092 -7.522498564715949 36.525999999999996
    endloop
  endfacet
  facet normal 0.9381913359224808 0.3461170570775022 0
    outer loop
      vertex -8.923879532511286 -7.38268343236509 17.2
      vertex -8.951056516295154 -7.3090169943749475 36.525999999999996
      vertex -8.923879532511286 -7.38268343236509 36.525999999999996
    endloop
  endfacet
  facet normal 0.9624552364536473 0.2714404498650743 0
    outer loop
      vertex -8.951056516295154 -7.3090169943749475 17.2
      vertex -8.972369920397677 -7.233445363855905 36.525999999999996
      vertex -8.951056516295154 -7.3090169943749475 36.525999999999996
    endloop
  endfacet
  facet normal 0.9081431738250867 0.4186597375374165 0
    outer loop
      vertex -8.891006524188368 -7.453990499739547 17.2
      vertex -8.923879532511286 -7.38268343236509 36.525999999999996
      vertex -8.891006524188368 -7.453990499739547 36.525999999999996
    endloop
  endfacet
  facet normal 0.9807852804032294 0.19509032201613363 0
    outer loop
      vertex -8.972369920397677 -7.233445363855905 17.2
      vertex -8.987688340595138 -7.156434465040231 36.525999999999996
      vertex -8.972369920397677 -7.233445363855905 36.525999999999996
    endloop
  endfacet
  facet normal 0.993068456954927 0.11753739745783212 0
    outer loop
      vertex -8.987688340595138 -7.156434465040231 17.2
      vertex -8.996917333733128 -7.078459095727845 36.525999999999996
      vertex -8.987688340595138 -7.156434465040231 36.525999999999996
    endloop
  endfacet
  facet normal 0.6190939493098369 0.7853169308807426 0
    outer loop
      vertex -8.587785252292473 -7.8090169943749475 17.2
      vertex -8.649448048330184 -7.760405965600031 36.525999999999996
      vertex -8.587785252292473 -7.8090169943749475 36.525999999999996
    endloop
  endfacet
  facet normal 0.5555702330196024 0.8314696123025451 0
    outer loop
      vertex -8.52249856471595 -7.852640164354092 17.2
      vertex -8.587785252292473 -7.8090169943749475 36.525999999999996
      vertex -8.52249856471595 -7.852640164354092 36.525999999999996
    endloop
  endfacet
  facet normal 0.3461170570774886 0.9381913359224857 0
    outer loop
      vertex -8.309016994374947 -7.951056516295154 17.2
      vertex -8.38268343236509 -7.923879532511287 36.525999999999996
      vertex -8.309016994374947 -7.951056516295154 36.525999999999996
    endloop
  endfacet
  facet normal 0.4886212414969566 0.8724960070727961 0
    outer loop
      vertex -8.453990499739547 -7.891006524188368 17.2
      vertex -8.52249856471595 -7.852640164354092 36.525999999999996
      vertex -8.453990499739547 -7.891006524188368 36.525999999999996
    endloop
  endfacet
  facet normal 0.4186597375374258 0.9081431738250823 0
    outer loop
      vertex -8.38268343236509 -7.923879532511287 17.2
      vertex -8.453990499739547 -7.891006524188368 36.525999999999996
      vertex -8.38268343236509 -7.923879532511287 36.525999999999996
    endloop
  endfacet
  facet normal 0.2714404498650773 0.9624552364536465 0
    outer loop
      vertex -8.233445363855905 -7.972369920397677 17.2
      vertex -8.309016994374947 -7.951056516295154 36.525999999999996
      vertex -8.233445363855905 -7.972369920397677 36.525999999999996
    endloop
  endfacet
  facet normal 0.19509032201613363 0.9807852804032294 0
    outer loop
      vertex -8.156434465040231 -7.987688340595138 17.2
      vertex -8.233445363855905 -7.972369920397677 36.525999999999996
      vertex -8.156434465040231 -7.987688340595138 36.525999999999996
    endloop
  endfacet
  facet normal 0.7853169308807482 0.61909394930983 0
    outer loop
      vertex -8.76040596560003 -7.649448048330184 17.2
      vertex -8.809016994374947 -7.587785252292473 36.525999999999996
      vertex -8.76040596560003 -7.649448048330184 36.525999999999996
    endloop
  endfacet
  facet normal 0.6788007455329357 0.734322509435691 0
    outer loop
      vertex -8.649448048330184 -7.760405965600031 17.2
      vertex -8.707106781186548 -7.707106781186548 36.525999999999996
      vertex -8.649448048330184 -7.760405965600031 36.525999999999996
    endloop
  endfacet
  facet normal 0.734322509435691 0.6788007455329357 0
    outer loop
      vertex -8.707106781186548 -7.707106781186548 17.2
      vertex -8.76040596560003 -7.649448048330184 36.525999999999996
      vertex -8.707106781186548 -7.707106781186548 36.525999999999996
    endloop
  endfacet
  facet normal 0.8314696123025398 0.5555702330196102 0
    outer loop
      vertex -8.809016994374947 -7.587785252292473 17.2
      vertex -8.852640164354092 -7.522498564715949 36.525999999999996
      vertex -8.809016994374947 -7.587785252292473 36.525999999999996
    endloop
  endfacet
  facet normal 0.999229036240723 0.039259815759067423 0
    outer loop
      vertex -8.996917333733128 -7.078459095727845 17.2
      vertex -9 -7 36.525999999999996
      vertex -8.996917333733128 -7.078459095727845 36.525999999999996
    endloop
  endfacet
  facet normal 0.11753739745783344 0.9930684569549267 0
    outer loop
      vertex -8.078459095727846 -7.996917333733128 17.2
      vertex -8.156434465040231 -7.987688340595138 36.525999999999996
      vertex -8.078459095727846 -7.996917333733128 36.525999999999996
    endloop
  endfacet
  facet normal 0.03925981575906698 0.999229036240723 0
    outer loop
      vertex -8 -8 17.2
      vertex -8.078459095727846 -7.996917333733128 36.525999999999996
      vertex -8 -8 36.525999999999996
    endloop
  endfacet
  facet normal 1 0 0
    outer loop
      vertex -9 -7 17.2
      vertex -9 7 36.525999999999996
      vertex -9 -7 36.525999999999996
    endloop
  endfacet
  facet normal 0 1 0
    outer loop
      vertex -8 -8 17.2
      vertex -8 -8 36.525999999999996
      vertex 8 -8 17.2
    endloop
  endfacet
  facet normal 1 0 0
    outer loop
      vertex -9 -7 17.2
      vertex -9 7 17.2
      vertex -9 7 36.525999999999996
    endloop
  endfacet
  facet normal 0.999229036240723 -0.039259815759067423 1.9417589680897558e-21
    outer loop
      vertex -9 7 17.2
      vertex -8.996917333733128 7.078459095727845 17.2
      vertex -8.996917333733128 7.078459095727845 36.525999999999996
    endloop
  endfacet
  facet normal 0.993068456954927 -0.11753739745783212 3.246562763558676e-20
    outer loop
      vertex -8.996917333733128 7.078459095727845 17.2
      vertex -8.987688340595138 7.156434465040231 17.2
      vertex -8.987688340595138 7.156434465040231 36.525999999999996
    endloop
  endfacet
  facet normal 0.9807852804032294 -0.19509032201613363 -9.802943600109054e-21
    outer loop
      vertex -8.987688340595138 7.156434465040231 17.2
      vertex -8.972369920397677 7.233445363855905 17.2
      vertex -8.972369920397677 7.233445363855905 36.525999999999996
    endloop
  endfacet
  facet normal 0.9624552364536473 -0.2714404498650743 -2.5038347874908575e-20
    outer loop
      vertex -8.972369920397677 7.233445363855905 17.2
      vertex -8.951056516295154 7.3090169943749475 17.2
      vertex -8.951056516295154 7.3090169943749475 36.525999999999996
    endloop
  endfacet
  facet normal 0.9381913359224808 -0.3461170570775022 -7.678297618392579e-20
    outer loop
      vertex -8.951056516295154 7.3090169943749475 17.2
      vertex -8.923879532511286 7.38268343236509 17.2
      vertex -8.923879532511286 7.38268343236509 36.525999999999996
    endloop
  endfacet
  facet normal 0.9081431738250867 -0.4186597375374165 1.0757393232811371e-19
    outer loop
      vertex -8.923879532511286 7.38268343236509 17.2
      vertex -8.891006524188368 7.453990499739547 17.2
      vertex -8.891006524188368 7.453990499739547 36.525999999999996
    endloop
  endfacet
  facet normal 0.8724960070727961 -0.4886212414969566 -1.0037757151281616e-19
    outer loop
      vertex -8.891006524188368 7.453990499739547 17.2
      vertex -8.852640164354092 7.522498564715949 17.2
      vertex -8.852640164354092 7.522498564715949 36.525999999999996
    endloop
  endfacet
  facet normal 0.8314696123025398 -0.5555702330196102 -7.965787609224991e-20
    outer loop
      vertex -8.852640164354092 7.522498564715949 17.2
      vertex -8.809016994374947 7.587785252292473 17.2
      vertex -8.809016994374947 7.587785252292473 36.525999999999996
    endloop
  endfacet
  facet normal 0.7853169308807482 -0.61909394930983 1.022097712591259e-19
    outer loop
      vertex -8.809016994374947 7.587785252292473 17.2
      vertex -8.76040596560003 7.649448048330184 17.2
      vertex -8.76040596560003 7.649448048330184 36.525999999999996
    endloop
  endfacet
  facet normal 0.734322509435691 -0.6788007455329357 -8.237222801039084e-20
    outer loop
      vertex -8.76040596560003 7.649448048330184 17.2
      vertex -8.707106781186548 7.707106781186548 17.2
      vertex -8.707106781186548 7.707106781186548 36.525999999999996
    endloop
  endfacet
  facet normal 0.6788007455329357 -0.734322509435691 -8.237222801039084e-20
    outer loop
      vertex -8.707106781186548 7.707106781186548 17.2
      vertex -8.649448048330184 7.760405965600031 17.2
      vertex -8.649448048330184 7.760405965600031 36.525999999999996
    endloop
  endfacet
  facet normal 0.6190939493098369 -0.7853169308807426 -1.0201538098124555e-19
    outer loop
      vertex -8.649448048330184 7.760405965600031 17.2
      vertex -8.587785252292473 7.8090169943749475 17.2
      vertex -8.587785252292473 7.8090169943749475 36.525999999999996
    endloop
  endfacet
  facet normal 0.5555702330196024 -0.8314696123025451 4.040261385240708e-21
    outer loop
      vertex -8.587785252292473 7.8090169943749475 17.2
      vertex -8.52249856471595 7.852640164354092 17.2
      vertex -8.52249856471595 7.852640164354092 36.525999999999996
    endloop
  endfacet
  facet normal 0.4886212414969566 -0.8724960070727961 -1.0037757151281616e-19
    outer loop
      vertex -8.52249856471595 7.852640164354092 17.2
      vertex -8.453990499739547 7.891006524188368 17.2
      vertex -8.453990499739547 7.891006524188368 36.525999999999996
    endloop
  endfacet
  facet normal 0.4186597375374258 -0.9081431738250823 1.181122208876332e-19
    outer loop
      vertex -8.453990499739547 7.891006524188368 17.2
      vertex -8.38268343236509 7.923879532511287 17.2
      vertex -8.38268343236509 7.923879532511287 36.525999999999996
    endloop
  endfacet
  facet normal 0.3461170570774886 -0.9381913359224857 -1.3691424153112768e-19
    outer loop
      vertex -8.38268343236509 7.923879532511287 17.2
      vertex -8.309016994374947 7.951056516295154 17.2
      vertex -8.309016994374947 7.951056516295154 36.525999999999996
    endloop
  endfacet
  facet normal 0.2714404498650773 -0.9624552364536465 -6.786473382367413e-20
    outer loop
      vertex -8.309016994374947 7.951056516295154 17.2
      vertex -8.233445363855905 7.972369920397677 17.2
      vertex -8.233445363855905 7.972369920397677 36.525999999999996
    endloop
  endfacet
  facet normal 0.19509032201613363 -0.9807852804032294 -9.802943600109054e-21
    outer loop
      vertex -8.233445363855905 7.972369920397677 17.2
      vertex -8.156434465040231 7.987688340595138 17.2
      vertex -8.156434465040231 7.987688340595138 36.525999999999996
    endloop
  endfacet
  facet normal 0.11753739745783344 -0.9930684569549267 -1.0682658576191196e-20
    outer loop
      vertex -8.156434465040231 7.987688340595138 17.2
      vertex -8.078459095727846 7.996917333733128 17.2
      vertex -8.078459095727846 7.996917333733128 36.525999999999996
    endloop
  endfacet
  facet normal 0.03925981575906698 -0.999229036240723 2.170539606964288e-21
    outer loop
      vertex -8.078459095727846 7.996917333733128 17.2
      vertex -8 8 17.2
      vertex -8 8 36.525999999999996
    endloop
  endfacet
  facet normal 0.999229036240723 -0.039259815759067423 0
    outer loop
      vertex -9 7 17.2
      vertex -8.996917333733128 7.078459095727845 36.525999999999996
      vertex -9 7 36.525999999999996
    endloop
  endfacet
  facet normal 0.993068456954927 -0.11753739745783212 0
    outer loop
      vertex -8.996917333733128 7.078459095727845 17.2
      vertex -8.987688340595138 7.156434465040231 36.525999999999996
      vertex -8.996917333733128 7.078459095727845 36.525999999999996
    endloop
  endfacet
  facet normal 0.9807852804032294 -0.19509032201613363 0
    outer loop
      vertex -8.987688340595138 7.156434465040231 17.2
      vertex -8.972369920397677 7.233445363855905 36.525999999999996
      vertex -8.987688340595138 7.156434465040231 36.525999999999996
    endloop
  endfacet
  facet normal 0.9624552364536473 -0.2714404498650743 0
    outer loop
      vertex -8.972369920397677 7.233445363855905 17.2
      vertex -8.951056516295154 7.3090169943749475 36.525999999999996
      vertex -8.972369920397677 7.233445363855905 36.525999999999996
    endloop
  endfacet
  facet normal 0.9381913359224808 -0.3461170570775022 0
    outer loop
      vertex -8.951056516295154 7.3090169943749475 17.2
      vertex -8.923879532511286 7.38268343236509 36.525999999999996
      vertex -8.951056516295154 7.3090169943749475 36.525999999999996
    endloop
  endfacet
  facet normal 0.9081431738250867 -0.4186597375374165 0
    outer loop
      vertex -8.923879532511286 7.38268343236509 17.2
      vertex -8.891006524188368 7.453990499739547 36.525999999999996
      vertex -8.923879532511286 7.38268343236509 36.525999999999996
    endloop
  endfacet
  facet normal 0.8724960070727961 -0.4886212414969566 0
    outer loop
      vertex -8.891006524188368 7.453990499739547 17.2
      vertex -8.852640164354092 7.522498564715949 36.525999999999996
      vertex -8.891006524188368 7.453990499739547 36.525999999999996
    endloop
  endfacet
  facet normal 0.8314696123025398 -0.5555702330196102 0
    outer loop
      vertex -8.852640164354092 7.522498564715949 17.2
      vertex -8.809016994374947 7.587785252292473 36.525999999999996
      vertex -8.852640164354092 7.522498564715949 36.525999999999996
    endloop
  endfacet
  facet normal 0.7853169308807482 -0.61909394930983 0
    outer loop
      vertex -8.809016994374947 7.587785252292473 17.2
      vertex -8.76040596560003 7.649448048330184 36.525999999999996
      vertex -8.809016994374947 7.587785252292473 36.525999999999996
    endloop
  endfacet
  facet normal 0.734322509435691 -0.6788007455329357 0
    outer loop
      vertex -8.76040596560003 7.649448048330184 17.2
      vertex -8.707106781186548 7.707106781186548 36.525999999999996
      vertex -8.76040596560003 7.649448048330184 36.525999999999996
    endloop
  endfacet
  facet normal 0.6788007455329357 -0.734322509435691 0
    outer loop
      vertex -8.707106781186548 7.707106781186548 17.2
      vertex -8.649448048330184 7.760405965600031 36.525999999999996
      vertex -8.707106781186548 7.707106781186548 36.525999999999996
    endloop
  endfacet
  facet normal 0.6190939493098369 -0.7853169308807426 0
    outer loop
      vertex -8.649448048330184 7.760405965600031 17.2
      vertex -8.587785252292473 7.8090169943749475 36.525999999999996
      vertex -8.649448048330184 7.760405965600031 36.525999999999996
    endloop
  endfacet
  facet normal 0.5555702330196024 -0.8314696123025451 0
    outer loop
      vertex -8.587785252292473 7.8090169943749475 17.2
      vertex -8.52249856471595 7.852640164354092 36.525999999999996
      vertex -8.587785252292473 7.8090169943749475 36.525999999999996
    endloop
  endfacet
  facet normal 0.4886212414969566 -0.8724960070727961 0
    outer loop
      vertex -8.52249856471595 7.852640164354092 17.2
      vertex -8.453990499739547 7.891006524188368 36.525999999999996
      vertex -8.52249856471595 7.852640164354092 36.525999999999996
    endloop
  endfacet
  facet normal 0.4186597375374258 -0.9081431738250823 0
    outer loop
      vertex -8.453990499739547 7.891006524188368 17.2
      vertex -8.38268343236509 7.923879532511287 36.525999999999996
      vertex -8.453990499739547 7.891006524188368 36.525999999999996
    endloop
  endfacet
  facet normal 0.3461170570774886 -0.9381913359224857 0
    outer loop
      vertex -8.38268343236509 7.923879532511287 17.2
      vertex -8.309016994374947 7.951056516295154 36.525999999999996
      vertex -8.38268343236509 7.923879532511287 36.525999999999996
    endloop
  endfacet
  facet normal 0.2714404498650773 -0.9624552364536465 0
    outer loop
      vertex -8.309016994374947 7.951056516295154 17.2
      vertex -8.233445363855905 7.972369920397677 36.525999999999996
      vertex -8.309016994374947 7.951056516295154 36.525999999999996
    endloop
  endfacet
  facet normal 0.19509032201613363 -0.9807852804032294 0
    outer loop
      vertex -8.233445363855905 7.972369920397677 17.2
      vertex -8.156434465040231 7.987688340595138 36.525999999999996
      vertex -8.233445363855905 7.972369920397677 36.525999999999996
    endloop
  endfacet
  facet normal 0.11753739745783344 -0.9930684569549267 0
    outer loop
      vertex -8.156434465040231 7.987688340595138 17.2
      vertex -8.078459095727846 7.996917333733128 36.525999999999996
      vertex -8.156434465040231 7.987688340595138 36.525999999999996
    endloop
  endfacet
  facet normal 0.03925981575906698 -0.999229036240723 0
    outer loop
      vertex -8.078459095727846 7.996917333733128 17.2
      vertex -8 8 36.525999999999996
      vertex -8.078459095727846 7.996917333733128 36.525999999999996
    endloop
  endfacet
  facet normal 0 -1 0
    outer loop
      vertex -8 8 17.2
      vertex 8 8 17.2
      vertex -8 8 36.525999999999996
    endloop
  endfacet
  facet normal 0 1 0
    outer loop
      vertex -8 -8 36.525999999999996
      vertex 8 -8 36.525999999999996
      vertex 8 -8 17.2
    endloop
  endfacet
  facet normal -0.03925981575906698 0.999229036240723 0
    outer loop
      vertex 8 -8 17.2
      vertex 8 -8 36.525999999999996
      vertex 8.078459095727846 -7.996917333733128 17.2
    endloop
  endfacet
  facet normal -0.11753739745783344 0.9930684569549267 0
    outer loop
      vertex 8.078459095727846 -7.996917333733128 17.2
      vertex 8.078459095727846 -7.996917333733128 36.525999999999996
      vertex 8.156434465040231 -7.987688340595138 17.2
    endloop
  endfacet
  facet normal -0.19509032201613363 0.9807852804032294 0
    outer loop
      vertex 8.156434465040231 -7.987688340595138 17.2
      vertex 8.156434465040231 -7.987688340595138 36.525999999999996
      vertex 8.233445363855905 -7.972369920397677 17.2
    endloop
  endfacet
  facet normal -0.2714404498650773 0.9624552364536465 0
    outer loop
      vertex 8.233445363855905 -7.972369920397677 17.2
      vertex 8.233445363855905 -7.972369920397677 36.525999999999996
      vertex 8.309016994374947 -7.951056516295154 17.2
    endloop
  endfacet
  facet normal -0.3461170570774886 0.9381913359224857 0
    outer loop
      vertex 8.309016994374947 -7.951056516295154 17.2
      vertex 8.309016994374947 -7.951056516295154 36.525999999999996
      vertex 8.38268343236509 -7.923879532511287 17.2
    endloop
  endfacet
  facet normal -0.4186597375374258 0.9081431738250823 0
    outer loop
      vertex 8.38268343236509 -7.923879532511287 17.2
      vertex 8.38268343236509 -7.923879532511287 36.525999999999996
      vertex 8.453990499739547 -7.891006524188368 17.2
    endloop
  endfacet
  facet normal -0.4886212414969566 0.8724960070727961 0
    outer loop
      vertex 8.453990499739547 -7.891006524188368 17.2
      vertex 8.453990499739547 -7.891006524188368 36.525999999999996
      vertex 8.52249856471595 -7.852640164354092 17.2
    endloop
  endfacet
  facet normal -0.5555702330196024 0.8314696123025451 0
    outer loop
      vertex 8.52249856471595 -7.852640164354092 17.2
      vertex 8.52249856471595 -7.852640164354092 36.525999999999996
      vertex 8.587785252292473 -7.8090169943749475 17.2
    endloop
  endfacet
  facet normal -0.6190939493098369 0.7853169308807426 0
    outer loop
      vertex 8.587785252292473 -7.8090169943749475 17.2
      vertex 8.587785252292473 -7.8090169943749475 36.525999999999996
      vertex 8.649448048330184 -7.760405965600031 17.2
    endloop
  endfacet
  facet normal -0.6788007455329357 0.734322509435691 0
    outer loop
      vertex 8.649448048330184 -7.760405965600031 17.2
      vertex 8.649448048330184 -7.760405965600031 36.525999999999996
      vertex 8.707106781186548 -7.707106781186548 17.2
    endloop
  endfacet
  facet normal -0.734322509435691 0.6788007455329357 0
    outer loop
      vertex 8.707106781186548 -7.707106781186548 17.2
      vertex 8.707106781186548 -7.707106781186548 36.525999999999996
      vertex 8.76040596560003 -7.649448048330184 17.2
    endloop
  endfacet
  facet normal -0.7853169308807482 0.61909394930983 0
    outer loop
      vertex 8.76040596560003 -7.649448048330184 17.2
      vertex 8.76040596560003 -7.649448048330184 36.525999999999996
      vertex 8.809016994374947 -7.587785252292473 17.2
    endloop
  endfacet
  facet normal -0.8314696123025398 0.5555702330196102 0
    outer loop
      vertex 8.809016994374947 -7.587785252292473 17.2
      vertex 8.809016994374947 -7.587785252292473 36.525999999999996
      vertex 8.852640164354092 -7.522498564715949 17.2
    endloop
  endfacet
  facet normal -0.8724960070727961 0.4886212414969566 0
    outer loop
      vertex 8.852640164354092 -7.522498564715949 17.2
      vertex 8.852640164354092 -7.522498564715949 36.525999999999996
      vertex 8.891006524188368 -7.453990499739547 17.2
    endloop
  endfacet
  facet normal -0.9081431738250867 0.4186597375374165 0
    outer loop
      vertex 8.891006524188368 -7.453990499739547 17.2
      vertex 8.891006524188368 -7.453990499739547 36.525999999999996
      vertex 8.923879532511286 -7.38268343236509 17.2
    endloop
  endfacet
  facet normal -0.9381913359224808 0.3461170570775022 0
    outer loop
      vertex 8.923879532511286 -7.38268343236509 17.2
      vertex 8.923879532511286 -7.38268343236509 36.525999999999996
      vertex 8.951056516295154 -7.3090169943749475 17.2
    endloop
  endfacet
  facet normal -0.9624552364536473 0.2714404498650743 0
    outer loop
      vertex 8.951056516295154 -7.3090169943749475 17.2
      vertex 8.951056516295154 -7.3090169943749475 36.525999999999996
      vertex 8.972369920397677 -7.233445363855905 17.2
    endloop
  endfacet
  facet normal -0.9807852804032294 0.19509032201613363 0
    outer loop
      vertex 8.972369920397677 -7.233445363855905 17.2
      vertex 8.972369920397677 -7.233445363855905 36.525999999999996
      vertex 8.987688340595138 -7.156434465040231 17.2
    endloop
  endfacet
  facet normal -0.993068456954927 0.11753739745783212 0
    outer loop
      vertex 8.987688340595138 -7.156434465040231 17.2
      vertex 8.987688340595138 -7.156434465040231 36.525999999999996
      vertex 8.996917333733128 -7.078459095727845 17.2
    endloop
  endfacet
  facet normal -0.999229036240723 0.039259815759067423 0
    outer loop
      vertex 8.996917333733128 -7.078459095727845 17.2
      vertex 8.996917333733128 -7.078459095727845 36.525999999999996
      vertex 9 -7 17.2
    endloop
  endfacet
  facet normal -0.03925981575906698 0.999229036240723 0
    outer loop
      vertex 8.078459095727846 -7.996917333733128 17.2
      vertex 8 -8 36.525999999999996
      vertex 8.078459095727846 -7.996917333733128 36.525999999999996
    endloop
  endfacet
  facet normal -0.11753739745783344 0.9930684569549267 0
    outer loop
      vertex 8.156434465040231 -7.987688340595138 17.2
      vertex 8.078459095727846 -7.996917333733128 36.525999999999996
      vertex 8.156434465040231 -7.987688340595138 36.525999999999996
    endloop
  endfacet
  facet normal -0.19509032201613363 0.9807852804032294 0
    outer loop
      vertex 8.233445363855905 -7.972369920397677 17.2
      vertex 8.156434465040231 -7.987688340595138 36.525999999999996
      vertex 8.233445363855905 -7.972369920397677 36.525999999999996
    endloop
  endfacet
  facet normal -0.2714404498650773 0.9624552364536465 0
    outer loop
      vertex 8.309016994374947 -7.951056516295154 17.2
      vertex 8.233445363855905 -7.972369920397677 36.525999999999996
      vertex 8.309016994374947 -7.951056516295154 36.525999999999996
    endloop
  endfacet
  facet normal -0.3461170570774886 0.9381913359224857 0
    outer loop
      vertex 8.38268343236509 -7.923879532511287 17.2
      vertex 8.309016994374947 -7.951056516295154 36.525999999999996
      vertex 8.38268343236509 -7.923879532511287 36.525999999999996
    endloop
  endfacet
  facet normal -0.4186597375374258 0.9081431738250823 0
    outer loop
      vertex 8.453990499739547 -7.891006524188368 17.2
      vertex 8.38268343236509 -7.923879532511287 36.525999999999996
      vertex 8.453990499739547 -7.891006524188368 36.525999999999996
    endloop
  endfacet
  facet normal -0.4886212414969566 0.8724960070727961 0
    outer loop
      vertex 8.52249856471595 -7.852640164354092 17.2
      vertex 8.453990499739547 -7.891006524188368 36.525999999999996
      vertex 8.52249856471595 -7.852640164354092 36.525999999999996
    endloop
  endfacet
  facet normal -0.5555702330196024 0.8314696123025451 0
    outer loop
      vertex 8.587785252292473 -7.8090169943749475 17.2
      vertex 8.52249856471595 -7.852640164354092 36.525999999999996
      vertex 8.587785252292473 -7.8090169943749475 36.525999999999996
    endloop
  endfacet
  facet normal -0.6190939493098369 0.7853169308807426 0
    outer loop
      vertex 8.649448048330184 -7.760405965600031 17.2
      vertex 8.587785252292473 -7.8090169943749475 36.525999999999996
      vertex 8.649448048330184 -7.760405965600031 36.525999999999996
    endloop
  endfacet
  facet normal -0.6788007455329357 0.734322509435691 0
    outer loop
      vertex 8.707106781186548 -7.707106781186548 17.2
      vertex 8.649448048330184 -7.760405965600031 36.525999999999996
      vertex 8.707106781186548 -7.707106781186548 36.525999999999996
    endloop
  endfacet
  facet normal -0.734322509435691 0.6788007455329357 0
    outer loop
      vertex 8.76040596560003 -7.649448048330184 17.2
      vertex 8.707106781186548 -7.707106781186548 36.525999999999996
      vertex 8.76040596560003 -7.649448048330184 36.525999999999996
    endloop
  endfacet
  facet normal -0.7853169308807482 0.61909394930983 0
    outer loop
      vertex 8.809016994374947 -7.587785252292473 17.2
      vertex 8.76040596560003 -7.649448048330184 36.525999999999996
      vertex 8.809016994374947 -7.587785252292473 36.525999999999996
    endloop
  endfacet
  facet normal -0.8314696123025398 0.5555702330196102 0
    outer loop
      vertex 8.852640164354092 -7.522498564715949 17.2
      vertex 8.809016994374947 -7.587785252292473 36.525999999999996
      vertex 8.852640164354092 -7.522498564715949 36.525999999999996
    endloop
  endfacet
  facet normal -0.8724960070727961 0.4886212414969566 0
    outer loop
      vertex 8.891006524188368 -7.453990499739547 17.2
      vertex 8.852640164354092 -7.522498564715949 36.525999999999996
      vertex 8.891006524188368 -7.453990499739547 36.525999999999996
    endloop
  endfacet
  facet normal -0.9081431738250867 0.4186597375374165 0
    outer loop
      vertex 8.923879532511286 -7.38268343236509 17.2
      vertex 8.891006524188368 -7.453990499739547 36.525999999999996
      vertex 8.923879532511286 -7.38268343236509 36.525999999999996
    endloop
  endfacet
  facet normal -0.9381913359224808 0.3461170570775022 0
    outer loop
      vertex 8.951056516295154 -7.3090169943749475 17.2
      vertex 8.923879532511286 -7.38268343236509 36.525999999999996
      vertex 8.951056516295154 -7.3090169943749475 36.525999999999996
    endloop
  endfacet
  facet normal -0.9624552364536473 0.2714404498650743 0
    outer loop
      vertex 8.972369920397677 -7.233445363855905 17.2
      vertex 8.951056516295154 -7.3090169943749475 36.525999999999996
      vertex 8.972369920397677 -7.233445363855905 36.525999999999996
    endloop
  endfacet
  facet normal -0.9807852804032294 0.19509032201613363 0
    outer loop
      vertex 8.987688340595138 -7.156434465040231 17.2
      vertex 8.972369920397677 -7.233445363855905 36.525999999999996
      vertex 8.987688340595138 -7.156434465040231 36.525999999999996
    endloop
  endfacet
  facet normal -0.993068456954927 0.11753739745783212 0
    outer loop
      vertex 8.996917333733128 -7.078459095727845 17.2
      vertex 8.987688340595138 -7.156434465040231 36.525999999999996
      vertex 8.996917333733128 -7.078459095727845 36.525999999999996
    endloop
  endfacet
  facet normal -0.999229036240723 0.039259815759067423 0
    outer loop
      vertex 9 -7 17.2
      vertex 8.996917333733128 -7.078459095727845 36.525999999999996
      vertex 9 -7 36.525999999999996
    endloop
  endfacet
  facet normal -1 0 0
    outer loop
      vertex 9 -7 17.2
      vertex 9 -7 36.525999999999996
      vertex 9 7 17.2
    endloop
  endfacet
  facet normal 0 -1 0
    outer loop
      vertex -8 8 36.525999999999996
      vertex 8 8 17.2
      vertex 8 8 36.525999999999996
    endloop
  endfacet
  facet normal -1 0 0
    outer loop
      vertex 9 -7 36.525999999999996
      vertex 9 7 36.525999999999996
      vertex 9 7 17.2
    endloop
  endfacet
  facet normal -0.03925981575906698 -0.999229036240723 -2.170539606964288e-21
    outer loop
      vertex 8 8 17.2
      vertex 8.078459095727846 7.996917333733128 17.2
      vertex 8.078459095727846 7.996917333733128 36.525999999999996
    endloop
  endfacet
  facet normal -0.11753739745783344 -0.9930684569549267 1.0682658576191196e-20
    outer loop
      vertex 8.078459095727846 7.996917333733128 17.2
      vertex 8.156434465040231 7.987688340595138 17.2
      vertex 8.156434465040231 7.987688340595138 36.525999999999996
    endloop
  endfacet
  facet normal -0.999229036240723 -0.039259815759067423 0
    outer loop
      vertex 9 7 17.2
      vertex 9 7 36.525999999999996
      vertex 8.996917333733128 7.078459095727845 17.2
    endloop
  endfacet
  facet normal -0.993068456954927 -0.11753739745783212 0
    outer loop
      vertex 8.996917333733128 7.078459095727845 17.2
      vertex 8.996917333733128 7.078459095727845 36.525999999999996
      vertex 8.987688340595138 7.156434465040231 17.2
    endloop
  endfacet
  facet normal -0.9807852804032294 -0.19509032201613363 0
    outer loop
      vertex 8.987688340595138 7.156434465040231 17.2
      vertex 8.987688340595138 7.156434465040231 36.525999999999996
      vertex 8.972369920397677 7.233445363855905 17.2
    endloop
  endfacet
  facet normal -0.9624552364536473 -0.2714404498650743 0
    outer loop
      vertex 8.972369920397677 7.233445363855905 17.2
      vertex 8.972369920397677 7.233445363855905 36.525999999999996
      vertex 8.951056516295154 7.3090169943749475 17.2
    endloop
  endfacet
  facet normal -0.9381913359224808 -0.3461170570775022 0
    outer loop
      vertex 8.951056516295154 7.3090169943749475 17.2
      vertex 8.951056516295154 7.3090169943749475 36.525999999999996
      vertex 8.923879532511286 7.38268343236509 17.2
    endloop
  endfacet
  facet normal -0.9081431738250867 -0.4186597375374165 -1.0757393232811371e-19
    outer loop
      vertex 8.891006524188368 7.453990499739547 17.2
      vertex 8.923879532511286 7.38268343236509 17.2
      vertex 8.923879532511286 7.38268343236509 36.525999999999996
    endloop
  endfacet
  facet normal -0.8724960070727961 -0.4886212414969566 0
    outer loop
      vertex 8.891006524188368 7.453990499739547 17.2
      vertex 8.891006524188368 7.453990499739547 36.525999999999996
      vertex 8.852640164354092 7.522498564715949 17.2
    endloop
  endfacet
  facet normal -0.19509032201613363 -0.9807852804032294 9.802943600109054e-21
    outer loop
      vertex 8.156434465040231 7.987688340595138 17.2
      vertex 8.233445363855905 7.972369920397677 17.2
      vertex 8.233445363855905 7.972369920397677 36.525999999999996
    endloop
  endfacet
  facet normal -0.2714404498650773 -0.9624552364536465 6.786473382367413e-20
    outer loop
      vertex 8.233445363855905 7.972369920397677 17.2
      vertex 8.309016994374947 7.951056516295154 17.2
      vertex 8.309016994374947 7.951056516295154 36.525999999999996
    endloop
  endfacet
  facet normal -0.3461170570774886 -0.9381913359224857 1.3691424153112768e-19
    outer loop
      vertex 8.309016994374947 7.951056516295154 17.2
      vertex 8.38268343236509 7.923879532511287 17.2
      vertex 8.38268343236509 7.923879532511287 36.525999999999996
    endloop
  endfacet
  facet normal -0.4186597375374258 -0.9081431738250823 -1.181122208876332e-19
    outer loop
      vertex 8.38268343236509 7.923879532511287 17.2
      vertex 8.453990499739547 7.891006524188368 17.2
      vertex 8.453990499739547 7.891006524188368 36.525999999999996
    endloop
  endfacet
  facet normal -0.5555702330196024 -0.8314696123025451 0
    outer loop
      vertex 8.587785252292473 7.8090169943749475 17.2
      vertex 8.587785252292473 7.8090169943749475 36.525999999999996
      vertex 8.52249856471595 7.852640164354092 17.2
    endloop
  endfacet
  facet normal -0.6190939493098369 -0.7853169308807426 1.0201538098124555e-19
    outer loop
      vertex 8.587785252292473 7.8090169943749475 17.2
      vertex 8.649448048330184 7.760405965600031 17.2
      vertex 8.649448048330184 7.760405965600031 36.525999999999996
    endloop
  endfacet
  facet normal -0.734322509435691 -0.6788007455329357 0
    outer loop
      vertex 8.76040596560003 7.649448048330184 17.2
      vertex 8.76040596560003 7.649448048330184 36.525999999999996
      vertex 8.707106781186548 7.707106781186548 17.2
    endloop
  endfacet
  facet normal -0.7853169308807482 -0.61909394930983 -1.022097712591259e-19
    outer loop
      vertex 8.76040596560003 7.649448048330184 17.2
      vertex 8.809016994374947 7.587785252292473 17.2
      vertex 8.809016994374947 7.587785252292473 36.525999999999996
    endloop
  endfacet
  facet normal -0.6788007455329357 -0.734322509435691 8.237222801039084e-20
    outer loop
      vertex 8.649448048330184 7.760405965600031 17.2
      vertex 8.707106781186548 7.707106781186548 17.2
      vertex 8.707106781186548 7.707106781186548 36.525999999999996
    endloop
  endfacet
  facet normal -0.4886212414969566 -0.8724960070727961 1.0037757151281616e-19
    outer loop
      vertex 8.453990499739547 7.891006524188368 17.2
      vertex 8.52249856471595 7.852640164354092 17.2
      vertex 8.52249856471595 7.852640164354092 36.525999999999996
    endloop
  endfacet
  facet normal -0.8314696123025398 -0.5555702330196102 7.965787609224991e-20
    outer loop
      vertex 8.809016994374947 7.587785252292473 17.2
      vertex 8.852640164354092 7.522498564715949 17.2
      vertex 8.852640164354092 7.522498564715949 36.525999999999996
    endloop
  endfacet
  facet normal -0.03925981575906698 -0.999229036240723 0
    outer loop
      vertex 8 8 17.2
      vertex 8.078459095727846 7.996917333733128 36.525999999999996
      vertex 8 8 36.525999999999996
    endloop
  endfacet
  facet normal -0.11753739745783344 -0.9930684569549267 0
    outer loop
      vertex 8.078459095727846 7.996917333733128 17.2
      vertex 8.156434465040231 7.987688340595138 36.525999999999996
      vertex 8.078459095727846 7.996917333733128 36.525999999999996
    endloop
  endfacet
  facet normal -0.999229036240723 -0.039259815759067423 0
    outer loop
      vertex 8.996917333733128 7.078459095727845 17.2
      vertex 9 7 36.525999999999996
      vertex 8.996917333733128 7.078459095727845 36.525999999999996
    endloop
  endfacet
  facet normal -0.993068456954927 -0.11753739745783212 0
    outer loop
      vertex 8.987688340595138 7.156434465040231 17.2
      vertex 8.996917333733128 7.078459095727845 36.525999999999996
      vertex 8.987688340595138 7.156434465040231 36.525999999999996
    endloop
  endfacet
  facet normal -0.9807852804032294 -0.19509032201613363 0
    outer loop
      vertex 8.972369920397677 7.233445363855905 17.2
      vertex 8.987688340595138 7.156434465040231 36.525999999999996
      vertex 8.972369920397677 7.233445363855905 36.525999999999996
    endloop
  endfacet
  facet normal -0.9624552364536473 -0.2714404498650743 0
    outer loop
      vertex 8.951056516295154 7.3090169943749475 17.2
      vertex 8.972369920397677 7.233445363855905 36.525999999999996
      vertex 8.951056516295154 7.3090169943749475 36.525999999999996
    endloop
  endfacet
  facet normal -0.9081431738250867 -0.4186597375374165 0
    outer loop
      vertex 8.891006524188368 7.453990499739547 17.2
      vertex 8.923879532511286 7.38268343236509 36.525999999999996
      vertex 8.891006524188368 7.453990499739547 36.525999999999996
    endloop
  endfacet
  facet normal -0.8724960070727961 -0.4886212414969566 0
    outer loop
      vertex 8.852640164354092 7.522498564715949 17.2
      vertex 8.891006524188368 7.453990499739547 36.525999999999996
      vertex 8.852640164354092 7.522498564715949 36.525999999999996
    endloop
  endfacet
  facet normal -0.9381913359224808 -0.3461170570775022 0
    outer loop
      vertex 8.923879532511286 7.38268343236509 17.2
      vertex 8.951056516295154 7.3090169943749475 36.525999999999996
      vertex 8.923879532511286 7.38268343236509 36.525999999999996
    endloop
  endfacet
  facet normal -0.19509032201613363 -0.9807852804032294 0
    outer loop
      vertex 8.156434465040231 7.987688340595138 17.2
      vertex 8.233445363855905 7.972369920397677 36.525999999999996
      vertex 8.156434465040231 7.987688340595138 36.525999999999996
    endloop
  endfacet
  facet normal -0.2714404498650773 -0.9624552364536465 0
    outer loop
      vertex 8.233445363855905 7.972369920397677 17.2
      vertex 8.309016994374947 7.951056516295154 36.525999999999996
      vertex 8.233445363855905 7.972369920397677 36.525999999999996
    endloop
  endfacet
  facet normal -0.3461170570774886 -0.9381913359224857 0
    outer loop
      vertex 8.309016994374947 7.951056516295154 17.2
      vertex 8.38268343236509 7.923879532511287 36.525999999999996
      vertex 8.309016994374947 7.951056516295154 36.525999999999996
    endloop
  endfacet
  facet normal -0.4186597375374258 -0.9081431738250823 0
    outer loop
      vertex 8.38268343236509 7.923879532511287 17.2
      vertex 8.453990499739547 7.891006524188368 36.525999999999996
      vertex 8.38268343236509 7.923879532511287 36.525999999999996
    endloop
  endfacet
  facet normal -0.4886212414969566 -0.8724960070727961 0
    outer loop
      vertex 8.453990499739547 7.891006524188368 17.2
      vertex 8.52249856471595 7.852640164354092 36.525999999999996
      vertex 8.453990499739547 7.891006524188368 36.525999999999996
    endloop
  endfacet
  facet normal -0.5555702330196024 -0.8314696123025451 0
    outer loop
      vertex 8.52249856471595 7.852640164354092 17.2
      vertex 8.587785252292473 7.8090169943749475 36.525999999999996
      vertex 8.52249856471595 7.852640164354092 36.525999999999996
    endloop
  endfacet
  facet normal -0.6190939493098369 -0.7853169308807426 0
    outer loop
      vertex 8.587785252292473 7.8090169943749475 17.2
      vertex 8.649448048330184 7.760405965600031 36.525999999999996
      vertex 8.587785252292473 7.8090169943749475 36.525999999999996
    endloop
  endfacet
  facet normal -0.8314696123025398 -0.5555702330196102 0
    outer loop
      vertex 8.809016994374947 7.587785252292473 17.2
      vertex 8.852640164354092 7.522498564715949 36.525999999999996
      vertex 8.809016994374947 7.587785252292473 36.525999999999996
    endloop
  endfacet
  facet normal -0.7853169308807482 -0.61909394930983 0
    outer loop
      vertex 8.76040596560003 7.649448048330184 17.2
      vertex 8.809016994374947 7.587785252292473 36.525999999999996
      vertex 8.76040596560003 7.649448048330184 36.525999999999996
    endloop
  endfacet
  facet normal -0.6788007455329357 -0.734322509435691 0
    outer loop
      vertex 8.649448048330184 7.760405965600031 17.2
      vertex 8.707106781186548 7.707106781186548 36.525999999999996
      vertex 8.649448048330184 7.760405965600031 36.525999999999996
    endloop
  endfacet
  facet normal -0.734322509435691 -0.6788007455329357 0
    outer loop
      vertex 8.707106781186548 7.707106781186548 17.2
      vertex 8.76040596560003 7.649448048330184 36.525999999999996
      vertex 8.707106781186548 7.707106781186548 36.525999999999996
    endloop
  endfacet
  facet normal 0 0 1
    outer loop
      vertex -7 10.5 30.025999999999996
      vertex -6.433306954152305 19.799682902389623 30.025999999999996
      vertex -7 19.590618800233717 30.025999999999996
    endloop
  endfacet
  facet normal 0 0 1
    outer loop
      vertex -7 10.5 30.025999999999996
      vertex -4.860009999600744 20.243398533974112 30.025999999999996
      vertex -6.433306954152305 19.799682902389623 30.025999999999996
    endloop
  endfacet
  facet normal 0 0 1
    outer loop
      vertex -7 10.5 30.025999999999996
      vertex -3.256749467284324 20.56230688198354 30.025999999999996
      vertex -4.860009999600744 20.243398533974112 30.025999999999996
    endloop
  endfacet
  facet normal 0 0 1
    outer loop
      vertex -7 10.5 30.025999999999996
      vertex -1.6334099915230018 20.754441770404647 30.025999999999996
      vertex -3.256749467284324 20.56230688198354 30.025999999999996
    endloop
  endfacet
  facet normal 0 0 1
    outer loop
      vertex -7 10.5 30.025999999999996
      vertex 0 20.818618623758983 30.025999999999996
      vertex -1.6334099915230018 20.754441770404647 30.025999999999996
    endloop
  endfacet
  facet normal 0 0 1
    outer loop
      vertex -7 10.5 30.025999999999996
      vertex 1.6334099915230018 20.754441770404647 30.025999999999996
      vertex 0 20.818618623758983 30.025999999999996
    endloop
  endfacet
  facet normal 0 0 1
    outer loop
      vertex -7 10.5 30.025999999999996
      vertex 3.256749467284324 20.56230688198354 30.025999999999996
      vertex 1.6334099915230018 20.754441770404647 30.025999999999996
    endloop
  endfacet
  facet normal 1 0 0
    outer loop
      vertex -7 10.5 30.025999999999996
      vertex -7 16.5 36.525999999999996
      vertex -7 10.5 36.525999999999996
    endloop
  endfacet
  facet normal 1 0 0
    outer loop
      vertex -7 10.5 30.025999999999996
      vertex -7 18.899999998509884 34.32599999999999
      vertex -7 16.5 36.525999999999996
    endloop
  endfacet
  facet normal 1 0 0
    outer loop
      vertex -7 10.5 30.025999999999996
      vertex -7 19.590618800233717 30.025999999999996
      vertex -7 18.899999998509884 34.32599999999999
    endloop
  endfacet
  facet normal 1 0 0
    outer loop
      vertex -7 20.566618944713742 34.32599999999999
      vertex -7 18.899999998509884 34.32599999999999
      vertex -7 19.590618800233717 30.025999999999996
    endloop
  endfacet
  facet normal 1 0 0
    outer loop
      vertex -7 16.5 36.525999999999996
      vertex -7 18.899999998509884 34.32599999999999
      vertex -7 18.899999998509884 37.126
    endloop
  endfacet
  facet normal 1 0 0
    outer loop
      vertex -7 16.5 36.525999999999996
      vertex -7 18.899999998509884 37.126
      vertex -7 16.5 37.126
    endloop
  endfacet
  facet normal 0 1 0
    outer loop
      vertex -7 10.5 30.025999999999996
      vertex -7 10.5 36.525999999999996
      vertex 7 10.5 30.025999999999996
    endloop
  endfacet
  facet normal 0 0 1
    outer loop
      vertex -7 10.5 30.025999999999996
      vertex 7 10.5 30.025999999999996
      vertex 3.256749467284324 20.56230688198354 30.025999999999996
    endloop
  endfacet
  facet normal 0 0 1
    outer loop
      vertex 7 10.5 30.025999999999996
      vertex 4.860009999600744 20.243398533974112 30.025999999999996
      vertex 3.256749467284324 20.56230688198354 30.025999999999996
    endloop
  endfacet
  facet normal 0 0 1
    outer loop
      vertex 7 10.5 30.025999999999996
      vertex 6.433306954152305 19.799682902389623 30.025999999999996
      vertex 4.860009999600744 20.243398533974112 30.025999999999996
    endloop
  endfacet
  facet normal 0 0 1
    outer loop
      vertex 7 10.5 30.025999999999996
      vertex 7 19.590618800233717 30.025999999999996
      vertex 6.433306954152305 19.799682902389623 30.025999999999996
    endloop
  endfacet
  facet normal 0 1 0
    outer loop
      vertex -7 10.5 36.525999999999996
      vertex 7 10.5 36.525999999999996
      vertex 7 10.5 30.025999999999996
    endloop
  endfacet
  facet normal -1 0 0
    outer loop
      vertex 7 10.5 30.025999999999996
      vertex 7 10.5 36.525999999999996
      vertex 7 16.5 36.525999999999996
    endloop
  endfacet
  facet normal -1 0 0
    outer loop
      vertex 7 10.5 30.025999999999996
      vertex 7 16.5 36.525999999999996
      vertex 7 18.899999998509884 37.126
    endloop
  endfacet
  facet normal -1 0 0
    outer loop
      vertex 7 10.5 30.025999999999996
      vertex 7 18.899999998509884 34.32599999999999
      vertex 7 19.590618800233717 30.025999999999996
    endloop
  endfacet
  facet normal -1 0 0
    outer loop
      vertex 7 10.5 30.025999999999996
      vertex 7 18.899999998509884 37.126
      vertex 7 18.899999998509884 34.32599999999999
    endloop
  endfacet
  facet normal -1 0 0
    outer loop
      vertex 7 19.590618800233717 30.025999999999996
      vertex 7 18.899999998509884 34.32599999999999
      vertex 7 20.566618944713742 34.32599999999999
    endloop
  endfacet
  facet normal -1 0 0
    outer loop
      vertex 7 16.5 36.525999999999996
      vertex 7 16.5 37.126
      vertex 7 18.899999998509884 37.126
    endloop
  endfacet
  facet normal 0 0 1
    outer loop
      vertex -16.5 -16.5 36.525999999999996
      vertex -14.279337657996221 -14.412487158720037 36.525999999999996
      vertex -14.348528137423857 -14.348528137423857 36.525999999999996
    endloop
  endfacet
  facet normal 0 0 1
    outer loop
      vertex -16.5 -16.5 36.525999999999996
      vertex -14.205342302750967 -14.470820393249937 36.525999999999996
      vertex -14.279337657996221 -14.412487158720037 36.525999999999996
    endloop
  endfacet
  facet normal 0 0 1
    outer loop
      vertex -16.5 -16.5 36.525999999999996
      vertex -14.126998277659139 -14.52316819722491 36.525999999999996
      vertex -14.205342302750967 -14.470820393249937 36.525999999999996
    endloop
  endfacet
  facet normal 0 0 1
    outer loop
      vertex -16.5 -16.5 36.525999999999996
      vertex -14.666843904477211 -13.780134436627087 36.525999999999996
      vertex -14.685226008714166 -13.687721358048277 36.525999999999996
    endloop
  endfacet
  facet normal 0 0 1
    outer loop
      vertex -16.5 -16.5 36.525999999999996
      vertex -14.685226008714166 -13.687721358048277 36.525999999999996
      vertex -14.696300800479754 -13.594150914873413 36.525999999999996
    endloop
  endfacet
  facet normal 0 0 1
    outer loop
      vertex -16.5 -16.5 36.525999999999996
      vertex -14.696300800479754 -13.594150914873413 36.525999999999996
      vertex -14.7 -13.5 36.525999999999996
    endloop
  endfacet
  facet normal 0 0 1
    outer loop
      vertex -16.5 -16.5 36.525999999999996
      vertex -14.7 -13.5 36.525999999999996
      vertex -14.696300800479754 -13.405849085126587 36.525999999999996
    endloop
  endfacet
  facet normal 0 0 1
    outer loop
      vertex -16.5 -16.5 36.525999999999996
      vertex -14.470820393249937 -14.205342302750967 36.525999999999996
      vertex -14.52316819722491 -14.126998277659139 36.525999999999996
    endloop
  endfacet
  facet normal 0 0 1
    outer loop
      vertex -16.5 -16.5 36.525999999999996
      vertex -14.412487158720037 -14.279337657996221 36.525999999999996
      vertex -14.470820393249937 -14.205342302750967 36.525999999999996
    endloop
  endfacet
  facet normal 0 0 1
    outer loop
      vertex -16.5 -16.5 36.525999999999996
      vertex -14.608655439013544 -13.959220118838108 36.525999999999996
      vertex -14.641267819554184 -13.870820393249938 36.525999999999996
    endloop
  endfacet
  facet normal 0 0 1
    outer loop
      vertex -16.5 -16.5 36.525999999999996
      vertex -14.569207829026041 -14.044788599687456 36.525999999999996
      vertex -14.608655439013544 -13.959220118838108 36.525999999999996
    endloop
  endfacet
  facet normal 0 0 1
    outer loop
      vertex -16.5 -16.5 36.525999999999996
      vertex -14.52316819722491 -14.126998277659139 36.525999999999996
      vertex -14.569207829026041 -14.044788599687456 36.525999999999996
    endloop
  endfacet
  facet normal 0 0 1
    outer loop
      vertex -16.5 -16.5 36.525999999999996
      vertex -14.348528137423857 -14.348528137423857 36.525999999999996
      vertex -14.412487158720037 -14.279337657996221 36.525999999999996
    endloop
  endfacet
  facet normal 0 0 1
    outer loop
      vertex -16.5 -16.5 36.525999999999996
      vertex -14.641267819554184 -13.870820393249938 36.525999999999996
      vertex -14.666843904477211 -13.780134436627087 36.525999999999996
    endloop
  endfacet
  facet normal 0 0 1
    outer loop
      vertex -16.5 -16.5 36.525999999999996
      vertex -14.696300800479754 -13.405849085126587 36.525999999999996
      vertex -14.685226008714166 -13.312278641951723 36.525999999999996
    endloop
  endfacet
  facet normal 0 0 1
    outer loop
      vertex -16.5 -16.5 36.525999999999996
      vertex -14.685226008714166 -13.312278641951723 36.525999999999996
      vertex -14.666843904477211 -13.219865563372913 36.525999999999996
    endloop
  endfacet
  facet normal 0 0 1
    outer loop
      vertex -16.5 -16.5 36.525999999999996
      vertex -14.666843904477211 -13.219865563372913 36.525999999999996
      vertex -14.641267819554184 -13.129179606750062 36.525999999999996
    endloop
  endfacet
  facet normal 0 0 1
    outer loop
      vertex -16.5 -16.5 36.525999999999996
      vertex -14.044788599687456 -14.569207829026041 36.525999999999996
      vertex -14.126998277659139 -14.52316819722491 36.525999999999996
    endloop
  endfacet
  facet normal 0 0 1
    outer loop
      vertex -16.5 -16.5 36.525999999999996
      vertex -13.959220118838108 -14.608655439013544 36.525999999999996
      vertex -14.044788599687456 -14.569207829026041 36.525999999999996
    endloop
  endfacet
  facet normal 0 0 1
    outer loop
      vertex -16.5 -16.5 36.525999999999996
      vertex -13.870820393249938 -14.641267819554184 36.525999999999996
      vertex -13.959220118838108 -14.608655439013544 36.525999999999996
    endloop
  endfacet
  facet normal 0 0 1
    outer loop
      vertex -16.5 -16.5 36.525999999999996
      vertex -13.780134436627087 -14.666843904477211 36.525999999999996
      vertex -13.870820393249938 -14.641267819554184 36.525999999999996
    endloop
  endfacet
  facet normal 0 0 1
    outer loop
      vertex -16.5 -16.5 36.525999999999996
      vertex -13.687721358048277 -14.685226008714166 36.525999999999996
      vertex -13.780134436627087 -14.666843904477211 36.525999999999996
    endloop
  endfacet
  facet normal 0 0 1
    outer loop
      vertex -16.5 -16.5 36.525999999999996
      vertex -13.594150914873413 -14.696300800479754 36.525999999999996
      vertex -13.687721358048277 -14.685226008714166 36.525999999999996
    endloop
  endfacet
  facet normal 0 0 1
    outer loop
      vertex -12.529179606750063 -12.794657697249033 36.525999999999996
      vertex -8 -8 36.525999999999996
      vertex -12.587512841279963 -12.720662342003779 36.525999999999996
    endloop
  endfacet
  facet normal 0 0 1
    outer loop
      vertex -12.651471862576143 -12.651471862576143 36.525999999999996
      vertex -12.587512841279963 -12.720662342003779 36.525999999999996
      vertex -8 -8 36.525999999999996
    endloop
  endfacet
  facet normal 0 0 1
    outer loop
      vertex -12.430792170973959 -12.955211400312544 36.525999999999996
      vertex -8 -8 36.525999999999996
      vertex -12.47683180277509 -12.873001722340861 36.525999999999996
    endloop
  endfacet
  facet normal 0 0 1
    outer loop
      vertex -12.391344560986456 -13.040779881161892 36.525999999999996
      vertex -8 -8 36.525999999999996
      vertex -12.430792170973959 -12.955211400312544 36.525999999999996
    endloop
  endfacet
  facet normal 0 0 1
    outer loop
      vertex -12.529179606750063 -12.794657697249033 36.525999999999996
      vertex -12.47683180277509 -12.873001722340861 36.525999999999996
      vertex -8 -8 36.525999999999996
    endloop
  endfacet
  facet normal 1 0 0
    outer loop
      vertex -16.5 -16.5 36.525999999999996
      vertex -16.5 16.5 40.126
      vertex -16.5 -16.5 40.126
    endloop
  endfacet
  facet normal 0 0 1
    outer loop
      vertex -13.687721358048277 -12.314773991285834 36.525999999999996
      vertex -13.594150914873413 -12.303699199520246 36.525999999999996
      vertex -9 -7 36.525999999999996
    endloop
  endfacet
  facet normal 0 0 1
    outer loop
      vertex -13.405849085126587 -12.303699199520246 36.525999999999996
      vertex -13.312278641951723 -12.314773991285834 36.525999999999996
      vertex -8.972369920397677 -7.233445363855905 36.525999999999996
    endloop
  endfacet
  facet normal 0 0 1
    outer loop
      vertex -13.594150914873413 -12.303699199520246 36.525999999999996
      vertex -13.5 -12.3 36.525999999999996
      vertex -8.996917333733128 -7.078459095727845 36.525999999999996
    endloop
  endfacet
  facet normal 0 0 1
    outer loop
      vertex -13.5 -12.3 36.525999999999996
      vertex -13.405849085126587 -12.303699199520246 36.525999999999996
      vertex -8.987688340595138 -7.156434465040231 36.525999999999996
    endloop
  endfacet
  facet normal 0 0 1
    outer loop
      vertex -12.955211400312544 -12.430792170973959 36.525999999999996
      vertex -8.852640164354092 -7.522498564715949 36.525999999999996
      vertex -13.040779881161892 -12.391344560986456 36.525999999999996
    endloop
  endfacet
  facet normal 0 0 1
    outer loop
      vertex -13.312278641951723 -12.314773991285834 36.525999999999996
      vertex -13.219865563372913 -12.333156095522789 36.525999999999996
      vertex -8.951056516295154 -7.3090169943749475 36.525999999999996
    endloop
  endfacet
  facet normal 0 0 1
    outer loop
      vertex -13.219865563372913 -12.333156095522789 36.525999999999996
      vertex -13.129179606750062 -12.358732180445816 36.525999999999996
      vertex -8.923879532511286 -7.38268343236509 36.525999999999996
    endloop
  endfacet
  facet normal 0 0 1
    outer loop
      vertex -13.129179606750062 -12.358732180445816 36.525999999999996
      vertex -13.040779881161892 -12.391344560986456 36.525999999999996
      vertex -8.891006524188368 -7.453990499739547 36.525999999999996
    endloop
  endfacet
  facet normal 0 0 1
    outer loop
      vertex -12.794657697249033 -12.529179606750063 36.525999999999996
      vertex -12.720662342003779 -12.587512841279963 36.525999999999996
      vertex -8.707106781186548 -7.707106781186548 36.525999999999996
    endloop
  endfacet
  facet normal 0 0 1
    outer loop
      vertex -12.873001722340861 -12.47683180277509 36.525999999999996
      vertex -12.794657697249033 -12.529179606750063 36.525999999999996
      vertex -8.76040596560003 -7.649448048330184 36.525999999999996
    endloop
  endfacet
  facet normal 0 0 1
    outer loop
      vertex -12.955211400312544 -12.430792170973959 36.525999999999996
      vertex -12.873001722340861 -12.47683180277509 36.525999999999996
      vertex -8.809016994374947 -7.587785252292473 36.525999999999996
    endloop
  endfacet
  facet normal 0 0 1
    outer loop
      vertex -12.720662342003779 -12.587512841279963 36.525999999999996
      vertex -12.651471862576143 -12.651471862576143 36.525999999999996
      vertex -8.649448048330184 -7.760405965600031 36.525999999999996
    endloop
  endfacet
  facet normal 0 0 1
    outer loop
      vertex -16.5 -16.5 36.525999999999996
      vertex -14.641267819554184 -13.129179606750062 36.525999999999996
      vertex -9 7 36.525999999999996
    endloop
  endfacet
  facet normal 0 0 1
    outer loop
      vertex -14.641267819554184 -13.129179606750062 36.525999999999996
      vertex -14.608655439013544 -13.040779881161892 36.525999999999996
      vertex -9 7 36.525999999999996
    endloop
  endfacet
  facet normal 0 0 1
    outer loop
      vertex -14.608655439013544 -13.040779881161892 36.525999999999996
      vertex -14.569207829026041 -12.955211400312544 36.525999999999996
      vertex -9 7 36.525999999999996
    endloop
  endfacet
  facet normal 0 0 1
    outer loop
      vertex -14.569207829026041 -12.955211400312544 36.525999999999996
      vertex -14.52316819722491 -12.873001722340861 36.525999999999996
      vertex -9 7 36.525999999999996
    endloop
  endfacet
  facet normal 0 0 1
    outer loop
      vertex -14.52316819722491 -12.873001722340861 36.525999999999996
      vertex -14.470820393249937 -12.794657697249033 36.525999999999996
      vertex -9 7 36.525999999999996
    endloop
  endfacet
  facet normal 0 0 1
    outer loop
      vertex -14.470820393249937 -12.794657697249033 36.525999999999996
      vertex -14.412487158720037 -12.720662342003779 36.525999999999996
      vertex -9 7 36.525999999999996
    endloop
  endfacet
  facet normal 0 0 1
    outer loop
      vertex -14.412487158720037 -12.720662342003779 36.525999999999996
      vertex -14.348528137423857 -12.651471862576143 36.525999999999996
      vertex -9 7 36.525999999999996
    endloop
  endfacet
  facet normal 0 0 1
    outer loop
      vertex -14.348528137423857 -12.651471862576143 36.525999999999996
      vertex -14.279337657996221 -12.587512841279963 36.525999999999996
      vertex -9 7 36.525999999999996
    endloop
  endfacet
  facet normal 0 0 1
    outer loop
      vertex -14.279337657996221 -12.587512841279963 36.525999999999996
      vertex -14.205342302750967 -12.529179606750063 36.525999999999996
      vertex -9 7 36.525999999999996
    endloop
  endfacet
  facet normal 0 0 1
    outer loop
      vertex -14.205342302750967 -12.529179606750063 36.525999999999996
      vertex -14.126998277659139 -12.47683180277509 36.525999999999996
      vertex -9 7 36.525999999999996
    endloop
  endfacet
  facet normal 0 0 1
    outer loop
      vertex -14.126998277659139 -12.47683180277509 36.525999999999996
      vertex -14.044788599687456 -12.430792170973959 36.525999999999996
      vertex -9 7 36.525999999999996
    endloop
  endfacet
  facet normal 0 0 1
    outer loop
      vertex -14.044788599687456 -12.430792170973959 36.525999999999996
      vertex -13.959220118838108 -12.391344560986456 36.525999999999996
      vertex -9 7 36.525999999999996
    endloop
  endfacet
  facet normal 0 0 1
    outer loop
      vertex -13.959220118838108 -12.391344560986456 36.525999999999996
      vertex -13.870820393249938 -12.358732180445816 36.525999999999996
      vertex -9 7 36.525999999999996
    endloop
  endfacet
  facet normal 0 0 1
    outer loop
      vertex -13.870820393249938 -12.358732180445816 36.525999999999996
      vertex -13.780134436627087 -12.333156095522789 36.525999999999996
      vertex -9 7 36.525999999999996
    endloop
  endfacet
  facet normal 0 0 1
    outer loop
      vertex -13.780134436627087 -12.333156095522789 36.525999999999996
      vertex -13.687721358048277 -12.314773991285834 36.525999999999996
      vertex -9 7 36.525999999999996
    endloop
  endfacet
  facet normal 0 1 0
    outer loop
      vertex -16.5 -16.5 36.525999999999996
      vertex -16.5 -16.5 40.126
      vertex 16.5 -16.5 36.525999999999996
    endloop
  endfacet
  facet normal 0 0 1
    outer loop
      vertex -16.5 -16.5 36.525999999999996
      vertex 16.5 -16.5 36.525999999999996
      vertex -13.594150914873413 -14.696300800479754 36.525999999999996
    endloop
  endfacet
  facet normal 0 0 1
    outer loop
      vertex -12.720662342003779 -14.412487158720037 36.525999999999996
      vertex 12.651471862576143 -14.348528137423857 36.525999999999996
      vertex -12.651471862576143 -14.348528137423857 36.525999999999996
    endloop
  endfacet
  facet normal 0 0 1
    outer loop
      vertex -12.651471862576143 -14.348528137423857 36.525999999999996
      vertex 12.587512841279963 -14.279337657996221 36.525999999999996
      vertex -12.587512841279963 -14.279337657996221 36.525999999999996
    endloop
  endfacet
  facet normal 0 0 1
    outer loop
      vertex -12.587512841279963 -14.279337657996221 36.525999999999996
      vertex 12.529179606750063 -14.205342302750967 36.525999999999996
      vertex -12.529179606750063 -14.205342302750967 36.525999999999996
    endloop
  endfacet
  facet normal 0 0 1
    outer loop
      vertex -12.529179606750063 -14.205342302750967 36.525999999999996
      vertex 12.47683180277509 -14.126998277659139 36.525999999999996
      vertex -12.47683180277509 -14.126998277659139 36.525999999999996
    endloop
  endfacet
  facet normal 0 0 1
    outer loop
      vertex -12.47683180277509 -14.126998277659139 36.525999999999996
      vertex 12.430792170973959 -14.044788599687456 36.525999999999996
      vertex -12.430792170973959 -14.044788599687456 36.525999999999996
    endloop
  endfacet
  facet normal 0 0 1
    outer loop
      vertex -12.430792170973959 -14.044788599687456 36.525999999999996
      vertex 12.391344560986456 -13.959220118838108 36.525999999999996
      vertex -12.391344560986456 -13.959220118838108 36.525999999999996
    endloop
  endfacet
  facet normal 0 0 1
    outer loop
      vertex -12.391344560986456 -13.959220118838108 36.525999999999996
      vertex 12.3 -13.5 36.525999999999996
      vertex -12.358732180445816 -13.870820393249938 36.525999999999996
    endloop
  endfacet
  facet normal 0 0 1
    outer loop
      vertex -13.594150914873413 -14.696300800479754 36.525999999999996
      vertex 16.5 -16.5 36.525999999999996
      vertex -13.5 -14.7 36.525999999999996
    endloop
  endfacet
  facet normal 0 0 1
    outer loop
      vertex -13.5 -14.7 36.525999999999996
      vertex 16.5 -16.5 36.525999999999996
      vertex -13.405849085126587 -14.696300800479754 36.525999999999996
    endloop
  endfacet
  facet normal 0 0 1
    outer loop
      vertex -13.405849085126587 -14.696300800479754 36.525999999999996
      vertex 16.5 -16.5 36.525999999999996
      vertex -13.312278641951723 -14.685226008714166 36.525999999999996
    endloop
  endfacet
  facet normal 0 0 1
    outer loop
      vertex -13.312278641951723 -14.685226008714166 36.525999999999996
      vertex 16.5 -16.5 36.525999999999996
      vertex -13.219865563372913 -14.666843904477211 36.525999999999996
    endloop
  endfacet
  facet normal 0 0 1
    outer loop
      vertex -13.219865563372913 -14.666843904477211 36.525999999999996
      vertex 16.5 -16.5 36.525999999999996
      vertex -13.129179606750062 -14.641267819554184 36.525999999999996
    endloop
  endfacet
  facet normal 0 0 1
    outer loop
      vertex -13.129179606750062 -14.641267819554184 36.525999999999996
      vertex 16.5 -16.5 36.525999999999996
      vertex -13.040779881161892 -14.608655439013544 36.525999999999996
    endloop
  endfacet
  facet normal 0 0 1
    outer loop
      vertex -13.040779881161892 -14.608655439013544 36.525999999999996
      vertex 16.5 -16.5 36.525999999999996
      vertex -12.955211400312544 -14.569207829026041 36.525999999999996
    endloop
  endfacet
  facet normal 0 0 1
    outer loop
      vertex -12.955211400312544 -14.569207829026041 36.525999999999996
      vertex 16.5 -16.5 36.525999999999996
      vertex -12.873001722340861 -14.52316819722491 36.525999999999996
    endloop
  endfacet
  facet normal 0 0 1
    outer loop
      vertex -12.873001722340861 -14.52316819722491 36.525999999999996
      vertex 16.5 -16.5 36.525999999999996
      vertex -12.794657697249033 -14.470820393249937 36.525999999999996
    endloop
  endfacet
  facet normal 0 0 1
    outer loop
      vertex -12.794657697249033 -14.470820393249937 36.525999999999996
      vertex 16.5 -16.5 36.525999999999996
      vertex -12.720662342003779 -14.412487158720037 36.525999999999996
    endloop
  endfacet
  facet normal 0 0 1
    outer loop
      vertex -12.358732180445816 -13.870820393249938 36.525999999999996
      vertex 12.3 -13.5 36.525999999999996
      vertex -12.333156095522789 -13.780134436627087 36.525999999999996
    endloop
  endfacet
  facet normal 0 0 1
    outer loop
      vertex -12.333156095522789 -13.780134436627087 36.525999999999996
      vertex 12.3 -13.5 36.525999999999996
      vertex -12.314773991285834 -13.687721358048277 36.525999999999996
    endloop
  endfacet
  facet normal 0 0 1
    outer loop
      vertex -12.314773991285834 -13.687721358048277 36.525999999999996
      vertex 12.3 -13.5 36.525999999999996
      vertex -12.303699199520246 -13.594150914873413 36.525999999999996
    endloop
  endfacet
  facet normal 0 0 1
    outer loop
      vertex -12.303699199520246 -13.594150914873413 36.525999999999996
      vertex 12.3 -13.5 36.525999999999996
      vertex -12.3 -13.5 36.525999999999996
    endloop
  endfacet
  facet normal 0 0 1
    outer loop
      vertex -12.3 -13.5 36.525999999999996
      vertex 12.303699199520246 -13.405849085126587 36.525999999999996
      vertex -12.303699199520246 -13.405849085126587 36.525999999999996
    endloop
  endfacet
  facet normal 0 0 1
    outer loop
      vertex -12.303699199520246 -13.405849085126587 36.525999999999996
      vertex 12.303699199520246 -13.405849085126587 36.525999999999996
      vertex -12.314773991285834 -13.312278641951723 36.525999999999996
    endloop
  endfacet
  facet normal 0 0 1
    outer loop
      vertex -12.314773991285834 -13.312278641951723 36.525999999999996
      vertex 12.303699199520246 -13.405849085126587 36.525999999999996
      vertex -12.333156095522789 -13.219865563372913 36.525999999999996
    endloop
  endfacet
  facet normal 0 0 1
    outer loop
      vertex -12.333156095522789 -13.219865563372913 36.525999999999996
      vertex 12.303699199520246 -13.405849085126587 36.525999999999996
      vertex -12.358732180445816 -13.129179606750062 36.525999999999996
    endloop
  endfacet
  facet normal 0 0 1
    outer loop
      vertex -12.391344560986456 -13.040779881161892 36.525999999999996
      vertex -12.358732180445816 -13.129179606750062 36.525999999999996
      vertex 12.303699199520246 -13.405849085126587 36.525999999999996
    endloop
  endfacet
  facet normal 0 0 1
    outer loop
      vertex -12.391344560986456 -13.040779881161892 36.525999999999996
      vertex 12.587512841279963 -12.720662342003779 36.525999999999996
      vertex -8 -8 36.525999999999996
    endloop
  endfacet
  facet normal 0 0 1
    outer loop
      vertex -13.040779881161892 -12.391344560986456 36.525999999999996
      vertex -8.852640164354092 -7.522498564715949 36.525999999999996
      vertex -8.891006524188368 -7.453990499739547 36.525999999999996
    endloop
  endfacet
  facet normal 0 0 1
    outer loop
      vertex -12.955211400312544 -12.430792170973959 36.525999999999996
      vertex -8.809016994374947 -7.587785252292473 36.525999999999996
      vertex -8.852640164354092 -7.522498564715949 36.525999999999996
    endloop
  endfacet
  facet normal 0 0 1
    outer loop
      vertex -13.594150914873413 -12.303699199520246 36.525999999999996
      vertex -8.996917333733128 -7.078459095727845 36.525999999999996
      vertex -9 -7 36.525999999999996
    endloop
  endfacet
  facet normal 0 0 1
    outer loop
      vertex -13.312278641951723 -12.314773991285834 36.525999999999996
      vertex -8.951056516295154 -7.3090169943749475 36.525999999999996
      vertex -8.972369920397677 -7.233445363855905 36.525999999999996
    endloop
  endfacet
  facet normal 0 0 1
    outer loop
      vertex -13.219865563372913 -12.333156095522789 36.525999999999996
      vertex -8.923879532511286 -7.38268343236509 36.525999999999996
      vertex -8.951056516295154 -7.3090169943749475 36.525999999999996
    endloop
  endfacet
  facet normal 0 0 1
    outer loop
      vertex -13.405849085126587 -12.303699199520246 36.525999999999996
      vertex -8.972369920397677 -7.233445363855905 36.525999999999996
      vertex -8.987688340595138 -7.156434465040231 36.525999999999996
    endloop
  endfacet
  facet normal 0 0 1
    outer loop
      vertex -13.5 -12.3 36.525999999999996
      vertex -8.987688340595138 -7.156434465040231 36.525999999999996
      vertex -8.996917333733128 -7.078459095727845 36.525999999999996
    endloop
  endfacet
  facet normal 0 0 1
    outer loop
      vertex -13.129179606750062 -12.358732180445816 36.525999999999996
      vertex -8.891006524188368 -7.453990499739547 36.525999999999996
      vertex -8.923879532511286 -7.38268343236509 36.525999999999996
    endloop
  endfacet
  facet normal 0 0 1
    outer loop
      vertex -12.651471862576143 -12.651471862576143 36.525999999999996
      vertex -8.52249856471595 -7.852640164354092 36.525999999999996
      vertex -8.587785252292473 -7.8090169943749475 36.525999999999996
    endloop
  endfacet
  facet normal 0 0 1
    outer loop
      vertex -12.651471862576143 -12.651471862576143 36.525999999999996
      vertex -8.453990499739547 -7.891006524188368 36.525999999999996
      vertex -8.52249856471595 -7.852640164354092 36.525999999999996
    endloop
  endfacet
  facet normal 0 0 1
    outer loop
      vertex -12.720662342003779 -12.587512841279963 36.525999999999996
      vertex -8.649448048330184 -7.760405965600031 36.525999999999996
      vertex -8.707106781186548 -7.707106781186548 36.525999999999996
    endloop
  endfacet
  facet normal 0 0 1
    outer loop
      vertex -12.794657697249033 -12.529179606750063 36.525999999999996
      vertex -8.707106781186548 -7.707106781186548 36.525999999999996
      vertex -8.76040596560003 -7.649448048330184 36.525999999999996
    endloop
  endfacet
  facet normal 0 0 1
    outer loop
      vertex -12.873001722340861 -12.47683180277509 36.525999999999996
      vertex -8.76040596560003 -7.649448048330184 36.525999999999996
      vertex -8.809016994374947 -7.587785252292473 36.525999999999996
    endloop
  endfacet
  facet normal 0 0 1
    outer loop
      vertex -12.651471862576143 -12.651471862576143 36.525999999999996
      vertex -8.587785252292473 -7.8090169943749475 36.525999999999996
      vertex -8.649448048330184 -7.760405965600031 36.525999999999996
    endloop
  endfacet
  facet normal 0 0 1
    outer loop
      vertex -12.651471862576143 -12.651471862576143 36.525999999999996
      vertex -8.38268343236509 -7.923879532511287 36.525999999999996
      vertex -8.453990499739547 -7.891006524188368 36.525999999999996
    endloop
  endfacet
  facet normal 0 0 1
    outer loop
      vertex -12.651471862576143 -12.651471862576143 36.525999999999996
      vertex -8.309016994374947 -7.951056516295154 36.525999999999996
      vertex -8.38268343236509 -7.923879532511287 36.525999999999996
    endloop
  endfacet
  facet normal 0 0 1
    outer loop
      vertex -12.651471862576143 -12.651471862576143 36.525999999999996
      vertex -8.233445363855905 -7.972369920397677 36.525999999999996
      vertex -8.309016994374947 -7.951056516295154 36.525999999999996
    endloop
  endfacet
  facet normal 0 0 1
    outer loop
      vertex -12.651471862576143 -12.651471862576143 36.525999999999996
      vertex -8.156434465040231 -7.987688340595138 36.525999999999996
      vertex -8.233445363855905 -7.972369920397677 36.525999999999996
    endloop
  endfacet
  facet normal 0 0 1
    outer loop
      vertex -12.651471862576143 -12.651471862576143 36.525999999999996
      vertex -8.078459095727846 -7.996917333733128 36.525999999999996
      vertex -8.156434465040231 -7.987688340595138 36.525999999999996
    endloop
  endfacet
  facet normal 0 0 1
    outer loop
      vertex -12.651471862576143 -12.651471862576143 36.525999999999996
      vertex -8 -8 36.525999999999996
      vertex -8.078459095727846 -7.996917333733128 36.525999999999996
    endloop
  endfacet
  facet normal 0 0 1
    outer loop
      vertex -13.687721358048277 -12.314773991285834 36.525999999999996
      vertex -9 -7 36.525999999999996
      vertex -9 7 36.525999999999996
    endloop
  endfacet
  facet normal 1 0 0
    outer loop
      vertex -16.5 -16.5 36.525999999999996
      vertex -16.5 16.5 36.525999999999996
      vertex -16.5 16.5 40.126
    endloop
  endfacet
  facet normal 0 0 1
    outer loop
      vertex -16.5 -16.5 36.525999999999996
      vertex -14.126998277659139 12.47683180277509 36.525999999999996
      vertex -14.205342302750967 12.529179606750063 36.525999999999996
    endloop
  endfacet
  facet normal 0 0 1
    outer loop
      vertex -16.5 -16.5 36.525999999999996
      vertex -14.666843904477211 13.219865563372913 36.525999999999996
      vertex -14.685226008714166 13.312278641951723 36.525999999999996
    endloop
  endfacet
  facet normal 0 0 1
    outer loop
      vertex -16.5 -16.5 36.525999999999996
      vertex -14.685226008714166 13.312278641951723 36.525999999999996
      vertex -14.696300800479754 13.405849085126587 36.525999999999996
    endloop
  endfacet
  facet normal 0 0 1
    outer loop
      vertex -16.5 -16.5 36.525999999999996
      vertex -14.696300800479754 13.405849085126587 36.525999999999996
      vertex -14.7 13.5 36.525999999999996
    endloop
  endfacet
  facet normal 0 0 1
    outer loop
      vertex -16.5 -16.5 36.525999999999996
      vertex -14.412487158720037 12.720662342003779 36.525999999999996
      vertex -14.470820393249937 12.794657697249033 36.525999999999996
    endloop
  endfacet
  facet normal 0 0 1
    outer loop
      vertex -16.5 -16.5 36.525999999999996
      vertex -14.569207829026041 12.955211400312544 36.525999999999996
      vertex -14.608655439013544 13.040779881161892 36.525999999999996
    endloop
  endfacet
  facet normal 0 0 1
    outer loop
      vertex -16.5 -16.5 36.525999999999996
      vertex -14.470820393249937 12.794657697249033 36.525999999999996
      vertex -14.52316819722491 12.873001722340861 36.525999999999996
    endloop
  endfacet
  facet normal 0 0 1
    outer loop
      vertex -16.5 -16.5 36.525999999999996
      vertex -14.52316819722491 12.873001722340861 36.525999999999996
      vertex -14.569207829026041 12.955211400312544 36.525999999999996
    endloop
  endfacet
  facet normal 0 0 1
    outer loop
      vertex -16.5 -16.5 36.525999999999996
      vertex -14.279337657996221 12.587512841279963 36.525999999999996
      vertex -14.348528137423857 12.651471862576143 36.525999999999996
    endloop
  endfacet
  facet normal 0 0 1
    outer loop
      vertex -16.5 -16.5 36.525999999999996
      vertex -14.348528137423857 12.651471862576143 36.525999999999996
      vertex -14.412487158720037 12.720662342003779 36.525999999999996
    endloop
  endfacet
  facet normal 0 0 1
    outer loop
      vertex -16.5 -16.5 36.525999999999996
      vertex -14.205342302750967 12.529179606750063 36.525999999999996
      vertex -14.279337657996221 12.587512841279963 36.525999999999996
    endloop
  endfacet
  facet normal 0 0 1
    outer loop
      vertex -16.5 -16.5 36.525999999999996
      vertex -14.608655439013544 13.040779881161892 36.525999999999996
      vertex -14.641267819554184 13.129179606750062 36.525999999999996
    endloop
  endfacet
  facet normal 0 0 1
    outer loop
      vertex -16.5 -16.5 36.525999999999996
      vertex -14.641267819554184 13.129179606750062 36.525999999999996
      vertex -14.666843904477211 13.219865563372913 36.525999999999996
    endloop
  endfacet
  facet normal 0 0 1
    outer loop
      vertex -16.5 -16.5 36.525999999999996
      vertex -14.696300800479754 13.594150914873413 36.525999999999996
      vertex -16.5 16.5 36.525999999999996
    endloop
  endfacet
  facet normal 0 0 1
    outer loop
      vertex -16.5 -16.5 36.525999999999996
      vertex -14.7 13.5 36.525999999999996
      vertex -14.696300800479754 13.594150914873413 36.525999999999996
    endloop
  endfacet
  facet normal 0 0 1
    outer loop
      vertex -16.5 -16.5 36.525999999999996
      vertex -14.044788599687456 12.430792170973959 36.525999999999996
      vertex -14.126998277659139 12.47683180277509 36.525999999999996
    endloop
  endfacet
  facet normal 0 0 1
    outer loop
      vertex -16.5 -16.5 36.525999999999996
      vertex -13.959220118838108 12.391344560986456 36.525999999999996
      vertex -14.044788599687456 12.430792170973959 36.525999999999996
    endloop
  endfacet
  facet normal 0 0 1
    outer loop
      vertex -16.5 -16.5 36.525999999999996
      vertex -13.870820393249938 12.358732180445816 36.525999999999996
      vertex -13.959220118838108 12.391344560986456 36.525999999999996
    endloop
  endfacet
  facet normal 0 0 1
    outer loop
      vertex -16.5 -16.5 36.525999999999996
      vertex -13.780134436627087 12.333156095522789 36.525999999999996
      vertex -13.870820393249938 12.358732180445816 36.525999999999996
    endloop
  endfacet
  facet normal 0 0 1
    outer loop
      vertex -16.5 -16.5 36.525999999999996
      vertex -13.687721358048277 12.314773991285834 36.525999999999996
      vertex -13.780134436627087 12.333156095522789 36.525999999999996
    endloop
  endfacet
  facet normal 0 0 1
    outer loop
      vertex -16.5 -16.5 36.525999999999996
      vertex -9 7 36.525999999999996
      vertex -13.687721358048277 12.314773991285834 36.525999999999996
    endloop
  endfacet
  facet normal 0 0 1
    outer loop
      vertex -14.696300800479754 13.594150914873413 36.525999999999996
      vertex -14.685226008714166 13.687721358048277 36.525999999999996
      vertex -16.5 16.5 36.525999999999996
    endloop
  endfacet
  facet normal 0 0 1
    outer loop
      vertex -14.685226008714166 13.687721358048277 36.525999999999996
      vertex -14.666843904477211 13.780134436627087 36.525999999999996
      vertex -16.5 16.5 36.525999999999996
    endloop
  endfacet
  facet normal 0 0 1
    outer loop
      vertex -14.666843904477211 13.780134436627087 36.525999999999996
      vertex -14.641267819554184 13.870820393249938 36.525999999999996
      vertex -16.5 16.5 36.525999999999996
    endloop
  endfacet
  facet normal 0 0 1
    outer loop
      vertex -14.641267819554184 13.870820393249938 36.525999999999996
      vertex -14.608655439013544 13.959220118838108 36.525999999999996
      vertex -16.5 16.5 36.525999999999996
    endloop
  endfacet
  facet normal 0 0 1
    outer loop
      vertex -14.608655439013544 13.959220118838108 36.525999999999996
      vertex -14.569207829026041 14.044788599687456 36.525999999999996
      vertex -16.5 16.5 36.525999999999996
    endloop
  endfacet
  facet normal 0 0 1
    outer loop
      vertex -14.569207829026041 14.044788599687456 36.525999999999996
      vertex -14.52316819722491 14.126998277659139 36.525999999999996
      vertex -16.5 16.5 36.525999999999996
    endloop
  endfacet
  facet normal 0 0 1
    outer loop
      vertex -14.52316819722491 14.126998277659139 36.525999999999996
      vertex -14.470820393249937 14.205342302750967 36.525999999999996
      vertex -16.5 16.5 36.525999999999996
    endloop
  endfacet
  facet normal 0 0 1
    outer loop
      vertex -14.470820393249937 14.205342302750967 36.525999999999996
      vertex -14.412487158720037 14.279337657996221 36.525999999999996
      vertex -16.5 16.5 36.525999999999996
    endloop
  endfacet
  facet normal 0 0 1
    outer loop
      vertex -14.412487158720037 14.279337657996221 36.525999999999996
      vertex -14.348528137423857 14.348528137423857 36.525999999999996
      vertex -16.5 16.5 36.525999999999996
    endloop
  endfacet
  facet normal 0 0 1
    outer loop
      vertex -14.348528137423857 14.348528137423857 36.525999999999996
      vertex -14.279337657996221 14.412487158720037 36.525999999999996
      vertex -16.5 16.5 36.525999999999996
    endloop
  endfacet
  facet normal 0 0 1
    outer loop
      vertex -14.279337657996221 14.412487158720037 36.525999999999996
      vertex -14.205342302750967 14.470820393249937 36.525999999999996
      vertex -16.5 16.5 36.525999999999996
    endloop
  endfacet
  facet normal 0 0 1
    outer loop
      vertex -14.205342302750967 14.470820393249937 36.525999999999996
      vertex -14.126998277659139 14.52316819722491 36.525999999999996
      vertex -16.5 16.5 36.525999999999996
    endloop
  endfacet
  facet normal 0 0 1
    outer loop
      vertex -14.126998277659139 14.52316819722491 36.525999999999996
      vertex -14.044788599687456 14.569207829026041 36.525999999999996
      vertex -16.5 16.5 36.525999999999996
    endloop
  endfacet
  facet normal 0 0 1
    outer loop
      vertex -14.044788599687456 14.569207829026041 36.525999999999996
      vertex -13.959220118838108 14.608655439013544 36.525999999999996
      vertex -16.5 16.5 36.525999999999996
    endloop
  endfacet
  facet normal 0 0 1
    outer loop
      vertex -13.959220118838108 14.608655439013544 36.525999999999996
      vertex -13.870820393249938 14.641267819554184 36.525999999999996
      vertex -16.5 16.5 36.525999999999996
    endloop
  endfacet
  facet normal 0 0 1
    outer loop
      vertex -13.870820393249938 14.641267819554184 36.525999999999996
      vertex -13.780134436627087 14.666843904477211 36.525999999999996
      vertex -16.5 16.5 36.525999999999996
    endloop
  endfacet
  facet normal 0 0 1
    outer loop
      vertex -13.780134436627087 14.666843904477211 36.525999999999996
      vertex -13.687721358048277 14.685226008714166 36.525999999999996
      vertex -16.5 16.5 36.525999999999996
    endloop
  endfacet
  facet normal 0 0 1
    outer loop
      vertex -13.687721358048277 14.685226008714166 36.525999999999996
      vertex -13.594150914873413 14.696300800479754 36.525999999999996
      vertex -16.5 16.5 36.525999999999996
    endloop
  endfacet
  facet normal 0 0 1
    outer loop
      vertex -13.687721358048277 12.314773991285834 36.525999999999996
      vertex -9 7 36.525999999999996
      vertex -13.594150914873413 12.303699199520246 36.525999999999996
    endloop
  endfacet
  facet normal 0 0 1
    outer loop
      vertex -13.594150914873413 12.303699199520246 36.525999999999996
      vertex -8.996917333733128 7.078459095727845 36.525999999999996
      vertex -13.5 12.3 36.525999999999996
    endloop
  endfacet
  facet normal 0 0 1
    outer loop
      vertex -13.5 12.3 36.525999999999996
      vertex -8.987688340595138 7.156434465040231 36.525999999999996
      vertex -13.405849085126587 12.303699199520246 36.525999999999996
    endloop
  endfacet
  facet normal 0 0 1
    outer loop
      vertex -13.405849085126587 12.303699199520246 36.525999999999996
      vertex -8.972369920397677 7.233445363855905 36.525999999999996
      vertex -13.312278641951723 12.314773991285834 36.525999999999996
    endloop
  endfacet
  facet normal 0 0 1
    outer loop
      vertex -13.312278641951723 12.314773991285834 36.525999999999996
      vertex -8.923879532511286 7.38268343236509 36.525999999999996
      vertex -13.219865563372913 12.333156095522789 36.525999999999996
    endloop
  endfacet
  facet normal 0 0 1
    outer loop
      vertex -13.219865563372913 12.333156095522789 36.525999999999996
      vertex -8.891006524188368 7.453990499739547 36.525999999999996
      vertex -13.129179606750062 12.358732180445816 36.525999999999996
    endloop
  endfacet
  facet normal 0 0 1
    outer loop
      vertex -13.129179606750062 12.358732180445816 36.525999999999996
      vertex -8.852640164354092 7.522498564715949 36.525999999999996
      vertex -13.040779881161892 12.391344560986456 36.525999999999996
    endloop
  endfacet
  facet normal 0 0 1
    outer loop
      vertex -13.040779881161892 12.391344560986456 36.525999999999996
      vertex -8.809016994374947 7.587785252292473 36.525999999999996
      vertex -12.955211400312544 12.430792170973959 36.525999999999996
    endloop
  endfacet
  facet normal 0 0 1
    outer loop
      vertex -12.955211400312544 12.430792170973959 36.525999999999996
      vertex -8.76040596560003 7.649448048330184 36.525999999999996
      vertex -12.873001722340861 12.47683180277509 36.525999999999996
    endloop
  endfacet
  facet normal 0 0 1
    outer loop
      vertex -12.873001722340861 12.47683180277509 36.525999999999996
      vertex -8.707106781186548 7.707106781186548 36.525999999999996
      vertex -12.794657697249033 12.529179606750063 36.525999999999996
    endloop
  endfacet
  facet normal 0 0 1
    outer loop
      vertex -12.794657697249033 12.529179606750063 36.525999999999996
      vertex -8.649448048330184 7.760405965600031 36.525999999999996
      vertex -12.720662342003779 12.587512841279963 36.525999999999996
    endloop
  endfacet
  facet normal 0 0 1
    outer loop
      vertex -12.720662342003779 12.587512841279963 36.525999999999996
      vertex -8.52249856471595 7.852640164354092 36.525999999999996
      vertex -12.651471862576143 12.651471862576143 36.525999999999996
    endloop
  endfacet
  facet normal 0 0 1
    outer loop
      vertex -12.651471862576143 12.651471862576143 36.525999999999996
      vertex -8.453990499739547 7.891006524188368 36.525999999999996
      vertex -12.587512841279963 12.720662342003779 36.525999999999996
    endloop
  endfacet
  facet normal 0 0 1
    outer loop
      vertex -12.587512841279963 12.720662342003779 36.525999999999996
      vertex -8.38268343236509 7.923879532511287 36.525999999999996
      vertex -12.529179606750063 12.794657697249033 36.525999999999996
    endloop
  endfacet
  facet normal 0 0 1
    outer loop
      vertex -12.529179606750063 12.794657697249033 36.525999999999996
      vertex -8.309016994374947 7.951056516295154 36.525999999999996
      vertex -12.47683180277509 12.873001722340861 36.525999999999996
    endloop
  endfacet
  facet normal 0 0 1
    outer loop
      vertex -13.594150914873413 14.696300800479754 36.525999999999996
      vertex -13.5 14.7 36.525999999999996
      vertex -7 16.5 36.525999999999996
    endloop
  endfacet
  facet normal 0 0 1
    outer loop
      vertex -13.5 14.7 36.525999999999996
      vertex -13.405849085126587 14.696300800479754 36.525999999999996
      vertex -7 16.5 36.525999999999996
    endloop
  endfacet
  facet normal 0 0 1
    outer loop
      vertex -13.405849085126587 14.696300800479754 36.525999999999996
      vertex -13.312278641951723 14.685226008714166 36.525999999999996
      vertex -7 16.5 36.525999999999996
    endloop
  endfacet
  facet normal 0 0 1
    outer loop
      vertex -12.873001722340861 14.52316819722491 36.525999999999996
      vertex -12.794657697249033 14.470820393249937 36.525999999999996
      vertex -7 16.5 36.525999999999996
    endloop
  endfacet
  facet normal 0 0 1
    outer loop
      vertex -13.312278641951723 14.685226008714166 36.525999999999996
      vertex -13.219865563372913 14.666843904477211 36.525999999999996
      vertex -7 16.5 36.525999999999996
    endloop
  endfacet
  facet normal 0 0 1
    outer loop
      vertex -13.129179606750062 14.641267819554184 36.525999999999996
      vertex -13.040779881161892 14.608655439013544 36.525999999999996
      vertex -7 16.5 36.525999999999996
    endloop
  endfacet
  facet normal 0 0 1
    outer loop
      vertex -13.219865563372913 14.666843904477211 36.525999999999996
      vertex -13.129179606750062 14.641267819554184 36.525999999999996
      vertex -7 16.5 36.525999999999996
    endloop
  endfacet
  facet normal 0 0 1
    outer loop
      vertex -13.040779881161892 14.608655439013544 36.525999999999996
      vertex -12.955211400312544 14.569207829026041 36.525999999999996
      vertex -7 16.5 36.525999999999996
    endloop
  endfacet
  facet normal 0 0 1
    outer loop
      vertex -12.873001722340861 14.52316819722491 36.525999999999996
      vertex -7 16.5 36.525999999999996
      vertex -12.955211400312544 14.569207829026041 36.525999999999996
    endloop
  endfacet
  facet normal 0 0 1
    outer loop
      vertex -13.594150914873413 14.696300800479754 36.525999999999996
      vertex -7 16.5 36.525999999999996
      vertex -16.5 16.5 36.525999999999996
    endloop
  endfacet
  facet normal 0 -1 0
    outer loop
      vertex -16.5 16.5 36.525999999999996
      vertex -7 16.5 40.126
      vertex -16.5 16.5 40.126
    endloop
  endfacet
  facet normal 0 0 1
    outer loop
      vertex -13.594150914873413 12.303699199520246 36.525999999999996
      vertex -9 7 36.525999999999996
      vertex -8.996917333733128 7.078459095727845 36.525999999999996
    endloop
  endfacet
  facet normal 0 0 1
    outer loop
      vertex -13.5 12.3 36.525999999999996
      vertex -8.996917333733128 7.078459095727845 36.525999999999996
      vertex -8.987688340595138 7.156434465040231 36.525999999999996
    endloop
  endfacet
  facet normal 0 0 1
    outer loop
      vertex -13.405849085126587 12.303699199520246 36.525999999999996
      vertex -8.987688340595138 7.156434465040231 36.525999999999996
      vertex -8.972369920397677 7.233445363855905 36.525999999999996
    endloop
  endfacet
  facet normal 0 0 1
    outer loop
      vertex -13.312278641951723 12.314773991285834 36.525999999999996
      vertex -8.972369920397677 7.233445363855905 36.525999999999996
      vertex -8.951056516295154 7.3090169943749475 36.525999999999996
    endloop
  endfacet
  facet normal 0 0 1
    outer loop
      vertex -13.312278641951723 12.314773991285834 36.525999999999996
      vertex -8.951056516295154 7.3090169943749475 36.525999999999996
      vertex -8.923879532511286 7.38268343236509 36.525999999999996
    endloop
  endfacet
  facet normal 0 0 1
    outer loop
      vertex -13.219865563372913 12.333156095522789 36.525999999999996
      vertex -8.923879532511286 7.38268343236509 36.525999999999996
      vertex -8.891006524188368 7.453990499739547 36.525999999999996
    endloop
  endfacet
  facet normal 0 0 1
    outer loop
      vertex -13.129179606750062 12.358732180445816 36.525999999999996
      vertex -8.891006524188368 7.453990499739547 36.525999999999996
      vertex -8.852640164354092 7.522498564715949 36.525999999999996
    endloop
  endfacet
  facet normal 0 0 1
    outer loop
      vertex -13.040779881161892 12.391344560986456 36.525999999999996
      vertex -8.852640164354092 7.522498564715949 36.525999999999996
      vertex -8.809016994374947 7.587785252292473 36.525999999999996
    endloop
  endfacet
  facet normal 0 0 1
    outer loop
      vertex -12.955211400312544 12.430792170973959 36.525999999999996
      vertex -8.809016994374947 7.587785252292473 36.525999999999996
      vertex -8.76040596560003 7.649448048330184 36.525999999999996
    endloop
  endfacet
  facet normal 0 0 1
    outer loop
      vertex -12.873001722340861 12.47683180277509 36.525999999999996
      vertex -8.76040596560003 7.649448048330184 36.525999999999996
      vertex -8.707106781186548 7.707106781186548 36.525999999999996
    endloop
  endfacet
  facet normal 0 0 1
    outer loop
      vertex -12.794657697249033 12.529179606750063 36.525999999999996
      vertex -8.707106781186548 7.707106781186548 36.525999999999996
      vertex -8.649448048330184 7.760405965600031 36.525999999999996
    endloop
  endfacet
  facet normal 0 0 1
    outer loop
      vertex -12.720662342003779 12.587512841279963 36.525999999999996
      vertex -8.649448048330184 7.760405965600031 36.525999999999996
      vertex -8.587785252292473 7.8090169943749475 36.525999999999996
    endloop
  endfacet
  facet normal 0 0 1
    outer loop
      vertex -12.720662342003779 12.587512841279963 36.525999999999996
      vertex -8.587785252292473 7.8090169943749475 36.525999999999996
      vertex -8.52249856471595 7.852640164354092 36.525999999999996
    endloop
  endfacet
  facet normal 0 0 1
    outer loop
      vertex -12.651471862576143 12.651471862576143 36.525999999999996
      vertex -8.52249856471595 7.852640164354092 36.525999999999996
      vertex -8.453990499739547 7.891006524188368 36.525999999999996
    endloop
  endfacet
  facet normal 0 0 1
    outer loop
      vertex -12.587512841279963 12.720662342003779 36.525999999999996
      vertex -8.453990499739547 7.891006524188368 36.525999999999996
      vertex -8.38268343236509 7.923879532511287 36.525999999999996
    endloop
  endfacet
  facet normal 0 0 1
    outer loop
      vertex -12.529179606750063 12.794657697249033 36.525999999999996
      vertex -8.38268343236509 7.923879532511287 36.525999999999996
      vertex -8.309016994374947 7.951056516295154 36.525999999999996
    endloop
  endfacet
  facet normal 0 0 1
    outer loop
      vertex -12.47683180277509 12.873001722340861 36.525999999999996
      vertex -8.309016994374947 7.951056516295154 36.525999999999996
      vertex -8.233445363855905 7.972369920397677 36.525999999999996
    endloop
  endfacet
  facet normal 0 0 1
    outer loop
      vertex -12.47683180277509 12.873001722340861 36.525999999999996
      vertex -8.233445363855905 7.972369920397677 36.525999999999996
      vertex -8.156434465040231 7.987688340595138 36.525999999999996
    endloop
  endfacet
  facet normal 0 0 1
    outer loop
      vertex -12.47683180277509 12.873001722340861 36.525999999999996
      vertex -8.156434465040231 7.987688340595138 36.525999999999996
      vertex -8.078459095727846 7.996917333733128 36.525999999999996
    endloop
  endfacet
  facet normal 0 0 1
    outer loop
      vertex -12.47683180277509 12.873001722340861 36.525999999999996
      vertex -8.078459095727846 7.996917333733128 36.525999999999996
      vertex -8 8 36.525999999999996
    endloop
  endfacet
  facet normal 0 0 1
    outer loop
      vertex -8 8 36.525999999999996
      vertex 8 8 36.525999999999996
      vertex -7 10.5 36.525999999999996
    endloop
  endfacet
  facet normal 0 0 1
    outer loop
      vertex -12.47683180277509 12.873001722340861 36.525999999999996
      vertex -7 10.5 36.525999999999996
      vertex -12.430792170973959 12.955211400312544 36.525999999999996
    endloop
  endfacet
  facet normal 0 0 1
    outer loop
      vertex -12.430792170973959 12.955211400312544 36.525999999999996
      vertex -7 10.5 36.525999999999996
      vertex -12.391344560986456 13.040779881161892 36.525999999999996
    endloop
  endfacet
  facet normal 0 0 1
    outer loop
      vertex -12.391344560986456 13.040779881161892 36.525999999999996
      vertex -7 10.5 36.525999999999996
      vertex -12.358732180445816 13.129179606750062 36.525999999999996
    endloop
  endfacet
  facet normal 0 0 1
    outer loop
      vertex -12.358732180445816 13.129179606750062 36.525999999999996
      vertex -7 10.5 36.525999999999996
      vertex -12.333156095522789 13.219865563372913 36.525999999999996
    endloop
  endfacet
  facet normal 0 0 1
    outer loop
      vertex -12.333156095522789 13.219865563372913 36.525999999999996
      vertex -7 10.5 36.525999999999996
      vertex -12.314773991285834 13.312278641951723 36.525999999999996
    endloop
  endfacet
  facet normal 0 0 1
    outer loop
      vertex -12.314773991285834 13.312278641951723 36.525999999999996
      vertex -7 10.5 36.525999999999996
      vertex -12.303699199520246 13.405849085126587 36.525999999999996
    endloop
  endfacet
  facet normal 0 0 1
    outer loop
      vertex -12.303699199520246 13.405849085126587 36.525999999999996
      vertex -7 10.5 36.525999999999996
      vertex -12.3 13.5 36.525999999999996
    endloop
  endfacet
  facet normal 0 0 1
    outer loop
      vertex -12.3 13.5 36.525999999999996
      vertex -7 10.5 36.525999999999996
      vertex -12.303699199520246 13.594150914873413 36.525999999999996
    endloop
  endfacet
  facet normal 0 0 1
    outer loop
      vertex -12.314773991285834 13.687721358048277 36.525999999999996
      vertex -12.303699199520246 13.594150914873413 36.525999999999996
      vertex -7 10.5 36.525999999999996
    endloop
  endfacet
  facet normal 0 0 1
    outer loop
      vertex -12.314773991285834 13.687721358048277 36.525999999999996
      vertex -7 10.5 36.525999999999996
      vertex -12.333156095522789 13.780134436627087 36.525999999999996
    endloop
  endfacet
  facet normal 0 0 1
    outer loop
      vertex -12.333156095522789 13.780134436627087 36.525999999999996
      vertex -7 10.5 36.525999999999996
      vertex -12.358732180445816 13.870820393249938 36.525999999999996
    endloop
  endfacet
  facet normal 0 0 1
    outer loop
      vertex -12.47683180277509 12.873001722340861 36.525999999999996
      vertex -8 8 36.525999999999996
      vertex -7 10.5 36.525999999999996
    endloop
  endfacet
  facet normal 0 0 1
    outer loop
      vertex -12.391344560986456 13.959220118838108 36.525999999999996
      vertex -12.358732180445816 13.870820393249938 36.525999999999996
      vertex -7 16.5 36.525999999999996
    endloop
  endfacet
  facet normal 0 0 1
    outer loop
      vertex -12.587512841279963 14.279337657996221 36.525999999999996
      vertex -12.529179606750063 14.205342302750967 36.525999999999996
      vertex -7 16.5 36.525999999999996
    endloop
  endfacet
  facet normal 0 0 1
    outer loop
      vertex -12.794657697249033 14.470820393249937 36.525999999999996
      vertex -12.720662342003779 14.412487158720037 36.525999999999996
      vertex -7 16.5 36.525999999999996
    endloop
  endfacet
  facet normal 0 0 1
    outer loop
      vertex -12.651471862576143 14.348528137423857 36.525999999999996
      vertex -7 16.5 36.525999999999996
      vertex -12.720662342003779 14.412487158720037 36.525999999999996
    endloop
  endfacet
  facet normal 0 0 1
    outer loop
      vertex -12.651471862576143 14.348528137423857 36.525999999999996
      vertex -12.587512841279963 14.279337657996221 36.525999999999996
      vertex -7 16.5 36.525999999999996
    endloop
  endfacet
  facet normal 0 0 1
    outer loop
      vertex -12.47683180277509 14.126998277659139 36.525999999999996
      vertex -12.430792170973959 14.044788599687456 36.525999999999996
      vertex -7 16.5 36.525999999999996
    endloop
  endfacet
  facet normal 0 0 1
    outer loop
      vertex -12.47683180277509 14.126998277659139 36.525999999999996
      vertex -7 16.5 36.525999999999996
      vertex -12.529179606750063 14.205342302750967 36.525999999999996
    endloop
  endfacet
  facet normal 0 0 1
    outer loop
      vertex -12.391344560986456 13.959220118838108 36.525999999999996
      vertex -7 16.5 36.525999999999996
      vertex -12.430792170973959 14.044788599687456 36.525999999999996
    endloop
  endfacet
  facet normal 0 0 1
    outer loop
      vertex -12.358732180445816 13.870820393249938 36.525999999999996
      vertex -7 10.5 36.525999999999996
      vertex -7 16.5 36.525999999999996
    endloop
  endfacet
  facet normal 0 -1 0
    outer loop
      vertex -16.5 16.5 36.525999999999996
      vertex -7 16.5 36.525999999999996
      vertex -7 16.5 37.126
    endloop
  endfacet
  facet normal 0 -1 0
    outer loop
      vertex -16.5 16.5 36.525999999999996
      vertex -7 16.5 37.126
      vertex -7 16.5 40.126
    endloop
  endfacet
  facet normal 0 0 1
    outer loop
      vertex -12.720662342003779 -14.412487158720037 36.525999999999996
      vertex 12.794657697249033 -14.470820393249937 36.525999999999996
      vertex 12.720662342003779 -14.412487158720037 36.525999999999996
    endloop
  endfacet
  facet normal 0 0 1
    outer loop
      vertex -12.720662342003779 -14.412487158720037 36.525999999999996
      vertex 12.873001722340861 -14.52316819722491 36.525999999999996
      vertex 12.794657697249033 -14.470820393249937 36.525999999999996
    endloop
  endfacet
  facet normal 0 0 1
    outer loop
      vertex -12.720662342003779 -14.412487158720037 36.525999999999996
      vertex 12.955211400312544 -14.569207829026041 36.525999999999996
      vertex 12.873001722340861 -14.52316819722491 36.525999999999996
    endloop
  endfacet
  facet normal 0 0 1
    outer loop
      vertex -12.720662342003779 -14.412487158720037 36.525999999999996
      vertex 12.720662342003779 -14.412487158720037 36.525999999999996
      vertex 12.651471862576143 -14.348528137423857 36.525999999999996
    endloop
  endfacet
  facet normal 0 0 1
    outer loop
      vertex -12.651471862576143 -14.348528137423857 36.525999999999996
      vertex 12.651471862576143 -14.348528137423857 36.525999999999996
      vertex 12.587512841279963 -14.279337657996221 36.525999999999996
    endloop
  endfacet
  facet normal 0 0 1
    outer loop
      vertex -12.529179606750063 -14.205342302750967 36.525999999999996
      vertex 12.529179606750063 -14.205342302750967 36.525999999999996
      vertex 12.47683180277509 -14.126998277659139 36.525999999999996
    endloop
  endfacet
  facet normal 0 0 1
    outer loop
      vertex -12.47683180277509 -14.126998277659139 36.525999999999996
      vertex 12.47683180277509 -14.126998277659139 36.525999999999996
      vertex 12.430792170973959 -14.044788599687456 36.525999999999996
    endloop
  endfacet
  facet normal 0 0 1
    outer loop
      vertex -12.587512841279963 -14.279337657996221 36.525999999999996
      vertex 12.587512841279963 -14.279337657996221 36.525999999999996
      vertex 12.529179606750063 -14.205342302750967 36.525999999999996
    endloop
  endfacet
  facet normal 0 0 1
    outer loop
      vertex -12.430792170973959 -14.044788599687456 36.525999999999996
      vertex 12.430792170973959 -14.044788599687456 36.525999999999996
      vertex 12.391344560986456 -13.959220118838108 36.525999999999996
    endloop
  endfacet
  facet normal 0 0 1
    outer loop
      vertex -12.391344560986456 -13.959220118838108 36.525999999999996
      vertex 12.391344560986456 -13.959220118838108 36.525999999999996
      vertex 12.358732180445816 -13.870820393249938 36.525999999999996
    endloop
  endfacet
  facet normal 0 0 1
    outer loop
      vertex -12.391344560986456 -13.959220118838108 36.525999999999996
      vertex 12.358732180445816 -13.870820393249938 36.525999999999996
      vertex 12.333156095522789 -13.780134436627087 36.525999999999996
    endloop
  endfacet
  facet normal 0 0 1
    outer loop
      vertex -12.391344560986456 -13.959220118838108 36.525999999999996
      vertex 12.333156095522789 -13.780134436627087 36.525999999999996
      vertex 12.314773991285834 -13.687721358048277 36.525999999999996
    endloop
  endfacet
  facet normal 0 0 1
    outer loop
      vertex -12.391344560986456 -13.959220118838108 36.525999999999996
      vertex 12.303699199520246 -13.594150914873413 36.525999999999996
      vertex 12.3 -13.5 36.525999999999996
    endloop
  endfacet
  facet normal 0 0 1
    outer loop
      vertex -12.391344560986456 -13.959220118838108 36.525999999999996
      vertex 12.314773991285834 -13.687721358048277 36.525999999999996
      vertex 12.303699199520246 -13.594150914873413 36.525999999999996
    endloop
  endfacet
  facet normal 0 0 1
    outer loop
      vertex -12.3 -13.5 36.525999999999996
      vertex 12.3 -13.5 36.525999999999996
      vertex 12.303699199520246 -13.405849085126587 36.525999999999996
    endloop
  endfacet
  facet normal 0 0 1
    outer loop
      vertex -12.391344560986456 -13.040779881161892 36.525999999999996
      vertex 12.303699199520246 -13.405849085126587 36.525999999999996
      vertex 12.314773991285834 -13.312278641951723 36.525999999999996
    endloop
  endfacet
  facet normal 0 0 1
    outer loop
      vertex -12.391344560986456 -13.040779881161892 36.525999999999996
      vertex 12.314773991285834 -13.312278641951723 36.525999999999996
      vertex 12.333156095522789 -13.219865563372913 36.525999999999996
    endloop
  endfacet
  facet normal 0 0 1
    outer loop
      vertex -12.391344560986456 -13.040779881161892 36.525999999999996
      vertex 12.333156095522789 -13.219865563372913 36.525999999999996
      vertex 12.358732180445816 -13.129179606750062 36.525999999999996
    endloop
  endfacet
  facet normal 0 0 1
    outer loop
      vertex -12.391344560986456 -13.040779881161892 36.525999999999996
      vertex 12.358732180445816 -13.129179606750062 36.525999999999996
      vertex 12.391344560986456 -13.040779881161892 36.525999999999996
    endloop
  endfacet
  facet normal 0 0 1
    outer loop
      vertex -12.391344560986456 -13.040779881161892 36.525999999999996
      vertex 12.391344560986456 -13.040779881161892 36.525999999999996
      vertex 12.430792170973959 -12.955211400312544 36.525999999999996
    endloop
  endfacet
  facet normal 0 0 1
    outer loop
      vertex -12.391344560986456 -13.040779881161892 36.525999999999996
      vertex 12.430792170973959 -12.955211400312544 36.525999999999996
      vertex 12.47683180277509 -12.873001722340861 36.525999999999996
    endloop
  endfacet
  facet normal 0 0 1
    outer loop
      vertex -12.391344560986456 -13.040779881161892 36.525999999999996
      vertex 12.47683180277509 -12.873001722340861 36.525999999999996
      vertex 12.529179606750063 -12.794657697249033 36.525999999999996
    endloop
  endfacet
  facet normal 0 0 1
    outer loop
      vertex -12.391344560986456 -13.040779881161892 36.525999999999996
      vertex 12.529179606750063 -12.794657697249033 36.525999999999996
      vertex 12.587512841279963 -12.720662342003779 36.525999999999996
    endloop
  endfacet
  facet normal 0 1 0
    outer loop
      vertex 16.5 -16.5 36.525999999999996
      vertex -16.5 -16.5 40.126
      vertex 16.5 -16.5 40.126
    endloop
  endfacet
  facet normal 0 0 1
    outer loop
      vertex -12.720662342003779 -14.412487158720037 36.525999999999996
      vertex 16.5 -16.5 36.525999999999996
      vertex 12.955211400312544 -14.569207829026041 36.525999999999996
    endloop
  endfacet
  facet normal 0 0 1
    outer loop
      vertex -8 -8 36.525999999999996
      vertex 12.587512841279963 -12.720662342003779 36.525999999999996
      vertex 8 -8 36.525999999999996
    endloop
  endfacet
  facet normal 0 0 1
    outer loop
      vertex 8 -8 36.525999999999996
      vertex 12.587512841279963 -12.720662342003779 36.525999999999996
      vertex 8.078459095727846 -7.996917333733128 36.525999999999996
    endloop
  endfacet
  facet normal 0 0 1
    outer loop
      vertex 8.078459095727846 -7.996917333733128 36.525999999999996
      vertex 12.587512841279963 -12.720662342003779 36.525999999999996
      vertex 8.156434465040231 -7.987688340595138 36.525999999999996
    endloop
  endfacet
  facet normal 0 0 1
    outer loop
      vertex 8.156434465040231 -7.987688340595138 36.525999999999996
      vertex 12.587512841279963 -12.720662342003779 36.525999999999996
      vertex 8.233445363855905 -7.972369920397677 36.525999999999996
    endloop
  endfacet
  facet normal 0 0 1
    outer loop
      vertex 8.233445363855905 -7.972369920397677 36.525999999999996
      vertex 12.587512841279963 -12.720662342003779 36.525999999999996
      vertex 8.309016994374947 -7.951056516295154 36.525999999999996
    endloop
  endfacet
  facet normal 0 0 1
    outer loop
      vertex 8.309016994374947 -7.951056516295154 36.525999999999996
      vertex 12.587512841279963 -12.720662342003779 36.525999999999996
      vertex 8.38268343236509 -7.923879532511287 36.525999999999996
    endloop
  endfacet
  facet normal 0 0 1
    outer loop
      vertex 8.38268343236509 -7.923879532511287 36.525999999999996
      vertex 12.587512841279963 -12.720662342003779 36.525999999999996
      vertex 8.453990499739547 -7.891006524188368 36.525999999999996
    endloop
  endfacet
  facet normal 0 0 1
    outer loop
      vertex 8.453990499739547 -7.891006524188368 36.525999999999996
      vertex 12.651471862576143 -12.651471862576143 36.525999999999996
      vertex 8.52249856471595 -7.852640164354092 36.525999999999996
    endloop
  endfacet
  facet normal 0 0 1
    outer loop
      vertex 8.52249856471595 -7.852640164354092 36.525999999999996
      vertex 12.720662342003779 -12.587512841279963 36.525999999999996
      vertex 8.587785252292473 -7.8090169943749475 36.525999999999996
    endloop
  endfacet
  facet normal 0 0 1
    outer loop
      vertex 8.587785252292473 -7.8090169943749475 36.525999999999996
      vertex 12.720662342003779 -12.587512841279963 36.525999999999996
      vertex 8.649448048330184 -7.760405965600031 36.525999999999996
    endloop
  endfacet
  facet normal 0 0 1
    outer loop
      vertex 8.649448048330184 -7.760405965600031 36.525999999999996
      vertex 12.794657697249033 -12.529179606750063 36.525999999999996
      vertex 8.707106781186548 -7.707106781186548 36.525999999999996
    endloop
  endfacet
  facet normal 0 0 1
    outer loop
      vertex 8.707106781186548 -7.707106781186548 36.525999999999996
      vertex 12.873001722340861 -12.47683180277509 36.525999999999996
      vertex 8.76040596560003 -7.649448048330184 36.525999999999996
    endloop
  endfacet
  facet normal 0 0 1
    outer loop
      vertex 8.76040596560003 -7.649448048330184 36.525999999999996
      vertex 12.955211400312544 -12.430792170973959 36.525999999999996
      vertex 8.809016994374947 -7.587785252292473 36.525999999999996
    endloop
  endfacet
  facet normal 0 0 1
    outer loop
      vertex 8.809016994374947 -7.587785252292473 36.525999999999996
      vertex 13.040779881161892 -12.391344560986456 36.525999999999996
      vertex 8.852640164354092 -7.522498564715949 36.525999999999996
    endloop
  endfacet
  facet normal 0 0 1
    outer loop
      vertex 8.852640164354092 -7.522498564715949 36.525999999999996
      vertex 13.129179606750062 -12.358732180445816 36.525999999999996
      vertex 8.891006524188368 -7.453990499739547 36.525999999999996
    endloop
  endfacet
  facet normal 0 0 1
    outer loop
      vertex 8.891006524188368 -7.453990499739547 36.525999999999996
      vertex 13.219865563372913 -12.333156095522789 36.525999999999996
      vertex 8.923879532511286 -7.38268343236509 36.525999999999996
    endloop
  endfacet
  facet normal 0 0 1
    outer loop
      vertex 8.923879532511286 -7.38268343236509 36.525999999999996
      vertex 13.312278641951723 -12.314773991285834 36.525999999999996
      vertex 8.951056516295154 -7.3090169943749475 36.525999999999996
    endloop
  endfacet
  facet normal 0 0 1
    outer loop
      vertex 8.951056516295154 -7.3090169943749475 36.525999999999996
      vertex 13.312278641951723 -12.314773991285834 36.525999999999996
      vertex 8.972369920397677 -7.233445363855905 36.525999999999996
    endloop
  endfacet
  facet normal 0 0 1
    outer loop
      vertex 8.972369920397677 -7.233445363855905 36.525999999999996
      vertex 13.405849085126587 -12.303699199520246 36.525999999999996
      vertex 8.987688340595138 -7.156434465040231 36.525999999999996
    endloop
  endfacet
  facet normal 0 0 1
    outer loop
      vertex 8.987688340595138 -7.156434465040231 36.525999999999996
      vertex 13.5 -12.3 36.525999999999996
      vertex 8.996917333733128 -7.078459095727845 36.525999999999996
    endloop
  endfacet
  facet normal 0 0 1
    outer loop
      vertex 8.996917333733128 -7.078459095727845 36.525999999999996
      vertex 13.594150914873413 -12.303699199520246 36.525999999999996
      vertex 9 -7 36.525999999999996
    endloop
  endfacet
  facet normal 0 0 1
    outer loop
      vertex 12.955211400312544 -14.569207829026041 36.525999999999996
      vertex 16.5 -16.5 36.525999999999996
      vertex 13.040779881161892 -14.608655439013544 36.525999999999996
    endloop
  endfacet
  facet normal 0 0 1
    outer loop
      vertex 13.040779881161892 -14.608655439013544 36.525999999999996
      vertex 16.5 -16.5 36.525999999999996
      vertex 13.129179606750062 -14.641267819554184 36.525999999999996
    endloop
  endfacet
  facet normal 0 0 1
    outer loop
      vertex 13.129179606750062 -14.641267819554184 36.525999999999996
      vertex 16.5 -16.5 36.525999999999996
      vertex 13.219865563372913 -14.666843904477211 36.525999999999996
    endloop
  endfacet
  facet normal 0 0 1
    outer loop
      vertex 13.219865563372913 -14.666843904477211 36.525999999999996
      vertex 16.5 -16.5 36.525999999999996
      vertex 13.312278641951723 -14.685226008714166 36.525999999999996
    endloop
  endfacet
  facet normal 0 0 1
    outer loop
      vertex 13.312278641951723 -14.685226008714166 36.525999999999996
      vertex 16.5 -16.5 36.525999999999996
      vertex 13.405849085126587 -14.696300800479754 36.525999999999996
    endloop
  endfacet
  facet normal 0 0 1
    outer loop
      vertex 13.405849085126587 -14.696300800479754 36.525999999999996
      vertex 16.5 -16.5 36.525999999999996
      vertex 13.5 -14.7 36.525999999999996
    endloop
  endfacet
  facet normal 0 0 1
    outer loop
      vertex 13.5 -14.7 36.525999999999996
      vertex 16.5 -16.5 36.525999999999996
      vertex 13.594150914873413 -14.696300800479754 36.525999999999996
    endloop
  endfacet
  facet normal 0 0 1
    outer loop
      vertex 13.594150914873413 -14.696300800479754 36.525999999999996
      vertex 16.5 -16.5 36.525999999999996
      vertex 13.687721358048277 -14.685226008714166 36.525999999999996
    endloop
  endfacet
  facet normal 0 0 1
    outer loop
      vertex 13.687721358048277 -14.685226008714166 36.525999999999996
      vertex 16.5 -16.5 36.525999999999996
      vertex 13.780134436627087 -14.666843904477211 36.525999999999996
    endloop
  endfacet
  facet normal 0 0 1
    outer loop
      vertex 13.780134436627087 -14.666843904477211 36.525999999999996
      vertex 16.5 -16.5 36.525999999999996
      vertex 13.870820393249938 -14.641267819554184 36.525999999999996
    endloop
  endfacet
  facet normal 0 0 1
    outer loop
      vertex 13.870820393249938 -14.641267819554184 36.525999999999996
      vertex 16.5 -16.5 36.525999999999996
      vertex 13.959220118838108 -14.608655439013544 36.525999999999996
    endloop
  endfacet
  facet normal 0 0 1
    outer loop
      vertex 13.959220118838108 -14.608655439013544 36.525999999999996
      vertex 16.5 -16.5 36.525999999999996
      vertex 14.044788599687456 -14.569207829026041 36.525999999999996
    endloop
  endfacet
  facet normal 0 0 1
    outer loop
      vertex 14.044788599687456 -14.569207829026041 36.525999999999996
      vertex 16.5 -16.5 36.525999999999996
      vertex 14.126998277659139 -14.52316819722491 36.525999999999996
    endloop
  endfacet
  facet normal 0 0 1
    outer loop
      vertex 14.126998277659139 -14.52316819722491 36.525999999999996
      vertex 16.5 -16.5 36.525999999999996
      vertex 14.205342302750967 -14.470820393249937 36.525999999999996
    endloop
  endfacet
  facet normal 0 0 1
    outer loop
      vertex 14.205342302750967 -14.470820393249937 36.525999999999996
      vertex 16.5 -16.5 36.525999999999996
      vertex 14.279337657996221 -14.412487158720037 36.525999999999996
    endloop
  endfacet
  facet normal 0 0 1
    outer loop
      vertex 14.279337657996221 -14.412487158720037 36.525999999999996
      vertex 16.5 -16.5 36.525999999999996
      vertex 14.348528137423857 -14.348528137423857 36.525999999999996
    endloop
  endfacet
  facet normal 0 0 1
    outer loop
      vertex 14.348528137423857 -14.348528137423857 36.525999999999996
      vertex 16.5 -16.5 36.525999999999996
      vertex 14.412487158720037 -14.279337657996221 36.525999999999996
    endloop
  endfacet
  facet normal 0 0 1
    outer loop
      vertex 14.412487158720037 -14.279337657996221 36.525999999999996
      vertex 16.5 -16.5 36.525999999999996
      vertex 14.470820393249937 -14.205342302750967 36.525999999999996
    endloop
  endfacet
  facet normal 0 0 1
    outer loop
      vertex 14.470820393249937 -14.205342302750967 36.525999999999996
      vertex 16.5 -16.5 36.525999999999996
      vertex 14.52316819722491 -14.126998277659139 36.525999999999996
    endloop
  endfacet
  facet normal 0 0 1
    outer loop
      vertex 14.52316819722491 -14.126998277659139 36.525999999999996
      vertex 16.5 -16.5 36.525999999999996
      vertex 14.569207829026041 -14.044788599687456 36.525999999999996
    endloop
  endfacet
  facet normal 0 0 1
    outer loop
      vertex 14.569207829026041 -14.044788599687456 36.525999999999996
      vertex 16.5 -16.5 36.525999999999996
      vertex 14.608655439013544 -13.959220118838108 36.525999999999996
    endloop
  endfacet
  facet normal 0 0 1
    outer loop
      vertex 14.608655439013544 -13.959220118838108 36.525999999999996
      vertex 16.5 -16.5 36.525999999999996
      vertex 14.641267819554184 -13.870820393249938 36.525999999999996
    endloop
  endfacet
  facet normal 0 0 1
    outer loop
      vertex 16.5 -16.5 36.525999999999996
      vertex 14.666843904477211 -13.780134436627087 36.525999999999996
      vertex 14.641267819554184 -13.870820393249938 36.525999999999996
    endloop
  endfacet
  facet normal 0 0 1
    outer loop
      vertex 16.5 -16.5 36.525999999999996
      vertex 14.685226008714166 -13.687721358048277 36.525999999999996
      vertex 14.666843904477211 -13.780134436627087 36.525999999999996
    endloop
  endfacet
  facet normal 0 0 1
    outer loop
      vertex 16.5 -16.5 36.525999999999996
      vertex 14.696300800479754 -13.594150914873413 36.525999999999996
      vertex 14.685226008714166 -13.687721358048277 36.525999999999996
    endloop
  endfacet
  facet normal 0 0 1
    outer loop
      vertex 16.5 -16.5 36.525999999999996
      vertex 14.7 -13.5 36.525999999999996
      vertex 14.696300800479754 -13.594150914873413 36.525999999999996
    endloop
  endfacet
  facet normal 0 0 1
    outer loop
      vertex 8.453990499739547 -7.891006524188368 36.525999999999996
      vertex 12.587512841279963 -12.720662342003779 36.525999999999996
      vertex 12.651471862576143 -12.651471862576143 36.525999999999996
    endloop
  endfacet
  facet normal 0 0 1
    outer loop
      vertex 8.52249856471595 -7.852640164354092 36.525999999999996
      vertex 12.651471862576143 -12.651471862576143 36.525999999999996
      vertex 12.720662342003779 -12.587512841279963 36.525999999999996
    endloop
  endfacet
  facet normal 0 0 1
    outer loop
      vertex 8.649448048330184 -7.760405965600031 36.525999999999996
      vertex 12.720662342003779 -12.587512841279963 36.525999999999996
      vertex 12.794657697249033 -12.529179606750063 36.525999999999996
    endloop
  endfacet
  facet normal 0 0 1
    outer loop
      vertex 8.707106781186548 -7.707106781186548 36.525999999999996
      vertex 12.794657697249033 -12.529179606750063 36.525999999999996
      vertex 12.873001722340861 -12.47683180277509 36.525999999999996
    endloop
  endfacet
  facet normal 0 0 1
    outer loop
      vertex 8.76040596560003 -7.649448048330184 36.525999999999996
      vertex 12.873001722340861 -12.47683180277509 36.525999999999996
      vertex 12.955211400312544 -12.430792170973959 36.525999999999996
    endloop
  endfacet
  facet normal 0 0 1
    outer loop
      vertex 8.809016994374947 -7.587785252292473 36.525999999999996
      vertex 12.955211400312544 -12.430792170973959 36.525999999999996
      vertex 13.040779881161892 -12.391344560986456 36.525999999999996
    endloop
  endfacet
  facet normal 0 0 1
    outer loop
      vertex 8.852640164354092 -7.522498564715949 36.525999999999996
      vertex 13.040779881161892 -12.391344560986456 36.525999999999996
      vertex 13.129179606750062 -12.358732180445816 36.525999999999996
    endloop
  endfacet
  facet normal 0 0 1
    outer loop
      vertex 8.891006524188368 -7.453990499739547 36.525999999999996
      vertex 13.129179606750062 -12.358732180445816 36.525999999999996
      vertex 13.219865563372913 -12.333156095522789 36.525999999999996
    endloop
  endfacet
  facet normal 0 0 1
    outer loop
      vertex 8.923879532511286 -7.38268343236509 36.525999999999996
      vertex 13.219865563372913 -12.333156095522789 36.525999999999996
      vertex 13.312278641951723 -12.314773991285834 36.525999999999996
    endloop
  endfacet
  facet normal 0 0 1
    outer loop
      vertex 8.972369920397677 -7.233445363855905 36.525999999999996
      vertex 13.312278641951723 -12.314773991285834 36.525999999999996
      vertex 13.405849085126587 -12.303699199520246 36.525999999999996
    endloop
  endfacet
  facet normal 0 0 1
    outer loop
      vertex 8.987688340595138 -7.156434465040231 36.525999999999996
      vertex 13.405849085126587 -12.303699199520246 36.525999999999996
      vertex 13.5 -12.3 36.525999999999996
    endloop
  endfacet
  facet normal 0 0 1
    outer loop
      vertex 8.996917333733128 -7.078459095727845 36.525999999999996
      vertex 13.5 -12.3 36.525999999999996
      vertex 13.594150914873413 -12.303699199520246 36.525999999999996
    endloop
  endfacet
  facet normal 0 0 1
    outer loop
      vertex 9 -7 36.525999999999996
      vertex 13.594150914873413 -12.303699199520246 36.525999999999996
      vertex 13.687721358048277 -12.314773991285834 36.525999999999996
    endloop
  endfacet
  facet normal 0 0 1
    outer loop
      vertex 9 -7 36.525999999999996
      vertex 13.687721358048277 -12.314773991285834 36.525999999999996
      vertex 13.780134436627087 -12.333156095522789 36.525999999999996
    endloop
  endfacet
  facet normal 0 0 1
    outer loop
      vertex 9 -7 36.525999999999996
      vertex 13.780134436627087 -12.333156095522789 36.525999999999996
      vertex 13.870820393249938 -12.358732180445816 36.525999999999996
    endloop
  endfacet
  facet normal 0 0 1
    outer loop
      vertex 9 -7 36.525999999999996
      vertex 13.870820393249938 -12.358732180445816 36.525999999999996
      vertex 13.959220118838108 -12.391344560986456 36.525999999999996
    endloop
  endfacet
  facet normal 0 0 1
    outer loop
      vertex 9 -7 36.525999999999996
      vertex 13.959220118838108 -12.391344560986456 36.525999999999996
      vertex 13.687721358048277 12.314773991285834 36.525999999999996
    endloop
  endfacet
  facet normal 0 0 1
    outer loop
      vertex 14.7 -13.5 36.525999999999996
      vertex 14.412487158720037 12.720662342003779 36.525999999999996
      vertex 14.696300800479754 -13.405849085126587 36.525999999999996
    endloop
  endfacet
  facet normal 0 0 1
    outer loop
      vertex 14.696300800479754 -13.405849085126587 36.525999999999996
      vertex 14.412487158720037 12.720662342003779 36.525999999999996
      vertex 14.685226008714166 -13.312278641951723 36.525999999999996
    endloop
  endfacet
  facet normal 0 0 1
    outer loop
      vertex 14.685226008714166 -13.312278641951723 36.525999999999996
      vertex 14.412487158720037 12.720662342003779 36.525999999999996
      vertex 14.666843904477211 -13.219865563372913 36.525999999999996
    endloop
  endfacet
  facet normal 0 0 1
    outer loop
      vertex 14.666843904477211 -13.219865563372913 36.525999999999996
      vertex 14.412487158720037 12.720662342003779 36.525999999999996
      vertex 14.641267819554184 -13.129179606750062 36.525999999999996
    endloop
  endfacet
  facet normal 0 0 1
    outer loop
      vertex 14.641267819554184 -13.129179606750062 36.525999999999996
      vertex 14.412487158720037 12.720662342003779 36.525999999999996
      vertex 14.608655439013544 -13.040779881161892 36.525999999999996
    endloop
  endfacet
  facet normal 0 0 1
    outer loop
      vertex 14.044788599687456 -12.430792170973959 36.525999999999996
      vertex 13.959220118838108 12.391344560986456 36.525999999999996
      vertex 13.959220118838108 -12.391344560986456 36.525999999999996
    endloop
  endfacet
  facet normal 0 0 1
    outer loop
      vertex 14.044788599687456 -12.430792170973959 36.525999999999996
      vertex 14.126998277659139 -12.47683180277509 36.525999999999996
      vertex 14.044788599687456 12.430792170973959 36.525999999999996
    endloop
  endfacet
  facet normal 0 0 1
    outer loop
      vertex 14.126998277659139 -12.47683180277509 36.525999999999996
      vertex 14.205342302750967 -12.529179606750063 36.525999999999996
      vertex 14.126998277659139 12.47683180277509 36.525999999999996
    endloop
  endfacet
  facet normal 0 0 1
    outer loop
      vertex 14.279337657996221 -12.587512841279963 36.525999999999996
      vertex 14.205342302750967 12.529179606750063 36.525999999999996
      vertex 14.205342302750967 -12.529179606750063 36.525999999999996
    endloop
  endfacet
  facet normal 0 0 1
    outer loop
      vertex 14.279337657996221 -12.587512841279963 36.525999999999996
      vertex 14.348528137423857 -12.651471862576143 36.525999999999996
      vertex 14.279337657996221 12.587512841279963 36.525999999999996
    endloop
  endfacet
  facet normal 0 0 1
    outer loop
      vertex 14.348528137423857 -12.651471862576143 36.525999999999996
      vertex 14.412487158720037 -12.720662342003779 36.525999999999996
      vertex 14.348528137423857 12.651471862576143 36.525999999999996
    endloop
  endfacet
  facet normal 0 0 1
    outer loop
      vertex 14.412487158720037 -12.720662342003779 36.525999999999996
      vertex 14.470820393249937 -12.794657697249033 36.525999999999996
      vertex 14.412487158720037 12.720662342003779 36.525999999999996
    endloop
  endfacet
  facet normal 0 0 1
    outer loop
      vertex 14.569207829026041 -12.955211400312544 36.525999999999996
      vertex 14.412487158720037 12.720662342003779 36.525999999999996
      vertex 14.52316819722491 -12.873001722340861 36.525999999999996
    endloop
  endfacet
  facet normal 0 0 1
    outer loop
      vertex 14.52316819722491 -12.873001722340861 36.525999999999996
      vertex 14.412487158720037 12.720662342003779 36.525999999999996
      vertex 14.470820393249937 -12.794657697249033 36.525999999999996
    endloop
  endfacet
  facet normal 0 0 1
    outer loop
      vertex 14.569207829026041 -12.955211400312544 36.525999999999996
      vertex 14.608655439013544 -13.040779881161892 36.525999999999996
      vertex 14.412487158720037 12.720662342003779 36.525999999999996
    endloop
  endfacet
  facet normal 0 0 1
    outer loop
      vertex 16.5 -16.5 36.525999999999996
      vertex 14.412487158720037 12.720662342003779 36.525999999999996
      vertex 14.7 -13.5 36.525999999999996
    endloop
  endfacet
  facet normal -1 0 0
    outer loop
      vertex 16.5 -16.5 36.525999999999996
      vertex 16.5 -16.5 40.126
      vertex 16.5 16.5 36.525999999999996
    endloop
  endfacet
  facet normal 0 0 1
    outer loop
      vertex -7 10.5 36.525999999999996
      vertex 8 8 36.525999999999996
      vertex 7 10.5 36.525999999999996
    endloop
  endfacet
  facet normal 0 0 1
    outer loop
      vertex 9 -7 36.525999999999996
      vertex 13.687721358048277 12.314773991285834 36.525999999999996
      vertex 9 7 36.525999999999996
    endloop
  endfacet
  facet normal 0 0 1
    outer loop
      vertex 8.996917333733128 7.078459095727845 36.525999999999996
      vertex 13.5 12.3 36.525999999999996
      vertex 8.987688340595138 7.156434465040231 36.525999999999996
    endloop
  endfacet
  facet normal 0 0 1
    outer loop
      vertex 9 7 36.525999999999996
      vertex 13.594150914873413 12.303699199520246 36.525999999999996
      vertex 8.996917333733128 7.078459095727845 36.525999999999996
    endloop
  endfacet
  facet normal 0 0 1
    outer loop
      vertex 8.309016994374947 7.951056516295154 36.525999999999996
      vertex 8.38268343236509 7.923879532511287 36.525999999999996
      vertex 12.651471862576143 12.651471862576143 36.525999999999996
    endloop
  endfacet
  facet normal 0 0 1
    outer loop
      vertex 8.38268343236509 7.923879532511287 36.525999999999996
      vertex 8.453990499739547 7.891006524188368 36.525999999999996
      vertex 12.651471862576143 12.651471862576143 36.525999999999996
    endloop
  endfacet
  facet normal 0 0 1
    outer loop
      vertex 8.453990499739547 7.891006524188368 36.525999999999996
      vertex 8.52249856471595 7.852640164354092 36.525999999999996
      vertex 12.651471862576143 12.651471862576143 36.525999999999996
    endloop
  endfacet
  facet normal 0 0 1
    outer loop
      vertex 8.587785252292473 7.8090169943749475 36.525999999999996
      vertex 12.651471862576143 12.651471862576143 36.525999999999996
      vertex 8.52249856471595 7.852640164354092 36.525999999999996
    endloop
  endfacet
  facet normal 0 0 1
    outer loop
      vertex 8.587785252292473 7.8090169943749475 36.525999999999996
      vertex 8.649448048330184 7.760405965600031 36.525999999999996
      vertex 12.651471862576143 12.651471862576143 36.525999999999996
    endloop
  endfacet
  facet normal 0 0 1
    outer loop
      vertex 8.649448048330184 7.760405965600031 36.525999999999996
      vertex 8.707106781186548 7.707106781186548 36.525999999999996
      vertex 12.794657697249033 12.529179606750063 36.525999999999996
    endloop
  endfacet
  facet normal 0 0 1
    outer loop
      vertex 8.76040596560003 7.649448048330184 36.525999999999996
      vertex 12.794657697249033 12.529179606750063 36.525999999999996
      vertex 8.707106781186548 7.707106781186548 36.525999999999996
    endloop
  endfacet
  facet normal 0 0 1
    outer loop
      vertex 8.76040596560003 7.649448048330184 36.525999999999996
      vertex 8.809016994374947 7.587785252292473 36.525999999999996
      vertex 12.873001722340861 12.47683180277509 36.525999999999996
    endloop
  endfacet
  facet normal 0 0 1
    outer loop
      vertex 8 8 36.525999999999996
      vertex 8.078459095727846 7.996917333733128 36.525999999999996
      vertex 12.651471862576143 12.651471862576143 36.525999999999996
    endloop
  endfacet
  facet normal 0 0 1
    outer loop
      vertex 8.078459095727846 7.996917333733128 36.525999999999996
      vertex 8.156434465040231 7.987688340595138 36.525999999999996
      vertex 12.651471862576143 12.651471862576143 36.525999999999996
    endloop
  endfacet
  facet normal 0 0 1
    outer loop
      vertex 8.156434465040231 7.987688340595138 36.525999999999996
      vertex 8.233445363855905 7.972369920397677 36.525999999999996
      vertex 12.651471862576143 12.651471862576143 36.525999999999996
    endloop
  endfacet
  facet normal 0 0 1
    outer loop
      vertex 8.233445363855905 7.972369920397677 36.525999999999996
      vertex 8.309016994374947 7.951056516295154 36.525999999999996
      vertex 12.651471862576143 12.651471862576143 36.525999999999996
    endloop
  endfacet
  facet normal 0 0 1
    outer loop
      vertex 8.809016994374947 7.587785252292473 36.525999999999996
      vertex 8.852640164354092 7.522498564715949 36.525999999999996
      vertex 12.955211400312544 12.430792170973959 36.525999999999996
    endloop
  endfacet
  facet normal 0 0 1
    outer loop
      vertex 8.891006524188368 7.453990499739547 36.525999999999996
      vertex 13.040779881161892 12.391344560986456 36.525999999999996
      vertex 8.852640164354092 7.522498564715949 36.525999999999996
    endloop
  endfacet
  facet normal 0 0 1
    outer loop
      vertex 8.891006524188368 7.453990499739547 36.525999999999996
      vertex 8.923879532511286 7.38268343236509 36.525999999999996
      vertex 13.129179606750062 12.358732180445816 36.525999999999996
    endloop
  endfacet
  facet normal 0 0 1
    outer loop
      vertex 8.951056516295154 7.3090169943749475 36.525999999999996
      vertex 13.219865563372913 12.333156095522789 36.525999999999996
      vertex 8.923879532511286 7.38268343236509 36.525999999999996
    endloop
  endfacet
  facet normal 0 0 1
    outer loop
      vertex 8.972369920397677 7.233445363855905 36.525999999999996
      vertex 13.312278641951723 12.314773991285834 36.525999999999996
      vertex 8.951056516295154 7.3090169943749475 36.525999999999996
    endloop
  endfacet
  facet normal 0 0 1
    outer loop
      vertex 8.987688340595138 7.156434465040231 36.525999999999996
      vertex 13.405849085126587 12.303699199520246 36.525999999999996
      vertex 8.972369920397677 7.233445363855905 36.525999999999996
    endloop
  endfacet
  facet normal 0 0 1
    outer loop
      vertex 7 10.5 36.525999999999996
      vertex 8 8 36.525999999999996
      vertex 12.587512841279963 12.720662342003779 36.525999999999996
    endloop
  endfacet
  facet normal 0 0 1
    outer loop
      vertex 7 10.5 36.525999999999996
      vertex 12.430792170973959 12.955211400312544 36.525999999999996
      vertex 12.391344560986456 13.040779881161892 36.525999999999996
    endloop
  endfacet
  facet normal 0 0 1
    outer loop
      vertex 7 10.5 36.525999999999996
      vertex 12.529179606750063 12.794657697249033 36.525999999999996
      vertex 12.47683180277509 12.873001722340861 36.525999999999996
    endloop
  endfacet
  facet normal 0 0 1
    outer loop
      vertex 7 10.5 36.525999999999996
      vertex 12.47683180277509 12.873001722340861 36.525999999999996
      vertex 12.430792170973959 12.955211400312544 36.525999999999996
    endloop
  endfacet
  facet normal 0 0 1
    outer loop
      vertex 7 10.5 36.525999999999996
      vertex 12.587512841279963 12.720662342003779 36.525999999999996
      vertex 12.529179606750063 12.794657697249033 36.525999999999996
    endloop
  endfacet
  facet normal 0 0 1
    outer loop
      vertex 7 10.5 36.525999999999996
      vertex 12.391344560986456 13.040779881161892 36.525999999999996
      vertex 12.358732180445816 13.129179606750062 36.525999999999996
    endloop
  endfacet
  facet normal 0 0 1
    outer loop
      vertex 7 10.5 36.525999999999996
      vertex 12.358732180445816 13.129179606750062 36.525999999999996
      vertex 12.333156095522789 13.219865563372913 36.525999999999996
    endloop
  endfacet
  facet normal 0 0 1
    outer loop
      vertex 7 10.5 36.525999999999996
      vertex 12.333156095522789 13.219865563372913 36.525999999999996
      vertex 12.314773991285834 13.312278641951723 36.525999999999996
    endloop
  endfacet
  facet normal 0 0 1
    outer loop
      vertex 7 10.5 36.525999999999996
      vertex 12.314773991285834 13.312278641951723 36.525999999999996
      vertex 12.303699199520246 13.405849085126587 36.525999999999996
    endloop
  endfacet
  facet normal 0 0 1
    outer loop
      vertex 7 10.5 36.525999999999996
      vertex 12.303699199520246 13.405849085126587 36.525999999999996
      vertex 12.3 13.5 36.525999999999996
    endloop
  endfacet
  facet normal 0 0 1
    outer loop
      vertex 7 10.5 36.525999999999996
      vertex 12.3 13.5 36.525999999999996
      vertex 12.303699199520246 13.594150914873413 36.525999999999996
    endloop
  endfacet
  facet normal 0 0 1
    outer loop
      vertex 7 10.5 36.525999999999996
      vertex 12.303699199520246 13.594150914873413 36.525999999999996
      vertex 12.314773991285834 13.687721358048277 36.525999999999996
    endloop
  endfacet
  facet normal 0 0 1
    outer loop
      vertex 7 10.5 36.525999999999996
      vertex 12.314773991285834 13.687721358048277 36.525999999999996
      vertex 12.333156095522789 13.780134436627087 36.525999999999996
    endloop
  endfacet
  facet normal 0 0 1
    outer loop
      vertex 7 10.5 36.525999999999996
      vertex 12.333156095522789 13.780134436627087 36.525999999999996
      vertex 12.358732180445816 13.870820393249938 36.525999999999996
    endloop
  endfacet
  facet normal 0 0 1
    outer loop
      vertex 7 10.5 36.525999999999996
      vertex 12.358732180445816 13.870820393249938 36.525999999999996
      vertex 12.391344560986456 13.959220118838108 36.525999999999996
    endloop
  endfacet
  facet normal 0 0 1
    outer loop
      vertex 7 10.5 36.525999999999996
      vertex 12.391344560986456 13.959220118838108 36.525999999999996
      vertex 7 16.5 36.525999999999996
    endloop
  endfacet
  facet normal 0 0 1
    outer loop
      vertex 7 16.5 36.525999999999996
      vertex 12.391344560986456 13.959220118838108 36.525999999999996
      vertex 12.430792170973959 14.044788599687456 36.525999999999996
    endloop
  endfacet
  facet normal 0 0 1
    outer loop
      vertex 7 16.5 36.525999999999996
      vertex 12.430792170973959 14.044788599687456 36.525999999999996
      vertex 12.47683180277509 14.126998277659139 36.525999999999996
    endloop
  endfacet
  facet normal 0 0 1
    outer loop
      vertex 7 16.5 36.525999999999996
      vertex 12.47683180277509 14.126998277659139 36.525999999999996
      vertex 12.529179606750063 14.205342302750967 36.525999999999996
    endloop
  endfacet
  facet normal 0 0 1
    outer loop
      vertex 7 16.5 36.525999999999996
      vertex 12.529179606750063 14.205342302750967 36.525999999999996
      vertex 12.587512841279963 14.279337657996221 36.525999999999996
    endloop
  endfacet
  facet normal 0 0 1
    outer loop
      vertex 7 16.5 36.525999999999996
      vertex 12.587512841279963 14.279337657996221 36.525999999999996
      vertex 12.651471862576143 14.348528137423857 36.525999999999996
    endloop
  endfacet
  facet normal 0 0 1
    outer loop
      vertex 7 16.5 36.525999999999996
      vertex 12.651471862576143 14.348528137423857 36.525999999999996
      vertex 12.720662342003779 14.412487158720037 36.525999999999996
    endloop
  endfacet
  facet normal 0 0 1
    outer loop
      vertex 7 16.5 36.525999999999996
      vertex 12.720662342003779 14.412487158720037 36.525999999999996
      vertex 12.794657697249033 14.470820393249937 36.525999999999996
    endloop
  endfacet
  facet normal 0 -1 0
    outer loop
      vertex 7 16.5 36.525999999999996
      vertex 16.5 16.5 36.525999999999996
      vertex 7 16.5 37.126
    endloop
  endfacet
  facet normal 0 -1 0
    outer loop
      vertex 7 16.5 37.126
      vertex 16.5 16.5 40.126
      vertex 7 16.5 40.126
    endloop
  endfacet
  facet normal 0 0 1
    outer loop
      vertex 13.959220118838108 -12.391344560986456 36.525999999999996
      vertex 13.780134436627087 12.333156095522789 36.525999999999996
      vertex 13.687721358048277 12.314773991285834 36.525999999999996
    endloop
  endfacet
  facet normal 0 0 1
    outer loop
      vertex 13.959220118838108 -12.391344560986456 36.525999999999996
      vertex 13.870820393249938 12.358732180445816 36.525999999999996
      vertex 13.780134436627087 12.333156095522789 36.525999999999996
    endloop
  endfacet
  facet normal 0 0 1
    outer loop
      vertex 13.959220118838108 -12.391344560986456 36.525999999999996
      vertex 13.959220118838108 12.391344560986456 36.525999999999996
      vertex 13.870820393249938 12.358732180445816 36.525999999999996
    endloop
  endfacet
  facet normal 0 0 1
    outer loop
      vertex 14.044788599687456 -12.430792170973959 36.525999999999996
      vertex 14.044788599687456 12.430792170973959 36.525999999999996
      vertex 13.959220118838108 12.391344560986456 36.525999999999996
    endloop
  endfacet
  facet normal 0 0 1
    outer loop
      vertex 14.126998277659139 -12.47683180277509 36.525999999999996
      vertex 14.126998277659139 12.47683180277509 36.525999999999996
      vertex 14.044788599687456 12.430792170973959 36.525999999999996
    endloop
  endfacet
  facet normal 0 0 1
    outer loop
      vertex 14.205342302750967 -12.529179606750063 36.525999999999996
      vertex 14.205342302750967 12.529179606750063 36.525999999999996
      vertex 14.126998277659139 12.47683180277509 36.525999999999996
    endloop
  endfacet
  facet normal 0 0 1
    outer loop
      vertex 14.279337657996221 -12.587512841279963 36.525999999999996
      vertex 14.279337657996221 12.587512841279963 36.525999999999996
      vertex 14.205342302750967 12.529179606750063 36.525999999999996
    endloop
  endfacet
  facet normal 0 0 1
    outer loop
      vertex 14.348528137423857 -12.651471862576143 36.525999999999996
      vertex 14.348528137423857 12.651471862576143 36.525999999999996
      vertex 14.279337657996221 12.587512841279963 36.525999999999996
    endloop
  endfacet
  facet normal 0 0 1
    outer loop
      vertex 14.412487158720037 -12.720662342003779 36.525999999999996
      vertex 14.412487158720037 12.720662342003779 36.525999999999996
      vertex 14.348528137423857 12.651471862576143 36.525999999999996
    endloop
  endfacet
  facet normal 0 0 1
    outer loop
      vertex 16.5 -16.5 36.525999999999996
      vertex 14.470820393249937 12.794657697249033 36.525999999999996
      vertex 14.412487158720037 12.720662342003779 36.525999999999996
    endloop
  endfacet
  facet normal 0 0 1
    outer loop
      vertex 16.5 -16.5 36.525999999999996
      vertex 14.52316819722491 12.873001722340861 36.525999999999996
      vertex 14.470820393249937 12.794657697249033 36.525999999999996
    endloop
  endfacet
  facet normal 0 0 1
    outer loop
      vertex 16.5 -16.5 36.525999999999996
      vertex 14.569207829026041 12.955211400312544 36.525999999999996
      vertex 14.52316819722491 12.873001722340861 36.525999999999996
    endloop
  endfacet
  facet normal 0 0 1
    outer loop
      vertex 16.5 -16.5 36.525999999999996
      vertex 14.608655439013544 13.040779881161892 36.525999999999996
      vertex 14.569207829026041 12.955211400312544 36.525999999999996
    endloop
  endfacet
  facet normal 0 0 1
    outer loop
      vertex 16.5 -16.5 36.525999999999996
      vertex 14.641267819554184 13.129179606750062 36.525999999999996
      vertex 14.608655439013544 13.040779881161892 36.525999999999996
    endloop
  endfacet
  facet normal 0 0 1
    outer loop
      vertex 16.5 -16.5 36.525999999999996
      vertex 14.666843904477211 13.219865563372913 36.525999999999996
      vertex 14.641267819554184 13.129179606750062 36.525999999999996
    endloop
  endfacet
  facet normal 0 0 1
    outer loop
      vertex 16.5 -16.5 36.525999999999996
      vertex 14.685226008714166 13.312278641951723 36.525999999999996
      vertex 14.666843904477211 13.219865563372913 36.525999999999996
    endloop
  endfacet
  facet normal 0 0 1
    outer loop
      vertex 16.5 -16.5 36.525999999999996
      vertex 14.696300800479754 13.405849085126587 36.525999999999996
      vertex 14.685226008714166 13.312278641951723 36.525999999999996
    endloop
  endfacet
  facet normal 0 0 1
    outer loop
      vertex 16.5 -16.5 36.525999999999996
      vertex 14.7 13.5 36.525999999999996
      vertex 14.696300800479754 13.405849085126587 36.525999999999996
    endloop
  endfacet
  facet normal 0 0 1
    outer loop
      vertex 16.5 -16.5 36.525999999999996
      vertex 14.696300800479754 13.594150914873413 36.525999999999996
      vertex 14.7 13.5 36.525999999999996
    endloop
  endfacet
  facet normal 0 0 1
    outer loop
      vertex 16.5 -16.5 36.525999999999996
      vertex 16.5 16.5 36.525999999999996
      vertex 14.696300800479754 13.594150914873413 36.525999999999996
    endloop
  endfacet
  facet normal -1 0 0
    outer loop
      vertex 16.5 16.5 36.525999999999996
      vertex 16.5 -16.5 40.126
      vertex 16.5 16.5 40.126
    endloop
  endfacet
  facet normal 0 0 1
    outer loop
      vertex 8.809016994374947 7.587785252292473 36.525999999999996
      vertex 12.955211400312544 12.430792170973959 36.525999999999996
      vertex 12.873001722340861 12.47683180277509 36.525999999999996
    endloop
  endfacet
  facet normal 0 0 1
    outer loop
      vertex 8 8 36.525999999999996
      vertex 12.651471862576143 12.651471862576143 36.525999999999996
      vertex 12.587512841279963 12.720662342003779 36.525999999999996
    endloop
  endfacet
  facet normal 0 0 1
    outer loop
      vertex 8.649448048330184 7.760405965600031 36.525999999999996
      vertex 12.720662342003779 12.587512841279963 36.525999999999996
      vertex 12.651471862576143 12.651471862576143 36.525999999999996
    endloop
  endfacet
  facet normal 0 0 1
    outer loop
      vertex 8.649448048330184 7.760405965600031 36.525999999999996
      vertex 12.794657697249033 12.529179606750063 36.525999999999996
      vertex 12.720662342003779 12.587512841279963 36.525999999999996
    endloop
  endfacet
  facet normal 0 0 1
    outer loop
      vertex 8.76040596560003 7.649448048330184 36.525999999999996
      vertex 12.873001722340861 12.47683180277509 36.525999999999996
      vertex 12.794657697249033 12.529179606750063 36.525999999999996
    endloop
  endfacet
  facet normal 0 0 1
    outer loop
      vertex 8.852640164354092 7.522498564715949 36.525999999999996
      vertex 13.040779881161892 12.391344560986456 36.525999999999996
      vertex 12.955211400312544 12.430792170973959 36.525999999999996
    endloop
  endfacet
  facet normal 0 0 1
    outer loop
      vertex 8.891006524188368 7.453990499739547 36.525999999999996
      vertex 13.129179606750062 12.358732180445816 36.525999999999996
      vertex 13.040779881161892 12.391344560986456 36.525999999999996
    endloop
  endfacet
  facet normal 0 0 1
    outer loop
      vertex 8.951056516295154 7.3090169943749475 36.525999999999996
      vertex 13.312278641951723 12.314773991285834 36.525999999999996
      vertex 13.219865563372913 12.333156095522789 36.525999999999996
    endloop
  endfacet
  facet normal 0 0 1
    outer loop
      vertex 8.923879532511286 7.38268343236509 36.525999999999996
      vertex 13.219865563372913 12.333156095522789 36.525999999999996
      vertex 13.129179606750062 12.358732180445816 36.525999999999996
    endloop
  endfacet
  facet normal 0 0 1
    outer loop
      vertex 8.987688340595138 7.156434465040231 36.525999999999996
      vertex 13.5 12.3 36.525999999999996
      vertex 13.405849085126587 12.303699199520246 36.525999999999996
    endloop
  endfacet
  facet normal 0 0 1
    outer loop
      vertex 8.972369920397677 7.233445363855905 36.525999999999996
      vertex 13.405849085126587 12.303699199520246 36.525999999999996
      vertex 13.312278641951723 12.314773991285834 36.525999999999996
    endloop
  endfacet
  facet normal 0 0 1
    outer loop
      vertex 8.996917333733128 7.078459095727845 36.525999999999996
      vertex 13.594150914873413 12.303699199520246 36.525999999999996
      vertex 13.5 12.3 36.525999999999996
    endloop
  endfacet
  facet normal 0 0 1
    outer loop
      vertex 9 7 36.525999999999996
      vertex 13.687721358048277 12.314773991285834 36.525999999999996
      vertex 13.594150914873413 12.303699199520246 36.525999999999996
    endloop
  endfacet
  facet normal 0 0 1
    outer loop
      vertex 7 16.5 36.525999999999996
      vertex 12.794657697249033 14.470820393249937 36.525999999999996
      vertex 12.873001722340861 14.52316819722491 36.525999999999996
    endloop
  endfacet
  facet normal 0 0 1
    outer loop
      vertex 7 16.5 36.525999999999996
      vertex 12.873001722340861 14.52316819722491 36.525999999999996
      vertex 12.955211400312544 14.569207829026041 36.525999999999996
    endloop
  endfacet
  facet normal 0 0 1
    outer loop
      vertex 7 16.5 36.525999999999996
      vertex 12.955211400312544 14.569207829026041 36.525999999999996
      vertex 13.040779881161892 14.608655439013544 36.525999999999996
    endloop
  endfacet
  facet normal 0 0 1
    outer loop
      vertex 7 16.5 36.525999999999996
      vertex 13.040779881161892 14.608655439013544 36.525999999999996
      vertex 13.129179606750062 14.641267819554184 36.525999999999996
    endloop
  endfacet
  facet normal 0 0 1
    outer loop
      vertex 7 16.5 36.525999999999996
      vertex 13.129179606750062 14.641267819554184 36.525999999999996
      vertex 13.219865563372913 14.666843904477211 36.525999999999996
    endloop
  endfacet
  facet normal 0 0 1
    outer loop
      vertex 7 16.5 36.525999999999996
      vertex 13.219865563372913 14.666843904477211 36.525999999999996
      vertex 13.312278641951723 14.685226008714166 36.525999999999996
    endloop
  endfacet
  facet normal 0 0 1
    outer loop
      vertex 7 16.5 36.525999999999996
      vertex 13.312278641951723 14.685226008714166 36.525999999999996
      vertex 13.405849085126587 14.696300800479754 36.525999999999996
    endloop
  endfacet
  facet normal 0 0 1
    outer loop
      vertex 7 16.5 36.525999999999996
      vertex 13.405849085126587 14.696300800479754 36.525999999999996
      vertex 13.5 14.7 36.525999999999996
    endloop
  endfacet
  facet normal 0 0 1
    outer loop
      vertex 7 16.5 36.525999999999996
      vertex 13.5 14.7 36.525999999999996
      vertex 13.594150914873413 14.696300800479754 36.525999999999996
    endloop
  endfacet
  facet normal 0 0 1
    outer loop
      vertex 7 16.5 36.525999999999996
      vertex 13.594150914873413 14.696300800479754 36.525999999999996
      vertex 13.687721358048277 14.685226008714166 36.525999999999996
    endloop
  endfacet
  facet normal 0 0 1
    outer loop
      vertex 13.687721358048277 14.685226008714166 36.525999999999996
      vertex 13.780134436627087 14.666843904477211 36.525999999999996
      vertex 16.5 16.5 36.525999999999996
    endloop
  endfacet
  facet normal 0 0 1
    outer loop
      vertex 13.780134436627087 14.666843904477211 36.525999999999996
      vertex 13.870820393249938 14.641267819554184 36.525999999999996
      vertex 16.5 16.5 36.525999999999996
    endloop
  endfacet
  facet normal 0 0 1
    outer loop
      vertex 13.870820393249938 14.641267819554184 36.525999999999996
      vertex 13.959220118838108 14.608655439013544 36.525999999999996
      vertex 16.5 16.5 36.525999999999996
    endloop
  endfacet
  facet normal 0 0 1
    outer loop
      vertex 13.959220118838108 14.608655439013544 36.525999999999996
      vertex 14.044788599687456 14.569207829026041 36.525999999999996
      vertex 16.5 16.5 36.525999999999996
    endloop
  endfacet
  facet normal 0 0 1
    outer loop
      vertex 14.044788599687456 14.569207829026041 36.525999999999996
      vertex 14.126998277659139 14.52316819722491 36.525999999999996
      vertex 16.5 16.5 36.525999999999996
    endloop
  endfacet
  facet normal 0 0 1
    outer loop
      vertex 14.666843904477211 13.780134436627087 36.525999999999996
      vertex 16.5 16.5 36.525999999999996
      vertex 14.641267819554184 13.870820393249938 36.525999999999996
    endloop
  endfacet
  facet normal 0 0 1
    outer loop
      vertex 14.641267819554184 13.870820393249938 36.525999999999996
      vertex 16.5 16.5 36.525999999999996
      vertex 14.608655439013544 13.959220118838108 36.525999999999996
    endloop
  endfacet
  facet normal 0 0 1
    outer loop
      vertex 14.696300800479754 13.594150914873413 36.525999999999996
      vertex 16.5 16.5 36.525999999999996
      vertex 14.685226008714166 13.687721358048277 36.525999999999996
    endloop
  endfacet
  facet normal 0 0 1
    outer loop
      vertex 14.685226008714166 13.687721358048277 36.525999999999996
      vertex 16.5 16.5 36.525999999999996
      vertex 14.666843904477211 13.780134436627087 36.525999999999996
    endloop
  endfacet
  facet normal 0 0 1
    outer loop
      vertex 14.126998277659139 14.52316819722491 36.525999999999996
      vertex 14.205342302750967 14.470820393249937 36.525999999999996
      vertex 16.5 16.5 36.525999999999996
    endloop
  endfacet
  facet normal 0 0 1
    outer loop
      vertex 14.205342302750967 14.470820393249937 36.525999999999996
      vertex 14.279337657996221 14.412487158720037 36.525999999999996
      vertex 16.5 16.5 36.525999999999996
    endloop
  endfacet
  facet normal 0 0 1
    outer loop
      vertex 14.348528137423857 14.348528137423857 36.525999999999996
      vertex 14.412487158720037 14.279337657996221 36.525999999999996
      vertex 16.5 16.5 36.525999999999996
    endloop
  endfacet
  facet normal 0 0 1
    outer loop
      vertex 14.279337657996221 14.412487158720037 36.525999999999996
      vertex 14.348528137423857 14.348528137423857 36.525999999999996
      vertex 16.5 16.5 36.525999999999996
    endloop
  endfacet
  facet normal 0 0 1
    outer loop
      vertex 14.52316819722491 14.126998277659139 36.525999999999996
      vertex 14.569207829026041 14.044788599687456 36.525999999999996
      vertex 16.5 16.5 36.525999999999996
    endloop
  endfacet
  facet normal 0 0 1
    outer loop
      vertex 14.412487158720037 14.279337657996221 36.525999999999996
      vertex 14.470820393249937 14.205342302750967 36.525999999999996
      vertex 16.5 16.5 36.525999999999996
    endloop
  endfacet
  facet normal 0 0 1
    outer loop
      vertex 14.52316819722491 14.126998277659139 36.525999999999996
      vertex 16.5 16.5 36.525999999999996
      vertex 14.470820393249937 14.205342302750967 36.525999999999996
    endloop
  endfacet
  facet normal 0 0 1
    outer loop
      vertex 14.569207829026041 14.044788599687456 36.525999999999996
      vertex 14.608655439013544 13.959220118838108 36.525999999999996
      vertex 16.5 16.5 36.525999999999996
    endloop
  endfacet
  facet normal 0 0 1
    outer loop
      vertex 7 16.5 36.525999999999996
      vertex 13.687721358048277 14.685226008714166 36.525999999999996
      vertex 16.5 16.5 36.525999999999996
    endloop
  endfacet
  facet normal 0 -1 0
    outer loop
      vertex 7 16.5 37.126
      vertex 16.5 16.5 36.525999999999996
      vertex 16.5 16.5 40.126
    endloop
  endfacet
  facet normal 1 0 0
    outer loop
      vertex -7 16.5 37.126
      vertex -7 18.899999998509884 37.126
      vertex -7 18.899999998509884 40.126
    endloop
  endfacet
  facet normal 1 0 0
    outer loop
      vertex -7 16.5 37.126
      vertex -7 18.899999998509884 40.126
      vertex -7 16.5 40.126
    endloop
  endfacet
  facet normal -1 0 0
    outer loop
      vertex 7 16.5 37.126
      vertex 7 18.899999998509884 40.126
      vertex 7 18.899999998509884 37.126
    endloop
  endfacet
  facet normal -1 0 0
    outer loop
      vertex 7 16.5 37.126
      vertex 7 16.5 40.126
      vertex 7 18.899999998509884 40.126
    endloop
  endfacet
endsolid OpenSCAD_Model
