solid OpenSCAD_Model
  facet normal 0.7853169308807515 0.6190939493098258 0
    outer loop
      vertex -14.389918693812442 -14.14656377752172 0.5
      vertex -14.336446562160035 -14.214392853163202 0
      vertex -14.389918693812442 -14.14656377752172 0
    endloop
  endfacet
  facet normal 0.734322509435683 0.6788007455329444 0
    outer loop
      vertex -14.336446562160035 -14.214392853163202 0.5
      vertex -14.277817459305203 -14.277817459305203 0
      vertex -14.336446562160035 -14.214392853163202 0
    endloop
  endfacet
  facet normal 0.6788007455329444 0.734322509435683 0
    outer loop
      vertex -14.277817459305203 -14.277817459305203 0.5
      vertex -14.214392853163202 -14.336446562160035 0
      vertex -14.277817459305203 -14.277817459305203 0
    endloop
  endfacet
  facet normal 0.6190939493098258 0.7853169308807515 0
    outer loop
      vertex -14.214392853163202 -14.336446562160035 0.5
      vertex -14.14656377752172 -14.389918693812442 0
      vertex -14.214392853163202 -14.336446562160035 0
    endloop
  endfacet
  facet normal 0.8724960070727922 0.4886212414969639 0
    outer loop
      vertex -14.480107176607206 -13.999389549713502 0.5
      vertex -14.437904180789502 -14.074748421187543 0
      vertex -14.480107176607206 -13.999389549713502 0
    endloop
  endfacet
  facet normal 0.8314696123025423 0.5555702330196065 0
    outer loop
      vertex -14.437904180789502 -14.074748421187543 0.5
      vertex -14.389918693812442 -14.14656377752172 0
      vertex -14.437904180789502 -14.074748421187543 0
    endloop
  endfacet
  facet normal 0.9081431738250824 0.4186597375374257 0
    outer loop
      vertex -14.516267485762416 -13.9209517756016 0.5
      vertex -14.480107176607206 -13.999389549713502 0
      vertex -14.516267485762416 -13.9209517756016 0
    endloop
  endfacet
  facet normal 0.9381913359224875 0.34611705707748375 0
    outer loop
      vertex -14.546162167924669 -13.839918693812443 0.5
      vertex -14.516267485762416 -13.9209517756016 0
      vertex -14.546162167924669 -13.839918693812443 0
    endloop
  endfacet
  facet normal 0.9624552364536442 0.2714404498650852 0
    outer loop
      vertex -14.569606912437445 -13.756789900241497 0.5
      vertex -14.546162167924669 -13.839918693812443 0
      vertex -14.569606912437445 -13.756789900241497 0
    endloop
  endfacet
  facet normal 0.9807852804032341 0.1950903220161107 0
    outer loop
      vertex -14.586457174654651 -13.672077911544253 0.5
      vertex -14.569606912437445 -13.756789900241497 0
      vertex -14.586457174654651 -13.672077911544253 0
    endloop
  endfacet
  facet normal 0.9930684569549262 0.1175373974578388 0
    outer loop
      vertex -14.59660906710644 -13.586305005300629 0.5
      vertex -14.586457174654651 -13.672077911544253 0
      vertex -14.59660906710644 -13.586305005300629 0
    endloop
  endfacet
  facet normal 0.999229036240723 0.039259815759069755 0
    outer loop
      vertex -14.6 -13.5 0.5
      vertex -14.59660906710644 -13.586305005300629 0
      vertex -14.6 -13.5 0
    endloop
  endfacet
  facet normal 0.999229036240723 -0.039259815759069755 0
    outer loop
      vertex -14.59660906710644 -13.413694994699371 0.5
      vertex -14.6 -13.5 0
      vertex -14.59660906710644 -13.413694994699371 0
    endloop
  endfacet
  facet normal 0.9930684569549262 -0.1175373974578388 0
    outer loop
      vertex -14.586457174654651 -13.327922088455747 0.5
      vertex -14.59660906710644 -13.413694994699371 0
      vertex -14.586457174654651 -13.327922088455747 0
    endloop
  endfacet
  facet normal 0.9807852804032341 -0.1950903220161107 0
    outer loop
      vertex -14.569606912437445 -13.243210099758503 0.5
      vertex -14.586457174654651 -13.327922088455747 0
      vertex -14.569606912437445 -13.243210099758503 0
    endloop
  endfacet
  facet normal 0.9624552364536442 -0.2714404498650852 0
    outer loop
      vertex -14.546162167924669 -13.160081306187557 0.5
      vertex -14.569606912437445 -13.243210099758503 0
      vertex -14.546162167924669 -13.160081306187557 0
    endloop
  endfacet
  facet normal 0.9381913359224875 -0.34611705707748375 0
    outer loop
      vertex -14.516267485762416 -13.0790482243984 0.5
      vertex -14.546162167924669 -13.160081306187557 0
      vertex -14.516267485762416 -13.0790482243984 0
    endloop
  endfacet
  facet normal 0.9081431738250824 -0.4186597375374257 0
    outer loop
      vertex -14.480107176607206 -13.000610450286498 0.5
      vertex -14.516267485762416 -13.0790482243984 0
      vertex -14.480107176607206 -13.000610450286498 0
    endloop
  endfacet
  facet normal 0.8724960070727922 -0.4886212414969639 0
    outer loop
      vertex -14.437904180789502 -12.925251578812457 0.5
      vertex -14.480107176607206 -13.000610450286498 0
      vertex -14.437904180789502 -12.925251578812457 0
    endloop
  endfacet
  facet normal 0.8314696123025423 -0.5555702330196065 0
    outer loop
      vertex -14.389918693812442 -12.85343622247828 0.5
      vertex -14.437904180789502 -12.925251578812457 0
      vertex -14.389918693812442 -12.85343622247828 0
    endloop
  endfacet
  facet normal 0.7853169308807515 -0.6190939493098258 0
    outer loop
      vertex -14.336446562160035 -12.785607146836798 0.5
      vertex -14.389918693812442 -12.85343622247828 0
      vertex -14.336446562160035 -12.785607146836798 0
    endloop
  endfacet
  facet normal 0.734322509435683 -0.6788007455329444 0
    outer loop
      vertex -14.277817459305203 -12.722182540694797 0.5
      vertex -14.336446562160035 -12.785607146836798 0
      vertex -14.277817459305203 -12.722182540694797 0
    endloop
  endfacet
  facet normal 0.6788007455329444 -0.734322509435683 0
    outer loop
      vertex -14.214392853163202 -12.663553437839965 0.5
      vertex -14.277817459305203 -12.722182540694797 0
      vertex -14.214392853163202 -12.663553437839965 0
    endloop
  endfacet
  facet normal 0.6190939493098258 -0.7853169308807515 0
    outer loop
      vertex -14.14656377752172 -12.610081306187558 0.5
      vertex -14.214392853163202 -12.663553437839965 0
      vertex -14.14656377752172 -12.610081306187558 0
    endloop
  endfacet
  facet normal 0.5555702330196065 0.8314696123025423 0
    outer loop
      vertex -14.14656377752172 -14.389918693812442 0.5
      vertex -14.074748421187543 -14.437904180789502 0
      vertex -14.14656377752172 -14.389918693812442 0
    endloop
  endfacet
  facet normal 0.4886212414969639 0.8724960070727922 0
    outer loop
      vertex -14.074748421187543 -14.437904180789502 0.5
      vertex -13.999389549713502 -14.480107176607206 0
      vertex -14.074748421187543 -14.437904180789502 0
    endloop
  endfacet
  facet normal 0.34611705707748375 0.9381913359224875 0
    outer loop
      vertex -13.9209517756016 -14.516267485762416 0.5
      vertex -13.839918693812443 -14.546162167924669 0
      vertex -13.9209517756016 -14.516267485762416 0
    endloop
  endfacet
  facet normal 0.4186597375374257 0.9081431738250824 0
    outer loop
      vertex -13.999389549713502 -14.480107176607206 0.5
      vertex -13.9209517756016 -14.516267485762416 0
      vertex -13.999389549713502 -14.480107176607206 0
    endloop
  endfacet
  facet normal 0.2714404498650852 0.9624552364536442 0
    outer loop
      vertex -13.839918693812443 -14.546162167924669 0.5
      vertex -13.756789900241497 -14.569606912437445 0
      vertex -13.839918693812443 -14.546162167924669 0
    endloop
  endfacet
  facet normal 0.1950903220161107 0.9807852804032341 0
    outer loop
      vertex -13.756789900241497 -14.569606912437445 0.5
      vertex -13.672077911544253 -14.586457174654651 0
      vertex -13.756789900241497 -14.569606912437445 0
    endloop
  endfacet
  facet normal 0.1175373974578388 0.9930684569549262 0
    outer loop
      vertex -13.672077911544253 -14.586457174654651 0.5
      vertex -13.586305005300629 -14.59660906710644 0
      vertex -13.672077911544253 -14.586457174654651 0
    endloop
  endfacet
  facet normal 0.039259815759069755 0.999229036240723 0
    outer loop
      vertex -13.586305005300629 -14.59660906710644 0.5
      vertex -13.5 -14.6 0
      vertex -13.586305005300629 -14.59660906710644 0
    endloop
  endfacet
  facet normal -0.039259815759069755 0.999229036240723 0
    outer loop
      vertex -13.5 -14.6 0.5
      vertex -13.413694994699371 -14.59660906710644 0
      vertex -13.5 -14.6 0
    endloop
  endfacet
  facet normal -0.1175373974578388 0.9930684569549262 0
    outer loop
      vertex -13.413694994699371 -14.59660906710644 0.5
      vertex -13.327922088455747 -14.586457174654651 0
      vertex -13.413694994699371 -14.59660906710644 0
    endloop
  endfacet
  facet normal -0.1950903220161107 0.9807852804032341 0
    outer loop
      vertex -13.327922088455747 -14.586457174654651 0.5
      vertex -13.243210099758503 -14.569606912437445 0
      vertex -13.327922088455747 -14.586457174654651 0
    endloop
  endfacet
  facet normal -0.2714404498650852 0.9624552364536442 0
    outer loop
      vertex -13.243210099758503 -14.569606912437445 0.5
      vertex -13.160081306187557 -14.546162167924669 0
      vertex -13.243210099758503 -14.569606912437445 0
    endloop
  endfacet
  facet normal -0.34611705707748375 0.9381913359224875 0
    outer loop
      vertex -13.160081306187557 -14.546162167924669 0.5
      vertex -13.0790482243984 -14.516267485762416 0
      vertex -13.160081306187557 -14.546162167924669 0
    endloop
  endfacet
  facet normal -0.4186597375374257 0.9081431738250824 0
    outer loop
      vertex -13.0790482243984 -14.516267485762416 0.5
      vertex -13.000610450286498 -14.480107176607206 0
      vertex -13.0790482243984 -14.516267485762416 0
    endloop
  endfacet
  facet normal -0.4886212414969639 0.8724960070727922 0
    outer loop
      vertex -13.000610450286498 -14.480107176607206 0.5
      vertex -12.925251578812457 -14.437904180789502 0
      vertex -13.000610450286498 -14.480107176607206 0
    endloop
  endfacet
  facet normal -0.5555702330196065 0.8314696123025423 0
    outer loop
      vertex -12.925251578812457 -14.437904180789502 0.5
      vertex -12.85343622247828 -14.389918693812442 0
      vertex -12.925251578812457 -14.437904180789502 0
    endloop
  endfacet
  facet normal -0.6190939493098258 0.7853169308807515 0
    outer loop
      vertex -12.85343622247828 -14.389918693812442 0.5
      vertex -12.785607146836798 -14.336446562160035 0
      vertex -12.85343622247828 -14.389918693812442 0
    endloop
  endfacet
  facet normal -0.6788007455329444 0.734322509435683 0
    outer loop
      vertex -12.785607146836798 -14.336446562160035 0.5
      vertex -12.722182540694797 -14.277817459305203 0
      vertex -12.785607146836798 -14.336446562160035 0
    endloop
  endfacet
  facet normal -0.734322509435683 0.6788007455329444 0
    outer loop
      vertex -12.722182540694797 -14.277817459305203 0
      vertex -12.722182540694797 -14.277817459305203 0.5
      vertex -12.663553437839965 -14.214392853163202 0
    endloop
  endfacet
  facet normal -0.7853169308807515 0.6190939493098258 0
    outer loop
      vertex -12.663553437839965 -14.214392853163202 0.5
      vertex -12.610081306187558 -14.14656377752172 0
      vertex -12.663553437839965 -14.214392853163202 0
    endloop
  endfacet
  facet normal 0.5555702330196065 -0.8314696123025423 0
    outer loop
      vertex -14.074748421187543 -12.562095819210498 0.5
      vertex -14.14656377752172 -12.610081306187558 0
      vertex -14.074748421187543 -12.562095819210498 0
    endloop
  endfacet
  facet normal 0.4886212414969639 -0.8724960070727922 0
    outer loop
      vertex -13.999389549713502 -12.519892823392794 0.5
      vertex -14.074748421187543 -12.562095819210498 0
      vertex -13.999389549713502 -12.519892823392794 0
    endloop
  endfacet
  facet normal 0.4186597375374257 -0.9081431738250824 0
    outer loop
      vertex -13.9209517756016 -12.483732514237584 0.5
      vertex -13.999389549713502 -12.519892823392794 0
      vertex -13.9209517756016 -12.483732514237584 0
    endloop
  endfacet
  facet normal 0.34611705707748375 -0.9381913359224875 0
    outer loop
      vertex -13.839918693812443 -12.453837832075331 0.5
      vertex -13.9209517756016 -12.483732514237584 0
      vertex -13.839918693812443 -12.453837832075331 0
    endloop
  endfacet
  facet normal 0.2714404498650852 -0.9624552364536442 0
    outer loop
      vertex -13.756789900241497 -12.430393087562555 0.5
      vertex -13.839918693812443 -12.453837832075331 0
      vertex -13.756789900241497 -12.430393087562555 0
    endloop
  endfacet
  facet normal 0.1950903220161107 -0.9807852804032341 0
    outer loop
      vertex -13.672077911544253 -12.413542825345349 0.5
      vertex -13.756789900241497 -12.430393087562555 0
      vertex -13.672077911544253 -12.413542825345349 0
    endloop
  endfacet
  facet normal 0.1175373974578388 -0.9930684569549262 0
    outer loop
      vertex -13.586305005300629 -12.40339093289356 0.5
      vertex -13.672077911544253 -12.413542825345349 0
      vertex -13.586305005300629 -12.40339093289356 0
    endloop
  endfacet
  facet normal 0.039259815759069755 -0.999229036240723 0
    outer loop
      vertex -13.5 -12.4 0.5
      vertex -13.586305005300629 -12.40339093289356 0
      vertex -13.5 -12.4 0
    endloop
  endfacet
  facet normal -0.039259815759069755 -0.999229036240723 0
    outer loop
      vertex -13.413694994699371 -12.40339093289356 0.5
      vertex -13.5 -12.4 0
      vertex -13.413694994699371 -12.40339093289356 0
    endloop
  endfacet
  facet normal -0.1175373974578388 -0.9930684569549262 0
    outer loop
      vertex -13.327922088455747 -12.413542825345349 0.5
      vertex -13.413694994699371 -12.40339093289356 0
      vertex -13.327922088455747 -12.413542825345349 0
    endloop
  endfacet
  facet normal -0.1950903220161107 -0.9807852804032341 0
    outer loop
      vertex -13.243210099758503 -12.430393087562555 0.5
      vertex -13.327922088455747 -12.413542825345349 0
      vertex -13.243210099758503 -12.430393087562555 0
    endloop
  endfacet
  facet normal -0.2714404498650852 -0.9624552364536442 0
    outer loop
      vertex -13.160081306187557 -12.453837832075331 0.5
      vertex -13.243210099758503 -12.430393087562555 0
      vertex -13.160081306187557 -12.453837832075331 0
    endloop
  endfacet
  facet normal -0.8314696123025423 0.5555702330196065 0
    outer loop
      vertex -12.610081306187558 -14.14656377752172 0.5
      vertex -12.562095819210498 -14.074748421187543 0
      vertex -12.610081306187558 -14.14656377752172 0
    endloop
  endfacet
  facet normal -0.8724960070727922 0.4886212414969639 0
    outer loop
      vertex -12.562095819210498 -14.074748421187543 0.5
      vertex -12.519892823392794 -13.999389549713502 0
      vertex -12.562095819210498 -14.074748421187543 0
    endloop
  endfacet
  facet normal -0.9081431738250824 0.4186597375374257 0
    outer loop
      vertex -12.519892823392794 -13.999389549713502 0.5
      vertex -12.483732514237584 -13.9209517756016 0
      vertex -12.519892823392794 -13.999389549713502 0
    endloop
  endfacet
  facet normal -0.9381913359224875 0.34611705707748375 0
    outer loop
      vertex -12.483732514237584 -13.9209517756016 0.5
      vertex -12.453837832075331 -13.839918693812443 0
      vertex -12.483732514237584 -13.9209517756016 0
    endloop
  endfacet
  facet normal -0.9624552364536442 0.2714404498650852 0
    outer loop
      vertex -12.453837832075331 -13.839918693812443 0.5
      vertex -12.430393087562555 -13.756789900241497 0
      vertex -12.453837832075331 -13.839918693812443 0
    endloop
  endfacet
  facet normal -0.9807852804032341 0.1950903220161107 0
    outer loop
      vertex -12.430393087562555 -13.756789900241497 0.5
      vertex -12.413542825345349 -13.672077911544253 0
      vertex -12.430393087562555 -13.756789900241497 0
    endloop
  endfacet
  facet normal -0.9930684569549262 0.1175373974578388 0
    outer loop
      vertex -12.413542825345349 -13.672077911544253 0.5
      vertex -12.40339093289356 -13.586305005300629 0
      vertex -12.413542825345349 -13.672077911544253 0
    endloop
  endfacet
  facet normal -0.999229036240723 0.039259815759069755 0
    outer loop
      vertex -12.40339093289356 -13.586305005300629 0.5
      vertex -12.4 -13.5 0
      vertex -12.40339093289356 -13.586305005300629 0
    endloop
  endfacet
  facet normal -0.999229036240723 -0.039259815759069755 0
    outer loop
      vertex -12.4 -13.5 0.5
      vertex -12.40339093289356 -13.413694994699371 0
      vertex -12.4 -13.5 0
    endloop
  endfacet
  facet normal -0.9930684569549262 -0.1175373974578388 0
    outer loop
      vertex -12.40339093289356 -13.413694994699371 0.5
      vertex -12.413542825345349 -13.327922088455747 0
      vertex -12.40339093289356 -13.413694994699371 0
    endloop
  endfacet
  facet normal -0.9807852804032341 -0.1950903220161107 0
    outer loop
      vertex -12.413542825345349 -13.327922088455747 0.5
      vertex -12.430393087562555 -13.243210099758503 0
      vertex -12.413542825345349 -13.327922088455747 0
    endloop
  endfacet
  facet normal -0.9624552364536442 -0.2714404498650852 0
    outer loop
      vertex -12.430393087562555 -13.243210099758503 0.5
      vertex -12.453837832075331 -13.160081306187557 0
      vertex -12.430393087562555 -13.243210099758503 0
    endloop
  endfacet
  facet normal -0.9381913359224875 -0.34611705707748375 0
    outer loop
      vertex -12.453837832075331 -13.160081306187557 0.5
      vertex -12.483732514237584 -13.0790482243984 0
      vertex -12.453837832075331 -13.160081306187557 0
    endloop
  endfacet
  facet normal -0.6190939493098258 -0.7853169308807515 0
    outer loop
      vertex -12.785607146836798 -12.663553437839965 0.5
      vertex -12.85343622247828 -12.610081306187558 0
      vertex -12.785607146836798 -12.663553437839965 0
    endloop
  endfacet
  facet normal -0.734322509435683 -0.6788007455329444 0
    outer loop
      vertex -12.663553437839965 -12.785607146836798 0.5
      vertex -12.722182540694797 -12.722182540694797 0
      vertex -12.663553437839965 -12.785607146836798 0
    endloop
  endfacet
  facet normal -0.7853169308807515 -0.6190939493098258 0
    outer loop
      vertex -12.610081306187558 -12.85343622247828 0.5
      vertex -12.663553437839965 -12.785607146836798 0
      vertex -12.610081306187558 -12.85343622247828 0
    endloop
  endfacet
  facet normal -0.6788007455329444 -0.734322509435683 4.774072456066295e-18
    outer loop
      vertex -12.785607146836798 -12.663553437839965 0
      vertex -12.722182540694797 -12.722182540694797 0
      vertex -12.722182540694797 -12.722182540694797 0.5
    endloop
  endfacet
  facet normal -0.4186597375374257 -0.9081431738250824 0
    outer loop
      vertex -13.000610450286498 -12.519892823392794 0.5
      vertex -13.0790482243984 -12.483732514237584 0
      vertex -13.000610450286498 -12.519892823392794 0
    endloop
  endfacet
  facet normal -0.34611705707748375 -0.9381913359224875 0
    outer loop
      vertex -13.0790482243984 -12.483732514237584 0.5
      vertex -13.160081306187557 -12.453837832075331 0
      vertex -13.0790482243984 -12.483732514237584 0
    endloop
  endfacet
  facet normal -0.4886212414969639 -0.8724960070727922 0
    outer loop
      vertex -12.925251578812457 -12.562095819210498 0.5
      vertex -13.000610450286498 -12.519892823392794 0
      vertex -12.925251578812457 -12.562095819210498 0
    endloop
  endfacet
  facet normal -0.5555702330196065 -0.8314696123025423 0
    outer loop
      vertex -12.85343622247828 -12.610081306187558 0.5
      vertex -12.925251578812457 -12.562095819210498 0
      vertex -12.85343622247828 -12.610081306187558 0
    endloop
  endfacet
  facet normal -0.9081431738250824 -0.4186597375374257 0
    outer loop
      vertex -12.483732514237584 -13.0790482243984 0.5
      vertex -12.519892823392794 -13.000610450286498 0
      vertex -12.483732514237584 -13.0790482243984 0
    endloop
  endfacet
  facet normal -0.8314696123025423 -0.5555702330196065 0
    outer loop
      vertex -12.562095819210498 -12.925251578812457 0.5
      vertex -12.610081306187558 -12.85343622247828 0
      vertex -12.562095819210498 -12.925251578812457 0
    endloop
  endfacet
  facet normal -0.8724960070727922 -0.4886212414969639 0
    outer loop
      vertex -12.519892823392794 -13.000610450286498 0.5
      vertex -12.562095819210498 -12.925251578812457 0
      vertex -12.519892823392794 -13.000610450286498 0
    endloop
  endfacet
  facet normal 0.7853169308807515 0.6190939493098258 -2.3750500612205893e-18
    outer loop
      vertex -14.389918693812442 -14.14656377752172 0.5
      vertex -14.336446562160035 -14.214392853163202 0.5
      vertex -14.336446562160035 -14.214392853163202 0
    endloop
  endfacet
  facet normal 0.734322509435683 0.6788007455329444 4.774072456066295e-18
    outer loop
      vertex -14.336446562160035 -14.214392853163202 0.5
      vertex -14.277817459305203 -14.277817459305203 0.5
      vertex -14.277817459305203 -14.277817459305203 0
    endloop
  endfacet
  facet normal 0.6788007455329444 0.734322509435683 0
    outer loop
      vertex -14.214392853163202 -14.336446562160035 0.5
      vertex -14.214392853163202 -14.336446562160035 0
      vertex -14.277817459305203 -14.277817459305203 0.5
    endloop
  endfacet
  facet normal 0.6190939493098258 0.7853169308807515 0
    outer loop
      vertex -14.14656377752172 -14.389918693812442 0.5
      vertex -14.14656377752172 -14.389918693812442 0
      vertex -14.214392853163202 -14.336446562160035 0.5
    endloop
  endfacet
  facet normal 0.9381913359224875 0.34611705707748375 4.761610583838788e-18
    outer loop
      vertex -14.546162167924669 -13.839918693812443 0.5
      vertex -14.516267485762416 -13.9209517756016 0.5
      vertex -14.516267485762416 -13.9209517756016 0
    endloop
  endfacet
  facet normal 0.8724960070727922 0.4886212414969639 -3.2592187554377777e-18
    outer loop
      vertex -14.480107176607206 -13.999389549713502 0.5
      vertex -14.437904180789502 -14.074748421187543 0.5
      vertex -14.437904180789502 -14.074748421187543 0
    endloop
  endfacet
  facet normal 0.8314696123025423 0.5555702330196065 -2.03015806863289e-18
    outer loop
      vertex -14.437904180789502 -14.074748421187543 0.5
      vertex -14.389918693812442 -14.14656377752172 0.5
      vertex -14.389918693812442 -14.14656377752172 0
    endloop
  endfacet
  facet normal 0.9081431738250824 0.4186597375374257 -3.9641676753734695e-18
    outer loop
      vertex -14.516267485762416 -13.9209517756016 0.5
      vertex -14.480107176607206 -13.999389549713502 0.5
      vertex -14.480107176607206 -13.999389549713502 0
    endloop
  endfacet
  facet normal 0.9624552364536442 0.2714404498650852 -1.6001486795365604e-18
    outer loop
      vertex -14.569606912437445 -13.756789900241497 0.5
      vertex -14.546162167924669 -13.839918693812443 0.5
      vertex -14.546162167924669 -13.839918693812443 0
    endloop
  endfacet
  facet normal 0.9807852804032341 0.1950903220161107 -1.4108998578656185e-18
    outer loop
      vertex -14.586457174654651 -13.672077911544253 0.5
      vertex -14.569606912437445 -13.756789900241497 0.5
      vertex -14.569606912437445 -13.756789900241497 0
    endloop
  endfacet
  facet normal 0.9930684569549262 0.1175373974578388 -8.75318002164644e-19
    outer loop
      vertex -14.59660906710644 -13.586305005300629 0.5
      vertex -14.586457174654651 -13.672077911544253 0.5
      vertex -14.586457174654651 -13.672077911544253 0
    endloop
  endfacet
  facet normal 0.999229036240723 0.039259815759069755 -4.833806855352609e-19
    outer loop
      vertex -14.6 -13.5 0.5
      vertex -14.59660906710644 -13.586305005300629 0.5
      vertex -14.59660906710644 -13.586305005300629 0
    endloop
  endfacet
  facet normal 0.999229036240723 -0.039259815759069755 4.833806855352609e-19
    outer loop
      vertex -14.59660906710644 -13.413694994699371 0.5
      vertex -14.6 -13.5 0.5
      vertex -14.6 -13.5 0
    endloop
  endfacet
  facet normal 0.9930684569549262 -0.1175373974578388 8.75318002164644e-19
    outer loop
      vertex -14.586457174654651 -13.327922088455747 0.5
      vertex -14.59660906710644 -13.413694994699371 0.5
      vertex -14.59660906710644 -13.413694994699371 0
    endloop
  endfacet
  facet normal 0.9807852804032341 -0.1950903220161107 1.4108998578656185e-18
    outer loop
      vertex -14.569606912437445 -13.243210099758503 0.5
      vertex -14.586457174654651 -13.327922088455747 0.5
      vertex -14.586457174654651 -13.327922088455747 0
    endloop
  endfacet
  facet normal 0.9624552364536442 -0.2714404498650852 1.6001486795365604e-18
    outer loop
      vertex -14.546162167924669 -13.160081306187557 0.5
      vertex -14.569606912437445 -13.243210099758503 0.5
      vertex -14.569606912437445 -13.243210099758503 0
    endloop
  endfacet
  facet normal 0.9381913359224875 -0.34611705707748375 -4.761610583838788e-18
    outer loop
      vertex -14.516267485762416 -13.0790482243984 0.5
      vertex -14.546162167924669 -13.160081306187557 0.5
      vertex -14.546162167924669 -13.160081306187557 0
    endloop
  endfacet
  facet normal 0.9081431738250824 -0.4186597375374257 3.9641676753734695e-18
    outer loop
      vertex -14.480107176607206 -13.000610450286498 0.5
      vertex -14.516267485762416 -13.0790482243984 0.5
      vertex -14.516267485762416 -13.0790482243984 0
    endloop
  endfacet
  facet normal 0.8724960070727922 -0.4886212414969639 3.2592187554377777e-18
    outer loop
      vertex -14.437904180789502 -12.925251578812457 0.5
      vertex -14.480107176607206 -13.000610450286498 0.5
      vertex -14.480107176607206 -13.000610450286498 0
    endloop
  endfacet
  facet normal 0.8314696123025423 -0.5555702330196065 2.03015806863289e-18
    outer loop
      vertex -14.389918693812442 -12.85343622247828 0.5
      vertex -14.437904180789502 -12.925251578812457 0.5
      vertex -14.437904180789502 -12.925251578812457 0
    endloop
  endfacet
  facet normal 0.7853169308807515 -0.6190939493098258 2.3750500612205893e-18
    outer loop
      vertex -14.336446562160035 -12.785607146836798 0.5
      vertex -14.389918693812442 -12.85343622247828 0.5
      vertex -14.389918693812442 -12.85343622247828 0
    endloop
  endfacet
  facet normal 0.734322509435683 -0.6788007455329444 -4.774072456066295e-18
    outer loop
      vertex -14.277817459305203 -12.722182540694797 0.5
      vertex -14.336446562160035 -12.785607146836798 0.5
      vertex -14.336446562160035 -12.785607146836798 0
    endloop
  endfacet
  facet normal 0.6788007455329444 -0.734322509435683 0
    outer loop
      vertex -14.277817459305203 -12.722182540694797 0.5
      vertex -14.277817459305203 -12.722182540694797 0
      vertex -14.214392853163202 -12.663553437839965 0.5
    endloop
  endfacet
  facet normal 0.6190939493098258 -0.7853169308807515 0
    outer loop
      vertex -14.214392853163202 -12.663553437839965 0.5
      vertex -14.214392853163202 -12.663553437839965 0
      vertex -14.14656377752172 -12.610081306187558 0.5
    endloop
  endfacet
  facet normal 0.5555702330196065 0.8314696123025423 0
    outer loop
      vertex -14.074748421187543 -14.437904180789502 0.5
      vertex -14.074748421187543 -14.437904180789502 0
      vertex -14.14656377752172 -14.389918693812442 0.5
    endloop
  endfacet
  facet normal 0.4886212414969639 0.8724960070727922 0
    outer loop
      vertex -13.999389549713502 -14.480107176607206 0.5
      vertex -13.999389549713502 -14.480107176607206 0
      vertex -14.074748421187543 -14.437904180789502 0.5
    endloop
  endfacet
  facet normal 0.4186597375374257 0.9081431738250824 0
    outer loop
      vertex -13.9209517756016 -14.516267485762416 0.5
      vertex -13.9209517756016 -14.516267485762416 0
      vertex -13.999389549713502 -14.480107176607206 0.5
    endloop
  endfacet
  facet normal 0.34611705707748375 0.9381913359224875 0
    outer loop
      vertex -13.839918693812443 -14.546162167924669 0.5
      vertex -13.839918693812443 -14.546162167924669 0
      vertex -13.9209517756016 -14.516267485762416 0.5
    endloop
  endfacet
  facet normal 0.2714404498650852 0.9624552364536442 0
    outer loop
      vertex -13.756789900241497 -14.569606912437445 0.5
      vertex -13.756789900241497 -14.569606912437445 0
      vertex -13.839918693812443 -14.546162167924669 0.5
    endloop
  endfacet
  facet normal 0.1950903220161107 0.9807852804032341 0
    outer loop
      vertex -13.672077911544253 -14.586457174654651 0.5
      vertex -13.672077911544253 -14.586457174654651 0
      vertex -13.756789900241497 -14.569606912437445 0.5
    endloop
  endfacet
  facet normal 0.1175373974578388 0.9930684569549262 0
    outer loop
      vertex -13.586305005300629 -14.59660906710644 0.5
      vertex -13.586305005300629 -14.59660906710644 0
      vertex -13.672077911544253 -14.586457174654651 0.5
    endloop
  endfacet
  facet normal 0.039259815759069755 0.999229036240723 0
    outer loop
      vertex -13.5 -14.6 0.5
      vertex -13.5 -14.6 0
      vertex -13.586305005300629 -14.59660906710644 0.5
    endloop
  endfacet
  facet normal -0.039259815759069755 0.999229036240723 0
    outer loop
      vertex -13.413694994699371 -14.59660906710644 0.5
      vertex -13.413694994699371 -14.59660906710644 0
      vertex -13.5 -14.6 0.5
    endloop
  endfacet
  facet normal -0.1175373974578388 0.9930684569549262 0
    outer loop
      vertex -13.327922088455747 -14.586457174654651 0.5
      vertex -13.327922088455747 -14.586457174654651 0
      vertex -13.413694994699371 -14.59660906710644 0.5
    endloop
  endfacet
  facet normal -0.1950903220161107 0.9807852804032341 0
    outer loop
      vertex -13.243210099758503 -14.569606912437445 0.5
      vertex -13.243210099758503 -14.569606912437445 0
      vertex -13.327922088455747 -14.586457174654651 0.5
    endloop
  endfacet
  facet normal -0.2714404498650852 0.9624552364536442 0
    outer loop
      vertex -13.160081306187557 -14.546162167924669 0.5
      vertex -13.160081306187557 -14.546162167924669 0
      vertex -13.243210099758503 -14.569606912437445 0.5
    endloop
  endfacet
  facet normal -0.34611705707748375 0.9381913359224875 0
    outer loop
      vertex -13.0790482243984 -14.516267485762416 0.5
      vertex -13.0790482243984 -14.516267485762416 0
      vertex -13.160081306187557 -14.546162167924669 0.5
    endloop
  endfacet
  facet normal -0.4186597375374257 0.9081431738250824 0
    outer loop
      vertex -13.000610450286498 -14.480107176607206 0.5
      vertex -13.000610450286498 -14.480107176607206 0
      vertex -13.0790482243984 -14.516267485762416 0.5
    endloop
  endfacet
  facet normal -0.4886212414969639 0.8724960070727922 0
    outer loop
      vertex -12.925251578812457 -14.437904180789502 0.5
      vertex -12.925251578812457 -14.437904180789502 0
      vertex -13.000610450286498 -14.480107176607206 0.5
    endloop
  endfacet
  facet normal -0.5555702330196065 0.8314696123025423 0
    outer loop
      vertex -12.85343622247828 -14.389918693812442 0.5
      vertex -12.85343622247828 -14.389918693812442 0
      vertex -12.925251578812457 -14.437904180789502 0.5
    endloop
  endfacet
  facet normal -0.6190939493098258 0.7853169308807515 0
    outer loop
      vertex -12.785607146836798 -14.336446562160035 0.5
      vertex -12.785607146836798 -14.336446562160035 0
      vertex -12.85343622247828 -14.389918693812442 0.5
    endloop
  endfacet
  facet normal -0.6788007455329444 0.734322509435683 0
    outer loop
      vertex -12.722182540694797 -14.277817459305203 0.5
      vertex -12.722182540694797 -14.277817459305203 0
      vertex -12.785607146836798 -14.336446562160035 0.5
    endloop
  endfacet
  facet normal -0.734322509435683 0.6788007455329444 -4.774072456066295e-18
    outer loop
      vertex -12.722182540694797 -14.277817459305203 0.5
      vertex -12.663553437839965 -14.214392853163202 0.5
      vertex -12.663553437839965 -14.214392853163202 0
    endloop
  endfacet
  facet normal -0.7853169308807515 0.6190939493098258 2.3750500612205893e-18
    outer loop
      vertex -12.663553437839965 -14.214392853163202 0.5
      vertex -12.610081306187558 -14.14656377752172 0.5
      vertex -12.610081306187558 -14.14656377752172 0
    endloop
  endfacet
  facet normal 0.5555702330196065 -0.8314696123025423 0
    outer loop
      vertex -14.14656377752172 -12.610081306187558 0.5
      vertex -14.14656377752172 -12.610081306187558 0
      vertex -14.074748421187543 -12.562095819210498 0.5
    endloop
  endfacet
  facet normal 0.4886212414969639 -0.8724960070727922 0
    outer loop
      vertex -14.074748421187543 -12.562095819210498 0.5
      vertex -14.074748421187543 -12.562095819210498 0
      vertex -13.999389549713502 -12.519892823392794 0.5
    endloop
  endfacet
  facet normal 0.4186597375374257 -0.9081431738250824 0
    outer loop
      vertex -13.999389549713502 -12.519892823392794 0.5
      vertex -13.999389549713502 -12.519892823392794 0
      vertex -13.9209517756016 -12.483732514237584 0.5
    endloop
  endfacet
  facet normal 0.34611705707748375 -0.9381913359224875 0
    outer loop
      vertex -13.9209517756016 -12.483732514237584 0.5
      vertex -13.9209517756016 -12.483732514237584 0
      vertex -13.839918693812443 -12.453837832075331 0.5
    endloop
  endfacet
  facet normal 0.2714404498650852 -0.9624552364536442 0
    outer loop
      vertex -13.839918693812443 -12.453837832075331 0.5
      vertex -13.839918693812443 -12.453837832075331 0
      vertex -13.756789900241497 -12.430393087562555 0.5
    endloop
  endfacet
  facet normal 0.1950903220161107 -0.9807852804032341 0
    outer loop
      vertex -13.756789900241497 -12.430393087562555 0.5
      vertex -13.756789900241497 -12.430393087562555 0
      vertex -13.672077911544253 -12.413542825345349 0.5
    endloop
  endfacet
  facet normal 0.1175373974578388 -0.9930684569549262 0
    outer loop
      vertex -13.672077911544253 -12.413542825345349 0.5
      vertex -13.672077911544253 -12.413542825345349 0
      vertex -13.586305005300629 -12.40339093289356 0.5
    endloop
  endfacet
  facet normal 0.039259815759069755 -0.999229036240723 0
    outer loop
      vertex -13.586305005300629 -12.40339093289356 0.5
      vertex -13.586305005300629 -12.40339093289356 0
      vertex -13.5 -12.4 0.5
    endloop
  endfacet
  facet normal -0.039259815759069755 -0.999229036240723 0
    outer loop
      vertex -13.5 -12.4 0.5
      vertex -13.5 -12.4 0
      vertex -13.413694994699371 -12.40339093289356 0.5
    endloop
  endfacet
  facet normal -0.1175373974578388 -0.9930684569549262 0
    outer loop
      vertex -13.413694994699371 -12.40339093289356 0.5
      vertex -13.413694994699371 -12.40339093289356 0
      vertex -13.327922088455747 -12.413542825345349 0.5
    endloop
  endfacet
  facet normal -0.1950903220161107 -0.9807852804032341 0
    outer loop
      vertex -13.327922088455747 -12.413542825345349 0.5
      vertex -13.327922088455747 -12.413542825345349 0
      vertex -13.243210099758503 -12.430393087562555 0.5
    endloop
  endfacet
  facet normal -0.2714404498650852 -0.9624552364536442 0
    outer loop
      vertex -13.243210099758503 -12.430393087562555 0.5
      vertex -13.243210099758503 -12.430393087562555 0
      vertex -13.160081306187557 -12.453837832075331 0.5
    endloop
  endfacet
  facet normal -0.34611705707748375 -0.9381913359224875 0
    outer loop
      vertex -13.160081306187557 -12.453837832075331 0.5
      vertex -13.160081306187557 -12.453837832075331 0
      vertex -13.0790482243984 -12.483732514237584 0.5
    endloop
  endfacet
  facet normal -0.8314696123025423 0.5555702330196065 2.03015806863289e-18
    outer loop
      vertex -12.610081306187558 -14.14656377752172 0.5
      vertex -12.562095819210498 -14.074748421187543 0.5
      vertex -12.562095819210498 -14.074748421187543 0
    endloop
  endfacet
  facet normal -0.8724960070727922 0.4886212414969639 3.2592187554377777e-18
    outer loop
      vertex -12.562095819210498 -14.074748421187543 0.5
      vertex -12.519892823392794 -13.999389549713502 0.5
      vertex -12.519892823392794 -13.999389549713502 0
    endloop
  endfacet
  facet normal -0.9081431738250824 0.4186597375374257 3.9641676753734695e-18
    outer loop
      vertex -12.519892823392794 -13.999389549713502 0.5
      vertex -12.483732514237584 -13.9209517756016 0.5
      vertex -12.483732514237584 -13.9209517756016 0
    endloop
  endfacet
  facet normal -0.9381913359224875 0.34611705707748375 -4.761610583838788e-18
    outer loop
      vertex -12.483732514237584 -13.9209517756016 0.5
      vertex -12.453837832075331 -13.839918693812443 0.5
      vertex -12.453837832075331 -13.839918693812443 0
    endloop
  endfacet
  facet normal -0.9624552364536442 0.2714404498650852 1.6001486795365604e-18
    outer loop
      vertex -12.453837832075331 -13.839918693812443 0.5
      vertex -12.430393087562555 -13.756789900241497 0.5
      vertex -12.430393087562555 -13.756789900241497 0
    endloop
  endfacet
  facet normal -0.9807852804032341 0.1950903220161107 1.4108998578656185e-18
    outer loop
      vertex -12.430393087562555 -13.756789900241497 0.5
      vertex -12.413542825345349 -13.672077911544253 0.5
      vertex -12.413542825345349 -13.672077911544253 0
    endloop
  endfacet
  facet normal -0.9930684569549262 0.1175373974578388 8.75318002164644e-19
    outer loop
      vertex -12.413542825345349 -13.672077911544253 0.5
      vertex -12.40339093289356 -13.586305005300629 0.5
      vertex -12.40339093289356 -13.586305005300629 0
    endloop
  endfacet
  facet normal -0.999229036240723 0.039259815759069755 4.833806855352609e-19
    outer loop
      vertex -12.40339093289356 -13.586305005300629 0.5
      vertex -12.4 -13.5 0.5
      vertex -12.4 -13.5 0
    endloop
  endfacet
  facet normal -0.999229036240723 -0.039259815759069755 -4.833806855352609e-19
    outer loop
      vertex -12.4 -13.5 0.5
      vertex -12.40339093289356 -13.413694994699371 0.5
      vertex -12.40339093289356 -13.413694994699371 0
    endloop
  endfacet
  facet normal -0.9930684569549262 -0.1175373974578388 -8.75318002164644e-19
    outer loop
      vertex -12.40339093289356 -13.413694994699371 0.5
      vertex -12.413542825345349 -13.327922088455747 0.5
      vertex -12.413542825345349 -13.327922088455747 0
    endloop
  endfacet
  facet normal -0.9807852804032341 -0.1950903220161107 -1.4108998578656185e-18
    outer loop
      vertex -12.413542825345349 -13.327922088455747 0.5
      vertex -12.430393087562555 -13.243210099758503 0.5
      vertex -12.430393087562555 -13.243210099758503 0
    endloop
  endfacet
  facet normal -0.9624552364536442 -0.2714404498650852 -1.6001486795365604e-18
    outer loop
      vertex -12.430393087562555 -13.243210099758503 0.5
      vertex -12.453837832075331 -13.160081306187557 0.5
      vertex -12.453837832075331 -13.160081306187557 0
    endloop
  endfacet
  facet normal -0.6190939493098258 -0.7853169308807515 0
    outer loop
      vertex -12.85343622247828 -12.610081306187558 0.5
      vertex -12.85343622247828 -12.610081306187558 0
      vertex -12.785607146836798 -12.663553437839965 0.5
    endloop
  endfacet
  facet normal -0.6788007455329444 -0.734322509435683 0
    outer loop
      vertex -12.785607146836798 -12.663553437839965 0.5
      vertex -12.785607146836798 -12.663553437839965 0
      vertex -12.722182540694797 -12.722182540694797 0.5
    endloop
  endfacet
  facet normal -0.7853169308807515 -0.6190939493098258 -2.3750500612205893e-18
    outer loop
      vertex -12.610081306187558 -12.85343622247828 0.5
      vertex -12.663553437839965 -12.785607146836798 0.5
      vertex -12.663553437839965 -12.785607146836798 0
    endloop
  endfacet
  facet normal -0.734322509435683 -0.6788007455329444 4.774072456066295e-18
    outer loop
      vertex -12.663553437839965 -12.785607146836798 0.5
      vertex -12.722182540694797 -12.722182540694797 0.5
      vertex -12.722182540694797 -12.722182540694797 0
    endloop
  endfacet
  facet normal -0.4186597375374257 -0.9081431738250824 0
    outer loop
      vertex -13.0790482243984 -12.483732514237584 0.5
      vertex -13.0790482243984 -12.483732514237584 0
      vertex -13.000610450286498 -12.519892823392794 0.5
    endloop
  endfacet
  facet normal -0.4886212414969639 -0.8724960070727922 0
    outer loop
      vertex -13.000610450286498 -12.519892823392794 0.5
      vertex -13.000610450286498 -12.519892823392794 0
      vertex -12.925251578812457 -12.562095819210498 0.5
    endloop
  endfacet
  facet normal -0.5555702330196065 -0.8314696123025423 0
    outer loop
      vertex -12.925251578812457 -12.562095819210498 0.5
      vertex -12.925251578812457 -12.562095819210498 0
      vertex -12.85343622247828 -12.610081306187558 0.5
    endloop
  endfacet
  facet normal -0.9081431738250824 -0.4186597375374257 -3.9641676753734695e-18
    outer loop
      vertex -12.483732514237584 -13.0790482243984 0.5
      vertex -12.519892823392794 -13.000610450286498 0.5
      vertex -12.519892823392794 -13.000610450286498 0
    endloop
  endfacet
  facet normal -0.8314696123025423 -0.5555702330196065 -2.03015806863289e-18
    outer loop
      vertex -12.562095819210498 -12.925251578812457 0.5
      vertex -12.610081306187558 -12.85343622247828 0.5
      vertex -12.610081306187558 -12.85343622247828 0
    endloop
  endfacet
  facet normal -0.8724960070727922 -0.4886212414969639 -3.2592187554377777e-18
    outer loop
      vertex -12.519892823392794 -13.000610450286498 0.5
      vertex -12.562095819210498 -12.925251578812457 0.5
      vertex -12.562095819210498 -12.925251578812457 0
    endloop
  endfacet
  facet normal -0.9381913359224875 -0.34611705707748375 4.761610583838788e-18
    outer loop
      vertex -12.453837832075331 -13.160081306187557 0.5
      vertex -12.483732514237584 -13.0790482243984 0.5
      vertex -12.483732514237584 -13.0790482243984 0
    endloop
  endfacet
  facet normal 0.8724960070727922 0.4886212414969639 0
    outer loop
      vertex -14.480107176607206 13.000610450286498 0.5
      vertex -14.437904180789502 12.925251578812457 0
      vertex -14.480107176607206 13.000610450286498 0
    endloop
  endfacet
  facet normal 0.8314696123025423 0.5555702330196065 0
    outer loop
      vertex -14.437904180789502 12.925251578812457 0.5
      vertex -14.389918693812442 12.85343622247828 0
      vertex -14.437904180789502 12.925251578812457 0
    endloop
  endfacet
  facet normal 0.9081431738250824 0.4186597375374257 0
    outer loop
      vertex -14.516267485762416 13.0790482243984 0.5
      vertex -14.480107176607206 13.000610450286498 0
      vertex -14.516267485762416 13.0790482243984 0
    endloop
  endfacet
  facet normal 0.7853169308807515 0.6190939493098258 0
    outer loop
      vertex -14.389918693812442 12.85343622247828 0.5
      vertex -14.336446562160035 12.785607146836798 0
      vertex -14.389918693812442 12.85343622247828 0
    endloop
  endfacet
  facet normal 0.734322509435683 0.6788007455329444 0
    outer loop
      vertex -14.336446562160035 12.785607146836798 0.5
      vertex -14.277817459305203 12.722182540694797 0
      vertex -14.336446562160035 12.785607146836798 0
    endloop
  endfacet
  facet normal 0.6788007455329444 0.734322509435683 0
    outer loop
      vertex -14.277817459305203 12.722182540694797 0.5
      vertex -14.214392853163202 12.663553437839965 0
      vertex -14.277817459305203 12.722182540694797 0
    endloop
  endfacet
  facet normal 0.6190939493098258 0.7853169308807515 0
    outer loop
      vertex -14.214392853163202 12.663553437839965 0.5
      vertex -14.14656377752172 12.610081306187558 0
      vertex -14.214392853163202 12.663553437839965 0
    endloop
  endfacet
  facet normal 0.9381913359224875 0.34611705707748375 0
    outer loop
      vertex -14.546162167924669 13.160081306187557 0.5
      vertex -14.516267485762416 13.0790482243984 0
      vertex -14.546162167924669 13.160081306187557 0
    endloop
  endfacet
  facet normal 0.9624552364536442 0.2714404498650852 0
    outer loop
      vertex -14.569606912437445 13.243210099758503 0.5
      vertex -14.546162167924669 13.160081306187557 0
      vertex -14.569606912437445 13.243210099758503 0
    endloop
  endfacet
  facet normal 0.9807852804032341 0.1950903220161107 0
    outer loop
      vertex -14.586457174654651 13.327922088455747 0.5
      vertex -14.569606912437445 13.243210099758503 0
      vertex -14.586457174654651 13.327922088455747 0
    endloop
  endfacet
  facet normal 0.9930684569549262 0.1175373974578388 0
    outer loop
      vertex -14.59660906710644 13.413694994699371 0.5
      vertex -14.586457174654651 13.327922088455747 0
      vertex -14.59660906710644 13.413694994699371 0
    endloop
  endfacet
  facet normal 0.999229036240723 0.039259815759069755 0
    outer loop
      vertex -14.6 13.5 0.5
      vertex -14.59660906710644 13.413694994699371 0
      vertex -14.6 13.5 0
    endloop
  endfacet
  facet normal 0.999229036240723 -0.039259815759069755 0
    outer loop
      vertex -14.59660906710644 13.586305005300629 0.5
      vertex -14.6 13.5 0
      vertex -14.59660906710644 13.586305005300629 0
    endloop
  endfacet
  facet normal 0.9930684569549262 -0.1175373974578388 0
    outer loop
      vertex -14.586457174654651 13.672077911544253 0.5
      vertex -14.59660906710644 13.586305005300629 0
      vertex -14.586457174654651 13.672077911544253 0
    endloop
  endfacet
  facet normal 0.9807852804032341 -0.1950903220161107 0
    outer loop
      vertex -14.569606912437445 13.756789900241497 0.5
      vertex -14.586457174654651 13.672077911544253 0
      vertex -14.569606912437445 13.756789900241497 0
    endloop
  endfacet
  facet normal 0.9624552364536442 -0.2714404498650852 0
    outer loop
      vertex -14.546162167924669 13.839918693812443 0.5
      vertex -14.569606912437445 13.756789900241497 0
      vertex -14.546162167924669 13.839918693812443 0
    endloop
  endfacet
  facet normal 0.9381913359224875 -0.34611705707748375 0
    outer loop
      vertex -14.516267485762416 13.9209517756016 0.5
      vertex -14.546162167924669 13.839918693812443 0
      vertex -14.516267485762416 13.9209517756016 0
    endloop
  endfacet
  facet normal 0.9081431738250824 -0.4186597375374257 0
    outer loop
      vertex -14.480107176607206 13.999389549713502 0.5
      vertex -14.516267485762416 13.9209517756016 0
      vertex -14.480107176607206 13.999389549713502 0
    endloop
  endfacet
  facet normal 0.8724960070727922 -0.4886212414969639 0
    outer loop
      vertex -14.437904180789502 14.074748421187543 0.5
      vertex -14.480107176607206 13.999389549713502 0
      vertex -14.437904180789502 14.074748421187543 0
    endloop
  endfacet
  facet normal 0.8314696123025423 -0.5555702330196065 0
    outer loop
      vertex -14.389918693812442 14.14656377752172 0.5
      vertex -14.437904180789502 14.074748421187543 0
      vertex -14.389918693812442 14.14656377752172 0
    endloop
  endfacet
  facet normal 0.7853169308807515 -0.6190939493098258 0
    outer loop
      vertex -14.336446562160035 14.214392853163202 0.5
      vertex -14.389918693812442 14.14656377752172 0
      vertex -14.336446562160035 14.214392853163202 0
    endloop
  endfacet
  facet normal 0.734322509435683 -0.6788007455329444 0
    outer loop
      vertex -14.277817459305203 14.277817459305203 0.5
      vertex -14.336446562160035 14.214392853163202 0
      vertex -14.277817459305203 14.277817459305203 0
    endloop
  endfacet
  facet normal 0.6788007455329444 -0.734322509435683 0
    outer loop
      vertex -14.214392853163202 14.336446562160035 0
      vertex -14.214392853163202 14.336446562160035 0.5
      vertex -14.277817459305203 14.277817459305203 0
    endloop
  endfacet
  facet normal 0.6190939493098258 -0.7853169308807515 0
    outer loop
      vertex -14.14656377752172 14.389918693812442 0
      vertex -14.14656377752172 14.389918693812442 0.5
      vertex -14.214392853163202 14.336446562160035 0
    endloop
  endfacet
  facet normal 0.5555702330196065 0.8314696123025423 0
    outer loop
      vertex -14.14656377752172 12.610081306187558 0.5
      vertex -14.074748421187543 12.562095819210498 0
      vertex -14.14656377752172 12.610081306187558 0
    endloop
  endfacet
  facet normal 0.4886212414969639 0.8724960070727922 0
    outer loop
      vertex -14.074748421187543 12.562095819210498 0.5
      vertex -13.999389549713502 12.519892823392794 0
      vertex -14.074748421187543 12.562095819210498 0
    endloop
  endfacet
  facet normal 0.34611705707748375 0.9381913359224875 0
    outer loop
      vertex -13.9209517756016 12.483732514237584 0.5
      vertex -13.839918693812443 12.453837832075331 0
      vertex -13.9209517756016 12.483732514237584 0
    endloop
  endfacet
  facet normal 0.4186597375374257 0.9081431738250824 0
    outer loop
      vertex -13.999389549713502 12.519892823392794 0.5
      vertex -13.9209517756016 12.483732514237584 0
      vertex -13.999389549713502 12.519892823392794 0
    endloop
  endfacet
  facet normal 0.2714404498650852 0.9624552364536442 0
    outer loop
      vertex -13.839918693812443 12.453837832075331 0.5
      vertex -13.756789900241497 12.430393087562555 0
      vertex -13.839918693812443 12.453837832075331 0
    endloop
  endfacet
  facet normal 0.1950903220161107 0.9807852804032341 0
    outer loop
      vertex -13.756789900241497 12.430393087562555 0.5
      vertex -13.672077911544253 12.413542825345349 0
      vertex -13.756789900241497 12.430393087562555 0
    endloop
  endfacet
  facet normal 0.1175373974578388 0.9930684569549262 0
    outer loop
      vertex -13.672077911544253 12.413542825345349 0.5
      vertex -13.586305005300629 12.40339093289356 0
      vertex -13.672077911544253 12.413542825345349 0
    endloop
  endfacet
  facet normal 0.039259815759069755 0.999229036240723 0
    outer loop
      vertex -13.586305005300629 12.40339093289356 0.5
      vertex -13.5 12.4 0
      vertex -13.586305005300629 12.40339093289356 0
    endloop
  endfacet
  facet normal -0.039259815759069755 0.999229036240723 0
    outer loop
      vertex -13.5 12.4 0.5
      vertex -13.413694994699371 12.40339093289356 0
      vertex -13.5 12.4 0
    endloop
  endfacet
  facet normal -0.1175373974578388 0.9930684569549262 0
    outer loop
      vertex -13.413694994699371 12.40339093289356 0.5
      vertex -13.327922088455747 12.413542825345349 0
      vertex -13.413694994699371 12.40339093289356 0
    endloop
  endfacet
  facet normal -0.1950903220161107 0.9807852804032341 0
    outer loop
      vertex -13.327922088455747 12.413542825345349 0.5
      vertex -13.243210099758503 12.430393087562555 0
      vertex -13.327922088455747 12.413542825345349 0
    endloop
  endfacet
  facet normal -0.2714404498650852 0.9624552364536442 0
    outer loop
      vertex -13.243210099758503 12.430393087562555 0.5
      vertex -13.160081306187557 12.453837832075331 0
      vertex -13.243210099758503 12.430393087562555 0
    endloop
  endfacet
  facet normal -0.34611705707748375 0.9381913359224875 0
    outer loop
      vertex -13.160081306187557 12.453837832075331 0.5
      vertex -13.0790482243984 12.483732514237584 0
      vertex -13.160081306187557 12.453837832075331 0
    endloop
  endfacet
  facet normal -0.4186597375374257 0.9081431738250824 0
    outer loop
      vertex -13.0790482243984 12.483732514237584 0.5
      vertex -13.000610450286498 12.519892823392794 0
      vertex -13.0790482243984 12.483732514237584 0
    endloop
  endfacet
  facet normal -0.4886212414969639 0.8724960070727922 0
    outer loop
      vertex -13.000610450286498 12.519892823392794 0.5
      vertex -12.925251578812457 12.562095819210498 0
      vertex -13.000610450286498 12.519892823392794 0
    endloop
  endfacet
  facet normal -0.5555702330196065 0.8314696123025423 0
    outer loop
      vertex -12.925251578812457 12.562095819210498 0.5
      vertex -12.85343622247828 12.610081306187558 0
      vertex -12.925251578812457 12.562095819210498 0
    endloop
  endfacet
  facet normal -0.6190939493098258 0.7853169308807515 0
    outer loop
      vertex -12.85343622247828 12.610081306187558 0.5
      vertex -12.785607146836798 12.663553437839965 0
      vertex -12.85343622247828 12.610081306187558 0
    endloop
  endfacet
  facet normal -0.6788007455329444 0.734322509435683 0
    outer loop
      vertex -12.785607146836798 12.663553437839965 0.5
      vertex -12.722182540694797 12.722182540694797 0
      vertex -12.785607146836798 12.663553437839965 0
    endloop
  endfacet
  facet normal -0.734322509435683 0.6788007455329444 0
    outer loop
      vertex -12.722182540694797 12.722182540694797 0
      vertex -12.722182540694797 12.722182540694797 0.5
      vertex -12.663553437839965 12.785607146836798 0
    endloop
  endfacet
  facet normal -0.7853169308807515 0.6190939493098258 2.3750500612205893e-18
    outer loop
      vertex -12.610081306187558 12.85343622247828 0
      vertex -12.663553437839965 12.785607146836798 0
      vertex -12.663553437839965 12.785607146836798 0.5
    endloop
  endfacet
  facet normal -0.8314696123025423 0.5555702330196065 2.03015806863289e-18
    outer loop
      vertex -12.562095819210498 12.925251578812457 0
      vertex -12.610081306187558 12.85343622247828 0
      vertex -12.610081306187558 12.85343622247828 0.5
    endloop
  endfacet
  facet normal -0.8724960070727922 0.4886212414969639 3.2592187554377777e-18
    outer loop
      vertex -12.519892823392794 13.000610450286498 0
      vertex -12.562095819210498 12.925251578812457 0
      vertex -12.562095819210498 12.925251578812457 0.5
    endloop
  endfacet
  facet normal -0.9081431738250824 0.4186597375374257 3.9641676753734695e-18
    outer loop
      vertex -12.483732514237584 13.0790482243984 0
      vertex -12.519892823392794 13.000610450286498 0
      vertex -12.519892823392794 13.000610450286498 0.5
    endloop
  endfacet
  facet normal -0.9381913359224875 0.34611705707748375 -4.761610583838788e-18
    outer loop
      vertex -12.453837832075331 13.160081306187557 0
      vertex -12.483732514237584 13.0790482243984 0
      vertex -12.483732514237584 13.0790482243984 0.5
    endloop
  endfacet
  facet normal -0.9624552364536442 0.2714404498650852 1.6001486795365604e-18
    outer loop
      vertex -12.430393087562555 13.243210099758503 0
      vertex -12.453837832075331 13.160081306187557 0
      vertex -12.453837832075331 13.160081306187557 0.5
    endloop
  endfacet
  facet normal -0.9807852804032341 0.1950903220161107 1.4108998578656185e-18
    outer loop
      vertex -12.413542825345349 13.327922088455747 0
      vertex -12.430393087562555 13.243210099758503 0
      vertex -12.430393087562555 13.243210099758503 0.5
    endloop
  endfacet
  facet normal -0.9930684569549262 0.1175373974578388 8.75318002164644e-19
    outer loop
      vertex -12.40339093289356 13.413694994699371 0
      vertex -12.413542825345349 13.327922088455747 0
      vertex -12.413542825345349 13.327922088455747 0.5
    endloop
  endfacet
  facet normal -0.999229036240723 0.039259815759069755 4.833806855352609e-19
    outer loop
      vertex -12.4 13.5 0
      vertex -12.40339093289356 13.413694994699371 0
      vertex -12.40339093289356 13.413694994699371 0.5
    endloop
  endfacet
  facet normal -0.999229036240723 -0.039259815759069755 -4.833806855352609e-19
    outer loop
      vertex -12.40339093289356 13.586305005300629 0
      vertex -12.4 13.5 0
      vertex -12.4 13.5 0.5
    endloop
  endfacet
  facet normal -0.9930684569549262 -0.1175373974578388 -8.75318002164644e-19
    outer loop
      vertex -12.413542825345349 13.672077911544253 0
      vertex -12.40339093289356 13.586305005300629 0
      vertex -12.40339093289356 13.586305005300629 0.5
    endloop
  endfacet
  facet normal -0.9807852804032341 -0.1950903220161107 -1.4108998578656185e-18
    outer loop
      vertex -12.430393087562555 13.756789900241497 0
      vertex -12.413542825345349 13.672077911544253 0
      vertex -12.413542825345349 13.672077911544253 0.5
    endloop
  endfacet
  facet normal -0.9624552364536442 -0.2714404498650852 -1.6001486795365604e-18
    outer loop
      vertex -12.453837832075331 13.839918693812443 0
      vertex -12.430393087562555 13.756789900241497 0
      vertex -12.430393087562555 13.756789900241497 0.5
    endloop
  endfacet
  facet normal -0.9381913359224875 -0.34611705707748375 4.761610583838788e-18
    outer loop
      vertex -12.483732514237584 13.9209517756016 0
      vertex -12.453837832075331 13.839918693812443 0
      vertex -12.453837832075331 13.839918693812443 0.5
    endloop
  endfacet
  facet normal -0.9081431738250824 -0.4186597375374257 -3.9641676753734695e-18
    outer loop
      vertex -12.519892823392794 13.999389549713502 0
      vertex -12.483732514237584 13.9209517756016 0
      vertex -12.483732514237584 13.9209517756016 0.5
    endloop
  endfacet
  facet normal -0.8314696123025423 -0.5555702330196065 -2.03015806863289e-18
    outer loop
      vertex -12.610081306187558 14.14656377752172 0
      vertex -12.562095819210498 14.074748421187543 0
      vertex -12.562095819210498 14.074748421187543 0.5
    endloop
  endfacet
  facet normal -0.8724960070727922 -0.4886212414969639 -3.2592187554377777e-18
    outer loop
      vertex -12.562095819210498 14.074748421187543 0
      vertex -12.519892823392794 13.999389549713502 0
      vertex -12.519892823392794 13.999389549713502 0.5
    endloop
  endfacet
  facet normal 0.5555702330196065 -0.8314696123025423 0
    outer loop
      vertex -14.074748421187543 14.437904180789502 0
      vertex -14.074748421187543 14.437904180789502 0.5
      vertex -14.14656377752172 14.389918693812442 0
    endloop
  endfacet
  facet normal 0.4886212414969639 -0.8724960070727922 0
    outer loop
      vertex -13.999389549713502 14.480107176607206 0
      vertex -13.999389549713502 14.480107176607206 0.5
      vertex -14.074748421187543 14.437904180789502 0
    endloop
  endfacet
  facet normal 0.4186597375374257 -0.9081431738250824 0
    outer loop
      vertex -13.9209517756016 14.516267485762416 0
      vertex -13.9209517756016 14.516267485762416 0.5
      vertex -13.999389549713502 14.480107176607206 0
    endloop
  endfacet
  facet normal 0.34611705707748375 -0.9381913359224875 0
    outer loop
      vertex -13.839918693812443 14.546162167924669 0
      vertex -13.839918693812443 14.546162167924669 0.5
      vertex -13.9209517756016 14.516267485762416 0
    endloop
  endfacet
  facet normal 0.2714404498650852 -0.9624552364536442 0
    outer loop
      vertex -13.756789900241497 14.569606912437445 0
      vertex -13.756789900241497 14.569606912437445 0.5
      vertex -13.839918693812443 14.546162167924669 0
    endloop
  endfacet
  facet normal 0.1950903220161107 -0.9807852804032341 0
    outer loop
      vertex -13.672077911544253 14.586457174654651 0
      vertex -13.672077911544253 14.586457174654651 0.5
      vertex -13.756789900241497 14.569606912437445 0
    endloop
  endfacet
  facet normal 0.1175373974578388 -0.9930684569549262 0
    outer loop
      vertex -13.586305005300629 14.59660906710644 0
      vertex -13.586305005300629 14.59660906710644 0.5
      vertex -13.672077911544253 14.586457174654651 0
    endloop
  endfacet
  facet normal 0.039259815759069755 -0.999229036240723 0
    outer loop
      vertex -13.5 14.6 0
      vertex -13.5 14.6 0.5
      vertex -13.586305005300629 14.59660906710644 0
    endloop
  endfacet
  facet normal -0.039259815759069755 -0.999229036240723 0
    outer loop
      vertex -13.413694994699371 14.59660906710644 0
      vertex -13.413694994699371 14.59660906710644 0.5
      vertex -13.5 14.6 0
    endloop
  endfacet
  facet normal -0.1175373974578388 -0.9930684569549262 0
    outer loop
      vertex -13.327922088455747 14.586457174654651 0
      vertex -13.327922088455747 14.586457174654651 0.5
      vertex -13.413694994699371 14.59660906710644 0
    endloop
  endfacet
  facet normal -0.1950903220161107 -0.9807852804032341 0
    outer loop
      vertex -13.243210099758503 14.569606912437445 0
      vertex -13.243210099758503 14.569606912437445 0.5
      vertex -13.327922088455747 14.586457174654651 0
    endloop
  endfacet
  facet normal -0.2714404498650852 -0.9624552364536442 0
    outer loop
      vertex -13.160081306187557 14.546162167924669 0
      vertex -13.160081306187557 14.546162167924669 0.5
      vertex -13.243210099758503 14.569606912437445 0
    endloop
  endfacet
  facet normal -0.4186597375374257 -0.9081431738250824 0
    outer loop
      vertex -13.000610450286498 14.480107176607206 0
      vertex -13.000610450286498 14.480107176607206 0.5
      vertex -13.0790482243984 14.516267485762416 0
    endloop
  endfacet
  facet normal -0.34611705707748375 -0.9381913359224875 0
    outer loop
      vertex -13.0790482243984 14.516267485762416 0
      vertex -13.0790482243984 14.516267485762416 0.5
      vertex -13.160081306187557 14.546162167924669 0
    endloop
  endfacet
  facet normal -0.4886212414969639 -0.8724960070727922 0
    outer loop
      vertex -12.925251578812457 14.437904180789502 0
      vertex -12.925251578812457 14.437904180789502 0.5
      vertex -13.000610450286498 14.480107176607206 0
    endloop
  endfacet
  facet normal -0.5555702330196065 -0.8314696123025423 0
    outer loop
      vertex -12.85343622247828 14.389918693812442 0
      vertex -12.85343622247828 14.389918693812442 0.5
      vertex -12.925251578812457 14.437904180789502 0
    endloop
  endfacet
  facet normal -0.6190939493098258 -0.7853169308807515 0
    outer loop
      vertex -12.785607146836798 14.336446562160035 0
      vertex -12.785607146836798 14.336446562160035 0.5
      vertex -12.85343622247828 14.389918693812442 0
    endloop
  endfacet
  facet normal -0.734322509435683 -0.6788007455329444 4.774072456066295e-18
    outer loop
      vertex -12.722182540694797 14.277817459305203 0
      vertex -12.663553437839965 14.214392853163202 0
      vertex -12.663553437839965 14.214392853163202 0.5
    endloop
  endfacet
  facet normal -0.7853169308807515 -0.6190939493098258 -2.3750500612205893e-18
    outer loop
      vertex -12.663553437839965 14.214392853163202 0
      vertex -12.610081306187558 14.14656377752172 0
      vertex -12.610081306187558 14.14656377752172 0.5
    endloop
  endfacet
  facet normal -0.6788007455329444 -0.734322509435683 0
    outer loop
      vertex -12.722182540694797 14.277817459305203 0
      vertex -12.722182540694797 14.277817459305203 0.5
      vertex -12.785607146836798 14.336446562160035 0
    endloop
  endfacet
  facet normal 0.9381913359224875 0.34611705707748375 4.761610583838788e-18
    outer loop
      vertex -14.546162167924669 13.160081306187557 0.5
      vertex -14.516267485762416 13.0790482243984 0.5
      vertex -14.516267485762416 13.0790482243984 0
    endloop
  endfacet
  facet normal 0.8724960070727922 0.4886212414969639 -3.2592187554377777e-18
    outer loop
      vertex -14.480107176607206 13.000610450286498 0.5
      vertex -14.437904180789502 12.925251578812457 0.5
      vertex -14.437904180789502 12.925251578812457 0
    endloop
  endfacet
  facet normal 0.8314696123025423 0.5555702330196065 -2.03015806863289e-18
    outer loop
      vertex -14.437904180789502 12.925251578812457 0.5
      vertex -14.389918693812442 12.85343622247828 0.5
      vertex -14.389918693812442 12.85343622247828 0
    endloop
  endfacet
  facet normal 0.9081431738250824 0.4186597375374257 -3.9641676753734695e-18
    outer loop
      vertex -14.516267485762416 13.0790482243984 0.5
      vertex -14.480107176607206 13.000610450286498 0.5
      vertex -14.480107176607206 13.000610450286498 0
    endloop
  endfacet
  facet normal 0.734322509435683 0.6788007455329444 4.774072456066295e-18
    outer loop
      vertex -14.336446562160035 12.785607146836798 0.5
      vertex -14.277817459305203 12.722182540694797 0.5
      vertex -14.277817459305203 12.722182540694797 0
    endloop
  endfacet
  facet normal 0.7853169308807515 0.6190939493098258 -2.3750500612205893e-18
    outer loop
      vertex -14.389918693812442 12.85343622247828 0.5
      vertex -14.336446562160035 12.785607146836798 0.5
      vertex -14.336446562160035 12.785607146836798 0
    endloop
  endfacet
  facet normal 0.6788007455329444 0.734322509435683 0
    outer loop
      vertex -14.214392853163202 12.663553437839965 0.5
      vertex -14.214392853163202 12.663553437839965 0
      vertex -14.277817459305203 12.722182540694797 0.5
    endloop
  endfacet
  facet normal 0.6190939493098258 0.7853169308807515 0
    outer loop
      vertex -14.14656377752172 12.610081306187558 0.5
      vertex -14.14656377752172 12.610081306187558 0
      vertex -14.214392853163202 12.663553437839965 0.5
    endloop
  endfacet
  facet normal 0.9624552364536442 0.2714404498650852 -1.6001486795365604e-18
    outer loop
      vertex -14.569606912437445 13.243210099758503 0.5
      vertex -14.546162167924669 13.160081306187557 0.5
      vertex -14.546162167924669 13.160081306187557 0
    endloop
  endfacet
  facet normal 0.9807852804032341 0.1950903220161107 -1.4108998578656185e-18
    outer loop
      vertex -14.586457174654651 13.327922088455747 0.5
      vertex -14.569606912437445 13.243210099758503 0.5
      vertex -14.569606912437445 13.243210099758503 0
    endloop
  endfacet
  facet normal 0.9930684569549262 0.1175373974578388 -8.75318002164644e-19
    outer loop
      vertex -14.59660906710644 13.413694994699371 0.5
      vertex -14.586457174654651 13.327922088455747 0.5
      vertex -14.586457174654651 13.327922088455747 0
    endloop
  endfacet
  facet normal 0.999229036240723 0.039259815759069755 -4.833806855352609e-19
    outer loop
      vertex -14.6 13.5 0.5
      vertex -14.59660906710644 13.413694994699371 0.5
      vertex -14.59660906710644 13.413694994699371 0
    endloop
  endfacet
  facet normal 0.999229036240723 -0.039259815759069755 4.833806855352609e-19
    outer loop
      vertex -14.59660906710644 13.586305005300629 0.5
      vertex -14.6 13.5 0.5
      vertex -14.6 13.5 0
    endloop
  endfacet
  facet normal 0.9930684569549262 -0.1175373974578388 8.75318002164644e-19
    outer loop
      vertex -14.586457174654651 13.672077911544253 0.5
      vertex -14.59660906710644 13.586305005300629 0.5
      vertex -14.59660906710644 13.586305005300629 0
    endloop
  endfacet
  facet normal 0.9807852804032341 -0.1950903220161107 1.4108998578656185e-18
    outer loop
      vertex -14.569606912437445 13.756789900241497 0.5
      vertex -14.586457174654651 13.672077911544253 0.5
      vertex -14.586457174654651 13.672077911544253 0
    endloop
  endfacet
  facet normal 0.9624552364536442 -0.2714404498650852 1.6001486795365604e-18
    outer loop
      vertex -14.546162167924669 13.839918693812443 0.5
      vertex -14.569606912437445 13.756789900241497 0.5
      vertex -14.569606912437445 13.756789900241497 0
    endloop
  endfacet
  facet normal 0.9381913359224875 -0.34611705707748375 -4.761610583838788e-18
    outer loop
      vertex -14.516267485762416 13.9209517756016 0.5
      vertex -14.546162167924669 13.839918693812443 0.5
      vertex -14.546162167924669 13.839918693812443 0
    endloop
  endfacet
  facet normal 0.9081431738250824 -0.4186597375374257 3.9641676753734695e-18
    outer loop
      vertex -14.480107176607206 13.999389549713502 0.5
      vertex -14.516267485762416 13.9209517756016 0.5
      vertex -14.516267485762416 13.9209517756016 0
    endloop
  endfacet
  facet normal 0.8724960070727922 -0.4886212414969639 3.2592187554377777e-18
    outer loop
      vertex -14.437904180789502 14.074748421187543 0.5
      vertex -14.480107176607206 13.999389549713502 0.5
      vertex -14.480107176607206 13.999389549713502 0
    endloop
  endfacet
  facet normal 0.8314696123025423 -0.5555702330196065 2.03015806863289e-18
    outer loop
      vertex -14.389918693812442 14.14656377752172 0.5
      vertex -14.437904180789502 14.074748421187543 0.5
      vertex -14.437904180789502 14.074748421187543 0
    endloop
  endfacet
  facet normal 0.7853169308807515 -0.6190939493098258 2.3750500612205893e-18
    outer loop
      vertex -14.336446562160035 14.214392853163202 0.5
      vertex -14.389918693812442 14.14656377752172 0.5
      vertex -14.389918693812442 14.14656377752172 0
    endloop
  endfacet
  facet normal 0.734322509435683 -0.6788007455329444 -4.774072456066295e-18
    outer loop
      vertex -14.277817459305203 14.277817459305203 0.5
      vertex -14.336446562160035 14.214392853163202 0.5
      vertex -14.336446562160035 14.214392853163202 0
    endloop
  endfacet
  facet normal 0.6788007455329444 -0.734322509435683 0
    outer loop
      vertex -14.277817459305203 14.277817459305203 0.5
      vertex -14.277817459305203 14.277817459305203 0
      vertex -14.214392853163202 14.336446562160035 0.5
    endloop
  endfacet
  facet normal 0.6190939493098258 -0.7853169308807515 0
    outer loop
      vertex -14.214392853163202 14.336446562160035 0
      vertex -14.14656377752172 14.389918693812442 0.5
      vertex -14.214392853163202 14.336446562160035 0.5
    endloop
  endfacet
  facet normal 0.5555702330196065 0.8314696123025423 0
    outer loop
      vertex -14.074748421187543 12.562095819210498 0.5
      vertex -14.074748421187543 12.562095819210498 0
      vertex -14.14656377752172 12.610081306187558 0.5
    endloop
  endfacet
  facet normal 0.4886212414969639 0.8724960070727922 0
    outer loop
      vertex -13.999389549713502 12.519892823392794 0.5
      vertex -13.999389549713502 12.519892823392794 0
      vertex -14.074748421187543 12.562095819210498 0.5
    endloop
  endfacet
  facet normal 0.4186597375374257 0.9081431738250824 0
    outer loop
      vertex -13.9209517756016 12.483732514237584 0.5
      vertex -13.9209517756016 12.483732514237584 0
      vertex -13.999389549713502 12.519892823392794 0.5
    endloop
  endfacet
  facet normal 0.34611705707748375 0.9381913359224875 0
    outer loop
      vertex -13.839918693812443 12.453837832075331 0.5
      vertex -13.839918693812443 12.453837832075331 0
      vertex -13.9209517756016 12.483732514237584 0.5
    endloop
  endfacet
  facet normal 0.2714404498650852 0.9624552364536442 0
    outer loop
      vertex -13.756789900241497 12.430393087562555 0.5
      vertex -13.756789900241497 12.430393087562555 0
      vertex -13.839918693812443 12.453837832075331 0.5
    endloop
  endfacet
  facet normal 0.1950903220161107 0.9807852804032341 0
    outer loop
      vertex -13.672077911544253 12.413542825345349 0.5
      vertex -13.672077911544253 12.413542825345349 0
      vertex -13.756789900241497 12.430393087562555 0.5
    endloop
  endfacet
  facet normal 0.1175373974578388 0.9930684569549262 0
    outer loop
      vertex -13.586305005300629 12.40339093289356 0.5
      vertex -13.586305005300629 12.40339093289356 0
      vertex -13.672077911544253 12.413542825345349 0.5
    endloop
  endfacet
  facet normal 0.039259815759069755 0.999229036240723 0
    outer loop
      vertex -13.5 12.4 0.5
      vertex -13.5 12.4 0
      vertex -13.586305005300629 12.40339093289356 0.5
    endloop
  endfacet
  facet normal -0.039259815759069755 0.999229036240723 0
    outer loop
      vertex -13.413694994699371 12.40339093289356 0.5
      vertex -13.413694994699371 12.40339093289356 0
      vertex -13.5 12.4 0.5
    endloop
  endfacet
  facet normal -0.1175373974578388 0.9930684569549262 0
    outer loop
      vertex -13.327922088455747 12.413542825345349 0.5
      vertex -13.327922088455747 12.413542825345349 0
      vertex -13.413694994699371 12.40339093289356 0.5
    endloop
  endfacet
  facet normal -0.1950903220161107 0.9807852804032341 0
    outer loop
      vertex -13.243210099758503 12.430393087562555 0.5
      vertex -13.243210099758503 12.430393087562555 0
      vertex -13.327922088455747 12.413542825345349 0.5
    endloop
  endfacet
  facet normal -0.2714404498650852 0.9624552364536442 0
    outer loop
      vertex -13.160081306187557 12.453837832075331 0.5
      vertex -13.160081306187557 12.453837832075331 0
      vertex -13.243210099758503 12.430393087562555 0.5
    endloop
  endfacet
  facet normal -0.34611705707748375 0.9381913359224875 0
    outer loop
      vertex -13.0790482243984 12.483732514237584 0.5
      vertex -13.0790482243984 12.483732514237584 0
      vertex -13.160081306187557 12.453837832075331 0.5
    endloop
  endfacet
  facet normal -0.4186597375374257 0.9081431738250824 0
    outer loop
      vertex -13.000610450286498 12.519892823392794 0.5
      vertex -13.000610450286498 12.519892823392794 0
      vertex -13.0790482243984 12.483732514237584 0.5
    endloop
  endfacet
  facet normal -0.4886212414969639 0.8724960070727922 0
    outer loop
      vertex -12.925251578812457 12.562095819210498 0.5
      vertex -12.925251578812457 12.562095819210498 0
      vertex -13.000610450286498 12.519892823392794 0.5
    endloop
  endfacet
  facet normal -0.5555702330196065 0.8314696123025423 0
    outer loop
      vertex -12.85343622247828 12.610081306187558 0.5
      vertex -12.85343622247828 12.610081306187558 0
      vertex -12.925251578812457 12.562095819210498 0.5
    endloop
  endfacet
  facet normal -0.6190939493098258 0.7853169308807515 0
    outer loop
      vertex -12.785607146836798 12.663553437839965 0.5
      vertex -12.785607146836798 12.663553437839965 0
      vertex -12.85343622247828 12.610081306187558 0.5
    endloop
  endfacet
  facet normal -0.6788007455329444 0.734322509435683 0
    outer loop
      vertex -12.722182540694797 12.722182540694797 0.5
      vertex -12.722182540694797 12.722182540694797 0
      vertex -12.785607146836798 12.663553437839965 0.5
    endloop
  endfacet
  facet normal -0.734322509435683 0.6788007455329444 0
    outer loop
      vertex -12.663553437839965 12.785607146836798 0
      vertex -12.722182540694797 12.722182540694797 0.5
      vertex -12.663553437839965 12.785607146836798 0.5
    endloop
  endfacet
  facet normal -0.7853169308807515 0.6190939493098258 0
    outer loop
      vertex -12.610081306187558 12.85343622247828 0
      vertex -12.663553437839965 12.785607146836798 0.5
      vertex -12.610081306187558 12.85343622247828 0.5
    endloop
  endfacet
  facet normal -0.8314696123025423 0.5555702330196065 0
    outer loop
      vertex -12.562095819210498 12.925251578812457 0
      vertex -12.610081306187558 12.85343622247828 0.5
      vertex -12.562095819210498 12.925251578812457 0.5
    endloop
  endfacet
  facet normal -0.8724960070727922 0.4886212414969639 0
    outer loop
      vertex -12.519892823392794 13.000610450286498 0
      vertex -12.562095819210498 12.925251578812457 0.5
      vertex -12.519892823392794 13.000610450286498 0.5
    endloop
  endfacet
  facet normal -0.9081431738250824 0.4186597375374257 0
    outer loop
      vertex -12.483732514237584 13.0790482243984 0
      vertex -12.519892823392794 13.000610450286498 0.5
      vertex -12.483732514237584 13.0790482243984 0.5
    endloop
  endfacet
  facet normal -0.9381913359224875 0.34611705707748375 0
    outer loop
      vertex -12.453837832075331 13.160081306187557 0
      vertex -12.483732514237584 13.0790482243984 0.5
      vertex -12.453837832075331 13.160081306187557 0.5
    endloop
  endfacet
  facet normal -0.9624552364536442 0.2714404498650852 0
    outer loop
      vertex -12.430393087562555 13.243210099758503 0
      vertex -12.453837832075331 13.160081306187557 0.5
      vertex -12.430393087562555 13.243210099758503 0.5
    endloop
  endfacet
  facet normal -0.9807852804032341 0.1950903220161107 0
    outer loop
      vertex -12.413542825345349 13.327922088455747 0
      vertex -12.430393087562555 13.243210099758503 0.5
      vertex -12.413542825345349 13.327922088455747 0.5
    endloop
  endfacet
  facet normal -0.9930684569549262 0.1175373974578388 0
    outer loop
      vertex -12.40339093289356 13.413694994699371 0
      vertex -12.413542825345349 13.327922088455747 0.5
      vertex -12.40339093289356 13.413694994699371 0.5
    endloop
  endfacet
  facet normal -0.999229036240723 0.039259815759069755 0
    outer loop
      vertex -12.4 13.5 0
      vertex -12.40339093289356 13.413694994699371 0.5
      vertex -12.4 13.5 0.5
    endloop
  endfacet
  facet normal -0.999229036240723 -0.039259815759069755 0
    outer loop
      vertex -12.40339093289356 13.586305005300629 0
      vertex -12.4 13.5 0.5
      vertex -12.40339093289356 13.586305005300629 0.5
    endloop
  endfacet
  facet normal -0.9930684569549262 -0.1175373974578388 0
    outer loop
      vertex -12.413542825345349 13.672077911544253 0
      vertex -12.40339093289356 13.586305005300629 0.5
      vertex -12.413542825345349 13.672077911544253 0.5
    endloop
  endfacet
  facet normal -0.9807852804032341 -0.1950903220161107 0
    outer loop
      vertex -12.430393087562555 13.756789900241497 0
      vertex -12.413542825345349 13.672077911544253 0.5
      vertex -12.430393087562555 13.756789900241497 0.5
    endloop
  endfacet
  facet normal -0.9624552364536442 -0.2714404498650852 0
    outer loop
      vertex -12.453837832075331 13.839918693812443 0
      vertex -12.430393087562555 13.756789900241497 0.5
      vertex -12.453837832075331 13.839918693812443 0.5
    endloop
  endfacet
  facet normal -0.9081431738250824 -0.4186597375374257 0
    outer loop
      vertex -12.519892823392794 13.999389549713502 0
      vertex -12.483732514237584 13.9209517756016 0.5
      vertex -12.519892823392794 13.999389549713502 0.5
    endloop
  endfacet
  facet normal -0.8314696123025423 -0.5555702330196065 0
    outer loop
      vertex -12.610081306187558 14.14656377752172 0
      vertex -12.562095819210498 14.074748421187543 0.5
      vertex -12.610081306187558 14.14656377752172 0.5
    endloop
  endfacet
  facet normal -0.8724960070727922 -0.4886212414969639 0
    outer loop
      vertex -12.562095819210498 14.074748421187543 0
      vertex -12.519892823392794 13.999389549713502 0.5
      vertex -12.562095819210498 14.074748421187543 0.5
    endloop
  endfacet
  facet normal -0.9381913359224875 -0.34611705707748375 0
    outer loop
      vertex -12.483732514237584 13.9209517756016 0
      vertex -12.453837832075331 13.839918693812443 0.5
      vertex -12.483732514237584 13.9209517756016 0.5
    endloop
  endfacet
  facet normal 0.5555702330196065 -0.8314696123025423 0
    outer loop
      vertex -14.14656377752172 14.389918693812442 0
      vertex -14.074748421187543 14.437904180789502 0.5
      vertex -14.14656377752172 14.389918693812442 0.5
    endloop
  endfacet
  facet normal 0.4886212414969639 -0.8724960070727922 0
    outer loop
      vertex -14.074748421187543 14.437904180789502 0
      vertex -13.999389549713502 14.480107176607206 0.5
      vertex -14.074748421187543 14.437904180789502 0.5
    endloop
  endfacet
  facet normal 0.4186597375374257 -0.9081431738250824 0
    outer loop
      vertex -13.999389549713502 14.480107176607206 0
      vertex -13.9209517756016 14.516267485762416 0.5
      vertex -13.999389549713502 14.480107176607206 0.5
    endloop
  endfacet
  facet normal 0.34611705707748375 -0.9381913359224875 0
    outer loop
      vertex -13.9209517756016 14.516267485762416 0
      vertex -13.839918693812443 14.546162167924669 0.5
      vertex -13.9209517756016 14.516267485762416 0.5
    endloop
  endfacet
  facet normal 0.2714404498650852 -0.9624552364536442 0
    outer loop
      vertex -13.839918693812443 14.546162167924669 0
      vertex -13.756789900241497 14.569606912437445 0.5
      vertex -13.839918693812443 14.546162167924669 0.5
    endloop
  endfacet
  facet normal 0.1950903220161107 -0.9807852804032341 0
    outer loop
      vertex -13.756789900241497 14.569606912437445 0
      vertex -13.672077911544253 14.586457174654651 0.5
      vertex -13.756789900241497 14.569606912437445 0.5
    endloop
  endfacet
  facet normal 0.1175373974578388 -0.9930684569549262 0
    outer loop
      vertex -13.672077911544253 14.586457174654651 0
      vertex -13.586305005300629 14.59660906710644 0.5
      vertex -13.672077911544253 14.586457174654651 0.5
    endloop
  endfacet
  facet normal 0.039259815759069755 -0.999229036240723 0
    outer loop
      vertex -13.586305005300629 14.59660906710644 0
      vertex -13.5 14.6 0.5
      vertex -13.586305005300629 14.59660906710644 0.5
    endloop
  endfacet
  facet normal -0.039259815759069755 -0.999229036240723 0
    outer loop
      vertex -13.5 14.6 0
      vertex -13.413694994699371 14.59660906710644 0.5
      vertex -13.5 14.6 0.5
    endloop
  endfacet
  facet normal -0.1175373974578388 -0.9930684569549262 0
    outer loop
      vertex -13.413694994699371 14.59660906710644 0
      vertex -13.327922088455747 14.586457174654651 0.5
      vertex -13.413694994699371 14.59660906710644 0.5
    endloop
  endfacet
  facet normal -0.1950903220161107 -0.9807852804032341 0
    outer loop
      vertex -13.327922088455747 14.586457174654651 0
      vertex -13.243210099758503 14.569606912437445 0.5
      vertex -13.327922088455747 14.586457174654651 0.5
    endloop
  endfacet
  facet normal -0.2714404498650852 -0.9624552364536442 0
    outer loop
      vertex -13.243210099758503 14.569606912437445 0
      vertex -13.160081306187557 14.546162167924669 0.5
      vertex -13.243210099758503 14.569606912437445 0.5
    endloop
  endfacet
  facet normal -0.34611705707748375 -0.9381913359224875 0
    outer loop
      vertex -13.160081306187557 14.546162167924669 0
      vertex -13.0790482243984 14.516267485762416 0.5
      vertex -13.160081306187557 14.546162167924669 0.5
    endloop
  endfacet
  facet normal -0.4186597375374257 -0.9081431738250824 0
    outer loop
      vertex -13.0790482243984 14.516267485762416 0
      vertex -13.000610450286498 14.480107176607206 0.5
      vertex -13.0790482243984 14.516267485762416 0.5
    endloop
  endfacet
  facet normal -0.4886212414969639 -0.8724960070727922 0
    outer loop
      vertex -13.000610450286498 14.480107176607206 0
      vertex -12.925251578812457 14.437904180789502 0.5
      vertex -13.000610450286498 14.480107176607206 0.5
    endloop
  endfacet
  facet normal -0.5555702330196065 -0.8314696123025423 0
    outer loop
      vertex -12.925251578812457 14.437904180789502 0
      vertex -12.85343622247828 14.389918693812442 0.5
      vertex -12.925251578812457 14.437904180789502 0.5
    endloop
  endfacet
  facet normal -0.6190939493098258 -0.7853169308807515 0
    outer loop
      vertex -12.85343622247828 14.389918693812442 0
      vertex -12.785607146836798 14.336446562160035 0.5
      vertex -12.85343622247828 14.389918693812442 0.5
    endloop
  endfacet
  facet normal -0.6788007455329444 -0.734322509435683 0
    outer loop
      vertex -12.785607146836798 14.336446562160035 0
      vertex -12.722182540694797 14.277817459305203 0.5
      vertex -12.785607146836798 14.336446562160035 0.5
    endloop
  endfacet
  facet normal -0.734322509435683 -0.6788007455329444 0
    outer loop
      vertex -12.722182540694797 14.277817459305203 0
      vertex -12.663553437839965 14.214392853163202 0.5
      vertex -12.722182540694797 14.277817459305203 0.5
    endloop
  endfacet
  facet normal -0.7853169308807515 -0.6190939493098258 0
    outer loop
      vertex -12.663553437839965 14.214392853163202 0
      vertex -12.610081306187558 14.14656377752172 0.5
      vertex -12.663553437839965 14.214392853163202 0.5
    endloop
  endfacet
  facet normal 0.6788007455329444 0.734322509435683 4.774072456066295e-18
    outer loop
      vertex 12.785607146836798 -14.336446562160035 0
      vertex 12.722182540694797 -14.277817459305203 0
      vertex 12.722182540694797 -14.277817459305203 0.5
    endloop
  endfacet
  facet normal 0.7853169308807515 0.6190939493098258 0
    outer loop
      vertex 12.610081306187558 -14.14656377752172 0.5
      vertex 12.663553437839965 -14.214392853163202 0
      vertex 12.610081306187558 -14.14656377752172 0
    endloop
  endfacet
  facet normal 0.734322509435683 0.6788007455329444 0
    outer loop
      vertex 12.663553437839965 -14.214392853163202 0.5
      vertex 12.722182540694797 -14.277817459305203 0
      vertex 12.663553437839965 -14.214392853163202 0
    endloop
  endfacet
  facet normal 0.6190939493098258 0.7853169308807515 0
    outer loop
      vertex 12.785607146836798 -14.336446562160035 0.5
      vertex 12.85343622247828 -14.389918693812442 0
      vertex 12.785607146836798 -14.336446562160035 0
    endloop
  endfacet
  facet normal 0.5555702330196065 0.8314696123025423 0
    outer loop
      vertex 12.85343622247828 -14.389918693812442 0.5
      vertex 12.925251578812457 -14.437904180789502 0
      vertex 12.85343622247828 -14.389918693812442 0
    endloop
  endfacet
  facet normal 0.4886212414969639 0.8724960070727922 0
    outer loop
      vertex 12.925251578812457 -14.437904180789502 0.5
      vertex 13.000610450286498 -14.480107176607206 0
      vertex 12.925251578812457 -14.437904180789502 0
    endloop
  endfacet
  facet normal 0.34611705707748375 0.9381913359224875 0
    outer loop
      vertex 13.0790482243984 -14.516267485762416 0.5
      vertex 13.160081306187557 -14.546162167924669 0
      vertex 13.0790482243984 -14.516267485762416 0
    endloop
  endfacet
  facet normal 0.4186597375374257 0.9081431738250824 0
    outer loop
      vertex 13.000610450286498 -14.480107176607206 0.5
      vertex 13.0790482243984 -14.516267485762416 0
      vertex 13.000610450286498 -14.480107176607206 0
    endloop
  endfacet
  facet normal 0.2714404498650852 0.9624552364536442 0
    outer loop
      vertex 13.160081306187557 -14.546162167924669 0.5
      vertex 13.243210099758503 -14.569606912437445 0
      vertex 13.160081306187557 -14.546162167924669 0
    endloop
  endfacet
  facet normal 0.1950903220161107 0.9807852804032341 0
    outer loop
      vertex 13.243210099758503 -14.569606912437445 0.5
      vertex 13.327922088455747 -14.586457174654651 0
      vertex 13.243210099758503 -14.569606912437445 0
    endloop
  endfacet
  facet normal 0.1175373974578388 0.9930684569549262 0
    outer loop
      vertex 13.327922088455747 -14.586457174654651 0.5
      vertex 13.413694994699371 -14.59660906710644 0
      vertex 13.327922088455747 -14.586457174654651 0
    endloop
  endfacet
  facet normal 0.039259815759069755 0.999229036240723 0
    outer loop
      vertex 13.413694994699371 -14.59660906710644 0.5
      vertex 13.5 -14.6 0
      vertex 13.413694994699371 -14.59660906710644 0
    endloop
  endfacet
  facet normal -0.039259815759069755 0.999229036240723 0
    outer loop
      vertex 13.5 -14.6 0.5
      vertex 13.586305005300629 -14.59660906710644 0
      vertex 13.5 -14.6 0
    endloop
  endfacet
  facet normal -0.1175373974578388 0.9930684569549262 0
    outer loop
      vertex 13.586305005300629 -14.59660906710644 0.5
      vertex 13.672077911544253 -14.586457174654651 0
      vertex 13.586305005300629 -14.59660906710644 0
    endloop
  endfacet
  facet normal -0.1950903220161107 0.9807852804032341 0
    outer loop
      vertex 13.672077911544253 -14.586457174654651 0.5
      vertex 13.756789900241497 -14.569606912437445 0
      vertex 13.672077911544253 -14.586457174654651 0
    endloop
  endfacet
  facet normal -0.2714404498650852 0.9624552364536442 0
    outer loop
      vertex 13.756789900241497 -14.569606912437445 0.5
      vertex 13.839918693812443 -14.546162167924669 0
      vertex 13.756789900241497 -14.569606912437445 0
    endloop
  endfacet
  facet normal -0.34611705707748375 0.9381913359224875 0
    outer loop
      vertex 13.839918693812443 -14.546162167924669 0.5
      vertex 13.9209517756016 -14.516267485762416 0
      vertex 13.839918693812443 -14.546162167924669 0
    endloop
  endfacet
  facet normal -0.4186597375374257 0.9081431738250824 0
    outer loop
      vertex 13.9209517756016 -14.516267485762416 0.5
      vertex 13.999389549713502 -14.480107176607206 0
      vertex 13.9209517756016 -14.516267485762416 0
    endloop
  endfacet
  facet normal -0.4886212414969639 0.8724960070727922 0
    outer loop
      vertex 13.999389549713502 -14.480107176607206 0.5
      vertex 14.074748421187543 -14.437904180789502 0
      vertex 13.999389549713502 -14.480107176607206 0
    endloop
  endfacet
  facet normal -0.5555702330196065 0.8314696123025423 0
    outer loop
      vertex 14.074748421187543 -14.437904180789502 0.5
      vertex 14.14656377752172 -14.389918693812442 0
      vertex 14.074748421187543 -14.437904180789502 0
    endloop
  endfacet
  facet normal 0.8724960070727922 0.4886212414969639 0
    outer loop
      vertex 12.519892823392794 -13.999389549713502 0.5
      vertex 12.562095819210498 -14.074748421187543 0
      vertex 12.519892823392794 -13.999389549713502 0
    endloop
  endfacet
  facet normal 0.8314696123025423 0.5555702330196065 0
    outer loop
      vertex 12.562095819210498 -14.074748421187543 0.5
      vertex 12.610081306187558 -14.14656377752172 0
      vertex 12.562095819210498 -14.074748421187543 0
    endloop
  endfacet
  facet normal 0.9081431738250824 0.4186597375374257 0
    outer loop
      vertex 12.483732514237584 -13.9209517756016 0.5
      vertex 12.519892823392794 -13.999389549713502 0
      vertex 12.483732514237584 -13.9209517756016 0
    endloop
  endfacet
  facet normal 0.9381913359224875 0.34611705707748375 0
    outer loop
      vertex 12.453837832075331 -13.839918693812443 0.5
      vertex 12.483732514237584 -13.9209517756016 0
      vertex 12.453837832075331 -13.839918693812443 0
    endloop
  endfacet
  facet normal 0.9624552364536442 0.2714404498650852 0
    outer loop
      vertex 12.430393087562555 -13.756789900241497 0.5
      vertex 12.453837832075331 -13.839918693812443 0
      vertex 12.430393087562555 -13.756789900241497 0
    endloop
  endfacet
  facet normal 0.9807852804032341 0.1950903220161107 0
    outer loop
      vertex 12.413542825345349 -13.672077911544253 0.5
      vertex 12.430393087562555 -13.756789900241497 0
      vertex 12.413542825345349 -13.672077911544253 0
    endloop
  endfacet
  facet normal 0.9930684569549262 0.1175373974578388 0
    outer loop
      vertex 12.40339093289356 -13.586305005300629 0.5
      vertex 12.413542825345349 -13.672077911544253 0
      vertex 12.40339093289356 -13.586305005300629 0
    endloop
  endfacet
  facet normal 0.999229036240723 0.039259815759069755 0
    outer loop
      vertex 12.4 -13.5 0.5
      vertex 12.40339093289356 -13.586305005300629 0
      vertex 12.4 -13.5 0
    endloop
  endfacet
  facet normal 0.999229036240723 -0.039259815759069755 0
    outer loop
      vertex 12.40339093289356 -13.413694994699371 0.5
      vertex 12.4 -13.5 0
      vertex 12.40339093289356 -13.413694994699371 0
    endloop
  endfacet
  facet normal 0.9930684569549262 -0.1175373974578388 0
    outer loop
      vertex 12.413542825345349 -13.327922088455747 0.5
      vertex 12.40339093289356 -13.413694994699371 0
      vertex 12.413542825345349 -13.327922088455747 0
    endloop
  endfacet
  facet normal 0.9807852804032341 -0.1950903220161107 0
    outer loop
      vertex 12.430393087562555 -13.243210099758503 0.5
      vertex 12.413542825345349 -13.327922088455747 0
      vertex 12.430393087562555 -13.243210099758503 0
    endloop
  endfacet
  facet normal 0.9624552364536442 -0.2714404498650852 0
    outer loop
      vertex 12.453837832075331 -13.160081306187557 0.5
      vertex 12.430393087562555 -13.243210099758503 0
      vertex 12.453837832075331 -13.160081306187557 0
    endloop
  endfacet
  facet normal 0.9381913359224875 -0.34611705707748375 0
    outer loop
      vertex 12.483732514237584 -13.0790482243984 0.5
      vertex 12.453837832075331 -13.160081306187557 0
      vertex 12.483732514237584 -13.0790482243984 0
    endloop
  endfacet
  facet normal 0.9081431738250824 -0.4186597375374257 0
    outer loop
      vertex 12.519892823392794 -13.000610450286498 0.5
      vertex 12.483732514237584 -13.0790482243984 0
      vertex 12.519892823392794 -13.000610450286498 0
    endloop
  endfacet
  facet normal 0.8724960070727922 -0.4886212414969639 0
    outer loop
      vertex 12.562095819210498 -12.925251578812457 0.5
      vertex 12.519892823392794 -13.000610450286498 0
      vertex 12.562095819210498 -12.925251578812457 0
    endloop
  endfacet
  facet normal 0.8314696123025423 -0.5555702330196065 0
    outer loop
      vertex 12.610081306187558 -12.85343622247828 0.5
      vertex 12.562095819210498 -12.925251578812457 0
      vertex 12.610081306187558 -12.85343622247828 0
    endloop
  endfacet
  facet normal 0.7853169308807515 -0.6190939493098258 0
    outer loop
      vertex 12.663553437839965 -12.785607146836798 0.5
      vertex 12.610081306187558 -12.85343622247828 0
      vertex 12.663553437839965 -12.785607146836798 0
    endloop
  endfacet
  facet normal 0.734322509435683 -0.6788007455329444 0
    outer loop
      vertex 12.722182540694797 -12.722182540694797 0.5
      vertex 12.663553437839965 -12.785607146836798 0
      vertex 12.722182540694797 -12.722182540694797 0
    endloop
  endfacet
  facet normal 0.6788007455329444 -0.734322509435683 0
    outer loop
      vertex 12.785607146836798 -12.663553437839965 0
      vertex 12.785607146836798 -12.663553437839965 0.5
      vertex 12.722182540694797 -12.722182540694797 0
    endloop
  endfacet
  facet normal 0.6190939493098258 -0.7853169308807515 0
    outer loop
      vertex 12.85343622247828 -12.610081306187558 0
      vertex 12.85343622247828 -12.610081306187558 0.5
      vertex 12.785607146836798 -12.663553437839965 0
    endloop
  endfacet
  facet normal 0.5555702330196065 -0.8314696123025423 0
    outer loop
      vertex 12.925251578812457 -12.562095819210498 0
      vertex 12.925251578812457 -12.562095819210498 0.5
      vertex 12.85343622247828 -12.610081306187558 0
    endloop
  endfacet
  facet normal 0.4886212414969639 -0.8724960070727922 0
    outer loop
      vertex 13.000610450286498 -12.519892823392794 0
      vertex 13.000610450286498 -12.519892823392794 0.5
      vertex 12.925251578812457 -12.562095819210498 0
    endloop
  endfacet
  facet normal 0.4186597375374257 -0.9081431738250824 0
    outer loop
      vertex 13.0790482243984 -12.483732514237584 0
      vertex 13.0790482243984 -12.483732514237584 0.5
      vertex 13.000610450286498 -12.519892823392794 0
    endloop
  endfacet
  facet normal 0.34611705707748375 -0.9381913359224875 0
    outer loop
      vertex 13.160081306187557 -12.453837832075331 0
      vertex 13.160081306187557 -12.453837832075331 0.5
      vertex 13.0790482243984 -12.483732514237584 0
    endloop
  endfacet
  facet normal 0.2714404498650852 -0.9624552364536442 0
    outer loop
      vertex 13.243210099758503 -12.430393087562555 0
      vertex 13.243210099758503 -12.430393087562555 0.5
      vertex 13.160081306187557 -12.453837832075331 0
    endloop
  endfacet
  facet normal 0.1950903220161107 -0.9807852804032341 0
    outer loop
      vertex 13.327922088455747 -12.413542825345349 0
      vertex 13.327922088455747 -12.413542825345349 0.5
      vertex 13.243210099758503 -12.430393087562555 0
    endloop
  endfacet
  facet normal 0.1175373974578388 -0.9930684569549262 0
    outer loop
      vertex 13.413694994699371 -12.40339093289356 0
      vertex 13.413694994699371 -12.40339093289356 0.5
      vertex 13.327922088455747 -12.413542825345349 0
    endloop
  endfacet
  facet normal 0.039259815759069755 -0.999229036240723 0
    outer loop
      vertex 13.5 -12.4 0
      vertex 13.5 -12.4 0.5
      vertex 13.413694994699371 -12.40339093289356 0
    endloop
  endfacet
  facet normal -0.039259815759069755 -0.999229036240723 0
    outer loop
      vertex 13.586305005300629 -12.40339093289356 0
      vertex 13.586305005300629 -12.40339093289356 0.5
      vertex 13.5 -12.4 0
    endloop
  endfacet
  facet normal -0.1175373974578388 -0.9930684569549262 0
    outer loop
      vertex 13.672077911544253 -12.413542825345349 0
      vertex 13.672077911544253 -12.413542825345349 0.5
      vertex 13.586305005300629 -12.40339093289356 0
    endloop
  endfacet
  facet normal -0.1950903220161107 -0.9807852804032341 0
    outer loop
      vertex 13.756789900241497 -12.430393087562555 0
      vertex 13.756789900241497 -12.430393087562555 0.5
      vertex 13.672077911544253 -12.413542825345349 0
    endloop
  endfacet
  facet normal -0.2714404498650852 -0.9624552364536442 0
    outer loop
      vertex 13.839918693812443 -12.453837832075331 0
      vertex 13.839918693812443 -12.453837832075331 0.5
      vertex 13.756789900241497 -12.430393087562555 0
    endloop
  endfacet
  facet normal -0.4186597375374257 -0.9081431738250824 0
    outer loop
      vertex 13.999389549713502 -12.519892823392794 0
      vertex 13.999389549713502 -12.519892823392794 0.5
      vertex 13.9209517756016 -12.483732514237584 0
    endloop
  endfacet
  facet normal -0.34611705707748375 -0.9381913359224875 0
    outer loop
      vertex 13.9209517756016 -12.483732514237584 0
      vertex 13.9209517756016 -12.483732514237584 0.5
      vertex 13.839918693812443 -12.453837832075331 0
    endloop
  endfacet
  facet normal -0.4886212414969639 -0.8724960070727922 0
    outer loop
      vertex 14.074748421187543 -12.562095819210498 0
      vertex 14.074748421187543 -12.562095819210498 0.5
      vertex 13.999389549713502 -12.519892823392794 0
    endloop
  endfacet
  facet normal -0.5555702330196065 -0.8314696123025423 0
    outer loop
      vertex 14.14656377752172 -12.610081306187558 0
      vertex 14.14656377752172 -12.610081306187558 0.5
      vertex 14.074748421187543 -12.562095819210498 0
    endloop
  endfacet
  facet normal -0.6190939493098258 0.7853169308807515 0
    outer loop
      vertex 14.14656377752172 -14.389918693812442 0.5
      vertex 14.214392853163202 -14.336446562160035 0
      vertex 14.14656377752172 -14.389918693812442 0
    endloop
  endfacet
  facet normal -0.6788007455329444 0.734322509435683 0
    outer loop
      vertex 14.214392853163202 -14.336446562160035 0.5
      vertex 14.277817459305203 -14.277817459305203 0
      vertex 14.214392853163202 -14.336446562160035 0
    endloop
  endfacet
  facet normal -0.734322509435683 0.6788007455329444 0
    outer loop
      vertex 14.277817459305203 -14.277817459305203 0
      vertex 14.277817459305203 -14.277817459305203 0.5
      vertex 14.336446562160035 -14.214392853163202 0
    endloop
  endfacet
  facet normal -0.7853169308807515 0.6190939493098258 2.3750500612205893e-18
    outer loop
      vertex 14.389918693812442 -14.14656377752172 0
      vertex 14.336446562160035 -14.214392853163202 0
      vertex 14.336446562160035 -14.214392853163202 0.5
    endloop
  endfacet
  facet normal -0.8314696123025423 0.5555702330196065 2.03015806863289e-18
    outer loop
      vertex 14.437904180789502 -14.074748421187543 0
      vertex 14.389918693812442 -14.14656377752172 0
      vertex 14.389918693812442 -14.14656377752172 0.5
    endloop
  endfacet
  facet normal -0.8724960070727922 0.4886212414969639 3.2592187554377777e-18
    outer loop
      vertex 14.480107176607206 -13.999389549713502 0
      vertex 14.437904180789502 -14.074748421187543 0
      vertex 14.437904180789502 -14.074748421187543 0.5
    endloop
  endfacet
  facet normal -0.9081431738250824 0.4186597375374257 3.9641676753734695e-18
    outer loop
      vertex 14.516267485762416 -13.9209517756016 0
      vertex 14.480107176607206 -13.999389549713502 0
      vertex 14.480107176607206 -13.999389549713502 0.5
    endloop
  endfacet
  facet normal -0.9381913359224875 0.34611705707748375 -4.761610583838788e-18
    outer loop
      vertex 14.546162167924669 -13.839918693812443 0
      vertex 14.516267485762416 -13.9209517756016 0
      vertex 14.516267485762416 -13.9209517756016 0.5
    endloop
  endfacet
  facet normal -0.9624552364536442 0.2714404498650852 1.6001486795365604e-18
    outer loop
      vertex 14.569606912437445 -13.756789900241497 0
      vertex 14.546162167924669 -13.839918693812443 0
      vertex 14.546162167924669 -13.839918693812443 0.5
    endloop
  endfacet
  facet normal -0.9807852804032341 0.1950903220161107 1.4108998578656185e-18
    outer loop
      vertex 14.586457174654651 -13.672077911544253 0
      vertex 14.569606912437445 -13.756789900241497 0
      vertex 14.569606912437445 -13.756789900241497 0.5
    endloop
  endfacet
  facet normal -0.9930684569549262 0.1175373974578388 8.75318002164644e-19
    outer loop
      vertex 14.59660906710644 -13.586305005300629 0
      vertex 14.586457174654651 -13.672077911544253 0
      vertex 14.586457174654651 -13.672077911544253 0.5
    endloop
  endfacet
  facet normal -0.999229036240723 0.039259815759069755 4.833806855352609e-19
    outer loop
      vertex 14.6 -13.5 0
      vertex 14.59660906710644 -13.586305005300629 0
      vertex 14.59660906710644 -13.586305005300629 0.5
    endloop
  endfacet
  facet normal -0.999229036240723 -0.039259815759069755 -4.833806855352609e-19
    outer loop
      vertex 14.59660906710644 -13.413694994699371 0
      vertex 14.6 -13.5 0
      vertex 14.6 -13.5 0.5
    endloop
  endfacet
  facet normal -0.9930684569549262 -0.1175373974578388 -8.75318002164644e-19
    outer loop
      vertex 14.586457174654651 -13.327922088455747 0
      vertex 14.59660906710644 -13.413694994699371 0
      vertex 14.59660906710644 -13.413694994699371 0.5
    endloop
  endfacet
  facet normal -0.9807852804032341 -0.1950903220161107 -1.4108998578656185e-18
    outer loop
      vertex 14.569606912437445 -13.243210099758503 0
      vertex 14.586457174654651 -13.327922088455747 0
      vertex 14.586457174654651 -13.327922088455747 0.5
    endloop
  endfacet
  facet normal -0.9624552364536442 -0.2714404498650852 -1.6001486795365604e-18
    outer loop
      vertex 14.546162167924669 -13.160081306187557 0
      vertex 14.569606912437445 -13.243210099758503 0
      vertex 14.569606912437445 -13.243210099758503 0.5
    endloop
  endfacet
  facet normal -0.9381913359224875 -0.34611705707748375 4.761610583838788e-18
    outer loop
      vertex 14.516267485762416 -13.0790482243984 0
      vertex 14.546162167924669 -13.160081306187557 0
      vertex 14.546162167924669 -13.160081306187557 0.5
    endloop
  endfacet
  facet normal -0.6190939493098258 -0.7853169308807515 0
    outer loop
      vertex 14.214392853163202 -12.663553437839965 0
      vertex 14.214392853163202 -12.663553437839965 0.5
      vertex 14.14656377752172 -12.610081306187558 0
    endloop
  endfacet
  facet normal -0.6788007455329444 -0.734322509435683 4.774072456066295e-18
    outer loop
      vertex 14.214392853163202 -12.663553437839965 0
      vertex 14.277817459305203 -12.722182540694797 0
      vertex 14.277817459305203 -12.722182540694797 0.5
    endloop
  endfacet
  facet normal -0.734322509435683 -0.6788007455329444 4.774072456066295e-18
    outer loop
      vertex 14.277817459305203 -12.722182540694797 0
      vertex 14.336446562160035 -12.785607146836798 0
      vertex 14.336446562160035 -12.785607146836798 0.5
    endloop
  endfacet
  facet normal -0.7853169308807515 -0.6190939493098258 -2.3750500612205893e-18
    outer loop
      vertex 14.336446562160035 -12.785607146836798 0
      vertex 14.389918693812442 -12.85343622247828 0
      vertex 14.389918693812442 -12.85343622247828 0.5
    endloop
  endfacet
  facet normal -0.9081431738250824 -0.4186597375374257 -3.9641676753734695e-18
    outer loop
      vertex 14.480107176607206 -13.000610450286498 0
      vertex 14.516267485762416 -13.0790482243984 0
      vertex 14.516267485762416 -13.0790482243984 0.5
    endloop
  endfacet
  facet normal -0.8314696123025423 -0.5555702330196065 -2.03015806863289e-18
    outer loop
      vertex 14.389918693812442 -12.85343622247828 0
      vertex 14.437904180789502 -12.925251578812457 0
      vertex 14.437904180789502 -12.925251578812457 0.5
    endloop
  endfacet
  facet normal -0.8724960070727922 -0.4886212414969639 -3.2592187554377777e-18
    outer loop
      vertex 14.437904180789502 -12.925251578812457 0
      vertex 14.480107176607206 -13.000610450286498 0
      vertex 14.480107176607206 -13.000610450286498 0.5
    endloop
  endfacet
  facet normal 0.7853169308807515 0.6190939493098258 -2.3750500612205893e-18
    outer loop
      vertex 12.610081306187558 -14.14656377752172 0.5
      vertex 12.663553437839965 -14.214392853163202 0.5
      vertex 12.663553437839965 -14.214392853163202 0
    endloop
  endfacet
  facet normal 0.734322509435683 0.6788007455329444 4.774072456066295e-18
    outer loop
      vertex 12.663553437839965 -14.214392853163202 0.5
      vertex 12.722182540694797 -14.277817459305203 0.5
      vertex 12.722182540694797 -14.277817459305203 0
    endloop
  endfacet
  facet normal 0.6788007455329444 0.734322509435683 0
    outer loop
      vertex 12.785607146836798 -14.336446562160035 0.5
      vertex 12.785607146836798 -14.336446562160035 0
      vertex 12.722182540694797 -14.277817459305203 0.5
    endloop
  endfacet
  facet normal 0.6190939493098258 0.7853169308807515 0
    outer loop
      vertex 12.85343622247828 -14.389918693812442 0.5
      vertex 12.85343622247828 -14.389918693812442 0
      vertex 12.785607146836798 -14.336446562160035 0.5
    endloop
  endfacet
  facet normal 0.5555702330196065 0.8314696123025423 0
    outer loop
      vertex 12.925251578812457 -14.437904180789502 0.5
      vertex 12.925251578812457 -14.437904180789502 0
      vertex 12.85343622247828 -14.389918693812442 0.5
    endloop
  endfacet
  facet normal 0.4886212414969639 0.8724960070727922 0
    outer loop
      vertex 13.000610450286498 -14.480107176607206 0.5
      vertex 13.000610450286498 -14.480107176607206 0
      vertex 12.925251578812457 -14.437904180789502 0.5
    endloop
  endfacet
  facet normal 0.4186597375374257 0.9081431738250824 0
    outer loop
      vertex 13.0790482243984 -14.516267485762416 0.5
      vertex 13.0790482243984 -14.516267485762416 0
      vertex 13.000610450286498 -14.480107176607206 0.5
    endloop
  endfacet
  facet normal 0.34611705707748375 0.9381913359224875 0
    outer loop
      vertex 13.160081306187557 -14.546162167924669 0.5
      vertex 13.160081306187557 -14.546162167924669 0
      vertex 13.0790482243984 -14.516267485762416 0.5
    endloop
  endfacet
  facet normal 0.2714404498650852 0.9624552364536442 0
    outer loop
      vertex 13.243210099758503 -14.569606912437445 0.5
      vertex 13.243210099758503 -14.569606912437445 0
      vertex 13.160081306187557 -14.546162167924669 0.5
    endloop
  endfacet
  facet normal 0.1950903220161107 0.9807852804032341 0
    outer loop
      vertex 13.327922088455747 -14.586457174654651 0.5
      vertex 13.327922088455747 -14.586457174654651 0
      vertex 13.243210099758503 -14.569606912437445 0.5
    endloop
  endfacet
  facet normal 0.1175373974578388 0.9930684569549262 0
    outer loop
      vertex 13.413694994699371 -14.59660906710644 0.5
      vertex 13.413694994699371 -14.59660906710644 0
      vertex 13.327922088455747 -14.586457174654651 0.5
    endloop
  endfacet
  facet normal 0.039259815759069755 0.999229036240723 0
    outer loop
      vertex 13.5 -14.6 0.5
      vertex 13.5 -14.6 0
      vertex 13.413694994699371 -14.59660906710644 0.5
    endloop
  endfacet
  facet normal -0.039259815759069755 0.999229036240723 0
    outer loop
      vertex 13.586305005300629 -14.59660906710644 0.5
      vertex 13.586305005300629 -14.59660906710644 0
      vertex 13.5 -14.6 0.5
    endloop
  endfacet
  facet normal -0.1175373974578388 0.9930684569549262 0
    outer loop
      vertex 13.672077911544253 -14.586457174654651 0.5
      vertex 13.672077911544253 -14.586457174654651 0
      vertex 13.586305005300629 -14.59660906710644 0.5
    endloop
  endfacet
  facet normal -0.1950903220161107 0.9807852804032341 0
    outer loop
      vertex 13.756789900241497 -14.569606912437445 0.5
      vertex 13.756789900241497 -14.569606912437445 0
      vertex 13.672077911544253 -14.586457174654651 0.5
    endloop
  endfacet
  facet normal -0.2714404498650852 0.9624552364536442 0
    outer loop
      vertex 13.839918693812443 -14.546162167924669 0.5
      vertex 13.839918693812443 -14.546162167924669 0
      vertex 13.756789900241497 -14.569606912437445 0.5
    endloop
  endfacet
  facet normal -0.34611705707748375 0.9381913359224875 0
    outer loop
      vertex 13.9209517756016 -14.516267485762416 0.5
      vertex 13.9209517756016 -14.516267485762416 0
      vertex 13.839918693812443 -14.546162167924669 0.5
    endloop
  endfacet
  facet normal -0.4186597375374257 0.9081431738250824 0
    outer loop
      vertex 13.999389549713502 -14.480107176607206 0.5
      vertex 13.999389549713502 -14.480107176607206 0
      vertex 13.9209517756016 -14.516267485762416 0.5
    endloop
  endfacet
  facet normal -0.4886212414969639 0.8724960070727922 0
    outer loop
      vertex 14.074748421187543 -14.437904180789502 0.5
      vertex 14.074748421187543 -14.437904180789502 0
      vertex 13.999389549713502 -14.480107176607206 0.5
    endloop
  endfacet
  facet normal -0.5555702330196065 0.8314696123025423 0
    outer loop
      vertex 14.14656377752172 -14.389918693812442 0.5
      vertex 14.14656377752172 -14.389918693812442 0
      vertex 14.074748421187543 -14.437904180789502 0.5
    endloop
  endfacet
  facet normal 0.9381913359224875 0.34611705707748375 4.761610583838788e-18
    outer loop
      vertex 12.453837832075331 -13.839918693812443 0.5
      vertex 12.483732514237584 -13.9209517756016 0.5
      vertex 12.483732514237584 -13.9209517756016 0
    endloop
  endfacet
  facet normal 0.8724960070727922 0.4886212414969639 -3.2592187554377777e-18
    outer loop
      vertex 12.519892823392794 -13.999389549713502 0.5
      vertex 12.562095819210498 -14.074748421187543 0.5
      vertex 12.562095819210498 -14.074748421187543 0
    endloop
  endfacet
  facet normal 0.8314696123025423 0.5555702330196065 -2.03015806863289e-18
    outer loop
      vertex 12.562095819210498 -14.074748421187543 0.5
      vertex 12.610081306187558 -14.14656377752172 0.5
      vertex 12.610081306187558 -14.14656377752172 0
    endloop
  endfacet
  facet normal 0.9081431738250824 0.4186597375374257 -3.9641676753734695e-18
    outer loop
      vertex 12.483732514237584 -13.9209517756016 0.5
      vertex 12.519892823392794 -13.999389549713502 0.5
      vertex 12.519892823392794 -13.999389549713502 0
    endloop
  endfacet
  facet normal 0.9624552364536442 0.2714404498650852 -1.6001486795365604e-18
    outer loop
      vertex 12.430393087562555 -13.756789900241497 0.5
      vertex 12.453837832075331 -13.839918693812443 0.5
      vertex 12.453837832075331 -13.839918693812443 0
    endloop
  endfacet
  facet normal 0.9807852804032341 0.1950903220161107 -1.4108998578656185e-18
    outer loop
      vertex 12.413542825345349 -13.672077911544253 0.5
      vertex 12.430393087562555 -13.756789900241497 0.5
      vertex 12.430393087562555 -13.756789900241497 0
    endloop
  endfacet
  facet normal 0.9930684569549262 0.1175373974578388 -8.75318002164644e-19
    outer loop
      vertex 12.40339093289356 -13.586305005300629 0.5
      vertex 12.413542825345349 -13.672077911544253 0.5
      vertex 12.413542825345349 -13.672077911544253 0
    endloop
  endfacet
  facet normal 0.999229036240723 0.039259815759069755 -4.833806855352609e-19
    outer loop
      vertex 12.4 -13.5 0.5
      vertex 12.40339093289356 -13.586305005300629 0.5
      vertex 12.40339093289356 -13.586305005300629 0
    endloop
  endfacet
  facet normal 0.999229036240723 -0.039259815759069755 4.833806855352609e-19
    outer loop
      vertex 12.40339093289356 -13.413694994699371 0.5
      vertex 12.4 -13.5 0.5
      vertex 12.4 -13.5 0
    endloop
  endfacet
  facet normal 0.9930684569549262 -0.1175373974578388 8.75318002164644e-19
    outer loop
      vertex 12.413542825345349 -13.327922088455747 0.5
      vertex 12.40339093289356 -13.413694994699371 0.5
      vertex 12.40339093289356 -13.413694994699371 0
    endloop
  endfacet
  facet normal 0.9807852804032341 -0.1950903220161107 1.4108998578656185e-18
    outer loop
      vertex 12.430393087562555 -13.243210099758503 0.5
      vertex 12.413542825345349 -13.327922088455747 0.5
      vertex 12.413542825345349 -13.327922088455747 0
    endloop
  endfacet
  facet normal 0.9624552364536442 -0.2714404498650852 1.6001486795365604e-18
    outer loop
      vertex 12.453837832075331 -13.160081306187557 0.5
      vertex 12.430393087562555 -13.243210099758503 0.5
      vertex 12.430393087562555 -13.243210099758503 0
    endloop
  endfacet
  facet normal 0.9381913359224875 -0.34611705707748375 -4.761610583838788e-18
    outer loop
      vertex 12.483732514237584 -13.0790482243984 0.5
      vertex 12.453837832075331 -13.160081306187557 0.5
      vertex 12.453837832075331 -13.160081306187557 0
    endloop
  endfacet
  facet normal 0.9081431738250824 -0.4186597375374257 3.9641676753734695e-18
    outer loop
      vertex 12.519892823392794 -13.000610450286498 0.5
      vertex 12.483732514237584 -13.0790482243984 0.5
      vertex 12.483732514237584 -13.0790482243984 0
    endloop
  endfacet
  facet normal 0.8724960070727922 -0.4886212414969639 3.2592187554377777e-18
    outer loop
      vertex 12.562095819210498 -12.925251578812457 0.5
      vertex 12.519892823392794 -13.000610450286498 0.5
      vertex 12.519892823392794 -13.000610450286498 0
    endloop
  endfacet
  facet normal 0.8314696123025423 -0.5555702330196065 2.03015806863289e-18
    outer loop
      vertex 12.610081306187558 -12.85343622247828 0.5
      vertex 12.562095819210498 -12.925251578812457 0.5
      vertex 12.562095819210498 -12.925251578812457 0
    endloop
  endfacet
  facet normal 0.7853169308807515 -0.6190939493098258 2.3750500612205893e-18
    outer loop
      vertex 12.663553437839965 -12.785607146836798 0.5
      vertex 12.610081306187558 -12.85343622247828 0.5
      vertex 12.610081306187558 -12.85343622247828 0
    endloop
  endfacet
  facet normal 0.734322509435683 -0.6788007455329444 -4.774072456066295e-18
    outer loop
      vertex 12.722182540694797 -12.722182540694797 0.5
      vertex 12.663553437839965 -12.785607146836798 0.5
      vertex 12.663553437839965 -12.785607146836798 0
    endloop
  endfacet
  facet normal 0.6788007455329444 -0.734322509435683 0
    outer loop
      vertex 12.722182540694797 -12.722182540694797 0.5
      vertex 12.722182540694797 -12.722182540694797 0
      vertex 12.785607146836798 -12.663553437839965 0.5
    endloop
  endfacet
  facet normal 0.6190939493098258 -0.7853169308807515 0
    outer loop
      vertex 12.785607146836798 -12.663553437839965 0
      vertex 12.85343622247828 -12.610081306187558 0.5
      vertex 12.785607146836798 -12.663553437839965 0.5
    endloop
  endfacet
  facet normal 0.5555702330196065 -0.8314696123025423 0
    outer loop
      vertex 12.85343622247828 -12.610081306187558 0
      vertex 12.925251578812457 -12.562095819210498 0.5
      vertex 12.85343622247828 -12.610081306187558 0.5
    endloop
  endfacet
  facet normal 0.4886212414969639 -0.8724960070727922 0
    outer loop
      vertex 12.925251578812457 -12.562095819210498 0
      vertex 13.000610450286498 -12.519892823392794 0.5
      vertex 12.925251578812457 -12.562095819210498 0.5
    endloop
  endfacet
  facet normal 0.4186597375374257 -0.9081431738250824 0
    outer loop
      vertex 13.000610450286498 -12.519892823392794 0
      vertex 13.0790482243984 -12.483732514237584 0.5
      vertex 13.000610450286498 -12.519892823392794 0.5
    endloop
  endfacet
  facet normal 0.34611705707748375 -0.9381913359224875 0
    outer loop
      vertex 13.0790482243984 -12.483732514237584 0
      vertex 13.160081306187557 -12.453837832075331 0.5
      vertex 13.0790482243984 -12.483732514237584 0.5
    endloop
  endfacet
  facet normal 0.2714404498650852 -0.9624552364536442 0
    outer loop
      vertex 13.160081306187557 -12.453837832075331 0
      vertex 13.243210099758503 -12.430393087562555 0.5
      vertex 13.160081306187557 -12.453837832075331 0.5
    endloop
  endfacet
  facet normal 0.1950903220161107 -0.9807852804032341 0
    outer loop
      vertex 13.243210099758503 -12.430393087562555 0
      vertex 13.327922088455747 -12.413542825345349 0.5
      vertex 13.243210099758503 -12.430393087562555 0.5
    endloop
  endfacet
  facet normal 0.1175373974578388 -0.9930684569549262 0
    outer loop
      vertex 13.327922088455747 -12.413542825345349 0
      vertex 13.413694994699371 -12.40339093289356 0.5
      vertex 13.327922088455747 -12.413542825345349 0.5
    endloop
  endfacet
  facet normal 0.039259815759069755 -0.999229036240723 0
    outer loop
      vertex 13.413694994699371 -12.40339093289356 0
      vertex 13.5 -12.4 0.5
      vertex 13.413694994699371 -12.40339093289356 0.5
    endloop
  endfacet
  facet normal -0.039259815759069755 -0.999229036240723 0
    outer loop
      vertex 13.5 -12.4 0
      vertex 13.586305005300629 -12.40339093289356 0.5
      vertex 13.5 -12.4 0.5
    endloop
  endfacet
  facet normal -0.1175373974578388 -0.9930684569549262 0
    outer loop
      vertex 13.586305005300629 -12.40339093289356 0
      vertex 13.672077911544253 -12.413542825345349 0.5
      vertex 13.586305005300629 -12.40339093289356 0.5
    endloop
  endfacet
  facet normal -0.1950903220161107 -0.9807852804032341 0
    outer loop
      vertex 13.672077911544253 -12.413542825345349 0
      vertex 13.756789900241497 -12.430393087562555 0.5
      vertex 13.672077911544253 -12.413542825345349 0.5
    endloop
  endfacet
  facet normal -0.2714404498650852 -0.9624552364536442 0
    outer loop
      vertex 13.756789900241497 -12.430393087562555 0
      vertex 13.839918693812443 -12.453837832075331 0.5
      vertex 13.756789900241497 -12.430393087562555 0.5
    endloop
  endfacet
  facet normal -0.34611705707748375 -0.9381913359224875 0
    outer loop
      vertex 13.839918693812443 -12.453837832075331 0
      vertex 13.9209517756016 -12.483732514237584 0.5
      vertex 13.839918693812443 -12.453837832075331 0.5
    endloop
  endfacet
  facet normal -0.4186597375374257 -0.9081431738250824 0
    outer loop
      vertex 13.9209517756016 -12.483732514237584 0
      vertex 13.999389549713502 -12.519892823392794 0.5
      vertex 13.9209517756016 -12.483732514237584 0.5
    endloop
  endfacet
  facet normal -0.4886212414969639 -0.8724960070727922 0
    outer loop
      vertex 13.999389549713502 -12.519892823392794 0
      vertex 14.074748421187543 -12.562095819210498 0.5
      vertex 13.999389549713502 -12.519892823392794 0.5
    endloop
  endfacet
  facet normal -0.5555702330196065 -0.8314696123025423 0
    outer loop
      vertex 14.074748421187543 -12.562095819210498 0
      vertex 14.14656377752172 -12.610081306187558 0.5
      vertex 14.074748421187543 -12.562095819210498 0.5
    endloop
  endfacet
  facet normal -0.6190939493098258 0.7853169308807515 0
    outer loop
      vertex 14.214392853163202 -14.336446562160035 0.5
      vertex 14.214392853163202 -14.336446562160035 0
      vertex 14.14656377752172 -14.389918693812442 0.5
    endloop
  endfacet
  facet normal -0.6788007455329444 0.734322509435683 0
    outer loop
      vertex 14.277817459305203 -14.277817459305203 0.5
      vertex 14.277817459305203 -14.277817459305203 0
      vertex 14.214392853163202 -14.336446562160035 0.5
    endloop
  endfacet
  facet normal -0.734322509435683 0.6788007455329444 0
    outer loop
      vertex 14.336446562160035 -14.214392853163202 0
      vertex 14.277817459305203 -14.277817459305203 0.5
      vertex 14.336446562160035 -14.214392853163202 0.5
    endloop
  endfacet
  facet normal -0.7853169308807515 0.6190939493098258 0
    outer loop
      vertex 14.389918693812442 -14.14656377752172 0
      vertex 14.336446562160035 -14.214392853163202 0.5
      vertex 14.389918693812442 -14.14656377752172 0.5
    endloop
  endfacet
  facet normal -0.8314696123025423 0.5555702330196065 0
    outer loop
      vertex 14.437904180789502 -14.074748421187543 0
      vertex 14.389918693812442 -14.14656377752172 0.5
      vertex 14.437904180789502 -14.074748421187543 0.5
    endloop
  endfacet
  facet normal -0.8724960070727922 0.4886212414969639 0
    outer loop
      vertex 14.480107176607206 -13.999389549713502 0
      vertex 14.437904180789502 -14.074748421187543 0.5
      vertex 14.480107176607206 -13.999389549713502 0.5
    endloop
  endfacet
  facet normal -0.9081431738250824 0.4186597375374257 0
    outer loop
      vertex 14.516267485762416 -13.9209517756016 0
      vertex 14.480107176607206 -13.999389549713502 0.5
      vertex 14.516267485762416 -13.9209517756016 0.5
    endloop
  endfacet
  facet normal -0.9381913359224875 0.34611705707748375 0
    outer loop
      vertex 14.546162167924669 -13.839918693812443 0
      vertex 14.516267485762416 -13.9209517756016 0.5
      vertex 14.546162167924669 -13.839918693812443 0.5
    endloop
  endfacet
  facet normal -0.9624552364536442 0.2714404498650852 0
    outer loop
      vertex 14.569606912437445 -13.756789900241497 0
      vertex 14.546162167924669 -13.839918693812443 0.5
      vertex 14.569606912437445 -13.756789900241497 0.5
    endloop
  endfacet
  facet normal -0.9807852804032341 0.1950903220161107 0
    outer loop
      vertex 14.586457174654651 -13.672077911544253 0
      vertex 14.569606912437445 -13.756789900241497 0.5
      vertex 14.586457174654651 -13.672077911544253 0.5
    endloop
  endfacet
  facet normal -0.9930684569549262 0.1175373974578388 0
    outer loop
      vertex 14.59660906710644 -13.586305005300629 0
      vertex 14.586457174654651 -13.672077911544253 0.5
      vertex 14.59660906710644 -13.586305005300629 0.5
    endloop
  endfacet
  facet normal -0.999229036240723 0.039259815759069755 0
    outer loop
      vertex 14.6 -13.5 0
      vertex 14.59660906710644 -13.586305005300629 0.5
      vertex 14.6 -13.5 0.5
    endloop
  endfacet
  facet normal -0.999229036240723 -0.039259815759069755 0
    outer loop
      vertex 14.59660906710644 -13.413694994699371 0
      vertex 14.6 -13.5 0.5
      vertex 14.59660906710644 -13.413694994699371 0.5
    endloop
  endfacet
  facet normal -0.9930684569549262 -0.1175373974578388 0
    outer loop
      vertex 14.586457174654651 -13.327922088455747 0
      vertex 14.59660906710644 -13.413694994699371 0.5
      vertex 14.586457174654651 -13.327922088455747 0.5
    endloop
  endfacet
  facet normal -0.9807852804032341 -0.1950903220161107 0
    outer loop
      vertex 14.569606912437445 -13.243210099758503 0
      vertex 14.586457174654651 -13.327922088455747 0.5
      vertex 14.569606912437445 -13.243210099758503 0.5
    endloop
  endfacet
  facet normal -0.9624552364536442 -0.2714404498650852 0
    outer loop
      vertex 14.546162167924669 -13.160081306187557 0
      vertex 14.569606912437445 -13.243210099758503 0.5
      vertex 14.546162167924669 -13.160081306187557 0.5
    endloop
  endfacet
  facet normal -0.6190939493098258 -0.7853169308807515 0
    outer loop
      vertex 14.14656377752172 -12.610081306187558 0
      vertex 14.214392853163202 -12.663553437839965 0.5
      vertex 14.14656377752172 -12.610081306187558 0.5
    endloop
  endfacet
  facet normal -0.6788007455329444 -0.734322509435683 0
    outer loop
      vertex 14.214392853163202 -12.663553437839965 0
      vertex 14.277817459305203 -12.722182540694797 0.5
      vertex 14.214392853163202 -12.663553437839965 0.5
    endloop
  endfacet
  facet normal -0.7853169308807515 -0.6190939493098258 0
    outer loop
      vertex 14.336446562160035 -12.785607146836798 0
      vertex 14.389918693812442 -12.85343622247828 0.5
      vertex 14.336446562160035 -12.785607146836798 0.5
    endloop
  endfacet
  facet normal -0.734322509435683 -0.6788007455329444 0
    outer loop
      vertex 14.277817459305203 -12.722182540694797 0
      vertex 14.336446562160035 -12.785607146836798 0.5
      vertex 14.277817459305203 -12.722182540694797 0.5
    endloop
  endfacet
  facet normal -0.9081431738250824 -0.4186597375374257 0
    outer loop
      vertex 14.480107176607206 -13.000610450286498 0
      vertex 14.516267485762416 -13.0790482243984 0.5
      vertex 14.480107176607206 -13.000610450286498 0.5
    endloop
  endfacet
  facet normal -0.8314696123025423 -0.5555702330196065 0
    outer loop
      vertex 14.389918693812442 -12.85343622247828 0
      vertex 14.437904180789502 -12.925251578812457 0.5
      vertex 14.389918693812442 -12.85343622247828 0.5
    endloop
  endfacet
  facet normal -0.8724960070727922 -0.4886212414969639 0
    outer loop
      vertex 14.437904180789502 -12.925251578812457 0
      vertex 14.480107176607206 -13.000610450286498 0.5
      vertex 14.437904180789502 -12.925251578812457 0.5
    endloop
  endfacet
  facet normal -0.9381913359224875 -0.34611705707748375 0
    outer loop
      vertex 14.516267485762416 -13.0790482243984 0
      vertex 14.546162167924669 -13.160081306187557 0.5
      vertex 14.516267485762416 -13.0790482243984 0.5
    endloop
  endfacet
  facet normal 0.8724960070727922 0.4886212414969639 -3.2592187554377777e-18
    outer loop
      vertex 12.562095819210498 12.925251578812457 0
      vertex 12.519892823392794 13.000610450286498 0
      vertex 12.519892823392794 13.000610450286498 0.5
    endloop
  endfacet
  facet normal 0.8314696123025423 0.5555702330196065 -2.03015806863289e-18
    outer loop
      vertex 12.610081306187558 12.85343622247828 0
      vertex 12.562095819210498 12.925251578812457 0
      vertex 12.562095819210498 12.925251578812457 0.5
    endloop
  endfacet
  facet normal 0.9081431738250824 0.4186597375374257 -3.9641676753734695e-18
    outer loop
      vertex 12.519892823392794 13.000610450286498 0
      vertex 12.483732514237584 13.0790482243984 0
      vertex 12.483732514237584 13.0790482243984 0.5
    endloop
  endfacet
  facet normal 0.5555702330196065 0.8314696123025423 0
    outer loop
      vertex 12.85343622247828 12.610081306187558 0
      vertex 12.85343622247828 12.610081306187558 0.5
      vertex 12.925251578812457 12.562095819210498 0
    endloop
  endfacet
  facet normal 0.4886212414969639 0.8724960070727922 0
    outer loop
      vertex 12.925251578812457 12.562095819210498 0
      vertex 12.925251578812457 12.562095819210498 0.5
      vertex 13.000610450286498 12.519892823392794 0
    endloop
  endfacet
  facet normal 0.34611705707748375 0.9381913359224875 0
    outer loop
      vertex 13.0790482243984 12.483732514237584 0
      vertex 13.0790482243984 12.483732514237584 0.5
      vertex 13.160081306187557 12.453837832075331 0
    endloop
  endfacet
  facet normal 0.4186597375374257 0.9081431738250824 0
    outer loop
      vertex 13.000610450286498 12.519892823392794 0
      vertex 13.000610450286498 12.519892823392794 0.5
      vertex 13.0790482243984 12.483732514237584 0
    endloop
  endfacet
  facet normal 0.6788007455329444 0.734322509435683 0
    outer loop
      vertex 12.722182540694797 12.722182540694797 0
      vertex 12.722182540694797 12.722182540694797 0.5
      vertex 12.785607146836798 12.663553437839965 0
    endloop
  endfacet
  facet normal 0.7853169308807515 0.6190939493098258 -2.3750500612205893e-18
    outer loop
      vertex 12.663553437839965 12.785607146836798 0
      vertex 12.610081306187558 12.85343622247828 0
      vertex 12.610081306187558 12.85343622247828 0.5
    endloop
  endfacet
  facet normal 0.734322509435683 0.6788007455329444 4.774072456066295e-18
    outer loop
      vertex 12.722182540694797 12.722182540694797 0
      vertex 12.663553437839965 12.785607146836798 0
      vertex 12.663553437839965 12.785607146836798 0.5
    endloop
  endfacet
  facet normal 0.6190939493098258 0.7853169308807515 0
    outer loop
      vertex 12.785607146836798 12.663553437839965 0
      vertex 12.785607146836798 12.663553437839965 0.5
      vertex 12.85343622247828 12.610081306187558 0
    endloop
  endfacet
  facet normal 0.9381913359224875 0.34611705707748375 4.761610583838788e-18
    outer loop
      vertex 12.483732514237584 13.0790482243984 0
      vertex 12.453837832075331 13.160081306187557 0
      vertex 12.453837832075331 13.160081306187557 0.5
    endloop
  endfacet
  facet normal 0.9624552364536442 0.2714404498650852 -1.6001486795365604e-18
    outer loop
      vertex 12.453837832075331 13.160081306187557 0
      vertex 12.430393087562555 13.243210099758503 0
      vertex 12.430393087562555 13.243210099758503 0.5
    endloop
  endfacet
  facet normal 0.9807852804032341 0.1950903220161107 -1.4108998578656185e-18
    outer loop
      vertex 12.430393087562555 13.243210099758503 0
      vertex 12.413542825345349 13.327922088455747 0
      vertex 12.413542825345349 13.327922088455747 0.5
    endloop
  endfacet
  facet normal 0.9930684569549262 0.1175373974578388 -8.75318002164644e-19
    outer loop
      vertex 12.413542825345349 13.327922088455747 0
      vertex 12.40339093289356 13.413694994699371 0
      vertex 12.40339093289356 13.413694994699371 0.5
    endloop
  endfacet
  facet normal 0.999229036240723 0.039259815759069755 -4.833806855352609e-19
    outer loop
      vertex 12.40339093289356 13.413694994699371 0
      vertex 12.4 13.5 0
      vertex 12.4 13.5 0.5
    endloop
  endfacet
  facet normal 0.999229036240723 -0.039259815759069755 4.833806855352609e-19
    outer loop
      vertex 12.4 13.5 0
      vertex 12.40339093289356 13.586305005300629 0
      vertex 12.40339093289356 13.586305005300629 0.5
    endloop
  endfacet
  facet normal 0.9930684569549262 -0.1175373974578388 8.75318002164644e-19
    outer loop
      vertex 12.40339093289356 13.586305005300629 0
      vertex 12.413542825345349 13.672077911544253 0
      vertex 12.413542825345349 13.672077911544253 0.5
    endloop
  endfacet
  facet normal 0.9807852804032341 -0.1950903220161107 1.4108998578656185e-18
    outer loop
      vertex 12.413542825345349 13.672077911544253 0
      vertex 12.430393087562555 13.756789900241497 0
      vertex 12.430393087562555 13.756789900241497 0.5
    endloop
  endfacet
  facet normal 0.9624552364536442 -0.2714404498650852 1.6001486795365604e-18
    outer loop
      vertex 12.430393087562555 13.756789900241497 0
      vertex 12.453837832075331 13.839918693812443 0
      vertex 12.453837832075331 13.839918693812443 0.5
    endloop
  endfacet
  facet normal 0.9381913359224875 -0.34611705707748375 -4.761610583838788e-18
    outer loop
      vertex 12.453837832075331 13.839918693812443 0
      vertex 12.483732514237584 13.9209517756016 0
      vertex 12.483732514237584 13.9209517756016 0.5
    endloop
  endfacet
  facet normal 0.9081431738250824 -0.4186597375374257 3.9641676753734695e-18
    outer loop
      vertex 12.483732514237584 13.9209517756016 0
      vertex 12.519892823392794 13.999389549713502 0
      vertex 12.519892823392794 13.999389549713502 0.5
    endloop
  endfacet
  facet normal 0.8724960070727922 -0.4886212414969639 3.2592187554377777e-18
    outer loop
      vertex 12.519892823392794 13.999389549713502 0
      vertex 12.562095819210498 14.074748421187543 0
      vertex 12.562095819210498 14.074748421187543 0.5
    endloop
  endfacet
  facet normal 0.8314696123025423 -0.5555702330196065 2.03015806863289e-18
    outer loop
      vertex 12.562095819210498 14.074748421187543 0
      vertex 12.610081306187558 14.14656377752172 0
      vertex 12.610081306187558 14.14656377752172 0.5
    endloop
  endfacet
  facet normal 0.2714404498650852 0.9624552364536442 0
    outer loop
      vertex 13.160081306187557 12.453837832075331 0
      vertex 13.160081306187557 12.453837832075331 0.5
      vertex 13.243210099758503 12.430393087562555 0
    endloop
  endfacet
  facet normal 0.1950903220161107 0.9807852804032341 0
    outer loop
      vertex 13.243210099758503 12.430393087562555 0
      vertex 13.243210099758503 12.430393087562555 0.5
      vertex 13.327922088455747 12.413542825345349 0
    endloop
  endfacet
  facet normal 0.1175373974578388 0.9930684569549262 0
    outer loop
      vertex 13.327922088455747 12.413542825345349 0
      vertex 13.327922088455747 12.413542825345349 0.5
      vertex 13.413694994699371 12.40339093289356 0
    endloop
  endfacet
  facet normal 0.039259815759069755 0.999229036240723 0
    outer loop
      vertex 13.413694994699371 12.40339093289356 0
      vertex 13.413694994699371 12.40339093289356 0.5
      vertex 13.5 12.4 0
    endloop
  endfacet
  facet normal -0.039259815759069755 0.999229036240723 0
    outer loop
      vertex 13.5 12.4 0
      vertex 13.5 12.4 0.5
      vertex 13.586305005300629 12.40339093289356 0
    endloop
  endfacet
  facet normal -0.1175373974578388 0.9930684569549262 0
    outer loop
      vertex 13.586305005300629 12.40339093289356 0
      vertex 13.586305005300629 12.40339093289356 0.5
      vertex 13.672077911544253 12.413542825345349 0
    endloop
  endfacet
  facet normal -0.1950903220161107 0.9807852804032341 0
    outer loop
      vertex 13.672077911544253 12.413542825345349 0
      vertex 13.672077911544253 12.413542825345349 0.5
      vertex 13.756789900241497 12.430393087562555 0
    endloop
  endfacet
  facet normal -0.2714404498650852 0.9624552364536442 0
    outer loop
      vertex 13.756789900241497 12.430393087562555 0
      vertex 13.756789900241497 12.430393087562555 0.5
      vertex 13.839918693812443 12.453837832075331 0
    endloop
  endfacet
  facet normal -0.34611705707748375 0.9381913359224875 0
    outer loop
      vertex 13.839918693812443 12.453837832075331 0
      vertex 13.839918693812443 12.453837832075331 0.5
      vertex 13.9209517756016 12.483732514237584 0
    endloop
  endfacet
  facet normal -0.4186597375374257 0.9081431738250824 0
    outer loop
      vertex 13.9209517756016 12.483732514237584 0
      vertex 13.9209517756016 12.483732514237584 0.5
      vertex 13.999389549713502 12.519892823392794 0
    endloop
  endfacet
  facet normal -0.4886212414969639 0.8724960070727922 0
    outer loop
      vertex 13.999389549713502 12.519892823392794 0
      vertex 13.999389549713502 12.519892823392794 0.5
      vertex 14.074748421187543 12.562095819210498 0
    endloop
  endfacet
  facet normal -0.5555702330196065 0.8314696123025423 0
    outer loop
      vertex 14.074748421187543 12.562095819210498 0
      vertex 14.074748421187543 12.562095819210498 0.5
      vertex 14.14656377752172 12.610081306187558 0
    endloop
  endfacet
  facet normal 0.7853169308807515 -0.6190939493098258 2.3750500612205893e-18
    outer loop
      vertex 12.610081306187558 14.14656377752172 0
      vertex 12.663553437839965 14.214392853163202 0
      vertex 12.663553437839965 14.214392853163202 0.5
    endloop
  endfacet
  facet normal 0.734322509435683 -0.6788007455329444 -4.774072456066295e-18
    outer loop
      vertex 12.663553437839965 14.214392853163202 0
      vertex 12.722182540694797 14.277817459305203 0
      vertex 12.722182540694797 14.277817459305203 0.5
    endloop
  endfacet
  facet normal 0.6788007455329444 -0.734322509435683 0
    outer loop
      vertex 12.785607146836798 14.336446562160035 0
      vertex 12.785607146836798 14.336446562160035 0.5
      vertex 12.722182540694797 14.277817459305203 0
    endloop
  endfacet
  facet normal 0.6190939493098258 -0.7853169308807515 0
    outer loop
      vertex 12.85343622247828 14.389918693812442 0
      vertex 12.85343622247828 14.389918693812442 0.5
      vertex 12.785607146836798 14.336446562160035 0
    endloop
  endfacet
  facet normal 0.5555702330196065 -0.8314696123025423 0
    outer loop
      vertex 12.925251578812457 14.437904180789502 0
      vertex 12.925251578812457 14.437904180789502 0.5
      vertex 12.85343622247828 14.389918693812442 0
    endloop
  endfacet
  facet normal 0.4886212414969639 -0.8724960070727922 0
    outer loop
      vertex 13.000610450286498 14.480107176607206 0
      vertex 13.000610450286498 14.480107176607206 0.5
      vertex 12.925251578812457 14.437904180789502 0
    endloop
  endfacet
  facet normal 0.4186597375374257 -0.9081431738250824 0
    outer loop
      vertex 13.0790482243984 14.516267485762416 0
      vertex 13.0790482243984 14.516267485762416 0.5
      vertex 13.000610450286498 14.480107176607206 0
    endloop
  endfacet
  facet normal 0.34611705707748375 -0.9381913359224875 0
    outer loop
      vertex 13.160081306187557 14.546162167924669 0
      vertex 13.160081306187557 14.546162167924669 0.5
      vertex 13.0790482243984 14.516267485762416 0
    endloop
  endfacet
  facet normal 0.2714404498650852 -0.9624552364536442 0
    outer loop
      vertex 13.243210099758503 14.569606912437445 0
      vertex 13.243210099758503 14.569606912437445 0.5
      vertex 13.160081306187557 14.546162167924669 0
    endloop
  endfacet
  facet normal 0.1950903220161107 -0.9807852804032341 0
    outer loop
      vertex 13.327922088455747 14.586457174654651 0
      vertex 13.327922088455747 14.586457174654651 0.5
      vertex 13.243210099758503 14.569606912437445 0
    endloop
  endfacet
  facet normal 0.1175373974578388 -0.9930684569549262 0
    outer loop
      vertex 13.413694994699371 14.59660906710644 0
      vertex 13.413694994699371 14.59660906710644 0.5
      vertex 13.327922088455747 14.586457174654651 0
    endloop
  endfacet
  facet normal 0.039259815759069755 -0.999229036240723 0
    outer loop
      vertex 13.5 14.6 0
      vertex 13.5 14.6 0.5
      vertex 13.413694994699371 14.59660906710644 0
    endloop
  endfacet
  facet normal -0.039259815759069755 -0.999229036240723 0
    outer loop
      vertex 13.586305005300629 14.59660906710644 0
      vertex 13.586305005300629 14.59660906710644 0.5
      vertex 13.5 14.6 0
    endloop
  endfacet
  facet normal -0.1175373974578388 -0.9930684569549262 0
    outer loop
      vertex 13.672077911544253 14.586457174654651 0
      vertex 13.672077911544253 14.586457174654651 0.5
      vertex 13.586305005300629 14.59660906710644 0
    endloop
  endfacet
  facet normal -0.1950903220161107 -0.9807852804032341 0
    outer loop
      vertex 13.756789900241497 14.569606912437445 0
      vertex 13.756789900241497 14.569606912437445 0.5
      vertex 13.672077911544253 14.586457174654651 0
    endloop
  endfacet
  facet normal -0.2714404498650852 -0.9624552364536442 0
    outer loop
      vertex 13.839918693812443 14.546162167924669 0
      vertex 13.839918693812443 14.546162167924669 0.5
      vertex 13.756789900241497 14.569606912437445 0
    endloop
  endfacet
  facet normal -0.4186597375374257 -0.9081431738250824 0
    outer loop
      vertex 13.999389549713502 14.480107176607206 0
      vertex 13.999389549713502 14.480107176607206 0.5
      vertex 13.9209517756016 14.516267485762416 0
    endloop
  endfacet
  facet normal -0.34611705707748375 -0.9381913359224875 0
    outer loop
      vertex 13.9209517756016 14.516267485762416 0
      vertex 13.9209517756016 14.516267485762416 0.5
      vertex 13.839918693812443 14.546162167924669 0
    endloop
  endfacet
  facet normal -0.4886212414969639 -0.8724960070727922 0
    outer loop
      vertex 14.074748421187543 14.437904180789502 0
      vertex 14.074748421187543 14.437904180789502 0.5
      vertex 13.999389549713502 14.480107176607206 0
    endloop
  endfacet
  facet normal -0.5555702330196065 -0.8314696123025423 0
    outer loop
      vertex 14.14656377752172 14.389918693812442 0
      vertex 14.14656377752172 14.389918693812442 0.5
      vertex 14.074748421187543 14.437904180789502 0
    endloop
  endfacet
  facet normal -0.6190939493098258 0.7853169308807515 0
    outer loop
      vertex 14.14656377752172 12.610081306187558 0
      vertex 14.14656377752172 12.610081306187558 0.5
      vertex 14.214392853163202 12.663553437839965 0
    endloop
  endfacet
  facet normal -0.6788007455329444 0.734322509435683 0
    outer loop
      vertex 14.214392853163202 12.663553437839965 0
      vertex 14.214392853163202 12.663553437839965 0.5
      vertex 14.277817459305203 12.722182540694797 0
    endloop
  endfacet
  facet normal -0.734322509435683 0.6788007455329444 0
    outer loop
      vertex 14.277817459305203 12.722182540694797 0
      vertex 14.277817459305203 12.722182540694797 0.5
      vertex 14.336446562160035 12.785607146836798 0
    endloop
  endfacet
  facet normal -0.7853169308807515 0.6190939493098258 2.3750500612205893e-18
    outer loop
      vertex 14.389918693812442 12.85343622247828 0
      vertex 14.336446562160035 12.785607146836798 0
      vertex 14.336446562160035 12.785607146836798 0.5
    endloop
  endfacet
  facet normal -0.8314696123025423 0.5555702330196065 2.03015806863289e-18
    outer loop
      vertex 14.437904180789502 12.925251578812457 0
      vertex 14.389918693812442 12.85343622247828 0
      vertex 14.389918693812442 12.85343622247828 0.5
    endloop
  endfacet
  facet normal -0.8724960070727922 0.4886212414969639 3.2592187554377777e-18
    outer loop
      vertex 14.480107176607206 13.000610450286498 0
      vertex 14.437904180789502 12.925251578812457 0
      vertex 14.437904180789502 12.925251578812457 0.5
    endloop
  endfacet
  facet normal -0.9081431738250824 0.4186597375374257 3.9641676753734695e-18
    outer loop
      vertex 14.516267485762416 13.0790482243984 0
      vertex 14.480107176607206 13.000610450286498 0
      vertex 14.480107176607206 13.000610450286498 0.5
    endloop
  endfacet
  facet normal -0.9381913359224875 0.34611705707748375 -4.761610583838788e-18
    outer loop
      vertex 14.546162167924669 13.160081306187557 0
      vertex 14.516267485762416 13.0790482243984 0
      vertex 14.516267485762416 13.0790482243984 0.5
    endloop
  endfacet
  facet normal -0.9624552364536442 0.2714404498650852 1.6001486795365604e-18
    outer loop
      vertex 14.569606912437445 13.243210099758503 0
      vertex 14.546162167924669 13.160081306187557 0
      vertex 14.546162167924669 13.160081306187557 0.5
    endloop
  endfacet
  facet normal -0.9807852804032341 0.1950903220161107 1.4108998578656185e-18
    outer loop
      vertex 14.586457174654651 13.327922088455747 0
      vertex 14.569606912437445 13.243210099758503 0
      vertex 14.569606912437445 13.243210099758503 0.5
    endloop
  endfacet
  facet normal -0.9930684569549262 0.1175373974578388 8.75318002164644e-19
    outer loop
      vertex 14.59660906710644 13.413694994699371 0
      vertex 14.586457174654651 13.327922088455747 0
      vertex 14.586457174654651 13.327922088455747 0.5
    endloop
  endfacet
  facet normal -0.999229036240723 0.039259815759069755 4.833806855352609e-19
    outer loop
      vertex 14.6 13.5 0
      vertex 14.59660906710644 13.413694994699371 0
      vertex 14.59660906710644 13.413694994699371 0.5
    endloop
  endfacet
  facet normal -0.999229036240723 -0.039259815759069755 -4.833806855352609e-19
    outer loop
      vertex 14.59660906710644 13.586305005300629 0
      vertex 14.6 13.5 0
      vertex 14.6 13.5 0.5
    endloop
  endfacet
  facet normal -0.9930684569549262 -0.1175373974578388 -8.75318002164644e-19
    outer loop
      vertex 14.586457174654651 13.672077911544253 0
      vertex 14.59660906710644 13.586305005300629 0
      vertex 14.59660906710644 13.586305005300629 0.5
    endloop
  endfacet
  facet normal -0.9807852804032341 -0.1950903220161107 -1.4108998578656185e-18
    outer loop
      vertex 14.569606912437445 13.756789900241497 0
      vertex 14.586457174654651 13.672077911544253 0
      vertex 14.586457174654651 13.672077911544253 0.5
    endloop
  endfacet
  facet normal -0.9624552364536442 -0.2714404498650852 -1.6001486795365604e-18
    outer loop
      vertex 14.546162167924669 13.839918693812443 0
      vertex 14.569606912437445 13.756789900241497 0
      vertex 14.569606912437445 13.756789900241497 0.5
    endloop
  endfacet
  facet normal -0.9381913359224875 -0.34611705707748375 4.761610583838788e-18
    outer loop
      vertex 14.516267485762416 13.9209517756016 0
      vertex 14.546162167924669 13.839918693812443 0
      vertex 14.546162167924669 13.839918693812443 0.5
    endloop
  endfacet
  facet normal -0.9081431738250824 -0.4186597375374257 -3.9641676753734695e-18
    outer loop
      vertex 14.480107176607206 13.999389549713502 0
      vertex 14.516267485762416 13.9209517756016 0
      vertex 14.516267485762416 13.9209517756016 0.5
    endloop
  endfacet
  facet normal -0.8314696123025423 -0.5555702330196065 -2.03015806863289e-18
    outer loop
      vertex 14.389918693812442 14.14656377752172 0
      vertex 14.437904180789502 14.074748421187543 0
      vertex 14.437904180789502 14.074748421187543 0.5
    endloop
  endfacet
  facet normal -0.8724960070727922 -0.4886212414969639 -3.2592187554377777e-18
    outer loop
      vertex 14.437904180789502 14.074748421187543 0
      vertex 14.480107176607206 13.999389549713502 0
      vertex 14.480107176607206 13.999389549713502 0.5
    endloop
  endfacet
  facet normal -0.6190939493098258 -0.7853169308807515 0
    outer loop
      vertex 14.214392853163202 14.336446562160035 0
      vertex 14.214392853163202 14.336446562160035 0.5
      vertex 14.14656377752172 14.389918693812442 0
    endloop
  endfacet
  facet normal -0.6788007455329444 -0.734322509435683 4.774072456066295e-18
    outer loop
      vertex 14.214392853163202 14.336446562160035 0
      vertex 14.277817459305203 14.277817459305203 0
      vertex 14.277817459305203 14.277817459305203 0.5
    endloop
  endfacet
  facet normal -0.734322509435683 -0.6788007455329444 4.774072456066295e-18
    outer loop
      vertex 14.277817459305203 14.277817459305203 0
      vertex 14.336446562160035 14.214392853163202 0
      vertex 14.336446562160035 14.214392853163202 0.5
    endloop
  endfacet
  facet normal -0.7853169308807515 -0.6190939493098258 -2.3750500612205893e-18
    outer loop
      vertex 14.336446562160035 14.214392853163202 0
      vertex 14.389918693812442 14.14656377752172 0
      vertex 14.389918693812442 14.14656377752172 0.5
    endloop
  endfacet
  facet normal 0.9381913359224875 0.34611705707748375 0
    outer loop
      vertex 12.483732514237584 13.0790482243984 0
      vertex 12.453837832075331 13.160081306187557 0.5
      vertex 12.483732514237584 13.0790482243984 0.5
    endloop
  endfacet
  facet normal 0.8724960070727922 0.4886212414969639 0
    outer loop
      vertex 12.562095819210498 12.925251578812457 0
      vertex 12.519892823392794 13.000610450286498 0.5
      vertex 12.562095819210498 12.925251578812457 0.5
    endloop
  endfacet
  facet normal 0.8314696123025423 0.5555702330196065 0
    outer loop
      vertex 12.610081306187558 12.85343622247828 0
      vertex 12.562095819210498 12.925251578812457 0.5
      vertex 12.610081306187558 12.85343622247828 0.5
    endloop
  endfacet
  facet normal 0.9081431738250824 0.4186597375374257 0
    outer loop
      vertex 12.519892823392794 13.000610450286498 0
      vertex 12.483732514237584 13.0790482243984 0.5
      vertex 12.519892823392794 13.000610450286498 0.5
    endloop
  endfacet
  facet normal 0.5555702330196065 0.8314696123025423 0
    outer loop
      vertex 12.925251578812457 12.562095819210498 0
      vertex 12.85343622247828 12.610081306187558 0.5
      vertex 12.925251578812457 12.562095819210498 0.5
    endloop
  endfacet
  facet normal 0.4886212414969639 0.8724960070727922 0
    outer loop
      vertex 13.000610450286498 12.519892823392794 0
      vertex 12.925251578812457 12.562095819210498 0.5
      vertex 13.000610450286498 12.519892823392794 0.5
    endloop
  endfacet
  facet normal 0.4186597375374257 0.9081431738250824 0
    outer loop
      vertex 13.0790482243984 12.483732514237584 0
      vertex 13.000610450286498 12.519892823392794 0.5
      vertex 13.0790482243984 12.483732514237584 0.5
    endloop
  endfacet
  facet normal 0.734322509435683 0.6788007455329444 0
    outer loop
      vertex 12.722182540694797 12.722182540694797 0
      vertex 12.663553437839965 12.785607146836798 0.5
      vertex 12.722182540694797 12.722182540694797 0.5
    endloop
  endfacet
  facet normal 0.7853169308807515 0.6190939493098258 0
    outer loop
      vertex 12.663553437839965 12.785607146836798 0
      vertex 12.610081306187558 12.85343622247828 0.5
      vertex 12.663553437839965 12.785607146836798 0.5
    endloop
  endfacet
  facet normal 0.6788007455329444 0.734322509435683 0
    outer loop
      vertex 12.785607146836798 12.663553437839965 0
      vertex 12.722182540694797 12.722182540694797 0.5
      vertex 12.785607146836798 12.663553437839965 0.5
    endloop
  endfacet
  facet normal 0.6190939493098258 0.7853169308807515 0
    outer loop
      vertex 12.85343622247828 12.610081306187558 0
      vertex 12.785607146836798 12.663553437839965 0.5
      vertex 12.85343622247828 12.610081306187558 0.5
    endloop
  endfacet
  facet normal 0.9624552364536442 0.2714404498650852 0
    outer loop
      vertex 12.453837832075331 13.160081306187557 0
      vertex 12.430393087562555 13.243210099758503 0.5
      vertex 12.453837832075331 13.160081306187557 0.5
    endloop
  endfacet
  facet normal 0.9807852804032341 0.1950903220161107 0
    outer loop
      vertex 12.430393087562555 13.243210099758503 0
      vertex 12.413542825345349 13.327922088455747 0.5
      vertex 12.430393087562555 13.243210099758503 0.5
    endloop
  endfacet
  facet normal 0.9930684569549262 0.1175373974578388 0
    outer loop
      vertex 12.413542825345349 13.327922088455747 0
      vertex 12.40339093289356 13.413694994699371 0.5
      vertex 12.413542825345349 13.327922088455747 0.5
    endloop
  endfacet
  facet normal 0.999229036240723 0.039259815759069755 0
    outer loop
      vertex 12.40339093289356 13.413694994699371 0
      vertex 12.4 13.5 0.5
      vertex 12.40339093289356 13.413694994699371 0.5
    endloop
  endfacet
  facet normal 0.999229036240723 -0.039259815759069755 0
    outer loop
      vertex 12.4 13.5 0
      vertex 12.40339093289356 13.586305005300629 0.5
      vertex 12.4 13.5 0.5
    endloop
  endfacet
  facet normal 0.9930684569549262 -0.1175373974578388 0
    outer loop
      vertex 12.40339093289356 13.586305005300629 0
      vertex 12.413542825345349 13.672077911544253 0.5
      vertex 12.40339093289356 13.586305005300629 0.5
    endloop
  endfacet
  facet normal 0.9807852804032341 -0.1950903220161107 0
    outer loop
      vertex 12.413542825345349 13.672077911544253 0
      vertex 12.430393087562555 13.756789900241497 0.5
      vertex 12.413542825345349 13.672077911544253 0.5
    endloop
  endfacet
  facet normal 0.9624552364536442 -0.2714404498650852 0
    outer loop
      vertex 12.430393087562555 13.756789900241497 0
      vertex 12.453837832075331 13.839918693812443 0.5
      vertex 12.430393087562555 13.756789900241497 0.5
    endloop
  endfacet
  facet normal 0.9381913359224875 -0.34611705707748375 0
    outer loop
      vertex 12.453837832075331 13.839918693812443 0
      vertex 12.483732514237584 13.9209517756016 0.5
      vertex 12.453837832075331 13.839918693812443 0.5
    endloop
  endfacet
  facet normal 0.9081431738250824 -0.4186597375374257 0
    outer loop
      vertex 12.483732514237584 13.9209517756016 0
      vertex 12.519892823392794 13.999389549713502 0.5
      vertex 12.483732514237584 13.9209517756016 0.5
    endloop
  endfacet
  facet normal 0.8724960070727922 -0.4886212414969639 0
    outer loop
      vertex 12.519892823392794 13.999389549713502 0
      vertex 12.562095819210498 14.074748421187543 0.5
      vertex 12.519892823392794 13.999389549713502 0.5
    endloop
  endfacet
  facet normal 0.8314696123025423 -0.5555702330196065 0
    outer loop
      vertex 12.562095819210498 14.074748421187543 0
      vertex 12.610081306187558 14.14656377752172 0.5
      vertex 12.562095819210498 14.074748421187543 0.5
    endloop
  endfacet
  facet normal 0.34611705707748375 0.9381913359224875 0
    outer loop
      vertex 13.160081306187557 12.453837832075331 0
      vertex 13.0790482243984 12.483732514237584 0.5
      vertex 13.160081306187557 12.453837832075331 0.5
    endloop
  endfacet
  facet normal 0.2714404498650852 0.9624552364536442 0
    outer loop
      vertex 13.243210099758503 12.430393087562555 0
      vertex 13.160081306187557 12.453837832075331 0.5
      vertex 13.243210099758503 12.430393087562555 0.5
    endloop
  endfacet
  facet normal 0.1950903220161107 0.9807852804032341 0
    outer loop
      vertex 13.327922088455747 12.413542825345349 0
      vertex 13.243210099758503 12.430393087562555 0.5
      vertex 13.327922088455747 12.413542825345349 0.5
    endloop
  endfacet
  facet normal 0.1175373974578388 0.9930684569549262 0
    outer loop
      vertex 13.413694994699371 12.40339093289356 0
      vertex 13.327922088455747 12.413542825345349 0.5
      vertex 13.413694994699371 12.40339093289356 0.5
    endloop
  endfacet
  facet normal 0.039259815759069755 0.999229036240723 0
    outer loop
      vertex 13.5 12.4 0
      vertex 13.413694994699371 12.40339093289356 0.5
      vertex 13.5 12.4 0.5
    endloop
  endfacet
  facet normal -0.039259815759069755 0.999229036240723 0
    outer loop
      vertex 13.586305005300629 12.40339093289356 0
      vertex 13.5 12.4 0.5
      vertex 13.586305005300629 12.40339093289356 0.5
    endloop
  endfacet
  facet normal -0.1175373974578388 0.9930684569549262 0
    outer loop
      vertex 13.672077911544253 12.413542825345349 0
      vertex 13.586305005300629 12.40339093289356 0.5
      vertex 13.672077911544253 12.413542825345349 0.5
    endloop
  endfacet
  facet normal -0.1950903220161107 0.9807852804032341 0
    outer loop
      vertex 13.756789900241497 12.430393087562555 0
      vertex 13.672077911544253 12.413542825345349 0.5
      vertex 13.756789900241497 12.430393087562555 0.5
    endloop
  endfacet
  facet normal -0.2714404498650852 0.9624552364536442 0
    outer loop
      vertex 13.839918693812443 12.453837832075331 0
      vertex 13.756789900241497 12.430393087562555 0.5
      vertex 13.839918693812443 12.453837832075331 0.5
    endloop
  endfacet
  facet normal -0.34611705707748375 0.9381913359224875 0
    outer loop
      vertex 13.9209517756016 12.483732514237584 0
      vertex 13.839918693812443 12.453837832075331 0.5
      vertex 13.9209517756016 12.483732514237584 0.5
    endloop
  endfacet
  facet normal -0.4186597375374257 0.9081431738250824 0
    outer loop
      vertex 13.999389549713502 12.519892823392794 0
      vertex 13.9209517756016 12.483732514237584 0.5
      vertex 13.999389549713502 12.519892823392794 0.5
    endloop
  endfacet
  facet normal -0.4886212414969639 0.8724960070727922 0
    outer loop
      vertex 14.074748421187543 12.562095819210498 0
      vertex 13.999389549713502 12.519892823392794 0.5
      vertex 14.074748421187543 12.562095819210498 0.5
    endloop
  endfacet
  facet normal -0.5555702330196065 0.8314696123025423 0
    outer loop
      vertex 14.14656377752172 12.610081306187558 0
      vertex 14.074748421187543 12.562095819210498 0.5
      vertex 14.14656377752172 12.610081306187558 0.5
    endloop
  endfacet
  facet normal 0.7853169308807515 -0.6190939493098258 0
    outer loop
      vertex 12.610081306187558 14.14656377752172 0
      vertex 12.663553437839965 14.214392853163202 0.5
      vertex 12.610081306187558 14.14656377752172 0.5
    endloop
  endfacet
  facet normal 0.734322509435683 -0.6788007455329444 0
    outer loop
      vertex 12.663553437839965 14.214392853163202 0
      vertex 12.722182540694797 14.277817459305203 0.5
      vertex 12.663553437839965 14.214392853163202 0.5
    endloop
  endfacet
  facet normal 0.6788007455329444 -0.734322509435683 0
    outer loop
      vertex 12.722182540694797 14.277817459305203 0
      vertex 12.785607146836798 14.336446562160035 0.5
      vertex 12.722182540694797 14.277817459305203 0.5
    endloop
  endfacet
  facet normal 0.6190939493098258 -0.7853169308807515 0
    outer loop
      vertex 12.785607146836798 14.336446562160035 0
      vertex 12.85343622247828 14.389918693812442 0.5
      vertex 12.785607146836798 14.336446562160035 0.5
    endloop
  endfacet
  facet normal 0.5555702330196065 -0.8314696123025423 0
    outer loop
      vertex 12.85343622247828 14.389918693812442 0
      vertex 12.925251578812457 14.437904180789502 0.5
      vertex 12.85343622247828 14.389918693812442 0.5
    endloop
  endfacet
  facet normal 0.4886212414969639 -0.8724960070727922 0
    outer loop
      vertex 12.925251578812457 14.437904180789502 0
      vertex 13.000610450286498 14.480107176607206 0.5
      vertex 12.925251578812457 14.437904180789502 0.5
    endloop
  endfacet
  facet normal 0.4186597375374257 -0.9081431738250824 0
    outer loop
      vertex 13.000610450286498 14.480107176607206 0
      vertex 13.0790482243984 14.516267485762416 0.5
      vertex 13.000610450286498 14.480107176607206 0.5
    endloop
  endfacet
  facet normal 0.34611705707748375 -0.9381913359224875 0
    outer loop
      vertex 13.0790482243984 14.516267485762416 0
      vertex 13.160081306187557 14.546162167924669 0.5
      vertex 13.0790482243984 14.516267485762416 0.5
    endloop
  endfacet
  facet normal 0.2714404498650852 -0.9624552364536442 0
    outer loop
      vertex 13.160081306187557 14.546162167924669 0
      vertex 13.243210099758503 14.569606912437445 0.5
      vertex 13.160081306187557 14.546162167924669 0.5
    endloop
  endfacet
  facet normal 0.1950903220161107 -0.9807852804032341 0
    outer loop
      vertex 13.243210099758503 14.569606912437445 0
      vertex 13.327922088455747 14.586457174654651 0.5
      vertex 13.243210099758503 14.569606912437445 0.5
    endloop
  endfacet
  facet normal 0.1175373974578388 -0.9930684569549262 0
    outer loop
      vertex 13.327922088455747 14.586457174654651 0
      vertex 13.413694994699371 14.59660906710644 0.5
      vertex 13.327922088455747 14.586457174654651 0.5
    endloop
  endfacet
  facet normal 0.039259815759069755 -0.999229036240723 0
    outer loop
      vertex 13.413694994699371 14.59660906710644 0
      vertex 13.5 14.6 0.5
      vertex 13.413694994699371 14.59660906710644 0.5
    endloop
  endfacet
  facet normal -0.039259815759069755 -0.999229036240723 0
    outer loop
      vertex 13.5 14.6 0
      vertex 13.586305005300629 14.59660906710644 0.5
      vertex 13.5 14.6 0.5
    endloop
  endfacet
  facet normal -0.1175373974578388 -0.9930684569549262 0
    outer loop
      vertex 13.586305005300629 14.59660906710644 0
      vertex 13.672077911544253 14.586457174654651 0.5
      vertex 13.586305005300629 14.59660906710644 0.5
    endloop
  endfacet
  facet normal -0.1950903220161107 -0.9807852804032341 0
    outer loop
      vertex 13.672077911544253 14.586457174654651 0
      vertex 13.756789900241497 14.569606912437445 0.5
      vertex 13.672077911544253 14.586457174654651 0.5
    endloop
  endfacet
  facet normal -0.2714404498650852 -0.9624552364536442 0
    outer loop
      vertex 13.756789900241497 14.569606912437445 0
      vertex 13.839918693812443 14.546162167924669 0.5
      vertex 13.756789900241497 14.569606912437445 0.5
    endloop
  endfacet
  facet normal -0.34611705707748375 -0.9381913359224875 0
    outer loop
      vertex 13.839918693812443 14.546162167924669 0
      vertex 13.9209517756016 14.516267485762416 0.5
      vertex 13.839918693812443 14.546162167924669 0.5
    endloop
  endfacet
  facet normal -0.4186597375374257 -0.9081431738250824 0
    outer loop
      vertex 13.9209517756016 14.516267485762416 0
      vertex 13.999389549713502 14.480107176607206 0.5
      vertex 13.9209517756016 14.516267485762416 0.5
    endloop
  endfacet
  facet normal -0.4886212414969639 -0.8724960070727922 0
    outer loop
      vertex 13.999389549713502 14.480107176607206 0
      vertex 14.074748421187543 14.437904180789502 0.5
      vertex 13.999389549713502 14.480107176607206 0.5
    endloop
  endfacet
  facet normal -0.5555702330196065 -0.8314696123025423 0
    outer loop
      vertex 14.074748421187543 14.437904180789502 0
      vertex 14.14656377752172 14.389918693812442 0.5
      vertex 14.074748421187543 14.437904180789502 0.5
    endloop
  endfacet
  facet normal -0.6190939493098258 0.7853169308807515 0
    outer loop
      vertex 14.214392853163202 12.663553437839965 0
      vertex 14.14656377752172 12.610081306187558 0.5
      vertex 14.214392853163202 12.663553437839965 0.5
    endloop
  endfacet
  facet normal -0.6788007455329444 0.734322509435683 0
    outer loop
      vertex 14.277817459305203 12.722182540694797 0
      vertex 14.214392853163202 12.663553437839965 0.5
      vertex 14.277817459305203 12.722182540694797 0.5
    endloop
  endfacet
  facet normal -0.734322509435683 0.6788007455329444 0
    outer loop
      vertex 14.336446562160035 12.785607146836798 0
      vertex 14.277817459305203 12.722182540694797 0.5
      vertex 14.336446562160035 12.785607146836798 0.5
    endloop
  endfacet
  facet normal -0.7853169308807515 0.6190939493098258 0
    outer loop
      vertex 14.389918693812442 12.85343622247828 0
      vertex 14.336446562160035 12.785607146836798 0.5
      vertex 14.389918693812442 12.85343622247828 0.5
    endloop
  endfacet
  facet normal -0.8314696123025423 0.5555702330196065 0
    outer loop
      vertex 14.437904180789502 12.925251578812457 0
      vertex 14.389918693812442 12.85343622247828 0.5
      vertex 14.437904180789502 12.925251578812457 0.5
    endloop
  endfacet
  facet normal -0.8724960070727922 0.4886212414969639 0
    outer loop
      vertex 14.480107176607206 13.000610450286498 0
      vertex 14.437904180789502 12.925251578812457 0.5
      vertex 14.480107176607206 13.000610450286498 0.5
    endloop
  endfacet
  facet normal -0.9081431738250824 0.4186597375374257 0
    outer loop
      vertex 14.516267485762416 13.0790482243984 0
      vertex 14.480107176607206 13.000610450286498 0.5
      vertex 14.516267485762416 13.0790482243984 0.5
    endloop
  endfacet
  facet normal -0.9381913359224875 0.34611705707748375 0
    outer loop
      vertex 14.546162167924669 13.160081306187557 0
      vertex 14.516267485762416 13.0790482243984 0.5
      vertex 14.546162167924669 13.160081306187557 0.5
    endloop
  endfacet
  facet normal -0.9624552364536442 0.2714404498650852 0
    outer loop
      vertex 14.569606912437445 13.243210099758503 0
      vertex 14.546162167924669 13.160081306187557 0.5
      vertex 14.569606912437445 13.243210099758503 0.5
    endloop
  endfacet
  facet normal -0.9807852804032341 0.1950903220161107 0
    outer loop
      vertex 14.586457174654651 13.327922088455747 0
      vertex 14.569606912437445 13.243210099758503 0.5
      vertex 14.586457174654651 13.327922088455747 0.5
    endloop
  endfacet
  facet normal -0.9930684569549262 0.1175373974578388 0
    outer loop
      vertex 14.59660906710644 13.413694994699371 0
      vertex 14.586457174654651 13.327922088455747 0.5
      vertex 14.59660906710644 13.413694994699371 0.5
    endloop
  endfacet
  facet normal -0.999229036240723 0.039259815759069755 0
    outer loop
      vertex 14.6 13.5 0
      vertex 14.59660906710644 13.413694994699371 0.5
      vertex 14.6 13.5 0.5
    endloop
  endfacet
  facet normal -0.999229036240723 -0.039259815759069755 0
    outer loop
      vertex 14.59660906710644 13.586305005300629 0
      vertex 14.6 13.5 0.5
      vertex 14.59660906710644 13.586305005300629 0.5
    endloop
  endfacet
  facet normal -0.9930684569549262 -0.1175373974578388 0
    outer loop
      vertex 14.586457174654651 13.672077911544253 0
      vertex 14.59660906710644 13.586305005300629 0.5
      vertex 14.586457174654651 13.672077911544253 0.5
    endloop
  endfacet
  facet normal -0.9807852804032341 -0.1950903220161107 0
    outer loop
      vertex 14.569606912437445 13.756789900241497 0
      vertex 14.586457174654651 13.672077911544253 0.5
      vertex 14.569606912437445 13.756789900241497 0.5
    endloop
  endfacet
  facet normal -0.9624552364536442 -0.2714404498650852 0
    outer loop
      vertex 14.546162167924669 13.839918693812443 0
      vertex 14.569606912437445 13.756789900241497 0.5
      vertex 14.546162167924669 13.839918693812443 0.5
    endloop
  endfacet
  facet normal -0.9081431738250824 -0.4186597375374257 0
    outer loop
      vertex 14.480107176607206 13.999389549713502 0
      vertex 14.516267485762416 13.9209517756016 0.5
      vertex 14.480107176607206 13.999389549713502 0.5
    endloop
  endfacet
  facet normal -0.8314696123025423 -0.5555702330196065 0
    outer loop
      vertex 14.389918693812442 14.14656377752172 0
      vertex 14.437904180789502 14.074748421187543 0.5
      vertex 14.389918693812442 14.14656377752172 0.5
    endloop
  endfacet
  facet normal -0.8724960070727922 -0.4886212414969639 0
    outer loop
      vertex 14.437904180789502 14.074748421187543 0
      vertex 14.480107176607206 13.999389549713502 0.5
      vertex 14.437904180789502 14.074748421187543 0.5
    endloop
  endfacet
  facet normal -0.9381913359224875 -0.34611705707748375 0
    outer loop
      vertex 14.516267485762416 13.9209517756016 0
      vertex 14.546162167924669 13.839918693812443 0.5
      vertex 14.516267485762416 13.9209517756016 0.5
    endloop
  endfacet
  facet normal -0.6190939493098258 -0.7853169308807515 0
    outer loop
      vertex 14.14656377752172 14.389918693812442 0
      vertex 14.214392853163202 14.336446562160035 0.5
      vertex 14.14656377752172 14.389918693812442 0.5
    endloop
  endfacet
  facet normal -0.6788007455329444 -0.734322509435683 0
    outer loop
      vertex 14.214392853163202 14.336446562160035 0
      vertex 14.277817459305203 14.277817459305203 0.5
      vertex 14.214392853163202 14.336446562160035 0.5
    endloop
  endfacet
  facet normal -0.734322509435683 -0.6788007455329444 0
    outer loop
      vertex 14.277817459305203 14.277817459305203 0
      vertex 14.336446562160035 14.214392853163202 0.5
      vertex 14.277817459305203 14.277817459305203 0.5
    endloop
  endfacet
  facet normal -0.7853169308807515 -0.6190939493098258 0
    outer loop
      vertex 14.336446562160035 14.214392853163202 0
      vertex 14.389918693812442 14.14656377752172 0.5
      vertex 14.336446562160035 14.214392853163202 0.5
    endloop
  endfacet
  facet normal 0 0 -1
    outer loop
      vertex -16.15 -16.15 0
      vertex -14.480107176607206 -13.999389549713502 0
      vertex -14.437904180789502 -14.074748421187543 0
    endloop
  endfacet
  facet normal 0 0 -1
    outer loop
      vertex -16.15 -16.15 0
      vertex -14.516267485762416 -13.9209517756016 0
      vertex -14.480107176607206 -13.999389549713502 0
    endloop
  endfacet
  facet normal 0 0 -1
    outer loop
      vertex -16.15 -16.15 0
      vertex -14.546162167924669 -13.839918693812443 0
      vertex -14.516267485762416 -13.9209517756016 0
    endloop
  endfacet
  facet normal 0 0 -1
    outer loop
      vertex -16.15 -16.15 0
      vertex -14.389918693812442 -14.14656377752172 0
      vertex -14.336446562160035 -14.214392853163202 0
    endloop
  endfacet
  facet normal 0 0 -1
    outer loop
      vertex -16.15 -16.15 0
      vertex -14.437904180789502 -14.074748421187543 0
      vertex -14.389918693812442 -14.14656377752172 0
    endloop
  endfacet
  facet normal 0 0 -1
    outer loop
      vertex -16.15 -16.15 0
      vertex -14.336446562160035 -14.214392853163202 0
      vertex -14.277817459305203 -14.277817459305203 0
    endloop
  endfacet
  facet normal 0 0 -1
    outer loop
      vertex -16.15 -16.15 0
      vertex -14.214392853163202 -14.336446562160035 0
      vertex -14.14656377752172 -14.389918693812442 0
    endloop
  endfacet
  facet normal 0 0 -1
    outer loop
      vertex -16.15 -16.15 0
      vertex -14.277817459305203 -14.277817459305203 0
      vertex -14.214392853163202 -14.336446562160035 0
    endloop
  endfacet
  facet normal 0 0 -1
    outer loop
      vertex -16.15 -16.15 0
      vertex -14.14656377752172 -14.389918693812442 0
      vertex -14.074748421187543 -14.437904180789502 0
    endloop
  endfacet
  facet normal 0 0 -1
    outer loop
      vertex -16.15 -16.15 0
      vertex -14.074748421187543 -14.437904180789502 0
      vertex -13.999389549713502 -14.480107176607206 0
    endloop
  endfacet
  facet normal 0 0 -1
    outer loop
      vertex -16.15 -16.15 0
      vertex -13.999389549713502 -14.480107176607206 0
      vertex -13.9209517756016 -14.516267485762416 0
    endloop
  endfacet
  facet normal 0 0 -1
    outer loop
      vertex -16.15 -16.15 0
      vertex -13.9209517756016 -14.516267485762416 0
      vertex -13.839918693812443 -14.546162167924669 0
    endloop
  endfacet
  facet normal 0 0 -1
    outer loop
      vertex -16.15 -16.15 0
      vertex -14.569606912437445 -13.756789900241497 0
      vertex -14.546162167924669 -13.839918693812443 0
    endloop
  endfacet
  facet normal 0 0 -1
    outer loop
      vertex -16.15 -16.15 0
      vertex -14.586457174654651 -13.672077911544253 0
      vertex -14.569606912437445 -13.756789900241497 0
    endloop
  endfacet
  facet normal 0 0 -1
    outer loop
      vertex -16.15 -16.15 0
      vertex -14.59660906710644 -13.586305005300629 0
      vertex -14.586457174654651 -13.672077911544253 0
    endloop
  endfacet
  facet normal 0 0 -1
    outer loop
      vertex -16.15 -16.15 0
      vertex -14.6 -13.5 0
      vertex -14.59660906710644 -13.586305005300629 0
    endloop
  endfacet
  facet normal 0 0 -1
    outer loop
      vertex -16.15 -16.15 0
      vertex -14.59660906710644 -13.413694994699371 0
      vertex -14.6 -13.5 0
    endloop
  endfacet
  facet normal 0 0 -1
    outer loop
      vertex -16.15 -16.15 0
      vertex -13.839918693812443 -14.546162167924669 0
      vertex -13.756789900241497 -14.569606912437445 0
    endloop
  endfacet
  facet normal 0 0 -1
    outer loop
      vertex -16.15 -16.15 0
      vertex -13.756789900241497 -14.569606912437445 0
      vertex -13.672077911544253 -14.586457174654651 0
    endloop
  endfacet
  facet normal 0 0 -1
    outer loop
      vertex -16.15 -16.15 0
      vertex -13.672077911544253 -14.586457174654651 0
      vertex -13.586305005300629 -14.59660906710644 0
    endloop
  endfacet
  facet normal 0 0 -1
    outer loop
      vertex -12.85343622247828 -12.610081306187558 0
      vertex -12.925251578812457 -12.562095819210498 0
      vertex -6.0832477248002474 -5.195584386641469 0
    endloop
  endfacet
  facet normal 0 0 -1
    outer loop
      vertex -12.610081306187558 -12.85343622247828 0
      vertex -5.195584386641469 -6.0832477248002474 0
      vertex -12.562095819210498 -12.925251578812457 0
    endloop
  endfacet
  facet normal 0 0 -1
    outer loop
      vertex -12.722182540694797 -12.722182540694797 0
      vertex -12.785607146836798 -12.663553437839965 0
      vertex -5.656854249492381 -5.656854249492381 0
    endloop
  endfacet
  facet normal 0 0 -1
    outer loop
      vertex -12.785607146836798 -12.663553437839965 0
      vertex -12.85343622247828 -12.610081306187558 0
      vertex -6.0832477248002474 -5.195584386641469 0
    endloop
  endfacet
  facet normal 0 0 -1
    outer loop
      vertex -12.722182540694797 -12.722182540694797 0
      vertex -5.195584386641469 -6.0832477248002474 0
      vertex -12.663553437839965 -12.785607146836798 0
    endloop
  endfacet
  facet normal 0 0 -1
    outer loop
      vertex -12.663553437839965 -12.785607146836798 0
      vertex -5.195584386641469 -6.0832477248002474 0
      vertex -12.610081306187558 -12.85343622247828 0
    endloop
  endfacet
  facet normal 0 0 -1
    outer loop
      vertex -13.672077911544253 -12.413542825345349 0
      vertex -13.756789900241497 -12.430393087562555 0
      vertex -7.608452130361228 -2.472135954999579 0
    endloop
  endfacet
  facet normal 0 0 -1
    outer loop
      vertex -13.586305005300629 -12.40339093289356 0
      vertex -13.672077911544253 -12.413542825345349 0
      vertex -7.608452130361228 -2.472135954999579 0
    endloop
  endfacet
  facet normal 0 0 -1
    outer loop
      vertex -13.5 -12.4 0
      vertex -13.586305005300629 -12.40339093289356 0
      vertex -7.391036260090294 -3.0614674589207183 0
    endloop
  endfacet
  facet normal 0 0 -1
    outer loop
      vertex -13.413694994699371 -12.40339093289356 0
      vertex -13.5 -12.4 0
      vertex -7.391036260090294 -3.0614674589207183 0
    endloop
  endfacet
  facet normal 0 0 -1
    outer loop
      vertex -13.327922088455747 -12.413542825345349 0
      vertex -13.413694994699371 -12.40339093289356 0
      vertex -7.128052193506943 -3.6319239979163744 0
    endloop
  endfacet
  facet normal 0 0 -1
    outer loop
      vertex -13.243210099758503 -12.430393087562555 0
      vertex -13.327922088455747 -12.413542825345349 0
      vertex -7.128052193506943 -3.6319239979163744 0
    endloop
  endfacet
  facet normal 0 0 -1
    outer loop
      vertex -14.074748421187543 -12.562095819210498 0
      vertex -14.14656377752172 -12.610081306187558 0
      vertex -7.975338669865024 -0.6276727658227595 0
    endloop
  endfacet
  facet normal 0 0 -1
    outer loop
      vertex -13.9209517756016 -12.483732514237584 0
      vertex -13.999389549713502 -12.519892823392794 0
      vertex -7.901506724761102 -1.251475720321847 0
    endloop
  endfacet
  facet normal 0 0 -1
    outer loop
      vertex -13.839918693812443 -12.453837832075331 0
      vertex -13.9209517756016 -12.483732514237584 0
      vertex -7.7789593631814125 -1.8675629108472431 0
    endloop
  endfacet
  facet normal 0 0 -1
    outer loop
      vertex -13.756789900241497 -12.430393087562555 0
      vertex -13.839918693812443 -12.453837832075331 0
      vertex -7.7789593631814125 -1.8675629108472431 0
    endloop
  endfacet
  facet normal 0 0 -1
    outer loop
      vertex -13.999389549713502 -12.519892823392794 0
      vertex -14.074748421187543 -12.562095819210498 0
      vertex -7.975338669865024 -0.6276727658227595 0
    endloop
  endfacet
  facet normal 0 0 -1
    outer loop
      vertex -13.160081306187557 -12.453837832075331 0
      vertex -13.243210099758503 -12.430393087562555 0
      vertex -6.821121314832738 -4.17998851772759 0
    endloop
  endfacet
  facet normal 0 0 -1
    outer loop
      vertex -13.0790482243984 -12.483732514237584 0
      vertex -13.160081306187557 -12.453837832075331 0
      vertex -6.821121314832738 -4.17998851772759 0
    endloop
  endfacet
  facet normal 0 0 -1
    outer loop
      vertex -12.925251578812457 -12.562095819210498 0
      vertex -13.000610450286498 -12.519892823392794 0
      vertex -6.47213595499958 -4.702282018339785 0
    endloop
  endfacet
  facet normal 0 0 -1
    outer loop
      vertex -13.000610450286498 -12.519892823392794 0
      vertex -13.0790482243984 -12.483732514237584 0
      vertex -6.47213595499958 -4.702282018339785 0
    endloop
  endfacet
  facet normal 0 0 -1
    outer loop
      vertex -12.413542825345349 -13.327922088455747 0
      vertex -3.6319239979163744 -7.128052193506943 0
      vertex -12.40339093289356 -13.413694994699371 0
    endloop
  endfacet
  facet normal 0 0 -1
    outer loop
      vertex -12.430393087562555 -13.243210099758503 0
      vertex -3.6319239979163744 -7.128052193506943 0
      vertex -12.413542825345349 -13.327922088455747 0
    endloop
  endfacet
  facet normal 0 0 -1
    outer loop
      vertex -12.40339093289356 -13.413694994699371 0
      vertex -3.0614674589207183 -7.391036260090294 0
      vertex -12.4 -13.5 0
    endloop
  endfacet
  facet normal 0 0 -1
    outer loop
      vertex -12.562095819210498 -12.925251578812457 0
      vertex -4.702282018339785 -6.47213595499958 0
      vertex -12.519892823392794 -13.000610450286498 0
    endloop
  endfacet
  facet normal 0 0 -1
    outer loop
      vertex -12.519892823392794 -13.000610450286498 0
      vertex -4.702282018339785 -6.47213595499958 0
      vertex -12.483732514237584 -13.0790482243984 0
    endloop
  endfacet
  facet normal 0 0 -1
    outer loop
      vertex -12.453837832075331 -13.160081306187557 0
      vertex -4.17998851772759 -6.821121314832738 0
      vertex -12.430393087562555 -13.243210099758503 0
    endloop
  endfacet
  facet normal 0 0 -1
    outer loop
      vertex -12.483732514237584 -13.0790482243984 0
      vertex -4.17998851772759 -6.821121314832738 0
      vertex -12.453837832075331 -13.160081306187557 0
    endloop
  endfacet
  facet normal 0 0 -1
    outer loop
      vertex -16.15 -16.15 0
      vertex -12.610081306187558 12.85343622247828 0
      vertex -14.59660906710644 -13.413694994699371 0
    endloop
  endfacet
  facet normal 0 0 -1
    outer loop
      vertex -14.59660906710644 -13.413694994699371 0
      vertex -12.610081306187558 12.85343622247828 0
      vertex -14.586457174654651 -13.327922088455747 0
    endloop
  endfacet
  facet normal 0 0 -1
    outer loop
      vertex -14.586457174654651 -13.327922088455747 0
      vertex -12.610081306187558 12.85343622247828 0
      vertex -14.569606912437445 -13.243210099758503 0
    endloop
  endfacet
  facet normal 0 0 -1
    outer loop
      vertex -14.569606912437445 -13.243210099758503 0
      vertex -12.610081306187558 12.85343622247828 0
      vertex -14.546162167924669 -13.160081306187557 0
    endloop
  endfacet
  facet normal 0 0 -1
    outer loop
      vertex -14.546162167924669 -13.160081306187557 0
      vertex -12.610081306187558 12.85343622247828 0
      vertex -14.516267485762416 -13.0790482243984 0
    endloop
  endfacet
  facet normal 0 0 -1
    outer loop
      vertex -14.516267485762416 -13.0790482243984 0
      vertex -12.610081306187558 12.85343622247828 0
      vertex -14.480107176607206 -13.000610450286498 0
    endloop
  endfacet
  facet normal 0 0 -1
    outer loop
      vertex -14.480107176607206 -13.000610450286498 0
      vertex -12.610081306187558 12.85343622247828 0
      vertex -14.437904180789502 -12.925251578812457 0
    endloop
  endfacet
  facet normal 0 0 -1
    outer loop
      vertex -14.437904180789502 -12.925251578812457 0
      vertex -12.610081306187558 12.85343622247828 0
      vertex -14.389918693812442 -12.85343622247828 0
    endloop
  endfacet
  facet normal 0 0 -1
    outer loop
      vertex -14.389918693812442 -12.85343622247828 0
      vertex -12.610081306187558 12.85343622247828 0
      vertex -14.336446562160035 -12.785607146836798 0
    endloop
  endfacet
  facet normal 0 0 -1
    outer loop
      vertex -14.336446562160035 -12.785607146836798 0
      vertex -12.610081306187558 12.85343622247828 0
      vertex -14.277817459305203 -12.722182540694797 0
    endloop
  endfacet
  facet normal 0 0 -1
    outer loop
      vertex -14.214392853163202 -12.663553437839965 0
      vertex -14.277817459305203 -12.722182540694797 0
      vertex -12.610081306187558 12.85343622247828 0
    endloop
  endfacet
  facet normal 0 0 -1
    outer loop
      vertex -14.14656377752172 -12.610081306187558 0
      vertex -14.214392853163202 -12.663553437839965 0
      vertex -12.610081306187558 12.85343622247828 0
    endloop
  endfacet
  facet normal 0 0 -1
    outer loop
      vertex -13.413694994699371 -12.40339093289356 0
      vertex -7.391036260090294 -3.0614674589207183 0
      vertex -7.128052193506943 -3.6319239979163744 0
    endloop
  endfacet
  facet normal 0 0 -1
    outer loop
      vertex -13.0790482243984 -12.483732514237584 0
      vertex -6.821121314832738 -4.17998851772759 0
      vertex -6.47213595499958 -4.702282018339785 0
    endloop
  endfacet
  facet normal 0 0 -1
    outer loop
      vertex -12.785607146836798 -12.663553437839965 0
      vertex -6.0832477248002474 -5.195584386641469 0
      vertex -5.656854249492381 -5.656854249492381 0
    endloop
  endfacet
  facet normal 0 0 -1
    outer loop
      vertex -12.925251578812457 -12.562095819210498 0
      vertex -6.47213595499958 -4.702282018339785 0
      vertex -6.0832477248002474 -5.195584386641469 0
    endloop
  endfacet
  facet normal 0 0 -1
    outer loop
      vertex -13.243210099758503 -12.430393087562555 0
      vertex -7.128052193506943 -3.6319239979163744 0
      vertex -6.821121314832738 -4.17998851772759 0
    endloop
  endfacet
  facet normal 0 0 -1
    outer loop
      vertex -13.756789900241497 -12.430393087562555 0
      vertex -7.7789593631814125 -1.8675629108472431 0
      vertex -7.608452130361228 -2.472135954999579 0
    endloop
  endfacet
  facet normal 0 0 -1
    outer loop
      vertex -13.9209517756016 -12.483732514237584 0
      vertex -7.901506724761102 -1.251475720321847 0
      vertex -7.7789593631814125 -1.8675629108472431 0
    endloop
  endfacet
  facet normal 0 0 -1
    outer loop
      vertex -13.586305005300629 -12.40339093289356 0
      vertex -7.608452130361228 -2.472135954999579 0
      vertex -7.391036260090294 -3.0614674589207183 0
    endloop
  endfacet
  facet normal 0 0 -1
    outer loop
      vertex -13.999389549713502 -12.519892823392794 0
      vertex -7.975338669865024 -0.6276727658227595 0
      vertex -7.901506724761102 -1.251475720321847 0
    endloop
  endfacet
  facet normal 0 0 -1
    outer loop
      vertex -14.14656377752172 -12.610081306187558 0
      vertex -8 0 0
      vertex -7.975338669865024 -0.6276727658227595 0
    endloop
  endfacet
  facet normal 0 0 -1
    outer loop
      vertex -16.15 -16.15 0
      vertex -13.586305005300629 -14.59660906710644 0
      vertex 16.15 -16.15 0
    endloop
  endfacet
  facet normal 0 0 -1
    outer loop
      vertex -12.722182540694797 -12.722182540694797 0
      vertex -5.656854249492381 -5.656854249492381 0
      vertex -5.195584386641469 -6.0832477248002474 0
    endloop
  endfacet
  facet normal 0 0 -1
    outer loop
      vertex -4.702282018339785 -6.47213595499958 0
      vertex -4.17998851772759 -6.821121314832738 0
      vertex -12.483732514237584 -13.0790482243984 0
    endloop
  endfacet
  facet normal 0 0 -1
    outer loop
      vertex -5.195584386641469 -6.0832477248002474 0
      vertex -4.702282018339785 -6.47213595499958 0
      vertex -12.562095819210498 -12.925251578812457 0
    endloop
  endfacet
  facet normal 0 0 -1
    outer loop
      vertex -3.6319239979163744 -7.128052193506943 0
      vertex -3.0614674589207183 -7.391036260090294 0
      vertex -12.40339093289356 -13.413694994699371 0
    endloop
  endfacet
  facet normal 0 0 -1
    outer loop
      vertex -4.17998851772759 -6.821121314832738 0
      vertex -3.6319239979163744 -7.128052193506943 0
      vertex -12.430393087562555 -13.243210099758503 0
    endloop
  endfacet
  facet normal 0 0 -1
    outer loop
      vertex -2.472135954999579 -7.608452130361228 0
      vertex -1.8675629108472431 -7.7789593631814125 0
      vertex -12.4 -13.5 0
    endloop
  endfacet
  facet normal 0 0 -1
    outer loop
      vertex -3.0614674589207183 -7.391036260090294 0
      vertex -2.472135954999579 -7.608452130361228 0
      vertex -12.4 -13.5 0
    endloop
  endfacet
  facet normal 0 0 -1
    outer loop
      vertex 16.15 -16.15 0
      vertex -13.586305005300629 -14.59660906710644 0
      vertex -13.5 -14.6 0
    endloop
  endfacet
  facet normal 0 0 -1
    outer loop
      vertex 16.15 -16.15 0
      vertex -13.5 -14.6 0
      vertex -13.413694994699371 -14.59660906710644 0
    endloop
  endfacet
  facet normal 0 0 -1
    outer loop
      vertex 16.15 -16.15 0
      vertex -13.413694994699371 -14.59660906710644 0
      vertex -13.327922088455747 -14.586457174654651 0
    endloop
  endfacet
  facet normal 0 0 -1
    outer loop
      vertex 16.15 -16.15 0
      vertex -13.327922088455747 -14.586457174654651 0
      vertex -13.243210099758503 -14.569606912437445 0
    endloop
  endfacet
  facet normal 0 0 -1
    outer loop
      vertex 16.15 -16.15 0
      vertex -13.243210099758503 -14.569606912437445 0
      vertex -13.160081306187557 -14.546162167924669 0
    endloop
  endfacet
  facet normal 0 0 -1
    outer loop
      vertex 16.15 -16.15 0
      vertex -13.160081306187557 -14.546162167924669 0
      vertex -13.0790482243984 -14.516267485762416 0
    endloop
  endfacet
  facet normal 0 0 -1
    outer loop
      vertex 16.15 -16.15 0
      vertex -13.0790482243984 -14.516267485762416 0
      vertex -13.000610450286498 -14.480107176607206 0
    endloop
  endfacet
  facet normal 0 0 -1
    outer loop
      vertex 16.15 -16.15 0
      vertex -13.000610450286498 -14.480107176607206 0
      vertex -12.925251578812457 -14.437904180789502 0
    endloop
  endfacet
  facet normal 0 0 -1
    outer loop
      vertex 16.15 -16.15 0
      vertex -12.925251578812457 -14.437904180789502 0
      vertex -12.85343622247828 -14.389918693812442 0
    endloop
  endfacet
  facet normal 0 0 -1
    outer loop
      vertex 16.15 -16.15 0
      vertex -12.85343622247828 -14.389918693812442 0
      vertex -12.785607146836798 -14.336446562160035 0
    endloop
  endfacet
  facet normal 0 0 -1
    outer loop
      vertex 16.15 -16.15 0
      vertex -12.785607146836798 -14.336446562160035 0
      vertex -12.722182540694797 -14.277817459305203 0
    endloop
  endfacet
  facet normal 0 0 -1
    outer loop
      vertex 16.15 -16.15 0
      vertex -12.722182540694797 -14.277817459305203 0
      vertex -12.663553437839965 -14.214392853163202 0
    endloop
  endfacet
  facet normal 0 0 -1
    outer loop
      vertex 16.15 -16.15 0
      vertex -12.663553437839965 -14.214392853163202 0
      vertex -12.610081306187558 -14.14656377752172 0
    endloop
  endfacet
  facet normal 0 0 -1
    outer loop
      vertex 16.15 -16.15 0
      vertex -12.610081306187558 -14.14656377752172 0
      vertex -12.562095819210498 -14.074748421187543 0
    endloop
  endfacet
  facet normal 0 0 -1
    outer loop
      vertex 16.15 -16.15 0
      vertex -12.562095819210498 -14.074748421187543 0
      vertex -12.519892823392794 -13.999389549713502 0
    endloop
  endfacet
  facet normal 0 0 -1
    outer loop
      vertex 16.15 -16.15 0
      vertex -12.519892823392794 -13.999389549713502 0
      vertex -12.483732514237584 -13.9209517756016 0
    endloop
  endfacet
  facet normal 0 0 -1
    outer loop
      vertex 16.15 -16.15 0
      vertex -12.483732514237584 -13.9209517756016 0
      vertex -12.453837832075331 -13.839918693812443 0
    endloop
  endfacet
  facet normal 0 0 -1
    outer loop
      vertex 16.15 -16.15 0
      vertex -12.453837832075331 -13.839918693812443 0
      vertex -12.430393087562555 -13.756789900241497 0
    endloop
  endfacet
  facet normal 0 0 -1
    outer loop
      vertex 16.15 -16.15 0
      vertex -12.430393087562555 -13.756789900241497 0
      vertex -12.413542825345349 -13.672077911544253 0
    endloop
  endfacet
  facet normal 0 0 -1
    outer loop
      vertex 16.15 -16.15 0
      vertex -12.413542825345349 -13.672077911544253 0
      vertex -12.40339093289356 -13.586305005300629 0
    endloop
  endfacet
  facet normal 0 0 -1
    outer loop
      vertex 16.15 -16.15 0
      vertex -12.40339093289356 -13.586305005300629 0
      vertex -12.4 -13.5 0
    endloop
  endfacet
  facet normal 0 0 -1
    outer loop
      vertex -1.8675629108472431 -7.7789593631814125 0
      vertex 12.4 -13.5 0
      vertex -12.4 -13.5 0
    endloop
  endfacet
  facet normal 0 0 1
    outer loop
      vertex -16.15 -16.15 0.5
      vertex -14.437904180789502 -14.074748421187543 0.5
      vertex -14.480107176607206 -13.999389549713502 0.5
    endloop
  endfacet
  facet normal 0 0 1
    outer loop
      vertex -16.15 -16.15 0.5
      vertex -14.480107176607206 -13.999389549713502 0.5
      vertex -14.516267485762416 -13.9209517756016 0.5
    endloop
  endfacet
  facet normal 0 0 1
    outer loop
      vertex -16.15 -16.15 0.5
      vertex -14.516267485762416 -13.9209517756016 0.5
      vertex -14.546162167924669 -13.839918693812443 0.5
    endloop
  endfacet
  facet normal 0 0 1
    outer loop
      vertex -16.15 -16.15 0.5
      vertex -14.336446562160035 -14.214392853163202 0.5
      vertex -14.389918693812442 -14.14656377752172 0.5
    endloop
  endfacet
  facet normal 0 0 1
    outer loop
      vertex -16.15 -16.15 0.5
      vertex -14.389918693812442 -14.14656377752172 0.5
      vertex -14.437904180789502 -14.074748421187543 0.5
    endloop
  endfacet
  facet normal 0 0 1
    outer loop
      vertex -16.15 -16.15 0.5
      vertex -14.277817459305203 -14.277817459305203 0.5
      vertex -14.336446562160035 -14.214392853163202 0.5
    endloop
  endfacet
  facet normal 0 0 1
    outer loop
      vertex -16.15 -16.15 0.5
      vertex -14.14656377752172 -14.389918693812442 0.5
      vertex -14.214392853163202 -14.336446562160035 0.5
    endloop
  endfacet
  facet normal 0 0 1
    outer loop
      vertex -16.15 -16.15 0.5
      vertex -14.214392853163202 -14.336446562160035 0.5
      vertex -14.277817459305203 -14.277817459305203 0.5
    endloop
  endfacet
  facet normal 0 0 1
    outer loop
      vertex -16.15 -16.15 0.5
      vertex -14.074748421187543 -14.437904180789502 0.5
      vertex -14.14656377752172 -14.389918693812442 0.5
    endloop
  endfacet
  facet normal 0 0 1
    outer loop
      vertex -16.15 -16.15 0.5
      vertex -13.999389549713502 -14.480107176607206 0.5
      vertex -14.074748421187543 -14.437904180789502 0.5
    endloop
  endfacet
  facet normal 0 0 1
    outer loop
      vertex -16.15 -16.15 0.5
      vertex -13.9209517756016 -14.516267485762416 0.5
      vertex -13.999389549713502 -14.480107176607206 0.5
    endloop
  endfacet
  facet normal 0 0 1
    outer loop
      vertex -16.15 -16.15 0.5
      vertex -13.839918693812443 -14.546162167924669 0.5
      vertex -13.9209517756016 -14.516267485762416 0.5
    endloop
  endfacet
  facet normal 0 0 1
    outer loop
      vertex -16.15 -16.15 0.5
      vertex -14.546162167924669 -13.839918693812443 0.5
      vertex -14.569606912437445 -13.756789900241497 0.5
    endloop
  endfacet
  facet normal 0 0 1
    outer loop
      vertex -16.15 -16.15 0.5
      vertex -14.569606912437445 -13.756789900241497 0.5
      vertex -14.586457174654651 -13.672077911544253 0.5
    endloop
  endfacet
  facet normal 0 0 1
    outer loop
      vertex -16.15 -16.15 0.5
      vertex -14.586457174654651 -13.672077911544253 0.5
      vertex -14.59660906710644 -13.586305005300629 0.5
    endloop
  endfacet
  facet normal 0 0 1
    outer loop
      vertex -16.15 -16.15 0.5
      vertex -14.59660906710644 -13.586305005300629 0.5
      vertex -14.6 -13.5 0.5
    endloop
  endfacet
  facet normal 0 0 1
    outer loop
      vertex -16.15 -16.15 0.5
      vertex -14.6 -13.5 0.5
      vertex -14.59660906710644 -13.413694994699371 0.5
    endloop
  endfacet
  facet normal 0 0 1
    outer loop
      vertex -16.15 -16.15 0.5
      vertex -14.59660906710644 -13.413694994699371 0.5
      vertex -14.586457174654651 -13.327922088455747 0.5
    endloop
  endfacet
  facet normal 0 0 1
    outer loop
      vertex -16.15 -16.15 0.5
      vertex -14.586457174654651 -13.327922088455747 0.5
      vertex -14.569606912437445 -13.243210099758503 0.5
    endloop
  endfacet
  facet normal 0 0 1
    outer loop
      vertex -16.15 -16.15 0.5
      vertex -14.569606912437445 -13.243210099758503 0.5
      vertex -14.546162167924669 -13.160081306187557 0.5
    endloop
  endfacet
  facet normal 0 0 1
    outer loop
      vertex -16.15 -16.15 0.5
      vertex -13.756789900241497 -14.569606912437445 0.5
      vertex -13.839918693812443 -14.546162167924669 0.5
    endloop
  endfacet
  facet normal 0 0 1
    outer loop
      vertex -16.15 -16.15 0.5
      vertex -13.672077911544253 -14.586457174654651 0.5
      vertex -13.756789900241497 -14.569606912437445 0.5
    endloop
  endfacet
  facet normal 0 0 1
    outer loop
      vertex -16.15 -16.15 0.5
      vertex -13.586305005300629 -14.59660906710644 0.5
      vertex -13.672077911544253 -14.586457174654651 0.5
    endloop
  endfacet
  facet normal 0 0 1
    outer loop
      vertex -16.15 -16.15 0.5
      vertex -13.5 -14.6 0.5
      vertex -13.586305005300629 -14.59660906710644 0.5
    endloop
  endfacet
  facet normal 0 0 1
    outer loop
      vertex -16.15 -16.15 0.5
      vertex -13.413694994699371 -14.59660906710644 0.5
      vertex -13.5 -14.6 0.5
    endloop
  endfacet
  facet normal 0 0 1
    outer loop
      vertex -16.15 -16.15 0.5
      vertex -13.327922088455747 -14.586457174654651 0.5
      vertex -13.413694994699371 -14.59660906710644 0.5
    endloop
  endfacet
  facet normal 0 0 1
    outer loop
      vertex -16.15 -16.15 0.5
      vertex -13.243210099758503 -14.569606912437445 0.5
      vertex -13.327922088455747 -14.586457174654651 0.5
    endloop
  endfacet
  facet normal 0 0 1
    outer loop
      vertex -16.15 -16.15 0.5
      vertex -13.160081306187557 -14.546162167924669 0.5
      vertex -13.243210099758503 -14.569606912437445 0.5
    endloop
  endfacet
  facet normal 0 0 1
    outer loop
      vertex -16.15 -16.15 0.5
      vertex -14.546162167924669 -13.160081306187557 0.5
      vertex -14.516267485762416 -13.0790482243984 0.5
    endloop
  endfacet
  facet normal 0 0 1
    outer loop
      vertex -16.15 -16.15 0.5
      vertex -14.516267485762416 -13.0790482243984 0.5
      vertex -14.480107176607206 -13.000610450286498 0.5
    endloop
  endfacet
  facet normal 0 0 1
    outer loop
      vertex -16.15 -16.15 0.5
      vertex -13.0790482243984 -14.516267485762416 0.5
      vertex -13.160081306187557 -14.546162167924669 0.5
    endloop
  endfacet
  facet normal 0 0 1
    outer loop
      vertex -16.15 -16.15 0.5
      vertex -13.000610450286498 -14.480107176607206 0.5
      vertex -13.0790482243984 -14.516267485762416 0.5
    endloop
  endfacet
  facet normal 0 0 1
    outer loop
      vertex -16.15 -16.15 0.5
      vertex -14.480107176607206 -13.000610450286498 0.5
      vertex -7.975338669865024 -0.6276727658227595 0.5
    endloop
  endfacet
  facet normal 0 0 1
    outer loop
      vertex -14.437904180789502 -12.925251578812457 0.5
      vertex -7.975338669865024 -0.6276727658227595 0.5
      vertex -14.480107176607206 -13.000610450286498 0.5
    endloop
  endfacet
  facet normal 0 0 1
    outer loop
      vertex -14.389918693812442 -12.85343622247828 0.5
      vertex -7.975338669865024 -0.6276727658227595 0.5
      vertex -14.437904180789502 -12.925251578812457 0.5
    endloop
  endfacet
  facet normal 0 0 1
    outer loop
      vertex -14.336446562160035 -12.785607146836798 0.5
      vertex -7.975338669865024 -0.6276727658227595 0.5
      vertex -14.389918693812442 -12.85343622247828 0.5
    endloop
  endfacet
  facet normal 0 0 1
    outer loop
      vertex -14.277817459305203 -12.722182540694797 0.5
      vertex -7.975338669865024 -0.6276727658227595 0.5
      vertex -14.336446562160035 -12.785607146836798 0.5
    endloop
  endfacet
  facet normal 0 0 1
    outer loop
      vertex -14.277817459305203 -12.722182540694797 0.5
      vertex -14.214392853163202 -12.663553437839965 0.5
      vertex -7.975338669865024 -0.6276727658227595 0.5
    endloop
  endfacet
  facet normal 0 0 1
    outer loop
      vertex -12.925251578812457 -12.562095819210498 0.5
      vertex -12.85343622247828 -12.610081306187558 0.5
      vertex -6.0832477248002474 -5.195584386641469 0.5
    endloop
  endfacet
  facet normal 0 0 1
    outer loop
      vertex -12.562095819210498 -12.925251578812457 0.5
      vertex -5.195584386641469 -6.0832477248002474 0.5
      vertex -12.610081306187558 -12.85343622247828 0.5
    endloop
  endfacet
  facet normal 0 0 1
    outer loop
      vertex -12.663553437839965 -12.785607146836798 0.5
      vertex -5.656854249492381 -5.656854249492381 0.5
      vertex -12.722182540694797 -12.722182540694797 0.5
    endloop
  endfacet
  facet normal 0 0 1
    outer loop
      vertex -12.85343622247828 -12.610081306187558 0.5
      vertex -12.785607146836798 -12.663553437839965 0.5
      vertex -6.0832477248002474 -5.195584386641469 0.5
    endloop
  endfacet
  facet normal 0 0 1
    outer loop
      vertex -12.785607146836798 -12.663553437839965 0.5
      vertex -12.722182540694797 -12.722182540694797 0.5
      vertex -6.0832477248002474 -5.195584386641469 0.5
    endloop
  endfacet
  facet normal 0 0 1
    outer loop
      vertex -12.610081306187558 -12.85343622247828 0.5
      vertex -5.656854249492381 -5.656854249492381 0.5
      vertex -12.663553437839965 -12.785607146836798 0.5
    endloop
  endfacet
  facet normal 0 0 1
    outer loop
      vertex -13.672077911544253 -12.413542825345349 0.5
      vertex -13.586305005300629 -12.40339093289356 0.5
      vertex -7.608452130361228 -2.472135954999579 0.5
    endloop
  endfacet
  facet normal 0 0 1
    outer loop
      vertex -13.586305005300629 -12.40339093289356 0.5
      vertex -13.5 -12.4 0.5
      vertex -7.391036260090294 -3.0614674589207183 0.5
    endloop
  endfacet
  facet normal 0 0 1
    outer loop
      vertex -13.5 -12.4 0.5
      vertex -13.413694994699371 -12.40339093289356 0.5
      vertex -7.391036260090294 -3.0614674589207183 0.5
    endloop
  endfacet
  facet normal 0 0 1
    outer loop
      vertex -13.413694994699371 -12.40339093289356 0.5
      vertex -13.327922088455747 -12.413542825345349 0.5
      vertex -7.128052193506943 -3.6319239979163744 0.5
    endloop
  endfacet
  facet normal 0 0 1
    outer loop
      vertex -13.327922088455747 -12.413542825345349 0.5
      vertex -13.243210099758503 -12.430393087562555 0.5
      vertex -7.128052193506943 -3.6319239979163744 0.5
    endloop
  endfacet
  facet normal 0 0 1
    outer loop
      vertex -14.214392853163202 -12.663553437839965 0.5
      vertex -14.14656377752172 -12.610081306187558 0.5
      vertex -7.975338669865024 -0.6276727658227595 0.5
    endloop
  endfacet
  facet normal 0 0 1
    outer loop
      vertex -14.14656377752172 -12.610081306187558 0.5
      vertex -14.074748421187543 -12.562095819210498 0.5
      vertex -7.975338669865024 -0.6276727658227595 0.5
    endloop
  endfacet
  facet normal 0 0 1
    outer loop
      vertex -13.999389549713502 -12.519892823392794 0.5
      vertex -13.9209517756016 -12.483732514237584 0.5
      vertex -7.901506724761102 -1.251475720321847 0.5
    endloop
  endfacet
  facet normal 0 0 1
    outer loop
      vertex -13.9209517756016 -12.483732514237584 0.5
      vertex -13.839918693812443 -12.453837832075331 0.5
      vertex -7.901506724761102 -1.251475720321847 0.5
    endloop
  endfacet
  facet normal 0 0 1
    outer loop
      vertex -13.839918693812443 -12.453837832075331 0.5
      vertex -13.756789900241497 -12.430393087562555 0.5
      vertex -7.7789593631814125 -1.8675629108472431 0.5
    endloop
  endfacet
  facet normal 0 0 1
    outer loop
      vertex -13.756789900241497 -12.430393087562555 0.5
      vertex -13.672077911544253 -12.413542825345349 0.5
      vertex -7.7789593631814125 -1.8675629108472431 0.5
    endloop
  endfacet
  facet normal 0 0 1
    outer loop
      vertex -14.074748421187543 -12.562095819210498 0.5
      vertex -13.999389549713502 -12.519892823392794 0.5
      vertex -7.975338669865024 -0.6276727658227595 0.5
    endloop
  endfacet
  facet normal 0 0 1
    outer loop
      vertex -13.243210099758503 -12.430393087562555 0.5
      vertex -13.160081306187557 -12.453837832075331 0.5
      vertex -6.821121314832738 -4.17998851772759 0.5
    endloop
  endfacet
  facet normal 0 0 1
    outer loop
      vertex -13.160081306187557 -12.453837832075331 0.5
      vertex -13.0790482243984 -12.483732514237584 0.5
      vertex -6.821121314832738 -4.17998851772759 0.5
    endloop
  endfacet
  facet normal 0 0 1
    outer loop
      vertex -13.000610450286498 -12.519892823392794 0.5
      vertex -12.925251578812457 -12.562095819210498 0.5
      vertex -6.47213595499958 -4.702282018339785 0.5
    endloop
  endfacet
  facet normal 0 0 1
    outer loop
      vertex -13.0790482243984 -12.483732514237584 0.5
      vertex -13.000610450286498 -12.519892823392794 0.5
      vertex -6.47213595499958 -4.702282018339785 0.5
    endloop
  endfacet
  facet normal 0 0 1
    outer loop
      vertex -12.4 -13.5 0.5
      vertex -4.17998851772759 -6.821121314832738 0.5
      vertex -12.40339093289356 -13.413694994699371 0.5
    endloop
  endfacet
  facet normal 0 0 1
    outer loop
      vertex -12.413542825345349 -13.327922088455747 0.5
      vertex -4.702282018339785 -6.47213595499958 0.5
      vertex -12.430393087562555 -13.243210099758503 0.5
    endloop
  endfacet
  facet normal 0 0 1
    outer loop
      vertex -12.430393087562555 -13.243210099758503 0.5
      vertex -4.702282018339785 -6.47213595499958 0.5
      vertex -12.453837832075331 -13.160081306187557 0.5
    endloop
  endfacet
  facet normal 0 0 1
    outer loop
      vertex -12.453837832075331 -13.160081306187557 0.5
      vertex -5.195584386641469 -6.0832477248002474 0.5
      vertex -12.483732514237584 -13.0790482243984 0.5
    endloop
  endfacet
  facet normal 0 0 1
    outer loop
      vertex -12.483732514237584 -13.0790482243984 0.5
      vertex -5.195584386641469 -6.0832477248002474 0.5
      vertex -12.519892823392794 -13.000610450286498 0.5
    endloop
  endfacet
  facet normal 0 0 1
    outer loop
      vertex -12.519892823392794 -13.000610450286498 0.5
      vertex -5.195584386641469 -6.0832477248002474 0.5
      vertex -12.562095819210498 -12.925251578812457 0.5
    endloop
  endfacet
  facet normal 0 0 1
    outer loop
      vertex -12.40339093289356 -13.413694994699371 0.5
      vertex -4.702282018339785 -6.47213595499958 0.5
      vertex -12.413542825345349 -13.327922088455747 0.5
    endloop
  endfacet
  facet normal -1 0 0
    outer loop
      vertex -16.15 -16.15 0
      vertex -16.15 -16.15 0.5
      vertex -16.15 16.15 0.5
    endloop
  endfacet
  facet normal 0 0 1
    outer loop
      vertex -16.15 -16.15 0.5
      vertex -7.901506724761102 1.251475720321847 0.5
      vertex -13.9209517756016 12.483732514237584 0.5
    endloop
  endfacet
  facet normal 0 0 1
    outer loop
      vertex -16.15 -16.15 0.5
      vertex -7.975338669865024 -0.6276727658227595 0.5
      vertex -8 0 0.5
    endloop
  endfacet
  facet normal 0 0 1
    outer loop
      vertex -16.15 -16.15 0.5
      vertex -8 0 0.5
      vertex -7.975338669865024 0.6276727658227595 0.5
    endloop
  endfacet
  facet normal 0 0 1
    outer loop
      vertex -16.15 -16.15 0.5
      vertex -7.975338669865024 0.6276727658227595 0.5
      vertex -7.901506724761102 1.251475720321847 0.5
    endloop
  endfacet
  facet normal 0 0 1
    outer loop
      vertex -13.413694994699371 -12.40339093289356 0.5
      vertex -7.128052193506943 -3.6319239979163744 0.5
      vertex -7.391036260090294 -3.0614674589207183 0.5
    endloop
  endfacet
  facet normal 0 0 1
    outer loop
      vertex -13.0790482243984 -12.483732514237584 0.5
      vertex -6.47213595499958 -4.702282018339785 0.5
      vertex -6.821121314832738 -4.17998851772759 0.5
    endloop
  endfacet
  facet normal 0 0 1
    outer loop
      vertex -6.0832477248002474 -5.195584386641469 0.5
      vertex -12.722182540694797 -12.722182540694797 0.5
      vertex -5.656854249492381 -5.656854249492381 0.5
    endloop
  endfacet
  facet normal 0 0 1
    outer loop
      vertex -12.925251578812457 -12.562095819210498 0.5
      vertex -6.0832477248002474 -5.195584386641469 0.5
      vertex -6.47213595499958 -4.702282018339785 0.5
    endloop
  endfacet
  facet normal 0 0 1
    outer loop
      vertex -13.243210099758503 -12.430393087562555 0.5
      vertex -6.821121314832738 -4.17998851772759 0.5
      vertex -7.128052193506943 -3.6319239979163744 0.5
    endloop
  endfacet
  facet normal 0 0 1
    outer loop
      vertex -7.7789593631814125 -1.8675629108472431 0.5
      vertex -13.672077911544253 -12.413542825345349 0.5
      vertex -7.608452130361228 -2.472135954999579 0.5
    endloop
  endfacet
  facet normal 0 0 1
    outer loop
      vertex -13.839918693812443 -12.453837832075331 0.5
      vertex -7.7789593631814125 -1.8675629108472431 0.5
      vertex -7.901506724761102 -1.251475720321847 0.5
    endloop
  endfacet
  facet normal 0 0 1
    outer loop
      vertex -13.586305005300629 -12.40339093289356 0.5
      vertex -7.391036260090294 -3.0614674589207183 0.5
      vertex -7.608452130361228 -2.472135954999579 0.5
    endloop
  endfacet
  facet normal 0 0 1
    outer loop
      vertex -13.999389549713502 -12.519892823392794 0.5
      vertex -7.901506724761102 -1.251475720321847 0.5
      vertex -7.975338669865024 -0.6276727658227595 0.5
    endloop
  endfacet
  facet normal 0 -1 0
    outer loop
      vertex -16.15 -16.15 0
      vertex 16.15 -16.15 0.5
      vertex -16.15 -16.15 0.5
    endloop
  endfacet
  facet normal 0 0 1
    outer loop
      vertex -16.15 -16.15 0.5
      vertex 12.4 -13.5 0.5
      vertex -13.000610450286498 -14.480107176607206 0.5
    endloop
  endfacet
  facet normal 0 0 1
    outer loop
      vertex -12.925251578812457 -14.437904180789502 0.5
      vertex -13.000610450286498 -14.480107176607206 0.5
      vertex 12.4 -13.5 0.5
    endloop
  endfacet
  facet normal 0 0 1
    outer loop
      vertex -12.85343622247828 -14.389918693812442 0.5
      vertex -12.925251578812457 -14.437904180789502 0.5
      vertex 12.4 -13.5 0.5
    endloop
  endfacet
  facet normal 0 0 1
    outer loop
      vertex -12.785607146836798 -14.336446562160035 0.5
      vertex -12.85343622247828 -14.389918693812442 0.5
      vertex 12.4 -13.5 0.5
    endloop
  endfacet
  facet normal 0 0 1
    outer loop
      vertex -12.722182540694797 -14.277817459305203 0.5
      vertex -12.785607146836798 -14.336446562160035 0.5
      vertex 12.4 -13.5 0.5
    endloop
  endfacet
  facet normal 0 0 1
    outer loop
      vertex -12.722182540694797 -14.277817459305203 0.5
      vertex 12.4 -13.5 0.5
      vertex -12.663553437839965 -14.214392853163202 0.5
    endloop
  endfacet
  facet normal 0 0 1
    outer loop
      vertex -12.663553437839965 -14.214392853163202 0.5
      vertex 12.4 -13.5 0.5
      vertex -12.610081306187558 -14.14656377752172 0.5
    endloop
  endfacet
  facet normal 0 0 1
    outer loop
      vertex -12.610081306187558 -14.14656377752172 0.5
      vertex 12.4 -13.5 0.5
      vertex -12.562095819210498 -14.074748421187543 0.5
    endloop
  endfacet
  facet normal 0 0 1
    outer loop
      vertex -12.562095819210498 -14.074748421187543 0.5
      vertex 12.4 -13.5 0.5
      vertex -12.519892823392794 -13.999389549713502 0.5
    endloop
  endfacet
  facet normal 0 0 1
    outer loop
      vertex -12.519892823392794 -13.999389549713502 0.5
      vertex 12.4 -13.5 0.5
      vertex -12.483732514237584 -13.9209517756016 0.5
    endloop
  endfacet
  facet normal 0 0 1
    outer loop
      vertex -12.483732514237584 -13.9209517756016 0.5
      vertex 12.4 -13.5 0.5
      vertex -12.453837832075331 -13.839918693812443 0.5
    endloop
  endfacet
  facet normal 0 0 1
    outer loop
      vertex -12.453837832075331 -13.839918693812443 0.5
      vertex 12.4 -13.5 0.5
      vertex -12.430393087562555 -13.756789900241497 0.5
    endloop
  endfacet
  facet normal 0 0 1
    outer loop
      vertex -12.430393087562555 -13.756789900241497 0.5
      vertex 12.4 -13.5 0.5
      vertex -12.413542825345349 -13.672077911544253 0.5
    endloop
  endfacet
  facet normal 0 0 1
    outer loop
      vertex -12.413542825345349 -13.672077911544253 0.5
      vertex 12.4 -13.5 0.5
      vertex -12.40339093289356 -13.586305005300629 0.5
    endloop
  endfacet
  facet normal 0 0 1
    outer loop
      vertex -12.40339093289356 -13.586305005300629 0.5
      vertex 12.4 -13.5 0.5
      vertex -12.4 -13.5 0.5
    endloop
  endfacet
  facet normal 0 0 1
    outer loop
      vertex -5.195584386641469 -6.0832477248002474 0.5
      vertex -5.656854249492381 -5.656854249492381 0.5
      vertex -12.610081306187558 -12.85343622247828 0.5
    endloop
  endfacet
  facet normal 0 0 1
    outer loop
      vertex -4.17998851772759 -6.821121314832738 0.5
      vertex -4.702282018339785 -6.47213595499958 0.5
      vertex -12.40339093289356 -13.413694994699371 0.5
    endloop
  endfacet
  facet normal 0 0 1
    outer loop
      vertex -4.702282018339785 -6.47213595499958 0.5
      vertex -5.195584386641469 -6.0832477248002474 0.5
      vertex -12.453837832075331 -13.160081306187557 0.5
    endloop
  endfacet
  facet normal 0 0 1
    outer loop
      vertex -3.6319239979163744 -7.128052193506943 0.5
      vertex -4.17998851772759 -6.821121314832738 0.5
      vertex -12.4 -13.5 0.5
    endloop
  endfacet
  facet normal 0 0 1
    outer loop
      vertex -3.0614674589207183 -7.391036260090294 0.5
      vertex -3.6319239979163744 -7.128052193506943 0.5
      vertex -12.4 -13.5 0.5
    endloop
  endfacet
  facet normal 0 0 1
    outer loop
      vertex -1.8675629108472431 -7.7789593631814125 0.5
      vertex -2.472135954999579 -7.608452130361228 0.5
      vertex -12.4 -13.5 0.5
    endloop
  endfacet
  facet normal 0 0 1
    outer loop
      vertex -2.472135954999579 -7.608452130361228 0.5
      vertex -3.0614674589207183 -7.391036260090294 0.5
      vertex -12.4 -13.5 0.5
    endloop
  endfacet
  facet normal 0 0 1
    outer loop
      vertex -1.251475720321847 -7.901506724761102 0.5
      vertex -1.8675629108472431 -7.7789593631814125 0.5
      vertex -12.4 -13.5 0.5
    endloop
  endfacet
  facet normal 0 0 1
    outer loop
      vertex -0.6276727658227595 -7.975338669865024 0.5
      vertex -1.251475720321847 -7.901506724761102 0.5
      vertex -12.4 -13.5 0.5
    endloop
  endfacet
  facet normal 0 0 1
    outer loop
      vertex 0 -8 0.5
      vertex -0.6276727658227595 -7.975338669865024 0.5
      vertex -12.4 -13.5 0.5
    endloop
  endfacet
  facet normal 0 0 1
    outer loop
      vertex -12.4 -13.5 0.5
      vertex 0.6276727658227595 -7.975338669865024 0.5
      vertex 0 -8 0.5
    endloop
  endfacet
  facet normal 0 0 1
    outer loop
      vertex -12.4 -13.5 0.5
      vertex 1.251475720321847 -7.901506724761102 0.5
      vertex 0.6276727658227595 -7.975338669865024 0.5
    endloop
  endfacet
  facet normal 0 0 1
    outer loop
      vertex -12.4 -13.5 0.5
      vertex 1.8675629108472431 -7.7789593631814125 0.5
      vertex 1.251475720321847 -7.901506724761102 0.5
    endloop
  endfacet
  facet normal 0 0 -1
    outer loop
      vertex -16.15 -16.15 0
      vertex -14.14656377752172 12.610081306187558 0
      vertex -14.074748421187543 12.562095819210498 0
    endloop
  endfacet
  facet normal 0 0 -1
    outer loop
      vertex -16.15 -16.15 0
      vertex -14.074748421187543 12.562095819210498 0
      vertex -13.999389549713502 12.519892823392794 0
    endloop
  endfacet
  facet normal 0 0 -1
    outer loop
      vertex -16.15 -16.15 0
      vertex -13.999389549713502 12.519892823392794 0
      vertex -13.9209517756016 12.483732514237584 0
    endloop
  endfacet
  facet normal 0 0 -1
    outer loop
      vertex -16.15 -16.15 0
      vertex -13.9209517756016 12.483732514237584 0
      vertex -13.839918693812443 12.453837832075331 0
    endloop
  endfacet
  facet normal 0 0 -1
    outer loop
      vertex -16.15 -16.15 0
      vertex -13.756789900241497 12.430393087562555 0
      vertex -13.672077911544253 12.413542825345349 0
    endloop
  endfacet
  facet normal 0 0 -1
    outer loop
      vertex -16.15 -16.15 0
      vertex -13.839918693812443 12.453837832075331 0
      vertex -13.756789900241497 12.430393087562555 0
    endloop
  endfacet
  facet normal 0 0 -1
    outer loop
      vertex -16.15 -16.15 0
      vertex -13.672077911544253 12.413542825345349 0
      vertex -13.586305005300629 12.40339093289356 0
    endloop
  endfacet
  facet normal 0 0 -1
    outer loop
      vertex -16.15 -16.15 0
      vertex -13.586305005300629 12.40339093289356 0
      vertex -13.5 12.4 0
    endloop
  endfacet
  facet normal 0 0 -1
    outer loop
      vertex -16.15 -16.15 0
      vertex -13.5 12.4 0
      vertex -13.413694994699371 12.40339093289356 0
    endloop
  endfacet
  facet normal 0 0 -1
    outer loop
      vertex -16.15 -16.15 0
      vertex -13.413694994699371 12.40339093289356 0
      vertex -13.327922088455747 12.413542825345349 0
    endloop
  endfacet
  facet normal 0 0 -1
    outer loop
      vertex -16.15 -16.15 0
      vertex -13.327922088455747 12.413542825345349 0
      vertex -13.243210099758503 12.430393087562555 0
    endloop
  endfacet
  facet normal 0 0 -1
    outer loop
      vertex -16.15 -16.15 0
      vertex -13.243210099758503 12.430393087562555 0
      vertex -13.160081306187557 12.453837832075331 0
    endloop
  endfacet
  facet normal 0 0 -1
    outer loop
      vertex -16.15 -16.15 0
      vertex -14.480107176607206 13.000610450286498 0
      vertex -14.437904180789502 12.925251578812457 0
    endloop
  endfacet
  facet normal 0 0 -1
    outer loop
      vertex -16.15 -16.15 0
      vertex -14.336446562160035 12.785607146836798 0
      vertex -14.277817459305203 12.722182540694797 0
    endloop
  endfacet
  facet normal 0 0 -1
    outer loop
      vertex -16.15 -16.15 0
      vertex -14.437904180789502 12.925251578812457 0
      vertex -14.389918693812442 12.85343622247828 0
    endloop
  endfacet
  facet normal 0 0 -1
    outer loop
      vertex -16.15 -16.15 0
      vertex -14.389918693812442 12.85343622247828 0
      vertex -14.336446562160035 12.785607146836798 0
    endloop
  endfacet
  facet normal 0 0 -1
    outer loop
      vertex -16.15 -16.15 0
      vertex -14.516267485762416 13.0790482243984 0
      vertex -14.480107176607206 13.000610450286498 0
    endloop
  endfacet
  facet normal 0 0 -1
    outer loop
      vertex -16.15 -16.15 0
      vertex -14.546162167924669 13.160081306187557 0
      vertex -14.516267485762416 13.0790482243984 0
    endloop
  endfacet
  facet normal 0 0 -1
    outer loop
      vertex -16.15 -16.15 0
      vertex -14.569606912437445 13.243210099758503 0
      vertex -14.546162167924669 13.160081306187557 0
    endloop
  endfacet
  facet normal 0 0 -1
    outer loop
      vertex -16.15 -16.15 0
      vertex -14.59660906710644 13.413694994699371 0
      vertex -14.586457174654651 13.327922088455747 0
    endloop
  endfacet
  facet normal 0 0 -1
    outer loop
      vertex -16.15 -16.15 0
      vertex -14.586457174654651 13.327922088455747 0
      vertex -14.569606912437445 13.243210099758503 0
    endloop
  endfacet
  facet normal 0 0 -1
    outer loop
      vertex -16.15 -16.15 0
      vertex -14.277817459305203 12.722182540694797 0
      vertex -14.214392853163202 12.663553437839965 0
    endloop
  endfacet
  facet normal 0 0 -1
    outer loop
      vertex -16.15 -16.15 0
      vertex -14.214392853163202 12.663553437839965 0
      vertex -14.14656377752172 12.610081306187558 0
    endloop
  endfacet
  facet normal 0 0 -1
    outer loop
      vertex -16.15 -16.15 0
      vertex -14.6 13.5 0
      vertex -14.59660906710644 13.413694994699371 0
    endloop
  endfacet
  facet normal 0 0 -1
    outer loop
      vertex -16.15 -16.15 0
      vertex -13.160081306187557 12.453837832075331 0
      vertex -13.0790482243984 12.483732514237584 0
    endloop
  endfacet
  facet normal 0 0 -1
    outer loop
      vertex -16.15 -16.15 0
      vertex -13.0790482243984 12.483732514237584 0
      vertex -13.000610450286498 12.519892823392794 0
    endloop
  endfacet
  facet normal 0 0 -1
    outer loop
      vertex -16.15 -16.15 0
      vertex -13.000610450286498 12.519892823392794 0
      vertex -12.925251578812457 12.562095819210498 0
    endloop
  endfacet
  facet normal 0 0 -1
    outer loop
      vertex -16.15 -16.15 0
      vertex -12.925251578812457 12.562095819210498 0
      vertex -12.85343622247828 12.610081306187558 0
    endloop
  endfacet
  facet normal 0 0 -1
    outer loop
      vertex -16.15 -16.15 0
      vertex -12.85343622247828 12.610081306187558 0
      vertex -12.785607146836798 12.663553437839965 0
    endloop
  endfacet
  facet normal 0 0 -1
    outer loop
      vertex -16.15 -16.15 0
      vertex -12.785607146836798 12.663553437839965 0
      vertex -12.722182540694797 12.722182540694797 0
    endloop
  endfacet
  facet normal 0 0 -1
    outer loop
      vertex -16.15 -16.15 0
      vertex -12.722182540694797 12.722182540694797 0
      vertex -12.663553437839965 12.785607146836798 0
    endloop
  endfacet
  facet normal 0 0 -1
    outer loop
      vertex -16.15 -16.15 0
      vertex -12.663553437839965 12.785607146836798 0
      vertex -12.610081306187558 12.85343622247828 0
    endloop
  endfacet
  facet normal 0 0 -1
    outer loop
      vertex -16.15 -16.15 0
      vertex -16.15 16.15 0
      vertex -14.6 13.5 0
    endloop
  endfacet
  facet normal 0 0 -1
    outer loop
      vertex -14.14656377752172 -12.610081306187558 0
      vertex -12.610081306187558 12.85343622247828 0
      vertex -8 0 0
    endloop
  endfacet
  facet normal 0 0 -1
    outer loop
      vertex -8 0 0
      vertex -12.610081306187558 12.85343622247828 0
      vertex -7.975338669865024 0.6276727658227595 0
    endloop
  endfacet
  facet normal 0 0 -1
    outer loop
      vertex -7.975338669865024 0.6276727658227595 0
      vertex -12.610081306187558 12.85343622247828 0
      vertex -7.901506724761102 1.251475720321847 0
    endloop
  endfacet
  facet normal 0 0 -1
    outer loop
      vertex -7.901506724761102 1.251475720321847 0
      vertex -12.610081306187558 12.85343622247828 0
      vertex -7.7789593631814125 1.8675629108472431 0
    endloop
  endfacet
  facet normal 0 0 -1
    outer loop
      vertex -7.7789593631814125 1.8675629108472431 0
      vertex -12.610081306187558 12.85343622247828 0
      vertex -7.608452130361228 2.472135954999579 0
    endloop
  endfacet
  facet normal 0 0 -1
    outer loop
      vertex -7.608452130361228 2.472135954999579 0
      vertex -12.610081306187558 12.85343622247828 0
      vertex -7.391036260090294 3.0614674589207183 0
    endloop
  endfacet
  facet normal 0 0 -1
    outer loop
      vertex -7.391036260090294 3.0614674589207183 0
      vertex -12.610081306187558 12.85343622247828 0
      vertex -7.128052193506943 3.6319239979163744 0
    endloop
  endfacet
  facet normal 0 0 -1
    outer loop
      vertex -7.128052193506943 3.6319239979163744 0
      vertex -12.610081306187558 12.85343622247828 0
      vertex -6.821121314832738 4.17998851772759 0
    endloop
  endfacet
  facet normal 0 0 -1
    outer loop
      vertex -6.821121314832738 4.17998851772759 0
      vertex -12.610081306187558 12.85343622247828 0
      vertex -6.47213595499958 4.702282018339785 0
    endloop
  endfacet
  facet normal 0 0 -1
    outer loop
      vertex -6.47213595499958 4.702282018339785 0
      vertex -12.610081306187558 12.85343622247828 0
      vertex -6.0832477248002474 5.195584386641469 0
    endloop
  endfacet
  facet normal 0 0 -1
    outer loop
      vertex -6.0832477248002474 5.195584386641469 0
      vertex -12.610081306187558 12.85343622247828 0
      vertex -5.656854249492381 5.656854249492381 0
    endloop
  endfacet
  facet normal -1 0 0
    outer loop
      vertex -16.15 -16.15 0
      vertex -16.15 16.15 0.5
      vertex -16.15 16.15 0
    endloop
  endfacet
  facet normal 0 0 -1
    outer loop
      vertex -16.15 16.15 0
      vertex -14.59660906710644 13.586305005300629 0
      vertex -14.6 13.5 0
    endloop
  endfacet
  facet normal 0 0 -1
    outer loop
      vertex -16.15 16.15 0
      vertex -14.586457174654651 13.672077911544253 0
      vertex -14.59660906710644 13.586305005300629 0
    endloop
  endfacet
  facet normal 0 0 -1
    outer loop
      vertex -16.15 16.15 0
      vertex -14.569606912437445 13.756789900241497 0
      vertex -14.586457174654651 13.672077911544253 0
    endloop
  endfacet
  facet normal 0 0 -1
    outer loop
      vertex -16.15 16.15 0
      vertex -14.546162167924669 13.839918693812443 0
      vertex -14.569606912437445 13.756789900241497 0
    endloop
  endfacet
  facet normal 0 0 -1
    outer loop
      vertex -16.15 16.15 0
      vertex -14.516267485762416 13.9209517756016 0
      vertex -14.546162167924669 13.839918693812443 0
    endloop
  endfacet
  facet normal 0 0 -1
    outer loop
      vertex -16.15 16.15 0
      vertex -14.480107176607206 13.999389549713502 0
      vertex -14.516267485762416 13.9209517756016 0
    endloop
  endfacet
  facet normal 0 0 -1
    outer loop
      vertex -16.15 16.15 0
      vertex -14.437904180789502 14.074748421187543 0
      vertex -14.480107176607206 13.999389549713502 0
    endloop
  endfacet
  facet normal 0 0 -1
    outer loop
      vertex -16.15 16.15 0
      vertex -14.389918693812442 14.14656377752172 0
      vertex -14.437904180789502 14.074748421187543 0
    endloop
  endfacet
  facet normal 0 0 -1
    outer loop
      vertex -16.15 16.15 0
      vertex -14.336446562160035 14.214392853163202 0
      vertex -14.389918693812442 14.14656377752172 0
    endloop
  endfacet
  facet normal 0 0 -1
    outer loop
      vertex -16.15 16.15 0
      vertex -14.277817459305203 14.277817459305203 0
      vertex -14.336446562160035 14.214392853163202 0
    endloop
  endfacet
  facet normal 0 0 -1
    outer loop
      vertex -16.15 16.15 0
      vertex -14.214392853163202 14.336446562160035 0
      vertex -14.277817459305203 14.277817459305203 0
    endloop
  endfacet
  facet normal 0 0 -1
    outer loop
      vertex -16.15 16.15 0
      vertex -14.14656377752172 14.389918693812442 0
      vertex -14.214392853163202 14.336446562160035 0
    endloop
  endfacet
  facet normal 0 0 -1
    outer loop
      vertex -16.15 16.15 0
      vertex -14.074748421187543 14.437904180789502 0
      vertex -14.14656377752172 14.389918693812442 0
    endloop
  endfacet
  facet normal 0 0 -1
    outer loop
      vertex -16.15 16.15 0
      vertex -13.999389549713502 14.480107176607206 0
      vertex -14.074748421187543 14.437904180789502 0
    endloop
  endfacet
  facet normal 0 0 -1
    outer loop
      vertex -16.15 16.15 0
      vertex -13.9209517756016 14.516267485762416 0
      vertex -13.999389549713502 14.480107176607206 0
    endloop
  endfacet
  facet normal 0 0 -1
    outer loop
      vertex -16.15 16.15 0
      vertex -13.839918693812443 14.546162167924669 0
      vertex -13.9209517756016 14.516267485762416 0
    endloop
  endfacet
  facet normal 0 0 -1
    outer loop
      vertex -16.15 16.15 0
      vertex -13.756789900241497 14.569606912437445 0
      vertex -13.839918693812443 14.546162167924669 0
    endloop
  endfacet
  facet normal 0 0 -1
    outer loop
      vertex -16.15 16.15 0
      vertex -13.672077911544253 14.586457174654651 0
      vertex -13.756789900241497 14.569606912437445 0
    endloop
  endfacet
  facet normal 0 0 -1
    outer loop
      vertex -16.15 16.15 0
      vertex -13.586305005300629 14.59660906710644 0
      vertex -13.672077911544253 14.586457174654651 0
    endloop
  endfacet
  facet normal 0 0 -1
    outer loop
      vertex -16.15 16.15 0
      vertex -13.5 14.6 0
      vertex -13.586305005300629 14.59660906710644 0
    endloop
  endfacet
  facet normal 0 0 -1
    outer loop
      vertex -16.15 16.15 0
      vertex -13.413694994699371 14.59660906710644 0
      vertex -13.5 14.6 0
    endloop
  endfacet
  facet normal 0 0 -1
    outer loop
      vertex -16.15 16.15 0
      vertex -13.327922088455747 14.586457174654651 0
      vertex -13.413694994699371 14.59660906710644 0
    endloop
  endfacet
  facet normal 0 0 -1
    outer loop
      vertex -16.15 16.15 0
      vertex -13.243210099758503 14.569606912437445 0
      vertex -13.327922088455747 14.586457174654651 0
    endloop
  endfacet
  facet normal 0 0 -1
    outer loop
      vertex -16.15 16.15 0
      vertex -13.160081306187557 14.546162167924669 0
      vertex -13.243210099758503 14.569606912437445 0
    endloop
  endfacet
  facet normal 0 0 -1
    outer loop
      vertex -16.15 16.15 0
      vertex -13.0790482243984 14.516267485762416 0
      vertex -13.160081306187557 14.546162167924669 0
    endloop
  endfacet
  facet normal 0 0 -1
    outer loop
      vertex -16.15 16.15 0
      vertex -13.000610450286498 14.480107176607206 0
      vertex -13.0790482243984 14.516267485762416 0
    endloop
  endfacet
  facet normal 0 0 -1
    outer loop
      vertex -12.562095819210498 12.925251578812457 0
      vertex -5.195584386641469 6.0832477248002474 0
      vertex -12.610081306187558 12.85343622247828 0
    endloop
  endfacet
  facet normal 0 0 -1
    outer loop
      vertex -12.519892823392794 13.000610450286498 0
      vertex -4.702282018339785 6.47213595499958 0
      vertex -12.562095819210498 12.925251578812457 0
    endloop
  endfacet
  facet normal 0 0 -1
    outer loop
      vertex -12.483732514237584 13.0790482243984 0
      vertex -4.702282018339785 6.47213595499958 0
      vertex -12.519892823392794 13.000610450286498 0
    endloop
  endfacet
  facet normal 0 0 -1
    outer loop
      vertex -12.453837832075331 13.160081306187557 0
      vertex -4.17998851772759 6.821121314832738 0
      vertex -12.483732514237584 13.0790482243984 0
    endloop
  endfacet
  facet normal 0 0 -1
    outer loop
      vertex -12.430393087562555 13.243210099758503 0
      vertex -4.17998851772759 6.821121314832738 0
      vertex -12.453837832075331 13.160081306187557 0
    endloop
  endfacet
  facet normal 0 0 -1
    outer loop
      vertex -12.413542825345349 13.327922088455747 0
      vertex -3.6319239979163744 7.128052193506943 0
      vertex -12.430393087562555 13.243210099758503 0
    endloop
  endfacet
  facet normal 0 0 -1
    outer loop
      vertex -12.40339093289356 13.413694994699371 0
      vertex -3.6319239979163744 7.128052193506943 0
      vertex -12.413542825345349 13.327922088455747 0
    endloop
  endfacet
  facet normal 0 0 -1
    outer loop
      vertex -12.4 13.5 0
      vertex -3.0614674589207183 7.391036260090294 0
      vertex -12.40339093289356 13.413694994699371 0
    endloop
  endfacet
  facet normal 0 0 -1
    outer loop
      vertex -12.40339093289356 13.586305005300629 0
      vertex -3.0614674589207183 7.391036260090294 0
      vertex -12.4 13.5 0
    endloop
  endfacet
  facet normal 0 0 -1
    outer loop
      vertex -12.413542825345349 13.672077911544253 0
      vertex -2.472135954999579 7.608452130361228 0
      vertex -12.40339093289356 13.586305005300629 0
    endloop
  endfacet
  facet normal 0 0 -1
    outer loop
      vertex -12.430393087562555 13.756789900241497 0
      vertex -2.472135954999579 7.608452130361228 0
      vertex -12.413542825345349 13.672077911544253 0
    endloop
  endfacet
  facet normal 0 0 -1
    outer loop
      vertex -12.453837832075331 13.839918693812443 0
      vertex -1.8675629108472431 7.7789593631814125 0
      vertex -12.430393087562555 13.756789900241497 0
    endloop
  endfacet
  facet normal 0 0 -1
    outer loop
      vertex -12.483732514237584 13.9209517756016 0
      vertex -1.8675629108472431 7.7789593631814125 0
      vertex -12.453837832075331 13.839918693812443 0
    endloop
  endfacet
  facet normal 0 0 -1
    outer loop
      vertex -12.519892823392794 13.999389549713502 0
      vertex -1.251475720321847 7.901506724761102 0
      vertex -12.483732514237584 13.9209517756016 0
    endloop
  endfacet
  facet normal 0 0 -1
    outer loop
      vertex -12.663553437839965 14.214392853163202 0
      vertex -0.6276727658227595 7.975338669865024 0
      vertex -12.610081306187558 14.14656377752172 0
    endloop
  endfacet
  facet normal 0 0 -1
    outer loop
      vertex -12.610081306187558 14.14656377752172 0
      vertex -0.6276727658227595 7.975338669865024 0
      vertex -12.562095819210498 14.074748421187543 0
    endloop
  endfacet
  facet normal 0 0 -1
    outer loop
      vertex -12.562095819210498 14.074748421187543 0
      vertex -0.6276727658227595 7.975338669865024 0
      vertex -12.519892823392794 13.999389549713502 0
    endloop
  endfacet
  facet normal 0 0 -1
    outer loop
      vertex -16.15 16.15 0
      vertex -0.6276727658227595 7.975338669865024 0
      vertex -13.000610450286498 14.480107176607206 0
    endloop
  endfacet
  facet normal 0 0 -1
    outer loop
      vertex -12.925251578812457 14.437904180789502 0
      vertex -13.000610450286498 14.480107176607206 0
      vertex -0.6276727658227595 7.975338669865024 0
    endloop
  endfacet
  facet normal 0 0 -1
    outer loop
      vertex -12.785607146836798 14.336446562160035 0
      vertex -12.85343622247828 14.389918693812442 0
      vertex -0.6276727658227595 7.975338669865024 0
    endloop
  endfacet
  facet normal 0 0 -1
    outer loop
      vertex -0.6276727658227595 7.975338669865024 0
      vertex -12.722182540694797 14.277817459305203 0
      vertex -12.785607146836798 14.336446562160035 0
    endloop
  endfacet
  facet normal 0 0 -1
    outer loop
      vertex -12.85343622247828 14.389918693812442 0
      vertex -12.925251578812457 14.437904180789502 0
      vertex -0.6276727658227595 7.975338669865024 0
    endloop
  endfacet
  facet normal 0 0 -1
    outer loop
      vertex -12.722182540694797 14.277817459305203 0
      vertex -0.6276727658227595 7.975338669865024 0
      vertex -12.663553437839965 14.214392853163202 0
    endloop
  endfacet
  facet normal 0 0 -1
    outer loop
      vertex -5.195584386641469 6.0832477248002474 0
      vertex -5.656854249492381 5.656854249492381 0
      vertex -12.610081306187558 12.85343622247828 0
    endloop
  endfacet
  facet normal 0 0 -1
    outer loop
      vertex -4.702282018339785 6.47213595499958 0
      vertex -5.195584386641469 6.0832477248002474 0
      vertex -12.562095819210498 12.925251578812457 0
    endloop
  endfacet
  facet normal 0 0 -1
    outer loop
      vertex -4.17998851772759 6.821121314832738 0
      vertex -4.702282018339785 6.47213595499958 0
      vertex -12.483732514237584 13.0790482243984 0
    endloop
  endfacet
  facet normal 0 0 -1
    outer loop
      vertex -3.6319239979163744 7.128052193506943 0
      vertex -4.17998851772759 6.821121314832738 0
      vertex -12.430393087562555 13.243210099758503 0
    endloop
  endfacet
  facet normal 0 0 -1
    outer loop
      vertex -3.0614674589207183 7.391036260090294 0
      vertex -3.6319239979163744 7.128052193506943 0
      vertex -12.40339093289356 13.413694994699371 0
    endloop
  endfacet
  facet normal 0 0 -1
    outer loop
      vertex -2.472135954999579 7.608452130361228 0
      vertex -3.0614674589207183 7.391036260090294 0
      vertex -12.40339093289356 13.586305005300629 0
    endloop
  endfacet
  facet normal 0 0 -1
    outer loop
      vertex -1.8675629108472431 7.7789593631814125 0
      vertex -2.472135954999579 7.608452130361228 0
      vertex -12.430393087562555 13.756789900241497 0
    endloop
  endfacet
  facet normal 0 0 -1
    outer loop
      vertex -1.251475720321847 7.901506724761102 0
      vertex -1.8675629108472431 7.7789593631814125 0
      vertex -12.483732514237584 13.9209517756016 0
    endloop
  endfacet
  facet normal 0 0 -1
    outer loop
      vertex -0.6276727658227595 7.975338669865024 0
      vertex -1.251475720321847 7.901506724761102 0
      vertex -12.519892823392794 13.999389549713502 0
    endloop
  endfacet
  facet normal 0 0 -1
    outer loop
      vertex -16.15 16.15 0
      vertex 0 8 0
      vertex -0.6276727658227595 7.975338669865024 0
    endloop
  endfacet
  facet normal 0 0 -1
    outer loop
      vertex -16.15 16.15 0
      vertex 0.6276727658227595 7.975338669865024 0
      vertex 0 8 0
    endloop
  endfacet
  facet normal 0 0 -1
    outer loop
      vertex -16.15 16.15 0
      vertex 1.251475720321847 7.901506724761102 0
      vertex 0.6276727658227595 7.975338669865024 0
    endloop
  endfacet
  facet normal 0 0 -1
    outer loop
      vertex -16.15 16.15 0
      vertex 12.483732514237584 13.9209517756016 0
      vertex 1.251475720321847 7.901506724761102 0
    endloop
  endfacet
  facet normal 0 1 0
    outer loop
      vertex -16.15 16.15 0
      vertex -16.15 16.15 0.5
      vertex 16.15 16.15 0
    endloop
  endfacet
  facet normal 0 0 1
    outer loop
      vertex -16.15 -16.15 0.5
      vertex -14.074748421187543 12.562095819210498 0.5
      vertex -14.14656377752172 12.610081306187558 0.5
    endloop
  endfacet
  facet normal 0 0 1
    outer loop
      vertex -16.15 -16.15 0.5
      vertex -13.999389549713502 12.519892823392794 0.5
      vertex -14.074748421187543 12.562095819210498 0.5
    endloop
  endfacet
  facet normal 0 0 1
    outer loop
      vertex -16.15 -16.15 0.5
      vertex -13.9209517756016 12.483732514237584 0.5
      vertex -13.999389549713502 12.519892823392794 0.5
    endloop
  endfacet
  facet normal 0 0 1
    outer loop
      vertex -16.15 -16.15 0.5
      vertex -14.437904180789502 12.925251578812457 0.5
      vertex -14.480107176607206 13.000610450286498 0.5
    endloop
  endfacet
  facet normal 0 0 1
    outer loop
      vertex -16.15 -16.15 0.5
      vertex -14.277817459305203 12.722182540694797 0.5
      vertex -14.336446562160035 12.785607146836798 0.5
    endloop
  endfacet
  facet normal 0 0 1
    outer loop
      vertex -16.15 -16.15 0.5
      vertex -14.389918693812442 12.85343622247828 0.5
      vertex -14.437904180789502 12.925251578812457 0.5
    endloop
  endfacet
  facet normal 0 0 1
    outer loop
      vertex -16.15 -16.15 0.5
      vertex -14.336446562160035 12.785607146836798 0.5
      vertex -14.389918693812442 12.85343622247828 0.5
    endloop
  endfacet
  facet normal 0 0 1
    outer loop
      vertex -16.15 -16.15 0.5
      vertex -14.480107176607206 13.000610450286498 0.5
      vertex -14.516267485762416 13.0790482243984 0.5
    endloop
  endfacet
  facet normal 0 0 1
    outer loop
      vertex -16.15 -16.15 0.5
      vertex -14.516267485762416 13.0790482243984 0.5
      vertex -14.546162167924669 13.160081306187557 0.5
    endloop
  endfacet
  facet normal 0 0 1
    outer loop
      vertex -16.15 -16.15 0.5
      vertex -14.546162167924669 13.160081306187557 0.5
      vertex -14.569606912437445 13.243210099758503 0.5
    endloop
  endfacet
  facet normal 0 0 1
    outer loop
      vertex -16.15 -16.15 0.5
      vertex -14.586457174654651 13.327922088455747 0.5
      vertex -14.59660906710644 13.413694994699371 0.5
    endloop
  endfacet
  facet normal 0 0 1
    outer loop
      vertex -16.15 -16.15 0.5
      vertex -14.569606912437445 13.243210099758503 0.5
      vertex -14.586457174654651 13.327922088455747 0.5
    endloop
  endfacet
  facet normal 0 0 1
    outer loop
      vertex -16.15 -16.15 0.5
      vertex -14.214392853163202 12.663553437839965 0.5
      vertex -14.277817459305203 12.722182540694797 0.5
    endloop
  endfacet
  facet normal 0 0 1
    outer loop
      vertex -16.15 -16.15 0.5
      vertex -14.14656377752172 12.610081306187558 0.5
      vertex -14.214392853163202 12.663553437839965 0.5
    endloop
  endfacet
  facet normal 0 0 1
    outer loop
      vertex -16.15 -16.15 0.5
      vertex -14.59660906710644 13.413694994699371 0.5
      vertex -14.6 13.5 0.5
    endloop
  endfacet
  facet normal 0 0 1
    outer loop
      vertex -16.15 -16.15 0.5
      vertex -14.6 13.5 0.5
      vertex -14.59660906710644 13.586305005300629 0.5
    endloop
  endfacet
  facet normal 0 0 1
    outer loop
      vertex -16.15 -16.15 0.5
      vertex -14.59660906710644 13.586305005300629 0.5
      vertex -16.15 16.15 0.5
    endloop
  endfacet
  facet normal 0 0 1
    outer loop
      vertex -7.7789593631814125 1.8675629108472431 0.5
      vertex -13.9209517756016 12.483732514237584 0.5
      vertex -7.901506724761102 1.251475720321847 0.5
    endloop
  endfacet
  facet normal 0 0 1
    outer loop
      vertex -7.608452130361228 2.472135954999579 0.5
      vertex -13.756789900241497 12.430393087562555 0.5
      vertex -7.7789593631814125 1.8675629108472431 0.5
    endloop
  endfacet
  facet normal 0 0 1
    outer loop
      vertex -7.391036260090294 3.0614674589207183 0.5
      vertex -13.586305005300629 12.40339093289356 0.5
      vertex -7.608452130361228 2.472135954999579 0.5
    endloop
  endfacet
  facet normal 0 0 1
    outer loop
      vertex -13.413694994699371 12.40339093289356 0.5
      vertex -7.391036260090294 3.0614674589207183 0.5
      vertex -7.128052193506943 3.6319239979163744 0.5
    endloop
  endfacet
  facet normal 0 0 1
    outer loop
      vertex -13.243210099758503 12.430393087562555 0.5
      vertex -7.128052193506943 3.6319239979163744 0.5
      vertex -6.821121314832738 4.17998851772759 0.5
    endloop
  endfacet
  facet normal 0 0 1
    outer loop
      vertex -13.0790482243984 12.483732514237584 0.5
      vertex -6.821121314832738 4.17998851772759 0.5
      vertex -6.47213595499958 4.702282018339785 0.5
    endloop
  endfacet
  facet normal 0 0 1
    outer loop
      vertex -12.925251578812457 12.562095819210498 0.5
      vertex -6.47213595499958 4.702282018339785 0.5
      vertex -6.0832477248002474 5.195584386641469 0.5
    endloop
  endfacet
  facet normal 0 0 1
    outer loop
      vertex -12.785607146836798 12.663553437839965 0.5
      vertex -6.0832477248002474 5.195584386641469 0.5
      vertex -5.656854249492381 5.656854249492381 0.5
    endloop
  endfacet
  facet normal 0 0 1
    outer loop
      vertex -16.15 16.15 0.5
      vertex -14.59660906710644 13.586305005300629 0.5
      vertex -14.586457174654651 13.672077911544253 0.5
    endloop
  endfacet
  facet normal 0 0 1
    outer loop
      vertex -16.15 16.15 0.5
      vertex -14.586457174654651 13.672077911544253 0.5
      vertex -14.569606912437445 13.756789900241497 0.5
    endloop
  endfacet
  facet normal 0 0 1
    outer loop
      vertex -16.15 16.15 0.5
      vertex -14.569606912437445 13.756789900241497 0.5
      vertex -14.546162167924669 13.839918693812443 0.5
    endloop
  endfacet
  facet normal 0 0 1
    outer loop
      vertex -16.15 16.15 0.5
      vertex -14.546162167924669 13.839918693812443 0.5
      vertex -14.516267485762416 13.9209517756016 0.5
    endloop
  endfacet
  facet normal 0 0 1
    outer loop
      vertex -16.15 16.15 0.5
      vertex -14.516267485762416 13.9209517756016 0.5
      vertex -14.480107176607206 13.999389549713502 0.5
    endloop
  endfacet
  facet normal 0 0 1
    outer loop
      vertex -16.15 16.15 0.5
      vertex -14.480107176607206 13.999389549713502 0.5
      vertex -14.437904180789502 14.074748421187543 0.5
    endloop
  endfacet
  facet normal 0 0 1
    outer loop
      vertex -16.15 16.15 0.5
      vertex -14.437904180789502 14.074748421187543 0.5
      vertex -14.389918693812442 14.14656377752172 0.5
    endloop
  endfacet
  facet normal 0 0 1
    outer loop
      vertex -16.15 16.15 0.5
      vertex -14.389918693812442 14.14656377752172 0.5
      vertex -14.336446562160035 14.214392853163202 0.5
    endloop
  endfacet
  facet normal 0 0 1
    outer loop
      vertex -16.15 16.15 0.5
      vertex -14.336446562160035 14.214392853163202 0.5
      vertex -14.277817459305203 14.277817459305203 0.5
    endloop
  endfacet
  facet normal 0 0 1
    outer loop
      vertex -16.15 16.15 0.5
      vertex -14.277817459305203 14.277817459305203 0.5
      vertex -14.214392853163202 14.336446562160035 0.5
    endloop
  endfacet
  facet normal 0 0 1
    outer loop
      vertex -16.15 16.15 0.5
      vertex -14.214392853163202 14.336446562160035 0.5
      vertex -14.14656377752172 14.389918693812442 0.5
    endloop
  endfacet
  facet normal 0 0 1
    outer loop
      vertex -16.15 16.15 0.5
      vertex -14.14656377752172 14.389918693812442 0.5
      vertex -14.074748421187543 14.437904180789502 0.5
    endloop
  endfacet
  facet normal 0 0 1
    outer loop
      vertex -16.15 16.15 0.5
      vertex -14.074748421187543 14.437904180789502 0.5
      vertex -13.999389549713502 14.480107176607206 0.5
    endloop
  endfacet
  facet normal 0 0 1
    outer loop
      vertex -16.15 16.15 0.5
      vertex -13.999389549713502 14.480107176607206 0.5
      vertex -13.9209517756016 14.516267485762416 0.5
    endloop
  endfacet
  facet normal 0 0 1
    outer loop
      vertex -16.15 16.15 0.5
      vertex -13.9209517756016 14.516267485762416 0.5
      vertex -13.839918693812443 14.546162167924669 0.5
    endloop
  endfacet
  facet normal 0 0 1
    outer loop
      vertex -16.15 16.15 0.5
      vertex -13.839918693812443 14.546162167924669 0.5
      vertex -13.756789900241497 14.569606912437445 0.5
    endloop
  endfacet
  facet normal 0 0 1
    outer loop
      vertex -16.15 16.15 0.5
      vertex -13.756789900241497 14.569606912437445 0.5
      vertex -13.672077911544253 14.586457174654651 0.5
    endloop
  endfacet
  facet normal 0 0 1
    outer loop
      vertex -16.15 16.15 0.5
      vertex -13.672077911544253 14.586457174654651 0.5
      vertex -13.586305005300629 14.59660906710644 0.5
    endloop
  endfacet
  facet normal 0 0 1
    outer loop
      vertex -7.7789593631814125 1.8675629108472431 0.5
      vertex -13.839918693812443 12.453837832075331 0.5
      vertex -13.9209517756016 12.483732514237584 0.5
    endloop
  endfacet
  facet normal 0 0 1
    outer loop
      vertex -13.756789900241497 12.430393087562555 0.5
      vertex -13.839918693812443 12.453837832075331 0.5
      vertex -7.7789593631814125 1.8675629108472431 0.5
    endloop
  endfacet
  facet normal 0 0 1
    outer loop
      vertex -13.672077911544253 12.413542825345349 0.5
      vertex -13.756789900241497 12.430393087562555 0.5
      vertex -7.608452130361228 2.472135954999579 0.5
    endloop
  endfacet
  facet normal 0 0 1
    outer loop
      vertex -13.586305005300629 12.40339093289356 0.5
      vertex -13.672077911544253 12.413542825345349 0.5
      vertex -7.608452130361228 2.472135954999579 0.5
    endloop
  endfacet
  facet normal 0 0 1
    outer loop
      vertex -13.5 12.4 0.5
      vertex -13.586305005300629 12.40339093289356 0.5
      vertex -7.391036260090294 3.0614674589207183 0.5
    endloop
  endfacet
  facet normal 0 0 1
    outer loop
      vertex -13.413694994699371 12.40339093289356 0.5
      vertex -13.5 12.4 0.5
      vertex -7.391036260090294 3.0614674589207183 0.5
    endloop
  endfacet
  facet normal 0 0 1
    outer loop
      vertex -13.327922088455747 12.413542825345349 0.5
      vertex -13.413694994699371 12.40339093289356 0.5
      vertex -7.128052193506943 3.6319239979163744 0.5
    endloop
  endfacet
  facet normal 0 0 1
    outer loop
      vertex -13.243210099758503 12.430393087562555 0.5
      vertex -13.327922088455747 12.413542825345349 0.5
      vertex -7.128052193506943 3.6319239979163744 0.5
    endloop
  endfacet
  facet normal 0 0 1
    outer loop
      vertex -13.160081306187557 12.453837832075331 0.5
      vertex -13.243210099758503 12.430393087562555 0.5
      vertex -6.821121314832738 4.17998851772759 0.5
    endloop
  endfacet
  facet normal 0 0 1
    outer loop
      vertex -13.0790482243984 12.483732514237584 0.5
      vertex -13.160081306187557 12.453837832075331 0.5
      vertex -6.821121314832738 4.17998851772759 0.5
    endloop
  endfacet
  facet normal 0 0 1
    outer loop
      vertex -13.000610450286498 12.519892823392794 0.5
      vertex -13.0790482243984 12.483732514237584 0.5
      vertex -6.47213595499958 4.702282018339785 0.5
    endloop
  endfacet
  facet normal 0 0 1
    outer loop
      vertex -12.925251578812457 12.562095819210498 0.5
      vertex -13.000610450286498 12.519892823392794 0.5
      vertex -6.47213595499958 4.702282018339785 0.5
    endloop
  endfacet
  facet normal 0 0 1
    outer loop
      vertex -12.85343622247828 12.610081306187558 0.5
      vertex -12.925251578812457 12.562095819210498 0.5
      vertex -6.0832477248002474 5.195584386641469 0.5
    endloop
  endfacet
  facet normal 0 0 1
    outer loop
      vertex -12.785607146836798 12.663553437839965 0.5
      vertex -12.85343622247828 12.610081306187558 0.5
      vertex -6.0832477248002474 5.195584386641469 0.5
    endloop
  endfacet
  facet normal 0 0 1
    outer loop
      vertex -12.722182540694797 12.722182540694797 0.5
      vertex -12.785607146836798 12.663553437839965 0.5
      vertex -5.656854249492381 5.656854249492381 0.5
    endloop
  endfacet
  facet normal 0 0 1
    outer loop
      vertex -12.722182540694797 12.722182540694797 0.5
      vertex -5.195584386641469 6.0832477248002474 0.5
      vertex -12.663553437839965 12.785607146836798 0.5
    endloop
  endfacet
  facet normal 0 0 1
    outer loop
      vertex -12.663553437839965 12.785607146836798 0.5
      vertex -5.195584386641469 6.0832477248002474 0.5
      vertex -12.610081306187558 12.85343622247828 0.5
    endloop
  endfacet
  facet normal 0 0 1
    outer loop
      vertex -12.610081306187558 12.85343622247828 0.5
      vertex -5.195584386641469 6.0832477248002474 0.5
      vertex -12.562095819210498 12.925251578812457 0.5
    endloop
  endfacet
  facet normal 0 0 1
    outer loop
      vertex -12.562095819210498 12.925251578812457 0.5
      vertex -4.702282018339785 6.47213595499958 0.5
      vertex -12.519892823392794 13.000610450286498 0.5
    endloop
  endfacet
  facet normal 0 0 1
    outer loop
      vertex -12.519892823392794 13.000610450286498 0.5
      vertex -4.702282018339785 6.47213595499958 0.5
      vertex -12.483732514237584 13.0790482243984 0.5
    endloop
  endfacet
  facet normal 0 0 1
    outer loop
      vertex -12.483732514237584 13.0790482243984 0.5
      vertex -4.17998851772759 6.821121314832738 0.5
      vertex -12.453837832075331 13.160081306187557 0.5
    endloop
  endfacet
  facet normal 0 0 1
    outer loop
      vertex -12.453837832075331 13.160081306187557 0.5
      vertex -4.17998851772759 6.821121314832738 0.5
      vertex -12.430393087562555 13.243210099758503 0.5
    endloop
  endfacet
  facet normal 0 0 1
    outer loop
      vertex -12.430393087562555 13.243210099758503 0.5
      vertex -3.6319239979163744 7.128052193506943 0.5
      vertex -12.413542825345349 13.327922088455747 0.5
    endloop
  endfacet
  facet normal 0 0 1
    outer loop
      vertex -12.413542825345349 13.327922088455747 0.5
      vertex -3.6319239979163744 7.128052193506943 0.5
      vertex -12.40339093289356 13.413694994699371 0.5
    endloop
  endfacet
  facet normal 0 0 1
    outer loop
      vertex -12.40339093289356 13.413694994699371 0.5
      vertex -3.0614674589207183 7.391036260090294 0.5
      vertex -12.4 13.5 0.5
    endloop
  endfacet
  facet normal 0 0 1
    outer loop
      vertex -12.4 13.5 0.5
      vertex -3.0614674589207183 7.391036260090294 0.5
      vertex -12.40339093289356 13.586305005300629 0.5
    endloop
  endfacet
  facet normal 0 0 1
    outer loop
      vertex -12.40339093289356 13.586305005300629 0.5
      vertex -2.472135954999579 7.608452130361228 0.5
      vertex -12.413542825345349 13.672077911544253 0.5
    endloop
  endfacet
  facet normal 0 0 1
    outer loop
      vertex -12.413542825345349 13.672077911544253 0.5
      vertex -1.8675629108472431 7.7789593631814125 0.5
      vertex -12.430393087562555 13.756789900241497 0.5
    endloop
  endfacet
  facet normal 0 0 1
    outer loop
      vertex -12.430393087562555 13.756789900241497 0.5
      vertex -1.8675629108472431 7.7789593631814125 0.5
      vertex -12.453837832075331 13.839918693812443 0.5
    endloop
  endfacet
  facet normal 0 0 1
    outer loop
      vertex -12.453837832075331 13.839918693812443 0.5
      vertex -1.251475720321847 7.901506724761102 0.5
      vertex -12.483732514237584 13.9209517756016 0.5
    endloop
  endfacet
  facet normal 0 0 1
    outer loop
      vertex -12.722182540694797 12.722182540694797 0.5
      vertex -5.656854249492381 5.656854249492381 0.5
      vertex -5.195584386641469 6.0832477248002474 0.5
    endloop
  endfacet
  facet normal 0 0 1
    outer loop
      vertex -5.195584386641469 6.0832477248002474 0.5
      vertex -4.702282018339785 6.47213595499958 0.5
      vertex -12.562095819210498 12.925251578812457 0.5
    endloop
  endfacet
  facet normal 0 0 1
    outer loop
      vertex -4.702282018339785 6.47213595499958 0.5
      vertex -4.17998851772759 6.821121314832738 0.5
      vertex -12.483732514237584 13.0790482243984 0.5
    endloop
  endfacet
  facet normal 0 0 1
    outer loop
      vertex -4.17998851772759 6.821121314832738 0.5
      vertex -3.6319239979163744 7.128052193506943 0.5
      vertex -12.430393087562555 13.243210099758503 0.5
    endloop
  endfacet
  facet normal 0 0 1
    outer loop
      vertex -3.6319239979163744 7.128052193506943 0.5
      vertex -3.0614674589207183 7.391036260090294 0.5
      vertex -12.40339093289356 13.413694994699371 0.5
    endloop
  endfacet
  facet normal 0 0 1
    outer loop
      vertex -3.0614674589207183 7.391036260090294 0.5
      vertex -2.472135954999579 7.608452130361228 0.5
      vertex -12.40339093289356 13.586305005300629 0.5
    endloop
  endfacet
  facet normal 0 0 1
    outer loop
      vertex -12.413542825345349 13.672077911544253 0.5
      vertex -2.472135954999579 7.608452130361228 0.5
      vertex -1.8675629108472431 7.7789593631814125 0.5
    endloop
  endfacet
  facet normal 0 0 1
    outer loop
      vertex -1.8675629108472431 7.7789593631814125 0.5
      vertex -1.251475720321847 7.901506724761102 0.5
      vertex -12.453837832075331 13.839918693812443 0.5
    endloop
  endfacet
  facet normal 0 0 1
    outer loop
      vertex -16.15 16.15 0.5
      vertex -13.586305005300629 14.59660906710644 0.5
      vertex 16.15 16.15 0.5
    endloop
  endfacet
  facet normal 0 0 1
    outer loop
      vertex 16.15 16.15 0.5
      vertex -13.586305005300629 14.59660906710644 0.5
      vertex -13.5 14.6 0.5
    endloop
  endfacet
  facet normal 0 0 1
    outer loop
      vertex 16.15 16.15 0.5
      vertex -13.5 14.6 0.5
      vertex -13.413694994699371 14.59660906710644 0.5
    endloop
  endfacet
  facet normal 0 0 1
    outer loop
      vertex 16.15 16.15 0.5
      vertex -13.413694994699371 14.59660906710644 0.5
      vertex -13.327922088455747 14.586457174654651 0.5
    endloop
  endfacet
  facet normal 0 0 1
    outer loop
      vertex 16.15 16.15 0.5
      vertex -13.327922088455747 14.586457174654651 0.5
      vertex -13.243210099758503 14.569606912437445 0.5
    endloop
  endfacet
  facet normal 0 0 1
    outer loop
      vertex 16.15 16.15 0.5
      vertex -13.243210099758503 14.569606912437445 0.5
      vertex -13.160081306187557 14.546162167924669 0.5
    endloop
  endfacet
  facet normal 0 0 1
    outer loop
      vertex 16.15 16.15 0.5
      vertex -13.160081306187557 14.546162167924669 0.5
      vertex -13.0790482243984 14.516267485762416 0.5
    endloop
  endfacet
  facet normal 0 0 1
    outer loop
      vertex 16.15 16.15 0.5
      vertex -13.0790482243984 14.516267485762416 0.5
      vertex -13.000610450286498 14.480107176607206 0.5
    endloop
  endfacet
  facet normal 0 0 1
    outer loop
      vertex 16.15 16.15 0.5
      vertex -12.722182540694797 14.277817459305203 0.5
      vertex -12.663553437839965 14.214392853163202 0.5
    endloop
  endfacet
  facet normal 0 0 1
    outer loop
      vertex 16.15 16.15 0.5
      vertex -12.663553437839965 14.214392853163202 0.5
      vertex -12.610081306187558 14.14656377752172 0.5
    endloop
  endfacet
  facet normal 0 0 1
    outer loop
      vertex 16.15 16.15 0.5
      vertex -12.925251578812457 14.437904180789502 0.5
      vertex -12.85343622247828 14.389918693812442 0.5
    endloop
  endfacet
  facet normal 0 0 1
    outer loop
      vertex 16.15 16.15 0.5
      vertex -12.85343622247828 14.389918693812442 0.5
      vertex -12.785607146836798 14.336446562160035 0.5
    endloop
  endfacet
  facet normal 0 0 1
    outer loop
      vertex 16.15 16.15 0.5
      vertex -13.000610450286498 14.480107176607206 0.5
      vertex -12.925251578812457 14.437904180789502 0.5
    endloop
  endfacet
  facet normal 0 0 1
    outer loop
      vertex 16.15 16.15 0.5
      vertex -12.785607146836798 14.336446562160035 0.5
      vertex -12.722182540694797 14.277817459305203 0.5
    endloop
  endfacet
  facet normal 0 0 1
    outer loop
      vertex 16.15 16.15 0.5
      vertex -12.562095819210498 14.074748421187543 0.5
      vertex -12.519892823392794 13.999389549713502 0.5
    endloop
  endfacet
  facet normal 0 0 1
    outer loop
      vertex 16.15 16.15 0.5
      vertex -12.519892823392794 13.999389549713502 0.5
      vertex -12.483732514237584 13.9209517756016 0.5
    endloop
  endfacet
  facet normal 0 0 1
    outer loop
      vertex 16.15 16.15 0.5
      vertex -12.610081306187558 14.14656377752172 0.5
      vertex -12.562095819210498 14.074748421187543 0.5
    endloop
  endfacet
  facet normal 0 0 -1
    outer loop
      vertex -1.8675629108472431 -7.7789593631814125 0
      vertex -1.251475720321847 -7.901506724761102 0
      vertex 12.4 -13.5 0
    endloop
  endfacet
  facet normal 0 0 -1
    outer loop
      vertex -1.251475720321847 -7.901506724761102 0
      vertex -0.6276727658227595 -7.975338669865024 0
      vertex 12.4 -13.5 0
    endloop
  endfacet
  facet normal 0 0 -1
    outer loop
      vertex -0.6276727658227595 -7.975338669865024 0
      vertex 0 -8 0
      vertex 12.4 -13.5 0
    endloop
  endfacet
  facet normal 0 0 -1
    outer loop
      vertex -12.4 -13.5 0
      vertex 12.925251578812457 -14.437904180789502 0
      vertex 13.000610450286498 -14.480107176607206 0
    endloop
  endfacet
  facet normal 0 0 -1
    outer loop
      vertex 16.15 -16.15 0
      vertex -12.4 -13.5 0
      vertex 13.000610450286498 -14.480107176607206 0
    endloop
  endfacet
  facet normal 0 0 -1
    outer loop
      vertex -12.4 -13.5 0
      vertex 12.562095819210498 -14.074748421187543 0
      vertex 12.610081306187558 -14.14656377752172 0
    endloop
  endfacet
  facet normal 0 0 -1
    outer loop
      vertex -12.4 -13.5 0
      vertex 12.430393087562555 -13.756789900241497 0
      vertex 12.453837832075331 -13.839918693812443 0
    endloop
  endfacet
  facet normal 0 0 -1
    outer loop
      vertex -12.4 -13.5 0
      vertex 12.413542825345349 -13.672077911544253 0
      vertex 12.430393087562555 -13.756789900241497 0
    endloop
  endfacet
  facet normal 0 0 -1
    outer loop
      vertex -12.4 -13.5 0
      vertex 12.453837832075331 -13.839918693812443 0
      vertex 12.483732514237584 -13.9209517756016 0
    endloop
  endfacet
  facet normal 0 0 -1
    outer loop
      vertex -12.4 -13.5 0
      vertex 12.483732514237584 -13.9209517756016 0
      vertex 12.519892823392794 -13.999389549713502 0
    endloop
  endfacet
  facet normal 0 0 -1
    outer loop
      vertex -12.4 -13.5 0
      vertex 12.519892823392794 -13.999389549713502 0
      vertex 12.562095819210498 -14.074748421187543 0
    endloop
  endfacet
  facet normal 0 0 -1
    outer loop
      vertex -12.4 -13.5 0
      vertex 12.785607146836798 -14.336446562160035 0
      vertex 12.85343622247828 -14.389918693812442 0
    endloop
  endfacet
  facet normal 0 0 -1
    outer loop
      vertex -12.4 -13.5 0
      vertex 12.722182540694797 -14.277817459305203 0
      vertex 12.785607146836798 -14.336446562160035 0
    endloop
  endfacet
  facet normal 0 0 -1
    outer loop
      vertex -12.4 -13.5 0
      vertex 12.610081306187558 -14.14656377752172 0
      vertex 12.663553437839965 -14.214392853163202 0
    endloop
  endfacet
  facet normal 0 0 -1
    outer loop
      vertex -12.4 -13.5 0
      vertex 12.663553437839965 -14.214392853163202 0
      vertex 12.722182540694797 -14.277817459305203 0
    endloop
  endfacet
  facet normal 0 0 -1
    outer loop
      vertex -12.4 -13.5 0
      vertex 12.85343622247828 -14.389918693812442 0
      vertex 12.925251578812457 -14.437904180789502 0
    endloop
  endfacet
  facet normal 0 0 -1
    outer loop
      vertex -12.4 -13.5 0
      vertex 12.40339093289356 -13.586305005300629 0
      vertex 12.413542825345349 -13.672077911544253 0
    endloop
  endfacet
  facet normal 0 0 -1
    outer loop
      vertex -12.4 -13.5 0
      vertex 12.4 -13.5 0
      vertex 12.40339093289356 -13.586305005300629 0
    endloop
  endfacet
  facet normal 0 0 -1
    outer loop
      vertex 0 -8 0
      vertex 0.6276727658227595 -7.975338669865024 0
      vertex 12.4 -13.5 0
    endloop
  endfacet
  facet normal 0 0 -1
    outer loop
      vertex 0.6276727658227595 -7.975338669865024 0
      vertex 1.251475720321847 -7.901506724761102 0
      vertex 12.4 -13.5 0
    endloop
  endfacet
  facet normal 0 0 -1
    outer loop
      vertex 1.251475720321847 -7.901506724761102 0
      vertex 1.8675629108472431 -7.7789593631814125 0
      vertex 12.4 -13.5 0
    endloop
  endfacet
  facet normal 0 0 -1
    outer loop
      vertex 1.8675629108472431 -7.7789593631814125 0
      vertex 2.472135954999579 -7.608452130361228 0
      vertex 12.4 -13.5 0
    endloop
  endfacet
  facet normal 0 0 -1
    outer loop
      vertex 2.472135954999579 -7.608452130361228 0
      vertex 3.0614674589207183 -7.391036260090294 0
      vertex 12.4 -13.5 0
    endloop
  endfacet
  facet normal 0 0 -1
    outer loop
      vertex 3.0614674589207183 -7.391036260090294 0
      vertex 3.6319239979163744 -7.128052193506943 0
      vertex 12.4 -13.5 0
    endloop
  endfacet
  facet normal 0 0 -1
    outer loop
      vertex 3.6319239979163744 -7.128052193506943 0
      vertex 4.17998851772759 -6.821121314832738 0
      vertex 12.4 -13.5 0
    endloop
  endfacet
  facet normal 0 0 -1
    outer loop
      vertex 4.17998851772759 -6.821121314832738 0
      vertex 4.702282018339785 -6.47213595499958 0
      vertex 12.40339093289356 -13.413694994699371 0
    endloop
  endfacet
  facet normal 0 0 -1
    outer loop
      vertex 4.702282018339785 -6.47213595499958 0
      vertex 5.195584386641469 -6.0832477248002474 0
      vertex 12.453837832075331 -13.160081306187557 0
    endloop
  endfacet
  facet normal 0 0 -1
    outer loop
      vertex 5.195584386641469 -6.0832477248002474 0
      vertex 5.656854249492381 -5.656854249492381 0
      vertex 12.610081306187558 -12.85343622247828 0
    endloop
  endfacet
  facet normal 0 -1 0
    outer loop
      vertex -16.15 -16.15 0
      vertex 16.15 -16.15 0
      vertex 16.15 -16.15 0.5
    endloop
  endfacet
  facet normal 0 0 -1
    outer loop
      vertex 4.17998851772759 -6.821121314832738 0
      vertex 12.40339093289356 -13.413694994699371 0
      vertex 12.4 -13.5 0
    endloop
  endfacet
  facet normal 0 0 -1
    outer loop
      vertex 12.40339093289356 -13.413694994699371 0
      vertex 4.702282018339785 -6.47213595499958 0
      vertex 12.413542825345349 -13.327922088455747 0
    endloop
  endfacet
  facet normal 0 0 -1
    outer loop
      vertex 4.702282018339785 -6.47213595499958 0
      vertex 12.430393087562555 -13.243210099758503 0
      vertex 12.413542825345349 -13.327922088455747 0
    endloop
  endfacet
  facet normal 0 0 -1
    outer loop
      vertex 4.702282018339785 -6.47213595499958 0
      vertex 12.453837832075331 -13.160081306187557 0
      vertex 12.430393087562555 -13.243210099758503 0
    endloop
  endfacet
  facet normal 0 0 -1
    outer loop
      vertex 12.453837832075331 -13.160081306187557 0
      vertex 5.195584386641469 -6.0832477248002474 0
      vertex 12.483732514237584 -13.0790482243984 0
    endloop
  endfacet
  facet normal 0 0 -1
    outer loop
      vertex 5.195584386641469 -6.0832477248002474 0
      vertex 12.519892823392794 -13.000610450286498 0
      vertex 12.483732514237584 -13.0790482243984 0
    endloop
  endfacet
  facet normal 0 0 -1
    outer loop
      vertex 5.195584386641469 -6.0832477248002474 0
      vertex 12.562095819210498 -12.925251578812457 0
      vertex 12.519892823392794 -13.000610450286498 0
    endloop
  endfacet
  facet normal 0 0 -1
    outer loop
      vertex 5.195584386641469 -6.0832477248002474 0
      vertex 12.610081306187558 -12.85343622247828 0
      vertex 12.562095819210498 -12.925251578812457 0
    endloop
  endfacet
  facet normal 0 0 -1
    outer loop
      vertex 5.656854249492381 -5.656854249492381 0
      vertex 12.663553437839965 -12.785607146836798 0
      vertex 12.610081306187558 -12.85343622247828 0
    endloop
  endfacet
  facet normal 0 0 -1
    outer loop
      vertex 5.656854249492381 -5.656854249492381 0
      vertex 12.722182540694797 -12.722182540694797 0
      vertex 12.663553437839965 -12.785607146836798 0
    endloop
  endfacet
  facet normal 0 0 -1
    outer loop
      vertex 6.0832477248002474 -5.195584386641469 0
      vertex 12.785607146836798 -12.663553437839965 0
      vertex 12.722182540694797 -12.722182540694797 0
    endloop
  endfacet
  facet normal 0 0 -1
    outer loop
      vertex 12.85343622247828 -12.610081306187558 0
      vertex 12.785607146836798 -12.663553437839965 0
      vertex 6.0832477248002474 -5.195584386641469 0
    endloop
  endfacet
  facet normal 0 0 -1
    outer loop
      vertex 12.925251578812457 -12.562095819210498 0
      vertex 12.85343622247828 -12.610081306187558 0
      vertex 6.0832477248002474 -5.195584386641469 0
    endloop
  endfacet
  facet normal 0 0 -1
    outer loop
      vertex 13.000610450286498 -12.519892823392794 0
      vertex 12.925251578812457 -12.562095819210498 0
      vertex 6.47213595499958 -4.702282018339785 0
    endloop
  endfacet
  facet normal 0 0 -1
    outer loop
      vertex 13.0790482243984 -12.483732514237584 0
      vertex 13.000610450286498 -12.519892823392794 0
      vertex 6.47213595499958 -4.702282018339785 0
    endloop
  endfacet
  facet normal 0 0 -1
    outer loop
      vertex 13.160081306187557 -12.453837832075331 0
      vertex 13.0790482243984 -12.483732514237584 0
      vertex 6.821121314832738 -4.17998851772759 0
    endloop
  endfacet
  facet normal 0 0 -1
    outer loop
      vertex 13.243210099758503 -12.430393087562555 0
      vertex 13.160081306187557 -12.453837832075331 0
      vertex 6.821121314832738 -4.17998851772759 0
    endloop
  endfacet
  facet normal 0 0 -1
    outer loop
      vertex 13.327922088455747 -12.413542825345349 0
      vertex 13.243210099758503 -12.430393087562555 0
      vertex 7.128052193506943 -3.6319239979163744 0
    endloop
  endfacet
  facet normal 0 0 -1
    outer loop
      vertex 13.413694994699371 -12.40339093289356 0
      vertex 13.327922088455747 -12.413542825345349 0
      vertex 7.128052193506943 -3.6319239979163744 0
    endloop
  endfacet
  facet normal 0 0 -1
    outer loop
      vertex 13.5 -12.4 0
      vertex 13.413694994699371 -12.40339093289356 0
      vertex 7.391036260090294 -3.0614674589207183 0
    endloop
  endfacet
  facet normal 0 0 -1
    outer loop
      vertex 13.586305005300629 -12.40339093289356 0
      vertex 13.5 -12.4 0
      vertex 7.391036260090294 -3.0614674589207183 0
    endloop
  endfacet
  facet normal 0 0 -1
    outer loop
      vertex 13.672077911544253 -12.413542825345349 0
      vertex 13.586305005300629 -12.40339093289356 0
      vertex 7.608452130361228 -2.472135954999579 0
    endloop
  endfacet
  facet normal 0 0 -1
    outer loop
      vertex 13.756789900241497 -12.430393087562555 0
      vertex 13.672077911544253 -12.413542825345349 0
      vertex 7.7789593631814125 -1.8675629108472431 0
    endloop
  endfacet
  facet normal 0 0 -1
    outer loop
      vertex 13.839918693812443 -12.453837832075331 0
      vertex 13.756789900241497 -12.430393087562555 0
      vertex 7.7789593631814125 -1.8675629108472431 0
    endloop
  endfacet
  facet normal 0 0 -1
    outer loop
      vertex 13.9209517756016 -12.483732514237584 0
      vertex 13.839918693812443 -12.453837832075331 0
      vertex 7.901506724761102 -1.251475720321847 0
    endloop
  endfacet
  facet normal 0 0 -1
    outer loop
      vertex 13.999389549713502 -12.519892823392794 0
      vertex 13.9209517756016 -12.483732514237584 0
      vertex 7.901506724761102 -1.251475720321847 0
    endloop
  endfacet
  facet normal 0 0 -1
    outer loop
      vertex 14.14656377752172 -12.610081306187558 0
      vertex 14.074748421187543 -12.562095819210498 0
      vertex 7.975338669865024 -0.6276727658227595 0
    endloop
  endfacet
  facet normal 0 0 -1
    outer loop
      vertex 14.214392853163202 -12.663553437839965 0
      vertex 14.14656377752172 -12.610081306187558 0
      vertex 7.975338669865024 -0.6276727658227595 0
    endloop
  endfacet
  facet normal 0 0 -1
    outer loop
      vertex 14.074748421187543 -12.562095819210498 0
      vertex 13.999389549713502 -12.519892823392794 0
      vertex 7.975338669865024 -0.6276727658227595 0
    endloop
  endfacet
  facet normal 0 0 -1
    outer loop
      vertex 16.15 -16.15 0
      vertex 13.000610450286498 -14.480107176607206 0
      vertex 13.0790482243984 -14.516267485762416 0
    endloop
  endfacet
  facet normal 0 0 -1
    outer loop
      vertex 16.15 -16.15 0
      vertex 13.0790482243984 -14.516267485762416 0
      vertex 13.160081306187557 -14.546162167924669 0
    endloop
  endfacet
  facet normal 0 0 -1
    outer loop
      vertex 16.15 -16.15 0
      vertex 13.160081306187557 -14.546162167924669 0
      vertex 13.243210099758503 -14.569606912437445 0
    endloop
  endfacet
  facet normal 0 0 -1
    outer loop
      vertex 16.15 -16.15 0
      vertex 13.243210099758503 -14.569606912437445 0
      vertex 13.327922088455747 -14.586457174654651 0
    endloop
  endfacet
  facet normal 0 0 -1
    outer loop
      vertex 16.15 -16.15 0
      vertex 13.327922088455747 -14.586457174654651 0
      vertex 13.413694994699371 -14.59660906710644 0
    endloop
  endfacet
  facet normal 0 0 -1
    outer loop
      vertex 16.15 -16.15 0
      vertex 13.413694994699371 -14.59660906710644 0
      vertex 13.5 -14.6 0
    endloop
  endfacet
  facet normal 0 0 -1
    outer loop
      vertex 16.15 -16.15 0
      vertex 13.5 -14.6 0
      vertex 13.586305005300629 -14.59660906710644 0
    endloop
  endfacet
  facet normal 0 0 -1
    outer loop
      vertex 16.15 -16.15 0
      vertex 13.586305005300629 -14.59660906710644 0
      vertex 13.672077911544253 -14.586457174654651 0
    endloop
  endfacet
  facet normal 0 0 -1
    outer loop
      vertex 16.15 -16.15 0
      vertex 13.672077911544253 -14.586457174654651 0
      vertex 13.756789900241497 -14.569606912437445 0
    endloop
  endfacet
  facet normal 0 0 -1
    outer loop
      vertex 16.15 -16.15 0
      vertex 13.756789900241497 -14.569606912437445 0
      vertex 13.839918693812443 -14.546162167924669 0
    endloop
  endfacet
  facet normal 0 0 -1
    outer loop
      vertex 16.15 -16.15 0
      vertex 13.839918693812443 -14.546162167924669 0
      vertex 13.9209517756016 -14.516267485762416 0
    endloop
  endfacet
  facet normal 0 0 -1
    outer loop
      vertex 16.15 -16.15 0
      vertex 13.9209517756016 -14.516267485762416 0
      vertex 13.999389549713502 -14.480107176607206 0
    endloop
  endfacet
  facet normal 0 0 -1
    outer loop
      vertex 16.15 -16.15 0
      vertex 13.999389549713502 -14.480107176607206 0
      vertex 14.074748421187543 -14.437904180789502 0
    endloop
  endfacet
  facet normal 0 0 -1
    outer loop
      vertex 16.15 -16.15 0
      vertex 14.074748421187543 -14.437904180789502 0
      vertex 14.14656377752172 -14.389918693812442 0
    endloop
  endfacet
  facet normal 0 0 -1
    outer loop
      vertex 16.15 -16.15 0
      vertex 14.14656377752172 -14.389918693812442 0
      vertex 14.214392853163202 -14.336446562160035 0
    endloop
  endfacet
  facet normal 0 0 -1
    outer loop
      vertex 16.15 -16.15 0
      vertex 14.214392853163202 -14.336446562160035 0
      vertex 14.277817459305203 -14.277817459305203 0
    endloop
  endfacet
  facet normal 0 0 -1
    outer loop
      vertex 16.15 -16.15 0
      vertex 14.277817459305203 -14.277817459305203 0
      vertex 14.336446562160035 -14.214392853163202 0
    endloop
  endfacet
  facet normal 0 0 -1
    outer loop
      vertex 16.15 -16.15 0
      vertex 14.336446562160035 -14.214392853163202 0
      vertex 14.389918693812442 -14.14656377752172 0
    endloop
  endfacet
  facet normal 0 0 -1
    outer loop
      vertex 16.15 -16.15 0
      vertex 14.389918693812442 -14.14656377752172 0
      vertex 14.437904180789502 -14.074748421187543 0
    endloop
  endfacet
  facet normal 0 0 -1
    outer loop
      vertex 16.15 -16.15 0
      vertex 14.437904180789502 -14.074748421187543 0
      vertex 14.480107176607206 -13.999389549713502 0
    endloop
  endfacet
  facet normal 0 0 -1
    outer loop
      vertex 16.15 -16.15 0
      vertex 14.480107176607206 -13.999389549713502 0
      vertex 14.516267485762416 -13.9209517756016 0
    endloop
  endfacet
  facet normal 0 0 -1
    outer loop
      vertex 16.15 -16.15 0
      vertex 14.516267485762416 -13.9209517756016 0
      vertex 14.546162167924669 -13.839918693812443 0
    endloop
  endfacet
  facet normal 0 0 -1
    outer loop
      vertex 16.15 -16.15 0
      vertex 14.546162167924669 -13.839918693812443 0
      vertex 14.569606912437445 -13.756789900241497 0
    endloop
  endfacet
  facet normal 0 0 -1
    outer loop
      vertex 16.15 -16.15 0
      vertex 14.569606912437445 -13.756789900241497 0
      vertex 14.586457174654651 -13.672077911544253 0
    endloop
  endfacet
  facet normal 0 0 -1
    outer loop
      vertex 16.15 -16.15 0
      vertex 14.586457174654651 -13.672077911544253 0
      vertex 14.59660906710644 -13.586305005300629 0
    endloop
  endfacet
  facet normal 0 0 -1
    outer loop
      vertex 16.15 -16.15 0
      vertex 14.59660906710644 -13.586305005300629 0
      vertex 14.6 -13.5 0
    endloop
  endfacet
  facet normal 0 0 -1
    outer loop
      vertex 16.15 -16.15 0
      vertex 14.6 -13.5 0
      vertex 14.59660906710644 -13.413694994699371 0
    endloop
  endfacet
  facet normal 0 0 -1
    outer loop
      vertex 16.15 -16.15 0
      vertex 14.59660906710644 -13.413694994699371 0
      vertex 14.586457174654651 -13.327922088455747 0
    endloop
  endfacet
  facet normal 0 0 -1
    outer loop
      vertex 16.15 -16.15 0
      vertex 14.586457174654651 -13.327922088455747 0
      vertex 14.569606912437445 -13.243210099758503 0
    endloop
  endfacet
  facet normal 0 0 -1
    outer loop
      vertex 16.15 -16.15 0
      vertex 14.569606912437445 -13.243210099758503 0
      vertex 14.546162167924669 -13.160081306187557 0
    endloop
  endfacet
  facet normal 0 0 -1
    outer loop
      vertex 16.15 -16.15 0
      vertex 14.546162167924669 -13.160081306187557 0
      vertex 14.516267485762416 -13.0790482243984 0
    endloop
  endfacet
  facet normal 0 0 -1
    outer loop
      vertex 16.15 -16.15 0
      vertex 14.516267485762416 -13.0790482243984 0
      vertex 14.480107176607206 -13.000610450286498 0
    endloop
  endfacet
  facet normal 0 0 -1
    outer loop
      vertex 16.15 -16.15 0
      vertex 14.480107176607206 -13.000610450286498 0
      vertex 7.975338669865024 -0.6276727658227595 0
    endloop
  endfacet
  facet normal 0 0 -1
    outer loop
      vertex 14.437904180789502 -12.925251578812457 0
      vertex 7.975338669865024 -0.6276727658227595 0
      vertex 14.480107176607206 -13.000610450286498 0
    endloop
  endfacet
  facet normal 0 0 -1
    outer loop
      vertex 14.277817459305203 -12.722182540694797 0
      vertex 7.975338669865024 -0.6276727658227595 0
      vertex 14.336446562160035 -12.785607146836798 0
    endloop
  endfacet
  facet normal 0 0 -1
    outer loop
      vertex 14.336446562160035 -12.785607146836798 0
      vertex 7.975338669865024 -0.6276727658227595 0
      vertex 14.389918693812442 -12.85343622247828 0
    endloop
  endfacet
  facet normal 0 0 -1
    outer loop
      vertex 14.214392853163202 -12.663553437839965 0
      vertex 7.975338669865024 -0.6276727658227595 0
      vertex 14.277817459305203 -12.722182540694797 0
    endloop
  endfacet
  facet normal 0 0 -1
    outer loop
      vertex 14.389918693812442 -12.85343622247828 0
      vertex 7.975338669865024 -0.6276727658227595 0
      vertex 14.437904180789502 -12.925251578812457 0
    endloop
  endfacet
  facet normal 0 0 -1
    outer loop
      vertex 5.656854249492381 -5.656854249492381 0
      vertex 6.0832477248002474 -5.195584386641469 0
      vertex 12.722182540694797 -12.722182540694797 0
    endloop
  endfacet
  facet normal 0 0 -1
    outer loop
      vertex 6.47213595499958 -4.702282018339785 0
      vertex 12.925251578812457 -12.562095819210498 0
      vertex 6.0832477248002474 -5.195584386641469 0
    endloop
  endfacet
  facet normal 0 0 -1
    outer loop
      vertex 6.821121314832738 -4.17998851772759 0
      vertex 13.0790482243984 -12.483732514237584 0
      vertex 6.47213595499958 -4.702282018339785 0
    endloop
  endfacet
  facet normal 0 0 -1
    outer loop
      vertex 7.128052193506943 -3.6319239979163744 0
      vertex 13.243210099758503 -12.430393087562555 0
      vertex 6.821121314832738 -4.17998851772759 0
    endloop
  endfacet
  facet normal 0 0 -1
    outer loop
      vertex 7.391036260090294 -3.0614674589207183 0
      vertex 13.413694994699371 -12.40339093289356 0
      vertex 7.128052193506943 -3.6319239979163744 0
    endloop
  endfacet
  facet normal 0 0 -1
    outer loop
      vertex 13.586305005300629 -12.40339093289356 0
      vertex 7.391036260090294 -3.0614674589207183 0
      vertex 7.608452130361228 -2.472135954999579 0
    endloop
  endfacet
  facet normal 0 0 -1
    outer loop
      vertex 7.7789593631814125 -1.8675629108472431 0
      vertex 13.672077911544253 -12.413542825345349 0
      vertex 7.608452130361228 -2.472135954999579 0
    endloop
  endfacet
  facet normal 0 0 -1
    outer loop
      vertex 13.839918693812443 -12.453837832075331 0
      vertex 7.7789593631814125 -1.8675629108472431 0
      vertex 7.901506724761102 -1.251475720321847 0
    endloop
  endfacet
  facet normal 0 0 -1
    outer loop
      vertex 13.999389549713502 -12.519892823392794 0
      vertex 7.901506724761102 -1.251475720321847 0
      vertex 7.975338669865024 -0.6276727658227595 0
    endloop
  endfacet
  facet normal 0 0 -1
    outer loop
      vertex 16.15 -16.15 0
      vertex 7.975338669865024 -0.6276727658227595 0
      vertex 8 0 0
    endloop
  endfacet
  facet normal 0 0 -1
    outer loop
      vertex 16.15 -16.15 0
      vertex 8 0 0
      vertex 7.975338669865024 0.6276727658227595 0
    endloop
  endfacet
  facet normal 0 0 -1
    outer loop
      vertex 16.15 -16.15 0
      vertex 7.975338669865024 0.6276727658227595 0
      vertex 7.901506724761102 1.251475720321847 0
    endloop
  endfacet
  facet normal 0 0 -1
    outer loop
      vertex 16.15 -16.15 0
      vertex 7.901506724761102 1.251475720321847 0
      vertex 13.9209517756016 12.483732514237584 0
    endloop
  endfacet
  facet normal 1 0 0
    outer loop
      vertex 16.15 -16.15 0
      vertex 16.15 16.15 0
      vertex 16.15 -16.15 0.5
    endloop
  endfacet
  facet normal 0 0 1
    outer loop
      vertex -16.15 -16.15 0.5
      vertex 12.610081306187558 -14.14656377752172 0.5
      vertex 12.562095819210498 -14.074748421187543 0.5
    endloop
  endfacet
  facet normal 0 0 1
    outer loop
      vertex -16.15 -16.15 0.5
      vertex 12.483732514237584 -13.9209517756016 0.5
      vertex 12.453837832075331 -13.839918693812443 0.5
    endloop
  endfacet
  facet normal 0 0 1
    outer loop
      vertex -16.15 -16.15 0.5
      vertex 12.519892823392794 -13.999389549713502 0.5
      vertex 12.483732514237584 -13.9209517756016 0.5
    endloop
  endfacet
  facet normal 0 0 1
    outer loop
      vertex -16.15 -16.15 0.5
      vertex 12.562095819210498 -14.074748421187543 0.5
      vertex 12.519892823392794 -13.999389549713502 0.5
    endloop
  endfacet
  facet normal 0 0 1
    outer loop
      vertex -16.15 -16.15 0.5
      vertex 12.430393087562555 -13.756789900241497 0.5
      vertex 12.413542825345349 -13.672077911544253 0.5
    endloop
  endfacet
  facet normal 0 0 1
    outer loop
      vertex -16.15 -16.15 0.5
      vertex 12.413542825345349 -13.672077911544253 0.5
      vertex 12.40339093289356 -13.586305005300629 0.5
    endloop
  endfacet
  facet normal 0 0 1
    outer loop
      vertex -16.15 -16.15 0.5
      vertex 12.40339093289356 -13.586305005300629 0.5
      vertex 12.4 -13.5 0.5
    endloop
  endfacet
  facet normal 0 0 1
    outer loop
      vertex -16.15 -16.15 0.5
      vertex 12.453837832075331 -13.839918693812443 0.5
      vertex 12.430393087562555 -13.756789900241497 0.5
    endloop
  endfacet
  facet normal 0 0 1
    outer loop
      vertex -16.15 -16.15 0.5
      vertex 12.785607146836798 -14.336446562160035 0.5
      vertex 12.722182540694797 -14.277817459305203 0.5
    endloop
  endfacet
  facet normal 0 0 1
    outer loop
      vertex -16.15 -16.15 0.5
      vertex 13.000610450286498 -14.480107176607206 0.5
      vertex 12.925251578812457 -14.437904180789502 0.5
    endloop
  endfacet
  facet normal 0 0 1
    outer loop
      vertex -16.15 -16.15 0.5
      vertex 12.85343622247828 -14.389918693812442 0.5
      vertex 12.785607146836798 -14.336446562160035 0.5
    endloop
  endfacet
  facet normal 0 0 1
    outer loop
      vertex -16.15 -16.15 0.5
      vertex 12.925251578812457 -14.437904180789502 0.5
      vertex 12.85343622247828 -14.389918693812442 0.5
    endloop
  endfacet
  facet normal 0 0 1
    outer loop
      vertex -16.15 -16.15 0.5
      vertex 12.663553437839965 -14.214392853163202 0.5
      vertex 12.610081306187558 -14.14656377752172 0.5
    endloop
  endfacet
  facet normal 0 0 1
    outer loop
      vertex -16.15 -16.15 0.5
      vertex 12.722182540694797 -14.277817459305203 0.5
      vertex 12.663553437839965 -14.214392853163202 0.5
    endloop
  endfacet
  facet normal 0 0 1
    outer loop
      vertex -16.15 -16.15 0.5
      vertex 13.0790482243984 -14.516267485762416 0.5
      vertex 13.000610450286498 -14.480107176607206 0.5
    endloop
  endfacet
  facet normal 0 0 1
    outer loop
      vertex -16.15 -16.15 0.5
      vertex 13.160081306187557 -14.546162167924669 0.5
      vertex 13.0790482243984 -14.516267485762416 0.5
    endloop
  endfacet
  facet normal 0 0 1
    outer loop
      vertex -16.15 -16.15 0.5
      vertex 13.243210099758503 -14.569606912437445 0.5
      vertex 13.160081306187557 -14.546162167924669 0.5
    endloop
  endfacet
  facet normal 0 0 1
    outer loop
      vertex -16.15 -16.15 0.5
      vertex 13.327922088455747 -14.586457174654651 0.5
      vertex 13.243210099758503 -14.569606912437445 0.5
    endloop
  endfacet
  facet normal 0 0 1
    outer loop
      vertex -16.15 -16.15 0.5
      vertex 13.413694994699371 -14.59660906710644 0.5
      vertex 13.327922088455747 -14.586457174654651 0.5
    endloop
  endfacet
  facet normal 0 0 1
    outer loop
      vertex -16.15 -16.15 0.5
      vertex 13.5 -14.6 0.5
      vertex 13.413694994699371 -14.59660906710644 0.5
    endloop
  endfacet
  facet normal 0 0 1
    outer loop
      vertex -16.15 -16.15 0.5
      vertex 13.586305005300629 -14.59660906710644 0.5
      vertex 13.5 -14.6 0.5
    endloop
  endfacet
  facet normal 0 0 1
    outer loop
      vertex -12.4 -13.5 0.5
      vertex 12.4 -13.5 0.5
      vertex 1.8675629108472431 -7.7789593631814125 0.5
    endloop
  endfacet
  facet normal 0 0 1
    outer loop
      vertex -16.15 -16.15 0.5
      vertex 16.15 -16.15 0.5
      vertex 13.586305005300629 -14.59660906710644 0.5
    endloop
  endfacet
  facet normal 0 0 1
    outer loop
      vertex 2.472135954999579 -7.608452130361228 0.5
      vertex 1.8675629108472431 -7.7789593631814125 0.5
      vertex 12.4 -13.5 0.5
    endloop
  endfacet
  facet normal 0 0 1
    outer loop
      vertex 3.0614674589207183 -7.391036260090294 0.5
      vertex 2.472135954999579 -7.608452130361228 0.5
      vertex 12.4 -13.5 0.5
    endloop
  endfacet
  facet normal 0 0 1
    outer loop
      vertex 3.6319239979163744 -7.128052193506943 0.5
      vertex 3.0614674589207183 -7.391036260090294 0.5
      vertex 12.40339093289356 -13.413694994699371 0.5
    endloop
  endfacet
  facet normal 0 0 1
    outer loop
      vertex 4.17998851772759 -6.821121314832738 0.5
      vertex 3.6319239979163744 -7.128052193506943 0.5
      vertex 12.430393087562555 -13.243210099758503 0.5
    endloop
  endfacet
  facet normal 0 0 1
    outer loop
      vertex 4.702282018339785 -6.47213595499958 0.5
      vertex 4.17998851772759 -6.821121314832738 0.5
      vertex 12.483732514237584 -13.0790482243984 0.5
    endloop
  endfacet
  facet normal 0 0 1
    outer loop
      vertex 5.195584386641469 -6.0832477248002474 0.5
      vertex 4.702282018339785 -6.47213595499958 0.5
      vertex 12.562095819210498 -12.925251578812457 0.5
    endloop
  endfacet
  facet normal 0 0 1
    outer loop
      vertex 12.722182540694797 -12.722182540694797 0.5
      vertex 5.656854249492381 -5.656854249492381 0.5
      vertex 5.195584386641469 -6.0832477248002474 0.5
    endloop
  endfacet
  facet normal 0 0 1
    outer loop
      vertex 3.0614674589207183 -7.391036260090294 0.5
      vertex 12.4 -13.5 0.5
      vertex 12.40339093289356 -13.413694994699371 0.5
    endloop
  endfacet
  facet normal 0 0 1
    outer loop
      vertex 3.6319239979163744 -7.128052193506943 0.5
      vertex 12.40339093289356 -13.413694994699371 0.5
      vertex 12.413542825345349 -13.327922088455747 0.5
    endloop
  endfacet
  facet normal 0 0 1
    outer loop
      vertex 3.6319239979163744 -7.128052193506943 0.5
      vertex 12.413542825345349 -13.327922088455747 0.5
      vertex 12.430393087562555 -13.243210099758503 0.5
    endloop
  endfacet
  facet normal 0 0 1
    outer loop
      vertex 4.17998851772759 -6.821121314832738 0.5
      vertex 12.430393087562555 -13.243210099758503 0.5
      vertex 12.453837832075331 -13.160081306187557 0.5
    endloop
  endfacet
  facet normal 0 0 1
    outer loop
      vertex 4.17998851772759 -6.821121314832738 0.5
      vertex 12.453837832075331 -13.160081306187557 0.5
      vertex 12.483732514237584 -13.0790482243984 0.5
    endloop
  endfacet
  facet normal 0 0 1
    outer loop
      vertex 4.702282018339785 -6.47213595499958 0.5
      vertex 12.483732514237584 -13.0790482243984 0.5
      vertex 12.519892823392794 -13.000610450286498 0.5
    endloop
  endfacet
  facet normal 0 0 1
    outer loop
      vertex 4.702282018339785 -6.47213595499958 0.5
      vertex 12.519892823392794 -13.000610450286498 0.5
      vertex 12.562095819210498 -12.925251578812457 0.5
    endloop
  endfacet
  facet normal 0 0 1
    outer loop
      vertex 5.195584386641469 -6.0832477248002474 0.5
      vertex 12.562095819210498 -12.925251578812457 0.5
      vertex 12.610081306187558 -12.85343622247828 0.5
    endloop
  endfacet
  facet normal 0 0 1
    outer loop
      vertex 5.195584386641469 -6.0832477248002474 0.5
      vertex 12.610081306187558 -12.85343622247828 0.5
      vertex 12.663553437839965 -12.785607146836798 0.5
    endloop
  endfacet
  facet normal 0 0 1
    outer loop
      vertex 12.722182540694797 -12.722182540694797 0.5
      vertex 5.195584386641469 -6.0832477248002474 0.5
      vertex 12.663553437839965 -12.785607146836798 0.5
    endloop
  endfacet
  facet normal 0 0 1
    outer loop
      vertex 12.722182540694797 -12.722182540694797 0.5
      vertex 12.785607146836798 -12.663553437839965 0.5
      vertex 5.656854249492381 -5.656854249492381 0.5
    endloop
  endfacet
  facet normal 0 0 1
    outer loop
      vertex 12.785607146836798 -12.663553437839965 0.5
      vertex 12.85343622247828 -12.610081306187558 0.5
      vertex 6.0832477248002474 -5.195584386641469 0.5
    endloop
  endfacet
  facet normal 0 0 1
    outer loop
      vertex 12.85343622247828 -12.610081306187558 0.5
      vertex 12.925251578812457 -12.562095819210498 0.5
      vertex 6.0832477248002474 -5.195584386641469 0.5
    endloop
  endfacet
  facet normal 0 0 1
    outer loop
      vertex 12.925251578812457 -12.562095819210498 0.5
      vertex 13.000610450286498 -12.519892823392794 0.5
      vertex 6.47213595499958 -4.702282018339785 0.5
    endloop
  endfacet
  facet normal 0 0 1
    outer loop
      vertex 13.000610450286498 -12.519892823392794 0.5
      vertex 13.0790482243984 -12.483732514237584 0.5
      vertex 6.47213595499958 -4.702282018339785 0.5
    endloop
  endfacet
  facet normal 0 0 1
    outer loop
      vertex 13.0790482243984 -12.483732514237584 0.5
      vertex 13.160081306187557 -12.453837832075331 0.5
      vertex 6.821121314832738 -4.17998851772759 0.5
    endloop
  endfacet
  facet normal 0 0 1
    outer loop
      vertex 13.160081306187557 -12.453837832075331 0.5
      vertex 13.243210099758503 -12.430393087562555 0.5
      vertex 6.821121314832738 -4.17998851772759 0.5
    endloop
  endfacet
  facet normal 0 0 1
    outer loop
      vertex 13.243210099758503 -12.430393087562555 0.5
      vertex 13.327922088455747 -12.413542825345349 0.5
      vertex 7.128052193506943 -3.6319239979163744 0.5
    endloop
  endfacet
  facet normal 0 0 1
    outer loop
      vertex 13.327922088455747 -12.413542825345349 0.5
      vertex 13.413694994699371 -12.40339093289356 0.5
      vertex 7.128052193506943 -3.6319239979163744 0.5
    endloop
  endfacet
  facet normal 0 0 1
    outer loop
      vertex 13.413694994699371 -12.40339093289356 0.5
      vertex 13.5 -12.4 0.5
      vertex 7.391036260090294 -3.0614674589207183 0.5
    endloop
  endfacet
  facet normal 0 0 1
    outer loop
      vertex 13.5 -12.4 0.5
      vertex 13.586305005300629 -12.40339093289356 0.5
      vertex 7.391036260090294 -3.0614674589207183 0.5
    endloop
  endfacet
  facet normal 0 0 1
    outer loop
      vertex 13.586305005300629 -12.40339093289356 0.5
      vertex 13.672077911544253 -12.413542825345349 0.5
      vertex 7.608452130361228 -2.472135954999579 0.5
    endloop
  endfacet
  facet normal 0 0 1
    outer loop
      vertex 13.672077911544253 -12.413542825345349 0.5
      vertex 13.756789900241497 -12.430393087562555 0.5
      vertex 7.608452130361228 -2.472135954999579 0.5
    endloop
  endfacet
  facet normal 0 0 1
    outer loop
      vertex 13.756789900241497 -12.430393087562555 0.5
      vertex 13.839918693812443 -12.453837832075331 0.5
      vertex 7.7789593631814125 -1.8675629108472431 0.5
    endloop
  endfacet
  facet normal 0 0 1
    outer loop
      vertex 13.839918693812443 -12.453837832075331 0.5
      vertex 13.9209517756016 -12.483732514237584 0.5
      vertex 7.7789593631814125 -1.8675629108472431 0.5
    endloop
  endfacet
  facet normal 0 0 1
    outer loop
      vertex 13.9209517756016 -12.483732514237584 0.5
      vertex 13.999389549713502 -12.519892823392794 0.5
      vertex 7.901506724761102 -1.251475720321847 0.5
    endloop
  endfacet
  facet normal 0 0 1
    outer loop
      vertex 14.074748421187543 -12.562095819210498 0.5
      vertex 14.14656377752172 -12.610081306187558 0.5
      vertex 7.975338669865024 -0.6276727658227595 0.5
    endloop
  endfacet
  facet normal 0 0 1
    outer loop
      vertex 13.999389549713502 -12.519892823392794 0.5
      vertex 14.074748421187543 -12.562095819210498 0.5
      vertex 7.975338669865024 -0.6276727658227595 0.5
    endloop
  endfacet
  facet normal 0 0 1
    outer loop
      vertex 16.15 -16.15 0.5
      vertex 13.672077911544253 -14.586457174654651 0.5
      vertex 13.586305005300629 -14.59660906710644 0.5
    endloop
  endfacet
  facet normal 0 0 1
    outer loop
      vertex 16.15 -16.15 0.5
      vertex 13.756789900241497 -14.569606912437445 0.5
      vertex 13.672077911544253 -14.586457174654651 0.5
    endloop
  endfacet
  facet normal 0 0 1
    outer loop
      vertex 16.15 -16.15 0.5
      vertex 13.839918693812443 -14.546162167924669 0.5
      vertex 13.756789900241497 -14.569606912437445 0.5
    endloop
  endfacet
  facet normal 0 0 1
    outer loop
      vertex 16.15 -16.15 0.5
      vertex 13.9209517756016 -14.516267485762416 0.5
      vertex 13.839918693812443 -14.546162167924669 0.5
    endloop
  endfacet
  facet normal 0 0 1
    outer loop
      vertex 16.15 -16.15 0.5
      vertex 13.999389549713502 -14.480107176607206 0.5
      vertex 13.9209517756016 -14.516267485762416 0.5
    endloop
  endfacet
  facet normal 0 0 1
    outer loop
      vertex 16.15 -16.15 0.5
      vertex 14.074748421187543 -14.437904180789502 0.5
      vertex 13.999389549713502 -14.480107176607206 0.5
    endloop
  endfacet
  facet normal 0 0 1
    outer loop
      vertex 16.15 -16.15 0.5
      vertex 14.14656377752172 -14.389918693812442 0.5
      vertex 14.074748421187543 -14.437904180789502 0.5
    endloop
  endfacet
  facet normal 0 0 1
    outer loop
      vertex 16.15 -16.15 0.5
      vertex 14.214392853163202 -14.336446562160035 0.5
      vertex 14.14656377752172 -14.389918693812442 0.5
    endloop
  endfacet
  facet normal 0 0 1
    outer loop
      vertex 16.15 -16.15 0.5
      vertex 14.277817459305203 -14.277817459305203 0.5
      vertex 14.214392853163202 -14.336446562160035 0.5
    endloop
  endfacet
  facet normal 0 0 1
    outer loop
      vertex 16.15 -16.15 0.5
      vertex 14.336446562160035 -14.214392853163202 0.5
      vertex 14.277817459305203 -14.277817459305203 0.5
    endloop
  endfacet
  facet normal 0 0 1
    outer loop
      vertex 16.15 -16.15 0.5
      vertex 14.389918693812442 -14.14656377752172 0.5
      vertex 14.336446562160035 -14.214392853163202 0.5
    endloop
  endfacet
  facet normal 0 0 1
    outer loop
      vertex 16.15 -16.15 0.5
      vertex 14.437904180789502 -14.074748421187543 0.5
      vertex 14.389918693812442 -14.14656377752172 0.5
    endloop
  endfacet
  facet normal 0 0 1
    outer loop
      vertex 16.15 -16.15 0.5
      vertex 14.480107176607206 -13.999389549713502 0.5
      vertex 14.437904180789502 -14.074748421187543 0.5
    endloop
  endfacet
  facet normal 0 0 1
    outer loop
      vertex 16.15 -16.15 0.5
      vertex 14.516267485762416 -13.9209517756016 0.5
      vertex 14.480107176607206 -13.999389549713502 0.5
    endloop
  endfacet
  facet normal 0 0 1
    outer loop
      vertex 16.15 -16.15 0.5
      vertex 14.546162167924669 -13.839918693812443 0.5
      vertex 14.516267485762416 -13.9209517756016 0.5
    endloop
  endfacet
  facet normal 0 0 1
    outer loop
      vertex 16.15 -16.15 0.5
      vertex 14.569606912437445 -13.756789900241497 0.5
      vertex 14.546162167924669 -13.839918693812443 0.5
    endloop
  endfacet
  facet normal 0 0 1
    outer loop
      vertex 16.15 -16.15 0.5
      vertex 14.586457174654651 -13.672077911544253 0.5
      vertex 14.569606912437445 -13.756789900241497 0.5
    endloop
  endfacet
  facet normal 0 0 1
    outer loop
      vertex 16.15 -16.15 0.5
      vertex 14.59660906710644 -13.586305005300629 0.5
      vertex 14.586457174654651 -13.672077911544253 0.5
    endloop
  endfacet
  facet normal 0 0 1
    outer loop
      vertex 16.15 -16.15 0.5
      vertex 14.6 -13.5 0.5
      vertex 14.59660906710644 -13.586305005300629 0.5
    endloop
  endfacet
  facet normal 0 0 1
    outer loop
      vertex 16.15 -16.15 0.5
      vertex 14.59660906710644 -13.413694994699371 0.5
      vertex 14.6 -13.5 0.5
    endloop
  endfacet
  facet normal 0 0 1
    outer loop
      vertex 5.656854249492381 -5.656854249492381 0.5
      vertex 12.785607146836798 -12.663553437839965 0.5
      vertex 6.0832477248002474 -5.195584386641469 0.5
    endloop
  endfacet
  facet normal 0 0 1
    outer loop
      vertex 6.0832477248002474 -5.195584386641469 0.5
      vertex 12.925251578812457 -12.562095819210498 0.5
      vertex 6.47213595499958 -4.702282018339785 0.5
    endloop
  endfacet
  facet normal 0 0 1
    outer loop
      vertex 6.47213595499958 -4.702282018339785 0.5
      vertex 13.0790482243984 -12.483732514237584 0.5
      vertex 6.821121314832738 -4.17998851772759 0.5
    endloop
  endfacet
  facet normal 0 0 1
    outer loop
      vertex 6.821121314832738 -4.17998851772759 0.5
      vertex 13.243210099758503 -12.430393087562555 0.5
      vertex 7.128052193506943 -3.6319239979163744 0.5
    endloop
  endfacet
  facet normal 0 0 1
    outer loop
      vertex 7.128052193506943 -3.6319239979163744 0.5
      vertex 13.413694994699371 -12.40339093289356 0.5
      vertex 7.391036260090294 -3.0614674589207183 0.5
    endloop
  endfacet
  facet normal 0 0 1
    outer loop
      vertex 13.586305005300629 -12.40339093289356 0.5
      vertex 7.608452130361228 -2.472135954999579 0.5
      vertex 7.391036260090294 -3.0614674589207183 0.5
    endloop
  endfacet
  facet normal 0 0 1
    outer loop
      vertex 13.756789900241497 -12.430393087562555 0.5
      vertex 7.7789593631814125 -1.8675629108472431 0.5
      vertex 7.608452130361228 -2.472135954999579 0.5
    endloop
  endfacet
  facet normal 0 0 1
    outer loop
      vertex 13.9209517756016 -12.483732514237584 0.5
      vertex 7.901506724761102 -1.251475720321847 0.5
      vertex 7.7789593631814125 -1.8675629108472431 0.5
    endloop
  endfacet
  facet normal 0 0 1
    outer loop
      vertex 13.999389549713502 -12.519892823392794 0.5
      vertex 7.975338669865024 -0.6276727658227595 0.5
      vertex 7.901506724761102 -1.251475720321847 0.5
    endloop
  endfacet
  facet normal 0 0 1
    outer loop
      vertex 14.14656377752172 -12.610081306187558 0.5
      vertex 8 0 0.5
      vertex 7.975338669865024 -0.6276727658227595 0.5
    endloop
  endfacet
  facet normal 0 0 1
    outer loop
      vertex 14.59660906710644 -13.413694994699371 0.5
      vertex 12.610081306187558 12.85343622247828 0.5
      vertex 14.586457174654651 -13.327922088455747 0.5
    endloop
  endfacet
  facet normal 0 0 1
    outer loop
      vertex 14.586457174654651 -13.327922088455747 0.5
      vertex 12.610081306187558 12.85343622247828 0.5
      vertex 14.569606912437445 -13.243210099758503 0.5
    endloop
  endfacet
  facet normal 0 0 1
    outer loop
      vertex 14.437904180789502 -12.925251578812457 0.5
      vertex 12.610081306187558 12.85343622247828 0.5
      vertex 14.389918693812442 -12.85343622247828 0.5
    endloop
  endfacet
  facet normal 0 0 1
    outer loop
      vertex 14.480107176607206 -13.000610450286498 0.5
      vertex 12.610081306187558 12.85343622247828 0.5
      vertex 14.437904180789502 -12.925251578812457 0.5
    endloop
  endfacet
  facet normal 0 0 1
    outer loop
      vertex 14.516267485762416 -13.0790482243984 0.5
      vertex 12.610081306187558 12.85343622247828 0.5
      vertex 14.480107176607206 -13.000610450286498 0.5
    endloop
  endfacet
  facet normal 0 0 1
    outer loop
      vertex 14.214392853163202 -12.663553437839965 0.5
      vertex 14.277817459305203 -12.722182540694797 0.5
      vertex 12.610081306187558 12.85343622247828 0.5
    endloop
  endfacet
  facet normal 0 0 1
    outer loop
      vertex 14.336446562160035 -12.785607146836798 0.5
      vertex 12.610081306187558 12.85343622247828 0.5
      vertex 14.277817459305203 -12.722182540694797 0.5
    endloop
  endfacet
  facet normal 0 0 1
    outer loop
      vertex 14.14656377752172 -12.610081306187558 0.5
      vertex 14.214392853163202 -12.663553437839965 0.5
      vertex 12.610081306187558 12.85343622247828 0.5
    endloop
  endfacet
  facet normal 0 0 1
    outer loop
      vertex 14.389918693812442 -12.85343622247828 0.5
      vertex 12.610081306187558 12.85343622247828 0.5
      vertex 14.336446562160035 -12.785607146836798 0.5
    endloop
  endfacet
  facet normal 0 0 1
    outer loop
      vertex 14.569606912437445 -13.243210099758503 0.5
      vertex 12.610081306187558 12.85343622247828 0.5
      vertex 14.546162167924669 -13.160081306187557 0.5
    endloop
  endfacet
  facet normal 0 0 1
    outer loop
      vertex 14.546162167924669 -13.160081306187557 0.5
      vertex 12.610081306187558 12.85343622247828 0.5
      vertex 14.516267485762416 -13.0790482243984 0.5
    endloop
  endfacet
  facet normal 0 0 1
    outer loop
      vertex 16.15 -16.15 0.5
      vertex 12.610081306187558 12.85343622247828 0.5
      vertex 14.59660906710644 -13.413694994699371 0.5
    endloop
  endfacet
  facet normal 0 0 -1
    outer loop
      vertex -16.15 16.15 0
      vertex 12.519892823392794 13.999389549713502 0
      vertex 12.483732514237584 13.9209517756016 0
    endloop
  endfacet
  facet normal 0 0 -1
    outer loop
      vertex -16.15 16.15 0
      vertex 12.562095819210498 14.074748421187543 0
      vertex 12.519892823392794 13.999389549713502 0
    endloop
  endfacet
  facet normal 0 0 -1
    outer loop
      vertex -16.15 16.15 0
      vertex 12.610081306187558 14.14656377752172 0
      vertex 12.562095819210498 14.074748421187543 0
    endloop
  endfacet
  facet normal 0 0 -1
    outer loop
      vertex -16.15 16.15 0
      vertex 12.663553437839965 14.214392853163202 0
      vertex 12.610081306187558 14.14656377752172 0
    endloop
  endfacet
  facet normal 0 0 -1
    outer loop
      vertex -16.15 16.15 0
      vertex 12.722182540694797 14.277817459305203 0
      vertex 12.663553437839965 14.214392853163202 0
    endloop
  endfacet
  facet normal 0 0 -1
    outer loop
      vertex -16.15 16.15 0
      vertex 12.785607146836798 14.336446562160035 0
      vertex 12.722182540694797 14.277817459305203 0
    endloop
  endfacet
  facet normal 0 0 -1
    outer loop
      vertex -16.15 16.15 0
      vertex 12.85343622247828 14.389918693812442 0
      vertex 12.785607146836798 14.336446562160035 0
    endloop
  endfacet
  facet normal 0 0 -1
    outer loop
      vertex -16.15 16.15 0
      vertex 12.925251578812457 14.437904180789502 0
      vertex 12.85343622247828 14.389918693812442 0
    endloop
  endfacet
  facet normal 0 0 -1
    outer loop
      vertex -16.15 16.15 0
      vertex 13.000610450286498 14.480107176607206 0
      vertex 12.925251578812457 14.437904180789502 0
    endloop
  endfacet
  facet normal 0 0 -1
    outer loop
      vertex -16.15 16.15 0
      vertex 13.0790482243984 14.516267485762416 0
      vertex 13.000610450286498 14.480107176607206 0
    endloop
  endfacet
  facet normal 0 0 -1
    outer loop
      vertex -16.15 16.15 0
      vertex 13.160081306187557 14.546162167924669 0
      vertex 13.0790482243984 14.516267485762416 0
    endloop
  endfacet
  facet normal 0 0 -1
    outer loop
      vertex -16.15 16.15 0
      vertex 13.243210099758503 14.569606912437445 0
      vertex 13.160081306187557 14.546162167924669 0
    endloop
  endfacet
  facet normal 0 0 -1
    outer loop
      vertex -16.15 16.15 0
      vertex 13.327922088455747 14.586457174654651 0
      vertex 13.243210099758503 14.569606912437445 0
    endloop
  endfacet
  facet normal 0 0 -1
    outer loop
      vertex -16.15 16.15 0
      vertex 13.413694994699371 14.59660906710644 0
      vertex 13.327922088455747 14.586457174654651 0
    endloop
  endfacet
  facet normal 0 0 -1
    outer loop
      vertex -16.15 16.15 0
      vertex 13.5 14.6 0
      vertex 13.413694994699371 14.59660906710644 0
    endloop
  endfacet
  facet normal 0 0 -1
    outer loop
      vertex -16.15 16.15 0
      vertex 13.586305005300629 14.59660906710644 0
      vertex 13.5 14.6 0
    endloop
  endfacet
  facet normal 0 0 -1
    outer loop
      vertex 1.8675629108472431 7.7789593631814125 0
      vertex 1.251475720321847 7.901506724761102 0
      vertex 12.453837832075331 13.839918693812443 0
    endloop
  endfacet
  facet normal 0 0 -1
    outer loop
      vertex 3.0614674589207183 7.391036260090294 0
      vertex 2.472135954999579 7.608452130361228 0
      vertex 12.40339093289356 13.586305005300629 0
    endloop
  endfacet
  facet normal 0 0 -1
    outer loop
      vertex 2.472135954999579 7.608452130361228 0
      vertex 1.8675629108472431 7.7789593631814125 0
      vertex 12.413542825345349 13.672077911544253 0
    endloop
  endfacet
  facet normal 0 0 -1
    outer loop
      vertex 4.17998851772759 6.821121314832738 0
      vertex 3.6319239979163744 7.128052193506943 0
      vertex 12.430393087562555 13.243210099758503 0
    endloop
  endfacet
  facet normal 0 0 -1
    outer loop
      vertex 3.6319239979163744 7.128052193506943 0
      vertex 3.0614674589207183 7.391036260090294 0
      vertex 12.40339093289356 13.413694994699371 0
    endloop
  endfacet
  facet normal 0 0 -1
    outer loop
      vertex 5.195584386641469 6.0832477248002474 0
      vertex 4.702282018339785 6.47213595499958 0
      vertex 12.562095819210498 12.925251578812457 0
    endloop
  endfacet
  facet normal 0 0 -1
    outer loop
      vertex 4.702282018339785 6.47213595499958 0
      vertex 4.17998851772759 6.821121314832738 0
      vertex 12.483732514237584 13.0790482243984 0
    endloop
  endfacet
  facet normal 0 0 -1
    outer loop
      vertex 12.722182540694797 12.722182540694797 0
      vertex 5.656854249492381 5.656854249492381 0
      vertex 5.195584386641469 6.0832477248002474 0
    endloop
  endfacet
  facet normal 0 0 -1
    outer loop
      vertex -16.15 16.15 0
      vertex 16.15 16.15 0
      vertex 13.586305005300629 14.59660906710644 0
    endloop
  endfacet
  facet normal 0 0 -1
    outer loop
      vertex 7.391036260090294 3.0614674589207183 0
      vertex 13.586305005300629 12.40339093289356 0
      vertex 7.608452130361228 2.472135954999579 0
    endloop
  endfacet
  facet normal 0 0 -1
    outer loop
      vertex 7.7789593631814125 1.8675629108472431 0
      vertex 13.9209517756016 12.483732514237584 0
      vertex 7.901506724761102 1.251475720321847 0
    endloop
  endfacet
  facet normal 0 0 -1
    outer loop
      vertex 7.608452130361228 2.472135954999579 0
      vertex 13.756789900241497 12.430393087562555 0
      vertex 7.7789593631814125 1.8675629108472431 0
    endloop
  endfacet
  facet normal 0 0 -1
    outer loop
      vertex 6.821121314832738 4.17998851772759 0
      vertex 13.243210099758503 12.430393087562555 0
      vertex 7.128052193506943 3.6319239979163744 0
    endloop
  endfacet
  facet normal 0 0 -1
    outer loop
      vertex 6.0832477248002474 5.195584386641469 0
      vertex 12.925251578812457 12.562095819210498 0
      vertex 6.47213595499958 4.702282018339785 0
    endloop
  endfacet
  facet normal 0 0 -1
    outer loop
      vertex 5.656854249492381 5.656854249492381 0
      vertex 12.785607146836798 12.663553437839965 0
      vertex 6.0832477248002474 5.195584386641469 0
    endloop
  endfacet
  facet normal 0 0 -1
    outer loop
      vertex 6.47213595499958 4.702282018339785 0
      vertex 13.0790482243984 12.483732514237584 0
      vertex 6.821121314832738 4.17998851772759 0
    endloop
  endfacet
  facet normal 0 0 -1
    outer loop
      vertex 7.128052193506943 3.6319239979163744 0
      vertex 13.413694994699371 12.40339093289356 0
      vertex 7.391036260090294 3.0614674589207183 0
    endloop
  endfacet
  facet normal 0 0 -1
    outer loop
      vertex 16.15 -16.15 0
      vertex 13.9209517756016 12.483732514237584 0
      vertex 13.999389549713502 12.519892823392794 0
    endloop
  endfacet
  facet normal 0 0 -1
    outer loop
      vertex 16.15 -16.15 0
      vertex 13.999389549713502 12.519892823392794 0
      vertex 14.074748421187543 12.562095819210498 0
    endloop
  endfacet
  facet normal 0 0 -1
    outer loop
      vertex 16.15 -16.15 0
      vertex 14.074748421187543 12.562095819210498 0
      vertex 14.14656377752172 12.610081306187558 0
    endloop
  endfacet
  facet normal 0 0 -1
    outer loop
      vertex 16.15 -16.15 0
      vertex 14.14656377752172 12.610081306187558 0
      vertex 14.214392853163202 12.663553437839965 0
    endloop
  endfacet
  facet normal 0 0 -1
    outer loop
      vertex 16.15 -16.15 0
      vertex 14.214392853163202 12.663553437839965 0
      vertex 14.277817459305203 12.722182540694797 0
    endloop
  endfacet
  facet normal 0 0 -1
    outer loop
      vertex 16.15 -16.15 0
      vertex 14.277817459305203 12.722182540694797 0
      vertex 14.336446562160035 12.785607146836798 0
    endloop
  endfacet
  facet normal 0 0 -1
    outer loop
      vertex 16.15 -16.15 0
      vertex 14.336446562160035 12.785607146836798 0
      vertex 14.389918693812442 12.85343622247828 0
    endloop
  endfacet
  facet normal 0 0 -1
    outer loop
      vertex 16.15 -16.15 0
      vertex 14.389918693812442 12.85343622247828 0
      vertex 14.437904180789502 12.925251578812457 0
    endloop
  endfacet
  facet normal 0 0 -1
    outer loop
      vertex 16.15 -16.15 0
      vertex 14.437904180789502 12.925251578812457 0
      vertex 14.480107176607206 13.000610450286498 0
    endloop
  endfacet
  facet normal 0 0 -1
    outer loop
      vertex 16.15 -16.15 0
      vertex 14.480107176607206 13.000610450286498 0
      vertex 14.516267485762416 13.0790482243984 0
    endloop
  endfacet
  facet normal 0 0 -1
    outer loop
      vertex 16.15 -16.15 0
      vertex 14.516267485762416 13.0790482243984 0
      vertex 14.546162167924669 13.160081306187557 0
    endloop
  endfacet
  facet normal 0 0 -1
    outer loop
      vertex 16.15 -16.15 0
      vertex 14.546162167924669 13.160081306187557 0
      vertex 14.569606912437445 13.243210099758503 0
    endloop
  endfacet
  facet normal 0 0 -1
    outer loop
      vertex 16.15 -16.15 0
      vertex 14.569606912437445 13.243210099758503 0
      vertex 14.586457174654651 13.327922088455747 0
    endloop
  endfacet
  facet normal 0 0 -1
    outer loop
      vertex 16.15 -16.15 0
      vertex 14.586457174654651 13.327922088455747 0
      vertex 14.59660906710644 13.413694994699371 0
    endloop
  endfacet
  facet normal 0 0 -1
    outer loop
      vertex 16.15 -16.15 0
      vertex 14.59660906710644 13.413694994699371 0
      vertex 14.6 13.5 0
    endloop
  endfacet
  facet normal 0 0 -1
    outer loop
      vertex 16.15 -16.15 0
      vertex 14.6 13.5 0
      vertex 14.59660906710644 13.586305005300629 0
    endloop
  endfacet
  facet normal 0 0 -1
    outer loop
      vertex 16.15 -16.15 0
      vertex 14.59660906710644 13.586305005300629 0
      vertex 16.15 16.15 0
    endloop
  endfacet
  facet normal 0 0 -1
    outer loop
      vertex 12.453837832075331 13.839918693812443 0
      vertex 1.251475720321847 7.901506724761102 0
      vertex 12.483732514237584 13.9209517756016 0
    endloop
  endfacet
  facet normal 0 0 -1
    outer loop
      vertex 12.413542825345349 13.672077911544253 0
      vertex 1.8675629108472431 7.7789593631814125 0
      vertex 12.430393087562555 13.756789900241497 0
    endloop
  endfacet
  facet normal 0 0 -1
    outer loop
      vertex 1.8675629108472431 7.7789593631814125 0
      vertex 12.453837832075331 13.839918693812443 0
      vertex 12.430393087562555 13.756789900241497 0
    endloop
  endfacet
  facet normal 0 0 -1
    outer loop
      vertex 4.17998851772759 6.821121314832738 0
      vertex 12.453837832075331 13.160081306187557 0
      vertex 12.483732514237584 13.0790482243984 0
    endloop
  endfacet
  facet normal 0 0 -1
    outer loop
      vertex 4.17998851772759 6.821121314832738 0
      vertex 12.430393087562555 13.243210099758503 0
      vertex 12.453837832075331 13.160081306187557 0
    endloop
  endfacet
  facet normal 0 0 -1
    outer loop
      vertex 4.702282018339785 6.47213595499958 0
      vertex 12.483732514237584 13.0790482243984 0
      vertex 12.519892823392794 13.000610450286498 0
    endloop
  endfacet
  facet normal 0 0 -1
    outer loop
      vertex 4.702282018339785 6.47213595499958 0
      vertex 12.519892823392794 13.000610450286498 0
      vertex 12.562095819210498 12.925251578812457 0
    endloop
  endfacet
  facet normal 0 0 -1
    outer loop
      vertex 3.0614674589207183 7.391036260090294 0
      vertex 12.4 13.5 0
      vertex 12.40339093289356 13.413694994699371 0
    endloop
  endfacet
  facet normal 0 0 -1
    outer loop
      vertex 3.0614674589207183 7.391036260090294 0
      vertex 12.40339093289356 13.586305005300629 0
      vertex 12.4 13.5 0
    endloop
  endfacet
  facet normal 0 0 -1
    outer loop
      vertex 3.6319239979163744 7.128052193506943 0
      vertex 12.413542825345349 13.327922088455747 0
      vertex 12.430393087562555 13.243210099758503 0
    endloop
  endfacet
  facet normal 0 0 -1
    outer loop
      vertex 3.6319239979163744 7.128052193506943 0
      vertex 12.40339093289356 13.413694994699371 0
      vertex 12.413542825345349 13.327922088455747 0
    endloop
  endfacet
  facet normal 0 0 -1
    outer loop
      vertex 2.472135954999579 7.608452130361228 0
      vertex 12.413542825345349 13.672077911544253 0
      vertex 12.40339093289356 13.586305005300629 0
    endloop
  endfacet
  facet normal 0 0 -1
    outer loop
      vertex 13.000610450286498 12.519892823392794 0
      vertex 13.0790482243984 12.483732514237584 0
      vertex 6.47213595499958 4.702282018339785 0
    endloop
  endfacet
  facet normal 0 0 -1
    outer loop
      vertex 12.925251578812457 12.562095819210498 0
      vertex 13.000610450286498 12.519892823392794 0
      vertex 6.47213595499958 4.702282018339785 0
    endloop
  endfacet
  facet normal 0 0 -1
    outer loop
      vertex 13.0790482243984 12.483732514237584 0
      vertex 13.160081306187557 12.453837832075331 0
      vertex 6.821121314832738 4.17998851772759 0
    endloop
  endfacet
  facet normal 0 0 -1
    outer loop
      vertex 13.160081306187557 12.453837832075331 0
      vertex 13.243210099758503 12.430393087562555 0
      vertex 6.821121314832738 4.17998851772759 0
    endloop
  endfacet
  facet normal 0 0 -1
    outer loop
      vertex 13.756789900241497 12.430393087562555 0
      vertex 13.839918693812443 12.453837832075331 0
      vertex 7.7789593631814125 1.8675629108472431 0
    endloop
  endfacet
  facet normal 0 0 -1
    outer loop
      vertex 7.7789593631814125 1.8675629108472431 0
      vertex 13.839918693812443 12.453837832075331 0
      vertex 13.9209517756016 12.483732514237584 0
    endloop
  endfacet
  facet normal 0 0 -1
    outer loop
      vertex 13.243210099758503 12.430393087562555 0
      vertex 13.327922088455747 12.413542825345349 0
      vertex 7.128052193506943 3.6319239979163744 0
    endloop
  endfacet
  facet normal 0 0 -1
    outer loop
      vertex 13.327922088455747 12.413542825345349 0
      vertex 13.413694994699371 12.40339093289356 0
      vertex 7.128052193506943 3.6319239979163744 0
    endloop
  endfacet
  facet normal 0 0 -1
    outer loop
      vertex 13.413694994699371 12.40339093289356 0
      vertex 13.5 12.4 0
      vertex 7.391036260090294 3.0614674589207183 0
    endloop
  endfacet
  facet normal 0 0 -1
    outer loop
      vertex 13.5 12.4 0
      vertex 13.586305005300629 12.40339093289356 0
      vertex 7.391036260090294 3.0614674589207183 0
    endloop
  endfacet
  facet normal 0 0 -1
    outer loop
      vertex 13.586305005300629 12.40339093289356 0
      vertex 13.672077911544253 12.413542825345349 0
      vertex 7.608452130361228 2.472135954999579 0
    endloop
  endfacet
  facet normal 0 0 -1
    outer loop
      vertex 13.672077911544253 12.413542825345349 0
      vertex 13.756789900241497 12.430393087562555 0
      vertex 7.608452130361228 2.472135954999579 0
    endloop
  endfacet
  facet normal 0 0 -1
    outer loop
      vertex 5.195584386641469 6.0832477248002474 0
      vertex 12.610081306187558 12.85343622247828 0
      vertex 12.663553437839965 12.785607146836798 0
    endloop
  endfacet
  facet normal 0 0 -1
    outer loop
      vertex 12.722182540694797 12.722182540694797 0
      vertex 5.195584386641469 6.0832477248002474 0
      vertex 12.663553437839965 12.785607146836798 0
    endloop
  endfacet
  facet normal 0 0 -1
    outer loop
      vertex 12.785607146836798 12.663553437839965 0
      vertex 12.85343622247828 12.610081306187558 0
      vertex 6.0832477248002474 5.195584386641469 0
    endloop
  endfacet
  facet normal 0 0 -1
    outer loop
      vertex 5.656854249492381 5.656854249492381 0
      vertex 12.722182540694797 12.722182540694797 0
      vertex 12.785607146836798 12.663553437839965 0
    endloop
  endfacet
  facet normal 0 0 -1
    outer loop
      vertex 5.195584386641469 6.0832477248002474 0
      vertex 12.562095819210498 12.925251578812457 0
      vertex 12.610081306187558 12.85343622247828 0
    endloop
  endfacet
  facet normal 0 0 -1
    outer loop
      vertex 12.85343622247828 12.610081306187558 0
      vertex 12.925251578812457 12.562095819210498 0
      vertex 6.0832477248002474 5.195584386641469 0
    endloop
  endfacet
  facet normal 0 0 -1
    outer loop
      vertex 16.15 16.15 0
      vertex 13.672077911544253 14.586457174654651 0
      vertex 13.586305005300629 14.59660906710644 0
    endloop
  endfacet
  facet normal 0 0 -1
    outer loop
      vertex 16.15 16.15 0
      vertex 13.756789900241497 14.569606912437445 0
      vertex 13.672077911544253 14.586457174654651 0
    endloop
  endfacet
  facet normal 0 0 -1
    outer loop
      vertex 16.15 16.15 0
      vertex 13.839918693812443 14.546162167924669 0
      vertex 13.756789900241497 14.569606912437445 0
    endloop
  endfacet
  facet normal 0 0 -1
    outer loop
      vertex 16.15 16.15 0
      vertex 14.59660906710644 13.586305005300629 0
      vertex 14.586457174654651 13.672077911544253 0
    endloop
  endfacet
  facet normal 0 0 -1
    outer loop
      vertex 16.15 16.15 0
      vertex 14.586457174654651 13.672077911544253 0
      vertex 14.569606912437445 13.756789900241497 0
    endloop
  endfacet
  facet normal 0 0 -1
    outer loop
      vertex 16.15 16.15 0
      vertex 14.569606912437445 13.756789900241497 0
      vertex 14.546162167924669 13.839918693812443 0
    endloop
  endfacet
  facet normal 0 0 -1
    outer loop
      vertex 16.15 16.15 0
      vertex 13.9209517756016 14.516267485762416 0
      vertex 13.839918693812443 14.546162167924669 0
    endloop
  endfacet
  facet normal 0 0 -1
    outer loop
      vertex 16.15 16.15 0
      vertex 13.999389549713502 14.480107176607206 0
      vertex 13.9209517756016 14.516267485762416 0
    endloop
  endfacet
  facet normal 0 0 -1
    outer loop
      vertex 16.15 16.15 0
      vertex 14.074748421187543 14.437904180789502 0
      vertex 13.999389549713502 14.480107176607206 0
    endloop
  endfacet
  facet normal 0 0 -1
    outer loop
      vertex 16.15 16.15 0
      vertex 14.14656377752172 14.389918693812442 0
      vertex 14.074748421187543 14.437904180789502 0
    endloop
  endfacet
  facet normal 0 0 -1
    outer loop
      vertex 16.15 16.15 0
      vertex 14.277817459305203 14.277817459305203 0
      vertex 14.214392853163202 14.336446562160035 0
    endloop
  endfacet
  facet normal 0 0 -1
    outer loop
      vertex 16.15 16.15 0
      vertex 14.214392853163202 14.336446562160035 0
      vertex 14.14656377752172 14.389918693812442 0
    endloop
  endfacet
  facet normal 0 0 -1
    outer loop
      vertex 16.15 16.15 0
      vertex 14.336446562160035 14.214392853163202 0
      vertex 14.277817459305203 14.277817459305203 0
    endloop
  endfacet
  facet normal 0 0 -1
    outer loop
      vertex 16.15 16.15 0
      vertex 14.437904180789502 14.074748421187543 0
      vertex 14.389918693812442 14.14656377752172 0
    endloop
  endfacet
  facet normal 0 0 -1
    outer loop
      vertex 16.15 16.15 0
      vertex 14.389918693812442 14.14656377752172 0
      vertex 14.336446562160035 14.214392853163202 0
    endloop
  endfacet
  facet normal 0 0 -1
    outer loop
      vertex 16.15 16.15 0
      vertex 14.546162167924669 13.839918693812443 0
      vertex 14.516267485762416 13.9209517756016 0
    endloop
  endfacet
  facet normal 0 0 -1
    outer loop
      vertex 16.15 16.15 0
      vertex 14.516267485762416 13.9209517756016 0
      vertex 14.480107176607206 13.999389549713502 0
    endloop
  endfacet
  facet normal 0 0 -1
    outer loop
      vertex 16.15 16.15 0
      vertex 14.480107176607206 13.999389549713502 0
      vertex 14.437904180789502 14.074748421187543 0
    endloop
  endfacet
  facet normal 0 1 0
    outer loop
      vertex -16.15 16.15 0.5
      vertex 16.15 16.15 0.5
      vertex 16.15 16.15 0
    endloop
  endfacet
  facet normal 0 0 1
    outer loop
      vertex 16.15 16.15 0.5
      vertex -12.483732514237584 13.9209517756016 0.5
      vertex -1.251475720321847 7.901506724761102 0.5
    endloop
  endfacet
  facet normal 0 0 1
    outer loop
      vertex 0.6276727658227595 7.975338669865024 0.5
      vertex 1.251475720321847 7.901506724761102 0.5
      vertex 12.519892823392794 13.999389549713502 0.5
    endloop
  endfacet
  facet normal 0 0 1
    outer loop
      vertex 1.251475720321847 7.901506724761102 0.5
      vertex 1.8675629108472431 7.7789593631814125 0.5
      vertex 12.483732514237584 13.9209517756016 0.5
    endloop
  endfacet
  facet normal 0 0 1
    outer loop
      vertex 2.472135954999579 7.608452130361228 0.5
      vertex 3.0614674589207183 7.391036260090294 0.5
      vertex 12.40339093289356 13.586305005300629 0.5
    endloop
  endfacet
  facet normal 0 0 1
    outer loop
      vertex 1.8675629108472431 7.7789593631814125 0.5
      vertex 2.472135954999579 7.608452130361228 0.5
      vertex 12.430393087562555 13.756789900241497 0.5
    endloop
  endfacet
  facet normal 0 0 1
    outer loop
      vertex 16.15 16.15 0.5
      vertex -1.251475720321847 7.901506724761102 0.5
      vertex -0.6276727658227595 7.975338669865024 0.5
    endloop
  endfacet
  facet normal 0 0 1
    outer loop
      vertex 16.15 16.15 0.5
      vertex -0.6276727658227595 7.975338669865024 0.5
      vertex 0 8 0.5
    endloop
  endfacet
  facet normal 0 0 1
    outer loop
      vertex 16.15 16.15 0.5
      vertex 0 8 0.5
      vertex 0.6276727658227595 7.975338669865024 0.5
    endloop
  endfacet
  facet normal 0 0 1
    outer loop
      vertex 3.6319239979163744 7.128052193506943 0.5
      vertex 4.17998851772759 6.821121314832738 0.5
      vertex 12.430393087562555 13.243210099758503 0.5
    endloop
  endfacet
  facet normal 0 0 1
    outer loop
      vertex 3.0614674589207183 7.391036260090294 0.5
      vertex 3.6319239979163744 7.128052193506943 0.5
      vertex 12.40339093289356 13.413694994699371 0.5
    endloop
  endfacet
  facet normal 0 0 1
    outer loop
      vertex 4.702282018339785 6.47213595499958 0.5
      vertex 5.195584386641469 6.0832477248002474 0.5
      vertex 12.562095819210498 12.925251578812457 0.5
    endloop
  endfacet
  facet normal 0 0 1
    outer loop
      vertex 4.17998851772759 6.821121314832738 0.5
      vertex 4.702282018339785 6.47213595499958 0.5
      vertex 12.483732514237584 13.0790482243984 0.5
    endloop
  endfacet
  facet normal 0 0 1
    outer loop
      vertex 5.195584386641469 6.0832477248002474 0.5
      vertex 5.656854249492381 5.656854249492381 0.5
      vertex 12.610081306187558 12.85343622247828 0.5
    endloop
  endfacet
  facet normal 1 0 0
    outer loop
      vertex 16.15 -16.15 0.5
      vertex 16.15 16.15 0
      vertex 16.15 16.15 0.5
    endloop
  endfacet
  facet normal 0 0 1
    outer loop
      vertex 14.14656377752172 -12.610081306187558 0.5
      vertex 12.610081306187558 12.85343622247828 0.5
      vertex 8 0 0.5
    endloop
  endfacet
  facet normal 0 0 1
    outer loop
      vertex 8 0 0.5
      vertex 12.610081306187558 12.85343622247828 0.5
      vertex 7.975338669865024 0.6276727658227595 0.5
    endloop
  endfacet
  facet normal 0 0 1
    outer loop
      vertex 7.975338669865024 0.6276727658227595 0.5
      vertex 12.610081306187558 12.85343622247828 0.5
      vertex 7.901506724761102 1.251475720321847 0.5
    endloop
  endfacet
  facet normal 0 0 1
    outer loop
      vertex 7.901506724761102 1.251475720321847 0.5
      vertex 12.610081306187558 12.85343622247828 0.5
      vertex 7.7789593631814125 1.8675629108472431 0.5
    endloop
  endfacet
  facet normal 0 0 1
    outer loop
      vertex 7.7789593631814125 1.8675629108472431 0.5
      vertex 12.610081306187558 12.85343622247828 0.5
      vertex 7.608452130361228 2.472135954999579 0.5
    endloop
  endfacet
  facet normal 0 0 1
    outer loop
      vertex 7.391036260090294 3.0614674589207183 0.5
      vertex 12.610081306187558 12.85343622247828 0.5
      vertex 7.128052193506943 3.6319239979163744 0.5
    endloop
  endfacet
  facet normal 0 0 1
    outer loop
      vertex 7.128052193506943 3.6319239979163744 0.5
      vertex 12.610081306187558 12.85343622247828 0.5
      vertex 6.821121314832738 4.17998851772759 0.5
    endloop
  endfacet
  facet normal 0 0 1
    outer loop
      vertex 6.0832477248002474 5.195584386641469 0.5
      vertex 12.610081306187558 12.85343622247828 0.5
      vertex 5.656854249492381 5.656854249492381 0.5
    endloop
  endfacet
  facet normal 0 0 1
    outer loop
      vertex 6.47213595499958 4.702282018339785 0.5
      vertex 12.610081306187558 12.85343622247828 0.5
      vertex 6.0832477248002474 5.195584386641469 0.5
    endloop
  endfacet
  facet normal 0 0 1
    outer loop
      vertex 6.821121314832738 4.17998851772759 0.5
      vertex 12.610081306187558 12.85343622247828 0.5
      vertex 6.47213595499958 4.702282018339785 0.5
    endloop
  endfacet
  facet normal 0 0 1
    outer loop
      vertex 7.608452130361228 2.472135954999579 0.5
      vertex 12.610081306187558 12.85343622247828 0.5
      vertex 7.391036260090294 3.0614674589207183 0.5
    endloop
  endfacet
  facet normal 0 0 1
    outer loop
      vertex 16.15 -16.15 0.5
      vertex 12.925251578812457 12.562095819210498 0.5
      vertex 12.85343622247828 12.610081306187558 0.5
    endloop
  endfacet
  facet normal 0 0 1
    outer loop
      vertex 16.15 -16.15 0.5
      vertex 13.000610450286498 12.519892823392794 0.5
      vertex 12.925251578812457 12.562095819210498 0.5
    endloop
  endfacet
  facet normal 0 0 1
    outer loop
      vertex 16.15 -16.15 0.5
      vertex 13.0790482243984 12.483732514237584 0.5
      vertex 13.000610450286498 12.519892823392794 0.5
    endloop
  endfacet
  facet normal 0 0 1
    outer loop
      vertex 16.15 -16.15 0.5
      vertex 13.160081306187557 12.453837832075331 0.5
      vertex 13.0790482243984 12.483732514237584 0.5
    endloop
  endfacet
  facet normal 0 0 1
    outer loop
      vertex 16.15 -16.15 0.5
      vertex 12.722182540694797 12.722182540694797 0.5
      vertex 12.663553437839965 12.785607146836798 0.5
    endloop
  endfacet
  facet normal 0 0 1
    outer loop
      vertex 16.15 -16.15 0.5
      vertex 12.663553437839965 12.785607146836798 0.5
      vertex 12.610081306187558 12.85343622247828 0.5
    endloop
  endfacet
  facet normal 0 0 1
    outer loop
      vertex 16.15 -16.15 0.5
      vertex 12.785607146836798 12.663553437839965 0.5
      vertex 12.722182540694797 12.722182540694797 0.5
    endloop
  endfacet
  facet normal 0 0 1
    outer loop
      vertex 16.15 -16.15 0.5
      vertex 12.85343622247828 12.610081306187558 0.5
      vertex 12.785607146836798 12.663553437839965 0.5
    endloop
  endfacet
  facet normal 0 0 1
    outer loop
      vertex 16.15 -16.15 0.5
      vertex 13.327922088455747 12.413542825345349 0.5
      vertex 13.243210099758503 12.430393087562555 0.5
    endloop
  endfacet
  facet normal 0 0 1
    outer loop
      vertex 16.15 -16.15 0.5
      vertex 13.243210099758503 12.430393087562555 0.5
      vertex 13.160081306187557 12.453837832075331 0.5
    endloop
  endfacet
  facet normal 0 0 1
    outer loop
      vertex 16.15 -16.15 0.5
      vertex 13.413694994699371 12.40339093289356 0.5
      vertex 13.327922088455747 12.413542825345349 0.5
    endloop
  endfacet
  facet normal 0 0 1
    outer loop
      vertex 16.15 -16.15 0.5
      vertex 13.5 12.4 0.5
      vertex 13.413694994699371 12.40339093289356 0.5
    endloop
  endfacet
  facet normal 0 0 1
    outer loop
      vertex 16.15 -16.15 0.5
      vertex 13.586305005300629 12.40339093289356 0.5
      vertex 13.5 12.4 0.5
    endloop
  endfacet
  facet normal 0 0 1
    outer loop
      vertex 16.15 -16.15 0.5
      vertex 13.672077911544253 12.413542825345349 0.5
      vertex 13.586305005300629 12.40339093289356 0.5
    endloop
  endfacet
  facet normal 0 0 1
    outer loop
      vertex 16.15 -16.15 0.5
      vertex 13.756789900241497 12.430393087562555 0.5
      vertex 13.672077911544253 12.413542825345349 0.5
    endloop
  endfacet
  facet normal 0 0 1
    outer loop
      vertex 16.15 -16.15 0.5
      vertex 13.839918693812443 12.453837832075331 0.5
      vertex 13.756789900241497 12.430393087562555 0.5
    endloop
  endfacet
  facet normal 0 0 1
    outer loop
      vertex 16.15 -16.15 0.5
      vertex 13.9209517756016 12.483732514237584 0.5
      vertex 13.839918693812443 12.453837832075331 0.5
    endloop
  endfacet
  facet normal 0 0 1
    outer loop
      vertex 16.15 -16.15 0.5
      vertex 13.999389549713502 12.519892823392794 0.5
      vertex 13.9209517756016 12.483732514237584 0.5
    endloop
  endfacet
  facet normal 0 0 1
    outer loop
      vertex 16.15 -16.15 0.5
      vertex 14.074748421187543 12.562095819210498 0.5
      vertex 13.999389549713502 12.519892823392794 0.5
    endloop
  endfacet
  facet normal 0 0 1
    outer loop
      vertex 16.15 -16.15 0.5
      vertex 14.14656377752172 12.610081306187558 0.5
      vertex 14.074748421187543 12.562095819210498 0.5
    endloop
  endfacet
  facet normal 0 0 1
    outer loop
      vertex 16.15 -16.15 0.5
      vertex 14.214392853163202 12.663553437839965 0.5
      vertex 14.14656377752172 12.610081306187558 0.5
    endloop
  endfacet
  facet normal 0 0 1
    outer loop
      vertex 16.15 -16.15 0.5
      vertex 14.277817459305203 12.722182540694797 0.5
      vertex 14.214392853163202 12.663553437839965 0.5
    endloop
  endfacet
  facet normal 0 0 1
    outer loop
      vertex 16.15 -16.15 0.5
      vertex 14.336446562160035 12.785607146836798 0.5
      vertex 14.277817459305203 12.722182540694797 0.5
    endloop
  endfacet
  facet normal 0 0 1
    outer loop
      vertex 16.15 -16.15 0.5
      vertex 14.389918693812442 12.85343622247828 0.5
      vertex 14.336446562160035 12.785607146836798 0.5
    endloop
  endfacet
  facet normal 0 0 1
    outer loop
      vertex 16.15 -16.15 0.5
      vertex 14.437904180789502 12.925251578812457 0.5
      vertex 14.389918693812442 12.85343622247828 0.5
    endloop
  endfacet
  facet normal 0 0 1
    outer loop
      vertex 16.15 -16.15 0.5
      vertex 14.480107176607206 13.000610450286498 0.5
      vertex 14.437904180789502 12.925251578812457 0.5
    endloop
  endfacet
  facet normal 0 0 1
    outer loop
      vertex 16.15 -16.15 0.5
      vertex 14.516267485762416 13.0790482243984 0.5
      vertex 14.480107176607206 13.000610450286498 0.5
    endloop
  endfacet
  facet normal 0 0 1
    outer loop
      vertex 16.15 -16.15 0.5
      vertex 14.546162167924669 13.160081306187557 0.5
      vertex 14.516267485762416 13.0790482243984 0.5
    endloop
  endfacet
  facet normal 0 0 1
    outer loop
      vertex 16.15 -16.15 0.5
      vertex 14.569606912437445 13.243210099758503 0.5
      vertex 14.546162167924669 13.160081306187557 0.5
    endloop
  endfacet
  facet normal 0 0 1
    outer loop
      vertex 16.15 -16.15 0.5
      vertex 14.586457174654651 13.327922088455747 0.5
      vertex 14.569606912437445 13.243210099758503 0.5
    endloop
  endfacet
  facet normal 0 0 1
    outer loop
      vertex 16.15 -16.15 0.5
      vertex 14.59660906710644 13.413694994699371 0.5
      vertex 14.586457174654651 13.327922088455747 0.5
    endloop
  endfacet
  facet normal 0 0 1
    outer loop
      vertex 16.15 -16.15 0.5
      vertex 14.6 13.5 0.5
      vertex 14.59660906710644 13.413694994699371 0.5
    endloop
  endfacet
  facet normal 0 0 1
    outer loop
      vertex 16.15 -16.15 0.5
      vertex 16.15 16.15 0.5
      vertex 14.6 13.5 0.5
    endloop
  endfacet
  facet normal 0 0 1
    outer loop
      vertex 0.6276727658227595 7.975338669865024 0.5
      vertex 12.519892823392794 13.999389549713502 0.5
      vertex 12.562095819210498 14.074748421187543 0.5
    endloop
  endfacet
  facet normal 0 0 1
    outer loop
      vertex 0.6276727658227595 7.975338669865024 0.5
      vertex 12.562095819210498 14.074748421187543 0.5
      vertex 12.610081306187558 14.14656377752172 0.5
    endloop
  endfacet
  facet normal 0 0 1
    outer loop
      vertex 0.6276727658227595 7.975338669865024 0.5
      vertex 12.610081306187558 14.14656377752172 0.5
      vertex 12.663553437839965 14.214392853163202 0.5
    endloop
  endfacet
  facet normal 0 0 1
    outer loop
      vertex 1.251475720321847 7.901506724761102 0.5
      vertex 12.483732514237584 13.9209517756016 0.5
      vertex 12.519892823392794 13.999389549713502 0.5
    endloop
  endfacet
  facet normal 0 0 1
    outer loop
      vertex 1.8675629108472431 7.7789593631814125 0.5
      vertex 12.430393087562555 13.756789900241497 0.5
      vertex 12.453837832075331 13.839918693812443 0.5
    endloop
  endfacet
  facet normal 0 0 1
    outer loop
      vertex 12.483732514237584 13.9209517756016 0.5
      vertex 1.8675629108472431 7.7789593631814125 0.5
      vertex 12.453837832075331 13.839918693812443 0.5
    endloop
  endfacet
  facet normal 0 0 1
    outer loop
      vertex 4.17998851772759 6.821121314832738 0.5
      vertex 12.483732514237584 13.0790482243984 0.5
      vertex 12.453837832075331 13.160081306187557 0.5
    endloop
  endfacet
  facet normal 0 0 1
    outer loop
      vertex 4.17998851772759 6.821121314832738 0.5
      vertex 12.453837832075331 13.160081306187557 0.5
      vertex 12.430393087562555 13.243210099758503 0.5
    endloop
  endfacet
  facet normal 0 0 1
    outer loop
      vertex 4.702282018339785 6.47213595499958 0.5
      vertex 12.519892823392794 13.000610450286498 0.5
      vertex 12.483732514237584 13.0790482243984 0.5
    endloop
  endfacet
  facet normal 0 0 1
    outer loop
      vertex 4.702282018339785 6.47213595499958 0.5
      vertex 12.562095819210498 12.925251578812457 0.5
      vertex 12.519892823392794 13.000610450286498 0.5
    endloop
  endfacet
  facet normal 0 0 1
    outer loop
      vertex 3.0614674589207183 7.391036260090294 0.5
      vertex 12.40339093289356 13.413694994699371 0.5
      vertex 12.4 13.5 0.5
    endloop
  endfacet
  facet normal 0 0 1
    outer loop
      vertex 3.0614674589207183 7.391036260090294 0.5
      vertex 12.4 13.5 0.5
      vertex 12.40339093289356 13.586305005300629 0.5
    endloop
  endfacet
  facet normal 0 0 1
    outer loop
      vertex 3.6319239979163744 7.128052193506943 0.5
      vertex 12.430393087562555 13.243210099758503 0.5
      vertex 12.413542825345349 13.327922088455747 0.5
    endloop
  endfacet
  facet normal 0 0 1
    outer loop
      vertex 3.6319239979163744 7.128052193506943 0.5
      vertex 12.413542825345349 13.327922088455747 0.5
      vertex 12.40339093289356 13.413694994699371 0.5
    endloop
  endfacet
  facet normal 0 0 1
    outer loop
      vertex 2.472135954999579 7.608452130361228 0.5
      vertex 12.40339093289356 13.586305005300629 0.5
      vertex 12.413542825345349 13.672077911544253 0.5
    endloop
  endfacet
  facet normal 0 0 1
    outer loop
      vertex 2.472135954999579 7.608452130361228 0.5
      vertex 12.413542825345349 13.672077911544253 0.5
      vertex 12.430393087562555 13.756789900241497 0.5
    endloop
  endfacet
  facet normal 0 0 1
    outer loop
      vertex 5.195584386641469 6.0832477248002474 0.5
      vertex 12.610081306187558 12.85343622247828 0.5
      vertex 12.562095819210498 12.925251578812457 0.5
    endloop
  endfacet
  facet normal 0 0 1
    outer loop
      vertex 0.6276727658227595 7.975338669865024 0.5
      vertex 12.663553437839965 14.214392853163202 0.5
      vertex 12.722182540694797 14.277817459305203 0.5
    endloop
  endfacet
  facet normal 0 0 1
    outer loop
      vertex 0.6276727658227595 7.975338669865024 0.5
      vertex 12.722182540694797 14.277817459305203 0.5
      vertex 12.785607146836798 14.336446562160035 0.5
    endloop
  endfacet
  facet normal 0 0 1
    outer loop
      vertex 0.6276727658227595 7.975338669865024 0.5
      vertex 12.785607146836798 14.336446562160035 0.5
      vertex 12.85343622247828 14.389918693812442 0.5
    endloop
  endfacet
  facet normal 0 0 1
    outer loop
      vertex 0.6276727658227595 7.975338669865024 0.5
      vertex 12.85343622247828 14.389918693812442 0.5
      vertex 12.925251578812457 14.437904180789502 0.5
    endloop
  endfacet
  facet normal 0 0 1
    outer loop
      vertex 0.6276727658227595 7.975338669865024 0.5
      vertex 12.925251578812457 14.437904180789502 0.5
      vertex 13.000610450286498 14.480107176607206 0.5
    endloop
  endfacet
  facet normal 0 0 1
    outer loop
      vertex 16.15 16.15 0.5
      vertex 0.6276727658227595 7.975338669865024 0.5
      vertex 13.000610450286498 14.480107176607206 0.5
    endloop
  endfacet
  facet normal 0 0 1
    outer loop
      vertex 16.15 16.15 0.5
      vertex 13.000610450286498 14.480107176607206 0.5
      vertex 13.0790482243984 14.516267485762416 0.5
    endloop
  endfacet
  facet normal 0 0 1
    outer loop
      vertex 16.15 16.15 0.5
      vertex 13.0790482243984 14.516267485762416 0.5
      vertex 13.160081306187557 14.546162167924669 0.5
    endloop
  endfacet
  facet normal 0 0 1
    outer loop
      vertex 16.15 16.15 0.5
      vertex 13.160081306187557 14.546162167924669 0.5
      vertex 13.243210099758503 14.569606912437445 0.5
    endloop
  endfacet
  facet normal 0 0 1
    outer loop
      vertex 16.15 16.15 0.5
      vertex 13.243210099758503 14.569606912437445 0.5
      vertex 13.327922088455747 14.586457174654651 0.5
    endloop
  endfacet
  facet normal 0 0 1
    outer loop
      vertex 16.15 16.15 0.5
      vertex 13.327922088455747 14.586457174654651 0.5
      vertex 13.413694994699371 14.59660906710644 0.5
    endloop
  endfacet
  facet normal 0 0 1
    outer loop
      vertex 16.15 16.15 0.5
      vertex 13.413694994699371 14.59660906710644 0.5
      vertex 13.5 14.6 0.5
    endloop
  endfacet
  facet normal 0 0 1
    outer loop
      vertex 16.15 16.15 0.5
      vertex 13.5 14.6 0.5
      vertex 13.586305005300629 14.59660906710644 0.5
    endloop
  endfacet
  facet normal 0 0 1
    outer loop
      vertex 16.15 16.15 0.5
      vertex 13.586305005300629 14.59660906710644 0.5
      vertex 13.672077911544253 14.586457174654651 0.5
    endloop
  endfacet
  facet normal 0 0 1
    outer loop
      vertex 16.15 16.15 0.5
      vertex 13.672077911544253 14.586457174654651 0.5
      vertex 13.756789900241497 14.569606912437445 0.5
    endloop
  endfacet
  facet normal 0 0 1
    outer loop
      vertex 16.15 16.15 0.5
      vertex 13.756789900241497 14.569606912437445 0.5
      vertex 13.839918693812443 14.546162167924669 0.5
    endloop
  endfacet
  facet normal 0 0 1
    outer loop
      vertex 16.15 16.15 0.5
      vertex 14.59660906710644 13.586305005300629 0.5
      vertex 14.6 13.5 0.5
    endloop
  endfacet
  facet normal 0 0 1
    outer loop
      vertex 16.15 16.15 0.5
      vertex 14.586457174654651 13.672077911544253 0.5
      vertex 14.59660906710644 13.586305005300629 0.5
    endloop
  endfacet
  facet normal 0 0 1
    outer loop
      vertex 16.15 16.15 0.5
      vertex 14.569606912437445 13.756789900241497 0.5
      vertex 14.586457174654651 13.672077911544253 0.5
    endloop
  endfacet
  facet normal 0 0 1
    outer loop
      vertex 16.15 16.15 0.5
      vertex 14.546162167924669 13.839918693812443 0.5
      vertex 14.569606912437445 13.756789900241497 0.5
    endloop
  endfacet
  facet normal 0 0 1
    outer loop
      vertex 16.15 16.15 0.5
      vertex 13.839918693812443 14.546162167924669 0.5
      vertex 13.9209517756016 14.516267485762416 0.5
    endloop
  endfacet
  facet normal 0 0 1
    outer loop
      vertex 16.15 16.15 0.5
      vertex 13.9209517756016 14.516267485762416 0.5
      vertex 13.999389549713502 14.480107176607206 0.5
    endloop
  endfacet
  facet normal 0 0 1
    outer loop
      vertex 16.15 16.15 0.5
      vertex 13.999389549713502 14.480107176607206 0.5
      vertex 14.074748421187543 14.437904180789502 0.5
    endloop
  endfacet
  facet normal 0 0 1
    outer loop
      vertex 16.15 16.15 0.5
      vertex 14.074748421187543 14.437904180789502 0.5
      vertex 14.14656377752172 14.389918693812442 0.5
    endloop
  endfacet
  facet normal 0 0 1
    outer loop
      vertex 16.15 16.15 0.5
      vertex 14.214392853163202 14.336446562160035 0.5
      vertex 14.277817459305203 14.277817459305203 0.5
    endloop
  endfacet
  facet normal 0 0 1
    outer loop
      vertex 16.15 16.15 0.5
      vertex 14.14656377752172 14.389918693812442 0.5
      vertex 14.214392853163202 14.336446562160035 0.5
    endloop
  endfacet
  facet normal 0 0 1
    outer loop
      vertex 16.15 16.15 0.5
      vertex 14.277817459305203 14.277817459305203 0.5
      vertex 14.336446562160035 14.214392853163202 0.5
    endloop
  endfacet
  facet normal 0 0 1
    outer loop
      vertex 16.15 16.15 0.5
      vertex 14.389918693812442 14.14656377752172 0.5
      vertex 14.437904180789502 14.074748421187543 0.5
    endloop
  endfacet
  facet normal 0 0 1
    outer loop
      vertex 16.15 16.15 0.5
      vertex 14.336446562160035 14.214392853163202 0.5
      vertex 14.389918693812442 14.14656377752172 0.5
    endloop
  endfacet
  facet normal 0 0 1
    outer loop
      vertex 16.15 16.15 0.5
      vertex 14.516267485762416 13.9209517756016 0.5
      vertex 14.546162167924669 13.839918693812443 0.5
    endloop
  endfacet
  facet normal 0 0 1
    outer loop
      vertex 16.15 16.15 0.5
      vertex 14.480107176607206 13.999389549713502 0.5
      vertex 14.516267485762416 13.9209517756016 0.5
    endloop
  endfacet
  facet normal 0 0 1
    outer loop
      vertex 16.15 16.15 0.5
      vertex 14.437904180789502 14.074748421187543 0.5
      vertex 14.480107176607206 13.999389549713502 0.5
    endloop
  endfacet
  facet normal 0.8314696123025452 0.5555702330196022 0
    outer loop
      vertex -6.821121314832738 -4.17998851772759 0.5
      vertex -6.47213595499958 -4.702282018339785 0
      vertex -6.821121314832738 -4.17998851772759 0
    endloop
  endfacet
  facet normal 0.7853169308807447 0.6190939493098343 0
    outer loop
      vertex -6.47213595499958 -4.702282018339785 0.5
      vertex -6.0832477248002474 -5.195584386641469 0
      vertex -6.47213595499958 -4.702282018339785 0
    endloop
  endfacet
  facet normal 0.6190939493098343 0.7853169308807447 0
    outer loop
      vertex -5.195584386641469 -6.0832477248002474 0.5
      vertex -4.702282018339785 -6.47213595499958 0
      vertex -5.195584386641469 -6.0832477248002474 0
    endloop
  endfacet
  facet normal 0.5555702330196022 0.8314696123025452 0
    outer loop
      vertex -4.702282018339785 -6.47213595499958 0.5
      vertex -4.17998851772759 -6.821121314832738 0
      vertex -4.702282018339785 -6.47213595499958 0
    endloop
  endfacet
  facet normal 0.7343225094356861 0.678800745532941 0
    outer loop
      vertex -6.0832477248002474 -5.195584386641469 0.5
      vertex -5.656854249492381 -5.656854249492381 0
      vertex -6.0832477248002474 -5.195584386641469 0
    endloop
  endfacet
  facet normal 0.678800745532941 0.7343225094356861 0
    outer loop
      vertex -5.656854249492381 -5.656854249492381 0.5
      vertex -5.195584386641469 -6.0832477248002474 0
      vertex -5.656854249492381 -5.656854249492381 0
    endloop
  endfacet
  facet normal 0.9081431738250816 0.4186597375374275 0
    outer loop
      vertex -7.391036260090294 -3.0614674589207183 0.5
      vertex -7.128052193506943 -3.6319239979163744 0
      vertex -7.391036260090294 -3.0614674589207183 0
    endloop
  endfacet
  facet normal 0.9624552364536474 0.27144044986507426 0
    outer loop
      vertex -7.7789593631814125 -1.8675629108472431 0.5
      vertex -7.608452130361228 -2.472135954999579 0
      vertex -7.7789593631814125 -1.8675629108472431 0
    endloop
  endfacet
  facet normal 0.9381913359224843 0.3461170570774926 0
    outer loop
      vertex -7.608452130361228 -2.472135954999579 0.5
      vertex -7.391036260090294 -3.0614674589207183 0
      vertex -7.608452130361228 -2.472135954999579 0
    endloop
  endfacet
  facet normal 0.8724960070727971 0.48862124149695507 0
    outer loop
      vertex -7.128052193506943 -3.6319239979163744 0.5
      vertex -6.821121314832738 -4.17998851772759 0
      vertex -7.128052193506943 -3.6319239979163744 0
    endloop
  endfacet
  facet normal 0.9807852804032302 0.19509032201612939 0
    outer loop
      vertex -7.901506724761102 -1.251475720321847 0.5
      vertex -7.7789593631814125 -1.8675629108472431 0
      vertex -7.901506724761102 -1.251475720321847 0
    endloop
  endfacet
  facet normal 0.9930684569549263 0.11753739745783692 0
    outer loop
      vertex -7.975338669865024 -0.6276727658227595 0.5
      vertex -7.901506724761102 -1.251475720321847 0
      vertex -7.975338669865024 -0.6276727658227595 0
    endloop
  endfacet
  facet normal 0.9992290362407229 0.03925981575906876 0
    outer loop
      vertex -8 0 0.5
      vertex -7.975338669865024 -0.6276727658227595 0
      vertex -8 0 0
    endloop
  endfacet
  facet normal 0.4186597375374275 0.9081431738250816 0
    outer loop
      vertex -3.6319239979163744 -7.128052193506943 0.5
      vertex -3.0614674589207183 -7.391036260090294 0
      vertex -3.6319239979163744 -7.128052193506943 0
    endloop
  endfacet
  facet normal 0.48862124149695507 0.8724960070727971 0
    outer loop
      vertex -4.17998851772759 -6.821121314832738 0.5
      vertex -3.6319239979163744 -7.128052193506943 0
      vertex -4.17998851772759 -6.821121314832738 0
    endloop
  endfacet
  facet normal 0.3461170570774926 0.9381913359224843 0
    outer loop
      vertex -3.0614674589207183 -7.391036260090294 0.5
      vertex -2.472135954999579 -7.608452130361228 0
      vertex -3.0614674589207183 -7.391036260090294 0
    endloop
  endfacet
  facet normal 0.27144044986507426 0.9624552364536474 0
    outer loop
      vertex -2.472135954999579 -7.608452130361228 0.5
      vertex -1.8675629108472431 -7.7789593631814125 0
      vertex -2.472135954999579 -7.608452130361228 0
    endloop
  endfacet
  facet normal 0.19509032201612939 0.9807852804032302 0
    outer loop
      vertex -1.8675629108472431 -7.7789593631814125 0.5
      vertex -1.251475720321847 -7.901506724761102 0
      vertex -1.8675629108472431 -7.7789593631814125 0
    endloop
  endfacet
  facet normal 0.11753739745783692 0.9930684569549263 0
    outer loop
      vertex -1.251475720321847 -7.901506724761102 0.5
      vertex -0.6276727658227595 -7.975338669865024 0
      vertex -1.251475720321847 -7.901506724761102 0
    endloop
  endfacet
  facet normal 0.03925981575906876 0.9992290362407229 0
    outer loop
      vertex -0.6276727658227595 -7.975338669865024 0.5
      vertex 0 -8 0
      vertex -0.6276727658227595 -7.975338669865024 0
    endloop
  endfacet
  facet normal 0.8314696123025452 0.5555702330196022 -5.5313565282594475e-18
    outer loop
      vertex -6.821121314832738 -4.17998851772759 0.5
      vertex -6.47213595499958 -4.702282018339785 0.5
      vertex -6.47213595499958 -4.702282018339785 0
    endloop
  endfacet
  facet normal 0.7853169308807447 0.6190939493098343 -2.5275638475826626e-17
    outer loop
      vertex -6.47213595499958 -4.702282018339785 0.5
      vertex -6.0832477248002474 -5.195584386641469 0.5
      vertex -6.0832477248002474 -5.195584386641469 0
    endloop
  endfacet
  facet normal 0.6190939493098343 0.7853169308807447 0
    outer loop
      vertex -4.702282018339785 -6.47213595499958 0.5
      vertex -4.702282018339785 -6.47213595499958 0
      vertex -5.195584386641469 -6.0832477248002474 0.5
    endloop
  endfacet
  facet normal 0.5555702330196022 0.8314696123025452 0
    outer loop
      vertex -4.17998851772759 -6.821121314832738 0.5
      vertex -4.17998851772759 -6.821121314832738 0
      vertex -4.702282018339785 -6.47213595499958 0.5
    endloop
  endfacet
  facet normal 0.7343225094356861 0.678800745532941 3.2609239631868354e-17
    outer loop
      vertex -6.0832477248002474 -5.195584386641469 0.5
      vertex -5.656854249492381 -5.656854249492381 0.5
      vertex -5.656854249492381 -5.656854249492381 0
    endloop
  endfacet
  facet normal 0.678800745532941 0.7343225094356861 0
    outer loop
      vertex -5.195584386641469 -6.0832477248002474 0.5
      vertex -5.195584386641469 -6.0832477248002474 0
      vertex -5.656854249492381 -5.656854249492381 0.5
    endloop
  endfacet
  facet normal 0.9081431738250816 0.4186597375374275 -2.2304911166329105e-17
    outer loop
      vertex -7.391036260090294 -3.0614674589207183 0.5
      vertex -7.128052193506943 -3.6319239979163744 0.5
      vertex -7.128052193506943 -3.6319239979163744 0
    endloop
  endfacet
  facet normal 0.9624552364536474 0.27144044986507426 1.473152293617367e-17
    outer loop
      vertex -7.7789593631814125 -1.8675629108472431 0.5
      vertex -7.608452130361228 -2.472135954999579 0.5
      vertex -7.608452130361228 -2.472135954999579 0
    endloop
  endfacet
  facet normal 0.9381913359224843 0.3461170570774926 3.2194474867595257e-17
    outer loop
      vertex -7.608452130361228 -2.472135954999579 0.5
      vertex -7.391036260090294 -3.0614674589207183 0.5
      vertex -7.391036260090294 -3.0614674589207183 0
    endloop
  endfacet
  facet normal 0.8724960070727971 0.48862124149695507 -2.6376134081568037e-17
    outer loop
      vertex -7.128052193506943 -3.6319239979163744 0.5
      vertex -6.821121314832738 -4.17998851772759 0.5
      vertex -6.821121314832738 -4.17998851772759 0
    endloop
  endfacet
  facet normal 0.9807852804032302 0.19509032201612939 -9.23079318552785e-18
    outer loop
      vertex -7.901506724761102 -1.251475720321847 0.5
      vertex -7.7789593631814125 -1.8675629108472431 0.5
      vertex -7.7789593631814125 -1.8675629108472431 0
    endloop
  endfacet
  facet normal 0.9930684569549263 0.11753739745783692 -8.264608284758212e-18
    outer loop
      vertex -7.975338669865024 -0.6276727658227595 0.5
      vertex -7.901506724761102 -1.251475720321847 0.5
      vertex -7.901506724761102 -1.251475720321847 0
    endloop
  endfacet
  facet normal 0.9992290362407229 0.03925981575906876 1.7558789043163297e-18
    outer loop
      vertex -8 0 0.5
      vertex -7.975338669865024 -0.6276727658227595 0.5
      vertex -7.975338669865024 -0.6276727658227595 0
    endloop
  endfacet
  facet normal 0.4186597375374275 0.9081431738250816 0
    outer loop
      vertex -3.0614674589207183 -7.391036260090294 0.5
      vertex -3.0614674589207183 -7.391036260090294 0
      vertex -3.6319239979163744 -7.128052193506943 0.5
    endloop
  endfacet
  facet normal 0.48862124149695507 0.8724960070727971 0
    outer loop
      vertex -3.6319239979163744 -7.128052193506943 0.5
      vertex -3.6319239979163744 -7.128052193506943 0
      vertex -4.17998851772759 -6.821121314832738 0.5
    endloop
  endfacet
  facet normal 0.3461170570774926 0.9381913359224843 0
    outer loop
      vertex -2.472135954999579 -7.608452130361228 0.5
      vertex -2.472135954999579 -7.608452130361228 0
      vertex -3.0614674589207183 -7.391036260090294 0.5
    endloop
  endfacet
  facet normal 0.27144044986507426 0.9624552364536474 0
    outer loop
      vertex -1.8675629108472431 -7.7789593631814125 0.5
      vertex -1.8675629108472431 -7.7789593631814125 0
      vertex -2.472135954999579 -7.608452130361228 0.5
    endloop
  endfacet
  facet normal 0.19509032201612939 0.9807852804032302 0
    outer loop
      vertex -1.251475720321847 -7.901506724761102 0.5
      vertex -1.251475720321847 -7.901506724761102 0
      vertex -1.8675629108472431 -7.7789593631814125 0.5
    endloop
  endfacet
  facet normal 0.11753739745783692 0.9930684569549263 0
    outer loop
      vertex -0.6276727658227595 -7.975338669865024 0.5
      vertex -0.6276727658227595 -7.975338669865024 0
      vertex -1.251475720321847 -7.901506724761102 0.5
    endloop
  endfacet
  facet normal 0.03925981575906876 0.9992290362407229 0
    outer loop
      vertex 0 -8 0.5
      vertex 0 -8 0
      vertex -0.6276727658227595 -7.975338669865024 0.5
    endloop
  endfacet
  facet normal 0.9992290362407229 -0.03925981575906876 0
    outer loop
      vertex -7.975338669865024 0.6276727658227595 0.5
      vertex -8 0 0
      vertex -7.975338669865024 0.6276727658227595 0
    endloop
  endfacet
  facet normal 0.9930684569549263 -0.11753739745783692 0
    outer loop
      vertex -7.901506724761102 1.251475720321847 0.5
      vertex -7.975338669865024 0.6276727658227595 0
      vertex -7.901506724761102 1.251475720321847 0
    endloop
  endfacet
  facet normal 0.9807852804032302 -0.19509032201612939 0
    outer loop
      vertex -7.7789593631814125 1.8675629108472431 0.5
      vertex -7.901506724761102 1.251475720321847 0
      vertex -7.7789593631814125 1.8675629108472431 0
    endloop
  endfacet
  facet normal 0.9624552364536474 -0.27144044986507426 0
    outer loop
      vertex -7.608452130361228 2.472135954999579 0.5
      vertex -7.7789593631814125 1.8675629108472431 0
      vertex -7.608452130361228 2.472135954999579 0
    endloop
  endfacet
  facet normal 0.9381913359224843 -0.3461170570774926 0
    outer loop
      vertex -7.391036260090294 3.0614674589207183 0.5
      vertex -7.608452130361228 2.472135954999579 0
      vertex -7.391036260090294 3.0614674589207183 0
    endloop
  endfacet
  facet normal 0.9081431738250816 -0.4186597375374275 0
    outer loop
      vertex -7.128052193506943 3.6319239979163744 0.5
      vertex -7.391036260090294 3.0614674589207183 0
      vertex -7.128052193506943 3.6319239979163744 0
    endloop
  endfacet
  facet normal 0.8724960070727971 -0.48862124149695507 0
    outer loop
      vertex -6.821121314832738 4.17998851772759 0.5
      vertex -7.128052193506943 3.6319239979163744 0
      vertex -6.821121314832738 4.17998851772759 0
    endloop
  endfacet
  facet normal 0.8314696123025452 -0.5555702330196022 0
    outer loop
      vertex -6.47213595499958 4.702282018339785 0.5
      vertex -6.821121314832738 4.17998851772759 0
      vertex -6.47213595499958 4.702282018339785 0
    endloop
  endfacet
  facet normal 0.7853169308807447 -0.6190939493098343 0
    outer loop
      vertex -6.0832477248002474 5.195584386641469 0.5
      vertex -6.47213595499958 4.702282018339785 0
      vertex -6.0832477248002474 5.195584386641469 0
    endloop
  endfacet
  facet normal 0.7343225094356861 -0.678800745532941 0
    outer loop
      vertex -5.656854249492381 5.656854249492381 0.5
      vertex -6.0832477248002474 5.195584386641469 0
      vertex -5.656854249492381 5.656854249492381 0
    endloop
  endfacet
  facet normal 0.678800745532941 -0.7343225094356861 0
    outer loop
      vertex -5.195584386641469 6.0832477248002474 0
      vertex -5.195584386641469 6.0832477248002474 0.5
      vertex -5.656854249492381 5.656854249492381 0
    endloop
  endfacet
  facet normal 0.6190939493098343 -0.7853169308807447 0
    outer loop
      vertex -4.702282018339785 6.47213595499958 0
      vertex -4.702282018339785 6.47213595499958 0.5
      vertex -5.195584386641469 6.0832477248002474 0
    endloop
  endfacet
  facet normal 0.5555702330196022 -0.8314696123025452 0
    outer loop
      vertex -4.17998851772759 6.821121314832738 0
      vertex -4.17998851772759 6.821121314832738 0.5
      vertex -4.702282018339785 6.47213595499958 0
    endloop
  endfacet
  facet normal 0.48862124149695507 -0.8724960070727971 0
    outer loop
      vertex -3.6319239979163744 7.128052193506943 0
      vertex -3.6319239979163744 7.128052193506943 0.5
      vertex -4.17998851772759 6.821121314832738 0
    endloop
  endfacet
  facet normal 0.4186597375374275 -0.9081431738250816 0
    outer loop
      vertex -3.0614674589207183 7.391036260090294 0
      vertex -3.0614674589207183 7.391036260090294 0.5
      vertex -3.6319239979163744 7.128052193506943 0
    endloop
  endfacet
  facet normal 0.3461170570774926 -0.9381913359224843 0
    outer loop
      vertex -2.472135954999579 7.608452130361228 0
      vertex -2.472135954999579 7.608452130361228 0.5
      vertex -3.0614674589207183 7.391036260090294 0
    endloop
  endfacet
  facet normal 0.27144044986507426 -0.9624552364536474 0
    outer loop
      vertex -1.8675629108472431 7.7789593631814125 0
      vertex -1.8675629108472431 7.7789593631814125 0.5
      vertex -2.472135954999579 7.608452130361228 0
    endloop
  endfacet
  facet normal 0.19509032201612939 -0.9807852804032302 0
    outer loop
      vertex -1.251475720321847 7.901506724761102 0
      vertex -1.251475720321847 7.901506724761102 0.5
      vertex -1.8675629108472431 7.7789593631814125 0
    endloop
  endfacet
  facet normal 0.11753739745783692 -0.9930684569549263 0
    outer loop
      vertex -0.6276727658227595 7.975338669865024 0
      vertex -0.6276727658227595 7.975338669865024 0.5
      vertex -1.251475720321847 7.901506724761102 0
    endloop
  endfacet
  facet normal 0.03925981575906876 -0.9992290362407229 -1.7558789043163297e-18
    outer loop
      vertex -0.6276727658227595 7.975338669865024 0
      vertex 0 8 0
      vertex 0 8 0.5
    endloop
  endfacet
  facet normal 0.9992290362407229 -0.03925981575906876 -1.7558789043163297e-18
    outer loop
      vertex -7.975338669865024 0.6276727658227595 0.5
      vertex -8 0 0.5
      vertex -8 0 0
    endloop
  endfacet
  facet normal 0.9930684569549263 -0.11753739745783692 8.264608284758212e-18
    outer loop
      vertex -7.901506724761102 1.251475720321847 0.5
      vertex -7.975338669865024 0.6276727658227595 0.5
      vertex -7.975338669865024 0.6276727658227595 0
    endloop
  endfacet
  facet normal 0.9807852804032302 -0.19509032201612939 9.23079318552785e-18
    outer loop
      vertex -7.7789593631814125 1.8675629108472431 0.5
      vertex -7.901506724761102 1.251475720321847 0.5
      vertex -7.901506724761102 1.251475720321847 0
    endloop
  endfacet
  facet normal 0.9624552364536474 -0.27144044986507426 -1.473152293617367e-17
    outer loop
      vertex -7.608452130361228 2.472135954999579 0.5
      vertex -7.7789593631814125 1.8675629108472431 0.5
      vertex -7.7789593631814125 1.8675629108472431 0
    endloop
  endfacet
  facet normal 0.9381913359224843 -0.3461170570774926 -3.2194474867595257e-17
    outer loop
      vertex -7.391036260090294 3.0614674589207183 0.5
      vertex -7.608452130361228 2.472135954999579 0.5
      vertex -7.608452130361228 2.472135954999579 0
    endloop
  endfacet
  facet normal 0.9081431738250816 -0.4186597375374275 2.2304911166329105e-17
    outer loop
      vertex -7.128052193506943 3.6319239979163744 0.5
      vertex -7.391036260090294 3.0614674589207183 0.5
      vertex -7.391036260090294 3.0614674589207183 0
    endloop
  endfacet
  facet normal 0.8724960070727971 -0.48862124149695507 2.6376134081568037e-17
    outer loop
      vertex -6.821121314832738 4.17998851772759 0.5
      vertex -7.128052193506943 3.6319239979163744 0.5
      vertex -7.128052193506943 3.6319239979163744 0
    endloop
  endfacet
  facet normal 0.8314696123025452 -0.5555702330196022 5.5313565282594475e-18
    outer loop
      vertex -6.47213595499958 4.702282018339785 0.5
      vertex -6.821121314832738 4.17998851772759 0.5
      vertex -6.821121314832738 4.17998851772759 0
    endloop
  endfacet
  facet normal 0.7853169308807447 -0.6190939493098343 2.5275638475826626e-17
    outer loop
      vertex -6.0832477248002474 5.195584386641469 0.5
      vertex -6.47213595499958 4.702282018339785 0.5
      vertex -6.47213595499958 4.702282018339785 0
    endloop
  endfacet
  facet normal 0.7343225094356861 -0.678800745532941 -3.2609239631868354e-17
    outer loop
      vertex -5.656854249492381 5.656854249492381 0.5
      vertex -6.0832477248002474 5.195584386641469 0.5
      vertex -6.0832477248002474 5.195584386641469 0
    endloop
  endfacet
  facet normal 0.678800745532941 -0.7343225094356861 0
    outer loop
      vertex -5.656854249492381 5.656854249492381 0
      vertex -5.195584386641469 6.0832477248002474 0.5
      vertex -5.656854249492381 5.656854249492381 0.5
    endloop
  endfacet
  facet normal 0.6190939493098343 -0.7853169308807447 0
    outer loop
      vertex -5.195584386641469 6.0832477248002474 0
      vertex -4.702282018339785 6.47213595499958 0.5
      vertex -5.195584386641469 6.0832477248002474 0.5
    endloop
  endfacet
  facet normal 0.5555702330196022 -0.8314696123025452 0
    outer loop
      vertex -4.702282018339785 6.47213595499958 0
      vertex -4.17998851772759 6.821121314832738 0.5
      vertex -4.702282018339785 6.47213595499958 0.5
    endloop
  endfacet
  facet normal 0.48862124149695507 -0.8724960070727971 0
    outer loop
      vertex -4.17998851772759 6.821121314832738 0
      vertex -3.6319239979163744 7.128052193506943 0.5
      vertex -4.17998851772759 6.821121314832738 0.5
    endloop
  endfacet
  facet normal 0.4186597375374275 -0.9081431738250816 0
    outer loop
      vertex -3.6319239979163744 7.128052193506943 0
      vertex -3.0614674589207183 7.391036260090294 0.5
      vertex -3.6319239979163744 7.128052193506943 0.5
    endloop
  endfacet
  facet normal 0.3461170570774926 -0.9381913359224843 0
    outer loop
      vertex -3.0614674589207183 7.391036260090294 0
      vertex -2.472135954999579 7.608452130361228 0.5
      vertex -3.0614674589207183 7.391036260090294 0.5
    endloop
  endfacet
  facet normal 0.27144044986507426 -0.9624552364536474 0
    outer loop
      vertex -2.472135954999579 7.608452130361228 0
      vertex -1.8675629108472431 7.7789593631814125 0.5
      vertex -2.472135954999579 7.608452130361228 0.5
    endloop
  endfacet
  facet normal 0.19509032201612939 -0.9807852804032302 0
    outer loop
      vertex -1.8675629108472431 7.7789593631814125 0
      vertex -1.251475720321847 7.901506724761102 0.5
      vertex -1.8675629108472431 7.7789593631814125 0.5
    endloop
  endfacet
  facet normal 0.11753739745783692 -0.9930684569549263 0
    outer loop
      vertex -1.251475720321847 7.901506724761102 0
      vertex -0.6276727658227595 7.975338669865024 0.5
      vertex -1.251475720321847 7.901506724761102 0.5
    endloop
  endfacet
  facet normal 0.03925981575906876 -0.9992290362407229 0
    outer loop
      vertex -0.6276727658227595 7.975338669865024 0
      vertex 0 8 0.5
      vertex -0.6276727658227595 7.975338669865024 0.5
    endloop
  endfacet
  facet normal -0.03925981575906876 0.9992290362407229 0
    outer loop
      vertex 0 -8 0.5
      vertex 0.6276727658227595 -7.975338669865024 0
      vertex 0 -8 0
    endloop
  endfacet
  facet normal -0.11753739745783692 0.9930684569549263 0
    outer loop
      vertex 0.6276727658227595 -7.975338669865024 0.5
      vertex 1.251475720321847 -7.901506724761102 0
      vertex 0.6276727658227595 -7.975338669865024 0
    endloop
  endfacet
  facet normal -0.19509032201612939 0.9807852804032302 0
    outer loop
      vertex 1.251475720321847 -7.901506724761102 0.5
      vertex 1.8675629108472431 -7.7789593631814125 0
      vertex 1.251475720321847 -7.901506724761102 0
    endloop
  endfacet
  facet normal -0.27144044986507426 0.9624552364536474 0
    outer loop
      vertex 1.8675629108472431 -7.7789593631814125 0.5
      vertex 2.472135954999579 -7.608452130361228 0
      vertex 1.8675629108472431 -7.7789593631814125 0
    endloop
  endfacet
  facet normal -0.3461170570774926 0.9381913359224843 0
    outer loop
      vertex 2.472135954999579 -7.608452130361228 0.5
      vertex 3.0614674589207183 -7.391036260090294 0
      vertex 2.472135954999579 -7.608452130361228 0
    endloop
  endfacet
  facet normal -0.4186597375374275 0.9081431738250816 0
    outer loop
      vertex 3.0614674589207183 -7.391036260090294 0.5
      vertex 3.6319239979163744 -7.128052193506943 0
      vertex 3.0614674589207183 -7.391036260090294 0
    endloop
  endfacet
  facet normal -0.48862124149695507 0.8724960070727971 0
    outer loop
      vertex 3.6319239979163744 -7.128052193506943 0.5
      vertex 4.17998851772759 -6.821121314832738 0
      vertex 3.6319239979163744 -7.128052193506943 0
    endloop
  endfacet
  facet normal -0.5555702330196022 0.8314696123025452 0
    outer loop
      vertex 4.17998851772759 -6.821121314832738 0.5
      vertex 4.702282018339785 -6.47213595499958 0
      vertex 4.17998851772759 -6.821121314832738 0
    endloop
  endfacet
  facet normal -0.6190939493098343 0.7853169308807447 0
    outer loop
      vertex 4.702282018339785 -6.47213595499958 0.5
      vertex 5.195584386641469 -6.0832477248002474 0
      vertex 4.702282018339785 -6.47213595499958 0
    endloop
  endfacet
  facet normal -0.678800745532941 0.7343225094356861 0
    outer loop
      vertex 5.195584386641469 -6.0832477248002474 0.5
      vertex 5.656854249492381 -5.656854249492381 0
      vertex 5.195584386641469 -6.0832477248002474 0
    endloop
  endfacet
  facet normal -0.7343225094356861 0.678800745532941 0
    outer loop
      vertex 5.656854249492381 -5.656854249492381 0
      vertex 5.656854249492381 -5.656854249492381 0.5
      vertex 6.0832477248002474 -5.195584386641469 0
    endloop
  endfacet
  facet normal -0.7853169308807447 0.6190939493098343 2.5275638475826626e-17
    outer loop
      vertex 6.47213595499958 -4.702282018339785 0
      vertex 6.0832477248002474 -5.195584386641469 0
      vertex 6.0832477248002474 -5.195584386641469 0.5
    endloop
  endfacet
  facet normal -0.8314696123025452 0.5555702330196022 5.5313565282594475e-18
    outer loop
      vertex 6.821121314832738 -4.17998851772759 0
      vertex 6.47213595499958 -4.702282018339785 0
      vertex 6.47213595499958 -4.702282018339785 0.5
    endloop
  endfacet
  facet normal -0.8724960070727971 0.48862124149695507 2.6376134081568037e-17
    outer loop
      vertex 7.128052193506943 -3.6319239979163744 0
      vertex 6.821121314832738 -4.17998851772759 0
      vertex 6.821121314832738 -4.17998851772759 0.5
    endloop
  endfacet
  facet normal -0.9081431738250816 0.4186597375374275 2.2304911166329105e-17
    outer loop
      vertex 7.391036260090294 -3.0614674589207183 0
      vertex 7.128052193506943 -3.6319239979163744 0
      vertex 7.128052193506943 -3.6319239979163744 0.5
    endloop
  endfacet
  facet normal -0.9381913359224843 0.3461170570774926 -3.2194474867595257e-17
    outer loop
      vertex 7.608452130361228 -2.472135954999579 0
      vertex 7.391036260090294 -3.0614674589207183 0
      vertex 7.391036260090294 -3.0614674589207183 0.5
    endloop
  endfacet
  facet normal -0.9624552364536474 0.27144044986507426 -1.473152293617367e-17
    outer loop
      vertex 7.7789593631814125 -1.8675629108472431 0
      vertex 7.608452130361228 -2.472135954999579 0
      vertex 7.608452130361228 -2.472135954999579 0.5
    endloop
  endfacet
  facet normal -0.9807852804032302 0.19509032201612939 9.23079318552785e-18
    outer loop
      vertex 7.901506724761102 -1.251475720321847 0
      vertex 7.7789593631814125 -1.8675629108472431 0
      vertex 7.7789593631814125 -1.8675629108472431 0.5
    endloop
  endfacet
  facet normal -0.9930684569549263 0.11753739745783692 8.264608284758212e-18
    outer loop
      vertex 7.975338669865024 -0.6276727658227595 0
      vertex 7.901506724761102 -1.251475720321847 0
      vertex 7.901506724761102 -1.251475720321847 0.5
    endloop
  endfacet
  facet normal -0.9992290362407229 0.03925981575906876 0
    outer loop
      vertex 7.975338669865024 -0.6276727658227595 0
      vertex 7.975338669865024 -0.6276727658227595 0.5
      vertex 8 0 0
    endloop
  endfacet
  facet normal -0.03925981575906876 0.9992290362407229 0
    outer loop
      vertex 0.6276727658227595 -7.975338669865024 0.5
      vertex 0.6276727658227595 -7.975338669865024 0
      vertex 0 -8 0.5
    endloop
  endfacet
  facet normal -0.11753739745783692 0.9930684569549263 0
    outer loop
      vertex 1.251475720321847 -7.901506724761102 0.5
      vertex 1.251475720321847 -7.901506724761102 0
      vertex 0.6276727658227595 -7.975338669865024 0.5
    endloop
  endfacet
  facet normal -0.19509032201612939 0.9807852804032302 0
    outer loop
      vertex 1.8675629108472431 -7.7789593631814125 0.5
      vertex 1.8675629108472431 -7.7789593631814125 0
      vertex 1.251475720321847 -7.901506724761102 0.5
    endloop
  endfacet
  facet normal -0.27144044986507426 0.9624552364536474 0
    outer loop
      vertex 2.472135954999579 -7.608452130361228 0.5
      vertex 2.472135954999579 -7.608452130361228 0
      vertex 1.8675629108472431 -7.7789593631814125 0.5
    endloop
  endfacet
  facet normal -0.3461170570774926 0.9381913359224843 0
    outer loop
      vertex 3.0614674589207183 -7.391036260090294 0.5
      vertex 3.0614674589207183 -7.391036260090294 0
      vertex 2.472135954999579 -7.608452130361228 0.5
    endloop
  endfacet
  facet normal -0.4186597375374275 0.9081431738250816 0
    outer loop
      vertex 3.6319239979163744 -7.128052193506943 0.5
      vertex 3.6319239979163744 -7.128052193506943 0
      vertex 3.0614674589207183 -7.391036260090294 0.5
    endloop
  endfacet
  facet normal -0.48862124149695507 0.8724960070727971 0
    outer loop
      vertex 4.17998851772759 -6.821121314832738 0.5
      vertex 4.17998851772759 -6.821121314832738 0
      vertex 3.6319239979163744 -7.128052193506943 0.5
    endloop
  endfacet
  facet normal -0.5555702330196022 0.8314696123025452 0
    outer loop
      vertex 4.702282018339785 -6.47213595499958 0.5
      vertex 4.702282018339785 -6.47213595499958 0
      vertex 4.17998851772759 -6.821121314832738 0.5
    endloop
  endfacet
  facet normal -0.6190939493098343 0.7853169308807447 0
    outer loop
      vertex 5.195584386641469 -6.0832477248002474 0.5
      vertex 5.195584386641469 -6.0832477248002474 0
      vertex 4.702282018339785 -6.47213595499958 0.5
    endloop
  endfacet
  facet normal -0.678800745532941 0.7343225094356861 0
    outer loop
      vertex 5.656854249492381 -5.656854249492381 0.5
      vertex 5.656854249492381 -5.656854249492381 0
      vertex 5.195584386641469 -6.0832477248002474 0.5
    endloop
  endfacet
  facet normal -0.7343225094356861 0.678800745532941 0
    outer loop
      vertex 6.0832477248002474 -5.195584386641469 0
      vertex 5.656854249492381 -5.656854249492381 0.5
      vertex 6.0832477248002474 -5.195584386641469 0.5
    endloop
  endfacet
  facet normal -0.7853169308807447 0.6190939493098343 0
    outer loop
      vertex 6.47213595499958 -4.702282018339785 0
      vertex 6.0832477248002474 -5.195584386641469 0.5
      vertex 6.47213595499958 -4.702282018339785 0.5
    endloop
  endfacet
  facet normal -0.8314696123025452 0.5555702330196022 0
    outer loop
      vertex 6.821121314832738 -4.17998851772759 0
      vertex 6.47213595499958 -4.702282018339785 0.5
      vertex 6.821121314832738 -4.17998851772759 0.5
    endloop
  endfacet
  facet normal -0.8724960070727971 0.48862124149695507 0
    outer loop
      vertex 7.128052193506943 -3.6319239979163744 0
      vertex 6.821121314832738 -4.17998851772759 0.5
      vertex 7.128052193506943 -3.6319239979163744 0.5
    endloop
  endfacet
  facet normal -0.9081431738250816 0.4186597375374275 0
    outer loop
      vertex 7.391036260090294 -3.0614674589207183 0
      vertex 7.128052193506943 -3.6319239979163744 0.5
      vertex 7.391036260090294 -3.0614674589207183 0.5
    endloop
  endfacet
  facet normal -0.9381913359224843 0.3461170570774926 0
    outer loop
      vertex 7.608452130361228 -2.472135954999579 0
      vertex 7.391036260090294 -3.0614674589207183 0.5
      vertex 7.608452130361228 -2.472135954999579 0.5
    endloop
  endfacet
  facet normal -0.9624552364536474 0.27144044986507426 0
    outer loop
      vertex 7.7789593631814125 -1.8675629108472431 0
      vertex 7.608452130361228 -2.472135954999579 0.5
      vertex 7.7789593631814125 -1.8675629108472431 0.5
    endloop
  endfacet
  facet normal -0.9807852804032302 0.19509032201612939 0
    outer loop
      vertex 7.901506724761102 -1.251475720321847 0
      vertex 7.7789593631814125 -1.8675629108472431 0.5
      vertex 7.901506724761102 -1.251475720321847 0.5
    endloop
  endfacet
  facet normal -0.9930684569549263 0.11753739745783692 0
    outer loop
      vertex 7.975338669865024 -0.6276727658227595 0
      vertex 7.901506724761102 -1.251475720321847 0.5
      vertex 7.975338669865024 -0.6276727658227595 0.5
    endloop
  endfacet
  facet normal -0.9992290362407229 0.03925981575906876 0
    outer loop
      vertex 8 0 0
      vertex 7.975338669865024 -0.6276727658227595 0.5
      vertex 8 0 0.5
    endloop
  endfacet
  facet normal -0.03925981575906876 -0.9992290362407229 0
    outer loop
      vertex 0.6276727658227595 7.975338669865024 0
      vertex 0.6276727658227595 7.975338669865024 0.5
      vertex 0 8 0
    endloop
  endfacet
  facet normal -0.11753739745783692 -0.9930684569549263 0
    outer loop
      vertex 1.251475720321847 7.901506724761102 0
      vertex 1.251475720321847 7.901506724761102 0.5
      vertex 0.6276727658227595 7.975338669865024 0
    endloop
  endfacet
  facet normal -0.19509032201612939 -0.9807852804032302 0
    outer loop
      vertex 1.8675629108472431 7.7789593631814125 0
      vertex 1.8675629108472431 7.7789593631814125 0.5
      vertex 1.251475720321847 7.901506724761102 0
    endloop
  endfacet
  facet normal -0.27144044986507426 -0.9624552364536474 0
    outer loop
      vertex 2.472135954999579 7.608452130361228 0
      vertex 2.472135954999579 7.608452130361228 0.5
      vertex 1.8675629108472431 7.7789593631814125 0
    endloop
  endfacet
  facet normal -0.3461170570774926 -0.9381913359224843 0
    outer loop
      vertex 3.0614674589207183 7.391036260090294 0
      vertex 3.0614674589207183 7.391036260090294 0.5
      vertex 2.472135954999579 7.608452130361228 0
    endloop
  endfacet
  facet normal -0.48862124149695507 -0.8724960070727971 0
    outer loop
      vertex 4.17998851772759 6.821121314832738 0
      vertex 4.17998851772759 6.821121314832738 0.5
      vertex 3.6319239979163744 7.128052193506943 0
    endloop
  endfacet
  facet normal -0.4186597375374275 -0.9081431738250816 0
    outer loop
      vertex 3.6319239979163744 7.128052193506943 0
      vertex 3.6319239979163744 7.128052193506943 0.5
      vertex 3.0614674589207183 7.391036260090294 0
    endloop
  endfacet
  facet normal -0.9992290362407229 -0.03925981575906876 0
    outer loop
      vertex 8 0 0
      vertex 8 0 0.5
      vertex 7.975338669865024 0.6276727658227595 0
    endloop
  endfacet
  facet normal -0.9930684569549263 -0.11753739745783692 -8.264608284758212e-18
    outer loop
      vertex 7.901506724761102 1.251475720321847 0
      vertex 7.975338669865024 0.6276727658227595 0
      vertex 7.975338669865024 0.6276727658227595 0.5
    endloop
  endfacet
  facet normal -0.9807852804032302 -0.19509032201612939 -9.23079318552785e-18
    outer loop
      vertex 7.7789593631814125 1.8675629108472431 0
      vertex 7.901506724761102 1.251475720321847 0
      vertex 7.901506724761102 1.251475720321847 0.5
    endloop
  endfacet
  facet normal -0.8724960070727971 -0.48862124149695507 -2.6376134081568037e-17
    outer loop
      vertex 6.821121314832738 4.17998851772759 0
      vertex 7.128052193506943 3.6319239979163744 0
      vertex 7.128052193506943 3.6319239979163744 0.5
    endloop
  endfacet
  facet normal -0.9381913359224843 -0.3461170570774926 3.2194474867595257e-17
    outer loop
      vertex 7.391036260090294 3.0614674589207183 0
      vertex 7.608452130361228 2.472135954999579 0
      vertex 7.608452130361228 2.472135954999579 0.5
    endloop
  endfacet
  facet normal -0.9624552364536474 -0.27144044986507426 1.473152293617367e-17
    outer loop
      vertex 7.608452130361228 2.472135954999579 0
      vertex 7.7789593631814125 1.8675629108472431 0
      vertex 7.7789593631814125 1.8675629108472431 0.5
    endloop
  endfacet
  facet normal -0.9081431738250816 -0.4186597375374275 -2.2304911166329105e-17
    outer loop
      vertex 7.128052193506943 3.6319239979163744 0
      vertex 7.391036260090294 3.0614674589207183 0
      vertex 7.391036260090294 3.0614674589207183 0.5
    endloop
  endfacet
  facet normal -0.678800745532941 -0.7343225094356861 3.2609239631868354e-17
    outer loop
      vertex 5.195584386641469 6.0832477248002474 0
      vertex 5.656854249492381 5.656854249492381 0
      vertex 5.656854249492381 5.656854249492381 0.5
    endloop
  endfacet
  facet normal -0.7343225094356861 -0.678800745532941 3.2609239631868354e-17
    outer loop
      vertex 5.656854249492381 5.656854249492381 0
      vertex 6.0832477248002474 5.195584386641469 0
      vertex 6.0832477248002474 5.195584386641469 0.5
    endloop
  endfacet
  facet normal -0.5555702330196022 -0.8314696123025452 0
    outer loop
      vertex 4.702282018339785 6.47213595499958 0
      vertex 4.702282018339785 6.47213595499958 0.5
      vertex 4.17998851772759 6.821121314832738 0
    endloop
  endfacet
  facet normal -0.6190939493098343 -0.7853169308807447 0
    outer loop
      vertex 5.195584386641469 6.0832477248002474 0
      vertex 5.195584386641469 6.0832477248002474 0.5
      vertex 4.702282018339785 6.47213595499958 0
    endloop
  endfacet
  facet normal -0.7853169308807447 -0.6190939493098343 -2.5275638475826626e-17
    outer loop
      vertex 6.0832477248002474 5.195584386641469 0
      vertex 6.47213595499958 4.702282018339785 0
      vertex 6.47213595499958 4.702282018339785 0.5
    endloop
  endfacet
  facet normal -0.8314696123025452 -0.5555702330196022 -5.5313565282594475e-18
    outer loop
      vertex 6.47213595499958 4.702282018339785 0
      vertex 6.821121314832738 4.17998851772759 0
      vertex 6.821121314832738 4.17998851772759 0.5
    endloop
  endfacet
  facet normal -0.03925981575906876 -0.9992290362407229 0
    outer loop
      vertex 0 8 0
      vertex 0.6276727658227595 7.975338669865024 0.5
      vertex 0 8 0.5
    endloop
  endfacet
  facet normal -0.11753739745783692 -0.9930684569549263 0
    outer loop
      vertex 0.6276727658227595 7.975338669865024 0
      vertex 1.251475720321847 7.901506724761102 0.5
      vertex 0.6276727658227595 7.975338669865024 0.5
    endloop
  endfacet
  facet normal -0.19509032201612939 -0.9807852804032302 0
    outer loop
      vertex 1.251475720321847 7.901506724761102 0
      vertex 1.8675629108472431 7.7789593631814125 0.5
      vertex 1.251475720321847 7.901506724761102 0.5
    endloop
  endfacet
  facet normal -0.27144044986507426 -0.9624552364536474 0
    outer loop
      vertex 1.8675629108472431 7.7789593631814125 0
      vertex 2.472135954999579 7.608452130361228 0.5
      vertex 1.8675629108472431 7.7789593631814125 0.5
    endloop
  endfacet
  facet normal -0.3461170570774926 -0.9381913359224843 0
    outer loop
      vertex 2.472135954999579 7.608452130361228 0
      vertex 3.0614674589207183 7.391036260090294 0.5
      vertex 2.472135954999579 7.608452130361228 0.5
    endloop
  endfacet
  facet normal -0.48862124149695507 -0.8724960070727971 0
    outer loop
      vertex 3.6319239979163744 7.128052193506943 0
      vertex 4.17998851772759 6.821121314832738 0.5
      vertex 3.6319239979163744 7.128052193506943 0.5
    endloop
  endfacet
  facet normal -0.4186597375374275 -0.9081431738250816 0
    outer loop
      vertex 3.0614674589207183 7.391036260090294 0
      vertex 3.6319239979163744 7.128052193506943 0.5
      vertex 3.0614674589207183 7.391036260090294 0.5
    endloop
  endfacet
  facet normal -0.9992290362407229 -0.03925981575906876 0
    outer loop
      vertex 7.975338669865024 0.6276727658227595 0
      vertex 8 0 0.5
      vertex 7.975338669865024 0.6276727658227595 0.5
    endloop
  endfacet
  facet normal -0.9930684569549263 -0.11753739745783692 0
    outer loop
      vertex 7.901506724761102 1.251475720321847 0
      vertex 7.975338669865024 0.6276727658227595 0.5
      vertex 7.901506724761102 1.251475720321847 0.5
    endloop
  endfacet
  facet normal -0.9807852804032302 -0.19509032201612939 0
    outer loop
      vertex 7.7789593631814125 1.8675629108472431 0
      vertex 7.901506724761102 1.251475720321847 0.5
      vertex 7.7789593631814125 1.8675629108472431 0.5
    endloop
  endfacet
  facet normal -0.8724960070727971 -0.48862124149695507 0
    outer loop
      vertex 6.821121314832738 4.17998851772759 0
      vertex 7.128052193506943 3.6319239979163744 0.5
      vertex 6.821121314832738 4.17998851772759 0.5
    endloop
  endfacet
  facet normal -0.9381913359224843 -0.3461170570774926 0
    outer loop
      vertex 7.391036260090294 3.0614674589207183 0
      vertex 7.608452130361228 2.472135954999579 0.5
      vertex 7.391036260090294 3.0614674589207183 0.5
    endloop
  endfacet
  facet normal -0.9624552364536474 -0.27144044986507426 0
    outer loop
      vertex 7.608452130361228 2.472135954999579 0
      vertex 7.7789593631814125 1.8675629108472431 0.5
      vertex 7.608452130361228 2.472135954999579 0.5
    endloop
  endfacet
  facet normal -0.9081431738250816 -0.4186597375374275 0
    outer loop
      vertex 7.128052193506943 3.6319239979163744 0
      vertex 7.391036260090294 3.0614674589207183 0.5
      vertex 7.128052193506943 3.6319239979163744 0.5
    endloop
  endfacet
  facet normal -0.678800745532941 -0.7343225094356861 0
    outer loop
      vertex 5.195584386641469 6.0832477248002474 0
      vertex 5.656854249492381 5.656854249492381 0.5
      vertex 5.195584386641469 6.0832477248002474 0.5
    endloop
  endfacet
  facet normal -0.7343225094356861 -0.678800745532941 0
    outer loop
      vertex 5.656854249492381 5.656854249492381 0
      vertex 6.0832477248002474 5.195584386641469 0.5
      vertex 5.656854249492381 5.656854249492381 0.5
    endloop
  endfacet
  facet normal -0.5555702330196022 -0.8314696123025452 0
    outer loop
      vertex 4.17998851772759 6.821121314832738 0
      vertex 4.702282018339785 6.47213595499958 0.5
      vertex 4.17998851772759 6.821121314832738 0.5
    endloop
  endfacet
  facet normal -0.6190939493098343 -0.7853169308807447 0
    outer loop
      vertex 4.702282018339785 6.47213595499958 0
      vertex 5.195584386641469 6.0832477248002474 0.5
      vertex 4.702282018339785 6.47213595499958 0.5
    endloop
  endfacet
  facet normal -0.7853169308807447 -0.6190939493098343 0
    outer loop
      vertex 6.0832477248002474 5.195584386641469 0
      vertex 6.47213595499958 4.702282018339785 0.5
      vertex 6.0832477248002474 5.195584386641469 0.5
    endloop
  endfacet
  facet normal -0.8314696123025452 -0.5555702330196022 0
    outer loop
      vertex 6.47213595499958 4.702282018339785 0
      vertex 6.821121314832738 4.17998851772759 0.5
      vertex 6.47213595499958 4.702282018339785 0.5
    endloop
  endfacet
endsolid OpenSCAD_Model
