solid OpenSCAD_Model
  facet normal 1 0 0
    outer loop
      vertex 143.4 -7 1.8699186991869918
      vertex 143.4 -0.8918992241051886 1.807437015065743
      vertex 143.4 -7 2.3
    endloop
  endfacet
  facet normal 1 0 0
    outer loop
      vertex 143.4 -7 2.3
      vertex 143.4 -0.8918992241051886 1.807437015065743
      vertex 143.4 -1.5707012058954892 2.2316882536846805
    endloop
  endfacet
  facet normal 1 0 0
    outer loop
      vertex 143.4 -1.5707012058954892 2.2316882536846805
      vertex 143.4 3.3279056192934515 2.3
      vertex 143.4 -1.6799999999999997 2.3
    endloop
  endfacet
  facet normal 0 0 -1
    outer loop
      vertex 129.4 2 0
      vertex 129.4 84.4 0
      vertex 143.4 2 0
    endloop
  endfacet
  facet normal 1 0 0
    outer loop
      vertex 143.4 2 0
      vertex 143.4 175.8 0
      vertex 143.4 -0.8918992241051886 1.807437015065743
    endloop
  endfacet
  facet normal 1 0 0
    outer loop
      vertex 143.4 -0.8918992241051886 1.807437015065743
      vertex 143.4 175.8 0
      vertex 143.4 -1.5707012058954892 2.2316882536846805
    endloop
  endfacet
  facet normal 1 0 0
    outer loop
      vertex 143.4 -1.5707012058954892 2.2316882536846805
      vertex 143.4 175.8 2.3
      vertex 143.4 3.3279056192934515 2.3
    endloop
  endfacet
  facet normal -1 0 0
    outer loop
      vertex 129.4 2 0
      vertex 129.4 3.327905619293451 2.3
      vertex 129.4 175.8 2.3
    endloop
  endfacet
  facet normal 0 0 1
    outer loop
      vertex 132.4 3.327905619293451 2.3
      vertex 143.4 3.3279056192934515 2.3
      vertex 143.4 175.8 2.3
    endloop
  endfacet
  facet normal -1 0 0
    outer loop
      vertex 129.4 2 0
      vertex 129.4 175.8 2.3
      vertex 129.4 84.4 0
    endloop
  endfacet
  facet normal 0 0 -1
    outer loop
      vertex 143.4 2 0
      vertex 129.4 84.4 0
      vertex 143.4 175.8 0
    endloop
  endfacet
  facet normal 0 0 1
    outer loop
      vertex 132.4 3.327905619293451 2.3
      vertex 143.4 175.8 2.3
      vertex 132.4 175.8 2.3
    endloop
  endfacet
  facet normal 1 0 0
    outer loop
      vertex 143.4 -1.5707012058954892 2.2316882536846805
      vertex 143.4 175.8 0
      vertex 143.4 175.8 2.3
    endloop
  endfacet
  facet normal -1 0 0
    outer loop
      vertex 129.4 84.4 0
      vertex 129.4 175.8 2.3
      vertex 129.4 175.8 0
    endloop
  endfacet
  facet normal 0 0 -1
    outer loop
      vertex 129.4 84.4 0
      vertex 132.4 175.8 0
      vertex 143.4 175.8 0
    endloop
  endfacet
  facet normal 0 1 0
    outer loop
      vertex 129.4 175.8 0
      vertex 129.4 175.8 2.3
      vertex 132.4 175.8 0
    endloop
  endfacet
  facet normal 0 1 0
    outer loop
      vertex 132.4 175.8 0
      vertex 129.4 175.8 2.3
      vertex 143.4 175.8 0
    endloop
  endfacet
  facet normal 0 1 0
    outer loop
      vertex 129.4 175.8 2.3
      vertex 132.4 175.8 2.3
      vertex 143.4 175.8 0
    endloop
  endfacet
  facet normal 0 1 0
    outer loop
      vertex 132.4 175.8 2.3
      vertex 143.4 175.8 2.3
      vertex 143.4 175.8 0
    endloop
  endfacet
  facet normal -1 0 0
    outer loop
      vertex 129.4 3.327905619293451 2.3
      vertex 129.4 5.348631561696529 5.8
      vertex 129.4 175.8 2.3
    endloop
  endfacet
  facet normal 1 0 0
    outer loop
      vertex 132.4 3.327905619293451 2.3
      vertex 132.4 175.8 2.3
      vertex 132.4 5.3486315616965285 5.8
    endloop
  endfacet
  facet normal 0 0 1
    outer loop
      vertex 129.4 5.348631561696529 5.8
      vertex 132.4 5.3486315616965285 5.8
      vertex 132.4 175.8 5.8
    endloop
  endfacet
  facet normal -1 0 0
    outer loop
      vertex 129.4 5.348631561696529 5.8
      vertex 129.4 175.8 5.8
      vertex 129.4 175.8 2.3
    endloop
  endfacet
  facet normal 1 0 0
    outer loop
      vertex 132.4 5.3486315616965285 5.8
      vertex 132.4 175.8 2.3
      vertex 132.4 175.8 5.8
    endloop
  endfacet
  facet normal 0 0 1
    outer loop
      vertex 129.4 5.348631561696529 5.8
      vertex 132.4 175.8 5.8
      vertex 129.4 175.8 5.8
    endloop
  endfacet
  facet normal 0 0 -1
    outer loop
      vertex 129.4 84.4 0
      vertex 129.4 175.8 0
      vertex 132.4 175.8 0
    endloop
  endfacet
  facet normal 0 1 0
    outer loop
      vertex 129.4 175.8 2.3
      vertex 129.4 175.8 5.8
      vertex 132.4 175.8 2.3
    endloop
  endfacet
  facet normal 0 1 0
    outer loop
      vertex 132.4 175.8 2.3
      vertex 129.4 175.8 5.8
      vertex 132.4 175.8 5.8
    endloop
  endfacet
  facet normal 0 0 -1
    outer loop
      vertex 129.84256307441888 -1.221390714016317 -10.5
      vertex 143.4 0 -10.5
      vertex 143.4 -7 -10.5
    endloop
  endfacet
  facet normal 1 0 0
    outer loop
      vertex 143.4 -7 -10.5
      vertex 143.4 0 -10.5
      vertex 143.4 -7 -7.5
    endloop
  endfacet
  facet normal 0 0 -1
    outer loop
      vertex 129.84256307441888 -1.221390714016317 -10.5
      vertex 129.4 0 -10.5
      vertex 129.4 168 -10.5
    endloop
  endfacet
  facet normal 0 0 -1
    outer loop
      vertex 129.84256307441888 -1.221390714016317 -10.5
      vertex 143.4 175.8 -10.5
      vertex 143.4 0 -10.5
    endloop
  endfacet
  facet normal 1 0 0
    outer loop
      vertex 143.4 0 -10.5
      vertex 143.4 175.8 -10.5
      vertex 143.4 0 -4.5
    endloop
  endfacet
  facet normal -1 0 0
    outer loop
      vertex 129.4 0 -10.5
      vertex 129.4 0 -4.5
      vertex 129.4 168 -4.5
    endloop
  endfacet
  facet normal 0 0 1
    outer loop
      vertex 129.4 0 -4.5
      vertex 143.4 0 -4.5
      vertex 143.4 168 -4.5
    endloop
  endfacet
  facet normal -1 0 0
    outer loop
      vertex 129.4 0 -10.5
      vertex 129.4 168 -4.5
      vertex 129.4 168 -10.5
    endloop
  endfacet
  facet normal 0 0 -1
    outer loop
      vertex 129.84256307441888 -1.221390714016317 -10.5
      vertex 129.4 168 -10.5
      vertex 143.4 175.8 -10.5
    endloop
  endfacet
  facet normal 1 0 0
    outer loop
      vertex 143.4 0 -4.5
      vertex 143.4 175.8 -10.5
      vertex 143.4 175.8 -7.842857142857148
    endloop
  endfacet
  facet normal 1 0 0
    outer loop
      vertex 143.4 0 -4.5
      vertex 143.4 175.8 -7.842857142857148
      vertex 143.4 168 -4.5
    endloop
  endfacet
  facet normal 0 0 1
    outer loop
      vertex 129.4 0 -4.5
      vertex 129.9973741794311 168 -4.5
      vertex 129.4 168 -4.5
    endloop
  endfacet
  facet normal 0 0 1
    outer loop
      vertex 129.4 0 -4.5
      vertex 143.4 168 -4.5
      vertex 129.9973741794311 168 -4.5
    endloop
  endfacet
  facet normal 0 0 1
    outer loop
      vertex 129.9973741794311 168 -4.5
      vertex 143.4 168 -4.5
      vertex 129.90425789546816 169.2158326220299 -4.5
    endloop
  endfacet
  facet normal 0 0.2334453638559044 0.972369920397677
    outer loop
      vertex 0 68.50557280900009 -9.021690426072245
      vertex 8 68.50557280900009 -9.021690426072245
      vertex 0 68.74970485593563 -9.08030134495222
    endloop
  endfacet
  facet normal -5.641174260728898e-19 0.3826834323650903 0.9238795325112865
    outer loop
      vertex 0 68.50557280900009 -9.021690426072245
      vertex 0 68.27361520041673 -8.925610438701389
      vertex 8 68.27361520041673 -8.925610438701389
    endloop
  endfacet
  facet normal -4.2743083150304114e-19 0.5224985647159558 0.8526401643540881
    outer loop
      vertex 0 68.27361520041673 -8.925610438701389
      vertex 0 68.05954359633205 -8.794427190999915
      vertex 8 68.05954359633205 -8.794427190999915
    endloop
  endfacet
  facet normal 3.515920551044821e-19 0.6494480483301772 0.7604059656000366
    outer loop
      vertex 0 68.05954359633205 -8.794427190999915
      vertex 0 67.86862915010153 -8.631370849898476
      vertex 8 67.86862915010153 -8.631370849898476
    endloop
  endfacet
  facet normal -1.8374120670945152e-19 0.0784590957278454 0.996917333733128
    outer loop
      vertex 0 69 -9.1
      vertex 0 68.74970485593563 -9.08030134495222
      vertex 8 68.74970485593563 -9.08030134495222
    endloop
  endfacet
  facet normal 0 0.2334453638559044 0.972369920397677
    outer loop
      vertex 0 68.74970485593563 -9.08030134495222
      vertex 8 68.50557280900009 -9.021690426072245
      vertex 8 68.74970485593563 -9.08030134495222
    endloop
  endfacet
  facet normal 0 0.3826834323650903 0.9238795325112865
    outer loop
      vertex 0 68.50557280900009 -9.021690426072245
      vertex 8 68.27361520041673 -8.925610438701389
      vertex 8 68.50557280900009 -9.021690426072245
    endloop
  endfacet
  facet normal 0 0.5224985647159558 0.8526401643540881
    outer loop
      vertex 0 68.27361520041673 -8.925610438701389
      vertex 8 68.05954359633205 -8.794427190999915
      vertex 8 68.27361520041673 -8.925610438701389
    endloop
  endfacet
  facet normal 0 0.6494480483301772 0.7604059656000366
    outer loop
      vertex 0 68.05954359633205 -8.794427190999915
      vertex 8 67.86862915010153 -8.631370849898476
      vertex 8 68.05954359633205 -8.794427190999915
    endloop
  endfacet
  facet normal 0 0.0784590957278454 0.996917333733128
    outer loop
      vertex 0 69 -9.1
      vertex 8 68.74970485593563 -9.08030134495222
      vertex 8 69 -9.1
    endloop
  endfacet
  facet normal -1.35707305358677e-19 0.760405965600034 0.64944804833018
    outer loop
      vertex 0 67.86862915010153 -8.631370849898476
      vertex 0 67.70557280900009 -8.440456403667957
      vertex 8 67.70557280900009 -8.440456403667957
    endloop
  endfacet
  facet normal 3.3059093796410775e-19 0.8526401643540931 0.5224985647159475
    outer loop
      vertex 0 67.70557280900009 -8.440456403667957
      vertex 0 67.57438956129862 -8.226384799583276
      vertex 8 67.57438956129862 -8.226384799583276
    endloop
  endfacet
  facet normal 8.299235129482635e-19 0.9238795325112874 0.38268343236508773
    outer loop
      vertex 0 67.57438956129862 -8.226384799583276
      vertex 0 67.47830957392776 -7.994427190999916
      vertex 8 67.47830957392776 -7.994427190999916
    endloop
  endfacet
  facet normal 0 0.760405965600034 0.64944804833018
    outer loop
      vertex 0 67.86862915010153 -8.631370849898476
      vertex 8 67.70557280900009 -8.440456403667957
      vertex 8 67.86862915010153 -8.631370849898476
    endloop
  endfacet
  facet normal 0 0.8526401643540931 0.5224985647159475
    outer loop
      vertex 0 67.70557280900009 -8.440456403667957
      vertex 8 67.57438956129862 -8.226384799583276
      vertex 8 67.70557280900009 -8.440456403667957
    endloop
  endfacet
  facet normal 0 0.9238795325112874 0.38268343236508773
    outer loop
      vertex 0 67.57438956129862 -8.226384799583276
      vertex 8 67.47830957392776 -7.994427190999916
      vertex 8 67.57438956129862 -8.226384799583276
    endloop
  endfacet
  facet normal 0 0 1
    outer loop
      vertex 0 69 -9.1
      vertex 8 69 -9.1
      vertex 0 99 -9.1
    endloop
  endfacet
  facet normal -1.2474573178677967e-19 0.9723699203976734 0.23344536385591855
    outer loop
      vertex 0 67.47830957392776 -7.994427190999916
      vertex 0 67.41969865504778 -7.75029514406437
      vertex 8 67.41969865504778 -7.75029514406437
    endloop
  endfacet
  facet normal 1.1622884493900062e-19 0.9969173337331292 0.07845909572783051
    outer loop
      vertex 0 67.41969865504778 -7.75029514406437
      vertex 0 67.4 -7.5
      vertex 8 67.4 -7.5
    endloop
  endfacet
  facet normal -1.1622884493900062e-19 0.9969173337331292 -0.07845909572783051
    outer loop
      vertex 0 67.4 -7.5
      vertex 0 67.41969865504778 -7.24970485593563
      vertex 8 67.41969865504778 -7.24970485593563
    endloop
  endfacet
  facet normal 0 0.9723699203976734 0.23344536385591855
    outer loop
      vertex 0 67.47830957392776 -7.994427190999916
      vertex 8 67.41969865504778 -7.75029514406437
      vertex 8 67.47830957392776 -7.994427190999916
    endloop
  endfacet
  facet normal 0 0.9969173337331292 0.07845909572783051
    outer loop
      vertex 0 67.41969865504778 -7.75029514406437
      vertex 8 67.4 -7.5
      vertex 8 67.41969865504778 -7.75029514406437
    endloop
  endfacet
  facet normal 0 0.9969173337331292 -0.07845909572783051
    outer loop
      vertex 0 67.4 -7.5
      vertex 8 67.41969865504778 -7.24970485593563
      vertex 8 67.4 -7.5
    endloop
  endfacet
  facet normal 1.2474573178677967e-19 0.9723699203976734 -0.23344536385591855
    outer loop
      vertex 0 67.41969865504778 -7.24970485593563
      vertex 0 67.47830957392776 -7.005572809000084
      vertex 8 67.47830957392776 -7.005572809000084
    endloop
  endfacet
  facet normal -1.3290304343768922e-19 0.923879532511287 -0.382683432365089
    outer loop
      vertex 0 67.47830957392776 -7.005572809000084
      vertex 0 67.57438956129862 -6.773615200416725
      vertex 8 67.57438956129862 -6.773615200416725
    endloop
  endfacet
  facet normal 0 0.9723699203976734 -0.23344536385591855
    outer loop
      vertex 0 67.41969865504778 -7.24970485593563
      vertex 8 67.47830957392776 -7.005572809000084
      vertex 8 67.41969865504778 -7.24970485593563
    endloop
  endfacet
  facet normal 0 0.923879532511287 -0.382683432365089
    outer loop
      vertex 0 67.47830957392776 -7.005572809000084
      vertex 8 67.57438956129862 -6.773615200416725
      vertex 8 67.47830957392776 -7.005572809000084
    endloop
  endfacet
  facet normal 0 0.852640164354094 -0.5224985647159458
    outer loop
      vertex 0 67.57438956129862 -6.773615200416725
      vertex 8 67.70557280900009 -6.559543596332043
      vertex 8 67.57438956129862 -6.773615200416725
    endloop
  endfacet
  facet normal 6.762933068377565e-19 0.852640164354094 -0.5224985647159458
    outer loop
      vertex 0 67.57438956129862 -6.773615200416725
      vertex 0 67.70557280900009 -6.559543596332043
      vertex 8 67.70557280900009 -6.559543596332043
    endloop
  endfacet
  facet normal -3.0921433073897e-19 0.7604059656000356 -0.6494480483301783
    outer loop
      vertex 0 67.70557280900009 -6.559543596332043
      vertex 0 67.86862915010153 -6.3686291501015235
      vertex 8 67.86862915010153 -6.3686291501015235
    endloop
  endfacet
  facet normal -3.515920551044821e-19 0.6494480483301772 -0.7604059656000366
    outer loop
      vertex 0 67.86862915010153 -6.3686291501015235
      vertex 0 68.05954359633205 -6.205572809000084
      vertex 8 68.05954359633205 -6.205572809000084
    endloop
  endfacet
  facet normal 7.688723517652503e-19 0.5224985647159531 -0.8526401643540895
    outer loop
      vertex 0 68.05954359633205 -6.205572809000084
      vertex 0 68.27361520041673 -6.074389561298611
      vertex 8 68.27361520041673 -6.074389561298611
    endloop
  endfacet
  facet normal 0 0.7604059656000356 -0.6494480483301783
    outer loop
      vertex 0 67.70557280900009 -6.559543596332043
      vertex 8 67.86862915010153 -6.3686291501015235
      vertex 8 67.70557280900009 -6.559543596332043
    endloop
  endfacet
  facet normal 0 0.6494480483301772 -0.7604059656000366
    outer loop
      vertex 0 67.86862915010153 -6.3686291501015235
      vertex 8 68.05954359633205 -6.205572809000084
      vertex 8 67.86862915010153 -6.3686291501015235
    endloop
  endfacet
  facet normal 0 0.5224985647159531 -0.8526401643540895
    outer loop
      vertex 0 68.05954359633205 -6.205572809000084
      vertex 8 68.27361520041673 -6.074389561298611
      vertex 8 68.05954359633205 -6.205572809000084
    endloop
  endfacet
  facet normal 0 0.3826834323650903 -0.9238795325112865
    outer loop
      vertex 0 68.27361520041673 -6.074389561298611
      vertex 8 68.50557280900009 -5.9783095739277545
      vertex 8 68.27361520041673 -6.074389561298611
    endloop
  endfacet
  facet normal 5.641174260728898e-19 0.3826834323650903 -0.9238795325112865
    outer loop
      vertex 0 68.27361520041673 -6.074389561298611
      vertex 0 68.50557280900009 -5.9783095739277545
      vertex 8 68.50557280900009 -5.9783095739277545
    endloop
  endfacet
  facet normal 1.4751059734198315e-19 0.2334453638559044 -0.972369920397677
    outer loop
      vertex 0 68.50557280900009 -5.9783095739277545
      vertex 0 68.74970485593563 -5.91969865504778
      vertex 8 68.74970485593563 -5.91969865504778
    endloop
  endfacet
  facet normal 1.8374120670945152e-19 0.0784590957278454 -0.996917333733128
    outer loop
      vertex 0 68.74970485593563 -5.91969865504778
      vertex 0 69 -5.9
      vertex 8 69 -5.9
    endloop
  endfacet
  facet normal 0 0.2334453638559044 -0.972369920397677
    outer loop
      vertex 0 68.50557280900009 -5.9783095739277545
      vertex 8 68.74970485593563 -5.91969865504778
      vertex 8 68.50557280900009 -5.9783095739277545
    endloop
  endfacet
  facet normal 0 0.0784590957278454 -0.996917333733128
    outer loop
      vertex 0 68.74970485593563 -5.91969865504778
      vertex 8 69 -5.9
      vertex 8 68.74970485593563 -5.91969865504778
    endloop
  endfacet
  facet normal 0 0 -1
    outer loop
      vertex 0 69 -5.9
      vertex 8 99 -5.9
      vertex 8 69 -5.9
    endloop
  endfacet
  facet normal 0 0 1
    outer loop
      vertex 8 69 -9.1
      vertex 8 99 -9.1
      vertex 0 99 -9.1
    endloop
  endfacet
  facet normal 0 -0.0784590957278454 0.996917333733128
    outer loop
      vertex 0 99 -9.1
      vertex 8 99 -9.1
      vertex 0 99.25029514406437 -9.08030134495222
    endloop
  endfacet
  facet normal 0 -0.2334453638559044 0.972369920397677
    outer loop
      vertex 0 99.25029514406437 -9.08030134495222
      vertex 8 99.25029514406437 -9.08030134495222
      vertex 0 99.49442719099991 -9.021690426072245
    endloop
  endfacet
  facet normal 0 -0.3826834323650903 0.9238795325112865
    outer loop
      vertex 0 99.49442719099991 -9.021690426072245
      vertex 8 99.49442719099991 -9.021690426072245
      vertex 0 99.72638479958327 -8.925610438701389
    endloop
  endfacet
  facet normal 0 -0.5224985647159558 0.8526401643540881
    outer loop
      vertex 0 99.72638479958327 -8.925610438701389
      vertex 8 99.72638479958327 -8.925610438701389
      vertex 0 99.94045640366795 -8.794427190999915
    endloop
  endfacet
  facet normal 0 -0.6494480483301772 0.7604059656000366
    outer loop
      vertex 0 99.94045640366795 -8.794427190999915
      vertex 8 99.94045640366795 -8.794427190999915
      vertex 0 100.13137084989847 -8.631370849898476
    endloop
  endfacet
  facet normal 0 -0.0784590957278454 0.996917333733128
    outer loop
      vertex 0 99.25029514406437 -9.08030134495222
      vertex 8 99 -9.1
      vertex 8 99.25029514406437 -9.08030134495222
    endloop
  endfacet
  facet normal 0 -0.2334453638559044 0.972369920397677
    outer loop
      vertex 0 99.49442719099991 -9.021690426072245
      vertex 8 99.25029514406437 -9.08030134495222
      vertex 8 99.49442719099991 -9.021690426072245
    endloop
  endfacet
  facet normal 0 -0.3826834323650903 0.9238795325112865
    outer loop
      vertex 0 99.72638479958327 -8.925610438701389
      vertex 8 99.49442719099991 -9.021690426072245
      vertex 8 99.72638479958327 -8.925610438701389
    endloop
  endfacet
  facet normal 0 -0.5224985647159558 0.8526401643540881
    outer loop
      vertex 0 99.94045640366795 -8.794427190999915
      vertex 8 99.72638479958327 -8.925610438701389
      vertex 8 99.94045640366795 -8.794427190999915
    endloop
  endfacet
  facet normal 0 -0.6494480483301772 0.7604059656000366
    outer loop
      vertex 0 100.13137084989847 -8.631370849898476
      vertex 8 99.94045640366795 -8.794427190999915
      vertex 8 100.13137084989847 -8.631370849898476
    endloop
  endfacet
  facet normal 0 -0.760405965600034 0.64944804833018
    outer loop
      vertex 0 100.13137084989847 -8.631370849898476
      vertex 8 100.13137084989847 -8.631370849898476
      vertex 0 100.29442719099991 -8.440456403667957
    endloop
  endfacet
  facet normal 0 -0.8526401643540931 0.5224985647159475
    outer loop
      vertex 0 100.29442719099991 -8.440456403667957
      vertex 8 100.29442719099991 -8.440456403667957
      vertex 0 100.42561043870138 -8.226384799583276
    endloop
  endfacet
  facet normal 0 -0.9238795325112874 0.38268343236508773
    outer loop
      vertex 0 100.42561043870138 -8.226384799583276
      vertex 8 100.42561043870138 -8.226384799583276
      vertex 0 100.52169042607224 -7.994427190999916
    endloop
  endfacet
  facet normal 0 -0.760405965600034 0.64944804833018
    outer loop
      vertex 0 100.29442719099991 -8.440456403667957
      vertex 8 100.13137084989847 -8.631370849898476
      vertex 8 100.29442719099991 -8.440456403667957
    endloop
  endfacet
  facet normal 0 -0.8526401643540931 0.5224985647159475
    outer loop
      vertex 0 100.42561043870138 -8.226384799583276
      vertex 8 100.29442719099991 -8.440456403667957
      vertex 8 100.42561043870138 -8.226384799583276
    endloop
  endfacet
  facet normal 0 -0.9238795325112874 0.38268343236508773
    outer loop
      vertex 0 100.52169042607224 -7.994427190999916
      vertex 8 100.42561043870138 -8.226384799583276
      vertex 8 100.52169042607224 -7.994427190999916
    endloop
  endfacet
  facet normal 0 0 -1
    outer loop
      vertex 0 69 -5.9
      vertex 0 99 -5.9
      vertex 8 99 -5.9
    endloop
  endfacet
  facet normal 0 -0.9723699203976734 0.23344536385591855
    outer loop
      vertex 0 100.52169042607224 -7.994427190999916
      vertex 8 100.52169042607224 -7.994427190999916
      vertex 0 100.58030134495222 -7.75029514406437
    endloop
  endfacet
  facet normal 0 -0.9969173337331292 0.07845909572783051
    outer loop
      vertex 0 100.58030134495222 -7.75029514406437
      vertex 8 100.58030134495222 -7.75029514406437
      vertex 0 100.6 -7.5
    endloop
  endfacet
  facet normal 0 -0.9969173337331292 -0.07845909572783051
    outer loop
      vertex 0 100.6 -7.5
      vertex 8 100.6 -7.5
      vertex 0 100.58030134495222 -7.24970485593563
    endloop
  endfacet
  facet normal 0 -0.9723699203976734 0.23344536385591855
    outer loop
      vertex 0 100.58030134495222 -7.75029514406437
      vertex 8 100.52169042607224 -7.994427190999916
      vertex 8 100.58030134495222 -7.75029514406437
    endloop
  endfacet
  facet normal 0 -0.9969173337331292 0.07845909572783051
    outer loop
      vertex 0 100.6 -7.5
      vertex 8 100.58030134495222 -7.75029514406437
      vertex 8 100.6 -7.5
    endloop
  endfacet
  facet normal 0 -0.9969173337331292 -0.07845909572783051
    outer loop
      vertex 0 100.58030134495222 -7.24970485593563
      vertex 8 100.6 -7.5
      vertex 8 100.58030134495222 -7.24970485593563
    endloop
  endfacet
  facet normal 0 -0.9723699203976734 -0.23344536385591855
    outer loop
      vertex 0 100.58030134495222 -7.24970485593563
      vertex 8 100.58030134495222 -7.24970485593563
      vertex 0 100.52169042607224 -7.005572809000084
    endloop
  endfacet
  facet normal 0 -0.923879532511287 -0.382683432365089
    outer loop
      vertex 0 100.52169042607224 -7.005572809000084
      vertex 8 100.52169042607224 -7.005572809000084
      vertex 0 100.42561043870138 -6.773615200416725
    endloop
  endfacet
  facet normal 0 -0.852640164354094 -0.5224985647159458
    outer loop
      vertex 0 100.42561043870138 -6.773615200416725
      vertex 8 100.42561043870138 -6.773615200416725
      vertex 0 100.29442719099991 -6.559543596332043
    endloop
  endfacet
  facet normal 0 -0.9723699203976734 -0.23344536385591855
    outer loop
      vertex 0 100.52169042607224 -7.005572809000084
      vertex 8 100.58030134495222 -7.24970485593563
      vertex 8 100.52169042607224 -7.005572809000084
    endloop
  endfacet
  facet normal 0 -0.923879532511287 -0.382683432365089
    outer loop
      vertex 0 100.42561043870138 -6.773615200416725
      vertex 8 100.52169042607224 -7.005572809000084
      vertex 8 100.42561043870138 -6.773615200416725
    endloop
  endfacet
  facet normal 0 -0.7604059656000356 -0.6494480483301783
    outer loop
      vertex 0 100.29442719099991 -6.559543596332043
      vertex 8 100.29442719099991 -6.559543596332043
      vertex 0 100.13137084989847 -6.3686291501015235
    endloop
  endfacet
  facet normal 0 -0.6494480483301772 -0.7604059656000366
    outer loop
      vertex 0 100.13137084989847 -6.3686291501015235
      vertex 8 100.13137084989847 -6.3686291501015235
      vertex 0 99.94045640366795 -6.205572809000084
    endloop
  endfacet
  facet normal 0 -0.5224985647159531 -0.8526401643540895
    outer loop
      vertex 0 99.94045640366795 -6.205572809000084
      vertex 8 99.94045640366795 -6.205572809000084
      vertex 0 99.72638479958327 -6.074389561298611
    endloop
  endfacet
  facet normal 0 -0.3826834323650903 -0.9238795325112865
    outer loop
      vertex 0 99.72638479958327 -6.074389561298611
      vertex 8 99.72638479958327 -6.074389561298611
      vertex 0 99.49442719099991 -5.9783095739277545
    endloop
  endfacet
  facet normal 0 -0.852640164354094 -0.5224985647159458
    outer loop
      vertex 0 100.29442719099991 -6.559543596332043
      vertex 8 100.42561043870138 -6.773615200416725
      vertex 8 100.29442719099991 -6.559543596332043
    endloop
  endfacet
  facet normal 0 -0.7604059656000356 -0.6494480483301783
    outer loop
      vertex 0 100.13137084989847 -6.3686291501015235
      vertex 8 100.29442719099991 -6.559543596332043
      vertex 8 100.13137084989847 -6.3686291501015235
    endloop
  endfacet
  facet normal 0 -0.6494480483301772 -0.7604059656000366
    outer loop
      vertex 0 99.94045640366795 -6.205572809000084
      vertex 8 100.13137084989847 -6.3686291501015235
      vertex 8 99.94045640366795 -6.205572809000084
    endloop
  endfacet
  facet normal 0 -0.5224985647159531 -0.8526401643540895
    outer loop
      vertex 0 99.72638479958327 -6.074389561298611
      vertex 8 99.94045640366795 -6.205572809000084
      vertex 8 99.72638479958327 -6.074389561298611
    endloop
  endfacet
  facet normal -1.8374120670945152e-19 -0.0784590957278454 -0.996917333733128
    outer loop
      vertex 0 99 -5.9
      vertex 0 99.25029514406437 -5.91969865504778
      vertex 8 99.25029514406437 -5.91969865504778
    endloop
  endfacet
  facet normal -1.4751059734198315e-19 -0.2334453638559044 -0.972369920397677
    outer loop
      vertex 0 99.25029514406437 -5.91969865504778
      vertex 0 99.49442719099991 -5.9783095739277545
      vertex 8 99.49442719099991 -5.9783095739277545
    endloop
  endfacet
  facet normal 0 -0.0784590957278454 -0.996917333733128
    outer loop
      vertex 0 99 -5.9
      vertex 8 99.25029514406437 -5.91969865504778
      vertex 8 99 -5.9
    endloop
  endfacet
  facet normal 0 -0.3826834323650903 -0.9238795325112865
    outer loop
      vertex 0 99.49442719099991 -5.9783095739277545
      vertex 8 99.72638479958327 -6.074389561298611
      vertex 8 99.49442719099991 -5.9783095739277545
    endloop
  endfacet
  facet normal 0 -0.2334453638559044 -0.972369920397677
    outer loop
      vertex 0 99.25029514406437 -5.91969865504778
      vertex 8 99.49442719099991 -5.9783095739277545
      vertex 8 99.25029514406437 -5.91969865504778
    endloop
  endfacet
  facet normal -1 0 0
    outer loop
      vertex 0 68.74970485593563 -5.91969865504778
      vertex 0 0.5 -10.5
      vertex 0 0.5 -7.4
    endloop
  endfacet
  facet normal -1 0 0
    outer loop
      vertex 0 69 -5.9
      vertex 0 0.5 -7.4
      vertex 0 0 -7.4
    endloop
  endfacet
  facet normal -1 0 0
    outer loop
      vertex 0 0 -4.5
      vertex 0 69 -5.9
      vertex 0 0 -7.4
    endloop
  endfacet
  facet normal 1 0 0
    outer loop
      vertex 8 0 -4.5
      vertex 8 0 -7.4
      vertex 8 0.5 -7.4
    endloop
  endfacet
  facet normal 1 0 0
    outer loop
      vertex 8 67.70557280900009 -8.440456403667957
      vertex 8 0.5 -7.4
      vertex 8 0.5 -10.5
    endloop
  endfacet
  facet normal 1 0 0
    outer loop
      vertex 8 0 -4.5
      vertex 8 0.5 -7.4
      vertex 8 67.70557280900009 -8.440456403667957
    endloop
  endfacet
  facet normal -1 0 0
    outer loop
      vertex 0 69 -9.1
      vertex 0 0.5 -10.5
      vertex 0 68.74970485593563 -9.08030134495222
    endloop
  endfacet
  facet normal -1 0 0
    outer loop
      vertex 0 68.27361520041673 -8.925610438701389
      vertex 0 0.5 -10.5
      vertex 0 68.05954359633205 -8.794427190999915
    endloop
  endfacet
  facet normal -1 0 0
    outer loop
      vertex 0 68.05954359633205 -8.794427190999915
      vertex 0 0.5 -10.5
      vertex 0 67.86862915010153 -8.631370849898476
    endloop
  endfacet
  facet normal -1 0 0
    outer loop
      vertex 0 68.50557280900009 -9.021690426072245
      vertex 0 68.74970485593563 -9.08030134495222
      vertex 0 0.5 -10.5
    endloop
  endfacet
  facet normal -1 0 0
    outer loop
      vertex 0 68.50557280900009 -9.021690426072245
      vertex 0 0.5 -10.5
      vertex 0 68.27361520041673 -8.925610438701389
    endloop
  endfacet
  facet normal -1 0 0
    outer loop
      vertex 0 67.86862915010153 -8.631370849898476
      vertex 0 0.5 -10.5
      vertex 0 67.70557280900009 -8.440456403667957
    endloop
  endfacet
  facet normal -1 0 0
    outer loop
      vertex 0 67.70557280900009 -8.440456403667957
      vertex 0 0.5 -10.5
      vertex 0 67.57438956129862 -8.226384799583276
    endloop
  endfacet
  facet normal -1 0 0
    outer loop
      vertex 0 67.57438956129862 -8.226384799583276
      vertex 0 0.5 -10.5
      vertex 0 67.47830957392776 -7.994427190999916
    endloop
  endfacet
  facet normal -1 0 0
    outer loop
      vertex 0 67.47830957392776 -7.994427190999916
      vertex 0 0.5 -10.5
      vertex 0 67.41969865504778 -7.75029514406437
    endloop
  endfacet
  facet normal -1 0 0
    outer loop
      vertex 0 67.41969865504778 -7.75029514406437
      vertex 0 0.5 -10.5
      vertex 0 67.4 -7.5
    endloop
  endfacet
  facet normal -1 0 0
    outer loop
      vertex 0 67.4 -7.5
      vertex 0 0.5 -10.5
      vertex 0 67.41969865504778 -7.24970485593563
    endloop
  endfacet
  facet normal -1 0 0
    outer loop
      vertex 0 67.41969865504778 -7.24970485593563
      vertex 0 0.5 -10.5
      vertex 0 67.47830957392776 -7.005572809000084
    endloop
  endfacet
  facet normal -1 0 0
    outer loop
      vertex 0 67.47830957392776 -7.005572809000084
      vertex 0 0.5 -10.5
      vertex 0 67.57438956129862 -6.773615200416725
    endloop
  endfacet
  facet normal -1 0 0
    outer loop
      vertex 0 67.57438956129862 -6.773615200416725
      vertex 0 0.5 -10.5
      vertex 0 67.70557280900009 -6.559543596332043
    endloop
  endfacet
  facet normal -1 0 0
    outer loop
      vertex 0 69 -9.1
      vertex 0 99 -9.1
      vertex 0 0.5 -10.5
    endloop
  endfacet
  facet normal 0 0 -1
    outer loop
      vertex 8 0.5 -10.5
      vertex 0 0.5 -10.5
      vertex 8 167.5 -10.5
    endloop
  endfacet
  facet normal -1 0 0
    outer loop
      vertex 0 67.70557280900009 -6.559543596332043
      vertex 0 0.5 -10.5
      vertex 0 67.86862915010153 -6.3686291501015235
    endloop
  endfacet
  facet normal -1 0 0
    outer loop
      vertex 0 67.86862915010153 -6.3686291501015235
      vertex 0 0.5 -10.5
      vertex 0 68.05954359633205 -6.205572809000084
    endloop
  endfacet
  facet normal -1 0 0
    outer loop
      vertex 0 68.05954359633205 -6.205572809000084
      vertex 0 0.5 -10.5
      vertex 0 68.27361520041673 -6.074389561298611
    endloop
  endfacet
  facet normal -1 0 0
    outer loop
      vertex 0 68.27361520041673 -6.074389561298611
      vertex 0 0.5 -10.5
      vertex 0 68.50557280900009 -5.9783095739277545
    endloop
  endfacet
  facet normal -1 0 0
    outer loop
      vertex 0 68.50557280900009 -5.9783095739277545
      vertex 0 0.5 -10.5
      vertex 0 68.74970485593563 -5.91969865504778
    endloop
  endfacet
  facet normal -1 0 0
    outer loop
      vertex 0 68.74970485593563 -5.91969865504778
      vertex 0 0.5 -7.4
      vertex 0 69 -5.9
    endloop
  endfacet
  facet normal 1 0 0
    outer loop
      vertex 8 69 -9.1
      vertex 8 68.74970485593563 -9.08030134495222
      vertex 8 0.5 -10.5
    endloop
  endfacet
  facet normal 1 0 0
    outer loop
      vertex 8 68.27361520041673 -8.925610438701389
      vertex 8 68.05954359633205 -8.794427190999915
      vertex 8 0.5 -10.5
    endloop
  endfacet
  facet normal 1 0 0
    outer loop
      vertex 8 68.05954359633205 -8.794427190999915
      vertex 8 67.86862915010153 -8.631370849898476
      vertex 8 0.5 -10.5
    endloop
  endfacet
  facet normal 1 0 0
    outer loop
      vertex 8 68.50557280900009 -9.021690426072245
      vertex 8 0.5 -10.5
      vertex 8 68.74970485593563 -9.08030134495222
    endloop
  endfacet
  facet normal 1 0 0
    outer loop
      vertex 8 68.50557280900009 -9.021690426072245
      vertex 8 68.27361520041673 -8.925610438701389
      vertex 8 0.5 -10.5
    endloop
  endfacet
  facet normal 1 0 0
    outer loop
      vertex 8 67.86862915010153 -8.631370849898476
      vertex 8 67.70557280900009 -8.440456403667957
      vertex 8 0.5 -10.5
    endloop
  endfacet
  facet normal 1 0 0
    outer loop
      vertex 8 69 -9.1
      vertex 8 0.5 -10.5
      vertex 8 99 -9.1
    endloop
  endfacet
  facet normal 1 0 0
    outer loop
      vertex 8 0 -4.5
      vertex 8 67.70557280900009 -8.440456403667957
      vertex 8 67.57438956129862 -8.226384799583276
    endloop
  endfacet
  facet normal 1 0 0
    outer loop
      vertex 8 0 -4.5
      vertex 8 67.57438956129862 -8.226384799583276
      vertex 8 67.47830957392776 -7.994427190999916
    endloop
  endfacet
  facet normal 1 0 0
    outer loop
      vertex 8 0 -4.5
      vertex 8 67.47830957392776 -7.994427190999916
      vertex 8 67.41969865504778 -7.75029514406437
    endloop
  endfacet
  facet normal 1 0 0
    outer loop
      vertex 8 0 -4.5
      vertex 8 67.41969865504778 -7.75029514406437
      vertex 8 67.4 -7.5
    endloop
  endfacet
  facet normal 1 0 0
    outer loop
      vertex 8 0 -4.5
      vertex 8 67.4 -7.5
      vertex 8 67.41969865504778 -7.24970485593563
    endloop
  endfacet
  facet normal 1 0 0
    outer loop
      vertex 8 0 -4.5
      vertex 8 67.41969865504778 -7.24970485593563
      vertex 8 67.47830957392776 -7.005572809000084
    endloop
  endfacet
  facet normal 1 0 0
    outer loop
      vertex 8 0 -4.5
      vertex 8 67.47830957392776 -7.005572809000084
      vertex 8 67.57438956129862 -6.773615200416725
    endloop
  endfacet
  facet normal 1 0 0
    outer loop
      vertex 8 0 -4.5
      vertex 8 67.57438956129862 -6.773615200416725
      vertex 8 67.70557280900009 -6.559543596332043
    endloop
  endfacet
  facet normal 1 0 0
    outer loop
      vertex 8 0 -4.5
      vertex 8 67.70557280900009 -6.559543596332043
      vertex 8 67.86862915010153 -6.3686291501015235
    endloop
  endfacet
  facet normal 1 0 0
    outer loop
      vertex 8 0 -4.5
      vertex 8 67.86862915010153 -6.3686291501015235
      vertex 8 68.05954359633205 -6.205572809000084
    endloop
  endfacet
  facet normal 1 0 0
    outer loop
      vertex 8 0 -4.5
      vertex 8 68.05954359633205 -6.205572809000084
      vertex 8 68.27361520041673 -6.074389561298611
    endloop
  endfacet
  facet normal 1 0 0
    outer loop
      vertex 8 0 -4.5
      vertex 8 68.27361520041673 -6.074389561298611
      vertex 8 68.50557280900009 -5.9783095739277545
    endloop
  endfacet
  facet normal 1 0 0
    outer loop
      vertex 8 0 -4.5
      vertex 8 68.50557280900009 -5.9783095739277545
      vertex 8 68.74970485593563 -5.91969865504778
    endloop
  endfacet
  facet normal 1 0 0
    outer loop
      vertex 8 0 -4.5
      vertex 8 68.74970485593563 -5.91969865504778
      vertex 8 69 -5.9
    endloop
  endfacet
  facet normal 0 0 1
    outer loop
      vertex 0 0 -4.5
      vertex 8 0 -4.5
      vertex 8 168 -4.5
    endloop
  endfacet
  facet normal -1 0 0
    outer loop
      vertex 0 0 -4.5
      vertex 0 168 -4.5
      vertex 0 69 -5.9
    endloop
  endfacet
  facet normal 1 0 0
    outer loop
      vertex 8 0 -4.5
      vertex 8 69 -5.9
      vertex 8 168 -4.5
    endloop
  endfacet
  facet normal -1 0 0
    outer loop
      vertex 0 99 -9.1
      vertex 0 167.5 -10.5
      vertex 0 0.5 -10.5
    endloop
  endfacet
  facet normal 0 0 -1
    outer loop
      vertex 0 0.5 -10.5
      vertex 0 167.5 -10.5
      vertex 8 167.5 -10.5
    endloop
  endfacet
  facet normal -1 0 0
    outer loop
      vertex 0 69 -5.9
      vertex 0 168 -4.5
      vertex 0 99 -5.9
    endloop
  endfacet
  facet normal -1 0 0
    outer loop
      vertex 0 99 -9.1
      vertex 0 99.25029514406437 -9.08030134495222
      vertex 0 168 -4.5
    endloop
  endfacet
  facet normal -1 0 0
    outer loop
      vertex 0 99.25029514406437 -9.08030134495222
      vertex 0 99.49442719099991 -9.021690426072245
      vertex 0 168 -4.5
    endloop
  endfacet
  facet normal -1 0 0
    outer loop
      vertex 0 99.49442719099991 -9.021690426072245
      vertex 0 99.72638479958327 -8.925610438701389
      vertex 0 168 -4.5
    endloop
  endfacet
  facet normal -1 0 0
    outer loop
      vertex 0 99.72638479958327 -8.925610438701389
      vertex 0 99.94045640366795 -8.794427190999915
      vertex 0 168 -4.5
    endloop
  endfacet
  facet normal -1 0 0
    outer loop
      vertex 0 99.94045640366795 -8.794427190999915
      vertex 0 100.13137084989847 -8.631370849898476
      vertex 0 168 -4.5
    endloop
  endfacet
  facet normal -1 0 0
    outer loop
      vertex 0 100.13137084989847 -8.631370849898476
      vertex 0 100.29442719099991 -8.440456403667957
      vertex 0 168 -4.5
    endloop
  endfacet
  facet normal -1 0 0
    outer loop
      vertex 0 100.29442719099991 -8.440456403667957
      vertex 0 100.42561043870138 -8.226384799583276
      vertex 0 168 -4.5
    endloop
  endfacet
  facet normal -1 0 0
    outer loop
      vertex 0 100.42561043870138 -8.226384799583276
      vertex 0 100.52169042607224 -7.994427190999916
      vertex 0 168 -4.5
    endloop
  endfacet
  facet normal -1 0 0
    outer loop
      vertex 0 100.52169042607224 -7.994427190999916
      vertex 0 100.58030134495222 -7.75029514406437
      vertex 0 168 -4.5
    endloop
  endfacet
  facet normal -1 0 0
    outer loop
      vertex 0 100.58030134495222 -7.75029514406437
      vertex 0 100.6 -7.5
      vertex 0 168 -4.5
    endloop
  endfacet
  facet normal -1 0 0
    outer loop
      vertex 0 100.6 -7.5
      vertex 0 100.58030134495222 -7.24970485593563
      vertex 0 168 -4.5
    endloop
  endfacet
  facet normal -1 0 0
    outer loop
      vertex 0 100.58030134495222 -7.24970485593563
      vertex 0 100.52169042607224 -7.005572809000084
      vertex 0 168 -4.5
    endloop
  endfacet
  facet normal -1 0 0
    outer loop
      vertex 0 100.52169042607224 -7.005572809000084
      vertex 0 100.42561043870138 -6.773615200416725
      vertex 0 168 -4.5
    endloop
  endfacet
  facet normal -1 0 0
    outer loop
      vertex 0 100.42561043870138 -6.773615200416725
      vertex 0 100.29442719099991 -6.559543596332043
      vertex 0 168 -4.5
    endloop
  endfacet
  facet normal -1 0 0
    outer loop
      vertex 0 100.29442719099991 -6.559543596332043
      vertex 0 100.13137084989847 -6.3686291501015235
      vertex 0 168 -4.5
    endloop
  endfacet
  facet normal -1 0 0
    outer loop
      vertex 0 99.25029514406437 -5.91969865504778
      vertex 0 168 -4.5
      vertex 0 99.49442719099991 -5.9783095739277545
    endloop
  endfacet
  facet normal -1 0 0
    outer loop
      vertex 0 99 -5.9
      vertex 0 168 -4.5
      vertex 0 99.25029514406437 -5.91969865504778
    endloop
  endfacet
  facet normal -1 0 0
    outer loop
      vertex 0 100.13137084989847 -6.3686291501015235
      vertex 0 99.94045640366795 -6.205572809000084
      vertex 0 168 -4.5
    endloop
  endfacet
  facet normal -1 0 0
    outer loop
      vertex 0 99.94045640366795 -6.205572809000084
      vertex 0 99.72638479958327 -6.074389561298611
      vertex 0 168 -4.5
    endloop
  endfacet
  facet normal -1 0 0
    outer loop
      vertex 0 99.72638479958327 -6.074389561298611
      vertex 0 99.49442719099991 -5.9783095739277545
      vertex 0 168 -4.5
    endloop
  endfacet
  facet normal 1 0 0
    outer loop
      vertex 8 99 -9.1
      vertex 8 0.5 -10.5
      vertex 8 167.5 -10.5
    endloop
  endfacet
  facet normal 1 0 0
    outer loop
      vertex 8 99 -9.1
      vertex 8 167.5 -7.4
      vertex 8 99.25029514406437 -9.08030134495222
    endloop
  endfacet
  facet normal 1 0 0
    outer loop
      vertex 8 99.25029514406437 -9.08030134495222
      vertex 8 167.5 -7.4
      vertex 8 99.49442719099991 -9.021690426072245
    endloop
  endfacet
  facet normal 1 0 0
    outer loop
      vertex 8 99.49442719099991 -9.021690426072245
      vertex 8 167.5 -7.4
      vertex 8 99.72638479958327 -8.925610438701389
    endloop
  endfacet
  facet normal 1 0 0
    outer loop
      vertex 8 99.72638479958327 -8.925610438701389
      vertex 8 167.5 -7.4
      vertex 8 99.94045640366795 -8.794427190999915
    endloop
  endfacet
  facet normal 1 0 0
    outer loop
      vertex 8 99.94045640366795 -8.794427190999915
      vertex 8 167.5 -7.4
      vertex 8 100.13137084989847 -8.631370849898476
    endloop
  endfacet
  facet normal 1 0 0
    outer loop
      vertex 8 100.13137084989847 -8.631370849898476
      vertex 8 167.5 -7.4
      vertex 8 100.29442719099991 -8.440456403667957
    endloop
  endfacet
  facet normal 1 0 0
    outer loop
      vertex 8 100.29442719099991 -8.440456403667957
      vertex 8 167.5 -7.4
      vertex 8 100.42561043870138 -8.226384799583276
    endloop
  endfacet
  facet normal 1 0 0
    outer loop
      vertex 8 69 -5.9
      vertex 8 99 -5.9
      vertex 8 168 -4.5
    endloop
  endfacet
  facet normal 1 0 0
    outer loop
      vertex 8 100.42561043870138 -8.226384799583276
      vertex 8 167.5 -7.4
      vertex 8 100.52169042607224 -7.994427190999916
    endloop
  endfacet
  facet normal 1 0 0
    outer loop
      vertex 8 100.52169042607224 -7.994427190999916
      vertex 8 167.5 -7.4
      vertex 8 100.58030134495222 -7.75029514406437
    endloop
  endfacet
  facet normal 1 0 0
    outer loop
      vertex 8 100.58030134495222 -7.75029514406437
      vertex 8 167.5 -7.4
      vertex 8 100.6 -7.5
    endloop
  endfacet
  facet normal 1 0 0
    outer loop
      vertex 8 100.6 -7.5
      vertex 8 167.5 -7.4
      vertex 8 100.58030134495222 -7.24970485593563
    endloop
  endfacet
  facet normal 1 0 0
    outer loop
      vertex 8 100.58030134495222 -7.24970485593563
      vertex 8 167.5 -7.4
      vertex 8 100.52169042607224 -7.005572809000084
    endloop
  endfacet
  facet normal 1 0 0
    outer loop
      vertex 8 100.52169042607224 -7.005572809000084
      vertex 8 167.5 -7.4
      vertex 8 100.42561043870138 -6.773615200416725
    endloop
  endfacet
  facet normal 1 0 0
    outer loop
      vertex 8 100.42561043870138 -6.773615200416725
      vertex 8 168 -4.5
      vertex 8 100.29442719099991 -6.559543596332043
    endloop
  endfacet
  facet normal 1 0 0
    outer loop
      vertex 8 100.29442719099991 -6.559543596332043
      vertex 8 168 -4.5
      vertex 8 100.13137084989847 -6.3686291501015235
    endloop
  endfacet
  facet normal 1 0 0
    outer loop
      vertex 8 99.25029514406437 -5.91969865504778
      vertex 8 99.49442719099991 -5.9783095739277545
      vertex 8 168 -4.5
    endloop
  endfacet
  facet normal 1 0 0
    outer loop
      vertex 8 99 -5.9
      vertex 8 99.25029514406437 -5.91969865504778
      vertex 8 168 -4.5
    endloop
  endfacet
  facet normal 1 0 0
    outer loop
      vertex 8 100.13137084989847 -6.3686291501015235
      vertex 8 168 -4.5
      vertex 8 99.94045640366795 -6.205572809000084
    endloop
  endfacet
  facet normal 1 0 0
    outer loop
      vertex 8 99.94045640366795 -6.205572809000084
      vertex 8 168 -4.5
      vertex 8 99.72638479958327 -6.074389561298611
    endloop
  endfacet
  facet normal 1 0 0
    outer loop
      vertex 8 99.72638479958327 -6.074389561298611
      vertex 8 168 -4.5
      vertex 8 99.49442719099991 -5.9783095739277545
    endloop
  endfacet
  facet normal 0 0 1
    outer loop
      vertex 0 0 -4.5
      vertex 8 168 -4.5
      vertex 0 168 -4.5
    endloop
  endfacet
  facet normal -1 0 0
    outer loop
      vertex 0 99 -9.1
      vertex 0 167.5 -7.4
      vertex 0 167.5 -10.5
    endloop
  endfacet
  facet normal -1 0 0
    outer loop
      vertex 0 99 -9.1
      vertex 0 168 -4.5
      vertex 0 167.5 -7.4
    endloop
  endfacet
  facet normal -1 0 0
    outer loop
      vertex 0 168 -4.5
      vertex 0 168 -7.4
      vertex 0 167.5 -7.4
    endloop
  endfacet
  facet normal 1 0 0
    outer loop
      vertex 8 99 -9.1
      vertex 8 167.5 -10.5
      vertex 8 167.5 -7.4
    endloop
  endfacet
  facet normal 1 0 0
    outer loop
      vertex 8 100.42561043870138 -6.773615200416725
      vertex 8 167.5 -7.4
      vertex 8 168 -4.5
    endloop
  endfacet
  facet normal 1 0 0
    outer loop
      vertex 8 168 -4.5
      vertex 8 167.5 -7.4
      vertex 8 168 -7.4
    endloop
  endfacet
  facet normal 0 0 -1
    outer loop
      vertex 0 2 0
      vertex 12.15 0.5 0
      vertex 0 0.5 0
    endloop
  endfacet
  facet normal -1 0 0
    outer loop
      vertex 0 2 0
      vertex 0 0.5 0
      vertex 0 0.5 5.1
    endloop
  endfacet
  facet normal -1 0 0
    outer loop
      vertex 0 -14 10
      vertex 0 -12.1 5.1
      vertex 0 -14 5.1
    endloop
  endfacet
  facet normal -1 0 0
    outer loop
      vertex 0 -8.9 5.1
      vertex 0 -6.1 10
      vertex 0 -6.1 5.1
    endloop
  endfacet
  facet normal -1 0 0
    outer loop
      vertex 0 -2.9 10
      vertex 0 0.5 5.1
      vertex 0 -2.9 5.1
    endloop
  endfacet
  facet normal 0 -1 0
    outer loop
      vertex 0 -14 10
      vertex 0 -14 5.1
      vertex 12.15 -14 5.1
    endloop
  endfacet
  facet normal -1 0 0
    outer loop
      vertex 0 2 0
      vertex 0 0.5 5.1
      vertex 0 7.773502692580223 10
    endloop
  endfacet
  facet normal -1 0 0
    outer loop
      vertex 0 -14 10
      vertex 0 -12.1 10
      vertex 0 -12.1 5.1
    endloop
  endfacet
  facet normal -1 0 0
    outer loop
      vertex 0 -8.9 5.1
      vertex 0 -8.9 10
      vertex 0 -6.1 10
    endloop
  endfacet
  facet normal 0 0 1
    outer loop
      vertex 0 -14 10
      vertex 0.2502951440643694 -12.08030134495222 10
      vertex 0 -12.1 10
    endloop
  endfacet
  facet normal 0 0 1
    outer loop
      vertex 0 -6.1 10
      vertex 0 -8.9 10
      vertex 0.2502951440643694 -8.91969865504778 10
    endloop
  endfacet
  facet normal 0 0 1
    outer loop
      vertex 0.49442719099991583 -8.978309573927755 10
      vertex 0.2502951440643694 -6.08030134495222 10
      vertex 0.2502951440643694 -8.91969865504778 10
    endloop
  endfacet
  facet normal 0 0 1
    outer loop
      vertex 0.726384799583275 -9.074389561298611 10
      vertex 0.49442719099991583 -6.0216904260722455 10
      vertex 0.49442719099991583 -8.978309573927755 10
    endloop
  endfacet
  facet normal 0 0 1
    outer loop
      vertex 0.940456403667957 -9.205572809000085 10
      vertex 0.726384799583275 -5.925610438701389 10
      vertex 0.726384799583275 -9.074389561298611 10
    endloop
  endfacet
  facet normal 0 0 1
    outer loop
      vertex 1.1313708498984762 -9.368629150101524 10
      vertex 0.940456403667957 -5.794427190999916 10
      vertex 0.940456403667957 -9.205572809000085 10
    endloop
  endfacet
  facet normal 0 0 1
    outer loop
      vertex 1.294427190999916 -9.559543596332043 10
      vertex 1.1313708498984762 -5.6313708498984765 10
      vertex 1.1313708498984762 -9.368629150101524 10
    endloop
  endfacet
  facet normal 0 0 1
    outer loop
      vertex 0 -6.1 10
      vertex 0.2502951440643694 -8.91969865504778 10
      vertex 0.2502951440643694 -6.08030134495222 10
    endloop
  endfacet
  facet normal 0 0 1
    outer loop
      vertex 0.2502951440643694 -6.08030134495222 10
      vertex 0.49442719099991583 -8.978309573927755 10
      vertex 0.49442719099991583 -6.0216904260722455 10
    endloop
  endfacet
  facet normal 0 0 1
    outer loop
      vertex 0.49442719099991583 -6.0216904260722455 10
      vertex 0.726384799583275 -9.074389561298611 10
      vertex 0.726384799583275 -5.925610438701389 10
    endloop
  endfacet
  facet normal 0 0 1
    outer loop
      vertex 0.726384799583275 -5.925610438701389 10
      vertex 0.940456403667957 -9.205572809000085 10
      vertex 0.940456403667957 -5.794427190999916 10
    endloop
  endfacet
  facet normal 0 0 1
    outer loop
      vertex 0.940456403667957 -5.794427190999916 10
      vertex 1.1313708498984762 -9.368629150101524 10
      vertex 1.1313708498984762 -5.6313708498984765 10
    endloop
  endfacet
  facet normal 0 0 1
    outer loop
      vertex 1.294427190999916 -5.440456403667957 10
      vertex 1.294427190999916 -9.559543596332043 10
      vertex 1.4256104387013888 -5.226384799583275 10
    endloop
  endfacet
  facet normal 0 0 1
    outer loop
      vertex 1.1313708498984762 -5.6313708498984765 10
      vertex 1.294427190999916 -9.559543596332043 10
      vertex 1.294427190999916 -5.440456403667957 10
    endloop
  endfacet
  facet normal -1 0 0
    outer loop
      vertex 0 7.773502692580223 10
      vertex 0 0.5 5.1
      vertex 0 -2.9 10
    endloop
  endfacet
  facet normal 0 0.86602540375879 -0.5000000000444249
    outer loop
      vertex 0 2 0
      vertex 0 7.773502692580223 10
      vertex 129.4 2 0
    endloop
  endfacet
  facet normal 0 0 -1
    outer loop
      vertex 143.4 -14 0
      vertex 12.15 -14 0
      vertex 12.15 0.5 0
    endloop
  endfacet
  facet normal 0 0 -1
    outer loop
      vertex 0 2 0
      vertex 143.4 -14 0
      vertex 12.15 0.5 0
    endloop
  endfacet
  facet normal 0 -1 0
    outer loop
      vertex 143.4 -14 10
      vertex 12.15 -14 5.1
      vertex 12.15 -14 0
    endloop
  endfacet
  facet normal 0 -1 0
    outer loop
      vertex 0 -14 10
      vertex 12.15 -14 5.1
      vertex 143.4 -14 10
    endloop
  endfacet
  facet normal 0 0 1
    outer loop
      vertex 0 -14 10
      vertex 143.4 7.773502692580223 10
      vertex 0.2502951440643694 -12.08030134495222 10
    endloop
  endfacet
  facet normal 0 0 1
    outer loop
      vertex 143.4 7.773502692580223 10
      vertex 0.49442719099991583 -12.021690426072245 10
      vertex 0.2502951440643694 -12.08030134495222 10
    endloop
  endfacet
  facet normal 0 0 1
    outer loop
      vertex 143.4 7.773502692580223 10
      vertex 0.726384799583275 -11.925610438701389 10
      vertex 0.49442719099991583 -12.021690426072245 10
    endloop
  endfacet
  facet normal 0 0 1
    outer loop
      vertex 143.4 7.773502692580223 10
      vertex 0.940456403667957 -11.794427190999915 10
      vertex 0.726384799583275 -11.925610438701389 10
    endloop
  endfacet
  facet normal 0 0 1
    outer loop
      vertex 143.4 7.773502692580223 10
      vertex 1.1313708498984762 -11.631370849898476 10
      vertex 0.940456403667957 -11.794427190999915 10
    endloop
  endfacet
  facet normal 0 0 1
    outer loop
      vertex 143.4 7.773502692580223 10
      vertex 1.294427190999916 -11.440456403667957 10
      vertex 1.1313708498984762 -11.631370849898476 10
    endloop
  endfacet
  facet normal 0 0 1
    outer loop
      vertex 143.4 7.773502692580223 10
      vertex 1.4256104387013888 -11.226384799583276 10
      vertex 1.294427190999916 -11.440456403667957 10
    endloop
  endfacet
  facet normal 0 0 1
    outer loop
      vertex 143.4 7.773502692580223 10
      vertex 1.5216904260722457 -10.994427190999916 10
      vertex 1.4256104387013888 -11.226384799583276 10
    endloop
  endfacet
  facet normal 0 0 1
    outer loop
      vertex 143.4 7.773502692580223 10
      vertex 1.5803013449522205 -10.750295144064369 10
      vertex 1.5216904260722457 -10.994427190999916 10
    endloop
  endfacet
  facet normal 0 0 1
    outer loop
      vertex 143.4 7.773502692580223 10
      vertex 1.6 -10.5 10
      vertex 1.5803013449522205 -10.750295144064369 10
    endloop
  endfacet
  facet normal 0 0 1
    outer loop
      vertex 143.4 7.773502692580223 10
      vertex 1.5216904260722457 -10.005572809000084 10
      vertex 1.5803013449522205 -10.249704855935631 10
    endloop
  endfacet
  facet normal 0 0 1
    outer loop
      vertex 143.4 7.773502692580223 10
      vertex 1.5803013449522205 -10.249704855935631 10
      vertex 1.6 -10.5 10
    endloop
  endfacet
  facet normal 0 0 1
    outer loop
      vertex 143.4 7.773502692580223 10
      vertex 1.4256104387013888 -9.773615200416724 10
      vertex 1.5216904260722457 -10.005572809000084 10
    endloop
  endfacet
  facet normal 0 0 1
    outer loop
      vertex 143.4 7.773502692580223 10
      vertex 1.294427190999916 -9.559543596332043 10
      vertex 1.4256104387013888 -9.773615200416724 10
    endloop
  endfacet
  facet normal 0 0 1
    outer loop
      vertex 143.4 7.773502692580223 10
      vertex 1.4256104387013888 -5.226384799583275 10
      vertex 1.294427190999916 -9.559543596332043 10
    endloop
  endfacet
  facet normal 0 0 1
    outer loop
      vertex 143.4 7.773502692580223 10
      vertex 0 -2.9 10
      vertex 0.2502951440643694 -2.9196986550477795 10
    endloop
  endfacet
  facet normal 0 0 1
    outer loop
      vertex 143.4 7.773502692580223 10
      vertex 0.2502951440643694 -2.9196986550477795 10
      vertex 0.49442719099991583 -2.9783095739277545 10
    endloop
  endfacet
  facet normal 0 0 1
    outer loop
      vertex 143.4 7.773502692580223 10
      vertex 0.726384799583275 -3.074389561298611 10
      vertex 0.940456403667957 -3.205572809000084 10
    endloop
  endfacet
  facet normal 0 0 1
    outer loop
      vertex 143.4 7.773502692580223 10
      vertex 0.940456403667957 -3.205572809000084 10
      vertex 1.1313708498984762 -3.3686291501015235 10
    endloop
  endfacet
  facet normal 0 0 1
    outer loop
      vertex 143.4 7.773502692580223 10
      vertex 1.1313708498984762 -3.3686291501015235 10
      vertex 1.294427190999916 -3.559543596332043 10
    endloop
  endfacet
  facet normal 0 0 1
    outer loop
      vertex 143.4 7.773502692580223 10
      vertex 0.49442719099991583 -2.9783095739277545 10
      vertex 0.726384799583275 -3.074389561298611 10
    endloop
  endfacet
  facet normal 0 0 1
    outer loop
      vertex 0 7.773502692580223 10
      vertex 0 -2.9 10
      vertex 143.4 7.773502692580223 10
    endloop
  endfacet
  facet normal 0 0 1
    outer loop
      vertex 143.4 7.773502692580223 10
      vertex 1.5216904260722457 -4.994427190999916 10
      vertex 1.4256104387013888 -5.226384799583275 10
    endloop
  endfacet
  facet normal 0 0 1
    outer loop
      vertex 143.4 7.773502692580223 10
      vertex 1.5803013449522205 -4.75029514406437 10
      vertex 1.5216904260722457 -4.994427190999916 10
    endloop
  endfacet
  facet normal 0 0 1
    outer loop
      vertex 143.4 7.773502692580223 10
      vertex 1.6 -4.5 10
      vertex 1.5803013449522205 -4.75029514406437 10
    endloop
  endfacet
  facet normal 0 0 1
    outer loop
      vertex 143.4 7.773502692580223 10
      vertex 1.5803013449522205 -4.24970485593563 10
      vertex 1.6 -4.5 10
    endloop
  endfacet
  facet normal 0 0 1
    outer loop
      vertex 143.4 7.773502692580223 10
      vertex 1.5216904260722457 -4.005572809000084 10
      vertex 1.5803013449522205 -4.24970485593563 10
    endloop
  endfacet
  facet normal 0 0 1
    outer loop
      vertex 143.4 7.773502692580223 10
      vertex 1.294427190999916 -3.559543596332043 10
      vertex 1.4256104387013888 -3.773615200416725 10
    endloop
  endfacet
  facet normal 0 0 1
    outer loop
      vertex 143.4 7.773502692580223 10
      vertex 1.4256104387013888 -3.773615200416725 10
      vertex 1.5216904260722457 -4.005572809000084 10
    endloop
  endfacet
  facet normal 0 0 -1
    outer loop
      vertex 0 2 0
      vertex 129.4 2 0
      vertex 143.4 -14 0
    endloop
  endfacet
  facet normal -1.0337814320686043e-17 0.8660254037587899 -0.500000000044425
    outer loop
      vertex 0 7.773502692580223 10
      vertex 129.4 3.327905619293451 2.3
      vertex 129.4 2 0
    endloop
  endfacet
  facet normal 0 -1 0
    outer loop
      vertex 143.4 -14 0
      vertex 143.4 -14 10
      vertex 12.15 -14 0
    endloop
  endfacet
  facet normal 1.3331650666071764e-18 0.86602540375879 -0.5000000000444248
    outer loop
      vertex 0 7.773502692580223 10
      vertex 129.4 5.348631561696529 5.8
      vertex 129.4 3.327905619293451 2.3
    endloop
  endfacet
  facet normal 2.737916852722055e-16 0.8660254037587927 -0.5000000000444202
    outer loop
      vertex 0 7.773502692580223 10
      vertex 132.4 5.3486315616965285 5.8
      vertex 129.4 5.348631561696529 5.8
    endloop
  endfacet
  facet normal 0 0.8660254037587899 -0.500000000044425
    outer loop
      vertex 0 7.773502692580223 10
      vertex 143.4 7.773502692580223 10
      vertex 132.4 5.3486315616965285 5.8
    endloop
  endfacet
  facet normal 0 0 1
    outer loop
      vertex 0 -14 10
      vertex 143.4 -14 10
      vertex 143.4 7.773502692580223 10
    endloop
  endfacet
  facet normal 0 0 -1
    outer loop
      vertex 129.4 2 0
      vertex 143.4 2 0
      vertex 143.4 -14 0
    endloop
  endfacet
  facet normal 1 0 0
    outer loop
      vertex 143.4 -14 0
      vertex 143.4 2 0
      vertex 143.4 -7 1.8699186991869918
    endloop
  endfacet
  facet normal 1 0 0
    outer loop
      vertex 143.4 -14 0
      vertex 143.4 -7 1.8699186991869918
      vertex 143.4 -7 2.3
    endloop
  endfacet
  facet normal 1 0 0
    outer loop
      vertex 143.4 -7 1.8699186991869918
      vertex 143.4 2 0
      vertex 143.4 -0.8918992241051886 1.807437015065743
    endloop
  endfacet
  facet normal 1 0 0
    outer loop
      vertex 143.4 -7 2.3
      vertex 143.4 -1.5707012058954892 2.2316882536846805
      vertex 143.4 -1.6799999999999997 2.3
    endloop
  endfacet
  facet normal 1 0 0
    outer loop
      vertex 143.4 -14 0
      vertex 143.4 -7 2.3
      vertex 143.4 -14 10
    endloop
  endfacet
  facet normal 1 0 0
    outer loop
      vertex 143.4 -7 2.3
      vertex 143.4 -1.6799999999999997 2.3
      vertex 143.4 -14 10
    endloop
  endfacet
  facet normal 1 0 0
    outer loop
      vertex 143.4 -1.6799999999999997 2.3
      vertex 143.4 3.3279056192934515 2.3
      vertex 143.4 7.773502692580223 10
    endloop
  endfacet
  facet normal -3.4962957933211135e-17 0.86602540375879 -0.5000000000444248
    outer loop
      vertex 132.4 3.327905619293451 2.3
      vertex 143.4 7.773502692580223 10
      vertex 143.4 3.3279056192934515 2.3
    endloop
  endfacet
  facet normal 1 0 0
    outer loop
      vertex 143.4 -1.6799999999999997 2.3
      vertex 143.4 7.773502692580223 10
      vertex 143.4 -14 10
    endloop
  endfacet
  facet normal -1.028081744603225e-16 0.86602540375879 -0.5000000000444248
    outer loop
      vertex 132.4 3.327905619293451 2.3
      vertex 132.4 5.3486315616965285 5.8
      vertex 143.4 7.773502692580223 10
    endloop
  endfacet
  facet normal 0 0 -1
    outer loop
      vertex -12 168 -10.5
      vertex -0.2502951440643694 170.41969865504777 -10.5
      vertex -0.15000000000000036 168 -10.5
    endloop
  endfacet
  facet normal 0 0 -1
    outer loop
      vertex -12 168 -10.5
      vertex -0.726384799583275 170.5743895612986 -10.5
      vertex -0.49442719099991583 170.47830957392776 -10.5
    endloop
  endfacet
  facet normal 0 0 -1
    outer loop
      vertex -12 168 -10.5
      vertex -0.49442719099991583 170.47830957392776 -10.5
      vertex -0.2502951440643694 170.41969865504777 -10.5
    endloop
  endfacet
  facet normal 0 -1 0
    outer loop
      vertex -12 168 -10.5
      vertex -0.15000000000000036 168 -10.5
      vertex -0.15000000000000036 168 -7.4
    endloop
  endfacet
  facet normal 0 0 -1
    outer loop
      vertex -12 168 -10.5
      vertex -12 182 -10.5
      vertex -1.5803013449522205 171.74970485593562 -10.5
    endloop
  endfacet
  facet normal 0 0 -1
    outer loop
      vertex -12 168 -10.5
      vertex -1.5803013449522205 171.74970485593562 -10.5
      vertex -1.5216904260722457 171.50557280900009 -10.5
    endloop
  endfacet
  facet normal 0 0 -1
    outer loop
      vertex -12 168 -10.5
      vertex -1.4256104387013888 171.2736152004167 -10.5
      vertex -1.294427190999916 171.05954359633205 -10.5
    endloop
  endfacet
  facet normal 0 0 -1
    outer loop
      vertex -12 168 -10.5
      vertex -1.294427190999916 171.05954359633205 -10.5
      vertex -1.1313708498984762 170.86862915010153 -10.5
    endloop
  endfacet
  facet normal 0 0 -1
    outer loop
      vertex -12 168 -10.5
      vertex -1.5216904260722457 171.50557280900009 -10.5
      vertex -1.4256104387013888 171.2736152004167 -10.5
    endloop
  endfacet
  facet normal 0 0 -1
    outer loop
      vertex -12 182 -10.5
      vertex -1.6 172 -10.5
      vertex -1.5803013449522205 171.74970485593562 -10.5
    endloop
  endfacet
  facet normal 0 0 -1
    outer loop
      vertex -12 182 -10.5
      vertex -1.5803013449522205 172.25029514406438 -10.5
      vertex -1.6 172 -10.5
    endloop
  endfacet
  facet normal 0 0 -1
    outer loop
      vertex -12 182 -10.5
      vertex -1.5216904260722457 172.49442719099991 -10.5
      vertex -1.5803013449522205 172.25029514406438 -10.5
    endloop
  endfacet
  facet normal 0 0 -1
    outer loop
      vertex -12 182 -10.5
      vertex -1.4256104387013888 172.7263847995833 -10.5
      vertex -1.5216904260722457 172.49442719099991 -10.5
    endloop
  endfacet
  facet normal 0 0 -1
    outer loop
      vertex -12 168 -10.5
      vertex -1.1313708498984762 170.86862915010153 -10.5
      vertex -0.940456403667957 170.70557280900007 -10.5
    endloop
  endfacet
  facet normal 0 0 -1
    outer loop
      vertex -12 168 -10.5
      vertex -0.940456403667957 170.70557280900007 -10.5
      vertex -0.726384799583275 170.5743895612986 -10.5
    endloop
  endfacet
  facet normal 0 0 -1
    outer loop
      vertex -12 182 -10.5
      vertex -1.294427190999916 172.94045640366795 -10.5
      vertex -1.4256104387013888 172.7263847995833 -10.5
    endloop
  endfacet
  facet normal 0 0 -1
    outer loop
      vertex -12 182 -10.5
      vertex -1.1313708498984762 173.13137084989847 -10.5
      vertex -1.294427190999916 172.94045640366795 -10.5
    endloop
  endfacet
  facet normal 0 0 -1
    outer loop
      vertex -12 182 -10.5
      vertex -1.4256104387013888 177.2736152004167 -10.5
      vertex -1.294427190999916 177.05954359633205 -10.5
    endloop
  endfacet
  facet normal 0 0 -1
    outer loop
      vertex -12 182 -10.5
      vertex -1.5216904260722457 177.50557280900009 -10.5
      vertex -1.4256104387013888 177.2736152004167 -10.5
    endloop
  endfacet
  facet normal 0 0 -1
    outer loop
      vertex -12 182 -10.5
      vertex -1.294427190999916 177.05954359633205 -10.5
      vertex -1.1313708498984762 176.86862915010153 -10.5
    endloop
  endfacet
  facet normal 0 0 -1
    outer loop
      vertex -12 182 -10.5
      vertex -1.5803013449522205 177.74970485593562 -10.5
      vertex -1.5216904260722457 177.50557280900009 -10.5
    endloop
  endfacet
  facet normal 0 0 -1
    outer loop
      vertex -12 182 -10.5
      vertex -1.6 178 -10.5
      vertex -1.5803013449522205 177.74970485593562 -10.5
    endloop
  endfacet
  facet normal 0 0 -1
    outer loop
      vertex -12 182 -10.5
      vertex -1.5803013449522205 178.25029514406438 -10.5
      vertex -1.6 178 -10.5
    endloop
  endfacet
  facet normal 0 0 -1
    outer loop
      vertex -12 182 -10.5
      vertex -1.5216904260722457 178.49442719099991 -10.5
      vertex -1.5803013449522205 178.25029514406438 -10.5
    endloop
  endfacet
  facet normal 0 0 -1
    outer loop
      vertex -12 182 -10.5
      vertex -1.294427190999916 178.94045640366795 -10.5
      vertex -1.4256104387013888 178.7263847995833 -10.5
    endloop
  endfacet
  facet normal 0 0 -1
    outer loop
      vertex -12 182 -10.5
      vertex -1.4256104387013888 178.7263847995833 -10.5
      vertex -1.5216904260722457 178.49442719099991 -10.5
    endloop
  endfacet
  facet normal 0 0 -1
    outer loop
      vertex -12 182 -10.5
      vertex -1.1313708498984762 179.13137084989847 -10.5
      vertex -1.294427190999916 178.94045640366795 -10.5
    endloop
  endfacet
  facet normal 0 0 -1
    outer loop
      vertex -12 182 -10.5
      vertex -0.940456403667957 173.29442719099993 -10.5
      vertex -1.1313708498984762 173.13137084989847 -10.5
    endloop
  endfacet
  facet normal 0 0 -1
    outer loop
      vertex -12 182 -10.5
      vertex -0.726384799583275 173.4256104387014 -10.5
      vertex -0.940456403667957 173.29442719099993 -10.5
    endloop
  endfacet
  facet normal 0 0 -1
    outer loop
      vertex -12 182 -10.5
      vertex -0.15000000000000036 174.6163953726454 -10.5
      vertex -0.726384799583275 173.4256104387014 -10.5
    endloop
  endfacet
  facet normal 0 0 -1
    outer loop
      vertex -12 182 -10.5
      vertex -0.726384799583275 176.5743895612986 -10.5
      vertex -0.15000000000000036 174.6163953726454 -10.5
    endloop
  endfacet
  facet normal 0 0 -1
    outer loop
      vertex -12 182 -10.5
      vertex -1.1313708498984762 176.86862915010153 -10.5
      vertex -0.940456403667957 176.70557280900007 -10.5
    endloop
  endfacet
  facet normal 0 0 -1
    outer loop
      vertex -12 182 -10.5
      vertex -0.940456403667957 176.70557280900007 -10.5
      vertex -0.726384799583275 176.5743895612986 -10.5
    endloop
  endfacet
  facet normal 0 0 -1
    outer loop
      vertex -12 182 -10.5
      vertex -0.940456403667957 179.29442719099993 -10.5
      vertex -1.1313708498984762 179.13137084989847 -10.5
    endloop
  endfacet
  facet normal 0 0 -1
    outer loop
      vertex -12 182 -10.5
      vertex -0.726384799583275 179.4256104387014 -10.5
      vertex -0.940456403667957 179.29442719099993 -10.5
    endloop
  endfacet
  facet normal 0 0 -1
    outer loop
      vertex -12 182 -10.5
      vertex -0.49442719099991583 179.52169042607224 -10.5
      vertex -0.726384799583275 179.4256104387014 -10.5
    endloop
  endfacet
  facet normal 0 0 -1
    outer loop
      vertex -12 182 -10.5
      vertex -0.15000000000000036 179.58819474397632 -10.5
      vertex -0.2502951440643694 179.58030134495223 -10.5
    endloop
  endfacet
  facet normal 0 0 -1
    outer loop
      vertex -12 182 -10.5
      vertex -0.2502951440643694 179.58030134495223 -10.5
      vertex -0.49442719099991583 179.52169042607224 -10.5
    endloop
  endfacet
  facet normal 0 0 -1
    outer loop
      vertex -12 182 -10.5
      vertex -0.15000000000000036 182 -10.5
      vertex -0.15000000000000036 179.58819474397632 -10.5
    endloop
  endfacet
  facet normal -1 0 0
    outer loop
      vertex -12 168 -10.5
      vertex -12 182 -4.5
      vertex -12 182 -10.5
    endloop
  endfacet
  facet normal 0 1 0
    outer loop
      vertex -12 182 -10.5
      vertex -12 182 -4.5
      vertex -0.15000000000000036 182 -10.5
    endloop
  endfacet
  facet normal 0 0 -1
    outer loop
      vertex -0.15000000000000036 168 -10.5
      vertex -0.2502951440643694 170.41969865504777 -10.5
      vertex -0.15000000000000036 170.41180525602368 -10.5
    endloop
  endfacet
  facet normal 0 0 -1
    outer loop
      vertex -0.15000000000000036 174.6163953726454 -10.5
      vertex -0.49442719099991583 173.52169042607224 -10.5
      vertex -0.726384799583275 173.4256104387014 -10.5
    endloop
  endfacet
  facet normal 0 0 -1
    outer loop
      vertex -0.15000000000000036 174.6163953726454 -10.5
      vertex -0.2502951440643694 173.58030134495223 -10.5
      vertex -0.49442719099991583 173.52169042607224 -10.5
    endloop
  endfacet
  facet normal 0 0 -1
    outer loop
      vertex -0.15000000000000036 174.6163953726454 -10.5
      vertex -0.15000000000000036 173.58819474397632 -10.5
      vertex -0.2502951440643694 173.58030134495223 -10.5
    endloop
  endfacet
  facet normal 0 0 -1
    outer loop
      vertex -0.15000000000000036 174.6163953726454 -10.5
      vertex -0.2502951440643694 176.41969865504777 -10.5
      vertex -0.15000000000000036 176.41180525602368 -10.5
    endloop
  endfacet
  facet normal 0 0 -1
    outer loop
      vertex -0.15000000000000036 174.6163953726454 -10.5
      vertex -0.49442719099991583 176.47830957392776 -10.5
      vertex -0.2502951440643694 176.41969865504777 -10.5
    endloop
  endfacet
  facet normal 0 0 -1
    outer loop
      vertex -0.15000000000000036 174.6163953726454 -10.5
      vertex -0.726384799583275 176.5743895612986 -10.5
      vertex -0.49442719099991583 176.47830957392776 -10.5
    endloop
  endfacet
  facet normal 0 -1 0
    outer loop
      vertex -12 168 -10.5
      vertex -0.15000000000000036 168 -7.4
      vertex 0 168 -4.5
    endloop
  endfacet
  facet normal 0 -1 0
    outer loop
      vertex -12 168 -10.5
      vertex 0 168 -4.5
      vertex -12 168 -4.5
    endloop
  endfacet
  facet normal 0 1 0
    outer loop
      vertex -12 182 -4.5
      vertex -0.15000000000000036 182 -7.4
      vertex -0.15000000000000036 182 -10.5
    endloop
  endfacet
  facet normal -1 0 0
    outer loop
      vertex -12 168 -10.5
      vertex -12 168 -4.5
      vertex -12 182 -4.5
    endloop
  endfacet
  facet normal 0 -1 0
    outer loop
      vertex 0 168 -4.5
      vertex -0.15000000000000036 168 -7.4
      vertex 0 168 -7.4
    endloop
  endfacet
  facet normal 0 1 0
    outer loop
      vertex -12 182 -4.5
      vertex 12.15 182 -7.4
      vertex -0.15000000000000036 182 -7.4
    endloop
  endfacet
  facet normal 0 -1 0
    outer loop
      vertex 8 168 -4.5
      vertex 8 168 -7.4
      vertex 12.15 168 -7.4
    endloop
  endfacet
  facet normal 0 0 1
    outer loop
      vertex -12 168 -4.5
      vertex 0 168 -4.5
      vertex -12 182 -4.5
    endloop
  endfacet
  facet normal 0 0 1
    outer loop
      vertex -12 182 -4.5
      vertex -1.5216904260722457 171.50557280900009 -4.5
      vertex -1.5803013449522205 171.74970485593562 -4.5
    endloop
  endfacet
  facet normal 0 0 1
    outer loop
      vertex -12 182 -4.5
      vertex -1.1313708498984762 170.86862915010153 -4.5
      vertex -1.294427190999916 171.05954359633205 -4.5
    endloop
  endfacet
  facet normal 0 0 1
    outer loop
      vertex -12 182 -4.5
      vertex -1.294427190999916 171.05954359633205 -4.5
      vertex -1.4256104387013888 171.2736152004167 -4.5
    endloop
  endfacet
  facet normal 0 0 1
    outer loop
      vertex -12 182 -4.5
      vertex -1.4256104387013888 171.2736152004167 -4.5
      vertex -1.5216904260722457 171.50557280900009 -4.5
    endloop
  endfacet
  facet normal 0 0 1
    outer loop
      vertex -12 182 -4.5
      vertex -1.5803013449522205 171.74970485593562 -4.5
      vertex -1.6 172 -4.5
    endloop
  endfacet
  facet normal 0 0 1
    outer loop
      vertex -12 182 -4.5
      vertex -1.6 172 -4.5
      vertex -1.5803013449522205 172.25029514406438 -4.5
    endloop
  endfacet
  facet normal 0 0 1
    outer loop
      vertex -12 182 -4.5
      vertex -1.5803013449522205 172.25029514406438 -4.5
      vertex -1.5216904260722457 172.49442719099991 -4.5
    endloop
  endfacet
  facet normal 0 0 1
    outer loop
      vertex -12 182 -4.5
      vertex -1.5216904260722457 172.49442719099991 -4.5
      vertex -1.4256104387013888 172.7263847995833 -4.5
    endloop
  endfacet
  facet normal 0 0 1
    outer loop
      vertex -12 182 -4.5
      vertex 0 168 -4.5
      vertex -1.1313708498984762 170.86862915010153 -4.5
    endloop
  endfacet
  facet normal 0 0 1
    outer loop
      vertex -12 182 -4.5
      vertex -1.4256104387013888 172.7263847995833 -4.5
      vertex -1.4256104387013888 177.2736152004167 -4.5
    endloop
  endfacet
  facet normal 0 0 1
    outer loop
      vertex -12 182 -4.5
      vertex -1.4256104387013888 177.2736152004167 -4.5
      vertex -1.5216904260722457 177.50557280900009 -4.5
    endloop
  endfacet
  facet normal 0 0 1
    outer loop
      vertex -12 182 -4.5
      vertex -1.5216904260722457 177.50557280900009 -4.5
      vertex -1.5803013449522205 177.74970485593562 -4.5
    endloop
  endfacet
  facet normal 0 0 1
    outer loop
      vertex -12 182 -4.5
      vertex -1.5803013449522205 177.74970485593562 -4.5
      vertex -1.6 178 -4.5
    endloop
  endfacet
  facet normal 0 0 1
    outer loop
      vertex -12 182 -4.5
      vertex -1.6 178 -4.5
      vertex -1.5803013449522205 178.25029514406438 -4.5
    endloop
  endfacet
  facet normal 0 0 1
    outer loop
      vertex -12 182 -4.5
      vertex -1.5803013449522205 178.25029514406438 -4.5
      vertex -1.5216904260722457 178.49442719099991 -4.5
    endloop
  endfacet
  facet normal 0 0 1
    outer loop
      vertex -12 182 -4.5
      vertex -1.5216904260722457 178.49442719099991 -4.5
      vertex -1.4256104387013888 178.7263847995833 -4.5
    endloop
  endfacet
  facet normal 0 0 1
    outer loop
      vertex -12 182 -4.5
      vertex -1.4256104387013888 178.7263847995833 -4.5
      vertex -1.294427190999916 178.94045640366795 -4.5
    endloop
  endfacet
  facet normal 0 0 1
    outer loop
      vertex -12 182 -4.5
      vertex -1.294427190999916 178.94045640366795 -4.5
      vertex -1.1313708498984762 179.13137084989847 -4.5
    endloop
  endfacet
  facet normal 0 0 1
    outer loop
      vertex -12 182 -4.5
      vertex -1.1313708498984762 179.13137084989847 -4.5
      vertex -0.940456403667957 179.29442719099993 -4.5
    endloop
  endfacet
  facet normal 0 0 1
    outer loop
      vertex -12 182 -4.5
      vertex -0.940456403667957 179.29442719099993 -4.5
      vertex -0.726384799583275 179.4256104387014 -4.5
    endloop
  endfacet
  facet normal 0 0 1
    outer loop
      vertex -12 182 -4.5
      vertex -0.726384799583275 179.4256104387014 -4.5
      vertex -0.49442719099991583 179.52169042607224 -4.5
    endloop
  endfacet
  facet normal 0 0 1
    outer loop
      vertex -12 182 -4.5
      vertex -0.49442719099991583 179.52169042607224 -4.5
      vertex -0.2502951440643694 179.58030134495223 -4.5
    endloop
  endfacet
  facet normal 0 0 1
    outer loop
      vertex -12 182 -4.5
      vertex -0.2502951440643694 179.58030134495223 -4.5
      vertex 0 179.6 -4.5
    endloop
  endfacet
  facet normal 0 0 1
    outer loop
      vertex -12 182 -4.5
      vertex 0 179.6 -4.5
      vertex 0.2502951440643694 179.58030134495223 -4.5
    endloop
  endfacet
  facet normal 0 0 1
    outer loop
      vertex 0 168 -4.5
      vertex -0.49442719099991583 170.47830957392776 -4.5
      vertex -0.726384799583275 170.5743895612986 -4.5
    endloop
  endfacet
  facet normal 0 0 1
    outer loop
      vertex 0 168 -4.5
      vertex -0.2502951440643694 170.41969865504777 -4.5
      vertex -0.49442719099991583 170.47830957392776 -4.5
    endloop
  endfacet
  facet normal 0 0 1
    outer loop
      vertex 0 168 -4.5
      vertex 0 170.4 -4.5
      vertex -0.2502951440643694 170.41969865504777 -4.5
    endloop
  endfacet
  facet normal 0 0 1
    outer loop
      vertex 0 168 -4.5
      vertex 0.2502951440643694 170.41969865504777 -4.5
      vertex 0 170.4 -4.5
    endloop
  endfacet
  facet normal 0 0 1
    outer loop
      vertex 0 168 -4.5
      vertex 0.49442719099991583 170.47830957392776 -4.5
      vertex 0.2502951440643694 170.41969865504777 -4.5
    endloop
  endfacet
  facet normal 0 0 1
    outer loop
      vertex 0 168 -4.5
      vertex 0.726384799583275 170.5743895612986 -4.5
      vertex 0.49442719099991583 170.47830957392776 -4.5
    endloop
  endfacet
  facet normal 0 0 1
    outer loop
      vertex 0 168 -4.5
      vertex -0.940456403667957 170.70557280900007 -4.5
      vertex -1.1313708498984762 170.86862915010153 -4.5
    endloop
  endfacet
  facet normal 0 0 1
    outer loop
      vertex 0 168 -4.5
      vertex -0.726384799583275 170.5743895612986 -4.5
      vertex -0.940456403667957 170.70557280900007 -4.5
    endloop
  endfacet
  facet normal 0 0 1
    outer loop
      vertex -1.294427190999916 172.94045640366795 -4.5
      vertex -1.4256104387013888 177.2736152004167 -4.5
      vertex -1.4256104387013888 172.7263847995833 -4.5
    endloop
  endfacet
  facet normal 0 0 1
    outer loop
      vertex -1.1313708498984762 173.13137084989847 -4.5
      vertex -1.294427190999916 177.05954359633205 -4.5
      vertex -1.294427190999916 172.94045640366795 -4.5
    endloop
  endfacet
  facet normal 0 0 1
    outer loop
      vertex -1.4256104387013888 177.2736152004167 -4.5
      vertex -1.294427190999916 172.94045640366795 -4.5
      vertex -1.294427190999916 177.05954359633205 -4.5
    endloop
  endfacet
  facet normal 0 0 1
    outer loop
      vertex -1.294427190999916 177.05954359633205 -4.5
      vertex -1.1313708498984762 173.13137084989847 -4.5
      vertex -1.1313708498984762 176.86862915010153 -4.5
    endloop
  endfacet
  facet normal 0 0 1
    outer loop
      vertex -1.1313708498984762 173.13137084989847 -4.5
      vertex -0.940456403667957 173.29442719099993 -4.5
      vertex -1.1313708498984762 176.86862915010153 -4.5
    endloop
  endfacet
  facet normal 0 0 1
    outer loop
      vertex -0.940456403667957 173.29442719099993 -4.5
      vertex -0.726384799583275 173.4256104387014 -4.5
      vertex -0.940456403667957 176.70557280900007 -4.5
    endloop
  endfacet
  facet normal 0 0 1
    outer loop
      vertex -0.726384799583275 176.5743895612986 -4.5
      vertex -0.726384799583275 173.4256104387014 -4.5
      vertex -0.49442719099991583 173.52169042607224 -4.5
    endloop
  endfacet
  facet normal 0 0 1
    outer loop
      vertex -0.940456403667957 173.29442719099993 -4.5
      vertex -0.940456403667957 176.70557280900007 -4.5
      vertex -1.1313708498984762 176.86862915010153 -4.5
    endloop
  endfacet
  facet normal 0 0 1
    outer loop
      vertex -0.726384799583275 176.5743895612986 -4.5
      vertex -0.940456403667957 176.70557280900007 -4.5
      vertex -0.726384799583275 173.4256104387014 -4.5
    endloop
  endfacet
  facet normal 0 0 1
    outer loop
      vertex -0.49442719099991583 173.52169042607224 -4.5
      vertex -0.49442719099991583 176.47830957392776 -4.5
      vertex -0.726384799583275 176.5743895612986 -4.5
    endloop
  endfacet
  facet normal 0 0 1
    outer loop
      vertex -0.49442719099991583 173.52169042607224 -4.5
      vertex -0.2502951440643694 173.58030134495223 -4.5
      vertex -0.49442719099991583 176.47830957392776 -4.5
    endloop
  endfacet
  facet normal 0 0 1
    outer loop
      vertex -0.2502951440643694 173.58030134495223 -4.5
      vertex 0 173.6 -4.5
      vertex -0.2502951440643694 176.41969865504777 -4.5
    endloop
  endfacet
  facet normal 0 0 1
    outer loop
      vertex 0 176.4 -4.5
      vertex 0 173.6 -4.5
      vertex 0.2502951440643694 173.58030134495223 -4.5
    endloop
  endfacet
  facet normal 0 0 1
    outer loop
      vertex -0.2502951440643694 176.41969865504777 -4.5
      vertex -0.49442719099991583 176.47830957392776 -4.5
      vertex -0.2502951440643694 173.58030134495223 -4.5
    endloop
  endfacet
  facet normal 0 0 1
    outer loop
      vertex 0 173.6 -4.5
      vertex 0 176.4 -4.5
      vertex -0.2502951440643694 176.41969865504777 -4.5
    endloop
  endfacet
  facet normal 0 0 1
    outer loop
      vertex 0 168 -4.5
      vertex 0.940456403667957 170.70557280900007 -4.5
      vertex 0.726384799583275 170.5743895612986 -4.5
    endloop
  endfacet
  facet normal 0 0 1
    outer loop
      vertex 0 168 -4.5
      vertex 1.1313708498984762 170.86862915010153 -4.5
      vertex 0.940456403667957 170.70557280900007 -4.5
    endloop
  endfacet
  facet normal 0 0 1
    outer loop
      vertex 1.294427190999916 172.94045640366795 -4.5
      vertex 1.1313708498984762 176.86862915010153 -4.5
      vertex 1.1313708498984762 173.13137084989847 -4.5
    endloop
  endfacet
  facet normal 0 0 1
    outer loop
      vertex 1.4256104387013888 172.7263847995833 -4.5
      vertex 1.294427190999916 177.05954359633205 -4.5
      vertex 1.294427190999916 172.94045640366795 -4.5
    endloop
  endfacet
  facet normal 0 0 1
    outer loop
      vertex 0.49442719099991583 173.52169042607224 -4.5
      vertex 0.2502951440643694 176.41969865504777 -4.5
      vertex 0.2502951440643694 173.58030134495223 -4.5
    endloop
  endfacet
  facet normal 0 0 1
    outer loop
      vertex 0.726384799583275 173.4256104387014 -4.5
      vertex 0.49442719099991583 176.47830957392776 -4.5
      vertex 0.49442719099991583 173.52169042607224 -4.5
    endloop
  endfacet
  facet normal 0 0 1
    outer loop
      vertex 0 176.4 -4.5
      vertex 0.2502951440643694 173.58030134495223 -4.5
      vertex 0.2502951440643694 176.41969865504777 -4.5
    endloop
  endfacet
  facet normal 0 0 1
    outer loop
      vertex 0.49442719099991583 173.52169042607224 -4.5
      vertex 0.49442719099991583 176.47830957392776 -4.5
      vertex 0.2502951440643694 176.41969865504777 -4.5
    endloop
  endfacet
  facet normal 0 0 1
    outer loop
      vertex 0.726384799583275 173.4256104387014 -4.5
      vertex 0.726384799583275 176.5743895612986 -4.5
      vertex 0.49442719099991583 176.47830957392776 -4.5
    endloop
  endfacet
  facet normal 0 0 1
    outer loop
      vertex 0.940456403667957 173.29442719099993 -4.5
      vertex 0.726384799583275 176.5743895612986 -4.5
      vertex 0.726384799583275 173.4256104387014 -4.5
    endloop
  endfacet
  facet normal 0 0 1
    outer loop
      vertex 1.1313708498984762 173.13137084989847 -4.5
      vertex 0.940456403667957 176.70557280900007 -4.5
      vertex 0.940456403667957 173.29442719099993 -4.5
    endloop
  endfacet
  facet normal 0 0 1
    outer loop
      vertex 0.940456403667957 173.29442719099993 -4.5
      vertex 0.940456403667957 176.70557280900007 -4.5
      vertex 0.726384799583275 176.5743895612986 -4.5
    endloop
  endfacet
  facet normal 0 0 1
    outer loop
      vertex 1.1313708498984762 173.13137084989847 -4.5
      vertex 1.1313708498984762 176.86862915010153 -4.5
      vertex 0.940456403667957 176.70557280900007 -4.5
    endloop
  endfacet
  facet normal 0 0 1
    outer loop
      vertex 1.294427190999916 172.94045640366795 -4.5
      vertex 1.294427190999916 177.05954359633205 -4.5
      vertex 1.1313708498984762 176.86862915010153 -4.5
    endloop
  endfacet
  facet normal 0 0 1
    outer loop
      vertex 1.4256104387013888 172.7263847995833 -4.5
      vertex 1.4256104387013888 177.2736152004167 -4.5
      vertex 1.294427190999916 177.05954359633205 -4.5
    endloop
  endfacet
  facet normal 0 0 -1
    outer loop
      vertex 129.4 168 -10.5
      vertex 12.15 168 -10.5
      vertex 12.15 182 -10.5
    endloop
  endfacet
  facet normal 0 1 0
    outer loop
      vertex 143.4 182 -10.5
      vertex 12.15 182 -10.5
      vertex 12.15 182 -7.4
    endloop
  endfacet
  facet normal 0 -1 0
    outer loop
      vertex 129.4 168 -4.5
      vertex 12.15 168 -7.4
      vertex 12.15 168 -10.5
    endloop
  endfacet
  facet normal 0 -1 0
    outer loop
      vertex 8 168 -4.5
      vertex 12.15 168 -7.4
      vertex 129.4 168 -4.5
    endloop
  endfacet
  facet normal 0 1 0
    outer loop
      vertex -12 182 -4.5
      vertex 143.4 182 -10.5
      vertex 12.15 182 -7.4
    endloop
  endfacet
  facet normal 0 0 1
    outer loop
      vertex 0 168 -4.5
      vertex 129.90425789546816 169.2158326220299 -4.5
      vertex 1.1313708498984762 170.86862915010153 -4.5
    endloop
  endfacet
  facet normal 0 0 1
    outer loop
      vertex 0 168 -4.5
      vertex 8 168 -4.5
      vertex 129.90425789546816 169.2158326220299 -4.5
    endloop
  endfacet
  facet normal 0 0 1
    outer loop
      vertex -12 182 -4.5
      vertex 0.2502951440643694 179.58030134495223 -4.5
      vertex 129.90425789546816 169.2158326220299 -4.5
    endloop
  endfacet
  facet normal 0 0 1
    outer loop
      vertex 129.90425789546816 169.2158326220299 -4.5
      vertex 1.294427190999916 171.05954359633205 -4.5
      vertex 1.1313708498984762 170.86862915010153 -4.5
    endloop
  endfacet
  facet normal 0 0 1
    outer loop
      vertex 129.90425789546816 169.2158326220299 -4.5
      vertex 1.5216904260722457 171.50557280900009 -4.5
      vertex 1.4256104387013888 171.2736152004167 -4.5
    endloop
  endfacet
  facet normal 0 0 1
    outer loop
      vertex 129.90425789546816 169.2158326220299 -4.5
      vertex 1.4256104387013888 171.2736152004167 -4.5
      vertex 1.294427190999916 171.05954359633205 -4.5
    endloop
  endfacet
  facet normal 0 0 1
    outer loop
      vertex 129.90425789546816 169.2158326220299 -4.5
      vertex 1.5803013449522205 171.74970485593562 -4.5
      vertex 1.5216904260722457 171.50557280900009 -4.5
    endloop
  endfacet
  facet normal 0 0 1
    outer loop
      vertex 129.90425789546816 169.2158326220299 -4.5
      vertex 1.6 172 -4.5
      vertex 1.5803013449522205 171.74970485593562 -4.5
    endloop
  endfacet
  facet normal 0 0 1
    outer loop
      vertex 129.90425789546816 169.2158326220299 -4.5
      vertex 1.5803013449522205 172.25029514406438 -4.5
      vertex 1.6 172 -4.5
    endloop
  endfacet
  facet normal 0 0 1
    outer loop
      vertex 129.90425789546816 169.2158326220299 -4.5
      vertex 1.4256104387013888 172.7263847995833 -4.5
      vertex 1.5216904260722457 172.49442719099991 -4.5
    endloop
  endfacet
  facet normal 0 0 1
    outer loop
      vertex 129.90425789546816 169.2158326220299 -4.5
      vertex 1.5216904260722457 172.49442719099991 -4.5
      vertex 1.5803013449522205 172.25029514406438 -4.5
    endloop
  endfacet
  facet normal 0 0 1
    outer loop
      vertex 129.90425789546816 169.2158326220299 -4.5
      vertex 1.4256104387013888 177.2736152004167 -4.5
      vertex 1.4256104387013888 172.7263847995833 -4.5
    endloop
  endfacet
  facet normal 0 0 1
    outer loop
      vertex 129.90425789546816 169.2158326220299 -4.5
      vertex 1.5216904260722457 177.50557280900009 -4.5
      vertex 1.4256104387013888 177.2736152004167 -4.5
    endloop
  endfacet
  facet normal 0 0 1
    outer loop
      vertex 129.90425789546816 169.2158326220299 -4.5
      vertex 1.5803013449522205 177.74970485593562 -4.5
      vertex 1.5216904260722457 177.50557280900009 -4.5
    endloop
  endfacet
  facet normal 0 0 1
    outer loop
      vertex 129.90425789546816 169.2158326220299 -4.5
      vertex 1.6 178 -4.5
      vertex 1.5803013449522205 177.74970485593562 -4.5
    endloop
  endfacet
  facet normal 0 0 1
    outer loop
      vertex 129.90425789546816 169.2158326220299 -4.5
      vertex 1.1313708498984762 179.13137084989847 -4.5
      vertex 1.294427190999916 178.94045640366795 -4.5
    endloop
  endfacet
  facet normal 0 0 1
    outer loop
      vertex 129.90425789546816 169.2158326220299 -4.5
      vertex 1.4256104387013888 178.7263847995833 -4.5
      vertex 1.5216904260722457 178.49442719099991 -4.5
    endloop
  endfacet
  facet normal 0 0 1
    outer loop
      vertex 129.90425789546816 169.2158326220299 -4.5
      vertex 1.5803013449522205 178.25029514406438 -4.5
      vertex 1.6 178 -4.5
    endloop
  endfacet
  facet normal 0 0 1
    outer loop
      vertex 129.90425789546816 169.2158326220299 -4.5
      vertex 1.5216904260722457 178.49442719099991 -4.5
      vertex 1.5803013449522205 178.25029514406438 -4.5
    endloop
  endfacet
  facet normal 0 0 1
    outer loop
      vertex 129.90425789546816 169.2158326220299 -4.5
      vertex 1.294427190999916 178.94045640366795 -4.5
      vertex 1.4256104387013888 178.7263847995833 -4.5
    endloop
  endfacet
  facet normal 0 0 1
    outer loop
      vertex 129.90425789546816 169.2158326220299 -4.5
      vertex 0.2502951440643694 179.58030134495223 -4.5
      vertex 0.49442719099991583 179.52169042607224 -4.5
    endloop
  endfacet
  facet normal 0 0 1
    outer loop
      vertex 129.90425789546816 169.2158326220299 -4.5
      vertex 0.49442719099991583 179.52169042607224 -4.5
      vertex 0.726384799583275 179.4256104387014 -4.5
    endloop
  endfacet
  facet normal 0 0 1
    outer loop
      vertex 129.90425789546816 169.2158326220299 -4.5
      vertex 0.940456403667957 179.29442719099993 -4.5
      vertex 1.1313708498984762 179.13137084989847 -4.5
    endloop
  endfacet
  facet normal 0 0 1
    outer loop
      vertex 129.90425789546816 169.2158326220299 -4.5
      vertex 0.726384799583275 179.4256104387014 -4.5
      vertex 0.940456403667957 179.29442719099993 -4.5
    endloop
  endfacet
  facet normal 0 -1 0
    outer loop
      vertex 129.4 168 -10.5
      vertex 129.4 168 -4.5
      vertex 12.15 168 -10.5
    endloop
  endfacet
  facet normal 0 0 -1
    outer loop
      vertex 129.4 168 -10.5
      vertex 12.15 182 -10.5
      vertex 143.4 175.8 -10.5
    endloop
  endfacet
  facet normal 0 0 -1
    outer loop
      vertex 143.4 175.8 -10.5
      vertex 12.15 182 -10.5
      vertex 143.4 182 -10.5
    endloop
  endfacet
  facet normal 0 1 0
    outer loop
      vertex -12 182 -4.5
      vertex 143.4 182 -4.5
      vertex 143.4 182 -10.5
    endloop
  endfacet
  facet normal 0 0 1
    outer loop
      vertex 8 168 -4.5
      vertex 129.4 168 -4.5
      vertex 129.90425789546816 169.2158326220299 -4.5
    endloop
  endfacet
  facet normal 0 0 1
    outer loop
      vertex -12 182 -4.5
      vertex 129.90425789546816 169.2158326220299 -4.5
      vertex 143.4 182 -4.5
    endloop
  endfacet
  facet normal 1 0 0
    outer loop
      vertex 143.4 175.8 -10.5
      vertex 143.4 182 -10.5
      vertex 143.4 175.8 -7.842857142857148
    endloop
  endfacet
  facet normal 1 0 0
    outer loop
      vertex 143.4 182 -10.5
      vertex 143.4 182 -4.5
      vertex 143.4 175.8 -7.842857142857148
    endloop
  endfacet
  facet normal 1 0 0
    outer loop
      vertex 143.4 175.8 -7.842857142857148
      vertex 143.4 182 -4.5
      vertex 143.4 168 -4.5
    endloop
  endfacet
  facet normal 0 0 1
    outer loop
      vertex 129.4 168 -4.5
      vertex 129.9973741794311 168 -4.5
      vertex 129.90425789546816 169.2158326220299 -4.5
    endloop
  endfacet
  facet normal 0 0 1
    outer loop
      vertex 129.90425789546816 169.2158326220299 -4.5
      vertex 143.4 168 -4.5
      vertex 143.4 182 -4.5
    endloop
  endfacet
  facet normal 0 0 -1
    outer loop
      vertex -12 -14 -10.5
      vertex -12 0 -10.5
      vertex -0.15000000000000036 0 -10.5
    endloop
  endfacet
  facet normal 0 0 -1
    outer loop
      vertex -12 -14 -10.5
      vertex -1.5803013449522205 -10.750295144064369 -10.5
      vertex -1.5216904260722457 -10.994427190999916 -10.5
    endloop
  endfacet
  facet normal 0 0 -1
    outer loop
      vertex -12 -14 -10.5
      vertex -1.6 -10.5 -10.5
      vertex -1.5803013449522205 -10.750295144064369 -10.5
    endloop
  endfacet
  facet normal 0 0 -1
    outer loop
      vertex -12 -14 -10.5
      vertex -1.4256104387013888 -11.226384799583276 -10.5
      vertex -1.294427190999916 -11.440456403667957 -10.5
    endloop
  endfacet
  facet normal 0 0 -1
    outer loop
      vertex -12 -14 -10.5
      vertex -1.294427190999916 -11.440456403667957 -10.5
      vertex -1.1313708498984762 -11.631370849898476 -10.5
    endloop
  endfacet
  facet normal 0 0 -1
    outer loop
      vertex -12 -14 -10.5
      vertex -1.5216904260722457 -10.994427190999916 -10.5
      vertex -1.4256104387013888 -11.226384799583276 -10.5
    endloop
  endfacet
  facet normal 0 0 -1
    outer loop
      vertex -12 -14 -10.5
      vertex -1.5803013449522205 -10.249704855935631 -10.5
      vertex -1.6 -10.5 -10.5
    endloop
  endfacet
  facet normal 0 0 -1
    outer loop
      vertex -12 -14 -10.5
      vertex -1.5216904260722457 -10.005572809000084 -10.5
      vertex -1.5803013449522205 -10.249704855935631 -10.5
    endloop
  endfacet
  facet normal 0 0 -1
    outer loop
      vertex -12 -14 -10.5
      vertex -1.4256104387013888 -9.773615200416724 -10.5
      vertex -1.5216904260722457 -10.005572809000084 -10.5
    endloop
  endfacet
  facet normal 0 0 -1
    outer loop
      vertex -12 -14 -10.5
      vertex -1.294427190999916 -9.559543596332043 -10.5
      vertex -1.4256104387013888 -9.773615200416724 -10.5
    endloop
  endfacet
  facet normal 0 0 -1
    outer loop
      vertex -12 -14 -10.5
      vertex -1.294427190999916 -5.440456403667957 -10.5
      vertex -1.294427190999916 -9.559543596332043 -10.5
    endloop
  endfacet
  facet normal 0 0 -1
    outer loop
      vertex -12 -14 -10.5
      vertex -1.5803013449522205 -4.75029514406437 -10.5
      vertex -1.5216904260722457 -4.994427190999916 -10.5
    endloop
  endfacet
  facet normal 0 0 -1
    outer loop
      vertex -12 -14 -10.5
      vertex -1.4256104387013888 -5.226384799583275 -10.5
      vertex -1.294427190999916 -5.440456403667957 -10.5
    endloop
  endfacet
  facet normal 0 0 -1
    outer loop
      vertex -12 -14 -10.5
      vertex -1.5216904260722457 -4.994427190999916 -10.5
      vertex -1.4256104387013888 -5.226384799583275 -10.5
    endloop
  endfacet
  facet normal 0 0 -1
    outer loop
      vertex -12 -14 -10.5
      vertex -0.2502951440643694 -12.08030134495222 -10.5
      vertex -0.15000000000000036 -14 -10.5
    endloop
  endfacet
  facet normal 0 0 -1
    outer loop
      vertex -12 -14 -10.5
      vertex -1.1313708498984762 -11.631370849898476 -10.5
      vertex -0.940456403667957 -11.794427190999915 -10.5
    endloop
  endfacet
  facet normal 0 0 -1
    outer loop
      vertex -12 -14 -10.5
      vertex -0.940456403667957 -11.794427190999915 -10.5
      vertex -0.726384799583275 -11.925610438701389 -10.5
    endloop
  endfacet
  facet normal 0 0 -1
    outer loop
      vertex -12 -14 -10.5
      vertex -0.726384799583275 -11.925610438701389 -10.5
      vertex -0.49442719099991583 -12.021690426072245 -10.5
    endloop
  endfacet
  facet normal 0 0 -1
    outer loop
      vertex -12 -14 -10.5
      vertex -0.49442719099991583 -12.021690426072245 -10.5
      vertex -0.2502951440643694 -12.08030134495222 -10.5
    endloop
  endfacet
  facet normal 0 -1 0
    outer loop
      vertex -12 -14 -10.5
      vertex -0.15000000000000036 -14 -10.5
      vertex -0.15000000000000036 -14 -7.4
    endloop
  endfacet
  facet normal 0 0 -1
    outer loop
      vertex -12 -14 -10.5
      vertex -1.6 -4.5 -10.5
      vertex -1.5803013449522205 -4.75029514406437 -10.5
    endloop
  endfacet
  facet normal 0 0 -1
    outer loop
      vertex -12 -14 -10.5
      vertex -1.5803013449522205 -4.24970485593563 -10.5
      vertex -1.6 -4.5 -10.5
    endloop
  endfacet
  facet normal 0 0 -1
    outer loop
      vertex -12 -14 -10.5
      vertex -1.5216904260722457 -4.005572809000084 -10.5
      vertex -1.5803013449522205 -4.24970485593563 -10.5
    endloop
  endfacet
  facet normal 0 0 -1
    outer loop
      vertex -12 -14 -10.5
      vertex -1.294427190999916 -3.559543596332043 -10.5
      vertex -1.4256104387013888 -3.773615200416725 -10.5
    endloop
  endfacet
  facet normal 0 0 -1
    outer loop
      vertex -12 -14 -10.5
      vertex -1.4256104387013888 -3.773615200416725 -10.5
      vertex -1.5216904260722457 -4.005572809000084 -10.5
    endloop
  endfacet
  facet normal 0 0 -1
    outer loop
      vertex -12 -14 -10.5
      vertex -1.1313708498984762 -3.3686291501015235 -10.5
      vertex -1.294427190999916 -3.559543596332043 -10.5
    endloop
  endfacet
  facet normal 0 0 -1
    outer loop
      vertex -12 -14 -10.5
      vertex -0.15000000000000036 0 -10.5
      vertex -1.1313708498984762 -3.3686291501015235 -10.5
    endloop
  endfacet
  facet normal -1 0 0
    outer loop
      vertex -12 -14 -10.5
      vertex -12 0 -4.5
      vertex -12 0 -10.5
    endloop
  endfacet
  facet normal 0 1 0
    outer loop
      vertex -12 0 -10.5
      vertex -12 0 -4.5
      vertex -0.15000000000000036 0 -10.5
    endloop
  endfacet
  facet normal 0 0 -1
    outer loop
      vertex -0.15000000000000036 -14 -10.5
      vertex -0.2502951440643694 -12.08030134495222 -10.5
      vertex -0.15000000000000036 -12.088194743976308 -10.5
    endloop
  endfacet
  facet normal 0 0 -1
    outer loop
      vertex -1.294427190999916 -9.559543596332043 -10.5
      vertex -1.1313708498984762 -5.6313708498984765 -10.5
      vertex -1.1313708498984762 -9.368629150101524 -10.5
    endloop
  endfacet
  facet normal 0 0 -1
    outer loop
      vertex -0.940456403667957 -9.205572809000085 -10.5
      vertex -1.1313708498984762 -9.368629150101524 -10.5
      vertex -0.940456403667957 -5.794427190999916 -10.5
    endloop
  endfacet
  facet normal 0 0 -1
    outer loop
      vertex -0.726384799583275 -5.925610438701389 -10.5
      vertex -0.726384799583275 -9.074389561298611 -10.5
      vertex -0.940456403667957 -9.205572809000085 -10.5
    endloop
  endfacet
  facet normal 0 0 -1
    outer loop
      vertex -0.726384799583275 -5.925610438701389 -10.5
      vertex -0.49442719099991583 -8.978309573927755 -10.5
      vertex -0.726384799583275 -9.074389561298611 -10.5
    endloop
  endfacet
  facet normal 0 0 -1
    outer loop
      vertex -0.726384799583275 -5.925610438701389 -10.5
      vertex -0.2502951440643694 -8.91969865504778 -10.5
      vertex -0.49442719099991583 -8.978309573927755 -10.5
    endloop
  endfacet
  facet normal 0 0 -1
    outer loop
      vertex -0.15000000000000036 -8.911805256023692 -10.5
      vertex -0.2502951440643694 -8.91969865504778 -10.5
      vertex -0.726384799583275 -5.925610438701389 -10.5
    endloop
  endfacet
  facet normal 0 0 -1
    outer loop
      vertex -1.294427190999916 -9.559543596332043 -10.5
      vertex -1.294427190999916 -5.440456403667957 -10.5
      vertex -1.1313708498984762 -5.6313708498984765 -10.5
    endloop
  endfacet
  facet normal 0 0 -1
    outer loop
      vertex -1.1313708498984762 -9.368629150101524 -10.5
      vertex -1.1313708498984762 -5.6313708498984765 -10.5
      vertex -0.940456403667957 -5.794427190999916 -10.5
    endloop
  endfacet
  facet normal 0 0 -1
    outer loop
      vertex -0.940456403667957 -9.205572809000085 -10.5
      vertex -0.940456403667957 -5.794427190999916 -10.5
      vertex -0.726384799583275 -5.925610438701389 -10.5
    endloop
  endfacet
  facet normal 0 0 -1
    outer loop
      vertex -0.15000000000000036 -8.911805256023692 -10.5
      vertex -0.726384799583275 -5.925610438701389 -10.5
      vertex -0.49442719099991583 -6.0216904260722455 -10.5
    endloop
  endfacet
  facet normal 0 0 -1
    outer loop
      vertex -0.15000000000000036 -8.911805256023692 -10.5
      vertex -0.2502951440643694 -6.08030134495222 -10.5
      vertex -0.15000000000000036 -6.088194743976307 -10.5
    endloop
  endfacet
  facet normal 0 0 -1
    outer loop
      vertex -0.15000000000000036 -8.911805256023692 -10.5
      vertex -0.49442719099991583 -6.0216904260722455 -10.5
      vertex -0.2502951440643694 -6.08030134495222 -10.5
    endloop
  endfacet
  facet normal 0 0 -1
    outer loop
      vertex -0.15000000000000036 0 -10.5
      vertex -0.940456403667957 -3.205572809000084 -10.5
      vertex -1.1313708498984762 -3.3686291501015235 -10.5
    endloop
  endfacet
  facet normal 0 0 -1
    outer loop
      vertex -0.15000000000000036 0 -10.5
      vertex -0.726384799583275 -3.074389561298611 -10.5
      vertex -0.940456403667957 -3.205572809000084 -10.5
    endloop
  endfacet
  facet normal 0 0 -1
    outer loop
      vertex -0.15000000000000036 0 -10.5
      vertex -0.49442719099991583 -2.9783095739277545 -10.5
      vertex -0.726384799583275 -3.074389561298611 -10.5
    endloop
  endfacet
  facet normal 0 0 -1
    outer loop
      vertex -0.15000000000000036 0 -10.5
      vertex -0.15000000000000036 -2.9118052560236927 -10.5
      vertex -0.2502951440643694 -2.9196986550477795 -10.5
    endloop
  endfacet
  facet normal 0 0 -1
    outer loop
      vertex -0.15000000000000036 0 -10.5
      vertex -0.2502951440643694 -2.9196986550477795 -10.5
      vertex -0.49442719099991583 -2.9783095739277545 -10.5
    endloop
  endfacet
  facet normal 0 -1 0
    outer loop
      vertex -12 -14 -10.5
      vertex -0.15000000000000036 -14 -7.4
      vertex -12 -14 -4.5
    endloop
  endfacet
  facet normal -1 0 0
    outer loop
      vertex -12 -14 -10.5
      vertex -12 -14 -4.5
      vertex -12 0 -4.5
    endloop
  endfacet
  facet normal 0 1 0
    outer loop
      vertex -12 0 -4.5
      vertex -0.15000000000000036 0 -7.4
      vertex -0.15000000000000036 0 -10.5
    endloop
  endfacet
  facet normal 0 1 0
    outer loop
      vertex -12 0 -4.5
      vertex 0 0 -4.5
      vertex -0.15000000000000036 0 -7.4
    endloop
  endfacet
  facet normal 0 1 0
    outer loop
      vertex 0 0 -4.5
      vertex 0 0 -7.4
      vertex -0.15000000000000036 0 -7.4
    endloop
  endfacet
  facet normal 0 1 0
    outer loop
      vertex 8 0 -4.5
      vertex 12.15 0 -7.4
      vertex 8 0 -7.4
    endloop
  endfacet
  facet normal 0 0 1
    outer loop
      vertex -12 -14 -4.5
      vertex -1.5803013449522205 -10.249704855935631 -4.5
      vertex -12 0 -4.5
    endloop
  endfacet
  facet normal 0 0 1
    outer loop
      vertex -12 -14 -4.5
      vertex -1.5216904260722457 -10.994427190999916 -4.5
      vertex -1.5803013449522205 -10.750295144064369 -4.5
    endloop
  endfacet
  facet normal 0 0 1
    outer loop
      vertex -12 -14 -4.5
      vertex -1.5803013449522205 -10.750295144064369 -4.5
      vertex -1.6 -10.5 -4.5
    endloop
  endfacet
  facet normal 0 0 1
    outer loop
      vertex -12 -14 -4.5
      vertex -1.294427190999916 -11.440456403667957 -4.5
      vertex -1.4256104387013888 -11.226384799583276 -4.5
    endloop
  endfacet
  facet normal 0 0 1
    outer loop
      vertex -12 -14 -4.5
      vertex -1.1313708498984762 -11.631370849898476 -4.5
      vertex -1.294427190999916 -11.440456403667957 -4.5
    endloop
  endfacet
  facet normal 0 0 1
    outer loop
      vertex -12 -14 -4.5
      vertex -1.4256104387013888 -11.226384799583276 -4.5
      vertex -1.5216904260722457 -10.994427190999916 -4.5
    endloop
  endfacet
  facet normal 0 0 1
    outer loop
      vertex -12 -14 -4.5
      vertex -1.6 -10.5 -4.5
      vertex -1.5803013449522205 -10.249704855935631 -4.5
    endloop
  endfacet
  facet normal 0 0 1
    outer loop
      vertex -12 -14 -4.5
      vertex -0.940456403667957 -11.794427190999915 -4.5
      vertex -1.1313708498984762 -11.631370849898476 -4.5
    endloop
  endfacet
  facet normal 0 0 1
    outer loop
      vertex -12 -14 -4.5
      vertex -0.726384799583275 -11.925610438701389 -4.5
      vertex -0.940456403667957 -11.794427190999915 -4.5
    endloop
  endfacet
  facet normal 0 0 1
    outer loop
      vertex -12 -14 -4.5
      vertex -0.49442719099991583 -12.021690426072245 -4.5
      vertex -0.726384799583275 -11.925610438701389 -4.5
    endloop
  endfacet
  facet normal 0 0 1
    outer loop
      vertex -12 -14 -4.5
      vertex -0.2502951440643694 -12.08030134495222 -4.5
      vertex -0.49442719099991583 -12.021690426072245 -4.5
    endloop
  endfacet
  facet normal 0 0 1
    outer loop
      vertex -12 -14 -4.5
      vertex 0 -12.1 -4.5
      vertex -0.2502951440643694 -12.08030134495222 -4.5
    endloop
  endfacet
  facet normal 0 0 1
    outer loop
      vertex -12 -14 -4.5
      vertex 0.2502951440643694 -12.08030134495222 -4.5
      vertex 0 -12.1 -4.5
    endloop
  endfacet
  facet normal 0 0 1
    outer loop
      vertex -12 0 -4.5
      vertex -1.5803013449522205 -10.249704855935631 -4.5
      vertex -1.5216904260722457 -10.005572809000084 -4.5
    endloop
  endfacet
  facet normal 0 0 1
    outer loop
      vertex -12 0 -4.5
      vertex -1.5216904260722457 -10.005572809000084 -4.5
      vertex -1.5216904260722457 -4.994427190999916 -4.5
    endloop
  endfacet
  facet normal 0 0 1
    outer loop
      vertex -12 0 -4.5
      vertex -1.5216904260722457 -4.994427190999916 -4.5
      vertex -1.5803013449522205 -4.75029514406437 -4.5
    endloop
  endfacet
  facet normal 0 0 1
    outer loop
      vertex -12 0 -4.5
      vertex -1.5803013449522205 -4.75029514406437 -4.5
      vertex -1.6 -4.5 -4.5
    endloop
  endfacet
  facet normal 0 0 1
    outer loop
      vertex -12 0 -4.5
      vertex -1.6 -4.5 -4.5
      vertex -1.5803013449522205 -4.24970485593563 -4.5
    endloop
  endfacet
  facet normal 0 0 1
    outer loop
      vertex -12 0 -4.5
      vertex -1.5803013449522205 -4.24970485593563 -4.5
      vertex -1.5216904260722457 -4.005572809000084 -4.5
    endloop
  endfacet
  facet normal 0 0 1
    outer loop
      vertex -12 0 -4.5
      vertex -1.5216904260722457 -4.005572809000084 -4.5
      vertex -1.4256104387013888 -3.773615200416725 -4.5
    endloop
  endfacet
  facet normal 0 0 1
    outer loop
      vertex -12 0 -4.5
      vertex -1.4256104387013888 -3.773615200416725 -4.5
      vertex -1.294427190999916 -3.559543596332043 -4.5
    endloop
  endfacet
  facet normal 0 0 1
    outer loop
      vertex -12 0 -4.5
      vertex -1.294427190999916 -3.559543596332043 -4.5
      vertex -1.1313708498984762 -3.3686291501015235 -4.5
    endloop
  endfacet
  facet normal 0 0 1
    outer loop
      vertex -12 0 -4.5
      vertex -1.1313708498984762 -3.3686291501015235 -4.5
      vertex -0.940456403667957 -3.205572809000084 -4.5
    endloop
  endfacet
  facet normal 0 0 1
    outer loop
      vertex -12 0 -4.5
      vertex -0.940456403667957 -3.205572809000084 -4.5
      vertex -0.726384799583275 -3.074389561298611 -4.5
    endloop
  endfacet
  facet normal 0 0 1
    outer loop
      vertex -12 0 -4.5
      vertex -0.726384799583275 -3.074389561298611 -4.5
      vertex -0.49442719099991583 -2.9783095739277545 -4.5
    endloop
  endfacet
  facet normal 0 0 1
    outer loop
      vertex -12 0 -4.5
      vertex -0.49442719099991583 -2.9783095739277545 -4.5
      vertex -0.2502951440643694 -2.9196986550477795 -4.5
    endloop
  endfacet
  facet normal 0 0 1
    outer loop
      vertex -12 0 -4.5
      vertex -0.2502951440643694 -2.9196986550477795 -4.5
      vertex 0 -2.9 -4.5
    endloop
  endfacet
  facet normal 0 0 1
    outer loop
      vertex -1.4256104387013888 -9.773615200416724 -4.5
      vertex -1.5216904260722457 -4.994427190999916 -4.5
      vertex -1.5216904260722457 -10.005572809000084 -4.5
    endloop
  endfacet
  facet normal 0 0 1
    outer loop
      vertex -1.294427190999916 -9.559543596332043 -4.5
      vertex -1.4256104387013888 -5.226384799583275 -4.5
      vertex -1.4256104387013888 -9.773615200416724 -4.5
    endloop
  endfacet
  facet normal 0 0 1
    outer loop
      vertex -1.1313708498984762 -9.368629150101524 -4.5
      vertex -1.294427190999916 -5.440456403667957 -4.5
      vertex -1.294427190999916 -9.559543596332043 -4.5
    endloop
  endfacet
  facet normal 0 0 1
    outer loop
      vertex -1.1313708498984762 -9.368629150101524 -4.5
      vertex -0.940456403667957 -9.205572809000085 -4.5
      vertex -1.1313708498984762 -5.6313708498984765 -4.5
    endloop
  endfacet
  facet normal 0 0 1
    outer loop
      vertex -0.940456403667957 -9.205572809000085 -4.5
      vertex -0.726384799583275 -9.074389561298611 -4.5
      vertex -0.940456403667957 -5.794427190999916 -4.5
    endloop
  endfacet
  facet normal 0 0 1
    outer loop
      vertex -0.726384799583275 -9.074389561298611 -4.5
      vertex -0.49442719099991583 -8.978309573927755 -4.5
      vertex -0.726384799583275 -5.925610438701389 -4.5
    endloop
  endfacet
  facet normal 0 0 1
    outer loop
      vertex -0.49442719099991583 -8.978309573927755 -4.5
      vertex -0.2502951440643694 -8.91969865504778 -4.5
      vertex -0.49442719099991583 -6.0216904260722455 -4.5
    endloop
  endfacet
  facet normal 0 0 1
    outer loop
      vertex -0.2502951440643694 -8.91969865504778 -4.5
      vertex 0 -8.9 -4.5
      vertex -0.2502951440643694 -6.08030134495222 -4.5
    endloop
  endfacet
  facet normal 0 0 1
    outer loop
      vertex 0 -8.9 -4.5
      vertex 0.2502951440643694 -8.91969865504778 -4.5
      vertex 0 -6.1 -4.5
    endloop
  endfacet
  facet normal 0 0 1
    outer loop
      vertex 0.49442719099991583 -8.978309573927755 -4.5
      vertex 0.2502951440643694 -6.08030134495222 -4.5
      vertex 0.2502951440643694 -8.91969865504778 -4.5
    endloop
  endfacet
  facet normal 0 0 1
    outer loop
      vertex 0.726384799583275 -9.074389561298611 -4.5
      vertex 0.49442719099991583 -6.0216904260722455 -4.5
      vertex 0.49442719099991583 -8.978309573927755 -4.5
    endloop
  endfacet
  facet normal 0 0 1
    outer loop
      vertex 0.940456403667957 -9.205572809000085 -4.5
      vertex 0.726384799583275 -5.925610438701389 -4.5
      vertex 0.726384799583275 -9.074389561298611 -4.5
    endloop
  endfacet
  facet normal 0 0 1
    outer loop
      vertex 0.940456403667957 -5.794427190999916 -4.5
      vertex 0.940456403667957 -9.205572809000085 -4.5
      vertex 1.1313708498984762 -9.368629150101524 -4.5
    endloop
  endfacet
  facet normal 0 0 1
    outer loop
      vertex 1.4256104387013888 -9.773615200416724 -4.5
      vertex 1.294427190999916 -5.440456403667957 -4.5
      vertex 1.294427190999916 -9.559543596332043 -4.5
    endloop
  endfacet
  facet normal 0 0 1
    outer loop
      vertex 1.294427190999916 -9.559543596332043 -4.5
      vertex 1.1313708498984762 -5.6313708498984765 -4.5
      vertex 1.1313708498984762 -9.368629150101524 -4.5
    endloop
  endfacet
  facet normal 0 0 1
    outer loop
      vertex -1.5216904260722457 -4.994427190999916 -4.5
      vertex -1.4256104387013888 -9.773615200416724 -4.5
      vertex -1.4256104387013888 -5.226384799583275 -4.5
    endloop
  endfacet
  facet normal 0 0 1
    outer loop
      vertex -1.4256104387013888 -5.226384799583275 -4.5
      vertex -1.294427190999916 -9.559543596332043 -4.5
      vertex -1.294427190999916 -5.440456403667957 -4.5
    endloop
  endfacet
  facet normal 0 0 1
    outer loop
      vertex -1.1313708498984762 -9.368629150101524 -4.5
      vertex -1.1313708498984762 -5.6313708498984765 -4.5
      vertex -1.294427190999916 -5.440456403667957 -4.5
    endloop
  endfacet
  facet normal 0 0 1
    outer loop
      vertex -0.940456403667957 -5.794427190999916 -4.5
      vertex -1.1313708498984762 -5.6313708498984765 -4.5
      vertex -0.940456403667957 -9.205572809000085 -4.5
    endloop
  endfacet
  facet normal 0 0 1
    outer loop
      vertex -0.726384799583275 -5.925610438701389 -4.5
      vertex -0.940456403667957 -5.794427190999916 -4.5
      vertex -0.726384799583275 -9.074389561298611 -4.5
    endloop
  endfacet
  facet normal 0 0 1
    outer loop
      vertex -0.49442719099991583 -6.0216904260722455 -4.5
      vertex -0.726384799583275 -5.925610438701389 -4.5
      vertex -0.49442719099991583 -8.978309573927755 -4.5
    endloop
  endfacet
  facet normal 0 0 1
    outer loop
      vertex -0.2502951440643694 -6.08030134495222 -4.5
      vertex -0.49442719099991583 -6.0216904260722455 -4.5
      vertex -0.2502951440643694 -8.91969865504778 -4.5
    endloop
  endfacet
  facet normal 0 0 1
    outer loop
      vertex 0 -8.9 -4.5
      vertex 0 -6.1 -4.5
      vertex -0.2502951440643694 -6.08030134495222 -4.5
    endloop
  endfacet
  facet normal 0 0 1
    outer loop
      vertex 0 -6.1 -4.5
      vertex 0.2502951440643694 -8.91969865504778 -4.5
      vertex 0.2502951440643694 -6.08030134495222 -4.5
    endloop
  endfacet
  facet normal 0 0 1
    outer loop
      vertex 0.2502951440643694 -6.08030134495222 -4.5
      vertex 0.49442719099991583 -8.978309573927755 -4.5
      vertex 0.49442719099991583 -6.0216904260722455 -4.5
    endloop
  endfacet
  facet normal 0 0 1
    outer loop
      vertex 0.49442719099991583 -6.0216904260722455 -4.5
      vertex 0.726384799583275 -9.074389561298611 -4.5
      vertex 0.726384799583275 -5.925610438701389 -4.5
    endloop
  endfacet
  facet normal 0 0 1
    outer loop
      vertex 0.726384799583275 -5.925610438701389 -4.5
      vertex 0.940456403667957 -9.205572809000085 -4.5
      vertex 0.940456403667957 -5.794427190999916 -4.5
    endloop
  endfacet
  facet normal 0 0 1
    outer loop
      vertex 0.940456403667957 -5.794427190999916 -4.5
      vertex 1.1313708498984762 -9.368629150101524 -4.5
      vertex 1.1313708498984762 -5.6313708498984765 -4.5
    endloop
  endfacet
  facet normal 0 0 1
    outer loop
      vertex 1.1313708498984762 -5.6313708498984765 -4.5
      vertex 1.294427190999916 -9.559543596332043 -4.5
      vertex 1.294427190999916 -5.440456403667957 -4.5
    endloop
  endfacet
  facet normal 0 0 1
    outer loop
      vertex 1.294427190999916 -5.440456403667957 -4.5
      vertex 1.4256104387013888 -9.773615200416724 -4.5
      vertex 1.4256104387013888 -5.226384799583275 -4.5
    endloop
  endfacet
  facet normal 0 -1 0
    outer loop
      vertex -12 -14 -4.5
      vertex -0.15000000000000036 -14 -7.4
      vertex 143.4 -14 -4.5
    endloop
  endfacet
  facet normal 0 0 -1
    outer loop
      vertex 143.4 -14 -10.5
      vertex 12.15 -14 -10.5
      vertex 12.15 0 -10.5
    endloop
  endfacet
  facet normal 0 1 0
    outer loop
      vertex 129.4 0 -10.5
      vertex 12.15 0 -10.5
      vertex 12.15 0 -7.4
    endloop
  endfacet
  facet normal 0 -1 0
    outer loop
      vertex 143.4 -14 -4.5
      vertex 12.15 -14 -7.4
      vertex 12.15 -14 -10.5
    endloop
  endfacet
  facet normal 0 -1 0
    outer loop
      vertex 143.4 -14 -4.5
      vertex -0.15000000000000036 -14 -7.4
      vertex 12.15 -14 -7.4
    endloop
  endfacet
  facet normal 0 1 0
    outer loop
      vertex 8 0 -4.5
      vertex 129.4 0 -10.5
      vertex 12.15 0 -7.4
    endloop
  endfacet
  facet normal 0 0 1
    outer loop
      vertex -12 -14 -4.5
      vertex 143.4 -14 -4.5
      vertex 0.2502951440643694 -12.08030134495222 -4.5
    endloop
  endfacet
  facet normal 0 0 1
    outer loop
      vertex -12 0 -4.5
      vertex 0 -2.9 -4.5
      vertex 143.4 -14 -4.5
    endloop
  endfacet
  facet normal 0 0 1
    outer loop
      vertex -12 0 -4.5
      vertex 143.4 -14 -4.5
      vertex 0 0 -4.5
    endloop
  endfacet
  facet normal 0 0 1
    outer loop
      vertex 143.4 -14 -4.5
      vertex 0.49442719099991583 -12.021690426072245 -4.5
      vertex 0.2502951440643694 -12.08030134495222 -4.5
    endloop
  endfacet
  facet normal 0 0 1
    outer loop
      vertex 143.4 -14 -4.5
      vertex 0.726384799583275 -11.925610438701389 -4.5
      vertex 0.49442719099991583 -12.021690426072245 -4.5
    endloop
  endfacet
  facet normal 0 0 1
    outer loop
      vertex 143.4 -14 -4.5
      vertex 0.940456403667957 -11.794427190999915 -4.5
      vertex 0.726384799583275 -11.925610438701389 -4.5
    endloop
  endfacet
  facet normal 0 0 1
    outer loop
      vertex 143.4 -14 -4.5
      vertex 1.1313708498984762 -11.631370849898476 -4.5
      vertex 0.940456403667957 -11.794427190999915 -4.5
    endloop
  endfacet
  facet normal 0 0 1
    outer loop
      vertex 143.4 -14 -4.5
      vertex 1.294427190999916 -11.440456403667957 -4.5
      vertex 1.1313708498984762 -11.631370849898476 -4.5
    endloop
  endfacet
  facet normal 0 0 1
    outer loop
      vertex 143.4 -14 -4.5
      vertex 1.4256104387013888 -11.226384799583276 -4.5
      vertex 1.294427190999916 -11.440456403667957 -4.5
    endloop
  endfacet
  facet normal 0 0 1
    outer loop
      vertex 143.4 -14 -4.5
      vertex 1.5803013449522205 -10.750295144064369 -4.5
      vertex 1.5216904260722457 -10.994427190999916 -4.5
    endloop
  endfacet
  facet normal 0 0 1
    outer loop
      vertex 143.4 -14 -4.5
      vertex 1.5216904260722457 -10.994427190999916 -4.5
      vertex 1.4256104387013888 -11.226384799583276 -4.5
    endloop
  endfacet
  facet normal 0 0 1
    outer loop
      vertex 143.4 -14 -4.5
      vertex 1.6 -10.5 -4.5
      vertex 1.5803013449522205 -10.750295144064369 -4.5
    endloop
  endfacet
  facet normal 0 0 1
    outer loop
      vertex 143.4 -14 -4.5
      vertex 1.5216904260722457 -10.005572809000084 -4.5
      vertex 1.5803013449522205 -10.249704855935631 -4.5
    endloop
  endfacet
  facet normal 0 0 1
    outer loop
      vertex 143.4 -14 -4.5
      vertex 1.5803013449522205 -10.249704855935631 -4.5
      vertex 1.6 -10.5 -4.5
    endloop
  endfacet
  facet normal 0 0 1
    outer loop
      vertex 143.4 -14 -4.5
      vertex 1.4256104387013888 -9.773615200416724 -4.5
      vertex 1.5216904260722457 -10.005572809000084 -4.5
    endloop
  endfacet
  facet normal 0 0 1
    outer loop
      vertex 143.4 -14 -4.5
      vertex 1.4256104387013888 -5.226384799583275 -4.5
      vertex 1.4256104387013888 -9.773615200416724 -4.5
    endloop
  endfacet
  facet normal 0 0 1
    outer loop
      vertex 143.4 -14 -4.5
      vertex 1.5216904260722457 -4.994427190999916 -4.5
      vertex 1.4256104387013888 -5.226384799583275 -4.5
    endloop
  endfacet
  facet normal 0 0 1
    outer loop
      vertex 143.4 -14 -4.5
      vertex 1.5803013449522205 -4.75029514406437 -4.5
      vertex 1.5216904260722457 -4.994427190999916 -4.5
    endloop
  endfacet
  facet normal 0 0 1
    outer loop
      vertex 143.4 -14 -4.5
      vertex 0 -2.9 -4.5
      vertex 0.2502951440643694 -2.9196986550477795 -4.5
    endloop
  endfacet
  facet normal 0 0 1
    outer loop
      vertex 143.4 -14 -4.5
      vertex 0.2502951440643694 -2.9196986550477795 -4.5
      vertex 0.49442719099991583 -2.9783095739277545 -4.5
    endloop
  endfacet
  facet normal 0 0 1
    outer loop
      vertex 143.4 -14 -4.5
      vertex 0.726384799583275 -3.074389561298611 -4.5
      vertex 0.940456403667957 -3.205572809000084 -4.5
    endloop
  endfacet
  facet normal 0 0 1
    outer loop
      vertex 143.4 -14 -4.5
      vertex 0.49442719099991583 -2.9783095739277545 -4.5
      vertex 0.726384799583275 -3.074389561298611 -4.5
    endloop
  endfacet
  facet normal 0 0 1
    outer loop
      vertex 143.4 -14 -4.5
      vertex 0.940456403667957 -3.205572809000084 -4.5
      vertex 1.1313708498984762 -3.3686291501015235 -4.5
    endloop
  endfacet
  facet normal 0 0 1
    outer loop
      vertex 143.4 -14 -4.5
      vertex 1.1313708498984762 -3.3686291501015235 -4.5
      vertex 1.294427190999916 -3.559543596332043 -4.5
    endloop
  endfacet
  facet normal 0 0 1
    outer loop
      vertex 143.4 -14 -4.5
      vertex 1.6 -4.5 -4.5
      vertex 1.5803013449522205 -4.75029514406437 -4.5
    endloop
  endfacet
  facet normal 0 0 1
    outer loop
      vertex 143.4 -14 -4.5
      vertex 1.5803013449522205 -4.24970485593563 -4.5
      vertex 1.6 -4.5 -4.5
    endloop
  endfacet
  facet normal 0 0 1
    outer loop
      vertex 143.4 -14 -4.5
      vertex 1.5216904260722457 -4.005572809000084 -4.5
      vertex 1.5803013449522205 -4.24970485593563 -4.5
    endloop
  endfacet
  facet normal 0 0 1
    outer loop
      vertex 143.4 -14 -4.5
      vertex 1.4256104387013888 -3.773615200416725 -4.5
      vertex 1.5216904260722457 -4.005572809000084 -4.5
    endloop
  endfacet
  facet normal 0 0 1
    outer loop
      vertex 143.4 -14 -4.5
      vertex 1.294427190999916 -3.559543596332043 -4.5
      vertex 1.4256104387013888 -3.773615200416725 -4.5
    endloop
  endfacet
  facet normal 0 0 1
    outer loop
      vertex 0 0 -4.5
      vertex 143.4 -14 -4.5
      vertex 8 0 -4.5
    endloop
  endfacet
  facet normal 0 0 -1
    outer loop
      vertex 129.84256307441888 -1.221390714016317 -10.5
      vertex 12.15 0 -10.5
      vertex 129.4 0 -10.5
    endloop
  endfacet
  facet normal 0 0 -1
    outer loop
      vertex 129.84256307441888 -1.221390714016317 -10.5
      vertex 143.4 -7 -10.5
      vertex 12.15 0 -10.5
    endloop
  endfacet
  facet normal 0 0 -1
    outer loop
      vertex 143.4 -14 -10.5
      vertex 12.15 0 -10.5
      vertex 143.4 -7 -10.5
    endloop
  endfacet
  facet normal 0 -1 0
    outer loop
      vertex 143.4 -14 -10.5
      vertex 143.4 -14 -4.5
      vertex 12.15 -14 -10.5
    endloop
  endfacet
  facet normal 0 1 0
    outer loop
      vertex 8 0 -4.5
      vertex 129.4 0 -4.5
      vertex 129.4 0 -10.5
    endloop
  endfacet
  facet normal 0 0 1
    outer loop
      vertex 8 0 -4.5
      vertex 143.4 -14 -4.5
      vertex 129.4 0 -4.5
    endloop
  endfacet
  facet normal 1 0 0
    outer loop
      vertex 143.4 -14 -10.5
      vertex 143.4 -7 -10.5
      vertex 143.4 -7 -7.5
    endloop
  endfacet
  facet normal 1 0 0
    outer loop
      vertex 143.4 -14 -10.5
      vertex 143.4 -7 -7.5
      vertex 143.4 -14 -4.5
    endloop
  endfacet
  facet normal 1 0 0
    outer loop
      vertex 143.4 0 -10.5
      vertex 143.4 0 -4.5
      vertex 143.4 -7 -7.5
    endloop
  endfacet
  facet normal 1 0 0
    outer loop
      vertex 143.4 -7 -7.5
      vertex 143.4 0 -4.5
      vertex 143.4 -14 -4.5
    endloop
  endfacet
  facet normal 0 0 1
    outer loop
      vertex 129.4 0 -4.5
      vertex 143.4 -14 -4.5
      vertex 143.4 0 -4.5
    endloop
  endfacet
  facet normal 0.07845909572784462 -0.9969173337331281 0
    outer loop
      vertex -0.15000000000000036 -2.9118052560236927 -7.4
      vertex -0.2502951440643694 -2.9196986550477795 -10.5
      vertex -0.15000000000000036 -2.9118052560236927 -10.5
    endloop
  endfacet
  facet normal 0.8526401643540924 0.5224985647159485 -4.46469048768971e-19
    outer loop
      vertex -1.294427190999916 -5.440456403667957 -10.5
      vertex -1.4256104387013888 -5.226384799583275 -10.5
      vertex -1.4256104387013888 -5.226384799583275 -4.5
    endloop
  endfacet
  facet normal 0.9723699203976764 0.233445363855906 -4.731831065621619e-19
    outer loop
      vertex -1.5216904260722457 -4.994427190999916 -10.5
      vertex -1.5803013449522205 -4.75029514406437 -10.5
      vertex -1.5803013449522205 -4.75029514406437 -4.5
    endloop
  endfacet
  facet normal 0.9238795325112867 0.3826834323650898 5.335260880712768e-19
    outer loop
      vertex -1.4256104387013888 -5.226384799583275 -10.5
      vertex -1.5216904260722457 -4.994427190999916 -10.5
      vertex -1.5216904260722457 -4.994427190999916 -4.5
    endloop
  endfacet
  facet normal 0.7604059656000316 0.6494480483301828 4.889310898616123e-19
    outer loop
      vertex -1.1313708498984762 -5.6313708498984765 -10.5
      vertex -1.294427190999916 -5.440456403667957 -10.5
      vertex -1.294427190999916 -5.440456403667957 -4.5
    endloop
  endfacet
  facet normal 0.6494480483301829 0.7604059656000318 0
    outer loop
      vertex -1.1313708498984762 -5.6313708498984765 -10.5
      vertex -1.1313708498984762 -5.6313708498984765 -4.5
      vertex -0.940456403667957 -5.794427190999916 -10.5
    endloop
  endfacet
  facet normal 0.522498564715949 0.8526401643540921 0
    outer loop
      vertex -0.940456403667957 -5.794427190999916 -10.5
      vertex -0.940456403667957 -5.794427190999916 -4.5
      vertex -0.726384799583275 -5.925610438701389 -10.5
    endloop
  endfacet
  facet normal 0.38268343236508795 0.9238795325112875 0
    outer loop
      vertex -0.726384799583275 -5.925610438701389 -10.5
      vertex -0.726384799583275 -5.925610438701389 -4.5
      vertex -0.49442719099991583 -6.0216904260722455 -10.5
    endloop
  endfacet
  facet normal 0.2334453638559053 0.9723699203976766 0
    outer loop
      vertex -0.49442719099991583 -6.0216904260722455 -10.5
      vertex -0.49442719099991583 -6.0216904260722455 -4.5
      vertex -0.2502951440643694 -6.08030134495222 -10.5
    endloop
  endfacet
  facet normal 0.07845909572784461 0.9969173337331281 0
    outer loop
      vertex -0.2502951440643694 -6.08030134495222 -10.5
      vertex -0.2502951440643694 -6.08030134495222 -4.5
      vertex -0.15000000000000036 -6.088194743976307 -10.5
    endloop
  endfacet
  facet normal 0.9969173337331281 0.07845909572784458 3.468577627712994e-20
    outer loop
      vertex -1.5803013449522205 -4.75029514406437 -10.5
      vertex -1.6 -4.5 -10.5
      vertex -1.6 -4.5 -4.5
    endloop
  endfacet
  facet normal 0.9969173337331281 -0.07845909572784458 -3.468577627712994e-20
    outer loop
      vertex -1.6 -4.5 -10.5
      vertex -1.5803013449522205 -4.24970485593563 -10.5
      vertex -1.5803013449522205 -4.24970485593563 -4.5
    endloop
  endfacet
  facet normal 0.9723699203976764 -0.233445363855906 4.731831065621619e-19
    outer loop
      vertex -1.5803013449522205 -4.24970485593563 -10.5
      vertex -1.5216904260722457 -4.005572809000084 -10.5
      vertex -1.5216904260722457 -4.005572809000084 -4.5
    endloop
  endfacet
  facet normal 0.923879532511287 -0.38268343236508917 1.5335136545350054e-19
    outer loop
      vertex -1.5216904260722457 -4.005572809000084 -10.5
      vertex -1.4256104387013888 -3.773615200416725 -10.5
      vertex -1.4256104387013888 -3.773615200416725 -4.5
    endloop
  endfacet
  facet normal 0.8526401643540921 -0.5224985647159492 9.26770652099229e-19
    outer loop
      vertex -1.4256104387013888 -3.773615200416725 -10.5
      vertex -1.294427190999916 -3.559543596332043 -10.5
      vertex -1.294427190999916 -3.559543596332043 -4.5
    endloop
  endfacet
  facet normal 0.7604059656000316 -0.6494480483301828 -4.889310898616123e-19
    outer loop
      vertex -1.294427190999916 -3.559543596332043 -10.5
      vertex -1.1313708498984762 -3.3686291501015235 -10.5
      vertex -1.1313708498984762 -3.3686291501015235 -4.5
    endloop
  endfacet
  facet normal 0.6494480483301829 -0.7604059656000318 0
    outer loop
      vertex -0.940456403667957 -3.205572809000084 -10.5
      vertex -0.940456403667957 -3.205572809000084 -4.5
      vertex -1.1313708498984762 -3.3686291501015235 -10.5
    endloop
  endfacet
  facet normal 0.522498564715949 -0.8526401643540921 0
    outer loop
      vertex -0.726384799583275 -3.074389561298611 -10.5
      vertex -0.726384799583275 -3.074389561298611 -4.5
      vertex -0.940456403667957 -3.205572809000084 -10.5
    endloop
  endfacet
  facet normal 0.38268343236508795 -0.9238795325112875 0
    outer loop
      vertex -0.49442719099991583 -2.9783095739277545 -10.5
      vertex -0.49442719099991583 -2.9783095739277545 -4.5
      vertex -0.726384799583275 -3.074389561298611 -10.5
    endloop
  endfacet
  facet normal 0.23344536385590697 -0.9723699203976761 0
    outer loop
      vertex -0.2502951440643694 -2.9196986550477795 -10.5
      vertex -0.2502951440643694 -2.9196986550477795 -4.5
      vertex -0.49442719099991583 -2.9783095739277545 -10.5
    endloop
  endfacet
  facet normal 0.07845909572784462 0.9969173337331281 0
    outer loop
      vertex -0.15000000000000036 -6.088194743976307 -7.4
      vertex -0.15000000000000036 -6.088194743976307 -10.5
      vertex -0.2502951440643694 -6.08030134495222 -4.5
    endloop
  endfacet
  facet normal 0.07845909572784461 -0.9969173337331281 -8.422733281816581e-20
    outer loop
      vertex -0.15000000000000036 -2.9118052560236927 -7.4
      vertex -0.2502951440643694 -2.9196986550477795 -4.5
      vertex -0.2502951440643694 -2.9196986550477795 -10.5
    endloop
  endfacet
  facet normal 0.9723699203976764 0.233445363855906 0
    outer loop
      vertex -1.5216904260722457 -4.994427190999916 -10.5
      vertex -1.5803013449522205 -4.75029514406437 -4.5
      vertex -1.5216904260722457 -4.994427190999916 -4.5
    endloop
  endfacet
  facet normal 0.9238795325112867 0.3826834323650898 0
    outer loop
      vertex -1.4256104387013888 -5.226384799583275 -10.5
      vertex -1.5216904260722457 -4.994427190999916 -4.5
      vertex -1.4256104387013888 -5.226384799583275 -4.5
    endloop
  endfacet
  facet normal 0.8526401643540924 0.5224985647159485 0
    outer loop
      vertex -1.294427190999916 -5.440456403667957 -10.5
      vertex -1.4256104387013888 -5.226384799583275 -4.5
      vertex -1.294427190999916 -5.440456403667957 -4.5
    endloop
  endfacet
  facet normal 0.7604059656000316 0.6494480483301828 0
    outer loop
      vertex -1.1313708498984762 -5.6313708498984765 -10.5
      vertex -1.294427190999916 -5.440456403667957 -4.5
      vertex -1.1313708498984762 -5.6313708498984765 -4.5
    endloop
  endfacet
  facet normal 0.6494480483301829 0.7604059656000318 0
    outer loop
      vertex -0.940456403667957 -5.794427190999916 -10.5
      vertex -1.1313708498984762 -5.6313708498984765 -4.5
      vertex -0.940456403667957 -5.794427190999916 -4.5
    endloop
  endfacet
  facet normal 0.522498564715949 0.8526401643540921 0
    outer loop
      vertex -0.726384799583275 -5.925610438701389 -10.5
      vertex -0.940456403667957 -5.794427190999916 -4.5
      vertex -0.726384799583275 -5.925610438701389 -4.5
    endloop
  endfacet
  facet normal 0.38268343236508795 0.9238795325112875 0
    outer loop
      vertex -0.49442719099991583 -6.0216904260722455 -10.5
      vertex -0.726384799583275 -5.925610438701389 -4.5
      vertex -0.49442719099991583 -6.0216904260722455 -4.5
    endloop
  endfacet
  facet normal 0.2334453638559053 0.9723699203976766 0
    outer loop
      vertex -0.2502951440643694 -6.08030134495222 -10.5
      vertex -0.49442719099991583 -6.0216904260722455 -4.5
      vertex -0.2502951440643694 -6.08030134495222 -4.5
    endloop
  endfacet
  facet normal 0.07845909572784468 0.996917333733128 2.9841413916038852e-18
    outer loop
      vertex -0.15000000000000036 -6.088194743976307 -7.4
      vertex -0.2502951440643694 -6.08030134495222 -4.5
      vertex 0 -6.1 -7.4
    endloop
  endfacet
  facet normal -0.07845909572784464 0.996917333733128 0
    outer loop
      vertex 0 -6.1 -7.4
      vertex 0 -6.1 -4.5
      vertex 0.2502951440643694 -6.08030134495222 -7.4
    endloop
  endfacet
  facet normal 0.9969173337331281 0.07845909572784458 0
    outer loop
      vertex -1.5803013449522205 -4.75029514406437 -10.5
      vertex -1.6 -4.5 -4.5
      vertex -1.5803013449522205 -4.75029514406437 -4.5
    endloop
  endfacet
  facet normal 0.9969173337331281 -0.07845909572784458 0
    outer loop
      vertex -1.6 -4.5 -10.5
      vertex -1.5803013449522205 -4.24970485593563 -4.5
      vertex -1.6 -4.5 -4.5
    endloop
  endfacet
  facet normal 0.9723699203976764 -0.233445363855906 0
    outer loop
      vertex -1.5803013449522205 -4.24970485593563 -10.5
      vertex -1.5216904260722457 -4.005572809000084 -4.5
      vertex -1.5803013449522205 -4.24970485593563 -4.5
    endloop
  endfacet
  facet normal 0.923879532511287 -0.38268343236508917 0
    outer loop
      vertex -1.5216904260722457 -4.005572809000084 -10.5
      vertex -1.4256104387013888 -3.773615200416725 -4.5
      vertex -1.5216904260722457 -4.005572809000084 -4.5
    endloop
  endfacet
  facet normal 0.8526401643540921 -0.5224985647159492 0
    outer loop
      vertex -1.4256104387013888 -3.773615200416725 -10.5
      vertex -1.294427190999916 -3.559543596332043 -4.5
      vertex -1.4256104387013888 -3.773615200416725 -4.5
    endloop
  endfacet
  facet normal 0.7604059656000316 -0.6494480483301828 0
    outer loop
      vertex -1.294427190999916 -3.559543596332043 -10.5
      vertex -1.1313708498984762 -3.3686291501015235 -4.5
      vertex -1.294427190999916 -3.559543596332043 -4.5
    endloop
  endfacet
  facet normal 0.6494480483301829 -0.7604059656000318 0
    outer loop
      vertex -1.1313708498984762 -3.3686291501015235 -10.5
      vertex -0.940456403667957 -3.205572809000084 -4.5
      vertex -1.1313708498984762 -3.3686291501015235 -4.5
    endloop
  endfacet
  facet normal 0.522498564715949 -0.8526401643540921 0
    outer loop
      vertex -0.940456403667957 -3.205572809000084 -10.5
      vertex -0.726384799583275 -3.074389561298611 -4.5
      vertex -0.940456403667957 -3.205572809000084 -4.5
    endloop
  endfacet
  facet normal 0.38268343236508795 -0.9238795325112875 0
    outer loop
      vertex -0.726384799583275 -3.074389561298611 -10.5
      vertex -0.49442719099991583 -2.9783095739277545 -4.5
      vertex -0.726384799583275 -3.074389561298611 -4.5
    endloop
  endfacet
  facet normal 0.23344536385590697 -0.9723699203976761 0
    outer loop
      vertex -0.49442719099991583 -2.9783095739277545 -10.5
      vertex -0.2502951440643694 -2.9196986550477795 -4.5
      vertex -0.49442719099991583 -2.9783095739277545 -4.5
    endloop
  endfacet
  facet normal 0.07845909572784468 -0.996917333733128 2.816425336916768e-18
    outer loop
      vertex -0.15000000000000036 -2.9118052560236927 -7.4
      vertex 0 -2.9 -7.4
      vertex -0.2502951440643694 -2.9196986550477795 -4.5
    endloop
  endfacet
  facet normal -0.23344536385590528 0.9723699203976766 0
    outer loop
      vertex 0.2502951440643694 -6.08030134495222 -7.4
      vertex 0.2502951440643694 -6.08030134495222 -4.5
      vertex 0.49442719099991583 -6.0216904260722455 -7.4
    endloop
  endfacet
  facet normal -0.38268343236508795 0.9238795325112874 0
    outer loop
      vertex 0.49442719099991583 -6.0216904260722455 -7.4
      vertex 0.49442719099991583 -6.0216904260722455 -4.5
      vertex 0.726384799583275 -5.925610438701389 -7.4
    endloop
  endfacet
  facet normal -0.522498564715949 0.8526401643540921 0
    outer loop
      vertex 0.726384799583275 -5.925610438701389 -7.4
      vertex 0.726384799583275 -5.925610438701389 -4.5
      vertex 0.940456403667957 -5.794427190999916 -7.4
    endloop
  endfacet
  facet normal -0.6494480483301829 0.7604059656000317 0
    outer loop
      vertex 0.940456403667957 -5.794427190999916 -7.4
      vertex 0.940456403667957 -5.794427190999916 -4.5
      vertex 1.1313708498984762 -5.6313708498984765 -7.4
    endloop
  endfacet
  facet normal -0.7604059656000316 0.6494480483301829 0
    outer loop
      vertex 1.1313708498984762 -5.6313708498984765 -7.4
      vertex 1.1313708498984762 -5.6313708498984765 -4.5
      vertex 1.294427190999916 -5.440456403667957 -7.4
    endloop
  endfacet
  facet normal -0.8526401643540925 0.5224985647159485 0
    outer loop
      vertex 1.294427190999916 -5.440456403667957 -7.4
      vertex 1.294427190999916 -5.440456403667957 -4.5
      vertex 1.4256104387013888 -5.226384799583275 -7.4
    endloop
  endfacet
  facet normal -0.9238795325112867 0.3826834323650898 0
    outer loop
      vertex 1.4256104387013888 -5.226384799583275 -7.4
      vertex 1.4256104387013888 -5.226384799583275 -4.5
      vertex 1.5216904260722457 -4.994427190999916 -7.4
    endloop
  endfacet
  facet normal -0.9723699203976764 0.233445363855906 0
    outer loop
      vertex 1.5216904260722457 -4.994427190999916 -7.4
      vertex 1.5216904260722457 -4.994427190999916 -4.5
      vertex 1.5803013449522205 -4.75029514406437 -7.4
    endloop
  endfacet
  facet normal -0.6494480483301829 -0.7604059656000317 -6.365101718937587e-19
    outer loop
      vertex 0.940456403667957 -3.205572809000084 -7.4
      vertex 1.1313708498984762 -3.3686291501015235 -7.4
      vertex 1.1313708498984762 -3.3686291501015235 -4.5
    endloop
  endfacet
  facet normal -0.7604059656000316 -0.6494480483301829 1.011581565230922e-18
    outer loop
      vertex 1.1313708498984762 -3.3686291501015235 -7.4
      vertex 1.294427190999916 -3.559543596332043 -7.4
      vertex 1.294427190999916 -3.559543596332043 -4.5
    endloop
  endfacet
  facet normal -0.07845909572784464 -0.996917333733128 4.333960352316185e-19
    outer loop
      vertex 0 -2.9 -7.4
      vertex 0.2502951440643694 -2.9196986550477795 -7.4
      vertex 0.2502951440643694 -2.9196986550477795 -4.5
    endloop
  endfacet
  facet normal -0.23344536385590697 -0.9723699203976762 -7.90066153037556e-20
    outer loop
      vertex 0.2502951440643694 -2.9196986550477795 -7.4
      vertex 0.49442719099991583 -2.9783095739277545 -7.4
      vertex 0.49442719099991583 -2.9783095739277545 -4.5
    endloop
  endfacet
  facet normal -0.38268343236508795 -0.9238795325112874 -2.1203410050027407e-18
    outer loop
      vertex 0.49442719099991583 -2.9783095739277545 -7.4
      vertex 0.726384799583275 -3.074389561298611 -7.4
      vertex 0.726384799583275 -3.074389561298611 -4.5
    endloop
  endfacet
  facet normal -0.522498564715949 -0.8526401643540921 1.9047753073054683e-18
    outer loop
      vertex 0.726384799583275 -3.074389561298611 -7.4
      vertex 0.940456403667957 -3.205572809000084 -7.4
      vertex 0.940456403667957 -3.205572809000084 -4.5
    endloop
  endfacet
  facet normal -0.996917333733128 0.07845909572784455 0
    outer loop
      vertex 1.5803013449522205 -4.75029514406437 -7.4
      vertex 1.5803013449522205 -4.75029514406437 -4.5
      vertex 1.6 -4.5 -7.4
    endloop
  endfacet
  facet normal -0.996917333733128 -0.07845909572784455 0
    outer loop
      vertex 1.6 -4.5 -7.4
      vertex 1.6 -4.5 -4.5
      vertex 1.5803013449522205 -4.24970485593563 -7.4
    endloop
  endfacet
  facet normal -0.9723699203976764 -0.233445363855906 -9.789995308182659e-19
    outer loop
      vertex 1.5216904260722457 -4.005572809000084 -7.4
      vertex 1.5803013449522205 -4.24970485593563 -7.4
      vertex 1.5803013449522205 -4.24970485593563 -4.5
    endloop
  endfacet
  facet normal -0.9238795325112871 -0.3826834323650891 -3.172786871451735e-19
    outer loop
      vertex 1.4256104387013888 -3.773615200416725 -7.4
      vertex 1.5216904260722457 -4.005572809000084 -7.4
      vertex 1.5216904260722457 -4.005572809000084 -4.5
    endloop
  endfacet
  facet normal -0.8526401643540921 -0.5224985647159492 -1.9174565215846115e-18
    outer loop
      vertex 1.294427190999916 -3.559543596332043 -7.4
      vertex 1.4256104387013888 -3.773615200416725 -7.4
      vertex 1.4256104387013888 -3.773615200416725 -4.5
    endloop
  endfacet
  facet normal 0.07845909572784464 0.996917333733128 0
    outer loop
      vertex 0 -6.1 -7.4
      vertex -0.2502951440643694 -6.08030134495222 -4.5
      vertex 0 -6.1 -4.5
    endloop
  endfacet
  facet normal 0.07845909572784464 -0.996917333733128 0
    outer loop
      vertex 0 -2.9 -7.4
      vertex 0 -2.9 -4.5
      vertex -0.2502951440643694 -2.9196986550477795 -4.5
    endloop
  endfacet
  facet normal -0.07845909572784464 -0.996917333733128 0
    outer loop
      vertex 0 -2.9 -7.4
      vertex 0.2502951440643694 -2.9196986550477795 -4.5
      vertex 0 -2.9 -4.5
    endloop
  endfacet
  facet normal -0.07845909572784464 0.996917333733128 0
    outer loop
      vertex 0.2502951440643694 -6.08030134495222 -7.4
      vertex 0 -6.1 -4.5
      vertex 0.2502951440643694 -6.08030134495222 -4.5
    endloop
  endfacet
  facet normal -0.23344536385590528 0.9723699203976766 0
    outer loop
      vertex 0.49442719099991583 -6.0216904260722455 -7.4
      vertex 0.2502951440643694 -6.08030134495222 -4.5
      vertex 0.49442719099991583 -6.0216904260722455 -4.5
    endloop
  endfacet
  facet normal -0.38268343236508795 0.9238795325112874 0
    outer loop
      vertex 0.726384799583275 -5.925610438701389 -7.4
      vertex 0.49442719099991583 -6.0216904260722455 -4.5
      vertex 0.726384799583275 -5.925610438701389 -4.5
    endloop
  endfacet
  facet normal -0.522498564715949 0.8526401643540921 0
    outer loop
      vertex 0.940456403667957 -5.794427190999916 -7.4
      vertex 0.726384799583275 -5.925610438701389 -4.5
      vertex 0.940456403667957 -5.794427190999916 -4.5
    endloop
  endfacet
  facet normal -0.6494480483301829 0.7604059656000317 0
    outer loop
      vertex 1.1313708498984762 -5.6313708498984765 -7.4
      vertex 0.940456403667957 -5.794427190999916 -4.5
      vertex 1.1313708498984762 -5.6313708498984765 -4.5
    endloop
  endfacet
  facet normal -0.7604059656000316 0.6494480483301829 0
    outer loop
      vertex 1.294427190999916 -5.440456403667957 -7.4
      vertex 1.1313708498984762 -5.6313708498984765 -4.5
      vertex 1.294427190999916 -5.440456403667957 -4.5
    endloop
  endfacet
  facet normal -0.8526401643540925 0.5224985647159485 0
    outer loop
      vertex 1.4256104387013888 -5.226384799583275 -7.4
      vertex 1.294427190999916 -5.440456403667957 -4.5
      vertex 1.4256104387013888 -5.226384799583275 -4.5
    endloop
  endfacet
  facet normal -0.9238795325112867 0.3826834323650898 0
    outer loop
      vertex 1.5216904260722457 -4.994427190999916 -7.4
      vertex 1.4256104387013888 -5.226384799583275 -4.5
      vertex 1.5216904260722457 -4.994427190999916 -4.5
    endloop
  endfacet
  facet normal -0.9723699203976764 0.233445363855906 0
    outer loop
      vertex 1.5803013449522205 -4.75029514406437 -7.4
      vertex 1.5216904260722457 -4.994427190999916 -4.5
      vertex 1.5803013449522205 -4.75029514406437 -4.5
    endloop
  endfacet
  facet normal -0.7604059656000316 -0.6494480483301829 0
    outer loop
      vertex 1.1313708498984762 -3.3686291501015235 -7.4
      vertex 1.294427190999916 -3.559543596332043 -4.5
      vertex 1.1313708498984762 -3.3686291501015235 -4.5
    endloop
  endfacet
  facet normal -0.8526401643540921 -0.5224985647159492 0
    outer loop
      vertex 1.294427190999916 -3.559543596332043 -7.4
      vertex 1.4256104387013888 -3.773615200416725 -4.5
      vertex 1.294427190999916 -3.559543596332043 -4.5
    endloop
  endfacet
  facet normal -0.23344536385590697 -0.9723699203976762 0
    outer loop
      vertex 0.2502951440643694 -2.9196986550477795 -7.4
      vertex 0.49442719099991583 -2.9783095739277545 -4.5
      vertex 0.2502951440643694 -2.9196986550477795 -4.5
    endloop
  endfacet
  facet normal -0.38268343236508795 -0.9238795325112874 0
    outer loop
      vertex 0.49442719099991583 -2.9783095739277545 -7.4
      vertex 0.726384799583275 -3.074389561298611 -4.5
      vertex 0.49442719099991583 -2.9783095739277545 -4.5
    endloop
  endfacet
  facet normal -0.522498564715949 -0.8526401643540921 0
    outer loop
      vertex 0.726384799583275 -3.074389561298611 -7.4
      vertex 0.940456403667957 -3.205572809000084 -4.5
      vertex 0.726384799583275 -3.074389561298611 -4.5
    endloop
  endfacet
  facet normal -0.6494480483301829 -0.7604059656000317 0
    outer loop
      vertex 0.940456403667957 -3.205572809000084 -7.4
      vertex 1.1313708498984762 -3.3686291501015235 -4.5
      vertex 0.940456403667957 -3.205572809000084 -4.5
    endloop
  endfacet
  facet normal -0.996917333733128 0.07845909572784455 0
    outer loop
      vertex 1.6 -4.5 -7.4
      vertex 1.5803013449522205 -4.75029514406437 -4.5
      vertex 1.6 -4.5 -4.5
    endloop
  endfacet
  facet normal -0.996917333733128 -0.07845909572784455 0
    outer loop
      vertex 1.5803013449522205 -4.24970485593563 -7.4
      vertex 1.6 -4.5 -4.5
      vertex 1.5803013449522205 -4.24970485593563 -4.5
    endloop
  endfacet
  facet normal -0.9723699203976764 -0.233445363855906 0
    outer loop
      vertex 1.5216904260722457 -4.005572809000084 -7.4
      vertex 1.5803013449522205 -4.24970485593563 -4.5
      vertex 1.5216904260722457 -4.005572809000084 -4.5
    endloop
  endfacet
  facet normal -0.9238795325112871 -0.3826834323650891 0
    outer loop
      vertex 1.4256104387013888 -3.773615200416725 -7.4
      vertex 1.5216904260722457 -4.005572809000084 -4.5
      vertex 1.4256104387013888 -3.773615200416725 -4.5
    endloop
  endfacet
  facet normal -0.07845909572784465 0.9969173337331279 -2.5649969432075384e-19
    outer loop
      vertex 0.2502951440643694 -6.08030134495222 5.1
      vertex 0 -6.1 5.1
      vertex 0 -6.1 10
    endloop
  endfacet
  facet normal -0.23344536385590534 0.9723699203976766 0
    outer loop
      vertex 0.2502951440643694 -6.08030134495222 5.1
      vertex 0.2502951440643694 -6.08030134495222 10
      vertex 0.49442719099991583 -6.0216904260722455 5.1
    endloop
  endfacet
  facet normal -0.38268343236508795 0.9238795325112874 0
    outer loop
      vertex 0.49442719099991583 -6.0216904260722455 5.1
      vertex 0.49442719099991583 -6.0216904260722455 10
      vertex 0.726384799583275 -5.925610438701389 5.1
    endloop
  endfacet
  facet normal -0.522498564715949 0.8526401643540921 0
    outer loop
      vertex 0.726384799583275 -5.925610438701389 5.1
      vertex 0.726384799583275 -5.925610438701389 10
      vertex 0.940456403667957 -5.794427190999916 5.1
    endloop
  endfacet
  facet normal -0.6494480483301829 0.7604059656000317 0
    outer loop
      vertex 0.940456403667957 -5.794427190999916 5.1
      vertex 0.940456403667957 -5.794427190999916 10
      vertex 1.1313708498984762 -5.6313708498984765 5.1
    endloop
  endfacet
  facet normal -0.7604059656000316 0.6494480483301829 0
    outer loop
      vertex 1.1313708498984762 -5.6313708498984765 5.1
      vertex 1.1313708498984762 -5.6313708498984765 10
      vertex 1.294427190999916 -5.440456403667957 5.1
    endloop
  endfacet
  facet normal -0.8526401643540924 0.5224985647159485 0
    outer loop
      vertex 1.294427190999916 -5.440456403667957 5.1
      vertex 1.294427190999916 -5.440456403667957 10
      vertex 1.4256104387013888 -5.226384799583275 5.1
    endloop
  endfacet
  facet normal -0.9238795325112867 0.3826834323650898 0
    outer loop
      vertex 1.4256104387013888 -5.226384799583275 5.1
      vertex 1.4256104387013888 -5.226384799583275 10
      vertex 1.5216904260722457 -4.994427190999916 5.1
    endloop
  endfacet
  facet normal -0.9723699203976764 0.23344536385590603 0
    outer loop
      vertex 1.5216904260722457 -4.994427190999916 5.1
      vertex 1.5216904260722457 -4.994427190999916 10
      vertex 1.5803013449522205 -4.75029514406437 5.1
    endloop
  endfacet
  facet normal -0.6494480483301829 -0.7604059656000317 -3.767101017330409e-19
    outer loop
      vertex 0.940456403667957 -3.205572809000084 5.1
      vertex 1.1313708498984762 -3.3686291501015235 5.1
      vertex 1.1313708498984762 -3.3686291501015235 10
    endloop
  endfacet
  facet normal -0.7604059656000316 -0.6494480483301829 5.986911304427906e-19
    outer loop
      vertex 1.1313708498984762 -3.3686291501015235 5.1
      vertex 1.294427190999916 -3.559543596332043 5.1
      vertex 1.294427190999916 -3.559543596332043 10
    endloop
  endfacet
  facet normal -0.07845909572784465 -0.9969173337331279 0
    outer loop
      vertex 0.2502951440643694 -2.9196986550477795 5.1
      vertex 0.2502951440643694 -2.9196986550477795 10
      vertex 0 -2.9 5.1
    endloop
  endfacet
  facet normal -0.233445363855907 -0.9723699203976762 -4.6759017220590056e-20
    outer loop
      vertex 0.2502951440643694 -2.9196986550477795 5.1
      vertex 0.49442719099991583 -2.9783095739277545 5.1
      vertex 0.49442719099991583 -2.9783095739277545 10
    endloop
  endfacet
  facet normal -0.38268343236508795 -0.9238795325112874 -1.254895696838357e-18
    outer loop
      vertex 0.49442719099991583 -2.9783095739277545 5.1
      vertex 0.726384799583275 -3.074389561298611 5.1
      vertex 0.726384799583275 -3.074389561298611 10
    endloop
  endfacet
  facet normal -0.522498564715949 -0.8526401643540921 1.1273159982011955e-18
    outer loop
      vertex 0.726384799583275 -3.074389561298611 5.1
      vertex 0.940456403667957 -3.205572809000084 5.1
      vertex 0.940456403667957 -3.205572809000084 10
    endloop
  endfacet
  facet normal -0.9969173337331281 0.07845909572784458 0
    outer loop
      vertex 1.5803013449522205 -4.75029514406437 5.1
      vertex 1.5803013449522205 -4.75029514406437 10
      vertex 1.6 -4.5 5.1
    endloop
  endfacet
  facet normal -0.9969173337331281 -0.07845909572784458 0
    outer loop
      vertex 1.6 -4.5 5.1
      vertex 1.6 -4.5 10
      vertex 1.5803013449522205 -4.24970485593563 5.1
    endloop
  endfacet
  facet normal -0.9723699203976764 -0.23344536385590603 -5.794078855863206e-19
    outer loop
      vertex 1.5216904260722457 -4.005572809000084 5.1
      vertex 1.5803013449522205 -4.24970485593563 5.1
      vertex 1.5803013449522205 -4.24970485593563 10
    endloop
  endfacet
  facet normal -0.923879532511287 -0.3826834323650891 -1.8777718218795982e-19
    outer loop
      vertex 1.4256104387013888 -3.773615200416725 5.1
      vertex 1.5216904260722457 -4.005572809000084 5.1
      vertex 1.5216904260722457 -4.005572809000084 10
    endloop
  endfacet
  facet normal -0.8526401643540921 -0.5224985647159492 -1.1348212066521169e-18
    outer loop
      vertex 1.294427190999916 -3.559543596332043 5.1
      vertex 1.4256104387013888 -3.773615200416725 5.1
      vertex 1.4256104387013888 -3.773615200416725 10
    endloop
  endfacet
  facet normal -0.07845909572784465 -0.9969173337331279 0
    outer loop
      vertex 0 -2.9 10
      vertex 0 -2.9 5.1
      vertex 0.2502951440643694 -2.9196986550477795 10
    endloop
  endfacet
  facet normal -0.07845909572784465 0.9969173337331279 0
    outer loop
      vertex 0.2502951440643694 -6.08030134495222 5.1
      vertex 0 -6.1 10
      vertex 0.2502951440643694 -6.08030134495222 10
    endloop
  endfacet
  facet normal -0.23344536385590534 0.9723699203976766 0
    outer loop
      vertex 0.49442719099991583 -6.0216904260722455 5.1
      vertex 0.2502951440643694 -6.08030134495222 10
      vertex 0.49442719099991583 -6.0216904260722455 10
    endloop
  endfacet
  facet normal -0.38268343236508795 0.9238795325112874 0
    outer loop
      vertex 0.726384799583275 -5.925610438701389 5.1
      vertex 0.49442719099991583 -6.0216904260722455 10
      vertex 0.726384799583275 -5.925610438701389 10
    endloop
  endfacet
  facet normal -0.522498564715949 0.8526401643540921 0
    outer loop
      vertex 0.940456403667957 -5.794427190999916 5.1
      vertex 0.726384799583275 -5.925610438701389 10
      vertex 0.940456403667957 -5.794427190999916 10
    endloop
  endfacet
  facet normal -0.6494480483301829 0.7604059656000317 0
    outer loop
      vertex 1.1313708498984762 -5.6313708498984765 5.1
      vertex 0.940456403667957 -5.794427190999916 10
      vertex 1.1313708498984762 -5.6313708498984765 10
    endloop
  endfacet
  facet normal -0.7604059656000316 0.6494480483301829 0
    outer loop
      vertex 1.294427190999916 -5.440456403667957 5.1
      vertex 1.1313708498984762 -5.6313708498984765 10
      vertex 1.294427190999916 -5.440456403667957 10
    endloop
  endfacet
  facet normal -0.8526401643540924 0.5224985647159485 0
    outer loop
      vertex 1.4256104387013888 -5.226384799583275 5.1
      vertex 1.294427190999916 -5.440456403667957 10
      vertex 1.4256104387013888 -5.226384799583275 10
    endloop
  endfacet
  facet normal -0.9238795325112867 0.3826834323650898 0
    outer loop
      vertex 1.5216904260722457 -4.994427190999916 5.1
      vertex 1.4256104387013888 -5.226384799583275 10
      vertex 1.5216904260722457 -4.994427190999916 10
    endloop
  endfacet
  facet normal -0.9723699203976764 0.23344536385590603 0
    outer loop
      vertex 1.5803013449522205 -4.75029514406437 5.1
      vertex 1.5216904260722457 -4.994427190999916 10
      vertex 1.5803013449522205 -4.75029514406437 10
    endloop
  endfacet
  facet normal -0.7604059656000316 -0.6494480483301829 0
    outer loop
      vertex 1.1313708498984762 -3.3686291501015235 5.1
      vertex 1.294427190999916 -3.559543596332043 10
      vertex 1.1313708498984762 -3.3686291501015235 10
    endloop
  endfacet
  facet normal -0.8526401643540921 -0.5224985647159492 0
    outer loop
      vertex 1.294427190999916 -3.559543596332043 5.1
      vertex 1.4256104387013888 -3.773615200416725 10
      vertex 1.294427190999916 -3.559543596332043 10
    endloop
  endfacet
  facet normal -0.233445363855907 -0.9723699203976762 0
    outer loop
      vertex 0.2502951440643694 -2.9196986550477795 5.1
      vertex 0.49442719099991583 -2.9783095739277545 10
      vertex 0.2502951440643694 -2.9196986550477795 10
    endloop
  endfacet
  facet normal -0.38268343236508795 -0.9238795325112874 0
    outer loop
      vertex 0.49442719099991583 -2.9783095739277545 5.1
      vertex 0.726384799583275 -3.074389561298611 10
      vertex 0.49442719099991583 -2.9783095739277545 10
    endloop
  endfacet
  facet normal -0.522498564715949 -0.8526401643540921 0
    outer loop
      vertex 0.726384799583275 -3.074389561298611 5.1
      vertex 0.940456403667957 -3.205572809000084 10
      vertex 0.726384799583275 -3.074389561298611 10
    endloop
  endfacet
  facet normal -0.6494480483301829 -0.7604059656000317 0
    outer loop
      vertex 0.940456403667957 -3.205572809000084 5.1
      vertex 1.1313708498984762 -3.3686291501015235 10
      vertex 0.940456403667957 -3.205572809000084 10
    endloop
  endfacet
  facet normal -0.9969173337331281 0.07845909572784458 0
    outer loop
      vertex 1.6 -4.5 5.1
      vertex 1.5803013449522205 -4.75029514406437 10
      vertex 1.6 -4.5 10
    endloop
  endfacet
  facet normal -0.9969173337331281 -0.07845909572784458 0
    outer loop
      vertex 1.5803013449522205 -4.24970485593563 5.1
      vertex 1.6 -4.5 10
      vertex 1.5803013449522205 -4.24970485593563 10
    endloop
  endfacet
  facet normal -0.9723699203976764 -0.23344536385590603 0
    outer loop
      vertex 1.5216904260722457 -4.005572809000084 5.1
      vertex 1.5803013449522205 -4.24970485593563 10
      vertex 1.5216904260722457 -4.005572809000084 10
    endloop
  endfacet
  facet normal -0.923879532511287 -0.3826834323650891 0
    outer loop
      vertex 1.4256104387013888 -3.773615200416725 5.1
      vertex 1.5216904260722457 -4.005572809000084 10
      vertex 1.4256104387013888 -3.773615200416725 10
    endloop
  endfacet
  facet normal 0.07845909572785338 -0.9969173337331274 0
    outer loop
      vertex -0.15000000000000036 -8.911805256023692 -7.4
      vertex -0.2502951440643694 -8.91969865504778 -10.5
      vertex -0.15000000000000036 -8.911805256023692 -10.5
    endloop
  endfacet
  facet normal 0.8526401643540915 0.52249856471595 8.960432776340373e-19
    outer loop
      vertex -1.294427190999916 -11.440456403667957 -10.5
      vertex -1.4256104387013888 -11.226384799583276 -10.5
      vertex -1.4256104387013888 -11.226384799583276 -4.5
    endloop
  endfacet
  facet normal 0.9238795325112873 0.38268343236508856 -8.402288189782757e-19
    outer loop
      vertex -1.4256104387013888 -11.226384799583276 -10.5
      vertex -1.5216904260722457 -10.994427190999916 -10.5
      vertex -1.5216904260722457 -10.994427190999916 -4.5
    endloop
  endfacet
  facet normal 0.7604059656000302 0.6494480483301847 -1.0429775826740207e-19
    outer loop
      vertex -1.1313708498984762 -11.631370849898476 -10.5
      vertex -1.294427190999916 -11.440456403667957 -10.5
      vertex -1.294427190999916 -11.440456403667957 -4.5
    endloop
  endfacet
  facet normal 0.5224985647159516 0.8526401643540905 0
    outer loop
      vertex -0.940456403667957 -11.794427190999915 -10.5
      vertex -0.940456403667957 -11.794427190999915 -4.5
      vertex -0.726384799583275 -11.925610438701389 -10.5
    endloop
  endfacet
  facet normal 0.38268343236508795 0.9238795325112875 0
    outer loop
      vertex -0.726384799583275 -11.925610438701389 -10.5
      vertex -0.726384799583275 -11.925610438701389 -4.5
      vertex -0.49442719099991583 -12.021690426072245 -10.5
    endloop
  endfacet
  facet normal 0.6494480483301829 0.7604059656000318 0
    outer loop
      vertex -1.1313708498984762 -11.631370849898476 -10.5
      vertex -1.1313708498984762 -11.631370849898476 -4.5
      vertex -0.940456403667957 -11.794427190999915 -10.5
    endloop
  endfacet
  facet normal 0.2334453638559053 0.9723699203976766 0
    outer loop
      vertex -0.49442719099991583 -12.021690426072245 -10.5
      vertex -0.49442719099991583 -12.021690426072245 -4.5
      vertex -0.2502951440643694 -12.08030134495222 -10.5
    endloop
  endfacet
  facet normal 0.07845909572785338 0.9969173337331273 0
    outer loop
      vertex -0.2502951440643694 -12.08030134495222 -10.5
      vertex -0.2502951440643694 -12.08030134495222 -4.5
      vertex -0.15000000000000036 -12.088194743976308 -10.5
    endloop
  endfacet
  facet normal 0.9723699203976766 0.2334453638559052 -4.83305836585924e-19
    outer loop
      vertex -1.5216904260722457 -10.994427190999916 -10.5
      vertex -1.5803013449522205 -10.750295144064369 -10.5
      vertex -1.5803013449522205 -10.750295144064369 -4.5
    endloop
  endfacet
  facet normal 0.9969173337331281 0.07845909572784486 1.3338738673584712e-19
    outer loop
      vertex -1.5803013449522205 -10.750295144064369 -10.5
      vertex -1.6 -10.5 -10.5
      vertex -1.6 -10.5 -4.5
    endloop
  endfacet
  facet normal 0.9969173337331281 -0.07845909572784486 -1.3338738673584712e-19
    outer loop
      vertex -1.6 -10.5 -10.5
      vertex -1.5803013449522205 -10.249704855935631 -10.5
      vertex -1.5803013449522205 -10.249704855935631 -4.5
    endloop
  endfacet
  facet normal 0.9723699203976766 -0.2334453638559052 4.83305836585924e-19
    outer loop
      vertex -1.5803013449522205 -10.249704855935631 -10.5
      vertex -1.5216904260722457 -10.005572809000084 -10.5
      vertex -1.5216904260722457 -10.005572809000084 -4.5
    endloop
  endfacet
  facet normal 0.9238795325112873 -0.38268343236508856 8.402288189782757e-19
    outer loop
      vertex -1.5216904260722457 -10.005572809000084 -10.5
      vertex -1.4256104387013888 -9.773615200416724 -10.5
      vertex -1.4256104387013888 -9.773615200416724 -4.5
    endloop
  endfacet
  facet normal 0.8526401643540915 -0.52249856471595 -8.960432776340373e-19
    outer loop
      vertex -1.4256104387013888 -9.773615200416724 -10.5
      vertex -1.294427190999916 -9.559543596332043 -10.5
      vertex -1.294427190999916 -9.559543596332043 -4.5
    endloop
  endfacet
  facet normal 0.7604059656000302 -0.6494480483301847 1.0429775826740207e-19
    outer loop
      vertex -1.294427190999916 -9.559543596332043 -10.5
      vertex -1.1313708498984762 -9.368629150101524 -10.5
      vertex -1.1313708498984762 -9.368629150101524 -4.5
    endloop
  endfacet
  facet normal 0.6494480483301829 -0.7604059656000318 0
    outer loop
      vertex -0.940456403667957 -9.205572809000085 -10.5
      vertex -0.940456403667957 -9.205572809000085 -4.5
      vertex -1.1313708498984762 -9.368629150101524 -10.5
    endloop
  endfacet
  facet normal 0.5224985647159516 -0.8526401643540905 0
    outer loop
      vertex -0.726384799583275 -9.074389561298611 -10.5
      vertex -0.726384799583275 -9.074389561298611 -4.5
      vertex -0.940456403667957 -9.205572809000085 -10.5
    endloop
  endfacet
  facet normal 0.38268343236508795 -0.9238795325112875 0
    outer loop
      vertex -0.49442719099991583 -8.978309573927755 -10.5
      vertex -0.49442719099991583 -8.978309573927755 -4.5
      vertex -0.726384799583275 -9.074389561298611 -10.5
    endloop
  endfacet
  facet normal 0.2334453638559053 -0.9723699203976766 0
    outer loop
      vertex -0.2502951440643694 -8.91969865504778 -10.5
      vertex -0.2502951440643694 -8.91969865504778 -4.5
      vertex -0.49442719099991583 -8.978309573927755 -10.5
    endloop
  endfacet
  facet normal 0.07845909572785338 0.9969173337331274 0
    outer loop
      vertex -0.15000000000000036 -12.088194743976308 -7.4
      vertex -0.15000000000000036 -12.088194743976308 -10.5
      vertex -0.2502951440643694 -12.08030134495222 -4.5
    endloop
  endfacet
  facet normal 0.07845909572785338 -0.9969173337331273 2.6741329264653095e-20
    outer loop
      vertex -0.15000000000000036 -8.911805256023692 -7.4
      vertex -0.2502951440643694 -8.91969865504778 -4.5
      vertex -0.2502951440643694 -8.91969865504778 -10.5
    endloop
  endfacet
  facet normal 0.9238795325112873 0.38268343236508856 0
    outer loop
      vertex -1.4256104387013888 -11.226384799583276 -10.5
      vertex -1.5216904260722457 -10.994427190999916 -4.5
      vertex -1.4256104387013888 -11.226384799583276 -4.5
    endloop
  endfacet
  facet normal 0.8526401643540915 0.52249856471595 0
    outer loop
      vertex -1.294427190999916 -11.440456403667957 -10.5
      vertex -1.4256104387013888 -11.226384799583276 -4.5
      vertex -1.294427190999916 -11.440456403667957 -4.5
    endloop
  endfacet
  facet normal 0.7604059656000302 0.6494480483301847 0
    outer loop
      vertex -1.1313708498984762 -11.631370849898476 -10.5
      vertex -1.294427190999916 -11.440456403667957 -4.5
      vertex -1.1313708498984762 -11.631370849898476 -4.5
    endloop
  endfacet
  facet normal 0.6494480483301829 0.7604059656000318 0
    outer loop
      vertex -0.940456403667957 -11.794427190999915 -10.5
      vertex -1.1313708498984762 -11.631370849898476 -4.5
      vertex -0.940456403667957 -11.794427190999915 -4.5
    endloop
  endfacet
  facet normal 0.5224985647159516 0.8526401643540905 0
    outer loop
      vertex -0.726384799583275 -11.925610438701389 -10.5
      vertex -0.940456403667957 -11.794427190999915 -4.5
      vertex -0.726384799583275 -11.925610438701389 -4.5
    endloop
  endfacet
  facet normal 0.38268343236508795 0.9238795325112875 0
    outer loop
      vertex -0.49442719099991583 -12.021690426072245 -10.5
      vertex -0.726384799583275 -11.925610438701389 -4.5
      vertex -0.49442719099991583 -12.021690426072245 -4.5
    endloop
  endfacet
  facet normal 0.2334453638559053 0.9723699203976766 0
    outer loop
      vertex -0.2502951440643694 -12.08030134495222 -10.5
      vertex -0.49442719099991583 -12.021690426072245 -4.5
      vertex -0.2502951440643694 -12.08030134495222 -4.5
    endloop
  endfacet
  facet normal 0.07845909572783881 0.9969173337331285 -5.067886199902248e-16
    outer loop
      vertex -0.15000000000000036 -12.088194743976308 -7.4
      vertex -0.2502951440643694 -12.08030134495222 -4.5
      vertex 0 -12.1 -7.4
    endloop
  endfacet
  facet normal -0.07845909572784464 0.996917333733128 0
    outer loop
      vertex 0 -12.1 -7.4
      vertex 0 -12.1 -4.5
      vertex 0.2502951440643694 -12.08030134495222 -7.4
    endloop
  endfacet
  facet normal 0.9723699203976766 0.2334453638559052 0
    outer loop
      vertex -1.5216904260722457 -10.994427190999916 -10.5
      vertex -1.5803013449522205 -10.750295144064369 -4.5
      vertex -1.5216904260722457 -10.994427190999916 -4.5
    endloop
  endfacet
  facet normal 0.9969173337331281 0.07845909572784486 0
    outer loop
      vertex -1.5803013449522205 -10.750295144064369 -10.5
      vertex -1.6 -10.5 -4.5
      vertex -1.5803013449522205 -10.750295144064369 -4.5
    endloop
  endfacet
  facet normal 0.9969173337331281 -0.07845909572784486 0
    outer loop
      vertex -1.6 -10.5 -10.5
      vertex -1.5803013449522205 -10.249704855935631 -4.5
      vertex -1.6 -10.5 -4.5
    endloop
  endfacet
  facet normal 0.9723699203976766 -0.2334453638559052 0
    outer loop
      vertex -1.5803013449522205 -10.249704855935631 -10.5
      vertex -1.5216904260722457 -10.005572809000084 -4.5
      vertex -1.5803013449522205 -10.249704855935631 -4.5
    endloop
  endfacet
  facet normal 0.9238795325112873 -0.38268343236508856 0
    outer loop
      vertex -1.5216904260722457 -10.005572809000084 -10.5
      vertex -1.4256104387013888 -9.773615200416724 -4.5
      vertex -1.5216904260722457 -10.005572809000084 -4.5
    endloop
  endfacet
  facet normal 0.8526401643540915 -0.52249856471595 0
    outer loop
      vertex -1.4256104387013888 -9.773615200416724 -10.5
      vertex -1.294427190999916 -9.559543596332043 -4.5
      vertex -1.4256104387013888 -9.773615200416724 -4.5
    endloop
  endfacet
  facet normal 0.7604059656000302 -0.6494480483301847 0
    outer loop
      vertex -1.294427190999916 -9.559543596332043 -10.5
      vertex -1.1313708498984762 -9.368629150101524 -4.5
      vertex -1.294427190999916 -9.559543596332043 -4.5
    endloop
  endfacet
  facet normal 0.6494480483301829 -0.7604059656000318 0
    outer loop
      vertex -1.1313708498984762 -9.368629150101524 -10.5
      vertex -0.940456403667957 -9.205572809000085 -4.5
      vertex -1.1313708498984762 -9.368629150101524 -4.5
    endloop
  endfacet
  facet normal 0.5224985647159516 -0.8526401643540905 0
    outer loop
      vertex -0.940456403667957 -9.205572809000085 -10.5
      vertex -0.726384799583275 -9.074389561298611 -4.5
      vertex -0.940456403667957 -9.205572809000085 -4.5
    endloop
  endfacet
  facet normal 0.38268343236508795 -0.9238795325112875 0
    outer loop
      vertex -0.726384799583275 -9.074389561298611 -10.5
      vertex -0.49442719099991583 -8.978309573927755 -4.5
      vertex -0.726384799583275 -9.074389561298611 -4.5
    endloop
  endfacet
  facet normal 0.2334453638559053 -0.9723699203976766 0
    outer loop
      vertex -0.49442719099991583 -8.978309573927755 -10.5
      vertex -0.2502951440643694 -8.91969865504778 -4.5
      vertex -0.49442719099991583 -8.978309573927755 -4.5
    endloop
  endfacet
  facet normal 0.07845909572783881 -0.9969173337331285 -2.2773521666116676e-19
    outer loop
      vertex -0.15000000000000036 -8.911805256023692 -7.4
      vertex 0 -8.9 -7.4
      vertex 0 -8.9 -4.5
    endloop
  endfacet
  facet normal -0.23344536385590528 0.9723699203976766 0
    outer loop
      vertex 0.2502951440643694 -12.08030134495222 -7.4
      vertex 0.2502951440643694 -12.08030134495222 -4.5
      vertex 0.49442719099991583 -12.021690426072245 -7.4
    endloop
  endfacet
  facet normal -0.38268343236508795 0.9238795325112874 0
    outer loop
      vertex 0.49442719099991583 -12.021690426072245 -7.4
      vertex 0.49442719099991583 -12.021690426072245 -4.5
      vertex 0.726384799583275 -11.925610438701389 -7.4
    endloop
  endfacet
  facet normal -0.5224985647159517 0.8526401643540905 0
    outer loop
      vertex 0.726384799583275 -11.925610438701389 -7.4
      vertex 0.726384799583275 -11.925610438701389 -4.5
      vertex 0.940456403667957 -11.794427190999915 -7.4
    endloop
  endfacet
  facet normal -0.6494480483301829 0.7604059656000317 0
    outer loop
      vertex 0.940456403667957 -11.794427190999915 -7.4
      vertex 0.940456403667957 -11.794427190999915 -4.5
      vertex 1.1313708498984762 -11.631370849898476 -7.4
    endloop
  endfacet
  facet normal -0.7604059656000302 0.6494480483301847 0
    outer loop
      vertex 1.1313708498984762 -11.631370849898476 -7.4
      vertex 1.1313708498984762 -11.631370849898476 -4.5
      vertex 1.294427190999916 -11.440456403667957 -7.4
    endloop
  endfacet
  facet normal -0.8526401643540915 0.52249856471595 0
    outer loop
      vertex 1.294427190999916 -11.440456403667957 -7.4
      vertex 1.294427190999916 -11.440456403667957 -4.5
      vertex 1.4256104387013888 -11.226384799583276 -7.4
    endloop
  endfacet
  facet normal -0.9238795325112873 0.38268343236508856 0
    outer loop
      vertex 1.4256104387013888 -11.226384799583276 -7.4
      vertex 1.4256104387013888 -11.226384799583276 -4.5
      vertex 1.5216904260722457 -10.994427190999916 -7.4
    endloop
  endfacet
  facet normal -0.7604059656000302 -0.6494480483301847 -2.1578846538083185e-19
    outer loop
      vertex 1.1313708498984762 -9.368629150101524 -7.4
      vertex 1.294427190999916 -9.559543596332043 -7.4
      vertex 1.294427190999916 -9.559543596332043 -4.5
    endloop
  endfacet
  facet normal -0.07845909572784464 -0.996917333733128 4.333960352316185e-19
    outer loop
      vertex 0 -8.9 -7.4
      vertex 0.2502951440643694 -8.91969865504778 -7.4
      vertex 0.2502951440643694 -8.91969865504778 -4.5
    endloop
  endfacet
  facet normal -0.23344536385590528 -0.9723699203976766 1.107028033509178e-18
    outer loop
      vertex 0.2502951440643694 -8.91969865504778 -7.4
      vertex 0.49442719099991583 -8.978309573927755 -7.4
      vertex 0.49442719099991583 -8.978309573927755 -4.5
    endloop
  endfacet
  facet normal -0.38268343236508795 -0.9238795325112874 -2.1203410050027407e-18
    outer loop
      vertex 0.49442719099991583 -8.978309573927755 -7.4
      vertex 0.726384799583275 -9.074389561298611 -7.4
      vertex 0.726384799583275 -9.074389561298611 -4.5
    endloop
  endfacet
  facet normal -0.5224985647159517 -0.8526401643540905 -1.918383670726158e-18
    outer loop
      vertex 0.726384799583275 -9.074389561298611 -7.4
      vertex 0.940456403667957 -9.205572809000085 -7.4
      vertex 0.940456403667957 -9.205572809000085 -4.5
    endloop
  endfacet
  facet normal -0.6494480483301829 -0.7604059656000317 -6.365101718937587e-19
    outer loop
      vertex 0.940456403667957 -9.205572809000085 -7.4
      vertex 1.1313708498984762 -9.368629150101524 -7.4
      vertex 1.1313708498984762 -9.368629150101524 -4.5
    endloop
  endfacet
  facet normal -0.9723699203976767 0.2334453638559052 0
    outer loop
      vertex 1.5216904260722457 -10.994427190999916 -7.4
      vertex 1.5216904260722457 -10.994427190999916 -4.5
      vertex 1.5803013449522205 -10.750295144064369 -7.4
    endloop
  endfacet
  facet normal -0.9969173337331279 0.07845909572784483 0
    outer loop
      vertex 1.5803013449522205 -10.750295144064369 -7.4
      vertex 1.5803013449522205 -10.750295144064369 -4.5
      vertex 1.6 -10.5 -7.4
    endloop
  endfacet
  facet normal -0.9969173337331279 -0.07845909572784483 2.7597390359140773e-19
    outer loop
      vertex 1.5803013449522205 -10.249704855935631 -7.4
      vertex 1.6 -10.5 -7.4
      vertex 1.6 -10.5 -4.5
    endloop
  endfacet
  facet normal -0.9238795325112873 -0.38268343236508856 -1.7384044530585014e-18
    outer loop
      vertex 1.4256104387013888 -9.773615200416724 -7.4
      vertex 1.5216904260722457 -10.005572809000084 -7.4
      vertex 1.5216904260722457 -10.005572809000084 -4.5
    endloop
  endfacet
  facet normal -0.9723699203976767 -0.2334453638559052 -9.999431101777738e-19
    outer loop
      vertex 1.5216904260722457 -10.005572809000084 -7.4
      vertex 1.5803013449522205 -10.249704855935631 -7.4
      vertex 1.5803013449522205 -10.249704855935631 -4.5
    endloop
  endfacet
  facet normal -0.8526401643540915 -0.52249856471595 1.853882643380767e-18
    outer loop
      vertex 1.294427190999916 -9.559543596332043 -7.4
      vertex 1.4256104387013888 -9.773615200416724 -7.4
      vertex 1.4256104387013888 -9.773615200416724 -4.5
    endloop
  endfacet
  facet normal 0.07845909572784464 0.996917333733128 0
    outer loop
      vertex 0 -12.1 -7.4
      vertex -0.2502951440643694 -12.08030134495222 -4.5
      vertex 0 -12.1 -4.5
    endloop
  endfacet
  facet normal 0.07845909572784464 -0.996917333733128 -3.0369334446597716e-16
    outer loop
      vertex -0.15000000000000036 -8.911805256023692 -7.4
      vertex 0 -8.9 -4.5
      vertex -0.2502951440643694 -8.91969865504778 -4.5
    endloop
  endfacet
  facet normal -0.07845909572784464 -0.996917333733128 0
    outer loop
      vertex 0 -8.9 -7.4
      vertex 0.2502951440643694 -8.91969865504778 -4.5
      vertex 0 -8.9 -4.5
    endloop
  endfacet
  facet normal -0.07845909572784464 0.996917333733128 0
    outer loop
      vertex 0.2502951440643694 -12.08030134495222 -7.4
      vertex 0 -12.1 -4.5
      vertex 0.2502951440643694 -12.08030134495222 -4.5
    endloop
  endfacet
  facet normal -0.23344536385590528 0.9723699203976766 0
    outer loop
      vertex 0.49442719099991583 -12.021690426072245 -7.4
      vertex 0.2502951440643694 -12.08030134495222 -4.5
      vertex 0.49442719099991583 -12.021690426072245 -4.5
    endloop
  endfacet
  facet normal -0.38268343236508795 0.9238795325112874 0
    outer loop
      vertex 0.726384799583275 -11.925610438701389 -7.4
      vertex 0.49442719099991583 -12.021690426072245 -4.5
      vertex 0.726384799583275 -11.925610438701389 -4.5
    endloop
  endfacet
  facet normal -0.5224985647159517 0.8526401643540905 0
    outer loop
      vertex 0.940456403667957 -11.794427190999915 -7.4
      vertex 0.726384799583275 -11.925610438701389 -4.5
      vertex 0.940456403667957 -11.794427190999915 -4.5
    endloop
  endfacet
  facet normal -0.6494480483301829 0.7604059656000317 0
    outer loop
      vertex 1.1313708498984762 -11.631370849898476 -7.4
      vertex 0.940456403667957 -11.794427190999915 -4.5
      vertex 1.1313708498984762 -11.631370849898476 -4.5
    endloop
  endfacet
  facet normal -0.7604059656000302 0.6494480483301847 0
    outer loop
      vertex 1.294427190999916 -11.440456403667957 -7.4
      vertex 1.1313708498984762 -11.631370849898476 -4.5
      vertex 1.294427190999916 -11.440456403667957 -4.5
    endloop
  endfacet
  facet normal -0.8526401643540915 0.52249856471595 0
    outer loop
      vertex 1.4256104387013888 -11.226384799583276 -7.4
      vertex 1.294427190999916 -11.440456403667957 -4.5
      vertex 1.4256104387013888 -11.226384799583276 -4.5
    endloop
  endfacet
  facet normal -0.9238795325112873 0.38268343236508856 0
    outer loop
      vertex 1.5216904260722457 -10.994427190999916 -7.4
      vertex 1.4256104387013888 -11.226384799583276 -4.5
      vertex 1.5216904260722457 -10.994427190999916 -4.5
    endloop
  endfacet
  facet normal -0.7604059656000302 -0.6494480483301847 0
    outer loop
      vertex 1.1313708498984762 -9.368629150101524 -7.4
      vertex 1.294427190999916 -9.559543596332043 -4.5
      vertex 1.1313708498984762 -9.368629150101524 -4.5
    endloop
  endfacet
  facet normal -0.8526401643540915 -0.52249856471595 0
    outer loop
      vertex 1.294427190999916 -9.559543596332043 -7.4
      vertex 1.4256104387013888 -9.773615200416724 -4.5
      vertex 1.294427190999916 -9.559543596332043 -4.5
    endloop
  endfacet
  facet normal -0.23344536385590528 -0.9723699203976766 0
    outer loop
      vertex 0.2502951440643694 -8.91969865504778 -7.4
      vertex 0.49442719099991583 -8.978309573927755 -4.5
      vertex 0.2502951440643694 -8.91969865504778 -4.5
    endloop
  endfacet
  facet normal -0.38268343236508795 -0.9238795325112874 0
    outer loop
      vertex 0.49442719099991583 -8.978309573927755 -7.4
      vertex 0.726384799583275 -9.074389561298611 -4.5
      vertex 0.49442719099991583 -8.978309573927755 -4.5
    endloop
  endfacet
  facet normal -0.5224985647159517 -0.8526401643540905 0
    outer loop
      vertex 0.726384799583275 -9.074389561298611 -7.4
      vertex 0.940456403667957 -9.205572809000085 -4.5
      vertex 0.726384799583275 -9.074389561298611 -4.5
    endloop
  endfacet
  facet normal -0.6494480483301829 -0.7604059656000317 0
    outer loop
      vertex 0.940456403667957 -9.205572809000085 -7.4
      vertex 1.1313708498984762 -9.368629150101524 -4.5
      vertex 0.940456403667957 -9.205572809000085 -4.5
    endloop
  endfacet
  facet normal -0.9723699203976767 0.2334453638559052 0
    outer loop
      vertex 1.5803013449522205 -10.750295144064369 -7.4
      vertex 1.5216904260722457 -10.994427190999916 -4.5
      vertex 1.5803013449522205 -10.750295144064369 -4.5
    endloop
  endfacet
  facet normal -0.9969173337331279 0.07845909572784483 0
    outer loop
      vertex 1.6 -10.5 -7.4
      vertex 1.5803013449522205 -10.750295144064369 -4.5
      vertex 1.6 -10.5 -4.5
    endloop
  endfacet
  facet normal -0.9969173337331279 -0.07845909572784483 0
    outer loop
      vertex 1.5803013449522205 -10.249704855935631 -7.4
      vertex 1.6 -10.5 -4.5
      vertex 1.5803013449522205 -10.249704855935631 -4.5
    endloop
  endfacet
  facet normal -0.9238795325112873 -0.38268343236508856 0
    outer loop
      vertex 1.4256104387013888 -9.773615200416724 -7.4
      vertex 1.5216904260722457 -10.005572809000084 -4.5
      vertex 1.4256104387013888 -9.773615200416724 -4.5
    endloop
  endfacet
  facet normal -0.9723699203976767 -0.2334453638559052 0
    outer loop
      vertex 1.5216904260722457 -10.005572809000084 -7.4
      vertex 1.5803013449522205 -10.249704855935631 -4.5
      vertex 1.5216904260722457 -10.005572809000084 -4.5
    endloop
  endfacet
  facet normal -0.07845909572784465 0.9969173337331279 -2.5649969432075384e-19
    outer loop
      vertex 0.2502951440643694 -12.08030134495222 5.1
      vertex 0 -12.1 5.1
      vertex 0 -12.1 10
    endloop
  endfacet
  facet normal -0.23344536385590534 0.9723699203976766 0
    outer loop
      vertex 0.2502951440643694 -12.08030134495222 5.1
      vertex 0.2502951440643694 -12.08030134495222 10
      vertex 0.49442719099991583 -12.021690426072245 5.1
    endloop
  endfacet
  facet normal -0.38268343236508795 0.9238795325112874 0
    outer loop
      vertex 0.49442719099991583 -12.021690426072245 5.1
      vertex 0.49442719099991583 -12.021690426072245 10
      vertex 0.726384799583275 -11.925610438701389 5.1
    endloop
  endfacet
  facet normal -0.5224985647159516 0.8526401643540905 0
    outer loop
      vertex 0.726384799583275 -11.925610438701389 5.1
      vertex 0.726384799583275 -11.925610438701389 10
      vertex 0.940456403667957 -11.794427190999915 5.1
    endloop
  endfacet
  facet normal -0.6494480483301829 0.7604059656000317 0
    outer loop
      vertex 0.940456403667957 -11.794427190999915 5.1
      vertex 0.940456403667957 -11.794427190999915 10
      vertex 1.1313708498984762 -11.631370849898476 5.1
    endloop
  endfacet
  facet normal -0.7604059656000302 0.6494480483301847 0
    outer loop
      vertex 1.1313708498984762 -11.631370849898476 5.1
      vertex 1.1313708498984762 -11.631370849898476 10
      vertex 1.294427190999916 -11.440456403667957 5.1
    endloop
  endfacet
  facet normal -0.8526401643540916 0.5224985647159501 0
    outer loop
      vertex 1.294427190999916 -11.440456403667957 5.1
      vertex 1.294427190999916 -11.440456403667957 10
      vertex 1.4256104387013888 -11.226384799583276 5.1
    endloop
  endfacet
  facet normal -0.9238795325112873 0.3826834323650885 0
    outer loop
      vertex 1.4256104387013888 -11.226384799583276 5.1
      vertex 1.4256104387013888 -11.226384799583276 10
      vertex 1.5216904260722457 -10.994427190999916 5.1
    endloop
  endfacet
  facet normal -0.7604059656000302 -0.6494480483301847 -1.2771154073559436e-19
    outer loop
      vertex 1.1313708498984762 -9.368629150101524 5.1
      vertex 1.294427190999916 -9.559543596332043 5.1
      vertex 1.294427190999916 -9.559543596332043 10
    endloop
  endfacet
  facet normal -0.07845909572784465 -0.9969173337331279 0
    outer loop
      vertex 0.2502951440643694 -8.91969865504778 5.1
      vertex 0.2502951440643694 -8.91969865504778 10
      vertex 0 -8.9 5.1
    endloop
  endfacet
  facet normal -0.23344536385590534 -0.9723699203976766 6.551798565666566e-19
    outer loop
      vertex 0.2502951440643694 -8.91969865504778 5.1
      vertex 0.49442719099991583 -8.978309573927755 5.1
      vertex 0.49442719099991583 -8.978309573927755 10
    endloop
  endfacet
  facet normal -0.38268343236508795 -0.9238795325112874 -1.254895696838357e-18
    outer loop
      vertex 0.49442719099991583 -8.978309573927755 5.1
      vertex 0.726384799583275 -9.074389561298611 5.1
      vertex 0.726384799583275 -9.074389561298611 10
    endloop
  endfacet
  facet normal -0.5224985647159516 -0.8526401643540905 -1.1353699275726243e-18
    outer loop
      vertex 0.726384799583275 -9.074389561298611 5.1
      vertex 0.940456403667957 -9.205572809000085 5.1
      vertex 0.940456403667957 -9.205572809000085 10
    endloop
  endfacet
  facet normal -0.6494480483301829 -0.7604059656000317 -3.767101017330409e-19
    outer loop
      vertex 0.940456403667957 -9.205572809000085 5.1
      vertex 1.1313708498984762 -9.368629150101524 5.1
      vertex 1.1313708498984762 -9.368629150101524 10
    endloop
  endfacet
  facet normal -0.9723699203976767 0.23344536385590522 0
    outer loop
      vertex 1.5216904260722457 -10.994427190999916 5.1
      vertex 1.5216904260722457 -10.994427190999916 10
      vertex 1.5803013449522205 -10.750295144064369 5.1
    endloop
  endfacet
  facet normal -0.9969173337331279 0.07845909572784483 0
    outer loop
      vertex 1.5803013449522205 -10.750295144064369 5.1
      vertex 1.5803013449522205 -10.750295144064369 10
      vertex 1.6 -10.5 5.1
    endloop
  endfacet
  facet normal -0.9969173337331279 -0.07845909572784483 1.6333149396226173e-19
    outer loop
      vertex 1.5803013449522205 -10.249704855935631 5.1
      vertex 1.6 -10.5 5.1
      vertex 1.6 -10.5 10
    endloop
  endfacet
  facet normal -0.9238795325112873 -0.3826834323650885 -1.0288516150754395e-18
    outer loop
      vertex 1.4256104387013888 -9.773615200416724 5.1
      vertex 1.5216904260722457 -10.005572809000084 5.1
      vertex 1.5216904260722457 -10.005572809000084 10
    endloop
  endfacet
  facet normal -0.9723699203976767 -0.23344536385590522 -5.91803065207254e-19
    outer loop
      vertex 1.5216904260722457 -10.005572809000084 5.1
      vertex 1.5803013449522205 -10.249704855935631 5.1
      vertex 1.5803013449522205 -10.249704855935631 10
    endloop
  endfacet
  facet normal -0.8526401643540916 -0.5224985647159501 1.0971958501641274e-18
    outer loop
      vertex 1.294427190999916 -9.559543596332043 5.1
      vertex 1.4256104387013888 -9.773615200416724 5.1
      vertex 1.4256104387013888 -9.773615200416724 10
    endloop
  endfacet
  facet normal -0.07845909572784465 -0.9969173337331279 0
    outer loop
      vertex 0 -8.9 10
      vertex 0 -8.9 5.1
      vertex 0.2502951440643694 -8.91969865504778 10
    endloop
  endfacet
  facet normal -0.07845909572784465 0.9969173337331279 0
    outer loop
      vertex 0.2502951440643694 -12.08030134495222 5.1
      vertex 0 -12.1 10
      vertex 0.2502951440643694 -12.08030134495222 10
    endloop
  endfacet
  facet normal -0.23344536385590534 0.9723699203976766 0
    outer loop
      vertex 0.49442719099991583 -12.021690426072245 5.1
      vertex 0.2502951440643694 -12.08030134495222 10
      vertex 0.49442719099991583 -12.021690426072245 10
    endloop
  endfacet
  facet normal -0.38268343236508795 0.9238795325112874 0
    outer loop
      vertex 0.726384799583275 -11.925610438701389 5.1
      vertex 0.49442719099991583 -12.021690426072245 10
      vertex 0.726384799583275 -11.925610438701389 10
    endloop
  endfacet
  facet normal -0.5224985647159516 0.8526401643540905 0
    outer loop
      vertex 0.940456403667957 -11.794427190999915 5.1
      vertex 0.726384799583275 -11.925610438701389 10
      vertex 0.940456403667957 -11.794427190999915 10
    endloop
  endfacet
  facet normal -0.6494480483301829 0.7604059656000317 0
    outer loop
      vertex 1.1313708498984762 -11.631370849898476 5.1
      vertex 0.940456403667957 -11.794427190999915 10
      vertex 1.1313708498984762 -11.631370849898476 10
    endloop
  endfacet
  facet normal -0.7604059656000302 0.6494480483301847 0
    outer loop
      vertex 1.294427190999916 -11.440456403667957 5.1
      vertex 1.1313708498984762 -11.631370849898476 10
      vertex 1.294427190999916 -11.440456403667957 10
    endloop
  endfacet
  facet normal -0.8526401643540916 0.5224985647159501 0
    outer loop
      vertex 1.4256104387013888 -11.226384799583276 5.1
      vertex 1.294427190999916 -11.440456403667957 10
      vertex 1.4256104387013888 -11.226384799583276 10
    endloop
  endfacet
  facet normal -0.9238795325112873 0.3826834323650885 0
    outer loop
      vertex 1.5216904260722457 -10.994427190999916 5.1
      vertex 1.4256104387013888 -11.226384799583276 10
      vertex 1.5216904260722457 -10.994427190999916 10
    endloop
  endfacet
  facet normal -0.7604059656000302 -0.6494480483301847 0
    outer loop
      vertex 1.1313708498984762 -9.368629150101524 5.1
      vertex 1.294427190999916 -9.559543596332043 10
      vertex 1.1313708498984762 -9.368629150101524 10
    endloop
  endfacet
  facet normal -0.8526401643540916 -0.5224985647159501 0
    outer loop
      vertex 1.294427190999916 -9.559543596332043 5.1
      vertex 1.4256104387013888 -9.773615200416724 10
      vertex 1.294427190999916 -9.559543596332043 10
    endloop
  endfacet
  facet normal -0.23344536385590534 -0.9723699203976766 0
    outer loop
      vertex 0.2502951440643694 -8.91969865504778 5.1
      vertex 0.49442719099991583 -8.978309573927755 10
      vertex 0.2502951440643694 -8.91969865504778 10
    endloop
  endfacet
  facet normal -0.38268343236508795 -0.9238795325112874 0
    outer loop
      vertex 0.49442719099991583 -8.978309573927755 5.1
      vertex 0.726384799583275 -9.074389561298611 10
      vertex 0.49442719099991583 -8.978309573927755 10
    endloop
  endfacet
  facet normal -0.5224985647159516 -0.8526401643540905 0
    outer loop
      vertex 0.726384799583275 -9.074389561298611 5.1
      vertex 0.940456403667957 -9.205572809000085 10
      vertex 0.726384799583275 -9.074389561298611 10
    endloop
  endfacet
  facet normal -0.6494480483301829 -0.7604059656000317 0
    outer loop
      vertex 0.940456403667957 -9.205572809000085 5.1
      vertex 1.1313708498984762 -9.368629150101524 10
      vertex 0.940456403667957 -9.205572809000085 10
    endloop
  endfacet
  facet normal -0.9723699203976767 0.23344536385590522 0
    outer loop
      vertex 1.5803013449522205 -10.750295144064369 5.1
      vertex 1.5216904260722457 -10.994427190999916 10
      vertex 1.5803013449522205 -10.750295144064369 10
    endloop
  endfacet
  facet normal -0.9969173337331279 0.07845909572784483 0
    outer loop
      vertex 1.6 -10.5 5.1
      vertex 1.5803013449522205 -10.750295144064369 10
      vertex 1.6 -10.5 10
    endloop
  endfacet
  facet normal -0.9969173337331279 -0.07845909572784483 0
    outer loop
      vertex 1.5803013449522205 -10.249704855935631 5.1
      vertex 1.6 -10.5 10
      vertex 1.5803013449522205 -10.249704855935631 10
    endloop
  endfacet
  facet normal -0.9238795325112873 -0.3826834323650885 0
    outer loop
      vertex 1.4256104387013888 -9.773615200416724 5.1
      vertex 1.5216904260722457 -10.005572809000084 10
      vertex 1.4256104387013888 -9.773615200416724 10
    endloop
  endfacet
  facet normal -0.9723699203976767 -0.23344536385590522 0
    outer loop
      vertex 1.5216904260722457 -10.005572809000084 5.1
      vertex 1.5803013449522205 -10.249704855935631 10
      vertex 1.5216904260722457 -10.005572809000084 10
    endloop
  endfacet
  facet normal 0.0784590957278183 0.9969173337331302 0
    outer loop
      vertex -0.15000000000000036 170.41180525602368 -7.4
      vertex -0.15000000000000036 170.41180525602368 -10.5
      vertex -0.2502951440643694 170.41969865504777 -10.5
    endloop
  endfacet
  facet normal 0.0784590957278183 -0.9969173337331302 0
    outer loop
      vertex -0.15000000000000036 173.58819474397632 -7.4
      vertex -0.2502951440643694 173.58030134495223 -10.5
      vertex -0.15000000000000036 173.58819474397632 -10.5
    endloop
  endfacet
  facet normal 0.8526401643540741 0.5224985647159783 -2.7300571081058276e-19
    outer loop
      vertex -1.294427190999916 171.05954359633205 -10.5
      vertex -1.4256104387013888 171.2736152004167 -10.5
      vertex -1.4256104387013888 171.2736152004167 -4.5
    endloop
  endfacet
  facet normal 0.7604059656000361 0.6494480483301777 -3.449789881486255e-20
    outer loop
      vertex -1.1313708498984762 170.86862915010153 -10.5
      vertex -1.294427190999916 171.05954359633205 -10.5
      vertex -1.294427190999916 171.05954359633205 -4.5
    endloop
  endfacet
  facet normal 0.9238795325112945 0.3826834323650711 6.552422798996572e-19
    outer loop
      vertex -1.4256104387013888 171.2736152004167 -10.5
      vertex -1.5216904260722457 171.50557280900009 -10.5
      vertex -1.5216904260722457 171.50557280900009 -4.5
    endloop
  endfacet
  facet normal 0.9723699203976736 0.23344536385591805 -3.213421562057211e-19
    outer loop
      vertex -1.5216904260722457 171.50557280900009 -10.5
      vertex -1.5803013449522205 171.74970485593562 -10.5
      vertex -1.5803013449522205 171.74970485593562 -4.5
    endloop
  endfacet
  facet normal 0.9969173337331283 0.07845909572784097 -9.68773931544239e-20
    outer loop
      vertex -1.5803013449522205 171.74970485593562 -10.5
      vertex -1.6 172 -10.5
      vertex -1.6 172 -4.5
    endloop
  endfacet
  facet normal 0.9969173337331283 -0.07845909572784097 9.68773931544239e-20
    outer loop
      vertex -1.6 172 -10.5
      vertex -1.5803013449522205 172.25029514406438 -10.5
      vertex -1.5803013449522205 172.25029514406438 -4.5
    endloop
  endfacet
  facet normal 0.9723699203976736 -0.23344536385591805 3.213421562057211e-19
    outer loop
      vertex -1.5803013449522205 172.25029514406438 -10.5
      vertex -1.5216904260722457 172.49442719099991 -10.5
      vertex -1.5216904260722457 172.49442719099991 -4.5
    endloop
  endfacet
  facet normal 0.9238795325112945 -0.3826834323650711 -6.552422798996572e-19
    outer loop
      vertex -1.5216904260722457 172.49442719099991 -10.5
      vertex -1.4256104387013888 172.7263847995833 -10.5
      vertex -1.4256104387013888 172.7263847995833 -4.5
    endloop
  endfacet
  facet normal 0.6494480483302114 0.7604059656000073 0
    outer loop
      vertex -1.1313708498984762 170.86862915010153 -10.5
      vertex -1.1313708498984762 170.86862915010153 -4.5
      vertex -0.940456403667957 170.70557280900007 -10.5
    endloop
  endfacet
  facet normal 0.5224985647159465 0.8526401643540937 0
    outer loop
      vertex -0.940456403667957 170.70557280900007 -10.5
      vertex -0.940456403667957 170.70557280900007 -4.5
      vertex -0.726384799583275 170.5743895612986 -10.5
    endloop
  endfacet
  facet normal 0.38268343236503966 0.9238795325113075 0
    outer loop
      vertex -0.726384799583275 170.5743895612986 -10.5
      vertex -0.726384799583275 170.5743895612986 -4.5
      vertex -0.49442719099991583 170.47830957392776 -10.5
    endloop
  endfacet
  facet normal 0.2334453638559722 0.9723699203976606 0
    outer loop
      vertex -0.49442719099991583 170.47830957392776 -10.5
      vertex -0.49442719099991583 170.47830957392776 -4.5
      vertex -0.2502951440643694 170.41969865504777 -10.5
    endloop
  endfacet
  facet normal 0.8526401643540741 -0.5224985647159783 2.7300571081058276e-19
    outer loop
      vertex -1.4256104387013888 172.7263847995833 -10.5
      vertex -1.294427190999916 172.94045640366795 -10.5
      vertex -1.294427190999916 172.94045640366795 -4.5
    endloop
  endfacet
  facet normal 0.7604059656000361 -0.6494480483301777 3.449789881486255e-20
    outer loop
      vertex -1.294427190999916 172.94045640366795 -10.5
      vertex -1.1313708498984762 173.13137084989847 -10.5
      vertex -1.1313708498984762 173.13137084989847 -4.5
    endloop
  endfacet
  facet normal 0.6494480483302114 -0.7604059656000073 0
    outer loop
      vertex -0.940456403667957 173.29442719099993 -10.5
      vertex -0.940456403667957 173.29442719099993 -4.5
      vertex -1.1313708498984762 173.13137084989847 -10.5
    endloop
  endfacet
  facet normal 0.5224985647159465 -0.8526401643540937 0
    outer loop
      vertex -0.726384799583275 173.4256104387014 -10.5
      vertex -0.726384799583275 173.4256104387014 -4.5
      vertex -0.940456403667957 173.29442719099993 -10.5
    endloop
  endfacet
  facet normal 0.38268343236503966 -0.9238795325113075 0
    outer loop
      vertex -0.49442719099991583 173.52169042607224 -10.5
      vertex -0.49442719099991583 173.52169042607224 -4.5
      vertex -0.726384799583275 173.4256104387014 -10.5
    endloop
  endfacet
  facet normal 0.2334453638559722 -0.9723699203976606 0
    outer loop
      vertex -0.2502951440643694 173.58030134495223 -10.5
      vertex -0.2502951440643694 173.58030134495223 -4.5
      vertex -0.49442719099991583 173.52169042607224 -10.5
    endloop
  endfacet
  facet normal 0.07845909572781828 0.9969173337331301 5.79069081554351e-20
    outer loop
      vertex -0.15000000000000036 170.41180525602368 -7.4
      vertex -0.2502951440643694 170.41969865504777 -10.5
      vertex -0.2502951440643694 170.41969865504777 -4.5
    endloop
  endfacet
  facet normal 0.07845909572781828 -0.9969173337331301 -5.79069081554351e-20
    outer loop
      vertex -0.15000000000000036 173.58819474397632 -7.4
      vertex -0.2502951440643694 173.58030134495223 -4.5
      vertex -0.2502951440643694 173.58030134495223 -10.5
    endloop
  endfacet
  facet normal 0.8526401643540741 0.5224985647159783 0
    outer loop
      vertex -1.294427190999916 171.05954359633205 -10.5
      vertex -1.4256104387013888 171.2736152004167 -4.5
      vertex -1.294427190999916 171.05954359633205 -4.5
    endloop
  endfacet
  facet normal 0.7604059656000361 0.6494480483301777 0
    outer loop
      vertex -1.1313708498984762 170.86862915010153 -10.5
      vertex -1.294427190999916 171.05954359633205 -4.5
      vertex -1.1313708498984762 170.86862915010153 -4.5
    endloop
  endfacet
  facet normal 0.9723699203976736 0.23344536385591805 0
    outer loop
      vertex -1.5216904260722457 171.50557280900009 -10.5
      vertex -1.5803013449522205 171.74970485593562 -4.5
      vertex -1.5216904260722457 171.50557280900009 -4.5
    endloop
  endfacet
  facet normal 0.9238795325112945 0.3826834323650711 0
    outer loop
      vertex -1.4256104387013888 171.2736152004167 -10.5
      vertex -1.5216904260722457 171.50557280900009 -4.5
      vertex -1.4256104387013888 171.2736152004167 -4.5
    endloop
  endfacet
  facet normal 0.9969173337331283 0.07845909572784097 0
    outer loop
      vertex -1.5803013449522205 171.74970485593562 -10.5
      vertex -1.6 172 -4.5
      vertex -1.5803013449522205 171.74970485593562 -4.5
    endloop
  endfacet
  facet normal 0.9969173337331283 -0.07845909572784097 0
    outer loop
      vertex -1.6 172 -10.5
      vertex -1.5803013449522205 172.25029514406438 -4.5
      vertex -1.6 172 -4.5
    endloop
  endfacet
  facet normal 0.9723699203976736 -0.23344536385591805 0
    outer loop
      vertex -1.5803013449522205 172.25029514406438 -10.5
      vertex -1.5216904260722457 172.49442719099991 -4.5
      vertex -1.5803013449522205 172.25029514406438 -4.5
    endloop
  endfacet
  facet normal 0.9238795325112945 -0.3826834323650711 0
    outer loop
      vertex -1.5216904260722457 172.49442719099991 -10.5
      vertex -1.4256104387013888 172.7263847995833 -4.5
      vertex -1.5216904260722457 172.49442719099991 -4.5
    endloop
  endfacet
  facet normal 0.8526401643540741 -0.5224985647159783 0
    outer loop
      vertex -1.4256104387013888 172.7263847995833 -10.5
      vertex -1.294427190999916 172.94045640366795 -4.5
      vertex -1.4256104387013888 172.7263847995833 -4.5
    endloop
  endfacet
  facet normal 0.38268343236503966 0.9238795325113075 0
    outer loop
      vertex -0.49442719099991583 170.47830957392776 -10.5
      vertex -0.726384799583275 170.5743895612986 -4.5
      vertex -0.49442719099991583 170.47830957392776 -4.5
    endloop
  endfacet
  facet normal 0.6494480483302114 0.7604059656000073 0
    outer loop
      vertex -0.940456403667957 170.70557280900007 -10.5
      vertex -1.1313708498984762 170.86862915010153 -4.5
      vertex -0.940456403667957 170.70557280900007 -4.5
    endloop
  endfacet
  facet normal 0.5224985647159465 0.8526401643540937 0
    outer loop
      vertex -0.726384799583275 170.5743895612986 -10.5
      vertex -0.940456403667957 170.70557280900007 -4.5
      vertex -0.726384799583275 170.5743895612986 -4.5
    endloop
  endfacet
  facet normal 0.2334453638559722 0.9723699203976606 0
    outer loop
      vertex -0.2502951440643694 170.41969865504777 -10.5
      vertex -0.49442719099991583 170.47830957392776 -4.5
      vertex -0.2502951440643694 170.41969865504777 -4.5
    endloop
  endfacet
  facet normal 0.07845909572774495 0.9969173337331358 -2.5516973859654925e-15
    outer loop
      vertex -0.15000000000000036 170.41180525602368 -7.4
      vertex -0.2502951440643694 170.41969865504777 -4.5
      vertex 0 170.4 -7.4
    endloop
  endfacet
  facet normal -0.07845909572777432 0.9969173337331334 0
    outer loop
      vertex 0 170.4 -7.4
      vertex 0 170.4 -4.5
      vertex 0.2502951440643694 170.41969865504777 -7.4
    endloop
  endfacet
  facet normal 0.7604059656000361 -0.6494480483301777 0
    outer loop
      vertex -1.294427190999916 172.94045640366795 -10.5
      vertex -1.1313708498984762 173.13137084989847 -4.5
      vertex -1.294427190999916 172.94045640366795 -4.5
    endloop
  endfacet
  facet normal 0.6494480483302114 -0.7604059656000073 0
    outer loop
      vertex -1.1313708498984762 173.13137084989847 -10.5
      vertex -0.940456403667957 173.29442719099993 -4.5
      vertex -1.1313708498984762 173.13137084989847 -4.5
    endloop
  endfacet
  facet normal 0.5224985647159465 -0.8526401643540937 0
    outer loop
      vertex -0.940456403667957 173.29442719099993 -10.5
      vertex -0.726384799583275 173.4256104387014 -4.5
      vertex -0.940456403667957 173.29442719099993 -4.5
    endloop
  endfacet
  facet normal 0.38268343236503966 -0.9238795325113075 0
    outer loop
      vertex -0.726384799583275 173.4256104387014 -10.5
      vertex -0.49442719099991583 173.52169042607224 -4.5
      vertex -0.726384799583275 173.4256104387014 -4.5
    endloop
  endfacet
  facet normal 0.2334453638559722 -0.9723699203976606 0
    outer loop
      vertex -0.49442719099991583 173.52169042607224 -10.5
      vertex -0.2502951440643694 173.58030134495223 -4.5
      vertex -0.49442719099991583 173.52169042607224 -4.5
    endloop
  endfacet
  facet normal 0.07845909572774495 -0.9969173337331358 7.043304236779072e-20
    outer loop
      vertex -0.15000000000000036 173.58819474397632 -7.4
      vertex 0 173.6 -7.4
      vertex 0 173.6 -4.5
    endloop
  endfacet
  facet normal -0.23344536385597223 0.9723699203976607 0
    outer loop
      vertex 0.2502951440643694 170.41969865504777 -7.4
      vertex 0.2502951440643694 170.41969865504777 -4.5
      vertex 0.49442719099991583 170.47830957392776 -7.4
    endloop
  endfacet
  facet normal -0.38268343236503966 0.9238795325113076 0
    outer loop
      vertex 0.49442719099991583 170.47830957392776 -7.4
      vertex 0.49442719099991583 170.47830957392776 -4.5
      vertex 0.726384799583275 170.5743895612986 -7.4
    endloop
  endfacet
  facet normal -0.5224985647159465 0.8526401643540936 0
    outer loop
      vertex 0.726384799583275 170.5743895612986 -7.4
      vertex 0.726384799583275 170.5743895612986 -4.5
      vertex 0.940456403667957 170.70557280900007 -7.4
    endloop
  endfacet
  facet normal -0.6494480483302115 0.7604059656000072 0
    outer loop
      vertex 0.940456403667957 170.70557280900007 -7.4
      vertex 0.940456403667957 170.70557280900007 -4.5
      vertex 1.1313708498984762 170.86862915010153 -7.4
    endloop
  endfacet
  facet normal -0.760405965600036 0.6494480483301777 0
    outer loop
      vertex 1.1313708498984762 170.86862915010153 -7.4
      vertex 1.1313708498984762 170.86862915010153 -4.5
      vertex 1.294427190999916 171.05954359633205 -7.4
    endloop
  endfacet
  facet normal -0.8526401643540741 0.5224985647159783 0
    outer loop
      vertex 1.294427190999916 171.05954359633205 -7.4
      vertex 1.294427190999916 171.05954359633205 -4.5
      vertex 1.4256104387013888 171.2736152004167 -7.4
    endloop
  endfacet
  facet normal -0.9238795325112946 0.3826834323650711 0
    outer loop
      vertex 1.4256104387013888 171.2736152004167 -7.4
      vertex 1.4256104387013888 171.2736152004167 -4.5
      vertex 1.5216904260722457 171.50557280900009 -7.4
    endloop
  endfacet
  facet normal -0.9723699203976734 0.23344536385591802 0
    outer loop
      vertex 1.5216904260722457 171.50557280900009 -7.4
      vertex 1.5216904260722457 171.50557280900009 -4.5
      vertex 1.5803013449522205 171.74970485593562 -7.4
    endloop
  endfacet
  facet normal -0.9969173337331282 0.07845909572784097 0
    outer loop
      vertex 1.5803013449522205 171.74970485593562 -7.4
      vertex 1.5803013449522205 171.74970485593562 -4.5
      vertex 1.6 172 -7.4
    endloop
  endfacet
  facet normal -0.9969173337331282 -0.07845909572784097 -2.0043598583673907e-19
    outer loop
      vertex 1.5803013449522205 172.25029514406438 -7.4
      vertex 1.6 172 -7.4
      vertex 1.6 172 -4.5
    endloop
  endfacet
  facet normal -0.9723699203976734 -0.23344536385591802 -6.648458404256297e-19
    outer loop
      vertex 1.5216904260722457 172.49442719099991 -7.4
      vertex 1.5803013449522205 172.25029514406438 -7.4
      vertex 1.5803013449522205 172.25029514406438 -4.5
    endloop
  endfacet
  facet normal -0.9238795325112946 -0.3826834323650711 1.355673682551015e-18
    outer loop
      vertex 1.4256104387013888 172.7263847995833 -7.4
      vertex 1.5216904260722457 172.49442719099991 -7.4
      vertex 1.5216904260722457 172.49442719099991 -4.5
    endloop
  endfacet
  facet normal -0.8526401643540741 -0.5224985647159783 -5.6483940167706765e-19
    outer loop
      vertex 1.294427190999916 172.94045640366795 -7.4
      vertex 1.4256104387013888 172.7263847995833 -7.4
      vertex 1.4256104387013888 172.7263847995833 -4.5
    endloop
  endfacet
  facet normal -0.23344536385597223 -0.9723699203976607 -1.0662250277596405e-18
    outer loop
      vertex 0.2502951440643694 173.58030134495223 -7.4
      vertex 0.49442719099991583 173.52169042607224 -7.4
      vertex 0.49442719099991583 173.52169042607224 -4.5
    endloop
  endfacet
  facet normal -0.38268343236503966 -0.9238795325113076 -1.6516263827330746e-18
    outer loop
      vertex 0.49442719099991583 173.52169042607224 -7.4
      vertex 0.726384799583275 173.4256104387014 -7.4
      vertex 0.726384799583275 173.4256104387014 -4.5
    endloop
  endfacet
  facet normal -0.07845909572777432 -0.9969173337331334 4.864674868285892e-19
    outer loop
      vertex 0 173.6 -7.4
      vertex 0.2502951440643694 173.58030134495223 -7.4
      vertex 0.2502951440643694 173.58030134495223 -4.5
    endloop
  endfacet
  facet normal -0.5224985647159465 -0.8526401643540936 9.62867665205678e-19
    outer loop
      vertex 0.726384799583275 173.4256104387014 -7.4
      vertex 0.940456403667957 173.29442719099993 -7.4
      vertex 0.940456403667957 173.29442719099993 -4.5
    endloop
  endfacet
  facet normal -0.6494480483302115 -0.7604059656000072 -1.7676192435788194e-18
    outer loop
      vertex 0.940456403667957 173.29442719099993 -7.4
      vertex 1.1313708498984762 173.13137084989847 -7.4
      vertex 1.1313708498984762 173.13137084989847 -4.5
    endloop
  endfacet
  facet normal -0.760405965600036 -0.6494480483301777 -7.137496306523285e-20
    outer loop
      vertex 1.1313708498984762 173.13137084989847 -7.4
      vertex 1.294427190999916 172.94045640366795 -7.4
      vertex 1.294427190999916 172.94045640366795 -4.5
    endloop
  endfacet
  facet normal 0.07845909572777432 0.9969173337331334 0
    outer loop
      vertex 0 170.4 -7.4
      vertex -0.2502951440643694 170.41969865504777 -4.5
      vertex 0 170.4 -4.5
    endloop
  endfacet
  facet normal 0.07845909572777432 -0.9969173337331334 -1.5293280424965368e-15
    outer loop
      vertex -0.15000000000000036 173.58819474397632 -7.4
      vertex 0 173.6 -4.5
      vertex -0.2502951440643694 173.58030134495223 -4.5
    endloop
  endfacet
  facet normal -0.07845909572777432 -0.9969173337331334 0
    outer loop
      vertex 0 173.6 -7.4
      vertex 0.2502951440643694 173.58030134495223 -4.5
      vertex 0 173.6 -4.5
    endloop
  endfacet
  facet normal -0.07845909572777432 0.9969173337331334 0
    outer loop
      vertex 0.2502951440643694 170.41969865504777 -7.4
      vertex 0 170.4 -4.5
      vertex 0.2502951440643694 170.41969865504777 -4.5
    endloop
  endfacet
  facet normal -0.23344536385597223 0.9723699203976607 0
    outer loop
      vertex 0.49442719099991583 170.47830957392776 -7.4
      vertex 0.2502951440643694 170.41969865504777 -4.5
      vertex 0.49442719099991583 170.47830957392776 -4.5
    endloop
  endfacet
  facet normal -0.38268343236503966 0.9238795325113076 0
    outer loop
      vertex 0.726384799583275 170.5743895612986 -7.4
      vertex 0.49442719099991583 170.47830957392776 -4.5
      vertex 0.726384799583275 170.5743895612986 -4.5
    endloop
  endfacet
  facet normal -0.5224985647159465 0.8526401643540936 0
    outer loop
      vertex 0.940456403667957 170.70557280900007 -7.4
      vertex 0.726384799583275 170.5743895612986 -4.5
      vertex 0.940456403667957 170.70557280900007 -4.5
    endloop
  endfacet
  facet normal -0.6494480483302115 0.7604059656000072 0
    outer loop
      vertex 1.1313708498984762 170.86862915010153 -7.4
      vertex 0.940456403667957 170.70557280900007 -4.5
      vertex 1.1313708498984762 170.86862915010153 -4.5
    endloop
  endfacet
  facet normal -0.760405965600036 0.6494480483301777 0
    outer loop
      vertex 1.294427190999916 171.05954359633205 -7.4
      vertex 1.1313708498984762 170.86862915010153 -4.5
      vertex 1.294427190999916 171.05954359633205 -4.5
    endloop
  endfacet
  facet normal -0.8526401643540741 0.5224985647159783 0
    outer loop
      vertex 1.4256104387013888 171.2736152004167 -7.4
      vertex 1.294427190999916 171.05954359633205 -4.5
      vertex 1.4256104387013888 171.2736152004167 -4.5
    endloop
  endfacet
  facet normal -0.9238795325112946 0.3826834323650711 0
    outer loop
      vertex 1.5216904260722457 171.50557280900009 -7.4
      vertex 1.4256104387013888 171.2736152004167 -4.5
      vertex 1.5216904260722457 171.50557280900009 -4.5
    endloop
  endfacet
  facet normal -0.9723699203976734 0.23344536385591802 0
    outer loop
      vertex 1.5803013449522205 171.74970485593562 -7.4
      vertex 1.5216904260722457 171.50557280900009 -4.5
      vertex 1.5803013449522205 171.74970485593562 -4.5
    endloop
  endfacet
  facet normal -0.9969173337331282 0.07845909572784097 0
    outer loop
      vertex 1.6 172 -7.4
      vertex 1.5803013449522205 171.74970485593562 -4.5
      vertex 1.6 172 -4.5
    endloop
  endfacet
  facet normal -0.9969173337331282 -0.07845909572784097 0
    outer loop
      vertex 1.5803013449522205 172.25029514406438 -7.4
      vertex 1.6 172 -4.5
      vertex 1.5803013449522205 172.25029514406438 -4.5
    endloop
  endfacet
  facet normal -0.9723699203976734 -0.23344536385591802 0
    outer loop
      vertex 1.5216904260722457 172.49442719099991 -7.4
      vertex 1.5803013449522205 172.25029514406438 -4.5
      vertex 1.5216904260722457 172.49442719099991 -4.5
    endloop
  endfacet
  facet normal -0.9238795325112946 -0.3826834323650711 0
    outer loop
      vertex 1.4256104387013888 172.7263847995833 -7.4
      vertex 1.5216904260722457 172.49442719099991 -4.5
      vertex 1.4256104387013888 172.7263847995833 -4.5
    endloop
  endfacet
  facet normal -0.23344536385597223 -0.9723699203976607 0
    outer loop
      vertex 0.2502951440643694 173.58030134495223 -7.4
      vertex 0.49442719099991583 173.52169042607224 -4.5
      vertex 0.2502951440643694 173.58030134495223 -4.5
    endloop
  endfacet
  facet normal -0.38268343236503966 -0.9238795325113076 0
    outer loop
      vertex 0.49442719099991583 173.52169042607224 -7.4
      vertex 0.726384799583275 173.4256104387014 -4.5
      vertex 0.49442719099991583 173.52169042607224 -4.5
    endloop
  endfacet
  facet normal -0.5224985647159465 -0.8526401643540936 0
    outer loop
      vertex 0.726384799583275 173.4256104387014 -7.4
      vertex 0.940456403667957 173.29442719099993 -4.5
      vertex 0.726384799583275 173.4256104387014 -4.5
    endloop
  endfacet
  facet normal -0.6494480483302115 -0.7604059656000072 0
    outer loop
      vertex 0.940456403667957 173.29442719099993 -7.4
      vertex 1.1313708498984762 173.13137084989847 -4.5
      vertex 0.940456403667957 173.29442719099993 -4.5
    endloop
  endfacet
  facet normal -0.760405965600036 -0.6494480483301777 0
    outer loop
      vertex 1.1313708498984762 173.13137084989847 -7.4
      vertex 1.294427190999916 172.94045640366795 -4.5
      vertex 1.1313708498984762 173.13137084989847 -4.5
    endloop
  endfacet
  facet normal -0.8526401643540741 -0.5224985647159783 0
    outer loop
      vertex 1.294427190999916 172.94045640366795 -7.4
      vertex 1.4256104387013888 172.7263847995833 -4.5
      vertex 1.294427190999916 172.94045640366795 -4.5
    endloop
  endfacet
  facet normal 0.0784590957278183 0.9969173337331302 0
    outer loop
      vertex -0.15000000000000036 176.41180525602368 -7.4
      vertex -0.15000000000000036 176.41180525602368 -10.5
      vertex -0.2502951440643694 176.41969865504777 -10.5
    endloop
  endfacet
  facet normal 0.0784590957278183 -0.9969173337331302 0
    outer loop
      vertex -0.15000000000000036 179.58819474397632 -7.4
      vertex -0.2502951440643694 179.58030134495223 -10.5
      vertex -0.15000000000000036 179.58819474397632 -10.5
    endloop
  endfacet
  facet normal 0.8526401643540741 0.5224985647159783 -2.7300571081058276e-19
    outer loop
      vertex -1.294427190999916 177.05954359633205 -10.5
      vertex -1.4256104387013888 177.2736152004167 -10.5
      vertex -1.4256104387013888 177.2736152004167 -4.5
    endloop
  endfacet
  facet normal 0.7604059656000361 0.6494480483301777 -3.449789881486255e-20
    outer loop
      vertex -1.1313708498984762 176.86862915010153 -10.5
      vertex -1.294427190999916 177.05954359633205 -10.5
      vertex -1.294427190999916 177.05954359633205 -4.5
    endloop
  endfacet
  facet normal 0.9723699203976736 0.23344536385591805 -3.213421562057211e-19
    outer loop
      vertex -1.5216904260722457 177.50557280900009 -10.5
      vertex -1.5803013449522205 177.74970485593562 -10.5
      vertex -1.5803013449522205 177.74970485593562 -4.5
    endloop
  endfacet
  facet normal 0.9238795325112945 0.3826834323650711 6.552422798996572e-19
    outer loop
      vertex -1.4256104387013888 177.2736152004167 -10.5
      vertex -1.5216904260722457 177.50557280900009 -10.5
      vertex -1.5216904260722457 177.50557280900009 -4.5
    endloop
  endfacet
  facet normal 0.9969173337331283 0.07845909572784097 -9.68773931544239e-20
    outer loop
      vertex -1.5803013449522205 177.74970485593562 -10.5
      vertex -1.6 178 -10.5
      vertex -1.6 178 -4.5
    endloop
  endfacet
  facet normal 0.9969173337331283 -0.07845909572784097 9.68773931544239e-20
    outer loop
      vertex -1.6 178 -10.5
      vertex -1.5803013449522205 178.25029514406438 -10.5
      vertex -1.5803013449522205 178.25029514406438 -4.5
    endloop
  endfacet
  facet normal 0.9723699203976736 -0.23344536385591805 3.213421562057211e-19
    outer loop
      vertex -1.5803013449522205 178.25029514406438 -10.5
      vertex -1.5216904260722457 178.49442719099991 -10.5
      vertex -1.5216904260722457 178.49442719099991 -4.5
    endloop
  endfacet
  facet normal 0.9238795325112945 -0.3826834323650711 -6.552422798996572e-19
    outer loop
      vertex -1.5216904260722457 178.49442719099991 -10.5
      vertex -1.4256104387013888 178.7263847995833 -10.5
      vertex -1.4256104387013888 178.7263847995833 -4.5
    endloop
  endfacet
  facet normal 0.8526401643540741 -0.5224985647159783 2.7300571081058276e-19
    outer loop
      vertex -1.4256104387013888 178.7263847995833 -10.5
      vertex -1.294427190999916 178.94045640366795 -10.5
      vertex -1.294427190999916 178.94045640366795 -4.5
    endloop
  endfacet
  facet normal 0.38268343236503966 0.9238795325113075 0
    outer loop
      vertex -0.726384799583275 176.5743895612986 -10.5
      vertex -0.726384799583275 176.5743895612986 -4.5
      vertex -0.49442719099991583 176.47830957392776 -10.5
    endloop
  endfacet
  facet normal 0.6494480483302114 0.7604059656000073 0
    outer loop
      vertex -1.1313708498984762 176.86862915010153 -10.5
      vertex -1.1313708498984762 176.86862915010153 -4.5
      vertex -0.940456403667957 176.70557280900007 -10.5
    endloop
  endfacet
  facet normal 0.5224985647159465 0.8526401643540937 0
    outer loop
      vertex -0.940456403667957 176.70557280900007 -10.5
      vertex -0.940456403667957 176.70557280900007 -4.5
      vertex -0.726384799583275 176.5743895612986 -10.5
    endloop
  endfacet
  facet normal 0.2334453638559722 0.9723699203976606 0
    outer loop
      vertex -0.49442719099991583 176.47830957392776 -10.5
      vertex -0.49442719099991583 176.47830957392776 -4.5
      vertex -0.2502951440643694 176.41969865504777 -10.5
    endloop
  endfacet
  facet normal 0.7604059656000361 -0.6494480483301777 3.449789881486255e-20
    outer loop
      vertex -1.294427190999916 178.94045640366795 -10.5
      vertex -1.1313708498984762 179.13137084989847 -10.5
      vertex -1.1313708498984762 179.13137084989847 -4.5
    endloop
  endfacet
  facet normal 0.6494480483302114 -0.7604059656000073 0
    outer loop
      vertex -0.940456403667957 179.29442719099993 -10.5
      vertex -0.940456403667957 179.29442719099993 -4.5
      vertex -1.1313708498984762 179.13137084989847 -10.5
    endloop
  endfacet
  facet normal 0.5224985647159465 -0.8526401643540937 0
    outer loop
      vertex -0.726384799583275 179.4256104387014 -10.5
      vertex -0.726384799583275 179.4256104387014 -4.5
      vertex -0.940456403667957 179.29442719099993 -10.5
    endloop
  endfacet
  facet normal 0.38268343236503966 -0.9238795325113075 0
    outer loop
      vertex -0.49442719099991583 179.52169042607224 -10.5
      vertex -0.49442719099991583 179.52169042607224 -4.5
      vertex -0.726384799583275 179.4256104387014 -10.5
    endloop
  endfacet
  facet normal 0.2334453638559722 -0.9723699203976606 0
    outer loop
      vertex -0.2502951440643694 179.58030134495223 -10.5
      vertex -0.2502951440643694 179.58030134495223 -4.5
      vertex -0.49442719099991583 179.52169042607224 -10.5
    endloop
  endfacet
  facet normal 0.07845909572781828 0.9969173337331301 5.79069081554351e-20
    outer loop
      vertex -0.15000000000000036 176.41180525602368 -7.4
      vertex -0.2502951440643694 176.41969865504777 -10.5
      vertex -0.2502951440643694 176.41969865504777 -4.5
    endloop
  endfacet
  facet normal 0.07845909572781828 -0.9969173337331301 -5.79069081554351e-20
    outer loop
      vertex -0.15000000000000036 179.58819474397632 -7.4
      vertex -0.2502951440643694 179.58030134495223 -4.5
      vertex -0.2502951440643694 179.58030134495223 -10.5
    endloop
  endfacet
  facet normal 0.9238795325112945 0.3826834323650711 0
    outer loop
      vertex -1.4256104387013888 177.2736152004167 -10.5
      vertex -1.5216904260722457 177.50557280900009 -4.5
      vertex -1.4256104387013888 177.2736152004167 -4.5
    endloop
  endfacet
  facet normal 0.7604059656000361 0.6494480483301777 0
    outer loop
      vertex -1.1313708498984762 176.86862915010153 -10.5
      vertex -1.294427190999916 177.05954359633205 -4.5
      vertex -1.1313708498984762 176.86862915010153 -4.5
    endloop
  endfacet
  facet normal 0.8526401643540741 0.5224985647159783 0
    outer loop
      vertex -1.294427190999916 177.05954359633205 -10.5
      vertex -1.4256104387013888 177.2736152004167 -4.5
      vertex -1.294427190999916 177.05954359633205 -4.5
    endloop
  endfacet
  facet normal 0.9723699203976736 0.23344536385591805 0
    outer loop
      vertex -1.5216904260722457 177.50557280900009 -10.5
      vertex -1.5803013449522205 177.74970485593562 -4.5
      vertex -1.5216904260722457 177.50557280900009 -4.5
    endloop
  endfacet
  facet normal 0.9969173337331283 0.07845909572784097 0
    outer loop
      vertex -1.5803013449522205 177.74970485593562 -10.5
      vertex -1.6 178 -4.5
      vertex -1.5803013449522205 177.74970485593562 -4.5
    endloop
  endfacet
  facet normal 0.9969173337331283 -0.07845909572784097 0
    outer loop
      vertex -1.6 178 -10.5
      vertex -1.5803013449522205 178.25029514406438 -4.5
      vertex -1.6 178 -4.5
    endloop
  endfacet
  facet normal 0.9723699203976736 -0.23344536385591805 0
    outer loop
      vertex -1.5803013449522205 178.25029514406438 -10.5
      vertex -1.5216904260722457 178.49442719099991 -4.5
      vertex -1.5803013449522205 178.25029514406438 -4.5
    endloop
  endfacet
  facet normal 0.9238795325112945 -0.3826834323650711 0
    outer loop
      vertex -1.5216904260722457 178.49442719099991 -10.5
      vertex -1.4256104387013888 178.7263847995833 -4.5
      vertex -1.5216904260722457 178.49442719099991 -4.5
    endloop
  endfacet
  facet normal 0.8526401643540741 -0.5224985647159783 0
    outer loop
      vertex -1.4256104387013888 178.7263847995833 -10.5
      vertex -1.294427190999916 178.94045640366795 -4.5
      vertex -1.4256104387013888 178.7263847995833 -4.5
    endloop
  endfacet
  facet normal 0.5224985647159465 0.8526401643540937 0
    outer loop
      vertex -0.726384799583275 176.5743895612986 -10.5
      vertex -0.940456403667957 176.70557280900007 -4.5
      vertex -0.726384799583275 176.5743895612986 -4.5
    endloop
  endfacet
  facet normal 0.38268343236503966 0.9238795325113075 0
    outer loop
      vertex -0.49442719099991583 176.47830957392776 -10.5
      vertex -0.726384799583275 176.5743895612986 -4.5
      vertex -0.49442719099991583 176.47830957392776 -4.5
    endloop
  endfacet
  facet normal 0.6494480483302114 0.7604059656000073 0
    outer loop
      vertex -0.940456403667957 176.70557280900007 -10.5
      vertex -1.1313708498984762 176.86862915010153 -4.5
      vertex -0.940456403667957 176.70557280900007 -4.5
    endloop
  endfacet
  facet normal 0.2334453638559722 0.9723699203976606 0
    outer loop
      vertex -0.2502951440643694 176.41969865504777 -10.5
      vertex -0.49442719099991583 176.47830957392776 -4.5
      vertex -0.2502951440643694 176.41969865504777 -4.5
    endloop
  endfacet
  facet normal 0.07845909572774495 0.9969173337331358 -2.5516973859654925e-15
    outer loop
      vertex -0.15000000000000036 176.41180525602368 -7.4
      vertex -0.2502951440643694 176.41969865504777 -4.5
      vertex 0 176.4 -7.4
    endloop
  endfacet
  facet normal -0.07845909572777432 0.9969173337331334 0
    outer loop
      vertex 0 176.4 -7.4
      vertex 0 176.4 -4.5
      vertex 0.2502951440643694 176.41969865504777 -7.4
    endloop
  endfacet
  facet normal 0.7604059656000361 -0.6494480483301777 0
    outer loop
      vertex -1.294427190999916 178.94045640366795 -10.5
      vertex -1.1313708498984762 179.13137084989847 -4.5
      vertex -1.294427190999916 178.94045640366795 -4.5
    endloop
  endfacet
  facet normal 0.6494480483302114 -0.7604059656000073 0
    outer loop
      vertex -1.1313708498984762 179.13137084989847 -10.5
      vertex -0.940456403667957 179.29442719099993 -4.5
      vertex -1.1313708498984762 179.13137084989847 -4.5
    endloop
  endfacet
  facet normal 0.5224985647159465 -0.8526401643540937 0
    outer loop
      vertex -0.940456403667957 179.29442719099993 -10.5
      vertex -0.726384799583275 179.4256104387014 -4.5
      vertex -0.940456403667957 179.29442719099993 -4.5
    endloop
  endfacet
  facet normal 0.38268343236503966 -0.9238795325113075 0
    outer loop
      vertex -0.726384799583275 179.4256104387014 -10.5
      vertex -0.49442719099991583 179.52169042607224 -4.5
      vertex -0.726384799583275 179.4256104387014 -4.5
    endloop
  endfacet
  facet normal 0.2334453638559722 -0.9723699203976606 0
    outer loop
      vertex -0.49442719099991583 179.52169042607224 -10.5
      vertex -0.2502951440643694 179.58030134495223 -4.5
      vertex -0.49442719099991583 179.52169042607224 -4.5
    endloop
  endfacet
  facet normal 0.07845909572774495 -0.9969173337331358 7.043304236779072e-20
    outer loop
      vertex -0.15000000000000036 179.58819474397632 -7.4
      vertex 0 179.6 -7.4
      vertex 0 179.6 -4.5
    endloop
  endfacet
  facet normal -0.23344536385597223 0.9723699203976607 0
    outer loop
      vertex 0.2502951440643694 176.41969865504777 -7.4
      vertex 0.2502951440643694 176.41969865504777 -4.5
      vertex 0.49442719099991583 176.47830957392776 -7.4
    endloop
  endfacet
  facet normal -0.38268343236503966 0.9238795325113076 0
    outer loop
      vertex 0.49442719099991583 176.47830957392776 -7.4
      vertex 0.49442719099991583 176.47830957392776 -4.5
      vertex 0.726384799583275 176.5743895612986 -7.4
    endloop
  endfacet
  facet normal -0.5224985647159465 0.8526401643540936 0
    outer loop
      vertex 0.726384799583275 176.5743895612986 -7.4
      vertex 0.726384799583275 176.5743895612986 -4.5
      vertex 0.940456403667957 176.70557280900007 -7.4
    endloop
  endfacet
  facet normal -0.6494480483302115 0.7604059656000072 0
    outer loop
      vertex 0.940456403667957 176.70557280900007 -7.4
      vertex 0.940456403667957 176.70557280900007 -4.5
      vertex 1.1313708498984762 176.86862915010153 -7.4
    endloop
  endfacet
  facet normal -0.760405965600036 0.6494480483301777 0
    outer loop
      vertex 1.1313708498984762 176.86862915010153 -7.4
      vertex 1.1313708498984762 176.86862915010153 -4.5
      vertex 1.294427190999916 177.05954359633205 -7.4
    endloop
  endfacet
  facet normal -0.8526401643540741 0.5224985647159783 0
    outer loop
      vertex 1.294427190999916 177.05954359633205 -7.4
      vertex 1.294427190999916 177.05954359633205 -4.5
      vertex 1.4256104387013888 177.2736152004167 -7.4
    endloop
  endfacet
  facet normal -0.9238795325112946 0.3826834323650711 0
    outer loop
      vertex 1.4256104387013888 177.2736152004167 -7.4
      vertex 1.4256104387013888 177.2736152004167 -4.5
      vertex 1.5216904260722457 177.50557280900009 -7.4
    endloop
  endfacet
  facet normal -0.9723699203976734 0.23344536385591802 0
    outer loop
      vertex 1.5216904260722457 177.50557280900009 -7.4
      vertex 1.5216904260722457 177.50557280900009 -4.5
      vertex 1.5803013449522205 177.74970485593562 -7.4
    endloop
  endfacet
  facet normal -0.9969173337331282 0.07845909572784097 0
    outer loop
      vertex 1.5803013449522205 177.74970485593562 -7.4
      vertex 1.5803013449522205 177.74970485593562 -4.5
      vertex 1.6 178 -7.4
    endloop
  endfacet
  facet normal -0.9969173337331282 -0.07845909572784097 -2.0043598583673907e-19
    outer loop
      vertex 1.5803013449522205 178.25029514406438 -7.4
      vertex 1.6 178 -7.4
      vertex 1.6 178 -4.5
    endloop
  endfacet
  facet normal -0.9723699203976734 -0.23344536385591802 -6.648458404256297e-19
    outer loop
      vertex 1.5216904260722457 178.49442719099991 -7.4
      vertex 1.5803013449522205 178.25029514406438 -7.4
      vertex 1.5803013449522205 178.25029514406438 -4.5
    endloop
  endfacet
  facet normal -0.9238795325112946 -0.3826834323650711 1.355673682551015e-18
    outer loop
      vertex 1.4256104387013888 178.7263847995833 -7.4
      vertex 1.5216904260722457 178.49442719099991 -7.4
      vertex 1.5216904260722457 178.49442719099991 -4.5
    endloop
  endfacet
  facet normal -0.8526401643540741 -0.5224985647159783 -5.6483940167706765e-19
    outer loop
      vertex 1.294427190999916 178.94045640366795 -7.4
      vertex 1.4256104387013888 178.7263847995833 -7.4
      vertex 1.4256104387013888 178.7263847995833 -4.5
    endloop
  endfacet
  facet normal -0.07845909572777432 -0.9969173337331334 4.864674868285892e-19
    outer loop
      vertex 0 179.6 -7.4
      vertex 0.2502951440643694 179.58030134495223 -7.4
      vertex 0.2502951440643694 179.58030134495223 -4.5
    endloop
  endfacet
  facet normal -0.23344536385597223 -0.9723699203976607 -1.0662250277596405e-18
    outer loop
      vertex 0.2502951440643694 179.58030134495223 -7.4
      vertex 0.49442719099991583 179.52169042607224 -7.4
      vertex 0.49442719099991583 179.52169042607224 -4.5
    endloop
  endfacet
  facet normal -0.38268343236503966 -0.9238795325113076 -1.6516263827330746e-18
    outer loop
      vertex 0.49442719099991583 179.52169042607224 -7.4
      vertex 0.726384799583275 179.4256104387014 -7.4
      vertex 0.726384799583275 179.4256104387014 -4.5
    endloop
  endfacet
  facet normal -0.5224985647159465 -0.8526401643540936 9.62867665205678e-19
    outer loop
      vertex 0.726384799583275 179.4256104387014 -7.4
      vertex 0.940456403667957 179.29442719099993 -7.4
      vertex 0.940456403667957 179.29442719099993 -4.5
    endloop
  endfacet
  facet normal -0.6494480483302115 -0.7604059656000072 -1.7676192435788194e-18
    outer loop
      vertex 0.940456403667957 179.29442719099993 -7.4
      vertex 1.1313708498984762 179.13137084989847 -7.4
      vertex 1.1313708498984762 179.13137084989847 -4.5
    endloop
  endfacet
  facet normal -0.760405965600036 -0.6494480483301777 -7.137496306523285e-20
    outer loop
      vertex 1.1313708498984762 179.13137084989847 -7.4
      vertex 1.294427190999916 178.94045640366795 -7.4
      vertex 1.294427190999916 178.94045640366795 -4.5
    endloop
  endfacet
  facet normal 0.07845909572777432 0.9969173337331334 0
    outer loop
      vertex 0 176.4 -7.4
      vertex -0.2502951440643694 176.41969865504777 -4.5
      vertex 0 176.4 -4.5
    endloop
  endfacet
  facet normal 0.07845909572777432 -0.9969173337331334 -1.5293280424965368e-15
    outer loop
      vertex -0.15000000000000036 179.58819474397632 -7.4
      vertex 0 179.6 -4.5
      vertex -0.2502951440643694 179.58030134495223 -4.5
    endloop
  endfacet
  facet normal -0.07845909572777432 -0.9969173337331334 0
    outer loop
      vertex 0 179.6 -7.4
      vertex 0.2502951440643694 179.58030134495223 -4.5
      vertex 0 179.6 -4.5
    endloop
  endfacet
  facet normal -0.07845909572777432 0.9969173337331334 0
    outer loop
      vertex 0.2502951440643694 176.41969865504777 -7.4
      vertex 0 176.4 -4.5
      vertex 0.2502951440643694 176.41969865504777 -4.5
    endloop
  endfacet
  facet normal -0.23344536385597223 0.9723699203976607 0
    outer loop
      vertex 0.49442719099991583 176.47830957392776 -7.4
      vertex 0.2502951440643694 176.41969865504777 -4.5
      vertex 0.49442719099991583 176.47830957392776 -4.5
    endloop
  endfacet
  facet normal -0.38268343236503966 0.9238795325113076 0
    outer loop
      vertex 0.726384799583275 176.5743895612986 -7.4
      vertex 0.49442719099991583 176.47830957392776 -4.5
      vertex 0.726384799583275 176.5743895612986 -4.5
    endloop
  endfacet
  facet normal -0.5224985647159465 0.8526401643540936 0
    outer loop
      vertex 0.940456403667957 176.70557280900007 -7.4
      vertex 0.726384799583275 176.5743895612986 -4.5
      vertex 0.940456403667957 176.70557280900007 -4.5
    endloop
  endfacet
  facet normal -0.6494480483302115 0.7604059656000072 0
    outer loop
      vertex 1.1313708498984762 176.86862915010153 -7.4
      vertex 0.940456403667957 176.70557280900007 -4.5
      vertex 1.1313708498984762 176.86862915010153 -4.5
    endloop
  endfacet
  facet normal -0.760405965600036 0.6494480483301777 0
    outer loop
      vertex 1.294427190999916 177.05954359633205 -7.4
      vertex 1.1313708498984762 176.86862915010153 -4.5
      vertex 1.294427190999916 177.05954359633205 -4.5
    endloop
  endfacet
  facet normal -0.8526401643540741 -0.5224985647159783 0
    outer loop
      vertex 1.294427190999916 178.94045640366795 -7.4
      vertex 1.4256104387013888 178.7263847995833 -4.5
      vertex 1.294427190999916 178.94045640366795 -4.5
    endloop
  endfacet
  facet normal -0.8526401643540741 0.5224985647159783 0
    outer loop
      vertex 1.4256104387013888 177.2736152004167 -7.4
      vertex 1.294427190999916 177.05954359633205 -4.5
      vertex 1.4256104387013888 177.2736152004167 -4.5
    endloop
  endfacet
  facet normal -0.9238795325112946 0.3826834323650711 0
    outer loop
      vertex 1.5216904260722457 177.50557280900009 -7.4
      vertex 1.4256104387013888 177.2736152004167 -4.5
      vertex 1.5216904260722457 177.50557280900009 -4.5
    endloop
  endfacet
  facet normal -0.9723699203976734 0.23344536385591802 0
    outer loop
      vertex 1.5803013449522205 177.74970485593562 -7.4
      vertex 1.5216904260722457 177.50557280900009 -4.5
      vertex 1.5803013449522205 177.74970485593562 -4.5
    endloop
  endfacet
  facet normal -0.9969173337331282 0.07845909572784097 0
    outer loop
      vertex 1.6 178 -7.4
      vertex 1.5803013449522205 177.74970485593562 -4.5
      vertex 1.6 178 -4.5
    endloop
  endfacet
  facet normal -0.9969173337331282 -0.07845909572784097 0
    outer loop
      vertex 1.5803013449522205 178.25029514406438 -7.4
      vertex 1.6 178 -4.5
      vertex 1.5803013449522205 178.25029514406438 -4.5
    endloop
  endfacet
  facet normal -0.9723699203976734 -0.23344536385591802 0
    outer loop
      vertex 1.5216904260722457 178.49442719099991 -7.4
      vertex 1.5803013449522205 178.25029514406438 -4.5
      vertex 1.5216904260722457 178.49442719099991 -4.5
    endloop
  endfacet
  facet normal -0.9238795325112946 -0.3826834323650711 0
    outer loop
      vertex 1.4256104387013888 178.7263847995833 -7.4
      vertex 1.5216904260722457 178.49442719099991 -4.5
      vertex 1.4256104387013888 178.7263847995833 -4.5
    endloop
  endfacet
  facet normal -0.23344536385597223 -0.9723699203976607 0
    outer loop
      vertex 0.2502951440643694 179.58030134495223 -7.4
      vertex 0.49442719099991583 179.52169042607224 -4.5
      vertex 0.2502951440643694 179.58030134495223 -4.5
    endloop
  endfacet
  facet normal -0.38268343236503966 -0.9238795325113076 0
    outer loop
      vertex 0.49442719099991583 179.52169042607224 -7.4
      vertex 0.726384799583275 179.4256104387014 -4.5
      vertex 0.49442719099991583 179.52169042607224 -4.5
    endloop
  endfacet
  facet normal -0.6494480483302115 -0.7604059656000072 0
    outer loop
      vertex 0.940456403667957 179.29442719099993 -7.4
      vertex 1.1313708498984762 179.13137084989847 -4.5
      vertex 0.940456403667957 179.29442719099993 -4.5
    endloop
  endfacet
  facet normal -0.5224985647159465 -0.8526401643540936 0
    outer loop
      vertex 0.726384799583275 179.4256104387014 -7.4
      vertex 0.940456403667957 179.29442719099993 -4.5
      vertex 0.726384799583275 179.4256104387014 -4.5
    endloop
  endfacet
  facet normal -0.760405965600036 -0.6494480483301777 0
    outer loop
      vertex 1.1313708498984762 179.13137084989847 -7.4
      vertex 1.294427190999916 178.94045640366795 -4.5
      vertex 1.1313708498984762 179.13137084989847 -4.5
    endloop
  endfacet
  facet normal 0 -1 0
    outer loop
      vertex 12.15 0.5 5.1
      vertex 0 0.5 5.1
      vertex 0 0.5 0
    endloop
  endfacet
  facet normal -1 0 0
    outer loop
      vertex 12.15 0.5 5.1
      vertex 12.15 0.5 0
      vertex 12.15 -14 0
    endloop
  endfacet
  facet normal 0 -1 0
    outer loop
      vertex 12.15 0.5 5.1
      vertex 0 0.5 0
      vertex 12.15 0.5 0
    endloop
  endfacet
  facet normal -1 0 0
    outer loop
      vertex 12.15 0.5 5.1
      vertex 12.15 -14 0
      vertex 12.15 -14 5.1
    endloop
  endfacet
  facet normal 0 0 -1
    outer loop
      vertex 0.2502951440643694 -12.08030134495222 5.1
      vertex 0 -14 5.1
      vertex 0 -12.1 5.1
    endloop
  endfacet
  facet normal 0 0 -1
    outer loop
      vertex 0.2502951440643694 -8.91969865504778 5.1
      vertex 0 -8.9 5.1
      vertex 0.2502951440643694 -6.08030134495222 5.1
    endloop
  endfacet
  facet normal 0 0 -1
    outer loop
      vertex 0.2502951440643694 -8.91969865504778 5.1
      vertex 0.49442719099991583 -6.0216904260722455 5.1
      vertex 0.49442719099991583 -8.978309573927755 5.1
    endloop
  endfacet
  facet normal 0 0 -1
    outer loop
      vertex 0.49442719099991583 -8.978309573927755 5.1
      vertex 0.726384799583275 -5.925610438701389 5.1
      vertex 0.726384799583275 -9.074389561298611 5.1
    endloop
  endfacet
  facet normal 0 0 -1
    outer loop
      vertex 0.726384799583275 -9.074389561298611 5.1
      vertex 0.940456403667957 -5.794427190999916 5.1
      vertex 0.940456403667957 -9.205572809000085 5.1
    endloop
  endfacet
  facet normal 0 0 -1
    outer loop
      vertex 0.940456403667957 -9.205572809000085 5.1
      vertex 1.1313708498984762 -5.6313708498984765 5.1
      vertex 1.1313708498984762 -9.368629150101524 5.1
    endloop
  endfacet
  facet normal 0 0 -1
    outer loop
      vertex 1.1313708498984762 -9.368629150101524 5.1
      vertex 1.294427190999916 -5.440456403667957 5.1
      vertex 1.294427190999916 -9.559543596332043 5.1
    endloop
  endfacet
  facet normal 0 0 -1
    outer loop
      vertex 0.2502951440643694 -6.08030134495222 5.1
      vertex 0 -8.9 5.1
      vertex 0 -6.1 5.1
    endloop
  endfacet
  facet normal 0 0 -1
    outer loop
      vertex 0.2502951440643694 -2.9196986550477795 5.1
      vertex 0 -2.9 5.1
      vertex 0 0.5 5.1
    endloop
  endfacet
  facet normal 0 0 -1
    outer loop
      vertex 0.2502951440643694 -8.91969865504778 5.1
      vertex 0.2502951440643694 -6.08030134495222 5.1
      vertex 0.49442719099991583 -6.0216904260722455 5.1
    endloop
  endfacet
  facet normal 0 0 -1
    outer loop
      vertex 0.49442719099991583 -8.978309573927755 5.1
      vertex 0.49442719099991583 -6.0216904260722455 5.1
      vertex 0.726384799583275 -5.925610438701389 5.1
    endloop
  endfacet
  facet normal 0 0 -1
    outer loop
      vertex 0.726384799583275 -9.074389561298611 5.1
      vertex 0.726384799583275 -5.925610438701389 5.1
      vertex 0.940456403667957 -5.794427190999916 5.1
    endloop
  endfacet
  facet normal 0 0 -1
    outer loop
      vertex 0.940456403667957 -9.205572809000085 5.1
      vertex 0.940456403667957 -5.794427190999916 5.1
      vertex 1.1313708498984762 -5.6313708498984765 5.1
    endloop
  endfacet
  facet normal 0 0 -1
    outer loop
      vertex 1.1313708498984762 -9.368629150101524 5.1
      vertex 1.1313708498984762 -5.6313708498984765 5.1
      vertex 1.294427190999916 -5.440456403667957 5.1
    endloop
  endfacet
  facet normal 0 0 -1
    outer loop
      vertex 0.2502951440643694 -2.9196986550477795 5.1
      vertex 0 0.5 5.1
      vertex 0.49442719099991583 -2.9783095739277545 5.1
    endloop
  endfacet
  facet normal 0 0 -1
    outer loop
      vertex 0.49442719099991583 -2.9783095739277545 5.1
      vertex 0 0.5 5.1
      vertex 0.726384799583275 -3.074389561298611 5.1
    endloop
  endfacet
  facet normal 0 0 -1
    outer loop
      vertex 0.726384799583275 -3.074389561298611 5.1
      vertex 0 0.5 5.1
      vertex 0.940456403667957 -3.205572809000084 5.1
    endloop
  endfacet
  facet normal 0 0 -1
    outer loop
      vertex 0.940456403667957 -3.205572809000084 5.1
      vertex 0 0.5 5.1
      vertex 1.1313708498984762 -3.3686291501015235 5.1
    endloop
  endfacet
  facet normal 0 0 -1
    outer loop
      vertex 0.2502951440643694 -12.08030134495222 5.1
      vertex 12.15 -14 5.1
      vertex 0 -14 5.1
    endloop
  endfacet
  facet normal 0 0 -1
    outer loop
      vertex 0.2502951440643694 -12.08030134495222 5.1
      vertex 0.49442719099991583 -12.021690426072245 5.1
      vertex 12.15 -14 5.1
    endloop
  endfacet
  facet normal 0 0 -1
    outer loop
      vertex 0.49442719099991583 -12.021690426072245 5.1
      vertex 0.726384799583275 -11.925610438701389 5.1
      vertex 12.15 -14 5.1
    endloop
  endfacet
  facet normal 0 0 -1
    outer loop
      vertex 0.726384799583275 -11.925610438701389 5.1
      vertex 0.940456403667957 -11.794427190999915 5.1
      vertex 12.15 -14 5.1
    endloop
  endfacet
  facet normal 0 0 -1
    outer loop
      vertex 0.940456403667957 -11.794427190999915 5.1
      vertex 1.1313708498984762 -11.631370849898476 5.1
      vertex 12.15 -14 5.1
    endloop
  endfacet
  facet normal 0 0 -1
    outer loop
      vertex 1.1313708498984762 -11.631370849898476 5.1
      vertex 1.294427190999916 -11.440456403667957 5.1
      vertex 12.15 -14 5.1
    endloop
  endfacet
  facet normal 0 0 -1
    outer loop
      vertex 1.294427190999916 -11.440456403667957 5.1
      vertex 1.4256104387013888 -11.226384799583276 5.1
      vertex 12.15 -14 5.1
    endloop
  endfacet
  facet normal 0 0 -1
    outer loop
      vertex 1.294427190999916 -9.559543596332043 5.1
      vertex 12.15 -14 5.1
      vertex 1.4256104387013888 -9.773615200416724 5.1
    endloop
  endfacet
  facet normal 0 0 -1
    outer loop
      vertex 1.294427190999916 -9.559543596332043 5.1
      vertex 1.294427190999916 -5.440456403667957 5.1
      vertex 12.15 -14 5.1
    endloop
  endfacet
  facet normal 0 0 -1
    outer loop
      vertex 1.294427190999916 -5.440456403667957 5.1
      vertex 1.4256104387013888 -5.226384799583275 5.1
      vertex 12.15 -14 5.1
    endloop
  endfacet
  facet normal 0 0 -1
    outer loop
      vertex 1.4256104387013888 -11.226384799583276 5.1
      vertex 1.5216904260722457 -10.994427190999916 5.1
      vertex 12.15 -14 5.1
    endloop
  endfacet
  facet normal 0 0 -1
    outer loop
      vertex 1.5216904260722457 -10.994427190999916 5.1
      vertex 1.5803013449522205 -10.750295144064369 5.1
      vertex 12.15 -14 5.1
    endloop
  endfacet
  facet normal 0 0 -1
    outer loop
      vertex 1.5803013449522205 -10.750295144064369 5.1
      vertex 1.6 -10.5 5.1
      vertex 12.15 -14 5.1
    endloop
  endfacet
  facet normal 0 0 -1
    outer loop
      vertex 1.5803013449522205 -10.249704855935631 5.1
      vertex 12.15 -14 5.1
      vertex 1.6 -10.5 5.1
    endloop
  endfacet
  facet normal 0 0 -1
    outer loop
      vertex 1.5216904260722457 -10.005572809000084 5.1
      vertex 12.15 -14 5.1
      vertex 1.5803013449522205 -10.249704855935631 5.1
    endloop
  endfacet
  facet normal 0 0 -1
    outer loop
      vertex 1.4256104387013888 -9.773615200416724 5.1
      vertex 12.15 -14 5.1
      vertex 1.5216904260722457 -10.005572809000084 5.1
    endloop
  endfacet
  facet normal 0 0 -1
    outer loop
      vertex 1.4256104387013888 -5.226384799583275 5.1
      vertex 1.5216904260722457 -4.994427190999916 5.1
      vertex 12.15 -14 5.1
    endloop
  endfacet
  facet normal 0 0 -1
    outer loop
      vertex 1.5216904260722457 -4.994427190999916 5.1
      vertex 1.5803013449522205 -4.75029514406437 5.1
      vertex 12.15 -14 5.1
    endloop
  endfacet
  facet normal 0 0 -1
    outer loop
      vertex 1.294427190999916 -3.559543596332043 5.1
      vertex 12.15 -14 5.1
      vertex 1.4256104387013888 -3.773615200416725 5.1
    endloop
  endfacet
  facet normal 0 0 -1
    outer loop
      vertex 1.1313708498984762 -3.3686291501015235 5.1
      vertex 12.15 -14 5.1
      vertex 1.294427190999916 -3.559543596332043 5.1
    endloop
  endfacet
  facet normal 0 0 -1
    outer loop
      vertex 1.1313708498984762 -3.3686291501015235 5.1
      vertex 0 0.5 5.1
      vertex 12.15 -14 5.1
    endloop
  endfacet
  facet normal 0 0 -1
    outer loop
      vertex 1.5803013449522205 -4.75029514406437 5.1
      vertex 1.6 -4.5 5.1
      vertex 12.15 -14 5.1
    endloop
  endfacet
  facet normal 0 0 -1
    outer loop
      vertex 1.6 -4.5 5.1
      vertex 1.5803013449522205 -4.24970485593563 5.1
      vertex 12.15 -14 5.1
    endloop
  endfacet
  facet normal 0 0 -1
    outer loop
      vertex 1.5216904260722457 -4.005572809000084 5.1
      vertex 12.15 -14 5.1
      vertex 1.5803013449522205 -4.24970485593563 5.1
    endloop
  endfacet
  facet normal 0 0 -1
    outer loop
      vertex 1.4256104387013888 -3.773615200416725 5.1
      vertex 12.15 -14 5.1
      vertex 1.5216904260722457 -4.005572809000084 5.1
    endloop
  endfacet
  facet normal 0 0 -1
    outer loop
      vertex 12.15 0.5 5.1
      vertex 12.15 -14 5.1
      vertex 0 0.5 5.1
    endloop
  endfacet
  facet normal 1 0 0
    outer loop
      vertex -0.15000000000000036 170.41180525602368 -7.4
      vertex -0.15000000000000036 168 -10.5
      vertex -0.15000000000000036 170.41180525602368 -10.5
    endloop
  endfacet
  facet normal 0 1 0
    outer loop
      vertex 0 167.5 -10.5
      vertex 0 167.5 -7.4
      vertex 8 167.5 -10.5
    endloop
  endfacet
  facet normal 1 0 0
    outer loop
      vertex -0.15000000000000036 170.41180525602368 -7.4
      vertex -0.15000000000000036 168 -7.4
      vertex -0.15000000000000036 168 -10.5
    endloop
  endfacet
  facet normal 0 1 0
    outer loop
      vertex 8 167.5 -10.5
      vertex 0 167.5 -7.4
      vertex 8 167.5 -7.4
    endloop
  endfacet
  facet normal 1 0 0
    outer loop
      vertex -0.15000000000000036 176.41180525602368 -7.4
      vertex -0.15000000000000036 173.58819474397632 -10.5
      vertex -0.15000000000000036 174.6163953726454 -10.5
    endloop
  endfacet
  facet normal 1 0 0
    outer loop
      vertex -0.15000000000000036 176.41180525602368 -7.4
      vertex -0.15000000000000036 174.6163953726454 -10.5
      vertex -0.15000000000000036 176.41180525602368 -10.5
    endloop
  endfacet
  facet normal 1 0 0
    outer loop
      vertex -0.15000000000000036 179.58819474397632 -7.4
      vertex -0.15000000000000036 179.58819474397632 -10.5
      vertex -0.15000000000000036 182 -10.5
    endloop
  endfacet
  facet normal 1 0 0
    outer loop
      vertex -0.15000000000000036 173.58819474397632 -7.4
      vertex -0.15000000000000036 173.58819474397632 -10.5
      vertex -0.15000000000000036 176.41180525602368 -7.4
    endloop
  endfacet
  facet normal 1 0 0
    outer loop
      vertex -0.15000000000000036 179.58819474397632 -7.4
      vertex -0.15000000000000036 182 -10.5
      vertex -0.15000000000000036 182 -7.4
    endloop
  endfacet
  facet normal 0 0 -1
    outer loop
      vertex 0 170.4 -7.4
      vertex 0 168 -7.4
      vertex -0.15000000000000036 168 -7.4
    endloop
  endfacet
  facet normal 0 0 -1
    outer loop
      vertex -0.15000000000000036 170.41180525602368 -7.4
      vertex 0 170.4 -7.4
      vertex -0.15000000000000036 168 -7.4
    endloop
  endfacet
  facet normal 0 0 -1
    outer loop
      vertex 0 170.4 -7.4
      vertex 0.2502951440643694 170.41969865504777 -7.4
      vertex 0 168 -7.4
    endloop
  endfacet
  facet normal 0 0 -1
    outer loop
      vertex 0 168 -7.4
      vertex 8 168 -7.4
      vertex 0 167.5 -7.4
    endloop
  endfacet
  facet normal 0 0 -1
    outer loop
      vertex 0.2502951440643694 170.41969865504777 -7.4
      vertex 8 168 -7.4
      vertex 0 168 -7.4
    endloop
  endfacet
  facet normal 0 0 -1
    outer loop
      vertex 0.2502951440643694 170.41969865504777 -7.4
      vertex 0.49442719099991583 170.47830957392776 -7.4
      vertex 12.15 168 -7.4
    endloop
  endfacet
  facet normal 0 0 -1
    outer loop
      vertex 0.49442719099991583 170.47830957392776 -7.4
      vertex 0.726384799583275 170.5743895612986 -7.4
      vertex 12.15 168 -7.4
    endloop
  endfacet
  facet normal 0 0 -1
    outer loop
      vertex 8 168 -7.4
      vertex 8 167.5 -7.4
      vertex 0 167.5 -7.4
    endloop
  endfacet
  facet normal 0 0 -1
    outer loop
      vertex 0.2502951440643694 170.41969865504777 -7.4
      vertex 12.15 168 -7.4
      vertex 8 168 -7.4
    endloop
  endfacet
  facet normal 0 0 -1
    outer loop
      vertex -0.15000000000000036 173.58819474397632 -7.4
      vertex 0 176.4 -7.4
      vertex 0 173.6 -7.4
    endloop
  endfacet
  facet normal 0 0 -1
    outer loop
      vertex -0.15000000000000036 173.58819474397632 -7.4
      vertex -0.15000000000000036 176.41180525602368 -7.4
      vertex 0 176.4 -7.4
    endloop
  endfacet
  facet normal 0 0 -1
    outer loop
      vertex 0 173.6 -7.4
      vertex 0 176.4 -7.4
      vertex 0.2502951440643694 176.41969865504777 -7.4
    endloop
  endfacet
  facet normal 0 0 -1
    outer loop
      vertex 0 173.6 -7.4
      vertex 0.2502951440643694 176.41969865504777 -7.4
      vertex 0.2502951440643694 173.58030134495223 -7.4
    endloop
  endfacet
  facet normal 0 0 -1
    outer loop
      vertex 0.2502951440643694 173.58030134495223 -7.4
      vertex 0.49442719099991583 176.47830957392776 -7.4
      vertex 0.49442719099991583 173.52169042607224 -7.4
    endloop
  endfacet
  facet normal 0 0 -1
    outer loop
      vertex 0.49442719099991583 173.52169042607224 -7.4
      vertex 0.726384799583275 176.5743895612986 -7.4
      vertex 0.726384799583275 173.4256104387014 -7.4
    endloop
  endfacet
  facet normal 0 0 -1
    outer loop
      vertex 0.2502951440643694 173.58030134495223 -7.4
      vertex 0.2502951440643694 176.41969865504777 -7.4
      vertex 0.49442719099991583 176.47830957392776 -7.4
    endloop
  endfacet
  facet normal 0 0 -1
    outer loop
      vertex 0.49442719099991583 173.52169042607224 -7.4
      vertex 0.49442719099991583 176.47830957392776 -7.4
      vertex 0.726384799583275 176.5743895612986 -7.4
    endloop
  endfacet
  facet normal 0 0 -1
    outer loop
      vertex 0.726384799583275 173.4256104387014 -7.4
      vertex 0.940456403667957 176.70557280900007 -7.4
      vertex 0.940456403667957 173.29442719099993 -7.4
    endloop
  endfacet
  facet normal 0 0 -1
    outer loop
      vertex 0.940456403667957 173.29442719099993 -7.4
      vertex 1.1313708498984762 176.86862915010153 -7.4
      vertex 1.1313708498984762 173.13137084989847 -7.4
    endloop
  endfacet
  facet normal 0 0 -1
    outer loop
      vertex 1.1313708498984762 173.13137084989847 -7.4
      vertex 1.294427190999916 177.05954359633205 -7.4
      vertex 1.294427190999916 172.94045640366795 -7.4
    endloop
  endfacet
  facet normal 0 0 -1
    outer loop
      vertex 0.726384799583275 173.4256104387014 -7.4
      vertex 0.726384799583275 176.5743895612986 -7.4
      vertex 0.940456403667957 176.70557280900007 -7.4
    endloop
  endfacet
  facet normal 0 0 -1
    outer loop
      vertex 0.940456403667957 173.29442719099993 -7.4
      vertex 0.940456403667957 176.70557280900007 -7.4
      vertex 1.1313708498984762 176.86862915010153 -7.4
    endloop
  endfacet
  facet normal 0 0 -1
    outer loop
      vertex 1.1313708498984762 173.13137084989847 -7.4
      vertex 1.1313708498984762 176.86862915010153 -7.4
      vertex 1.294427190999916 177.05954359633205 -7.4
    endloop
  endfacet
  facet normal 0 0 -1
    outer loop
      vertex -0.15000000000000036 179.58819474397632 -7.4
      vertex -0.15000000000000036 182 -7.4
      vertex 0 179.6 -7.4
    endloop
  endfacet
  facet normal 0 0 -1
    outer loop
      vertex 0 179.6 -7.4
      vertex -0.15000000000000036 182 -7.4
      vertex 0.2502951440643694 179.58030134495223 -7.4
    endloop
  endfacet
  facet normal 0 0 -1
    outer loop
      vertex 0.2502951440643694 179.58030134495223 -7.4
      vertex -0.15000000000000036 182 -7.4
      vertex 0.49442719099991583 179.52169042607224 -7.4
    endloop
  endfacet
  facet normal 0 0 -1
    outer loop
      vertex 0.49442719099991583 179.52169042607224 -7.4
      vertex -0.15000000000000036 182 -7.4
      vertex 0.726384799583275 179.4256104387014 -7.4
    endloop
  endfacet
  facet normal 0 0 -1
    outer loop
      vertex 0.726384799583275 179.4256104387014 -7.4
      vertex -0.15000000000000036 182 -7.4
      vertex 0.940456403667957 179.29442719099993 -7.4
    endloop
  endfacet
  facet normal 0 0 -1
    outer loop
      vertex 0.940456403667957 179.29442719099993 -7.4
      vertex -0.15000000000000036 182 -7.4
      vertex 1.1313708498984762 179.13137084989847 -7.4
    endloop
  endfacet
  facet normal 0 0 -1
    outer loop
      vertex 0.726384799583275 170.5743895612986 -7.4
      vertex 0.940456403667957 170.70557280900007 -7.4
      vertex 12.15 168 -7.4
    endloop
  endfacet
  facet normal 0 0 -1
    outer loop
      vertex 0.940456403667957 170.70557280900007 -7.4
      vertex 1.1313708498984762 170.86862915010153 -7.4
      vertex 12.15 168 -7.4
    endloop
  endfacet
  facet normal 0 0 -1
    outer loop
      vertex 1.1313708498984762 170.86862915010153 -7.4
      vertex 1.294427190999916 171.05954359633205 -7.4
      vertex 12.15 168 -7.4
    endloop
  endfacet
  facet normal 0 0 -1
    outer loop
      vertex 1.294427190999916 171.05954359633205 -7.4
      vertex 1.4256104387013888 171.2736152004167 -7.4
      vertex 12.15 168 -7.4
    endloop
  endfacet
  facet normal 0 0 -1
    outer loop
      vertex 1.294427190999916 172.94045640366795 -7.4
      vertex 12.15 168 -7.4
      vertex 1.4256104387013888 172.7263847995833 -7.4
    endloop
  endfacet
  facet normal 0 0 -1
    outer loop
      vertex 1.294427190999916 172.94045640366795 -7.4
      vertex 1.294427190999916 177.05954359633205 -7.4
      vertex 12.15 168 -7.4
    endloop
  endfacet
  facet normal 0 0 -1
    outer loop
      vertex 1.294427190999916 177.05954359633205 -7.4
      vertex 1.4256104387013888 177.2736152004167 -7.4
      vertex 12.15 168 -7.4
    endloop
  endfacet
  facet normal 0 0 -1
    outer loop
      vertex 1.294427190999916 178.94045640366795 -7.4
      vertex 12.15 168 -7.4
      vertex 1.4256104387013888 178.7263847995833 -7.4
    endloop
  endfacet
  facet normal 0 0 -1
    outer loop
      vertex 1.1313708498984762 179.13137084989847 -7.4
      vertex 12.15 168 -7.4
      vertex 1.294427190999916 178.94045640366795 -7.4
    endloop
  endfacet
  facet normal 0 0 -1
    outer loop
      vertex 1.4256104387013888 171.2736152004167 -7.4
      vertex 1.5216904260722457 171.50557280900009 -7.4
      vertex 12.15 168 -7.4
    endloop
  endfacet
  facet normal 0 0 -1
    outer loop
      vertex 1.5216904260722457 171.50557280900009 -7.4
      vertex 1.5803013449522205 171.74970485593562 -7.4
      vertex 12.15 168 -7.4
    endloop
  endfacet
  facet normal 0 0 -1
    outer loop
      vertex 1.5803013449522205 171.74970485593562 -7.4
      vertex 1.6 172 -7.4
      vertex 12.15 168 -7.4
    endloop
  endfacet
  facet normal 0 0 -1
    outer loop
      vertex 1.5803013449522205 172.25029514406438 -7.4
      vertex 12.15 168 -7.4
      vertex 1.6 172 -7.4
    endloop
  endfacet
  facet normal 0 0 -1
    outer loop
      vertex 1.4256104387013888 172.7263847995833 -7.4
      vertex 12.15 168 -7.4
      vertex 1.5216904260722457 172.49442719099991 -7.4
    endloop
  endfacet
  facet normal 0 0 -1
    outer loop
      vertex 1.5216904260722457 172.49442719099991 -7.4
      vertex 12.15 168 -7.4
      vertex 1.5803013449522205 172.25029514406438 -7.4
    endloop
  endfacet
  facet normal 0 0 -1
    outer loop
      vertex 1.4256104387013888 177.2736152004167 -7.4
      vertex 1.5216904260722457 177.50557280900009 -7.4
      vertex 12.15 168 -7.4
    endloop
  endfacet
  facet normal 0 0 -1
    outer loop
      vertex 1.5216904260722457 177.50557280900009 -7.4
      vertex 1.5803013449522205 177.74970485593562 -7.4
      vertex 12.15 168 -7.4
    endloop
  endfacet
  facet normal 0 0 -1
    outer loop
      vertex 1.5803013449522205 177.74970485593562 -7.4
      vertex 1.6 178 -7.4
      vertex 12.15 168 -7.4
    endloop
  endfacet
  facet normal 0 0 -1
    outer loop
      vertex 1.5216904260722457 178.49442719099991 -7.4
      vertex 12.15 168 -7.4
      vertex 1.5803013449522205 178.25029514406438 -7.4
    endloop
  endfacet
  facet normal 0 0 -1
    outer loop
      vertex 1.5803013449522205 178.25029514406438 -7.4
      vertex 12.15 168 -7.4
      vertex 1.6 178 -7.4
    endloop
  endfacet
  facet normal 0 0 -1
    outer loop
      vertex 1.4256104387013888 178.7263847995833 -7.4
      vertex 12.15 168 -7.4
      vertex 1.5216904260722457 178.49442719099991 -7.4
    endloop
  endfacet
  facet normal 0 0 -1
    outer loop
      vertex 1.1313708498984762 179.13137084989847 -7.4
      vertex -0.15000000000000036 182 -7.4
      vertex 12.15 168 -7.4
    endloop
  endfacet
  facet normal -1 0 0
    outer loop
      vertex 12.15 182 -10.5
      vertex 12.15 168 -10.5
      vertex 12.15 182 -7.4
    endloop
  endfacet
  facet normal -1 0 0
    outer loop
      vertex 12.15 182 -7.4
      vertex 12.15 168 -10.5
      vertex 12.15 168 -7.4
    endloop
  endfacet
  facet normal 0 0 -1
    outer loop
      vertex -0.15000000000000036 182 -7.4
      vertex 12.15 182 -7.4
      vertex 12.15 168 -7.4
    endloop
  endfacet
  facet normal 1 0 0
    outer loop
      vertex -0.15000000000000036 -12.088194743976308 -7.4
      vertex -0.15000000000000036 -14 -10.5
      vertex -0.15000000000000036 -12.088194743976308 -10.5
    endloop
  endfacet
  facet normal 1 0 0
    outer loop
      vertex -0.15000000000000036 -6.088194743976307 -7.4
      vertex -0.15000000000000036 -8.911805256023692 -10.5
      vertex -0.15000000000000036 -6.088194743976307 -10.5
    endloop
  endfacet
  facet normal 1 0 0
    outer loop
      vertex -0.15000000000000036 -2.9118052560236927 -7.4
      vertex -0.15000000000000036 -2.9118052560236927 -10.5
      vertex -0.15000000000000036 0 -10.5
    endloop
  endfacet
  facet normal 1 0 0
    outer loop
      vertex -0.15000000000000036 -12.088194743976308 -7.4
      vertex -0.15000000000000036 -14 -7.4
      vertex -0.15000000000000036 -14 -10.5
    endloop
  endfacet
  facet normal 1 0 0
    outer loop
      vertex -0.15000000000000036 -8.911805256023692 -7.4
      vertex -0.15000000000000036 -8.911805256023692 -10.5
      vertex -0.15000000000000036 -6.088194743976307 -7.4
    endloop
  endfacet
  facet normal 0 -1 0
    outer loop
      vertex 0 0.5 -7.4
      vertex 0 0.5 -10.5
      vertex 8 0.5 -10.5
    endloop
  endfacet
  facet normal 1 0 0
    outer loop
      vertex -0.15000000000000036 -2.9118052560236927 -7.4
      vertex -0.15000000000000036 0 -10.5
      vertex -0.15000000000000036 0 -7.4
    endloop
  endfacet
  facet normal 0 -1 0
    outer loop
      vertex 0 0.5 -7.4
      vertex 8 0.5 -10.5
      vertex 8 0.5 -7.4
    endloop
  endfacet
  facet normal 0 0 -1
    outer loop
      vertex -0.15000000000000036 -12.088194743976308 -7.4
      vertex 0 -12.1 -7.4
      vertex -0.15000000000000036 -14 -7.4
    endloop
  endfacet
  facet normal 0 0 -1
    outer loop
      vertex -0.15000000000000036 -8.911805256023692 -7.4
      vertex 0 -6.1 -7.4
      vertex 0 -8.9 -7.4
    endloop
  endfacet
  facet normal 0 0 -1
    outer loop
      vertex 0 -8.9 -7.4
      vertex 0.2502951440643694 -6.08030134495222 -7.4
      vertex 0.2502951440643694 -8.91969865504778 -7.4
    endloop
  endfacet
  facet normal 0 0 -1
    outer loop
      vertex 0.2502951440643694 -8.91969865504778 -7.4
      vertex 0.49442719099991583 -6.0216904260722455 -7.4
      vertex 0.49442719099991583 -8.978309573927755 -7.4
    endloop
  endfacet
  facet normal 0 0 -1
    outer loop
      vertex 0.49442719099991583 -8.978309573927755 -7.4
      vertex 0.726384799583275 -5.925610438701389 -7.4
      vertex 0.726384799583275 -9.074389561298611 -7.4
    endloop
  endfacet
  facet normal 0 0 -1
    outer loop
      vertex 0.726384799583275 -9.074389561298611 -7.4
      vertex 0.940456403667957 -5.794427190999916 -7.4
      vertex 0.940456403667957 -9.205572809000085 -7.4
    endloop
  endfacet
  facet normal 0 0 -1
    outer loop
      vertex 0.940456403667957 -9.205572809000085 -7.4
      vertex 1.1313708498984762 -5.6313708498984765 -7.4
      vertex 1.1313708498984762 -9.368629150101524 -7.4
    endloop
  endfacet
  facet normal 0 0 -1
    outer loop
      vertex 1.1313708498984762 -9.368629150101524 -7.4
      vertex 1.294427190999916 -5.440456403667957 -7.4
      vertex 1.294427190999916 -9.559543596332043 -7.4
    endloop
  endfacet
  facet normal 0 0 -1
    outer loop
      vertex -0.15000000000000036 -8.911805256023692 -7.4
      vertex -0.15000000000000036 -6.088194743976307 -7.4
      vertex 0 -6.1 -7.4
    endloop
  endfacet
  facet normal 0 0 -1
    outer loop
      vertex 0 -8.9 -7.4
      vertex 0 -6.1 -7.4
      vertex 0.2502951440643694 -6.08030134495222 -7.4
    endloop
  endfacet
  facet normal 0 0 -1
    outer loop
      vertex -0.15000000000000036 -2.9118052560236927 -7.4
      vertex -0.15000000000000036 0 -7.4
      vertex 0 -2.9 -7.4
    endloop
  endfacet
  facet normal 0 0 -1
    outer loop
      vertex 0 -2.9 -7.4
      vertex -0.15000000000000036 0 -7.4
      vertex 0.2502951440643694 -2.9196986550477795 -7.4
    endloop
  endfacet
  facet normal 0 0 -1
    outer loop
      vertex 0.2502951440643694 -8.91969865504778 -7.4
      vertex 0.2502951440643694 -6.08030134495222 -7.4
      vertex 0.49442719099991583 -6.0216904260722455 -7.4
    endloop
  endfacet
  facet normal 0 0 -1
    outer loop
      vertex 0.49442719099991583 -8.978309573927755 -7.4
      vertex 0.49442719099991583 -6.0216904260722455 -7.4
      vertex 0.726384799583275 -5.925610438701389 -7.4
    endloop
  endfacet
  facet normal 0 0 -1
    outer loop
      vertex 0.726384799583275 -9.074389561298611 -7.4
      vertex 0.726384799583275 -5.925610438701389 -7.4
      vertex 0.940456403667957 -5.794427190999916 -7.4
    endloop
  endfacet
  facet normal 0 0 -1
    outer loop
      vertex 0.940456403667957 -9.205572809000085 -7.4
      vertex 0.940456403667957 -5.794427190999916 -7.4
      vertex 1.1313708498984762 -5.6313708498984765 -7.4
    endloop
  endfacet
  facet normal 0 0 -1
    outer loop
      vertex 1.1313708498984762 -9.368629150101524 -7.4
      vertex 1.1313708498984762 -5.6313708498984765 -7.4
      vertex 1.294427190999916 -5.440456403667957 -7.4
    endloop
  endfacet
  facet normal 0 0 -1
    outer loop
      vertex 0.2502951440643694 -2.9196986550477795 -7.4
      vertex -0.15000000000000036 0 -7.4
      vertex 0.49442719099991583 -2.9783095739277545 -7.4
    endloop
  endfacet
  facet normal 0 0 -1
    outer loop
      vertex 0.49442719099991583 -2.9783095739277545 -7.4
      vertex -0.15000000000000036 0 -7.4
      vertex 0.726384799583275 -3.074389561298611 -7.4
    endloop
  endfacet
  facet normal 0 0 -1
    outer loop
      vertex 0.940456403667957 -3.205572809000084 -7.4
      vertex 0 0 -7.4
      vertex 1.1313708498984762 -3.3686291501015235 -7.4
    endloop
  endfacet
  facet normal 0 0 -1
    outer loop
      vertex 0.726384799583275 -3.074389561298611 -7.4
      vertex -0.15000000000000036 0 -7.4
      vertex 0.940456403667957 -3.205572809000084 -7.4
    endloop
  endfacet
  facet normal 0 0 -1
    outer loop
      vertex 1.4256104387013888 -3.773615200416725 -7.4
      vertex 0 0 -7.4
      vertex 1.5216904260722457 -4.005572809000084 -7.4
    endloop
  endfacet
  facet normal 0 0 -1
    outer loop
      vertex 1.1313708498984762 -3.3686291501015235 -7.4
      vertex 0 0 -7.4
      vertex 1.294427190999916 -3.559543596332043 -7.4
    endloop
  endfacet
  facet normal 0 0 -1
    outer loop
      vertex 1.294427190999916 -3.559543596332043 -7.4
      vertex 0 0 -7.4
      vertex 1.4256104387013888 -3.773615200416725 -7.4
    endloop
  endfacet
  facet normal 0 0 -1
    outer loop
      vertex 0 -12.1 -7.4
      vertex 12.15 -14 -7.4
      vertex -0.15000000000000036 -14 -7.4
    endloop
  endfacet
  facet normal 0 0 -1
    outer loop
      vertex 0 -12.1 -7.4
      vertex 0.2502951440643694 -12.08030134495222 -7.4
      vertex 12.15 -14 -7.4
    endloop
  endfacet
  facet normal 0 0 -1
    outer loop
      vertex 0.2502951440643694 -12.08030134495222 -7.4
      vertex 0.49442719099991583 -12.021690426072245 -7.4
      vertex 12.15 -14 -7.4
    endloop
  endfacet
  facet normal 0 0 -1
    outer loop
      vertex 0.49442719099991583 -12.021690426072245 -7.4
      vertex 0.726384799583275 -11.925610438701389 -7.4
      vertex 12.15 -14 -7.4
    endloop
  endfacet
  facet normal 0 0 -1
    outer loop
      vertex 0.726384799583275 -11.925610438701389 -7.4
      vertex 0.940456403667957 -11.794427190999915 -7.4
      vertex 12.15 -14 -7.4
    endloop
  endfacet
  facet normal 0 0 -1
    outer loop
      vertex 0.940456403667957 -11.794427190999915 -7.4
      vertex 1.1313708498984762 -11.631370849898476 -7.4
      vertex 12.15 -14 -7.4
    endloop
  endfacet
  facet normal 0 0 -1
    outer loop
      vertex 1.1313708498984762 -11.631370849898476 -7.4
      vertex 1.294427190999916 -11.440456403667957 -7.4
      vertex 12.15 -14 -7.4
    endloop
  endfacet
  facet normal 0 0 -1
    outer loop
      vertex 1.294427190999916 -11.440456403667957 -7.4
      vertex 1.4256104387013888 -11.226384799583276 -7.4
      vertex 12.15 -14 -7.4
    endloop
  endfacet
  facet normal 0 0 -1
    outer loop
      vertex 1.294427190999916 -9.559543596332043 -7.4
      vertex 12.15 -14 -7.4
      vertex 1.4256104387013888 -9.773615200416724 -7.4
    endloop
  endfacet
  facet normal 0 0 -1
    outer loop
      vertex 1.294427190999916 -9.559543596332043 -7.4
      vertex 1.294427190999916 -5.440456403667957 -7.4
      vertex 12.15 -14 -7.4
    endloop
  endfacet
  facet normal 0 0 -1
    outer loop
      vertex 1.294427190999916 -5.440456403667957 -7.4
      vertex 1.4256104387013888 -5.226384799583275 -7.4
      vertex 12.15 -14 -7.4
    endloop
  endfacet
  facet normal 0 0 -1
    outer loop
      vertex 1.4256104387013888 -11.226384799583276 -7.4
      vertex 1.5216904260722457 -10.994427190999916 -7.4
      vertex 12.15 -14 -7.4
    endloop
  endfacet
  facet normal 0 0 -1
    outer loop
      vertex 1.5216904260722457 -10.994427190999916 -7.4
      vertex 1.5803013449522205 -10.750295144064369 -7.4
      vertex 12.15 -14 -7.4
    endloop
  endfacet
  facet normal 0 0 -1
    outer loop
      vertex 1.5803013449522205 -10.750295144064369 -7.4
      vertex 1.6 -10.5 -7.4
      vertex 12.15 -14 -7.4
    endloop
  endfacet
  facet normal 0 0 -1
    outer loop
      vertex 1.5803013449522205 -10.249704855935631 -7.4
      vertex 12.15 -14 -7.4
      vertex 1.6 -10.5 -7.4
    endloop
  endfacet
  facet normal 0 0 -1
    outer loop
      vertex 1.5216904260722457 -10.005572809000084 -7.4
      vertex 12.15 -14 -7.4
      vertex 1.5803013449522205 -10.249704855935631 -7.4
    endloop
  endfacet
  facet normal 0 0 -1
    outer loop
      vertex 1.4256104387013888 -9.773615200416724 -7.4
      vertex 12.15 -14 -7.4
      vertex 1.5216904260722457 -10.005572809000084 -7.4
    endloop
  endfacet
  facet normal 0 0 -1
    outer loop
      vertex 1.4256104387013888 -5.226384799583275 -7.4
      vertex 1.5216904260722457 -4.994427190999916 -7.4
      vertex 12.15 -14 -7.4
    endloop
  endfacet
  facet normal 0 0 -1
    outer loop
      vertex 1.5216904260722457 -4.994427190999916 -7.4
      vertex 1.5803013449522205 -4.75029514406437 -7.4
      vertex 12.15 -14 -7.4
    endloop
  endfacet
  facet normal 0 0 -1
    outer loop
      vertex 1.5216904260722457 -4.005572809000084 -7.4
      vertex 0 0 -7.4
      vertex 12.15 -14 -7.4
    endloop
  endfacet
  facet normal 0 0 -1
    outer loop
      vertex 1.5803013449522205 -4.75029514406437 -7.4
      vertex 1.6 -4.5 -7.4
      vertex 12.15 -14 -7.4
    endloop
  endfacet
  facet normal 0 0 -1
    outer loop
      vertex 1.6 -4.5 -7.4
      vertex 1.5803013449522205 -4.24970485593563 -7.4
      vertex 12.15 -14 -7.4
    endloop
  endfacet
  facet normal 0 0 -1
    outer loop
      vertex 1.5216904260722457 -4.005572809000084 -7.4
      vertex 12.15 -14 -7.4
      vertex 1.5803013449522205 -4.24970485593563 -7.4
    endloop
  endfacet
  facet normal 0 0 -1
    outer loop
      vertex 8 0 -7.4
      vertex 12.15 -14 -7.4
      vertex 0 0 -7.4
    endloop
  endfacet
  facet normal 0 0 -1
    outer loop
      vertex 0.940456403667957 -3.205572809000084 -7.4
      vertex -0.15000000000000036 0 -7.4
      vertex 0 0 -7.4
    endloop
  endfacet
  facet normal 0 0 -1
    outer loop
      vertex 0 0 -7.4
      vertex 0 0.5 -7.4
      vertex 8 0.5 -7.4
    endloop
  endfacet
  facet normal 0 0 -1
    outer loop
      vertex 8 0 -7.4
      vertex 0 0 -7.4
      vertex 8 0.5 -7.4
    endloop
  endfacet
  facet normal -1 0 0
    outer loop
      vertex 12.15 0 -10.5
      vertex 12.15 -14 -10.5
      vertex 12.15 0 -7.4
    endloop
  endfacet
  facet normal -1 0 0
    outer loop
      vertex 12.15 -14 -7.4
      vertex 12.15 0 -7.4
      vertex 12.15 -14 -10.5
    endloop
  endfacet
  facet normal 0 0 -1
    outer loop
      vertex 8 0 -7.4
      vertex 12.15 0 -7.4
      vertex 12.15 -14 -7.4
    endloop
  endfacet
endsolid OpenSCAD_Model
